clicked_surface_form,normalized_form,occurrence_count,best_confidence_any_claim,safe_min_confidence,safe_claim_ids,safe_rendering_options,safe_source_names,safe_source_ids,safe_licenses,export_status,notes
א׳,א׳,51,0,60,,,,,,unresolved,No lexical entry yet.
א״א,א״א,42,0,60,,,,,,unresolved,No lexical entry yet.
א״ו,א״ו,2,0,60,,,,,,unresolved,No lexical entry yet.
א״י,א״י,6,0,60,,,,,,unresolved,No lexical entry yet.
א״כ,א״כ,128,99,60,claim-69ddb95dde192fc2,if so | therefore,Project-authored abbreviation table,project-abbreviation:im-ken,project-authored / CC0,safe_claims_min60,
א״ל,א״ל,3,0,60,,,,,,unresolved,No lexical entry yet.
א״נ,א״נ,3,0,60,,,,,,unresolved,No lexical entry yet.
א״ע,א״ע,1,0,60,,,,,,unresolved,No lexical entry yet.
א״פ,א״פ,2,0,60,,,,,,unresolved,No lexical entry yet.
א״צ,א״צ,22,0,60,,,,,,unresolved,No lexical entry yet.
א״ר,א״ר,2,0,60,,,,,,unresolved,No lexical entry yet.
א״ש,א״ש,1,0,60,,,,,,unresolved,No lexical entry yet.
אא״כ,אא״כ,5,0,60,,,,,,unresolved,No lexical entry yet.
אב,אב,1,65,60,,,,,,claims_below_safe_min60,No strict claim >=60%.
אבא,אבא,74,0,60,,,,,,unresolved,No lexical entry yet.
אבאר,אבאר,2,0,60,,,,,,unresolved,No lexical entry yet.
אבד,אבד,8,0,60,,,,,,unresolved,No lexical entry yet.
אבדה,אבדה,24,65,60,,,,,,claims_below_safe_min60,No strict claim >=60%.
אבדו,אבדו,1,0,60,,,,,,unresolved,No lexical entry yet.
אבדות,אבדות,1,0,60,,,,,,unresolved,No lexical entry yet.
אבדתי,אבדתי,1,0,60,,,,,,unresolved,No lexical entry yet.
אבהתא,אבהתא,1,0,60,,,,,,unresolved,No lexical entry yet.
אבוה,אבוה,11,0,60,,,,,,unresolved,No lexical entry yet.
אבוהון,אבוהונ,2,0,60,,,,,,unresolved,No lexical entry yet.
אבוהין,אבוהינ,1,0,60,,,,,,unresolved,No lexical entry yet.
אבותי,אבותי,1,0,60,,,,,,unresolved,No lexical entry yet.
אבותיו,אבותיו,2,95,60,claim-3ca6aa3292ae353f,father | in a literal and immediate | figurative and remote application | chief | (fore-) father(-less) | × patrimony | principal. Compare names in 'Abi-'.,OpenScriptures morphHB,H1,CC BY 4.0,safe_claims_min60,
אבי,אבי,3,0,60,,,,,,unresolved,No lexical entry yet.
אביא,אביא,2,0,60,,,,,,unresolved,No lexical entry yet.
אבידה,אבידה,3,0,60,,,,,,unresolved,No lexical entry yet.
אביה,אביה,1,0,60,,,,,,unresolved,No lexical entry yet.
אביהם,אביהמ,19,0,60,,,,,,unresolved,No lexical entry yet.
אביהן,אביהנ,3,0,60,,,,,,unresolved,No lexical entry yet.
אביו,אביו,21,0,60,,,,,,unresolved,No lexical entry yet.
אביי,אביי,5,0,60,,,,,,unresolved,No lexical entry yet.
אביך,אביכ,13,0,60,,,,,,unresolved,No lexical entry yet.
אבל,אבל,532,65,60,,,,,,claims_below_safe_min60,No strict claim >=60%.
אבן,אבנ,1,65,60,,,,,,claims_below_safe_min60,No strict claim >=60%.
אבניו,אבניו,5,0,60,,,,,,unresolved,No lexical entry yet.
אבנים,אבנימ,1,65,60,,,,,,claims_below_safe_min60,No strict claim >=60%.
אבעיא,אבעיא,2,0,60,,,,,,unresolved,No lexical entry yet.
אבק,אבק,4,0,60,,,,,,unresolved,No lexical entry yet.
אברהם,אברהמ,1,93,60,claim-28aa65d98e7cc783,Avraham | Abraham,Wikidata Lexeme,L74978,CC0,safe_claims_min60,
אברים,אברימ,1,93,60,claim-b1b4f460d891c843,"organ, collection of tissues joined as a structural unit that serves a common function | organ",Wikidata Lexeme,L63650,CC0,safe_claims_min60,
אגבהוה,אגבהוה,6,0,60,,,,,,unresolved,No lexical entry yet.
אגלגולים,אגלגולימ,2,0,60,,,,,,unresolved,No lexical entry yet.
אגר,אגר,3,0,60,,,,,,unresolved,No lexical entry yet.
אגרא,אגרא,1,0,60,,,,,,unresolved,No lexical entry yet.
אדוכתיה,אדוכתיה,1,0,60,,,,,,unresolved,No lexical entry yet.
אדוקים,אדוקימ,4,0,60,,,,,,unresolved,No lexical entry yet.
אדוקין,אדוקינ,6,0,60,,,,,,unresolved,No lexical entry yet.
אדם,אדמ,52,65,60,,,,,,claims_below_safe_min60,No strict claim >=60%.
אדמו״ר,אדמו״ר,7,0,60,,,,,,unresolved,No lexical entry yet.
אדמייתינא,אדמייתינא,1,0,60,,,,,,unresolved,No lexical entry yet.
אדע,אדע,1,65,60,,,,,,claims_below_safe_min60,No strict claim >=60%.
אדעתא,אדעתא,4,0,60,,,,,,unresolved,No lexical entry yet.
אדרבא,אדרבא,2,0,60,,,,,,unresolved,No lexical entry yet.
אה״נ,אה״נ,2,0,60,,,,,,unresolved,No lexical entry yet.
אה״ע,אה״ע,1,0,60,,,,,,unresolved,No lexical entry yet.
אהך,אהכ,1,0,60,,,,,,unresolved,No lexical entry yet.
אהלכתא,אהלכתא,1,0,60,,,,,,unresolved,No lexical entry yet.
אהע״ז,אהע״ז,1,0,60,,,,,,unresolved,No lexical entry yet.
או,או,290,99,60,claim-5b593ec441dbbbb7,or,Project-authored function word table,project-function-word:o-or,project-authored / CC0,safe_claims_min60,
אודי,אודי,1,0,60,,,,,,unresolved,No lexical entry yet.
אוחזין,אוחזינ,56,0,60,,,,,,unresolved,No lexical entry yet.
אוכל,אוכל,5,0,60,,,,,,unresolved,No lexical entry yet.
אולי,אולי,1,0,60,,,,,,unresolved,No lexical entry yet.
אולם,אולמ,2,0,60,,,,,,unresolved,No lexical entry yet.
אולמא,אולמא,1,0,60,,,,,,unresolved,No lexical entry yet.
אומדנא,אומדנא,5,0,60,,,,,,unresolved,No lexical entry yet.
אומן,אומנ,25,63,60,,,,,,claims_below_safe_min60,No strict claim >=60%.
אומנות,אומנות,14,0,60,,,,,,unresolved,No lexical entry yet.
אומר,אומר,90,65,60,,,,,,claims_below_safe_min60,No strict claim >=60%.
אומרים,אומרימ,55,93,60,claim-b466e54df6a2e08f,to communicate something by speech; to say,Wikidata Lexeme,L205030,CC0,safe_claims_min60,
אומרין,אומרינ,1,0,60,,,,,,unresolved,No lexical entry yet.
אומרת,אומרת,2,93,60,claim-b466e54df6a2e08f,to communicate something by speech; to say,Wikidata Lexeme,L205030,CC0,safe_claims_min60,
אונאה,אונאה,5,0,60,,,,,,unresolved,No lexical entry yet.
אונס,אונס,10,0,60,,,,,,unresolved,No lexical entry yet.
אונסו,אונסו,1,0,60,,,,,,unresolved,No lexical entry yet.
אונסין,אונסינ,5,0,60,,,,,,unresolved,No lexical entry yet.
אוסרו,אוסרו,1,0,60,,,,,,unresolved,No lexical entry yet.
אופן,אופנ,14,93,60,claim-29e2fcfb64f78b5d,round frame used in transportation; wheel,Wikidata Lexeme,L63792,CC0,safe_claims_min60,
אופני,אופני,1,0,60,,,,,,unresolved,No lexical entry yet.
אופנים,אופנימ,2,0,60,,,,,,unresolved,No lexical entry yet.
אוקי,אוקי,1,0,60,,,,,,unresolved,No lexical entry yet.
אוקימתי,אוקימתי,1,0,60,,,,,,unresolved,No lexical entry yet.
אוקמינא,אוקמינא,1,0,60,,,,,,unresolved,No lexical entry yet.
אורח,אורח,1,93,60,claim-e4913294e9dcac47,"guest, someone who is offered hospitability | guest",Wikidata Lexeme,L63819,CC0,safe_claims_min60,
אושעיא,אושעיא,2,0,60,,,,,,unresolved,No lexical entry yet.
אות,אות,1,93,60,claim-b141c1fb201d794e,"letter, grapheme in an alphabetic system of writing | letter",Wikidata Lexeme,L63830,CC0,safe_claims_min60,
אותה,אותה,30,93,60,claim-56ef2fb2d93b84f0,(indicates a semantically definite direct object),Wikidata Lexeme,L1555922,CC0,safe_claims_min60,
אותו,אותו,106,93,60,claim-56ef2fb2d93b84f0,(indicates a semantically definite direct object),Wikidata Lexeme,L1555922,CC0,safe_claims_min60,
אותי,אותי,2,0,60,,,,,,unresolved,No lexical entry yet.
אותך,אותכ,1,0,60,,,,,,unresolved,No lexical entry yet.
אותם,אותמ,13,93,60,claim-56ef2fb2d93b84f0,(indicates a semantically definite direct object),Wikidata Lexeme,L1555922,CC0,safe_claims_min60,
אותן,אותנ,9,93,60,claim-56ef2fb2d93b84f0,(indicates a semantically definite direct object),Wikidata Lexeme,L1555922,CC0,safe_claims_min60,
אז,אז,25,95,60,claim-3a7cfa21ffd7ed55,at that time | place | also as a conjunction | therefore | beginning | for | from | hitherto,OpenScriptures HebrewLexicon,H227,CC BY 4.0,safe_claims_min60,
אזיל,אזיל,1,0,60,,,,,,unresolved,No lexical entry yet.
אזל,אזל,1,0,60,,,,,,unresolved,No lexical entry yet.
אזלא,אזלא,1,0,60,,,,,,unresolved,No lexical entry yet.
אח,אח,2,65,60,,,,,,claims_below_safe_min60,No strict claim >=60%.
אח״כ,אח״כ,31,99,60,claim-77811186ebaad6ad,afterward | after that,Project-authored abbreviation table,project-abbreviation:achar-kach,project-authored / CC0,safe_claims_min60,
אחבריה,אחבריה,1,0,60,,,,,,unresolved,No lexical entry yet.
אחד,אחד,137,65,60,,,,,,claims_below_safe_min60,No strict claim >=60%.
אחוי,אחוי,8,0,60,,,,,,unresolved,No lexical entry yet.
אחותו,אחותו,1,0,60,,,,,,unresolved,No lexical entry yet.
אחזוקי,אחזוקי,1,0,60,,,,,,unresolved,No lexical entry yet.
אחי,אחי,4,0,60,,,,,,unresolved,No lexical entry yet.
אחיך,אחיכ,3,65,60,,,,,,claims_below_safe_min60,No strict claim >=60%.
אחר,אחר,81,65,60,,,,,,claims_below_safe_min60,No strict claim >=60%.
אחרות,אחרות,5,65,60,,,,,,claims_below_safe_min60,No strict claim >=60%.
אחרי,אחרי,4,65,60,,,,,,claims_below_safe_min60,No strict claim >=60%.
אחריו,אחריו,1,93,60,claim-24dc8a442fe052eb,after,Wikidata Lexeme,L491805,CC0,safe_claims_min60,
אחריות,אחריות,6,63,60,,,,,,claims_below_safe_min60,No strict claim >=60%.
אחריכם,אחריכמ,1,0,60,,,,,,unresolved,No lexical entry yet.
אחרים,אחרימ,12,65,60,,,,,,claims_below_safe_min60,No strict claim >=60%.
אחרינא,אחרינא,1,0,60,,,,,,unresolved,No lexical entry yet.
אחריני,אחריני,2,0,60,,,,,,unresolved,No lexical entry yet.
אחריתא,אחריתא,2,0,60,,,,,,unresolved,No lexical entry yet.
אחרת,אחרת,12,0,60,,,,,,unresolved,No lexical entry yet.
אחת,אחת,18,93,60,claim-1a906f4f928dd931,the number 1 | 1,Wikidata Lexeme,L491804,CC0,safe_claims_min60,
אטו,אטו,2,0,60,,,,,,unresolved,No lexical entry yet.
אי,אי,50,65,60,,,,,,claims_below_safe_min60,No strict claim >=60%.
איבעי,איבעי,2,0,60,,,,,,unresolved,No lexical entry yet.
איברא,איברא,20,0,60,,,,,,unresolved,No lexical entry yet.
איגזריה,איגזריה,2,0,60,,,,,,unresolved,No lexical entry yet.
איגרי,איגרי,1,0,60,,,,,,unresolved,No lexical entry yet.
אידך,אידכ,2,0,60,,,,,,unresolved,No lexical entry yet.
איהו,איהו,12,0,60,,,,,,unresolved,No lexical entry yet.
איזה,איזה,12,0,60,,,,,,unresolved,No lexical entry yet.
איזהו,איזהו,2,0,60,,,,,,unresolved,No lexical entry yet.
איזו,איזו,1,0,60,,,,,,unresolved,No lexical entry yet.
איזל,איזל,5,0,60,,,,,,unresolved,No lexical entry yet.
איירי,איירי,3,0,60,,,,,,unresolved,No lexical entry yet.
איך,איכ,19,95,60,claim-29b4cbf4ecdf4a64,how? | how! | also where | how | what.,OpenScriptures HebrewLexicon,H349,CC BY 4.0,safe_claims_min60,
איכא,איכא,28,0,60,,,,,,unresolved,No lexical entry yet.
איכפת,איכפת,10,0,60,,,,,,unresolved,No lexical entry yet.
אילן,אילנ,1,65,60,,,,,,claims_below_safe_min60,No strict claim >=60%.
אימא,אימא,4,0,60,,,,,,unresolved,No lexical entry yet.
אימיה,אימיה,2,0,60,,,,,,unresolved,No lexical entry yet.
אימר,אימר,1,0,60,,,,,,unresolved,No lexical entry yet.
אין,אינ,442,99,60,claim-353f3d2a4515cd6e,there is not | is not | without,Project-authored function word table,project-function-word:ein,project-authored / CC0,safe_claims_min60,
אינה,אינה,44,0,60,,,,,,unresolved,No lexical entry yet.
אינו,אינו,443,0,60,,,,,,unresolved,No lexical entry yet.
אינון,אינונ,1,0,60,,,,,,unresolved,No lexical entry yet.
איני,איני,77,0,60,,,,,,unresolved,No lexical entry yet.
אינם,אינמ,18,65,60,,,,,,claims_below_safe_min60,No strict claim >=60%.
אינן,איננ,5,65,60,,,,,,claims_below_safe_min60,No strict claim >=60%.
איננו,איננו,1,65,60,,,,,,claims_below_safe_min60,No strict claim >=60%.
אינש,אינש,9,0,60,,,,,,unresolved,No lexical entry yet.
אינשי,אינשי,13,0,60,,,,,,unresolved,No lexical entry yet.
איסורא,איסורא,2,0,60,,,,,,unresolved,No lexical entry yet.
איפכא,איפכא,2,0,60,,,,,,unresolved,No lexical entry yet.
איפשטא,איפשטא,1,0,60,,,,,,unresolved,No lexical entry yet.
איצטריך,איצטריכ,3,0,60,,,,,,unresolved,No lexical entry yet.
איריא,איריא,1,0,60,,,,,,unresolved,No lexical entry yet.
איש,איש,13,65,60,,,,,,claims_below_safe_min60,No strict claim >=60%.
אישות,אישות,3,0,60,,,,,,unresolved,No lexical entry yet.
אישתבע,אישתבע,14,0,60,,,,,,unresolved,No lexical entry yet.
אישתמוטי,אישתמוטי,2,0,60,,,,,,unresolved,No lexical entry yet.
אית,אית,23,0,60,,,,,,unresolved,No lexical entry yet.
איתא,איתא,9,0,60,,,,,,unresolved,No lexical entry yet.
איתורא,איתורא,1,0,60,,,,,,unresolved,No lexical entry yet.
איתותב,איתותב,1,0,60,,,,,,unresolved,No lexical entry yet.
איתכחיש,איתכחיש,2,0,60,,,,,,unresolved,No lexical entry yet.
איתקש,איתקש,1,0,60,,,,,,unresolved,No lexical entry yet.
איתרע,איתרע,1,0,60,,,,,,unresolved,No lexical entry yet.
אך,אכ,34,65,60,,,,,,claims_below_safe_min60,No strict claim >=60%.
אכילת,אכילת,1,0,60,,,,,,unresolved,No lexical entry yet.
אכילתו,אכילתו,2,0,60,,,,,,unresolved,No lexical entry yet.
אכילתן,אכילתנ,1,0,60,,,,,,unresolved,No lexical entry yet.
אכל,אכל,2,0,60,,,,,,unresolved,No lexical entry yet.
אכלה,אכלה,9,0,60,,,,,,unresolved,No lexical entry yet.
אכלתי,אכלתי,1,0,60,,,,,,unresolved,No lexical entry yet.
אכן,אכנ,75,65,60,,,,,,claims_below_safe_min60,No strict claim >=60%.
אכתי,אכתי,8,0,60,,,,,,unresolved,No lexical entry yet.
אל,אל,1,99,60,claim-691ab973c96a9d26,"to | toward | do not / not, when vocalization or context supports אַל",Project-authored function word table,project-function-word:el,project-authored / CC0,safe_claims_min60,
אלא,אלא,483,65,60,,,,,,claims_below_safe_min60,No strict claim >=60%.
אלה,אלה,3,65,60,,,,,,claims_below_safe_min60,No strict claim >=60%.
אלו,אלו,22,93,60,claim-9f62584c83e09ff3,this/that | demonstrative pronoun,Wikidata Lexeme,L492094,CC0,safe_claims_min60,
אלי,אלי,2,93,60,claim-ff8dea95235c2afd,"deity, natural or supernatural god or goddess, divine being | deity",Wikidata Lexeme,L63934,CC0,safe_claims_min60,
אליבא,אליבא,5,0,60,,,,,,unresolved,No lexical entry yet.
אליהו,אליהו,4,65,60,,,,,,claims_below_safe_min60,No strict claim >=60%.
אלים,אלימ,13,0,60,,,,,,unresolved,No lexical entry yet.
אלימא,אלימא,3,0,60,,,,,,unresolved,No lexical entry yet.
אליעזר,אליעזר,2,0,60,,,,,,unresolved,No lexical entry yet.
אלך,אלכ,4,65,60,,,,,,claims_below_safe_min60,No strict claim >=60%.
אלמא,אלמא,7,0,60,,,,,,unresolved,No lexical entry yet.
אלמות,אלמות,1,95,60,claim-afad40b620ac8747,a pillar-space ( | colonnade) | i.e. a pale ( | portico) | arch.,OpenScriptures morphHB,H361,CC BY 4.0,safe_claims_min60,
אלמנה,אלמנה,1,93,60,claim-1941b41402b81ac3,"widow, woman whose spouse has died | widow",Wikidata Lexeme,L63963,CC0,safe_claims_min60,
אלעיל,אלעיל,1,0,60,,,,,,unresolved,No lexical entry yet.
אלפס,אלפס,5,0,60,,,,,,unresolved,No lexical entry yet.
אלפסי,אלפסי,4,0,60,,,,,,unresolved,No lexical entry yet.
אם,אמ,502,99,60,claim-1bc657aa7254fe12,if | whether,Project-authored function word table,project-function-word:im,project-authored / CC0,safe_claims_min60,
אמ״ג,אמ״ג,1,0,60,,,,,,unresolved,No lexical entry yet.
אמאי,אמאי,10,0,60,,,,,,unresolved,No lexical entry yet.
אמה,אמה,6,93,60,claim-ad449a993b3efb58,"middle finger, finger | middle finger | forearm",Wikidata Lexeme,L63984,CC0,safe_claims_min60,
אמור,אמור,1,65,60,,,,,,claims_below_safe_min60,No strict claim >=60%.
אמות,אמות,3,0,60,,,,,,unresolved,No lexical entry yet.
אמטלטלין,אמטלטלינ,2,0,60,,,,,,unresolved,No lexical entry yet.
אמי,אמי,9,0,60,,,,,,unresolved,No lexical entry yet.
אמינא,אמינא,1,0,60,,,,,,unresolved,No lexical entry yet.
אמירת,אמירת,1,0,60,,,,,,unresolved,No lexical entry yet.
אמירתו,אמירתו,1,0,60,,,,,,unresolved,No lexical entry yet.
אממונא,אממונא,1,0,60,,,,,,unresolved,No lexical entry yet.
אמן,אמנ,7,65,60,,,,,,claims_below_safe_min60,No strict claim >=60%.
אמנה,אמנה,4,65,60,,,,,,claims_below_safe_min60,No strict claim >=60%.
אמנם,אמנמ,4,99,60,claim-3d0f783058946dd2,indeed | however | nevertheless,Project-authored function word table,project-function-word:omnam,project-authored / CC0,safe_claims_min60,
אמר,אמר,185,65,60,,,,,,claims_below_safe_min60,No strict claim >=60%.
אמרה,אמרה,6,65,60,,,,,,claims_below_safe_min60,No strict claim >=60%.
אמרו,אמרו,15,93,60,claim-b466e54df6a2e08f,to communicate something by speech; to say,Wikidata Lexeme,L205030,CC0,safe_claims_min60,
אמרי,אמרי,7,0,60,,,,,,unresolved,No lexical entry yet.
אמרי׳,אמרי׳,1,0,60,,,,,,unresolved,No lexical entry yet.
אמרינן,אמריננ,121,0,60,,,,,,unresolved,No lexical entry yet.
אמרת,אמרת,5,65,60,,,,,,claims_below_safe_min60,No strict claim >=60%.
אמת,אמת,59,65,60,,,,,,claims_below_safe_min60,No strict claim >=60%.
אמתא,אמתא,1,0,60,,,,,,unresolved,No lexical entry yet.
אמתית,אמתית,1,0,60,,,,,,unresolved,No lexical entry yet.
אמתני׳,אמתני׳,3,0,60,,,,,,unresolved,No lexical entry yet.
אנא,אנא,3,0,60,,,,,,unresolved,No lexical entry yet.
אנו,אנו,89,99,60,claim-fdddf34e5f702bb2,we,Project-authored function word table,project-function-word:anu,project-authored / CC0,safe_claims_min60,
אנחנו,אנחנו,1,95,60,claim-9c353f8b689656f7,we | ourselves | us | we.,OpenScriptures HebrewLexicon,H587,CC BY 4.0,safe_claims_min60,
אני,אני,33,65,60,,,,,,claims_below_safe_min60,No strict claim >=60%.
אנן,אננ,2,0,60,,,,,,unresolved,No lexical entry yet.
אנסת,אנסת,2,0,60,,,,,,unresolved,No lexical entry yet.
אנפשיה,אנפשיה,3,0,60,,,,,,unresolved,No lexical entry yet.
אנפשייהו,אנפשייהו,2,0,60,,,,,,unresolved,No lexical entry yet.
אנשים,אנשימ,1,65,60,,,,,,claims_below_safe_min60,No strict claim >=60%.
אנת,אנת,1,0,60,,,,,,unresolved,No lexical entry yet.
אנתתי,אנתתי,1,0,60,,,,,,unresolved,No lexical entry yet.
אסור,אסור,4,0,60,,,,,,unresolved,No lexical entry yet.
אסורה,אסורה,3,0,60,,,,,,unresolved,No lexical entry yet.
אסי,אסי,2,0,60,,,,,,unresolved,No lexical entry yet.
אסר,אסר,1,0,60,,,,,,unresolved,No lexical entry yet.
אסרה,אסרה,2,0,60,,,,,,unresolved,No lexical entry yet.
אע״ג,אע״ג,1,99,60,claim-2d96078a0c29c717,even though | although,Project-authored abbreviation table,project-abbreviation:af-al-gav,project-authored / CC0,safe_claims_min60,
אע״פ,אע״פ,17,99,60,claim-79b8072eaa3d849c,although | even though,Project-authored abbreviation table,project-abbreviation:af-al-pi,project-authored / CC0,safe_claims_min60,
אף,אפ,146,65,60,,,,,,claims_below_safe_min60,No strict claim >=60%.
אפ״ה,אפ״ה,1,0,60,,,,,,unresolved,No lexical entry yet.
אפוטרופוס,אפוטרופוס,2,0,60,,,,,,unresolved,No lexical entry yet.
אפוטרפוס,אפוטרפוס,1,0,60,,,,,,unresolved,No lexical entry yet.
אפוקי,אפוקי,3,0,60,,,,,,unresolved,No lexical entry yet.
אפי׳,אפי׳,112,99,60,claim-8ed0c056c8bf236e,even | even if,Project-authored abbreviation table,project-abbreviation:afilu,project-authored / CC0,safe_claims_min60,
אפילו,אפילו,3,0,60,,,,,,unresolved,No lexical entry yet.
אפיקנא,אפיקנא,1,0,60,,,,,,unresolved,No lexical entry yet.
אפקדון,אפקדונ,1,0,60,,,,,,unresolved,No lexical entry yet.
אפקדונא,אפקדונא,1,0,60,,,,,,unresolved,No lexical entry yet.
אפקוה,אפקוה,1,0,60,,,,,,unresolved,No lexical entry yet.
אפקינהו,אפקינהו,3,0,60,,,,,,unresolved,No lexical entry yet.
אפרועי,אפרועי,3,0,60,,,,,,unresolved,No lexical entry yet.
אפרים,אפרימ,9,93,60,claim-30935aa381582554,Ephraim,Wikidata Lexeme,L489870,CC0,safe_claims_min60,
אפשר,אפשר,74,0,60,,,,,,unresolved,No lexical entry yet.
אפשרות,אפשרות,4,0,60,,,,,,unresolved,No lexical entry yet.
אצל,אצל,23,93,60,claim-2c112c209b75d5c2,at/near (e.g. in someone's home/office),Wikidata Lexeme,L491836,CC0,safe_claims_min60,
אצלה,אצלה,1,0,60,,,,,,unresolved,No lexical entry yet.
אצלו,אצלו,16,93,60,claim-2c112c209b75d5c2,at/near (e.g. in someone's home/office),Wikidata Lexeme,L491836,CC0,safe_claims_min60,
אצלי,אצלי,6,0,60,,,,,,unresolved,No lexical entry yet.
אצלך,אצלכ,10,0,60,,,,,,unresolved,No lexical entry yet.
אצלנו,אצלנו,1,52,60,,,,,,claims_below_safe_min60,No strict claim >=60%.
אצריך,אצריכ,2,0,60,,,,,,unresolved,No lexical entry yet.
אצרכו,אצרכו,4,0,60,,,,,,unresolved,No lexical entry yet.
אצרכיה,אצרכיה,1,0,60,,,,,,unresolved,No lexical entry yet.
אקנייתא,אקנייתא,3,0,60,,,,,,unresolved,No lexical entry yet.
ארבא,ארבא,7,0,60,,,,,,unresolved,No lexical entry yet.
ארבעה,ארבעה,1,0,60,,,,,,unresolved,No lexical entry yet.
ארוסה,ארוסה,6,0,60,,,,,,unresolved,No lexical entry yet.
ארוסתי,ארוסתי,1,0,60,,,,,,unresolved,No lexical entry yet.
אריכות,אריכות,3,0,60,,,,,,unresolved,No lexical entry yet.
ארישא,ארישא,1,0,60,,,,,,unresolved,No lexical entry yet.
ארעא,ארעא,15,0,60,,,,,,unresolved,No lexical entry yet.
אשאיל,אשאיל,1,0,60,,,,,,unresolved,No lexical entry yet.
אשבועתא,אשבועתא,1,0,60,,,,,,unresolved,No lexical entry yet.
אשבע,אשבע,5,0,60,,,,,,unresolved,No lexical entry yet.
אשה,אשה,1,65,60,,,,,,claims_below_safe_min60,No strict claim >=60%.
אשי,אשי,8,0,60,,,,,,unresolved,No lexical entry yet.
אשכחן,אשכחנ,7,0,60,,,,,,unresolved,No lexical entry yet.
אשלם,אשלמ,1,0,60,,,,,,unresolved,No lexical entry yet.
אשם,אשמ,1,0,60,,,,,,unresolved,No lexical entry yet.
אשמעינן,אשמעיננ,5,0,60,,,,,,unresolved,No lexical entry yet.
אשר,אשר,4,99,60,claim-417c393ef81474d8,that | which | who,Project-authored function word table,project-function-word:asher,project-authored / CC0,safe_claims_min60,
אשריתי׳,אשריתי׳,1,0,60,,,,,,unresolved,No lexical entry yet.
אשתו,אשתו,2,0,60,,,,,,unresolved,No lexical entry yet.
את,את,107,99,60,claim-2993a3e12ef702c9,direct-object marker | with,Project-authored function word table,project-function-word:et,project-authored / CC0,safe_claims_min60,
את״ל,את״ל,1,0,60,,,,,,unresolved,No lexical entry yet.
אתא,אתא,3,0,60,,,,,,unresolved,No lexical entry yet.
אתה,אתה,86,65,60,,,,,,claims_below_safe_min60,No strict claim >=60%.
אתי,אתי,6,0,60,,,,,,unresolved,No lexical entry yet.
אתיא,אתיא,3,0,60,,,,,,unresolved,No lexical entry yet.
אתירוצא,אתירוצא,1,0,60,,,,,,unresolved,No lexical entry yet.
אתם,אתמ,3,65,60,,,,,,claims_below_safe_min60,No strict claim >=60%.
אתפלא,אתפלא,1,0,60,,,,,,unresolved,No lexical entry yet.
אתקפתא,אתקפתא,1,0,60,,,,,,unresolved,No lexical entry yet.
אתרבאי,אתרבאי,1,0,60,,,,,,unresolved,No lexical entry yet.
אתתא,אתתא,1,0,60,,,,,,unresolved,No lexical entry yet.
ב,ב,4,52,60,,,,,,claims_below_safe_min60,No strict claim >=60%.
ב׳,ב׳,30,0,60,,,,,,unresolved,No lexical entry yet.
ב״א,ב״א,2,0,60,,,,,,unresolved,No lexical entry yet.
ב״ב,ב״ב,1,0,60,,,,,,unresolved,No lexical entry yet.
ב״ד,ב״ד,73,0,60,,,,,,unresolved,No lexical entry yet.
ב״ה,ב״ה,1,0,60,,,,,,unresolved,No lexical entry yet.
ב״י,ב״י,1,0,60,,,,,,unresolved,No lexical entry yet.
ב״מ,ב״מ,11,0,60,,,,,,unresolved,No lexical entry yet.
ב״ק,ב״ק,2,0,60,,,,,,unresolved,No lexical entry yet.
בא,בא,43,95,60,claim-1f60409dec56770f,to go | come (in a wide variety of applications) | abide | apply | attain | × be | befall | besiege,OpenScriptures morphHB,H935,CC BY 4.0,safe_claims_min60,
בא״י,בא״י,1,0,60,,,,,,unresolved,No lexical entry yet.
באבדה,באבדה,2,0,60,,,,,,unresolved,No lexical entry yet.
באבדת,באבדת,1,0,60,,,,,,unresolved,No lexical entry yet.
באבהתא,באבהתא,1,0,60,,,,,,unresolved,No lexical entry yet.
באגם,באגמ,3,0,60,,,,,,unresolved,No lexical entry yet.
באדם,באדמ,6,65,60,,,,,,claims_below_safe_min60,No strict claim >=60%.
באה,באה,4,65,60,,,,,,claims_below_safe_min60,No strict claim >=60%.
באה״ע,באה״ע,1,0,60,,,,,,unresolved,No lexical entry yet.
באו,באו,16,65,60,,,,,,claims_below_safe_min60,No strict claim >=60%.
באוחזין,באוחזינ,2,0,60,,,,,,unresolved,No lexical entry yet.
באוכל,באוכל,1,0,60,,,,,,unresolved,No lexical entry yet.
באומדן,באומדנ,1,0,60,,,,,,unresolved,No lexical entry yet.
באומן,באומנ,5,0,60,,,,,,unresolved,No lexical entry yet.
באומר,באומר,21,0,60,,,,,,unresolved,No lexical entry yet.
באומרים,באומרימ,3,0,60,,,,,,unresolved,No lexical entry yet.
באונס,באונס,3,0,60,,,,,,unresolved,No lexical entry yet.
באופן,באופנ,40,65,60,,,,,,claims_below_safe_min60,No strict claim >=60%.
באור,באור,14,65,60,,,,,,claims_below_safe_min60,No strict claim >=60%.
באות,באות,1,65,60,,,,,,claims_below_safe_min60,No strict claim >=60%.
באותה,באותה,1,65,60,,,,,,claims_below_safe_min60,No strict claim >=60%.
באותו,באותו,3,65,60,,,,,,claims_below_safe_min60,No strict claim >=60%.
באותם,באותמ,1,65,60,,,,,,claims_below_safe_min60,No strict claim >=60%.
באחד,באחד,10,95,60,claim-ad20f0370b460ed0,properly | united | i.e. one | (as an ordinal) first | alike | alone | altogether | and,OpenScriptures morphHB,H259,CC BY 4.0,safe_claims_min60,
באחר,באחר,1,65,60,,,,,,claims_below_safe_min60,No strict claim >=60%.
באחת,באחת,1,0,60,,,,,,unresolved,No lexical entry yet.
באידך,באידכ,1,0,60,,,,,,unresolved,No lexical entry yet.
באיזה,באיזה,9,0,60,,,,,,unresolved,No lexical entry yet.
באיכא,באיכא,2,0,60,,,,,,unresolved,No lexical entry yet.
באין,באינ,6,95,60,claim-a5079f0b7fb0673a,a nonentity | generally used as a negative particle | else | except | fail | (father-) less | be gone | in(-curable),OpenScriptures morphHB,H369,CC BY 4.0,safe_claims_min60,
באינו,באינו,5,0,60,,,,,,unresolved,No lexical entry yet.
באיש,באיש,6,95,60,claim-6be719346e17a8c8,a man as an individual | a male person | often used as an adjunct to a more definite term (and in such cases frequently not expressed in translation) | also | another | any (man) | a certain | champion,OpenScriptures HebrewLexicon,H376,CC BY 4.0,safe_claims_min60,
באית,באית,1,0,60,,,,,,unresolved,No lexical entry yet.
באכילה,באכילה,4,0,60,,,,,,unresolved,No lexical entry yet.
באמה,באמה,1,90,60,claim-7b199c58ba1862ea | claim-20f163a39188ed3c | claim-b10be25c1901e612 | claim-e29b27eaeea4d76a | claim-537591687940bc5d | claim-341e64ee9fbad2f9 | claim-31167221c3cf8593 | claim-ad449a993b3efb58,"in middle finger, finger | with middle finger, finger | by middle finger, finger | in middle finger | with middle finger | by middle finger | in forearm | with forearm | middle finger, finger | middle finger | forearm",Wikidata Lexeme | OpenScriptures morphHB | OpenScriptures HebrewLexicon,L63984 | H517 | H519 | H520 | H521 | H523 | H524,CC0 | CC BY 4.0,safe_claims_min60,
באמר,באמר,11,0,60,,,,,,unresolved,No lexical entry yet.
באמרו,באמרו,1,0,60,,,,,,unresolved,No lexical entry yet.
באמת,באמת,46,65,60,,,,,,claims_below_safe_min60,No strict claim >=60%.
באנו,באנו,1,0,60,,,,,,unresolved,No lexical entry yet.
באר,באר,1,65,60,,,,,,claims_below_safe_min60,No strict claim >=60%.
באריכות,באריכות,3,0,60,,,,,,unresolved,No lexical entry yet.
בארנו,בארנו,3,0,60,,,,,,unresolved,No lexical entry yet.
בארתי,בארתי,9,0,60,,,,,,unresolved,No lexical entry yet.
בב״ב,בב״ב,19,0,60,,,,,,unresolved,No lexical entry yet.
בב״ד,בב״ד,30,0,60,,,,,,unresolved,No lexical entry yet.
בב״י,בב״י,5,0,60,,,,,,unresolved,No lexical entry yet.
בב״מ,בב״מ,21,0,60,,,,,,unresolved,No lexical entry yet.
בב״ק,בב״ק,8,0,60,,,,,,unresolved,No lexical entry yet.
בבא,בבא,2,95,60,claim-1f60409dec56770f,to go | come (in a wide variety of applications) | abide | apply | attain | × be | befall | besiege,OpenScriptures morphHB,H935,CC BY 4.0,safe_claims_min60,
בבאור,בבאור,4,0,60,,,,,,unresolved,No lexical entry yet.
בבבל,בבבל,2,0,60,,,,,,unresolved,No lexical entry yet.
בבדיקות,בבדיקות,1,0,60,,,,,,unresolved,No lexical entry yet.
בבי,בבי,1,0,60,,,,,,unresolved,No lexical entry yet.
בביאור,בביאור,1,0,60,,,,,,unresolved,No lexical entry yet.
בביאורו,בביאורו,1,0,60,,,,,,unresolved,No lexical entry yet.
בביצים,בביצימ,1,91,60,claim-86ee1f157d0d2626 | claim-06614581d59e7755,in egg | with egg | by egg | an egg (from its whiteness) | egg.,OpenScriptures morphHB,H1000,CC BY 4.0,safe_claims_min60,
בבית,בבית,7,65,60,,,,,,claims_below_safe_min60,No strict claim >=60%.
בביתו,בביתו,4,0,60,,,,,,unresolved,No lexical entry yet.
בביתי,בביתי,2,0,60,,,,,,unresolved,No lexical entry yet.
בביתם,בביתמ,1,0,60,,,,,,unresolved,No lexical entry yet.
בבנו,בבנו,6,0,60,,,,,,unresolved,No lexical entry yet.
בבע״ד,בבע״ד,2,0,60,,,,,,unresolved,No lexical entry yet.
בבעל,בבעל,1,0,60,,,,,,unresolved,No lexical entry yet.
בבעלי,בבעלי,2,65,60,,,,,,claims_below_safe_min60,No strict claim >=60%.
בבעלים,בבעלימ,1,0,60,,,,,,unresolved,No lexical entry yet.
בבצים,בבצימ,1,0,60,,,,,,unresolved,No lexical entry yet.
בברי,בברי,4,0,60,,,,,,unresolved,No lexical entry yet.
בבריא,בבריא,1,0,60,,,,,,unresolved,No lexical entry yet.
בברייתא,בברייתא,6,0,60,,,,,,unresolved,No lexical entry yet.
בבת,בבת,2,65,60,,,,,,claims_below_safe_min60,No strict claim >=60%.
בגדו,בגדו,1,65,60,,,,,,claims_below_safe_min60,No strict claim >=60%.
בגדול,בגדול,1,95,60,claim-16597edd0137dd62,great (in any sense) | hence | older | also insolent | aloud | elder(-est) | exceeding(-ly) | far,OpenScriptures morphHB,H1419,CC BY 4.0,safe_claims_min60,
בגדלו,בגדלו,1,0,60,,,,,,unresolved,No lexical entry yet.
בגדר,בגדר,13,65,60,,,,,,claims_below_safe_min60,No strict claim >=60%.
בגדרי,בגדרי,1,0,60,,,,,,unresolved,No lexical entry yet.
בגו,בגו,3,0,60,,,,,,unresolved,No lexical entry yet.
בגוונא,בגוונא,2,0,60,,,,,,unresolved,No lexical entry yet.
בגוף,בגופ,3,65,60,,,,,,claims_below_safe_min60,No strict claim >=60%.
בגזל,בגזל,2,0,60,,,,,,unresolved,No lexical entry yet.
בגט,בגט,1,0,60,,,,,,unresolved,No lexical entry yet.
בגיטין,בגיטינ,5,0,60,,,,,,unresolved,No lexical entry yet.
בגילויא,בגילויא,1,0,60,,,,,,unresolved,No lexical entry yet.
בגירסת,בגירסת,1,0,60,,,,,,unresolved,No lexical entry yet.
בגלגול,בגלגול,8,0,60,,,,,,unresolved,No lexical entry yet.
בגמ׳,בגמ׳,29,99,60,claim-0d1ffb72a10a664e,in the Gemara,Project-authored abbreviation table,project-abbreviation:be-gemara,project-authored / CC0,safe_claims_min60,
בגנבה,בגנבה,1,65,60,,,,,,claims_below_safe_min60,No strict claim >=60%.
בגנבי,בגנבי,7,0,60,,,,,,unresolved,No lexical entry yet.
בד׳,בד׳,20,88,60,claim-0d5159aff729ebc4 | claim-6a429f3792581302,in the Name | with the Name | by the Name | in God | with God | by God | the Name | YHWH | God,Curated lexical entry,lex-yhwh-h3068,source metadata incomplete,safe_claims_min60,
בד״א,בד״א,2,0,60,,,,,,unresolved,No lexical entry yet.
בד״ה,בד״ה,11,95,60,claim-03c37d3cfb90e6ee | claim-e0bde483f2af82c0,in opening words | with opening words | by opening words | in comment beginning | with comment beginning | by comment beginning | opening words | comment beginning,Project-authored abbreviation table,project-abbreviation:dibbur-hamatchil,project-authored / CC0,safe_claims_min60,
בד״מ,בד״מ,1,0,60,,,,,,unresolved,No lexical entry yet.
בדאורייתא,בדאורייתא,1,0,60,,,,,,unresolved,No lexical entry yet.
בדאזמני׳,בדאזמני׳,2,0,60,,,,,,unresolved,No lexical entry yet.
בדאיכא,בדאיכא,1,0,60,,,,,,unresolved,No lexical entry yet.
בדבר,בדבר,14,65,60,,,,,,claims_below_safe_min60,No strict claim >=60%.
בדברי,בדברי,32,65,60,,,,,,claims_below_safe_min60,No strict claim >=60%.
בדבריהם,בדבריהמ,1,0,60,,,,,,unresolved,No lexical entry yet.
בדבריו,בדבריו,13,91,60,claim-92fae975abb5d8c9 | claim-3fa46add6f3b0eef,in a word | with a word | by a word | in thing | with thing | by thing | in adverbially | with adverbially | a word | by implication | a matter (as spoken of) | thing | adverbially | a cause | act | advice,OpenScriptures morphHB,H1697,CC BY 4.0,safe_claims_min60,
בדברים,בדברימ,8,95,60,claim-3fa46add6f3b0eef,a word | by implication | a matter (as spoken of) | thing | adverbially | a cause | act | advice,OpenScriptures morphHB,H1697,CC BY 4.0,safe_claims_min60,
בדיוק,בדיוק,1,0,60,,,,,,unresolved,No lexical entry yet.
בדיינים,בדיינימ,1,0,60,,,,,,unresolved,No lexical entry yet.
בדין,בדינ,55,0,60,,,,,,unresolved,No lexical entry yet.
בדיני,בדיני,5,65,60,,,,,,claims_below_safe_min60,No strict claim >=60%.
בדיעבד,בדיעבד,1,0,60,,,,,,unresolved,No lexical entry yet.
בדיקות,בדיקות,7,0,60,,,,,,unresolved,No lexical entry yet.
בדיקת,בדיקת,2,93,60,claim-eca787b2c85a6452,"inspection, organized examination or formal evaluation exercise | inspection",Wikidata Lexeme,L64173,CC0,safe_claims_min60,
בדלא,בדלא,1,95,60,claim-132b726d18a3c5ed | claim-5dfae68433b864c9,in that not | with that not | by that not | in which does not | with which does not | by which does not | in without | with without | that not | which does not | without,Project-authored Aramaic grammar table,project-aramaic:dela,project-authored / CC0,safe_claims_min60,
בדליכא,בדליכא,2,0,60,,,,,,unresolved,No lexical entry yet.
בדמי,בדמי,4,0,60,,,,,,unresolved,No lexical entry yet.
בדמיה,בדמיה,1,91,60,claim-6192e1fb406b815c | claim-d0fe3ed857fd502b,her an animal | its an animal | her by analogy | its by analogy | her the juice of the grape | its the juice of the grape | her -guiltiness | its -guiltiness | blood (as that which when shed causes death) of man | an animal | by analogy | the juice of the grape | figuratively (especially in the plural) bloodshed (i.e. drops of blood) | blood(-y | -guiltiness | (-thirsty),OpenScriptures morphHB,H1818,CC BY 4.0,safe_claims_min60,
בדמים,בדמימ,1,0,60,,,,,,unresolved,No lexical entry yet.
בדעה,בדעה,1,65,60,,,,,,claims_below_safe_min60,No strict claim >=60%.
בדעת,בדעת,13,95,60,claim-8c5de9a74298eebb,knowledge | cunning | (ig-) norantly | know(-ledge) | (un-) awares (wittingly).,OpenScriptures morphHB,H1847,CC BY 4.0,safe_claims_min60,
בדעתו,בדעתו,3,0,60,,,,,,unresolved,No lexical entry yet.
בדף,בדפ,12,0,60,,,,,,unresolved,No lexical entry yet.
בדקדוק,בדקדוק,1,0,60,,,,,,unresolved,No lexical entry yet.
בדרבה,בדרבה,2,0,60,,,,,,unresolved,No lexical entry yet.
בדרבנן,בדרבננ,2,0,60,,,,,,unresolved,No lexical entry yet.
בדרך,בדרכ,11,95,60,claim-d86d4189ee35463d,a road (as trodden ) | figuratively | a course of life | mode of action | often adverb | along | away | because of,OpenScriptures morphHB,H1870,CC BY 4.0,safe_claims_min60,
בדררא,בדררא,1,0,60,,,,,,unresolved,No lexical entry yet.
בדרשא,בדרשא,1,0,60,,,,,,unresolved,No lexical entry yet.
בה,בה,48,65,60,,,,,,claims_below_safe_min60,No strict claim >=60%.
בה׳,בה׳,1,0,60,,,,,,unresolved,No lexical entry yet.
בהא,בהא,14,95,60,claim-41d171f3e3466bf0 | claim-9b27f82ff15d8c6b,in behold | with behold | by behold | in this | with this | by this | behold | this,Project-authored Aramaic grammar table,project-aramaic:ha,project-authored / CC0,safe_claims_min60,
בהאי,בהאי,7,95,60,claim-3cee6b39da63da90,properly | a habitable spot (as desirable) | dry land | a coast | an island | country | isle | island.,OpenScriptures morphHB,H339,CC BY 4.0,safe_claims_min60,
בהביא,בהביא,1,0,60,,,,,,unresolved,No lexical entry yet.
בהבית,בהבית,2,0,60,,,,,,unresolved,No lexical entry yet.
בהגדת,בהגדת,2,0,60,,,,,,unresolved,No lexical entry yet.
בהגה״מ,בהגה״מ,4,0,60,,,,,,unresolved,No lexical entry yet.
בהגהותיו,בהגהותיו,1,0,60,,,,,,unresolved,No lexical entry yet.
בהגלגול,בהגלגול,4,0,60,,,,,,unresolved,No lexical entry yet.
בהדי,בהדי,7,65,60,,,,,,claims_below_safe_min60,No strict claim >=60%.
בהדיא,בהדיא,2,0,60,,,,,,unresolved,No lexical entry yet.
בהדין,בהדינ,1,0,60,,,,,,unresolved,No lexical entry yet.
בהדמים,בהדמימ,1,0,60,,,,,,unresolved,No lexical entry yet.
בההוא,בההוא,3,0,60,,,,,,unresolved,No lexical entry yet.
בהו,בהו,2,0,60,,,,,,unresolved,No lexical entry yet.
בהודאה,בהודאה,2,0,60,,,,,,unresolved,No lexical entry yet.
בהודאת,בהודאת,2,0,60,,,,,,unresolved,No lexical entry yet.
בהודאתו,בהודאתו,3,0,60,,,,,,unresolved,No lexical entry yet.
בהודה,בהודה,6,0,60,,,,,,unresolved,No lexical entry yet.
בהודיה,בהודיה,1,0,60,,,,,,unresolved,No lexical entry yet.
בהוציא,בהוציא,1,0,60,,,,,,unresolved,No lexical entry yet.
בהחוב,בהחוב,1,0,60,,,,,,unresolved,No lexical entry yet.
בהחזיר,בהחזיר,1,0,60,,,,,,unresolved,No lexical entry yet.
בהחזרתי,בהחזרתי,3,0,60,,,,,,unresolved,No lexical entry yet.
בהחלט,בהחלט,3,65,60,,,,,,claims_below_safe_min60,No strict claim >=60%.
בהחמץ,בהחמצ,1,0,60,,,,,,unresolved,No lexical entry yet.
בהחפץ,בהחפצ,3,0,60,,,,,,unresolved,No lexical entry yet.
בהטלית,בהטלית,1,0,60,,,,,,unresolved,No lexical entry yet.
בהיסת,בהיסת,1,0,60,,,,,,unresolved,No lexical entry yet.
בהיפוך,בהיפוכ,4,0,60,,,,,,unresolved,No lexical entry yet.
בהיפוכו,בהיפוכו,1,0,60,,,,,,unresolved,No lexical entry yet.
בהירושלמי,בהירושלמי,1,0,60,,,,,,unresolved,No lexical entry yet.
בהיתר,בהיתר,2,0,60,,,,,,unresolved,No lexical entry yet.
בהך,בהכ,10,0,60,,,,,,unresolved,No lexical entry yet.
בהכונס,בהכונס,1,0,60,,,,,,unresolved,No lexical entry yet.
בהכותב,בהכותב,1,0,60,,,,,,unresolved,No lexical entry yet.
בהכחשה,בהכחשה,3,0,60,,,,,,unresolved,No lexical entry yet.
בהכי,בהכי,1,0,60,,,,,,unresolved,No lexical entry yet.
בהכלים,בהכלימ,3,89,60,claim-aba5e380cf2dcb27 | claim-a9682671af61c8ea,in the tool | with the tool | by the tool | in the physical tool | with the physical tool | by the physical tool | tool | physical tool,Wikidata Lexeme,L65777,CC0,safe_claims_min60,
בהל׳,בהל׳,20,0,60,,,,,,unresolved,No lexical entry yet.
בהלואה,בהלואה,4,0,60,,,,,,unresolved,No lexical entry yet.
בהלוה,בהלוה,1,0,60,,,,,,unresolved,No lexical entry yet.
בהלכה,בהלכה,8,0,60,,,,,,unresolved,No lexical entry yet.
בהלכות,בהלכות,15,0,60,,,,,,unresolved,No lexical entry yet.
בהם,בהמ,15,95,60,claim-00cb5bc7f002ecf6,Ham | a region of Palestine | Ham.,OpenScriptures morphHB,H1990,CC BY 4.0,safe_claims_min60,
בהמה,בהמה,4,93,60,claim-ea1f1a7ddbedbb75,"livestock, domesticated animals raised in an agricultural setting to produce commodities such as food, fiber and labor | livestock",Wikidata Lexeme,L64179,CC0,safe_claims_min60,
בהמודה,בהמודה,1,0,60,,,,,,unresolved,No lexical entry yet.
בהממון,בהממונ,1,0,60,,,,,,unresolved,No lexical entry yet.
בהמרדכי,בהמרדכי,1,0,60,,,,,,unresolved,No lexical entry yet.
בהמשכון,בהמשכונ,6,0,60,,,,,,unresolved,No lexical entry yet.
בהמת,בהמת,1,0,60,,,,,,unresolved,No lexical entry yet.
בהן,בהנ,11,65,60,,,,,,claims_below_safe_min60,No strict claim >=60%.
בהני,בהני,3,0,60,,,,,,unresolved,No lexical entry yet.
בהסוגיא,בהסוגיא,1,0,60,,,,,,unresolved,No lexical entry yet.
בהסכם,בהסכמ,1,0,60,,,,,,unresolved,No lexical entry yet.
בהעתק,בהעתק,1,65,60,,,,,,claims_below_safe_min60,No strict claim >=60%.
בהפה,בהפה,4,91,60,claim-fe383c1501fbdb4f | claim-97ba7e319a54aaae,in portion | with portion | by portion | in side | with side | by side | the mouth (as the means of blowing ) | whether literal | figurative (particularly speech ) | specifically edge | portion | side | adverbially (with preposition) according to | accord(-ing as,OpenScriptures morphHB,H6310,CC BY 4.0,safe_claims_min60,
בהפוכו,בהפוכו,1,0,60,,,,,,unresolved,No lexical entry yet.
בהפסד,בהפסד,1,0,60,,,,,,unresolved,No lexical entry yet.
בהקדם,בהקדמ,1,0,60,,,,,,unresolved,No lexical entry yet.
בהקדשות,בהקדשות,2,0,60,,,,,,unresolved,No lexical entry yet.
בהקרקע,בהקרקע,1,0,60,,,,,,unresolved,No lexical entry yet.
בהר״י,בהר״י,2,0,60,,,,,,unresolved,No lexical entry yet.
בהראב״ד,בהראב״ד,1,0,60,,,,,,unresolved,No lexical entry yet.
בהרשאה,בהרשאה,1,0,60,,,,,,unresolved,No lexical entry yet.
בהשגה,בהשגה,1,0,60,,,,,,unresolved,No lexical entry yet.
בהשגות,בהשגות,6,0,60,,,,,,unresolved,No lexical entry yet.
בהשגתו,בהשגתו,3,0,60,,,,,,unresolved,No lexical entry yet.
בהשדה,בהשדה,10,91,60,claim-bf8dac3ec757be8f | claim-9a3e1ba60367c993,in country | with country | by country | in field | with field | by field | in ground | with ground | a field (as flat) | country | field | ground | land | soil | × wild.,OpenScriptures morphHB,H7704,CC BY 4.0,safe_claims_min60,
בהשטר,בהשטר,7,0,60,,,,,,unresolved,No lexical entry yet.
בהתחלת,בהתחלת,1,0,60,,,,,,unresolved,No lexical entry yet.
בו,בו,81,95,60,claim-d667378a28c57fe6,probably to brighten up | i.e. (figuratively) be (causatively | make) blithe | gleesome | cheer up | be (make) glad | (have | make) joy(-ful),OpenScriptures morphHB,H8055,CC BY 4.0,safe_claims_min60,
בו״ש,בו״ש,2,0,60,,,,,,unresolved,No lexical entry yet.
בודאי,בודאי,38,0,60,,,,,,unresolved,No lexical entry yet.
בודקין,בודקינ,3,0,60,,,,,,unresolved,No lexical entry yet.
בון,בונ,1,0,60,,,,,,unresolved,No lexical entry yet.
בור,בור,2,65,60,,,,,,claims_below_safe_min60,No strict claim >=60%.
בורות,בורות,7,0,60,,,,,,unresolved,No lexical entry yet.
בורר,בורר,3,0,60,,,,,,unresolved,No lexical entry yet.
בושת,בושת,3,0,60,,,,,,unresolved,No lexical entry yet.
בזה,בזה,236,65,60,,,,,,claims_below_safe_min60,No strict claim >=60%.
בזו,בזו,2,65,60,,,,,,claims_below_safe_min60,No strict claim >=60%.
בזמן,בזמנ,1,65,60,,,,,,claims_below_safe_min60,No strict claim >=60%.
בזמנו,בזמנו,2,0,60,,,,,,unresolved,No lexical entry yet.
בחבית,בחבית,6,0,60,,,,,,unresolved,No lexical entry yet.
בחבלות,בחבלות,1,0,60,,,,,,unresolved,No lexical entry yet.
בחדא,בחדא,1,0,60,,,,,,unresolved,No lexical entry yet.
בחדושי,בחדושי,3,0,60,,,,,,unresolved,No lexical entry yet.
בחדושיו,בחדושיו,8,0,60,,,,,,unresolved,No lexical entry yet.
בחו״מ,בחו״מ,14,0,60,,,,,,unresolved,No lexical entry yet.
בחוב,בחוב,5,0,60,,,,,,unresolved,No lexical entry yet.
בחובו,בחובו,3,0,60,,,,,,unresolved,No lexical entry yet.
בחולין,בחולינ,1,0,60,,,,,,unresolved,No lexical entry yet.
בחוץ,בחוצ,4,95,60,claim-83b096c7dd7026f1,properly | separate by a wall | i.e. outside | outdoors | abroad | field | forth | highway,OpenScriptures HebrewLexicon,H2351,CC BY 4.0,safe_claims_min60,
בחושבנא,בחושבנא,1,0,60,,,,,,unresolved,No lexical entry yet.
בחזמ״ק,בחזמ״ק,1,0,60,,,,,,unresolved,No lexical entry yet.
בחזקה,בחזקה,3,95,60,claim-d41f68aaa68526b2,vehemence (usually in a bad sense) | force | mightily | repair | sharply.,OpenScriptures morphHB,H2394,CC BY 4.0,safe_claims_min60,
בחזקת,בחזקת,39,0,60,,,,,,unresolved,No lexical entry yet.
בחזקתו,בחזקתו,10,0,60,,,,,,unresolved,No lexical entry yet.
בחזקתך,בחזקתכ,1,0,60,,,,,,unresolved,No lexical entry yet.
בחידושיו,בחידושיו,2,0,60,,,,,,unresolved,No lexical entry yet.
בחיוב,בחיוב,6,0,60,,,,,,unresolved,No lexical entry yet.
בחיובו,בחיובו,3,0,60,,,,,,unresolved,No lexical entry yet.
בחיובם,בחיובמ,1,0,60,,,,,,unresolved,No lexical entry yet.
בחיי,בחיי,23,95,60,claim-a36551c147910294,alive | hence | raw (flesh) | fresh (plant | water | year) | strong | also (as noun,OpenScriptures morphHB,H2416,CC BY 4.0,safe_claims_min60,
בחילוק,בחילוק,1,89,60,claim-02eb2c84a7eaece5 | claim-1dec8411902f62b6,in division | with division | by division | division,Wikidata Lexeme,L210841,CC0,safe_claims_min60,
בחמור,בחמור,3,0,60,,,,,,unresolved,No lexical entry yet.
בחמשים,בחמשימ,2,0,60,,,,,,unresolved,No lexical entry yet.
בחמשין,בחמשינ,1,0,60,,,,,,unresolved,No lexical entry yet.
בחנם,בחנמ,2,91,60,claim-32c3eb55bbc8af87 | claim-165cc3655994f45f,in gratis | with gratis | by gratis | in reason | with reason | by reason | in advantage | with advantage | gratis | i.e. devoid of cost | reason | advantage | without a cause (cost | wages) | causeless | to cost nothing,OpenScriptures HebrewLexicon,H2600,CC BY 4.0,safe_claims_min60,
בחצי,בחצי,2,0,60,,,,,,unresolved,No lexical entry yet.
בחצירו,בחצירו,4,0,60,,,,,,unresolved,No lexical entry yet.
בחצר,בחצר,7,0,60,,,,,,unresolved,No lexical entry yet.
בחצרו,בחצרו,3,0,60,,,,,,unresolved,No lexical entry yet.
בחצרותיהן,בחצרותיהנ,1,0,60,,,,,,unresolved,No lexical entry yet.
בחקירות,בחקירות,1,0,60,,,,,,unresolved,No lexical entry yet.
בחשבון,בחשבונ,1,95,60,claim-ce1e856172729e68,Cheshbon | a place East of the Jordan | Heshbon.,OpenScriptures morphHB,H2809,CC BY 4.0,safe_claims_min60,
בחשוד,בחשוד,5,0,60,,,,,,unresolved,No lexical entry yet.
בטוח,בטוח,3,65,60,,,,,,claims_below_safe_min60,No strict claim >=60%.
בטוען,בטוענ,46,0,60,,,,,,unresolved,No lexical entry yet.
בטוענו,בטוענו,7,0,60,,,,,,unresolved,No lexical entry yet.
בטוענים,בטוענימ,1,0,60,,,,,,unresolved,No lexical entry yet.
בטור,בטור,1,0,60,,,,,,unresolved,No lexical entry yet.
בטל,בטל,1,65,60,,,,,,claims_below_safe_min60,No strict claim >=60%.
בטלה,בטלה,4,65,60,,,,,,claims_below_safe_min60,No strict claim >=60%.
בטלית,בטלית,5,0,60,,,,,,unresolved,No lexical entry yet.
בטליתו,בטליתו,2,0,60,,,,,,unresolved,No lexical entry yet.
בטעות,בטעות,1,77,60,claim-e8f30d4c257d9d77,"in error, mistake | with error, mistake | by error, mistake",Wiktionary via Kaikki,kaikki-7fe3f4ac1d9c,CC BY-SA 4.0 / GFDL,safe_claims_min60,
בטעם,בטעמ,2,0,60,,,,,,unresolved,No lexical entry yet.
בטעמא,בטעמא,15,0,60,,,,,,unresolved,No lexical entry yet.
בטעמו,בטעמו,6,0,60,,,,,,unresolved,No lexical entry yet.
בטענה,בטענה,9,0,60,,,,,,unresolved,No lexical entry yet.
בטענו,בטענו,6,0,60,,,,,,unresolved,No lexical entry yet.
בטענותיהם,בטענותיהמ,1,0,60,,,,,,unresolved,No lexical entry yet.
בטענת,בטענת,96,0,60,,,,,,unresolved,No lexical entry yet.
בטענתו,בטענתו,8,0,60,,,,,,unresolved,No lexical entry yet.
בי,בי,8,0,60,,,,,,unresolved,No lexical entry yet.
בי׳,בי׳,3,0,60,,,,,,unresolved,No lexical entry yet.
בי״ד,בי״ד,11,0,60,,,,,,unresolved,No lexical entry yet.
ביאור,ביאור,9,0,60,,,,,,unresolved,No lexical entry yet.
ביאורו,ביאורו,1,0,60,,,,,,unresolved,No lexical entry yet.
ביאר,ביאר,8,0,60,,,,,,unresolved,No lexical entry yet.
ביארו,ביארו,1,0,60,,,,,,unresolved,No lexical entry yet.
ביארנו,ביארנו,2,0,60,,,,,,unresolved,No lexical entry yet.
ביד,ביד,35,65,60,,,,,,claims_below_safe_min60,No strict claim >=60%.
בידא,בידא,2,0,60,,,,,,unresolved,No lexical entry yet.
בידו,בידו,33,65,60,,,,,,claims_below_safe_min60,No strict claim >=60%.
בידי,בידי,82,95,60,claim-436709c331adfa2e,a hand (the open one [indicating power | means | direction | etc.] | in distinction from 3709 | the closed one) | used (as noun | adverb,OpenScriptures morphHB,H3027,CC BY 4.0,safe_claims_min60,
בידיה,בידיה,4,0,60,,,,,,unresolved,No lexical entry yet.
בידינו,בידינו,1,65,60,,,,,,claims_below_safe_min60,No strict claim >=60%.
בידך,בידכ,42,0,60,,,,,,unresolved,No lexical entry yet.
בידן,בידנ,1,77,60,claim-e3700da5acdd2281,in arm | with arm | by arm | in hand | with hand | by hand,Wiktionary via Kaikki,kaikki-77bc78ff1373,CC BY-SA 4.0 / GFDL,safe_claims_min60,
ביה,ביה,6,95,60,claim-bbf443d0483308bb,Jah | the sacred name | the Lord | most vehement. Compare names in '-iah | ' '-jah.',OpenScriptures morphHB,H3050,CC BY 4.0,safe_claims_min60,
ביום,ביומ,15,65,60,,,,,,claims_below_safe_min60,No strict claim >=60%.
ביופי,ביופי,1,0,60,,,,,,unresolved,No lexical entry yet.
ביוצא,ביוצא,1,0,60,,,,,,unresolved,No lexical entry yet.
ביותר,ביותר,4,65,60,,,,,,claims_below_safe_min60,No strict claim >=60%.
ביזנא,ביזנא,1,0,60,,,,,,unresolved,No lexical entry yet.
ביחד,ביחד,4,65,60,,,,,,claims_below_safe_min60,No strict claim >=60%.
ביחור,ביחור,2,0,60,,,,,,unresolved,No lexical entry yet.
ביישתני,ביישתני,1,0,60,,,,,,unresolved,No lexical entry yet.
ביך,ביכ,1,0,60,,,,,,unresolved,No lexical entry yet.
ביכול,ביכול,7,0,60,,,,,,unresolved,No lexical entry yet.
בילפותא,בילפותא,1,0,60,,,,,,unresolved,No lexical entry yet.
בין,בינ,135,99,60,claim-05d344269c1bda94,between | among,Project-authored function word table,project-function-word:bein,project-authored / CC0,safe_claims_min60,
ביניהם,ביניהמ,10,65,60,,,,,,claims_below_safe_min60,No strict claim >=60%.
בינינו,בינינו,1,65,60,,,,,,claims_below_safe_min60,No strict claim >=60%.
ביסוד,ביסוד,1,65,60,,,,,,claims_below_safe_min60,No strict claim >=60%.
ביצא,ביצא,1,0,60,,,,,,unresolved,No lexical entry yet.
ביקש,ביקש,1,0,60,,,,,,unresolved,No lexical entry yet.
בירור,בירור,30,0,60,,,,,,unresolved,No lexical entry yet.
בירוש׳,בירוש׳,3,0,60,,,,,,unresolved,No lexical entry yet.
בירושלמי,בירושלמי,3,0,60,,,,,,unresolved,No lexical entry yet.
בישוב,בישוב,1,0,60,,,,,,unresolved,No lexical entry yet.
בית,בית,3,65,60,,,,,,claims_below_safe_min60,No strict claim >=60%.
ביתא,ביתא,1,0,60,,,,,,unresolved,No lexical entry yet.
ביתו,ביתו,6,65,60,,,,,,claims_below_safe_min60,No strict claim >=60%.
ביתומים,ביתומימ,4,0,60,,,,,,unresolved,No lexical entry yet.
ביתי,ביתי,1,0,60,,,,,,unresolved,No lexical entry yet.
ביתי׳,ביתי׳,1,0,60,,,,,,unresolved,No lexical entry yet.
ביתיה,ביתיה,1,0,60,,,,,,unresolved,No lexical entry yet.
בכ״ז,בכ״ז,3,95,60,claim-4d8ec793105a61a0 | claim-d59c49d31d955bd8,in all this | with all this | by all this | all this,Project-authored abbreviation table,project-abbreviation:kol-zeh,project-authored / CC0,safe_claims_min60,
בכ״מ,בכ״מ,3,0,60,,,,,,unresolved,No lexical entry yet.
בכאן,בכאנ,5,0,60,,,,,,unresolved,No lexical entry yet.
בכדי,בכדי,4,65,60,,,,,,claims_below_safe_min60,No strict claim >=60%.
בכה״ג,בכה״ג,4,0,60,,,,,,unresolved,No lexical entry yet.
בכהאי,בכהאי,1,0,60,,,,,,unresolved,No lexical entry yet.
בכולה,בכולה,1,0,60,,,,,,unresolved,No lexical entry yet.
בכולו,בכולו,1,0,60,,,,,,unresolved,No lexical entry yet.
בכולן,בכולנ,1,65,60,,,,,,claims_below_safe_min60,No strict claim >=60%.
בכונת,בכונת,3,0,60,,,,,,unresolved,No lexical entry yet.
בכופר,בכופר,4,0,60,,,,,,unresolved,No lexical entry yet.
בכח,בכח,3,95,60,claim-1619134a891921a2,vigor | literally (force | in a good | a bad sense) | figuratively (capacity | means | produce) | also (from its hardiness) a large lizard,OpenScriptures morphHB,H3581,CC BY 4.0,safe_claims_min60,
בכיצד,בכיצד,1,0,60,,,,,,unresolved,No lexical entry yet.
בכך,בככ,8,0,60,,,,,,unresolved,No lexical entry yet.
בכל,בכל,36,65,60,,,,,,claims_below_safe_min60,No strict claim >=60%.
בכלי,בכלי,3,95,60,claim-af46e0182eb64c17,something prepared | i.e. any apparatus (as an implement | utensil | dress | vessel | weapon) | armour(-bearer) | artillery,OpenScriptures HebrewLexicon,H3627,CC BY 4.0,safe_claims_min60,
בכלים,בכלימ,6,95,60,claim-af46e0182eb64c17,something prepared | i.e. any apparatus (as an implement | utensil | dress | vessel | weapon) | armour(-bearer) | artillery,OpenScriptures HebrewLexicon,H3627,CC BY 4.0,safe_claims_min60,
בכלל,בכלל,3,65,60,,,,,,claims_below_safe_min60,No strict claim >=60%.
בכללי,בכללי,1,0,60,,,,,,unresolved,No lexical entry yet.
בכסותו,בכסותו,1,0,60,,,,,,unresolved,No lexical entry yet.
בכסף,בכספ,2,0,60,,,,,,unresolved,No lexical entry yet.
בכעין,בכעינ,1,91,60,claim-18d11fee5ccb8ffe | claim-a31fa77c0cca5333,in by analogy | with by analogy | by by analogy | in affliction | with affliction | by affliction | in outward appearance | with outward appearance | an eye (literally | figuratively) | by analogy | a fountain (as the eye of the landscape) | affliction | outward appearance | before | think best,OpenScriptures HebrewLexicon,H5869,CC BY 4.0,safe_claims_min60,
בכפירה,בכפירה,3,0,60,,,,,,unresolved,No lexical entry yet.
בכפירתו,בכפירתו,1,0,60,,,,,,unresolved,No lexical entry yet.
בכרך,בכרכ,3,0,60,,,,,,unresolved,No lexical entry yet.
בכרכשתא,בכרכשתא,5,0,60,,,,,,unresolved,No lexical entry yet.
בכת״י,בכת״י,4,0,60,,,,,,unresolved,No lexical entry yet.
בכתב,בכתב,6,95,60,claim-d36bd8e9da58956b,something written | i.e. a writing | record | book | register | scripture | writing.,OpenScriptures morphHB,H3791,CC BY 4.0,safe_claims_min60,
בכתובות,בכתובות,19,0,60,,,,,,unresolved,No lexical entry yet.
בל״ז,בל״ז,1,0,60,,,,,,unresolved,No lexical entry yet.
בלא,בלא,82,65,60,,,,,,claims_below_safe_min60,No strict claim >=60%.
בלבד,בלבד,7,65,60,,,,,,claims_below_safe_min60,No strict claim >=60%.
בלוה,בלוה,1,0,60,,,,,,unresolved,No lexical entry yet.
בלוקח,בלוקח,2,0,60,,,,,,unresolved,No lexical entry yet.
בלחוד,בלחוד,2,0,60,,,,,,unresolved,No lexical entry yet.
בלי,בלי,6,65,60,,,,,,claims_below_safe_min60,No strict claim >=60%.
בליכא,בליכא,2,0,60,,,,,,unresolved,No lexical entry yet.
בליעת,בליעת,1,0,60,,,,,,unresolved,No lexical entry yet.
בלית,בלית,1,0,60,,,,,,unresolved,No lexical entry yet.
בלקוח,בלקוח,1,0,60,,,,,,unresolved,No lexical entry yet.
בלקיחת,בלקיחת,1,0,60,,,,,,unresolved,No lexical entry yet.
בלקיטת,בלקיטת,1,0,60,,,,,,unresolved,No lexical entry yet.
בלשון,בלשונ,9,89,60,claim-f585122511813545 | claim-58d387440acda539,"in tongue, Muscular organ in the mouth | with tongue, Muscular organ in the mouth | by tongue, Muscular organ in the mouth | in tongue | with tongue | by tongue | tongue, Muscular organ in the mouth | tongue",Wikidata Lexeme,L65977,CC0,safe_claims_min60,
בלשונו,בלשונו,4,0,60,,,,,,unresolved,No lexical entry yet.
במ״מ,במ״מ,3,95,60,claim-e0e0078c91644323 | claim-be385e03012bc7be,in nevertheless | with nevertheless | by nevertheless | in in any case | with in any case | by in any case | nevertheless | in any case,Project-authored abbreviation table,project-abbreviation:mem-mem,project-authored / CC0,safe_claims_min60,
במאי,במאי,1,0,60,,,,,,unresolved,No lexical entry yet.
במאכילו,במאכילו,1,0,60,,,,,,unresolved,No lexical entry yet.
במגיד,במגיד,1,0,60,,,,,,unresolved,No lexical entry yet.
במגלגל,במגלגל,1,0,60,,,,,,unresolved,No lexical entry yet.
במה,במה,94,65,60,,,,,,claims_below_safe_min60,No strict claim >=60%.
במודה,במודה,10,0,60,,,,,,unresolved,No lexical entry yet.
במוחל,במוחל,1,0,60,,,,,,unresolved,No lexical entry yet.
במזיד,במזיד,1,0,60,,,,,,unresolved,No lexical entry yet.
במחאה,במחאה,1,89,60,claim-9ad79d67f50253e8 | claim-fa42b4f7f2d2811b,in protest | with protest | by protest | protest,Wikidata Lexeme,L66157,CC0,safe_claims_min60,
במחבר,במחבר,1,0,60,,,,,,unresolved,No lexical entry yet.
במחלוקת,במחלוקת,7,89,60,claim-02ced8eb670d8c31 | claim-e4dcd9b6a4d8ffb4,in controversy | with controversy | by controversy | controversy,Wikidata Lexeme,L66170,CC0,safe_claims_min60,
במטלטלין,במטלטלינ,9,0,60,,,,,,unresolved,No lexical entry yet.
במי,במי,2,0,60,,,,,,unresolved,No lexical entry yet.
במיגו,במיגו,75,0,60,,,,,,unresolved,No lexical entry yet.
במילי,במילי,1,0,60,,,,,,unresolved,No lexical entry yet.
במין,במינ,1,0,60,,,,,,unresolved,No lexical entry yet.
במיעוט,במיעוט,1,0,60,,,,,,unresolved,No lexical entry yet.
במיתת,במיתת,1,89,60,claim-fe34cdbc70837d47 | claim-9869cdb540688971,in dying | with dying | by dying | dying,Wikidata Lexeme,L66255,CC0,safe_claims_min60,
במכירה,במכירה,4,63,60,,,,,,claims_below_safe_min60,No strict claim >=60%.
במכר,במכר,3,0,60,,,,,,unresolved,No lexical entry yet.
במל״מ,במל״מ,1,0,60,,,,,,unresolved,No lexical entry yet.
במלוה,במלוה,6,0,60,,,,,,unresolved,No lexical entry yet.
במלחמות,במלחמות,3,90,60,claim-7744470a886407c6 | claim-9820cef138aace83 | claim-3ef74bb5f1997a21,in war | with war | by war | war,Wikidata Lexeme | OpenScriptures morphHB,L66306 | H4421,CC0 | CC BY 4.0,safe_claims_min60,
בממון,בממונ,8,0,60,,,,,,unresolved,No lexical entry yet.
במנה,במנה,10,0,60,,,,,,unresolved,No lexical entry yet.
במסייע,במסייע,1,0,60,,,,,,unresolved,No lexical entry yet.
במסירה,במסירה,1,0,60,,,,,,unresolved,No lexical entry yet.
במסרו,במסרו,1,0,60,,,,,,unresolved,No lexical entry yet.
במעה,במעה,1,0,60,,,,,,unresolved,No lexical entry yet.
במעות,במעות,1,0,60,,,,,,unresolved,No lexical entry yet.
במעותיו,במעותיו,3,0,60,,,,,,unresolved,No lexical entry yet.
במעילה,במעילה,1,0,60,,,,,,unresolved,No lexical entry yet.
במפרנס,במפרנס,1,0,60,,,,,,unresolved,No lexical entry yet.
במציאה,במציאה,1,0,60,,,,,,unresolved,No lexical entry yet.
במקום,במקומ,20,95,60,claim-2dd2ace5f333a49f,properly | a standing | i.e. a spot | but used widely of a locality (general | specific) | also (figuratively) of a condition (of body | mind) | country,OpenScriptures morphHB,H4725,CC BY 4.0,safe_claims_min60,
במקומו,במקומו,6,95,60,claim-2dd2ace5f333a49f,properly | a standing | i.e. a spot | but used widely of a locality (general | specific) | also (figuratively) of a condition (of body | mind) | country,OpenScriptures morphHB,H4725,CC BY 4.0,safe_claims_min60,
במקח,במקח,1,0,60,,,,,,unresolved,No lexical entry yet.
במקצת,במקצת,58,0,60,,,,,,unresolved,No lexical entry yet.
במקצתן,במקצתנ,2,0,60,,,,,,unresolved,No lexical entry yet.
במרדכי,במרדכי,1,0,60,,,,,,unresolved,No lexical entry yet.
במש״כ,במש״כ,6,0,60,,,,,,unresolved,No lexical entry yet.
במשואיל״מ,במשואיל״מ,3,0,60,,,,,,unresolved,No lexical entry yet.
במשיכה,במשיכה,3,0,60,,,,,,unresolved,No lexical entry yet.
במשכון,במשכונ,5,0,60,,,,,,unresolved,No lexical entry yet.
במשנה,במשנה,2,0,60,,,,,,unresolved,No lexical entry yet.
במת,במת,2,65,60,,,,,,claims_below_safe_min60,No strict claim >=60%.
במתוך,במתוכ,5,0,60,,,,,,unresolved,No lexical entry yet.
במתנה,במתנה,15,0,60,,,,,,unresolved,No lexical entry yet.
במתני׳,במתני׳,14,99,60,claim-5def8d076a9d15fa,in the Mishnah,Project-authored abbreviation table,project-abbreviation:be-matnitin,project-authored / CC0,safe_claims_min60,
במתניתין,במתניתינ,1,0,60,,,,,,unresolved,No lexical entry yet.
בן,בנ,16,65,60,,,,,,claims_below_safe_min60,No strict claim >=60%.
בנ׳,בנ׳,1,0,60,,,,,,unresolved,No lexical entry yet.
בנ״י,בנ״י,1,0,60,,,,,,unresolved,No lexical entry yet.
בנגיחת,בנגיחת,3,0,60,,,,,,unresolved,No lexical entry yet.
בנדרים,בנדרימ,4,0,60,,,,,,unresolved,No lexical entry yet.
בנו,בנו,3,93,60,claim-6c8580b79c662b02,to build,Wikidata Lexeme,L205881,CC0,safe_claims_min60,
בנוב״י,בנוב״י,1,0,60,,,,,,unresolved,No lexical entry yet.
בנוגע,בנוגע,1,0,60,,,,,,unresolved,No lexical entry yet.
בנותן,בנותנ,3,0,60,,,,,,unresolved,No lexical entry yet.
בנזק,בנזק,2,0,60,,,,,,unresolved,No lexical entry yet.
בני,בני,13,65,60,,,,,,claims_below_safe_min60,No strict claim >=60%.
בנידוי,בנידוי,1,0,60,,,,,,unresolved,No lexical entry yet.
בניו,בניו,10,0,60,,,,,,unresolved,No lexical entry yet.
בנכנס,בנכנס,1,0,60,,,,,,unresolved,No lexical entry yet.
בנכסי,בנכסי,5,0,60,,,,,,unresolved,No lexical entry yet.
בנכסיו,בנכסיו,2,0,60,,,,,,unresolved,No lexical entry yet.
בנמוק״י,בנמוק״י,2,0,60,,,,,,unresolved,No lexical entry yet.
בנסכא,בנסכא,2,0,60,,,,,,unresolved,No lexical entry yet.
בנק״ח,בנק״ח,5,0,60,,,,,,unresolved,No lexical entry yet.
בנקיטת,בנקיטת,3,0,60,,,,,,unresolved,No lexical entry yet.
בנשבע,בנשבע,3,0,60,,,,,,unresolved,No lexical entry yet.
בנשבעין,בנשבעינ,3,0,60,,,,,,unresolved,No lexical entry yet.
בנתבע,בנתבע,1,0,60,,,,,,unresolved,No lexical entry yet.
בנתיבות,בנתיבות,1,95,60,claim-248b3c80eed09d6f,a (beaten) track | path(-way) | × travel(-ler) | way.,OpenScriptures morphHB,H5410,CC BY 4.0,safe_claims_min60,
בנתינת,בנתינת,1,0,60,,,,,,unresolved,No lexical entry yet.
בנתן,בנתנ,1,0,60,,,,,,unresolved,No lexical entry yet.
בס״ה,בס״ה,1,0,60,,,,,,unresolved,No lexical entry yet.
בס״פ,בס״פ,1,0,60,,,,,,unresolved,No lexical entry yet.
בס״ק,בס״ק,7,0,60,,,,,,unresolved,No lexical entry yet.
בסברא,בסברא,9,0,60,,,,,,unresolved,No lexical entry yet.
בסוגיא,בסוגיא,12,0,60,,,,,,unresolved,No lexical entry yet.
בסוף,בסופ,22,65,60,,,,,,claims_below_safe_min60,No strict claim >=60%.
בסי׳,בסי׳,38,95,60,claim-75045707149e4376 | claim-84207b412c021c15,in section | with section | by section | in sign | with sign | by sign | in siman | with siman | section | sign | siman,Project-authored abbreviation table,project-abbreviation:siman,project-authored / CC0,safe_claims_min60,
בסיוע,בסיוע,2,0,60,,,,,,unresolved,No lexical entry yet.
בסייף,בסייפ,1,0,60,,,,,,unresolved,No lexical entry yet.
בסימטא,בסימטא,4,0,60,,,,,,unresolved,No lexical entry yet.
בסימן,בסימנ,4,89,60,claim-e38803bdd5492bb9 | claim-fadfebeb587c5ec9,in sign | with sign | by sign | sign,Wikidata Lexeme,L67010,CC0,safe_claims_min60,
בסימניו,בסימניו,1,89,60,claim-0c7736d2e872c047 | claim-fadfebeb587c5ec9,in his sign | in its sign | with his sign | with its sign | by his sign | by its sign | sign,Wikidata Lexeme,L67010,CC0,safe_claims_min60,
בסימנים,בסימנימ,8,0,60,,,,,,unresolved,No lexical entry yet.
בסמ״ע,בסמ״ע,1,0,60,,,,,,unresolved,No lexical entry yet.
בסמטא,בסמטא,4,0,60,,,,,,unresolved,No lexical entry yet.
בסנהדרין,בסנהדרינ,3,0,60,,,,,,unresolved,No lexical entry yet.
בסעיף,בסעיפ,5,0,60,,,,,,unresolved,No lexical entry yet.
בספק,בספק,12,0,60,,,,,,unresolved,No lexical entry yet.
בספר,בספר,1,65,60,,,,,,claims_below_safe_min60,No strict claim >=60%.
בספרא,בספרא,3,0,60,,,,,,unresolved,No lexical entry yet.
בספרו,בספרו,3,0,60,,,,,,unresolved,No lexical entry yet.
בספרי,בספרי,6,0,60,,,,,,unresolved,No lexical entry yet.
בסק״ט,בסק״ט,2,0,60,,,,,,unresolved,No lexical entry yet.
בסתם,בסתמ,25,0,60,,,,,,unresolved,No lexical entry yet.
בסתמא,בסתמא,6,0,60,,,,,,unresolved,No lexical entry yet.
בע״א,בע״א,17,0,60,,,,,,unresolved,No lexical entry yet.
בע״ד,בע״ד,16,95,60,claim-64e714576d04e0a7 | claim-3a287c3f03ff5779,in concerning | with concerning | by concerning | in regarding | with regarding | by regarding | in about | with about | concerning | regarding | about,Project-authored abbreviation table,project-abbreviation:ayin-dalet,project-authored / CC0,safe_claims_min60,
בע״ז,בע״ז,1,0,60,,,,,,unresolved,No lexical entry yet.
בע״ח,בע״ח,6,0,60,,,,,,unresolved,No lexical entry yet.
בע״כ,בע״כ,3,95,60,claim-c25f5ecf801cac61 | claim-772a894cabd8dc78,in therefore | with therefore | by therefore | in therefore so | with therefore so | by therefore so | in on account of this | with on account of this | therefore | therefore so | on account of this,Project-authored abbreviation table,project-abbreviation:ayin-kaf,project-authored / CC0,safe_claims_min60,
בע״פ,בע״פ,2,95,60,claim-7b3153dda116825b | claim-a50fb06a631300a8,in according to | with according to | by according to | in based on | with based on | by based on | in by | with by | according to | based on | by,Project-authored abbreviation table,project-abbreviation:ayin-pe,project-authored / CC0,safe_claims_min60,
בעבד,בעבד,8,0,60,,,,,,unresolved,No lexical entry yet.
בעבדים,בעבדימ,3,0,60,,,,,,unresolved,No lexical entry yet.
בעבודה,בעבודה,1,95,60,claim-87ca93967662f6df,work of any kind | act | bondage | bondservant | effect | labour | ministering(-try) | office,OpenScriptures morphHB,H5656,CC BY 4.0,safe_claims_min60,
בעד,בעד,14,65,60,,,,,,claims_below_safe_min60,No strict claim >=60%.
בעדות,בעדות,1,0,60,,,,,,unresolved,No lexical entry yet.
בעדותו,בעדותו,2,0,60,,,,,,unresolved,No lexical entry yet.
בעדותן,בעדותנ,3,0,60,,,,,,unresolved,No lexical entry yet.
בעדים,בעדימ,37,0,60,,,,,,unresolved,No lexical entry yet.
בעה״ב,בעה״ב,14,0,60,,,,,,unresolved,No lexical entry yet.
בעה״מ,בעה״מ,3,0,60,,,,,,unresolved,No lexical entry yet.
בעה״ת,בעה״ת,1,0,60,,,,,,unresolved,No lexical entry yet.
בעו,בעו,2,0,60,,,,,,unresolved,No lexical entry yet.
בעולה,בעולה,2,0,60,,,,,,unresolved,No lexical entry yet.
בעולם,בעולמ,1,65,60,,,,,,claims_below_safe_min60,No strict claim >=60%.
בעוקצי,בעוקצי,2,0,60,,,,,,unresolved,No lexical entry yet.
בעי,בעי,51,65,60,,,,,,claims_below_safe_min60,No strict claim >=60%.
בעין,בעינ,6,65,60,,,,,,claims_below_safe_min60,No strict claim >=60%.
בעינא,בעינא,2,0,60,,,,,,unresolved,No lexical entry yet.
בעינו,בעינו,1,95,60,claim-a31fa77c0cca5333,an eye (literally | figuratively) | by analogy | a fountain (as the eye of the landscape) | affliction | outward appearance | before | think best,OpenScriptures HebrewLexicon,H5869,CC BY 4.0,safe_claims_min60,
בעיני,בעיני,3,95,60,claim-a31fa77c0cca5333,an eye (literally | figuratively) | by analogy | a fountain (as the eye of the landscape) | affliction | outward appearance | before | think best,OpenScriptures HebrewLexicon,H5869,CC BY 4.0,safe_claims_min60,
בעינן,בעיננ,12,0,60,,,,,,unresolved,No lexical entry yet.
בעיקר,בעיקר,28,0,60,,,,,,unresolved,No lexical entry yet.
בעיר,בעיר,2,65,60,,,,,,claims_below_safe_min60,No strict claim >=60%.
בעל,בעל,55,65,60,,,,,,claims_below_safe_min60,No strict claim >=60%.
בעלה,בעלה,2,0,60,,,,,,unresolved,No lexical entry yet.
בעלי,בעלי,7,65,60,,,,,,claims_below_safe_min60,No strict claim >=60%.
בעליהם,בעליהמ,4,0,60,,,,,,unresolved,No lexical entry yet.
בעליהן,בעליהנ,4,0,60,,,,,,unresolved,No lexical entry yet.
בעלים,בעלימ,6,0,60,,,,,,unresolved,No lexical entry yet.
בעלמא,בעלמא,10,91,60,claim-dad7f616d966f1a7 | claim-ba35d87adfc619a7,in forever | with forever | by forever | in old | with old | by old | remote time | i.e. the future | past indefinitely | often adverb | forever | for (n-)ever (lasting) | old.,OpenScriptures morphHB,H5957,CC BY 4.0,safe_claims_min60,
בענבים,בענבימ,1,0,60,,,,,,unresolved,No lexical entry yet.
בענין,בענינ,5,95,60,claim-a974730341608eea,ado | i.e. (generally) employment | (specifically) an affair | business | travail.,OpenScriptures morphHB,H6045,CC BY 4.0,safe_claims_min60,
בעצם,בעצמ,4,65,60,,,,,,claims_below_safe_min60,No strict claim >=60%.
בעצמה,בעצמה,1,65,60,,,,,,claims_below_safe_min60,No strict claim >=60%.
בעצמו,בעצמו,49,65,60,,,,,,claims_below_safe_min60,No strict claim >=60%.
בעצמי,בעצמי,1,0,60,,,,,,unresolved,No lexical entry yet.
בעצמם,בעצממ,1,95,60,claim-fada6639c8c81bc5,a bone (as strong ) | by extension | the body | figuratively | the substance | i.e. (as pron.) selfsame | body | bone,OpenScriptures morphHB,H6106,CC BY 4.0,safe_claims_min60,
בעריסה,בעריסה,3,0,60,,,,,,unresolved,No lexical entry yet.
בעשוי,בעשוי,1,0,60,,,,,,unresolved,No lexical entry yet.
בעשויין,בעשויינ,1,0,60,,,,,,unresolved,No lexical entry yet.
בעת,בעת,9,65,60,,,,,,claims_below_safe_min60,No strict claim >=60%.
בפ׳,בפ׳,42,0,60,,,,,,unresolved,No lexical entry yet.
בפ״א,בפ״א,12,0,60,,,,,,unresolved,No lexical entry yet.
בפ״ב,בפ״ב,18,0,60,,,,,,unresolved,No lexical entry yet.
בפ״ג,בפ״ג,14,0,60,,,,,,unresolved,No lexical entry yet.
בפ״ד,בפ״ד,11,0,60,,,,,,unresolved,No lexical entry yet.
בפ״ה,בפ״ה,6,0,60,,,,,,unresolved,No lexical entry yet.
בפ״ז,בפ״ז,1,0,60,,,,,,unresolved,No lexical entry yet.
בפ״ח,בפ״ח,3,0,60,,,,,,unresolved,No lexical entry yet.
בפ״ט,בפ״ט,3,0,60,,,,,,unresolved,No lexical entry yet.
בפ״י,בפ״י,5,0,60,,,,,,unresolved,No lexical entry yet.
בפ״כ,בפ״כ,1,0,60,,,,,,unresolved,No lexical entry yet.
בפ״ע,בפ״ע,1,0,60,,,,,,unresolved,No lexical entry yet.
בפוגם,בפוגמ,3,0,60,,,,,,unresolved,No lexical entry yet.
בפוגמת,בפוגמת,2,0,60,,,,,,unresolved,No lexical entry yet.
בפונדיון,בפונדיונ,1,0,60,,,,,,unresolved,No lexical entry yet.
בפועל,בפועל,1,0,60,,,,,,unresolved,No lexical entry yet.
בפועליו,בפועליו,3,0,60,,,,,,unresolved,No lexical entry yet.
בפחות,בפחות,8,0,60,,,,,,unresolved,No lexical entry yet.
בפחי,בפחי,1,0,60,,,,,,unresolved,No lexical entry yet.
בפט״ז,בפט״ז,1,0,60,,,,,,unresolved,No lexical entry yet.
בפי׳,בפי׳,16,95,60,claim-b872956ab78426b0 | claim-0a6fec01f87dcef3,in explanation | with explanation | by explanation | in commentary | with commentary | by commentary | in meaning | with meaning | explanation | commentary | meaning,Project-authored abbreviation table,project-abbreviation:perush,project-authored / CC0,safe_claims_min60,
בפי״א,בפי״א,7,0,60,,,,,,unresolved,No lexical entry yet.
בפי״ב,בפי״ב,2,0,60,,,,,,unresolved,No lexical entry yet.
בפי״ג,בפי״ג,4,0,60,,,,,,unresolved,No lexical entry yet.
בפי״ד,בפי״ד,5,0,60,,,,,,unresolved,No lexical entry yet.
בפיהמ״ש,בפיהמ״ש,2,0,60,,,,,,unresolved,No lexical entry yet.
בפיו,בפיו,1,91,60,claim-c33fc70be2b95f83 | claim-97ba7e319a54aaae,in portion | with portion | by portion | in side | with side | by side | the mouth (as the means of blowing ) | whether literal | figurative (particularly speech ) | specifically edge | portion | side | adverbially (with preposition) according to | accord(-ing as,OpenScriptures morphHB,H6310,CC BY 4.0,safe_claims_min60,
בפירוש,בפירוש,3,0,60,,,,,,unresolved,No lexical entry yet.
בפירושו,בפירושו,3,0,60,,,,,,unresolved,No lexical entry yet.
בפירות,בפירות,2,77,60,claim-6bb9f9f5b4347850,in fruit | with fruit | by fruit,Wiktionary via Kaikki,kaikki-a5359e9b1e34,CC BY-SA 4.0 / GFDL,safe_claims_min60,
בפירי,בפירי,1,0,60,,,,,,unresolved,No lexical entry yet.
בפירש״י,בפירש״י,1,0,60,,,,,,unresolved,No lexical entry yet.
בפכ״ד,בפכ״ד,1,0,60,,,,,,unresolved,No lexical entry yet.
בפלוגתא,בפלוגתא,3,0,60,,,,,,unresolved,No lexical entry yet.
בפני,בפני,39,95,60,claim-b6cf62d00d74f10a,the face (as the part that turns) | used in a great variety of applications (literally and figuratively) | also (with prepositional prefix) as a preposition ( before | etc.) | accept | a-(be-) fore(-time) | against | anger,OpenScriptures morphHB,H6440,CC BY 4.0,safe_claims_min60,
בפניהם,בפניהמ,5,91,60,claim-0a3ff67eac33fffe | claim-b6cf62d00d74f10a,in accept | with accept | by accept | in against | with against | by against | in anger | with anger | the face (as the part that turns) | used in a great variety of applications (literally and figuratively) | also (with prepositional prefix) as a preposition ( before | etc.) | accept | a-(be-) fore(-time) | against | anger,OpenScriptures morphHB,H6440,CC BY 4.0,safe_claims_min60,
בפניו,בפניו,6,91,60,claim-bf9b8ea0276cda18 | claim-b6cf62d00d74f10a,in accept | with accept | by accept | in against | with against | by against | in anger | with anger | the face (as the part that turns) | used in a great variety of applications (literally and figuratively) | also (with prepositional prefix) as a preposition ( before | etc.) | accept | a-(be-) fore(-time) | against | anger,OpenScriptures morphHB,H6440,CC BY 4.0,safe_claims_min60,
בפניך,בפניכ,1,91,60,claim-938c2f4ffafa52ab | claim-b6cf62d00d74f10a,in accept | with accept | by accept | in against | with against | by against | in anger | with anger | the face (as the part that turns) | used in a great variety of applications (literally and figuratively) | also (with prepositional prefix) as a preposition ( before | etc.) | accept | a-(be-) fore(-time) | against | anger,OpenScriptures morphHB,H6440,CC BY 4.0,safe_claims_min60,
בפנים,בפנימ,3,95,60,claim-b6cf62d00d74f10a,the face (as the part that turns) | used in a great variety of applications (literally and figuratively) | also (with prepositional prefix) as a preposition ( before | etc.) | accept | a-(be-) fore(-time) | against | anger,OpenScriptures morphHB,H6440,CC BY 4.0,safe_claims_min60,
בפנינו,בפנינו,2,65,60,,,,,,claims_below_safe_min60,No strict claim >=60%.
בפסחים,בפסחימ,1,0,60,,,,,,unresolved,No lexical entry yet.
בפסק,בפסק,1,0,60,,,,,,unresolved,No lexical entry yet.
בפסקיו,בפסקיו,1,0,60,,,,,,unresolved,No lexical entry yet.
בפקדון,בפקדונ,24,0,60,,,,,,unresolved,No lexical entry yet.
בפקדוני,בפקדוני,1,0,60,,,,,,unresolved,No lexical entry yet.
בפרהסיא,בפרהסיא,1,0,60,,,,,,unresolved,No lexical entry yet.
בפרוטה,בפרוטה,5,0,60,,,,,,unresolved,No lexical entry yet.
בפרט,בפרט,1,65,60,,,,,,claims_below_safe_min60,No strict claim >=60%.
בפרטי,בפרטי,2,63,60,,,,,,claims_below_safe_min60,No strict claim >=60%.
בפרעון,בפרעונ,3,0,60,,,,,,unresolved,No lexical entry yet.
בפרק,בפרק,3,65,60,,,,,,claims_below_safe_min60,No strict claim >=60%.
בפשוטו,בפשוטו,2,0,60,,,,,,unresolved,No lexical entry yet.
בפשיטות,בפשיטות,11,0,60,,,,,,unresolved,No lexical entry yet.
בפשיעה,בפשיעה,3,0,60,,,,,,unresolved,No lexical entry yet.
בפשרות,בפשרות,1,0,60,,,,,,unresolved,No lexical entry yet.
בצ״ע,בצ״ע,1,0,60,,,,,,unresolved,No lexical entry yet.
בצד,בצד,6,95,60,claim-2d3aa085128bdbbf,a side | figuratively | an adversary | (be-) side.,OpenScriptures morphHB,H6654,CC BY 4.0,safe_claims_min60,
בצדה,בצדה,1,0,60,,,,,,unresolved,No lexical entry yet.
בצדק,בצדק,1,95,60,claim-be057d1d04ef0c4d,the right (natural | moral | legal) | also (abstractly) equity | (figuratively) prosperity | × even | (× that which is altogether) just(-ice) | (un-)right(-eous) (cause,OpenScriptures morphHB,H6664,CC BY 4.0,safe_claims_min60,
בצירוף,בצירופ,1,0,60,,,,,,unresolved,No lexical entry yet.
בצנעה,בצנעה,1,0,60,,,,,,unresolved,No lexical entry yet.
בקדושין,בקדושינ,10,0,60,,,,,,unresolved,No lexical entry yet.
בקוצץ,בקוצצ,1,0,60,,,,,,unresolved,No lexical entry yet.
בקטן,בקטנ,3,0,60,,,,,,unresolved,No lexical entry yet.
בקיום,בקיומ,1,93,60,claim-eea5778172949139,existence | Wujud,Wikidata Lexeme,L67859,CC0,safe_claims_min60,
בקיצור,בקיצור,4,0,60,,,,,,unresolved,No lexical entry yet.
בקנס,בקנס,11,0,60,,,,,,unresolved,No lexical entry yet.
בקצוה״ח,בקצוה״ח,2,0,60,,,,,,unresolved,No lexical entry yet.
בקציצה,בקציצה,1,0,60,,,,,,unresolved,No lexical entry yet.
בקרא,בקרא,9,0,60,,,,,,unresolved,No lexical entry yet.
בקרבן,בקרבנ,2,65,60,,,,,,claims_below_safe_min60,No strict claim >=60%.
בקרן,בקרנ,2,65,60,,,,,,claims_below_safe_min60,No strict claim >=60%.
בקרקע,בקרקע,7,95,60,claim-2b55d8013266e1e8,floor (as if a pavement of pieces | tesseræ ) | of a building | the sea | bottom | (× one side of the) floor.,OpenScriptures morphHB,H7172,CC BY 4.0,safe_claims_min60,
בקרקעות,בקרקעות,1,0,60,,,,,,unresolved,No lexical entry yet.
בר,בר,14,65,60,,,,,,claims_below_safe_min60,No strict claim >=60%.
בר׳,בר׳,1,0,60,,,,,,unresolved,No lexical entry yet.
בר״פ,בר״פ,1,0,60,,,,,,unresolved,No lexical entry yet.
ברא״ש,ברא״ש,2,0,60,,,,,,unresolved,No lexical entry yet.
בראה,בראה,3,0,60,,,,,,unresolved,No lexical entry yet.
בראיה,בראיה,3,95,60,claim-f1204d946953d1b8,Berajah | an Israelite | Beraiah.,OpenScriptures HebrewLexicon,H1256,CC BY 4.0,safe_claims_min60,
בראשונה,בראשונה,1,0,60,,,,,,unresolved,No lexical entry yet.
בראשונים,בראשונימ,1,0,60,,,,,,unresolved,No lexical entry yet.
ברבינו,ברבינו,1,0,60,,,,,,unresolved,No lexical entry yet.
ברה״ר,ברה״ר,5,0,60,,,,,,unresolved,No lexical entry yet.
ברור,ברור,10,65,60,,,,,,claims_below_safe_min60,No strict claim >=60%.
ברורה,ברורה,9,65,60,,,,,,claims_below_safe_min60,No strict claim >=60%.
ברורים,ברורימ,2,65,60,,,,,,claims_below_safe_min60,No strict claim >=60%.
ברחבה,ברחבה,1,95,60,claim-b65716808669a324,roomy | in any ( | every) direction | literally | figuratively | broad | large | at liberty,OpenScriptures morphHB,H7342,CC BY 4.0,safe_claims_min60,
ברי,ברי,133,0,60,,,,,,unresolved,No lexical entry yet.
ברי״ף,ברי״פ,2,0,60,,,,,,unresolved,No lexical entry yet.
בריא,בריא,4,65,60,,,,,,claims_below_safe_min60,No strict claim >=60%.
בריה,בריה,1,65,60,,,,,,claims_below_safe_min60,No strict claim >=60%.
ברייתא,ברייתא,2,0,60,,,,,,unresolved,No lexical entry yet.
בריש,בריש,9,0,60,,,,,,unresolved,No lexical entry yet.
ברישא,ברישא,3,0,60,,,,,,unresolved,No lexical entry yet.
ברמב״ם,ברמב״מ,1,0,60,,,,,,unresolved,No lexical entry yet.
ברמב״ן,ברמב״נ,1,0,60,,,,,,unresolved,No lexical entry yet.
ברצון,ברצונ,3,95,60,claim-0ff4c3f6b0885db5,delight (especially as shown) | (be) acceptable(-ance | -ed) | delight | desire | favour | (good) pleasure | (own,OpenScriptures morphHB,H7522,CC BY 4.0,safe_claims_min60,
ברצונם,ברצונמ,4,65,60,,,,,,claims_below_safe_min60,No strict claim >=60%.
ברר,ברר,1,0,60,,,,,,unresolved,No lexical entry yet.
ברש״י,ברש״י,2,0,60,,,,,,unresolved,No lexical entry yet.
ברשות,ברשות,32,0,60,,,,,,unresolved,No lexical entry yet.
ברשותא,ברשותא,3,0,60,,,,,,unresolved,No lexical entry yet.
ברשותו,ברשותו,28,0,60,,,,,,unresolved,No lexical entry yet.
ברשותי׳,ברשותי׳,2,0,60,,,,,,unresolved,No lexical entry yet.
ברשותיה,ברשותיה,1,0,60,,,,,,unresolved,No lexical entry yet.
ברשותך,ברשותכ,1,0,60,,,,,,unresolved,No lexical entry yet.
בש״ך,בש״כ,2,0,60,,,,,,unresolved,No lexical entry yet.
בש״מ,בש״מ,8,0,60,,,,,,unresolved,No lexical entry yet.
בש״ש,בש״ש,1,0,60,,,,,,unresolved,No lexical entry yet.
בשאין,בשאינ,1,91,60,claim-120eac904079dd7d | claim-a5079f0b7fb0673a,in else | with else | by else | in except | with except | by except | in fail | with fail | a nonentity | generally used as a negative particle | else | except | fail | (father-) less | be gone | in(-curable),OpenScriptures morphHB,H369,CC BY 4.0,safe_claims_min60,
בשאינה,בשאינה,2,0,60,,,,,,unresolved,No lexical entry yet.
בשאינו,בשאינו,5,0,60,,,,,,unresolved,No lexical entry yet.
בשאינן,בשאיננ,1,0,60,,,,,,unresolved,No lexical entry yet.
בשאלה,בשאלה,1,65,60,,,,,,claims_below_safe_min60,No strict claim >=60%.
בשאמר,בשאמר,2,0,60,,,,,,unresolved,No lexical entry yet.
בשאר,בשאר,9,65,60,,,,,,claims_below_safe_min60,No strict claim >=60%.
בשבועה,בשבועה,45,0,60,,,,,,unresolved,No lexical entry yet.
בשבועות,בשבועות,24,0,60,,,,,,unresolved,No lexical entry yet.
בשבועת,בשבועת,35,0,60,,,,,,unresolved,No lexical entry yet.
בשבועתו,בשבועתו,6,0,60,,,,,,unresolved,No lexical entry yet.
בשביל,בשביל,58,65,60,,,,,,claims_below_safe_min60,No strict claim >=60%.
בשבילו,בשבילו,1,0,60,,,,,,unresolved,No lexical entry yet.
בשבע,בשבע,1,0,60,,,,,,unresolved,No lexical entry yet.
בשבר,בשבר,1,0,60,,,,,,unresolved,No lexical entry yet.
בשבת,בשבת,3,0,60,,,,,,unresolved,No lexical entry yet.
בשדה,בשדה,9,95,60,claim-9a3e1ba60367c993,a field (as flat) | country | field | ground | land | soil | × wild.,OpenScriptures morphHB,H7704,CC BY 4.0,safe_claims_min60,
בשדהו,בשדהו,1,0,60,,,,,,unresolved,No lexical entry yet.
בשהבן,בשהבנ,1,0,60,,,,,,unresolved,No lexical entry yet.
בשהשכר,בשהשכר,1,0,60,,,,,,unresolved,No lexical entry yet.
בשו״ע,בשו״ע,3,0,60,,,,,,unresolved,No lexical entry yet.
בשוה,בשוה,3,0,60,,,,,,unresolved,No lexical entry yet.
בשוכרים,בשוכרימ,1,0,60,,,,,,unresolved,No lexical entry yet.
בשום,בשומ,3,95,60,claim-428463a44ace814b,to put (used in a great variety of applications | literal | figurative | inferentially | and elliptically) | × any wise | appoint | bring,OpenScriptures morphHB,H7760,CC BY 4.0,safe_claims_min60,
בשומר,בשומר,1,0,60,,,,,,unresolved,No lexical entry yet.
בשומרים,בשומרימ,2,0,60,,,,,,unresolved,No lexical entry yet.
בשוק,בשוק,4,0,60,,,,,,unresolved,No lexical entry yet.
בשור,בשור,1,0,60,,,,,,unresolved,No lexical entry yet.
בשט״ח,בשט״ח,1,0,60,,,,,,unresolved,No lexical entry yet.
בשטוען,בשטוענ,1,0,60,,,,,,unresolved,No lexical entry yet.
בשטר,בשטר,65,0,60,,,,,,unresolved,No lexical entry yet.
בשטרו,בשטרו,1,0,60,,,,,,unresolved,No lexical entry yet.
בשטרות,בשטרות,3,0,60,,,,,,unresolved,No lexical entry yet.
בשטרי,בשטרי,4,0,60,,,,,,unresolved,No lexical entry yet.
בשיווי,בשיווי,1,0,60,,,,,,unresolved,No lexical entry yet.
בשיטת,בשיטת,4,0,60,,,,,,unresolved,No lexical entry yet.
בשיטתו,בשיטתו,1,0,60,,,,,,unresolved,No lexical entry yet.
בשימוש,בשימוש,1,0,60,,,,,,unresolved,No lexical entry yet.
בשכ״מ,בשכ״מ,3,0,60,,,,,,unresolved,No lexical entry yet.
בשכיר,בשכיר,1,0,60,,,,,,unresolved,No lexical entry yet.
בשכר,בשכר,1,0,60,,,,,,unresolved,No lexical entry yet.
בשל,בשל,2,0,60,,,,,,unresolved,No lexical entry yet.
בשלא,בשלא,2,91,60,claim-05335499cbe01078 | claim-66b1bdfa8656b749,in no | with no | by no | in or else | with or else | by or else | in ere | with ere | not (the simple | abs. negation) | by implication | no | often used with other particles | × before | or else | ere,OpenScriptures morphHB,H3808,CC BY 4.0,safe_claims_min60,
בשלמא,בשלמא,1,0,60,,,,,,unresolved,No lexical entry yet.
בשלש,בשלש,1,0,60,,,,,,unresolved,No lexical entry yet.
בשלשה,בשלשה,1,0,60,,,,,,unresolved,No lexical entry yet.
בשם,בשמ,17,65,60,,,,,,claims_below_safe_min60,No strict claim >=60%.
בשמא,בשמא,1,0,60,,,,,,unresolved,No lexical entry yet.
בשמו,בשמו,1,65,60,,,,,,claims_below_safe_min60,No strict claim >=60%.
בשמירה,בשמירה,1,0,60,,,,,,unresolved,No lexical entry yet.
בשמסרו,בשמסרו,1,0,60,,,,,,unresolved,No lexical entry yet.
בשמעתא,בשמעתא,2,0,60,,,,,,unresolved,No lexical entry yet.
בשמשכנו,בשמשכנו,1,0,60,,,,,,unresolved,No lexical entry yet.
בשני,בשני,5,65,60,,,,,,claims_below_safe_min60,No strict claim >=60%.
בשניהם,בשניהמ,11,0,60,,,,,,unresolved,No lexical entry yet.
בשנים,בשנימ,9,0,60,,,,,,unresolved,No lexical entry yet.
בשנת,בשנת,1,0,60,,,,,,unresolved,No lexical entry yet.
בשעבוד,בשעבוד,2,0,60,,,,,,unresolved,No lexical entry yet.
בשעה,בשעה,3,65,60,,,,,,claims_below_safe_min60,No strict claim >=60%.
בשעורים,בשעורימ,12,91,60,claim-38f4fe681f8a2cc8 | claim-4ea41c5e7fd06a27,in barley | with barley | by barley | barley (as villose) | barley.,OpenScriptures morphHB,H8184,CC BY 4.0,safe_claims_min60,
בשעיקר,בשעיקר,1,0,60,,,,,,unresolved,No lexical entry yet.
בשער,בשער,1,90,60,claim-ca8a02b4428eeef8 | claim-dd19617010f4ec67 | claim-265404724ff04033 | claim-39ea6b5bcd65bd70 | claim-1cbeb6d02c76d255 | claim-5bd41527554ba470 | claim-64bb7abf4c7cae56 | claim-973ae23020c38fb9 | claim-fcb6de421ab28e47 | claim-5cd6368e3972c42d | claim-24a30b24579af14f | claim-6a6cec0fa1717dc0,in hair | with hair | by hair | hair,Wikidata Lexeme | OpenScriptures morphHB | OpenScriptures HebrewLexicon,L68348 | H7778 | H8163 | H8175 | H8176 | H8177 | H8178 | H8179 | H8180 | H8181 | H8182,CC0 | CC BY 4.0,safe_claims_min60,
בשערו,בשערו,4,0,60,,,,,,unresolved,No lexical entry yet.
בשעת,בשעת,23,95,60,claim-82d79f0bca56a9b8,properly | a look | i.e. a moment | hour.,OpenScriptures morphHB,H8160,CC BY 4.0,safe_claims_min60,
בשצריכין,בשצריכינ,1,0,60,,,,,,unresolved,No lexical entry yet.
בשקרו,בשקרו,2,0,60,,,,,,unresolved,No lexical entry yet.
בשרו,בשרו,1,0,60,,,,,,unresolved,No lexical entry yet.
בשתי,בשתי,1,0,60,,,,,,unresolved,No lexical entry yet.
בת׳,בת׳,2,0,60,,,,,,unresolved,No lexical entry yet.
בתביעות,בתביעות,1,0,60,,,,,,unresolved,No lexical entry yet.
בתביעת,בתביעת,2,0,60,,,,,,unresolved,No lexical entry yet.
בתביעתו,בתביעתו,1,0,60,,,,,,unresolved,No lexical entry yet.
בתבעו,בתבעו,2,0,60,,,,,,unresolved,No lexical entry yet.
בתובע,בתובע,1,0,60,,,,,,unresolved,No lexical entry yet.
בתובעו,בתובעו,1,0,60,,,,,,unresolved,No lexical entry yet.
בתוך,בתוכ,10,95,60,claim-614fad1679af0ead,a bisection | i.e. (by implication) the centre | among(-st) | × between | half | × (there- | where-) | in(-to),OpenScriptures HebrewLexicon,H8432,CC BY 4.0,safe_claims_min60,
בתולה,בתולה,5,93,60,claim-cf767f452a7eab20,women who never had sex | virgin,Wikidata Lexeme,L64405,CC0,safe_claims_min60,
בתולים,בתולימ,1,0,60,,,,,,unresolved,No lexical entry yet.
בתומים,בתומימ,1,0,60,,,,,,unresolved,No lexical entry yet.
בתוס׳,בתוס׳,16,0,60,,,,,,unresolved,No lexical entry yet.
בתוספתא,בתוספתא,1,0,60,,,,,,unresolved,No lexical entry yet.
בתורה,בתורה,1,95,60,claim-7e7e2d1f91dbb428,a precept | statute | especially the Decalogue | Pentateuch | law.,OpenScriptures morphHB,H8451,CC BY 4.0,safe_claims_min60,
בתורת,בתורת,40,95,60,claim-7e7e2d1f91dbb428,a precept | statute | especially the Decalogue | Pentateuch | law.,OpenScriptures morphHB,H8451,CC BY 4.0,safe_claims_min60,
בתחילה,בתחילה,2,0,60,,,,,,unresolved,No lexical entry yet.
בתחילת,בתחילת,1,0,60,,,,,,unresolved,No lexical entry yet.
בתחלה,בתחלה,1,95,60,claim-17c3adc1190c1958,a commencement | relatively original (adverb | -ly) | begin(-ning) | first (time).,OpenScriptures morphHB,H8462,CC BY 4.0,safe_claims_min60,
בתחלת,בתחלת,7,95,60,claim-17c3adc1190c1958,a commencement | relatively original (adverb | -ly) | begin(-ning) | first (time).,OpenScriptures morphHB,H8462,CC BY 4.0,safe_claims_min60,
בתחלתו,בתחלתו,1,0,60,,,,,,unresolved,No lexical entry yet.
בתי,בתי,1,65,60,,,,,,claims_below_safe_min60,No strict claim >=60%.
בתי׳,בתי׳,3,0,60,,,,,,unresolved,No lexical entry yet.
בתימה,בתימה,3,0,60,,,,,,unresolved,No lexical entry yet.
בתירוצו,בתירוצו,1,0,60,,,,,,unresolved,No lexical entry yet.
בתלשם,בתלשמ,1,0,60,,,,,,unresolved,No lexical entry yet.
בתם,בתמ,1,0,60,,,,,,unresolved,No lexical entry yet.
בתמרים,בתמרימ,1,0,60,,,,,,unresolved,No lexical entry yet.
בתפסה,בתפסה,1,0,60,,,,,,unresolved,No lexical entry yet.
בתקנת,בתקנת,1,0,60,,,,,,unresolved,No lexical entry yet.
בתר,בתר,1,0,60,,,,,,unresolved,No lexical entry yet.
בתרא,בתרא,1,95,60,claim-5335abdf69914831,to see | literally | figuratively (in numerous applications | direct and implied | transitive | intransitive and causative) | advise self | appear,OpenScriptures morphHB,H7200,CC BY 4.0,safe_claims_min60,
בתרתי,בתרתי,1,0,60,,,,,,unresolved,No lexical entry yet.
בתשובה,בתשובה,9,65,60,,,,,,claims_below_safe_min60,No strict claim >=60%.
בתשובות,בתשובות,2,0,60,,,,,,unresolved,No lexical entry yet.
בתשובת,בתשובת,1,90,60,claim-496b1e7f749cd33e | claim-ddfeca0e44b8705a | claim-95c2b2b0d4014229,in answer | with answer | by answer | in reply | with reply | by reply | Repentance in Judaism | answer | reply,Wikidata Lexeme | OpenScriptures HebrewLexicon,L68762 | H8666,CC0 | CC BY 4.0,safe_claims_min60,
בתשומת,בתשומת,1,0,60,,,,,,unresolved,No lexical entry yet.
בתשלומין,בתשלומינ,1,0,60,,,,,,unresolved,No lexical entry yet.
ג,ג,2,52,60,,,,,,claims_below_safe_min60,No strict claim >=60%.
ג׳,ג׳,29,0,60,,,,,,unresolved,No lexical entry yet.
ג״כ,ג״כ,70,99,60,claim-747d2ef04a8acd08,also | likewise,Project-authored abbreviation table,project-abbreviation:gimel-kaf,project-authored / CC0,safe_claims_min60,
ג״פ,ג״פ,2,0,60,,,,,,unresolved,No lexical entry yet.
ג״ש,ג״ש,2,0,60,,,,,,unresolved,No lexical entry yet.
גאון,גאונ,3,93,60,claim-0be9bbc2b7b9457c,"genius, person who has exceptional intellectual ability, creativity, or originality | genius",Wikidata Lexeme,L64414,CC0,safe_claims_min60,
גאונים,גאונימ,11,0,60,,,,,,unresolved,No lexical entry yet.
גבה,גבה,1,65,60,,,,,,claims_below_safe_min60,No strict claim >=60%.
גבול,גבול,1,65,60,,,,,,claims_below_safe_min60,No strict claim >=60%.
גבי,גבי,104,65,60,,,,,,claims_below_safe_min60,No strict claim >=60%.
גביה,גביה,6,0,60,,,,,,unresolved,No lexical entry yet.
גביית,גביית,1,0,60,,,,,,unresolved,No lexical entry yet.
גבר,גבר,6,0,60,,,,,,unresolved,No lexical entry yet.
גברא,גברא,2,0,60,,,,,,unresolved,No lexical entry yet.
גדו״ת,גדו״ת,1,0,60,,,,,,unresolved,No lexical entry yet.
גדול,גדול,23,65,60,,,,,,claims_below_safe_min60,No strict claim >=60%.
גדולה,גדולה,7,65,60,,,,,,claims_below_safe_min60,No strict claim >=60%.
גדורה,גדורה,1,0,60,,,,,,unresolved,No lexical entry yet.
גדר,גדר,22,0,60,,,,,,unresolved,No lexical entry yet.
גובה,גובה,21,63,60,,,,,,claims_below_safe_min60,No strict claim >=60%.
גוביינא,גוביינא,3,0,60,,,,,,unresolved,No lexical entry yet.
גובין,גובינ,9,0,60,,,,,,unresolved,No lexical entry yet.
גודרות,גודרות,8,0,60,,,,,,unresolved,No lexical entry yet.
גוונא,גוונא,6,0,60,,,,,,unresolved,No lexical entry yet.
גווני,גווני,3,0,60,,,,,,unresolved,No lexical entry yet.
גוי,גוי,1,65,60,,,,,,claims_below_safe_min60,No strict claim >=60%.
גונא,גונא,2,0,60,,,,,,unresolved,No lexical entry yet.
גונב,גונב,1,0,60,,,,,,unresolved,No lexical entry yet.
גוף,גופ,8,93,60,claim-3480a888c61d9380,"grammatical person, grammatical category | person",Wikidata Lexeme,L64467,CC0,safe_claims_min60,
גופא,גופא,5,0,60,,,,,,unresolved,No lexical entry yet.
גופה,גופה,2,0,60,,,,,,unresolved,No lexical entry yet.
גופו,גופו,5,52,60,,,,,,claims_below_safe_min60,No strict claim >=60%.
גופי׳,גופי׳,1,0,60,,,,,,unresolved,No lexical entry yet.
גופיה,גופיה,1,89,60,claim-367e45858bfd0cfc | claim-3480a888c61d9380,"her grammatical person, grammatical category | its grammatical person, grammatical category | her person | its person | grammatical person, grammatical category | person",Wikidata Lexeme,L64467,CC0,safe_claims_min60,
גופייהו,גופייהו,1,0,60,,,,,,unresolved,No lexical entry yet.
גופן,גופנ,1,93,60,claim-86fe1495468bf66e,typeface,Wikidata Lexeme,L76593,CC0,safe_claims_min60,
גורם,גורמ,4,63,60,,,,,,claims_below_safe_min60,No strict claim >=60%.
גורמים,גורמימ,1,0,60,,,,,,unresolved,No lexical entry yet.
גורס,גורס,1,0,60,,,,,,unresolved,No lexical entry yet.
גורסים,גורסימ,1,0,60,,,,,,unresolved,No lexical entry yet.
גז״ש,גז״ש,1,0,60,,,,,,unresolved,No lexical entry yet.
גזה״כ,גזה״כ,1,0,60,,,,,,unresolved,No lexical entry yet.
גזו״א,גזו״א,1,0,60,,,,,,unresolved,No lexical entry yet.
גזול,גזול,1,0,60,,,,,,unresolved,No lexical entry yet.
גזילה,גזילה,9,0,60,,,,,,unresolved,No lexical entry yet.
גזל,גזל,3,0,60,,,,,,unresolved,No lexical entry yet.
גזלה,גזלה,4,0,60,,,,,,unresolved,No lexical entry yet.
גזלן,גזלנ,6,0,60,,,,,,unresolved,No lexical entry yet.
גזלתו,גזלתו,2,0,60,,,,,,unresolved,No lexical entry yet.
גזלתי,גזלתי,1,0,60,,,,,,unresolved,No lexical entry yet.
גזרות,גזרות,1,0,60,,,,,,unresolved,No lexical entry yet.
גט,גט,3,0,60,,,,,,unresolved,No lexical entry yet.
גיד,גיד,1,0,60,,,,,,unresolved,No lexical entry yet.
גיטין,גיטינ,1,0,60,,,,,,unresolved,No lexical entry yet.
גיסא,גיסא,1,0,60,,,,,,unresolved,No lexical entry yet.
גירסא,גירסא,1,0,60,,,,,,unresolved,No lexical entry yet.
גירסת,גירסת,1,0,60,,,,,,unresolved,No lexical entry yet.
גלגול,גלגול,43,0,60,,,,,,unresolved,No lexical entry yet.
גלגולים,גלגולימ,2,0,60,,,,,,unresolved,No lexical entry yet.
גלגולין,גלגולינ,1,0,60,,,,,,unresolved,No lexical entry yet.
גלגל,גלגל,4,65,60,,,,,,claims_below_safe_min60,No strict claim >=60%.
גליון,גליונ,1,0,60,,,,,,unresolved,No lexical entry yet.
גם,גמ,187,95,60,claim-b939335f26919033,properly | assemblage | used only adverbially also | even | yea | though | often repeated as correl. both ... and | again,OpenScriptures morphHB,H1571,CC BY 4.0,safe_claims_min60,
גמ׳,גמ׳,2,99,60,claim-6c955f66a5f24862,Gemara,Project-authored abbreviation table,project-abbreviation:gemara,project-authored / CC0,safe_claims_min60,
גמור,גמור,19,0,60,,,,,,unresolved,No lexical entry yet.
גמורה,גמורה,18,0,60,,,,,,unresolved,No lexical entry yet.
גמורות,גמורות,1,0,60,,,,,,unresolved,No lexical entry yet.
גמורים,גמורימ,4,0,60,,,,,,unresolved,No lexical entry yet.
גמר,גמר,3,65,60,,,,,,claims_below_safe_min60,No strict claim >=60%.
גנב,גנב,18,0,60,,,,,,unresolved,No lexical entry yet.
גנבה,גנבה,22,0,60,,,,,,unresolved,No lexical entry yet.
גנבי,גנבי,2,0,60,,,,,,unresolved,No lexical entry yet.
גנבם,גנבמ,2,0,60,,,,,,unresolved,No lexical entry yet.
גנבת,גנבת,3,0,60,,,,,,unresolved,No lexical entry yet.
גנבתו,גנבתו,1,0,60,,,,,,unresolved,No lexical entry yet.
גנבתי,גנבתי,1,0,60,,,,,,unresolved,No lexical entry yet.
גנבתם,גנבתמ,1,0,60,,,,,,unresolved,No lexical entry yet.
גנוב,גנוב,1,0,60,,,,,,unresolved,No lexical entry yet.
גנובים,גנובימ,14,0,60,,,,,,unresolved,No lexical entry yet.
גנובין,גנובינ,7,0,60,,,,,,unresolved,No lexical entry yet.
גניבה,גניבה,1,0,60,,,,,,unresolved,No lexical entry yet.
גסין,גסינ,1,0,60,,,,,,unresolved,No lexical entry yet.
גפנים,גפנימ,1,0,60,,,,,,unresolved,No lexical entry yet.
גרוע,גרוע,1,0,60,,,,,,unresolved,No lexical entry yet.
גרועה,גרועה,1,95,60,claim-71477851762393cd,to scrape off | by implication | to shave | remove | lessen | withhold | abate | clip,OpenScriptures morphHB,H1639,CC BY 4.0,safe_claims_min60,
גרידא,גרידא,2,0,60,,,,,,unresolved,No lexical entry yet.
גרם,גרמ,2,65,60,,,,,,claims_below_safe_min60,No strict claim >=60%.
גרמה,גרמה,1,0,60,,,,,,unresolved,No lexical entry yet.
גרסינן,גרסיננ,4,0,60,,,,,,unresolved,No lexical entry yet.
גרע,גרע,5,0,60,,,,,,unresolved,No lexical entry yet.
ד,ד,2,52,60,,,,,,claims_below_safe_min60,No strict claim >=60%.
ד׳,ד׳,62,92,60,claim-6a429f3792581302,the Name | YHWH | God,Curated lexical entry,lex-yhwh-h3068,source metadata incomplete,safe_claims_min60,
ד״ה,ד״ה,10,99,60,claim-e0bde483f2af82c0,opening words | comment beginning,Project-authored abbreviation table,project-abbreviation:dibbur-hamatchil,project-authored / CC0,safe_claims_min60,
ד״ת,ד״ת,6,0,60,,,,,,unresolved,No lexical entry yet.
דא״א,דא״א,5,0,60,,,,,,unresolved,No lexical entry yet.
דא״כ,דא״כ,28,0,60,,,,,,unresolved,No lexical entry yet.
דא״ל,דא״ל,3,0,60,,,,,,unresolved,No lexical entry yet.
דא״צ,דא״צ,6,0,60,,,,,,unresolved,No lexical entry yet.
דאאמע״ר,דאאמע״ר,2,0,60,,,,,,unresolved,No lexical entry yet.
דאבדה,דאבדה,1,0,60,,,,,,unresolved,No lexical entry yet.
דאבהתיה,דאבהתיה,1,0,60,,,,,,unresolved,No lexical entry yet.
דאבוה,דאבוה,2,0,60,,,,,,unresolved,No lexical entry yet.
דאבוהן,דאבוהנ,1,0,60,,,,,,unresolved,No lexical entry yet.
דאביהם,דאביהמ,4,0,60,,,,,,unresolved,No lexical entry yet.
דאביי,דאביי,1,0,60,,,,,,unresolved,No lexical entry yet.
דאבעיא,דאבעיא,3,0,60,,,,,,unresolved,No lexical entry yet.
דאגדתא,דאגדתא,5,0,60,,,,,,unresolved,No lexical entry yet.
דאדם,דאדמ,7,0,60,,,,,,unresolved,No lexical entry yet.
דאדעתא,דאדעתא,1,0,60,,,,,,unresolved,No lexical entry yet.
דאדרבא,דאדרבא,1,0,60,,,,,,unresolved,No lexical entry yet.
דאו,דאו,1,0,60,,,,,,unresolved,No lexical entry yet.
דאודי,דאודי,7,0,60,,,,,,unresolved,No lexical entry yet.
דאוחזין,דאוחזינ,11,0,60,,,,,,unresolved,No lexical entry yet.
דאולי,דאולי,2,0,60,,,,,,unresolved,No lexical entry yet.
דאומדנא,דאומדנא,1,0,60,,,,,,unresolved,No lexical entry yet.
דאומן,דאומנ,11,0,60,,,,,,unresolved,No lexical entry yet.
דאומר,דאומר,2,0,60,,,,,,unresolved,No lexical entry yet.
דאוקימתא,דאוקימתא,1,0,60,,,,,,unresolved,No lexical entry yet.
דאורח,דאורח,4,0,60,,,,,,unresolved,No lexical entry yet.
דאורייתא,דאורייתא,30,0,60,,,,,,unresolved,No lexical entry yet.
דאותו,דאותו,4,0,60,,,,,,unresolved,No lexical entry yet.
דאז,דאז,10,0,60,,,,,,unresolved,No lexical entry yet.
דאזיל,דאזיל,1,0,60,,,,,,unresolved,No lexical entry yet.
דאזל,דאזל,3,0,60,,,,,,unresolved,No lexical entry yet.
דאזמני׳,דאזמני׳,1,0,60,,,,,,unresolved,No lexical entry yet.
דאח״כ,דאח״כ,1,0,60,,,,,,unresolved,No lexical entry yet.
דאחד,דאחד,1,0,60,,,,,,unresolved,No lexical entry yet.
דאחזוקי,דאחזוקי,4,0,60,,,,,,unresolved,No lexical entry yet.
דאחר,דאחר,3,0,60,,,,,,unresolved,No lexical entry yet.
דאי,דאי,50,0,60,,,,,,unresolved,No lexical entry yet.
דאיבעי,דאיבעי,1,0,60,,,,,,unresolved,No lexical entry yet.
דאיברא,דאיברא,3,0,60,,,,,,unresolved,No lexical entry yet.
דאיהו,דאיהו,3,0,60,,,,,,unresolved,No lexical entry yet.
דאיזול,דאיזול,1,0,60,,,,,,unresolved,No lexical entry yet.
דאיירי,דאיירי,2,0,60,,,,,,unresolved,No lexical entry yet.
דאיך,דאיכ,4,0,60,,,,,,unresolved,No lexical entry yet.
דאיכא,דאיכא,43,0,60,,,,,,unresolved,No lexical entry yet.
דאילא״ה,דאילא״ה,2,0,60,,,,,,unresolved,No lexical entry yet.
דאימתי,דאימתי,1,0,60,,,,,,unresolved,No lexical entry yet.
דאין,דאינ,136,99,60,claim-e35b2562e8c66e06,that there is not | for there is not,Project-authored Aramaic grammar table,project-aramaic:de-ein,project-authored / CC0,safe_claims_min60,
דאינה,דאינה,2,0,60,,,,,,unresolved,No lexical entry yet.
דאינו,דאינו,87,0,60,,,,,,unresolved,No lexical entry yet.
דאיני,דאיני,2,0,60,,,,,,unresolved,No lexical entry yet.
דאינם,דאינמ,3,0,60,,,,,,unresolved,No lexical entry yet.
דאיסורא,דאיסורא,2,0,60,,,,,,unresolved,No lexical entry yet.
דאיצטריך,דאיצטריכ,2,0,60,,,,,,unresolved,No lexical entry yet.
דאית,דאית,12,0,60,,,,,,unresolved,No lexical entry yet.
דאיתא,דאיתא,6,0,60,,,,,,unresolved,No lexical entry yet.
דאיתקש,דאיתקש,1,0,60,,,,,,unresolved,No lexical entry yet.
דאיתרע,דאיתרע,1,0,60,,,,,,unresolved,No lexical entry yet.
דאכילה,דאכילה,1,0,60,,,,,,unresolved,No lexical entry yet.
דאכל,דאכל,1,0,60,,,,,,unresolved,No lexical entry yet.
דאכלה,דאכלה,2,0,60,,,,,,unresolved,No lexical entry yet.
דאכלי,דאכלי,3,0,60,,,,,,unresolved,No lexical entry yet.
דאכתי,דאכתי,9,0,60,,,,,,unresolved,No lexical entry yet.
דאל״כ,דאל״כ,1,0,60,,,,,,unresolved,No lexical entry yet.
דאלא״ה,דאלא״ה,1,0,60,,,,,,unresolved,No lexical entry yet.
דאלים,דאלימ,7,0,60,,,,,,unresolved,No lexical entry yet.
דאלמא,דאלמא,1,0,60,,,,,,unresolved,No lexical entry yet.
דאם,דאמ,115,0,60,,,,,,unresolved,No lexical entry yet.
דאמאי,דאמאי,3,0,60,,,,,,unresolved,No lexical entry yet.
דאמר,דאמר,106,0,60,,,,,,unresolved,No lexical entry yet.
דאמרו,דאמרו,1,0,60,,,,,,unresolved,No lexical entry yet.
דאמרי,דאמרי,6,0,60,,,,,,unresolved,No lexical entry yet.
דאמרינן,דאמריננ,55,0,60,,,,,,unresolved,No lexical entry yet.
דאמת,דאמת,1,0,60,,,,,,unresolved,No lexical entry yet.
דאנו,דאנו,8,0,60,,,,,,unresolved,No lexical entry yet.
דאנן,דאננ,3,0,60,,,,,,unresolved,No lexical entry yet.
דאסור,דאסור,2,0,60,,,,,,unresolved,No lexical entry yet.
דאע,דאע,1,0,60,,,,,,unresolved,No lexical entry yet.
דאע״ג,דאע״ג,4,0,60,,,,,,unresolved,No lexical entry yet.
דאף,דאפ,56,0,60,,,,,,unresolved,No lexical entry yet.
דאפי׳,דאפי׳,59,0,60,,,,,,unresolved,No lexical entry yet.
דאפסיד,דאפסיד,4,0,60,,,,,,unresolved,No lexical entry yet.
דאפקידו,דאפקידו,1,0,60,,,,,,unresolved,No lexical entry yet.
דאפשר,דאפשר,27,0,60,,,,,,unresolved,No lexical entry yet.
דאצל,דאצל,1,0,60,,,,,,unresolved,No lexical entry yet.
דאצרכו,דאצרכו,3,0,60,,,,,,unresolved,No lexical entry yet.
דאר״י,דאר״י,1,0,60,,,,,,unresolved,No lexical entry yet.
דארבא,דארבא,2,0,60,,,,,,unresolved,No lexical entry yet.
דארוסה,דארוסה,1,0,60,,,,,,unresolved,No lexical entry yet.
דאשבוחי,דאשבוחי,2,0,60,,,,,,unresolved,No lexical entry yet.
דאשכבתא,דאשכבתא,4,0,60,,,,,,unresolved,No lexical entry yet.
דאשכחן,דאשכחנ,4,0,60,,,,,,unresolved,No lexical entry yet.
דאשריתי׳,דאשריתי׳,1,0,60,,,,,,unresolved,No lexical entry yet.
דאשתמוטי,דאשתמוטי,1,0,60,,,,,,unresolved,No lexical entry yet.
דאתא,דאתא,1,0,60,,,,,,unresolved,No lexical entry yet.
דב׳,דב׳,1,0,60,,,,,,unresolved,No lexical entry yet.
דב״ד,דב״ד,4,0,60,,,,,,unresolved,No lexical entry yet.
דב״מ,דב״מ,7,0,60,,,,,,unresolved,No lexical entry yet.
דב״ק,דב״ק,2,0,60,,,,,,unresolved,No lexical entry yet.
דבא,דבא,4,0,60,,,,,,unresolved,No lexical entry yet.
דבאבדה,דבאבדה,1,0,60,,,,,,unresolved,No lexical entry yet.
דבאביו,דבאביו,1,0,60,,,,,,unresolved,No lexical entry yet.
דבאוחזין,דבאוחזינ,4,0,60,,,,,,unresolved,No lexical entry yet.
דבאומר,דבאומר,6,0,60,,,,,,unresolved,No lexical entry yet.
דבאופן,דבאופנ,3,0,60,,,,,,unresolved,No lexical entry yet.
דבאיזה,דבאיזה,1,0,60,,,,,,unresolved,No lexical entry yet.
דבאיכא,דבאיכא,2,0,60,,,,,,unresolved,No lexical entry yet.
דבאיני,דבאיני,1,0,60,,,,,,unresolved,No lexical entry yet.
דבאלו,דבאלו,1,0,60,,,,,,unresolved,No lexical entry yet.
דבאמר,דבאמר,5,0,60,,,,,,unresolved,No lexical entry yet.
דבאמת,דבאמת,33,0,60,,,,,,unresolved,No lexical entry yet.
דבארבא,דבארבא,1,0,60,,,,,,unresolved,No lexical entry yet.
דבב״ד,דבב״ד,1,0,60,,,,,,unresolved,No lexical entry yet.
דבבנו,דבבנו,12,0,60,,,,,,unresolved,No lexical entry yet.
דבבריא,דבבריא,1,0,60,,,,,,unresolved,No lexical entry yet.
דבגוביינא,דבגוביינא,1,0,60,,,,,,unresolved,No lexical entry yet.
דבגוי,דבגוי,1,0,60,,,,,,unresolved,No lexical entry yet.
דבגלגול,דבגלגול,1,0,60,,,,,,unresolved,No lexical entry yet.
דבגנבה,דבגנבה,1,0,60,,,,,,unresolved,No lexical entry yet.
דבד׳,דבד׳,1,0,60,,,,,,unresolved,No lexical entry yet.
דבד״מ,דבד״מ,1,0,60,,,,,,unresolved,No lexical entry yet.
דבדברי,דבדברי,1,0,60,,,,,,unresolved,No lexical entry yet.
דבדברים,דבדברימ,1,0,60,,,,,,unresolved,No lexical entry yet.
דבדין,דבדינ,2,0,60,,,,,,unresolved,No lexical entry yet.
דבדיני,דבדיני,1,0,60,,,,,,unresolved,No lexical entry yet.
דבדלי,דבדלי,1,0,60,,,,,,unresolved,No lexical entry yet.
דבדרבנן,דבדרבננ,1,0,60,,,,,,unresolved,No lexical entry yet.
דבהא,דבהא,1,0,60,,,,,,unresolved,No lexical entry yet.
דבהאי,דבהאי,2,0,60,,,,,,unresolved,No lexical entry yet.
דבהגדת,דבהגדת,1,0,60,,,,,,unresolved,No lexical entry yet.
דבהודאה,דבהודאה,1,0,60,,,,,,unresolved,No lexical entry yet.
דבהודה,דבהודה,1,0,60,,,,,,unresolved,No lexical entry yet.
דבהוציא,דבהוציא,1,0,60,,,,,,unresolved,No lexical entry yet.
דבהל׳,דבהל׳,1,0,60,,,,,,unresolved,No lexical entry yet.
דבהנהו,דבהנהו,1,0,60,,,,,,unresolved,No lexical entry yet.
דבהני,דבהני,1,0,60,,,,,,unresolved,No lexical entry yet.
דבהעדאת,דבהעדאת,1,0,60,,,,,,unresolved,No lexical entry yet.
דבודאי,דבודאי,3,0,60,,,,,,unresolved,No lexical entry yet.
דבורא,דבורא,1,0,60,,,,,,unresolved,No lexical entry yet.
דבורו,דבורו,1,0,60,,,,,,unresolved,No lexical entry yet.
דבושת,דבושת,1,0,60,,,,,,unresolved,No lexical entry yet.
דבזה,דבזה,33,0,60,,,,,,unresolved,No lexical entry yet.
דבחופר,דבחופר,1,0,60,,,,,,unresolved,No lexical entry yet.
דבחטים,דבחטימ,1,0,60,,,,,,unresolved,No lexical entry yet.
דבחיוב,דבחיוב,2,0,60,,,,,,unresolved,No lexical entry yet.
דבחקירות,דבחקירות,1,0,60,,,,,,unresolved,No lexical entry yet.
דבחשוד,דבחשוד,5,0,60,,,,,,unresolved,No lexical entry yet.
דבטוען,דבטוענ,3,0,60,,,,,,unresolved,No lexical entry yet.
דבטלית,דבטלית,1,0,60,,,,,,unresolved,No lexical entry yet.
דבטענת,דבטענת,4,0,60,,,,,,unresolved,No lexical entry yet.
דבי,דבי,1,0,60,,,,,,unresolved,No lexical entry yet.
דביורשין,דביורשינ,1,0,60,,,,,,unresolved,No lexical entry yet.
דבין,דבינ,4,0,60,,,,,,unresolved,No lexical entry yet.
דבירור,דבירור,1,0,60,,,,,,unresolved,No lexical entry yet.
דבכ״מ,דבכ״מ,1,0,60,,,,,,unresolved,No lexical entry yet.
דבכה״ג,דבכה״ג,8,0,60,,,,,,unresolved,No lexical entry yet.
דבכל,דבכל,18,0,60,,,,,,unresolved,No lexical entry yet.
דבכפירה,דבכפירה,1,0,60,,,,,,unresolved,No lexical entry yet.
דבכת״י,דבכת״י,3,0,60,,,,,,unresolved,No lexical entry yet.
דבכתב,דבכתב,1,0,60,,,,,,unresolved,No lexical entry yet.
דבלא,דבלא,13,0,60,,,,,,unresolved,No lexical entry yet.
דבלא״ה,דבלא״ה,2,0,60,,,,,,unresolved,No lexical entry yet.
דבלאו,דבלאו,1,0,60,,,,,,unresolved,No lexical entry yet.
דבלי,דבלי,1,0,60,,,,,,unresolved,No lexical entry yet.
דבליכא,דבליכא,1,0,60,,,,,,unresolved,No lexical entry yet.
דבמאי,דבמאי,1,0,60,,,,,,unresolved,No lexical entry yet.
דבמה,דבמה,3,0,60,,,,,,unresolved,No lexical entry yet.
דבמוצא,דבמוצא,1,0,60,,,,,,unresolved,No lexical entry yet.
דבמילי,דבמילי,1,0,60,,,,,,unresolved,No lexical entry yet.
דבמנה,דבמנה,1,0,60,,,,,,unresolved,No lexical entry yet.
דבמפרנס,דבמפרנס,2,0,60,,,,,,unresolved,No lexical entry yet.
דבמקום,דבמקומ,4,0,60,,,,,,unresolved,No lexical entry yet.
דבמתני׳,דבמתני׳,3,0,60,,,,,,unresolved,No lexical entry yet.
דבנ״ד,דבנ״ד,1,0,60,,,,,,unresolved,No lexical entry yet.
דבנאנסו,דבנאנסו,3,0,60,,,,,,unresolved,No lexical entry yet.
דבנדון,דבנדונ,1,0,60,,,,,,unresolved,No lexical entry yet.
דבניו,דבניו,1,0,60,,,,,,unresolved,No lexical entry yet.
דבנכנס,דבנכנס,1,0,60,,,,,,unresolved,No lexical entry yet.
דבנתינת,דבנתינת,1,0,60,,,,,,unresolved,No lexical entry yet.
דבסמ״ג,דבסמ״ג,1,0,60,,,,,,unresolved,No lexical entry yet.
דבסעיף,דבסעיפ,2,0,60,,,,,,unresolved,No lexical entry yet.
דבסתם,דבסתמ,2,0,60,,,,,,unresolved,No lexical entry yet.
דבסתמא,דבסתמא,6,0,60,,,,,,unresolved,No lexical entry yet.
דבע״א,דבע״א,1,0,60,,,,,,unresolved,No lexical entry yet.
דבעדות,דבעדות,1,0,60,,,,,,unresolved,No lexical entry yet.
דבעה״ב,דבעה״ב,2,0,60,,,,,,unresolved,No lexical entry yet.
דבעה״מ,דבעה״מ,1,0,60,,,,,,unresolved,No lexical entry yet.
דבעי,דבעי,3,0,60,,,,,,unresolved,No lexical entry yet.
דבעינא,דבעינא,1,0,60,,,,,,unresolved,No lexical entry yet.
דבעינן,דבעיננ,1,0,60,,,,,,unresolved,No lexical entry yet.
דבעיקר,דבעיקר,6,0,60,,,,,,unresolved,No lexical entry yet.
דבעשוי,דבעשוי,1,0,60,,,,,,unresolved,No lexical entry yet.
דבעת,דבעת,1,0,60,,,,,,unresolved,No lexical entry yet.
דבפ׳,דבפ׳,2,0,60,,,,,,unresolved,No lexical entry yet.
דבפ״י,דבפ״י,1,0,60,,,,,,unresolved,No lexical entry yet.
דבפוגם,דבפוגמ,1,0,60,,,,,,unresolved,No lexical entry yet.
דבפחות,דבפחות,2,0,60,,,,,,unresolved,No lexical entry yet.
דבפני,דבפני,1,0,60,,,,,,unresolved,No lexical entry yet.
דבפקדון,דבפקדונ,2,0,60,,,,,,unresolved,No lexical entry yet.
דבפשוטו,דבפשוטו,3,0,60,,,,,,unresolved,No lexical entry yet.
דבצער,דבצער,1,0,60,,,,,,unresolved,No lexical entry yet.
דבקטן,דבקטנ,1,0,60,,,,,,unresolved,No lexical entry yet.
דבקנסא,דבקנסא,1,0,60,,,,,,unresolved,No lexical entry yet.
דבקרא,דבקרא,9,0,60,,,,,,unresolved,No lexical entry yet.
דבקרבן,דבקרבנ,1,0,60,,,,,,unresolved,No lexical entry yet.
דבקרקע,דבקרקע,1,0,60,,,,,,unresolved,No lexical entry yet.
דבקרקעות,דבקרקעות,1,0,60,,,,,,unresolved,No lexical entry yet.
דבר,דבר,21,95,60,claim-2a56c84fb2e25567,thing | matter | word,OpenScriptures morphHB,H1697,CC BY 4.0,safe_claims_min60,
דברי,דברי,138,93,60,claim-0c5f9f20cde64cfc,thing | entity,Wikidata Lexeme,L64626,CC0,safe_claims_min60,
דבריהם,דבריהמ,15,0,60,,,,,,unresolved,No lexical entry yet.
דבריו,דבריו,67,95,60,claim-3fa46add6f3b0eef,a word | by implication | a matter (as spoken of) | thing | adverbially | a cause | act | advice,OpenScriptures morphHB,H1697,CC BY 4.0,safe_claims_min60,
דברייתא,דברייתא,3,0,60,,,,,,unresolved,No lexical entry yet.
דבריך,דבריכ,1,0,60,,,,,,unresolved,No lexical entry yet.
דברים,דברימ,38,65,60,,,,,,claims_below_safe_min60,No strict claim >=60%.
דברינו,דברינו,2,90,60,claim-1c077030f0ca45ef | claim-b0ee94c680484cdc | claim-daa435ce603ae7ff | claim-568918130f3218df | claim-9ed5ede9f89ea089 | claim-0c5f9f20cde64cfc,our thing | our entity | thing | entity,Wikidata Lexeme | OpenScriptures morphHB | OpenScriptures HebrewLexicon,L64626 | H1696 | H1697 | H1698 | H1704,CC0 | CC BY 4.0,safe_claims_min60,
דברצון,דברצונ,1,0,60,,,,,,unresolved,No lexical entry yet.
דבשאר,דבשאר,1,0,60,,,,,,unresolved,No lexical entry yet.
דבשבועה,דבשבועה,8,0,60,,,,,,unresolved,No lexical entry yet.
דבשבועת,דבשבועת,12,0,60,,,,,,unresolved,No lexical entry yet.
דבשביל,דבשביל,7,0,60,,,,,,unresolved,No lexical entry yet.
דבשטר,דבשטר,6,0,60,,,,,,unresolved,No lexical entry yet.
דבשטרות,דבשטרות,1,0,60,,,,,,unresolved,No lexical entry yet.
דבשכ״מ,דבשכ״מ,1,0,60,,,,,,unresolved,No lexical entry yet.
דבשכיר,דבשכיר,2,0,60,,,,,,unresolved,No lexical entry yet.
דבשלמא,דבשלמא,3,0,60,,,,,,unresolved,No lexical entry yet.
דבשניהם,דבשניהמ,5,0,60,,,,,,unresolved,No lexical entry yet.
דבשנים,דבשנימ,4,0,60,,,,,,unresolved,No lexical entry yet.
דבשעה,דבשעה,2,0,60,,,,,,unresolved,No lexical entry yet.
דבשעת,דבשעת,3,0,60,,,,,,unresolved,No lexical entry yet.
דבתביעת,דבתביעת,1,0,60,,,,,,unresolved,No lexical entry yet.
דבתוך,דבתוכ,1,0,60,,,,,,unresolved,No lexical entry yet.
דבתורת,דבתורת,2,0,60,,,,,,unresolved,No lexical entry yet.
דבתחלה,דבתחלה,3,0,60,,,,,,unresolved,No lexical entry yet.
דבתירוצו,דבתירוצו,1,0,60,,,,,,unresolved,No lexical entry yet.
דבתפיסי,דבתפיסי,2,0,60,,,,,,unresolved,No lexical entry yet.
דבתרווייהו,דבתרווייהו,2,0,60,,,,,,unresolved,No lexical entry yet.
דגבי,דגבי,25,0,60,,,,,,unresolved,No lexical entry yet.
דגדול,דגדול,2,0,60,,,,,,unresolved,No lexical entry yet.
דגדר,דגדר,1,0,60,,,,,,unresolved,No lexical entry yet.
דגובה,דגובה,1,0,60,,,,,,unresolved,No lexical entry yet.
דגודרות,דגודרות,3,0,60,,,,,,unresolved,No lexical entry yet.
דגז״ש,דגז״ש,2,0,60,,,,,,unresolved,No lexical entry yet.
דגזל,דגזל,1,0,60,,,,,,unresolved,No lexical entry yet.
דגזר,דגזר,1,0,60,,,,,,unresolved,No lexical entry yet.
דגיטין,דגיטינ,2,0,60,,,,,,unresolved,No lexical entry yet.
דגילויא,דגילויא,1,0,60,,,,,,unresolved,No lexical entry yet.
דגלגול,דגלגול,3,0,60,,,,,,unresolved,No lexical entry yet.
דגלי,דגלי,1,0,60,,,,,,unresolved,No lexical entry yet.
דגם,דגמ,84,0,60,,,,,,unresolved,No lexical entry yet.
דגמ׳,דגמ׳,3,0,60,,,,,,unresolved,No lexical entry yet.
דגמרא,דגמרא,1,0,60,,,,,,unresolved,No lexical entry yet.
דגרסינן,דגרסיננ,1,0,60,,,,,,unresolved,No lexical entry yet.
דד׳,דד׳,1,0,60,,,,,,unresolved,No lexical entry yet.
דד״ת,דד״ת,3,0,60,,,,,,unresolved,No lexical entry yet.
דדבר,דדבר,1,0,60,,,,,,unresolved,No lexical entry yet.
דדברי,דדברי,5,0,60,,,,,,unresolved,No lexical entry yet.
דדוקא,דדוקא,29,0,60,,,,,,unresolved,No lexical entry yet.
דדחו,דדחו,1,0,60,,,,,,unresolved,No lexical entry yet.
דדידיה,דדידיה,2,0,60,,,,,,unresolved,No lexical entry yet.
דדייקו,דדייקו,1,0,60,,,,,,unresolved,No lexical entry yet.
דדיליה,דדיליה,2,0,60,,,,,,unresolved,No lexical entry yet.
דדין,דדינ,18,0,60,,,,,,unresolved,No lexical entry yet.
דדינא,דדינא,5,0,60,,,,,,unresolved,No lexical entry yet.
דדינו,דדינו,2,0,60,,,,,,unresolved,No lexical entry yet.
דדלי,דדלי,1,0,60,,,,,,unresolved,No lexical entry yet.
דדלמא,דדלמא,1,0,60,,,,,,unresolved,No lexical entry yet.
דדמי,דדמי,5,0,60,,,,,,unresolved,No lexical entry yet.
דדעת,דדעת,5,0,60,,,,,,unresolved,No lexical entry yet.
דדעתו,דדעתו,2,0,60,,,,,,unresolved,No lexical entry yet.
דדר,דדר,1,0,60,,,,,,unresolved,No lexical entry yet.
דדרשא,דדרשא,1,0,60,,,,,,unresolved,No lexical entry yet.
דדרשינן,דדרשיננ,1,0,60,,,,,,unresolved,No lexical entry yet.
דה״ה,דה״ה,3,0,60,,,,,,unresolved,No lexical entry yet.
דה״נ,דה״נ,1,0,60,,,,,,unresolved,No lexical entry yet.
דהא,דהא,184,99,60,claim-5b9c0a3897891b71,for behold | since | for,Project-authored Aramaic grammar table,project-aramaic:de-ha,project-authored / CC0,safe_claims_min60,
דהאופנים,דהאופנימ,1,0,60,,,,,,unresolved,No lexical entry yet.
דהאי,דהאי,10,0,60,,,,,,unresolved,No lexical entry yet.
דהאידנא,דהאידנא,1,0,60,,,,,,unresolved,No lexical entry yet.
דהבו,דהבו,1,0,60,,,,,,unresolved,No lexical entry yet.
דהבי״ד,דהבי״ד,1,0,60,,,,,,unresolved,No lexical entry yet.
דהביא,דהביא,1,0,60,,,,,,unresolved,No lexical entry yet.
דהבעה״מ,דהבעה״מ,1,0,60,,,,,,unresolved,No lexical entry yet.
דהבעה״ת,דהבעה״ת,1,0,60,,,,,,unresolved,No lexical entry yet.
דהברייתא,דהברייתא,5,0,60,,,,,,unresolved,No lexical entry yet.
דהגלגול,דהגלגול,1,0,60,,,,,,unresolved,No lexical entry yet.
דהגמ׳,דהגמ׳,8,0,60,,,,,,unresolved,No lexical entry yet.
דהד״ת,דהד״ת,1,0,60,,,,,,unresolved,No lexical entry yet.
דהדבר,דהדבר,1,0,60,,,,,,unresolved,No lexical entry yet.
דהדין,דהדינ,1,0,60,,,,,,unresolved,No lexical entry yet.
דהדר,דהדר,1,0,60,,,,,,unresolved,No lexical entry yet.
דההוא,דההוא,2,0,60,,,,,,unresolved,No lexical entry yet.
דההודאה,דההודאה,1,0,60,,,,,,unresolved,No lexical entry yet.
דההיא,דההיא,1,0,60,,,,,,unresolved,No lexical entry yet.
דההל׳,דההל׳,1,0,60,,,,,,unresolved,No lexical entry yet.
דההלכה,דההלכה,1,0,60,,,,,,unresolved,No lexical entry yet.
דהו,דהו,1,0,60,,,,,,unresolved,No lexical entry yet.
דהו״ל,דהו״ל,9,0,60,,,,,,unresolved,No lexical entry yet.
דהוא,דהוא,53,0,60,,,,,,unresolved,No lexical entry yet.
דהואיל,דהואיל,1,0,60,,,,,,unresolved,No lexical entry yet.
דהודאה,דהודאה,1,0,60,,,,,,unresolved,No lexical entry yet.
דהודאת,דהודאת,3,0,60,,,,,,unresolved,No lexical entry yet.
דהודאתו,דהודאתו,3,0,60,,,,,,unresolved,No lexical entry yet.
דהודה,דהודה,3,0,60,,,,,,unresolved,No lexical entry yet.
דהוה,דהוה,1,0,60,,,,,,unresolved,No lexical entry yet.
דהוו,דהוו,2,0,60,,,,,,unresolved,No lexical entry yet.
דהוחזק,דהוחזק,4,0,60,,,,,,unresolved,No lexical entry yet.
דהוי,דהוי,72,0,60,,,,,,unresolved,No lexical entry yet.
דהורו,דהורו,1,0,60,,,,,,unresolved,No lexical entry yet.
דהזמה,דהזמה,1,0,60,,,,,,unresolved,No lexical entry yet.
דהחובל,דהחובל,1,0,60,,,,,,unresolved,No lexical entry yet.
דהחזקה,דהחזקה,1,0,60,,,,,,unresolved,No lexical entry yet.
דהחזרתי,דהחזרתי,4,0,60,,,,,,unresolved,No lexical entry yet.
דהחידוש,דהחידוש,1,0,60,,,,,,unresolved,No lexical entry yet.
דהחיוב,דהחיוב,1,0,60,,,,,,unresolved,No lexical entry yet.
דהחילוק,דהחילוק,3,0,60,,,,,,unresolved,No lexical entry yet.
דהחלוק,דהחלוק,1,0,60,,,,,,unresolved,No lexical entry yet.
דהחלוקה,דהחלוקה,4,0,60,,,,,,unresolved,No lexical entry yet.
דהחפץ,דהחפצ,4,0,60,,,,,,unresolved,No lexical entry yet.
דהחקירות,דהחקירות,1,0,60,,,,,,unresolved,No lexical entry yet.
דהחשוד,דהחשוד,1,0,60,,,,,,unresolved,No lexical entry yet.
דהטור,דהטור,1,0,60,,,,,,unresolved,No lexical entry yet.
דהטעם,דהטעמ,2,0,60,,,,,,unresolved,No lexical entry yet.
דהטענה,דהטענה,1,0,60,,,,,,unresolved,No lexical entry yet.
דהי׳,דהי׳,5,0,60,,,,,,unresolved,No lexical entry yet.
דהיא,דהיא,2,0,60,,,,,,unresolved,No lexical entry yet.
דהיאך,דהיאכ,1,0,60,,,,,,unresolved,No lexical entry yet.
דהיה,דהיה,1,0,60,,,,,,unresolved,No lexical entry yet.
דהיורש,דהיורש,1,0,60,,,,,,unresolved,No lexical entry yet.
דהיינו,דהיינו,13,0,60,,,,,,unresolved,No lexical entry yet.
דהיכא,דהיכא,7,0,60,,,,,,unresolved,No lexical entry yet.
דהיכי,דהיכי,26,0,60,,,,,,unresolved,No lexical entry yet.
דהיכן,דהיכנ,1,0,60,,,,,,unresolved,No lexical entry yet.
דהילך,דהילכ,2,0,60,,,,,,unresolved,No lexical entry yet.
דהילפותא,דהילפותא,1,0,60,,,,,,unresolved,No lexical entry yet.
דהיתה,דהיתה,1,0,60,,,,,,unresolved,No lexical entry yet.
דהך,דהכ,7,0,60,,,,,,unresolved,No lexical entry yet.
דהכא,דהכא,11,0,60,,,,,,unresolved,No lexical entry yet.
דהכונה,דהכונה,5,0,60,,,,,,unresolved,No lexical entry yet.
דהכחשה,דהכחשה,1,0,60,,,,,,unresolved,No lexical entry yet.
דהכי,דהכי,3,0,60,,,,,,unresolved,No lexical entry yet.
דהכל,דהכל,1,0,60,,,,,,unresolved,No lexical entry yet.
דהכלל,דהכלל,1,0,60,,,,,,unresolved,No lexical entry yet.
דהלה,דהלה,1,0,60,,,,,,unresolved,No lexical entry yet.
דהלוה,דהלוה,1,0,60,,,,,,unresolved,No lexical entry yet.
דהלח״מ,דהלח״מ,1,0,60,,,,,,unresolved,No lexical entry yet.
דהלכה,דהלכה,3,0,60,,,,,,unresolved,No lexical entry yet.
דהלמ״מ,דהלמ״מ,1,0,60,,,,,,unresolved,No lexical entry yet.
דהם,דהמ,2,0,60,,,,,,unresolved,No lexical entry yet.
דהמאכיל,דהמאכיל,1,0,60,,,,,,unresolved,No lexical entry yet.
דהמאכל,דהמאכל,1,0,60,,,,,,unresolved,No lexical entry yet.
דהמאמר,דהמאמר,2,0,60,,,,,,unresolved,No lexical entry yet.
דהמהר״מ,דהמהר״מ,2,0,60,,,,,,unresolved,No lexical entry yet.
דהמוצא,דהמוצא,1,0,60,,,,,,unresolved,No lexical entry yet.
דהמחבר,דהמחבר,1,0,60,,,,,,unresolved,No lexical entry yet.
דהמחזיק,דהמחזיק,1,0,60,,,,,,unresolved,No lexical entry yet.
דהמחליף,דהמחליפ,1,0,60,,,,,,unresolved,No lexical entry yet.
דהמלוה,דהמלוה,3,0,60,,,,,,unresolved,No lexical entry yet.
דהממון,דהממונ,1,0,60,,,,,,unresolved,No lexical entry yet.
דהמע״ה,דהמע״ה,1,0,60,,,,,,unresolved,No lexical entry yet.
דהמערער,דהמערער,1,0,60,,,,,,unresolved,No lexical entry yet.
דהמפקיד,דהמפקיד,1,0,60,,,,,,unresolved,No lexical entry yet.
דהמפרנס,דהמפרנס,3,0,60,,,,,,unresolved,No lexical entry yet.
דהמקדיש,דהמקדיש,3,0,60,,,,,,unresolved,No lexical entry yet.
דהנ״מ,דהנ״מ,2,0,60,,,,,,unresolved,No lexical entry yet.
דהנה,דהנה,6,0,60,,,,,,unresolved,No lexical entry yet.
דהני,דהני,1,0,60,,,,,,unresolved,No lexical entry yet.
דהניח,דהניח,1,0,60,,,,,,unresolved,No lexical entry yet.
דהנך,דהנכ,1,0,60,,,,,,unresolved,No lexical entry yet.
דהנפקד,דהנפקד,1,0,60,,,,,,unresolved,No lexical entry yet.
דהנשבע,דהנשבע,1,0,60,,,,,,unresolved,No lexical entry yet.
דהנתבע,דהנתבע,8,0,60,,,,,,unresolved,No lexical entry yet.
דהסברא,דהסברא,2,0,60,,,,,,unresolved,No lexical entry yet.
דהע״א,דהע״א,5,0,60,,,,,,unresolved,No lexical entry yet.
דהעד,דהעד,2,0,60,,,,,,unresolved,No lexical entry yet.
דהעדאת,דהעדאת,1,0,60,,,,,,unresolved,No lexical entry yet.
דהעדים,דהעדימ,2,0,60,,,,,,unresolved,No lexical entry yet.
דהעזה,דהעזה,3,0,60,,,,,,unresolved,No lexical entry yet.
דהעיקר,דהעיקר,2,0,60,,,,,,unresolved,No lexical entry yet.
דהפה,דהפה,4,0,60,,,,,,unresolved,No lexical entry yet.
דהפוגם,דהפוגמ,1,0,60,,,,,,unresolved,No lexical entry yet.
דהפושע,דהפושע,1,0,60,,,,,,unresolved,No lexical entry yet.
דהפטור,דהפטור,3,0,60,,,,,,unresolved,No lexical entry yet.
דהפי׳,דהפי׳,1,0,60,,,,,,unresolved,No lexical entry yet.
דהפלוגתא,דהפלוגתא,3,0,60,,,,,,unresolved,No lexical entry yet.
דהפרעון,דהפרעונ,1,0,60,,,,,,unresolved,No lexical entry yet.
דהקרא,דהקרא,1,0,60,,,,,,unresolved,No lexical entry yet.
דהקשו,דהקשו,1,0,60,,,,,,unresolved,No lexical entry yet.
דהר״י,דהר״י,7,0,60,,,,,,unresolved,No lexical entry yet.
דהר״נ,דהר״נ,2,0,60,,,,,,unresolved,No lexical entry yet.
דהר״ן,דהר״נ,2,0,60,,,,,,unresolved,No lexical entry yet.
דהרא״ש,דהרא״ש,3,0,60,,,,,,unresolved,No lexical entry yet.
דהראב״ד,דהראב״ד,4,0,60,,,,,,unresolved,No lexical entry yet.
דהראי׳,דהראי׳,1,0,60,,,,,,unresolved,No lexical entry yet.
דהרי,דהרי,5,0,60,,,,,,unresolved,No lexical entry yet.
דהרי״ף,דהרי״פ,6,0,60,,,,,,unresolved,No lexical entry yet.
דהריב״א,דהריב״א,3,0,60,,,,,,unresolved,No lexical entry yet.
דהריני,דהריני,1,0,60,,,,,,unresolved,No lexical entry yet.
דהרמב״ם,דהרמב״מ,23,0,60,,,,,,unresolved,No lexical entry yet.
דהרמב״ן,דהרמב״נ,6,0,60,,,,,,unresolved,No lexical entry yet.
דהרשב״א,דהרשב״א,1,0,60,,,,,,unresolved,No lexical entry yet.
דהרשב״ם,דהרשב״מ,1,0,60,,,,,,unresolved,No lexical entry yet.
דהשאיל,דהשאיל,1,0,60,,,,,,unresolved,No lexical entry yet.
דהשאלה,דהשאלה,1,0,60,,,,,,unresolved,No lexical entry yet.
דהשאלתים,דהשאלתימ,2,0,60,,,,,,unresolved,No lexical entry yet.
דהשבועה,דהשבועה,3,0,60,,,,,,unresolved,No lexical entry yet.
דהשטר,דהשטר,2,0,60,,,,,,unresolved,No lexical entry yet.
דהשיטות,דהשיטות,1,0,60,,,,,,unresolved,No lexical entry yet.
דהשכיר,דהשכיר,1,0,60,,,,,,unresolved,No lexical entry yet.
דהשליח,דהשליח,1,0,60,,,,,,unresolved,No lexical entry yet.
דהתובע,דהתובע,2,0,60,,,,,,unresolved,No lexical entry yet.
דהתוס׳,דהתוס׳,3,0,60,,,,,,unresolved,No lexical entry yet.
דהתורה,דהתורה,1,0,60,,,,,,unresolved,No lexical entry yet.
דהתינח,דהתינח,1,0,60,,,,,,unresolved,No lexical entry yet.
דהתם,דהתמ,17,0,60,,,,,,unresolved,No lexical entry yet.
דהתפיסה,דהתפיסה,1,0,60,,,,,,unresolved,No lexical entry yet.
דהתקנה,דהתקנה,1,0,60,,,,,,unresolved,No lexical entry yet.
דו״ח,דו״ח,3,0,60,,,,,,unresolved,No lexical entry yet.
דוגמא,דוגמא,1,0,60,,,,,,unresolved,No lexical entry yet.
דוד,דוד,1,93,60,claim-217051412c0528d9,"uncle, family relationship or kinship, between a person and his or her parent's brother or parent's brother-in-law | uncle",Wikidata Lexeme,L64652,CC0,safe_claims_min60,
דודאי,דודאי,19,0,60,,,,,,unresolved,No lexical entry yet.
דוהתנחלתם,דוהתנחלתמ,3,0,60,,,,,,unresolved,No lexical entry yet.
דוחה,דוחה,1,0,60,,,,,,unresolved,No lexical entry yet.
דוחים,דוחימ,1,0,60,,,,,,unresolved,No lexical entry yet.
דוחק,דוחק,2,0,60,,,,,,unresolved,No lexical entry yet.
דוכתא,דוכתא,1,0,60,,,,,,unresolved,No lexical entry yet.
דולא,דולא,2,0,60,,,,,,unresolved,No lexical entry yet.
דומה,דומה,10,65,60,,,,,,claims_below_safe_min60,No strict claim >=60%.
דומיא,דומיא,5,0,60,,,,,,unresolved,No lexical entry yet.
דונפל,דונפל,1,0,60,,,,,,unresolved,No lexical entry yet.
דוקא,דוקא,96,52,60,,,,,,claims_below_safe_min60,No strict claim >=60%.
דורש,דורש,1,95,60,claim-2accaaa23a81e920,properly | to tread | frequent | usually to follow (for pursuit | search) | by implication | to seek | ask,OpenScriptures morphHB,H1875,CC BY 4.0,safe_claims_min60,
דז״ל,דז״ל,1,0,60,,,,,,unresolved,No lexical entry yet.
דזבון,דזבונ,1,0,60,,,,,,unresolved,No lexical entry yet.
דזבין,דזבינ,1,0,60,,,,,,unresolved,No lexical entry yet.
דזבנא,דזבנא,1,0,60,,,,,,unresolved,No lexical entry yet.
דזבנה,דזבנה,17,0,60,,,,,,unresolved,No lexical entry yet.
דזבניה,דזבניה,1,0,60,,,,,,unresolved,No lexical entry yet.
דזה,דזה,39,0,60,,,,,,unresolved,No lexical entry yet.
דזהו,דזהו,24,0,60,,,,,,unresolved,No lexical entry yet.
דזו,דזו,2,0,60,,,,,,unresolved,No lexical entry yet.
דחבל,דחבל,4,0,60,,,,,,unresolved,No lexical entry yet.
דחבלה,דחבלה,1,0,60,,,,,,unresolved,No lexical entry yet.
דחד,דחד,7,0,60,,,,,,unresolved,No lexical entry yet.
דחה,דחה,4,0,60,,,,,,unresolved,No lexical entry yet.
דחוב,דחוב,1,0,60,,,,,,unresolved,No lexical entry yet.
דחולק,דחולק,3,0,60,,,,,,unresolved,No lexical entry yet.
דחולקים,דחולקימ,2,0,60,,,,,,unresolved,No lexical entry yet.
דחוק,דחוק,2,0,60,,,,,,unresolved,No lexical entry yet.
דחוששין,דחוששינ,2,0,60,,,,,,unresolved,No lexical entry yet.
דחזינן,דחזיננ,2,0,60,,,,,,unresolved,No lexical entry yet.
דחזקה,דחזקה,10,0,60,,,,,,unresolved,No lexical entry yet.
דחזקת,דחזקת,4,0,60,,,,,,unresolved,No lexical entry yet.
דחזרה,דחזרה,1,0,60,,,,,,unresolved,No lexical entry yet.
דחטים,דחטימ,1,0,60,,,,,,unresolved,No lexical entry yet.
דחידושו,דחידושו,1,0,60,,,,,,unresolved,No lexical entry yet.
דחיה,דחיה,1,0,60,,,,,,unresolved,No lexical entry yet.
דחיוביה,דחיוביה,1,0,60,,,,,,unresolved,No lexical entry yet.
דחייב,דחייב,17,0,60,,,,,,unresolved,No lexical entry yet.
דחייבה,דחייבה,2,0,60,,,,,,unresolved,No lexical entry yet.
דחכמים,דחכמימ,3,0,60,,,,,,unresolved,No lexical entry yet.
דחלה,דחלה,1,0,60,,,,,,unresolved,No lexical entry yet.
דחלוק,דחלוק,2,0,60,,,,,,unresolved,No lexical entry yet.
דחלוקה,דחלוקה,5,0,60,,,,,,unresolved,No lexical entry yet.
דחמץ,דחמצ,1,0,60,,,,,,unresolved,No lexical entry yet.
דחספא,דחספא,1,0,60,,,,,,unresolved,No lexical entry yet.
דחסר,דחסר,1,0,60,,,,,,unresolved,No lexical entry yet.
דחפר,דחפר,1,0,60,,,,,,unresolved,No lexical entry yet.
דחצי׳,דחצי׳,1,0,60,,,,,,unresolved,No lexical entry yet.
דחצר,דחצר,1,0,60,,,,,,unresolved,No lexical entry yet.
דחקירות,דחקירות,2,0,60,,,,,,unresolved,No lexical entry yet.
דחשבינן,דחשביננ,6,0,60,,,,,,unresolved,No lexical entry yet.
דחשוב,דחשוב,2,0,60,,,,,,unresolved,No lexical entry yet.
דחשוד,דחשוד,5,0,60,,,,,,unresolved,No lexical entry yet.
דחשיב,דחשיב,3,0,60,,,,,,unresolved,No lexical entry yet.
דחשיד,דחשיד,1,0,60,,,,,,unresolved,No lexical entry yet.
דטוען,דטוענ,7,0,60,,,,,,unresolved,No lexical entry yet.
דטוענין,דטוענינ,1,0,60,,,,,,unresolved,No lexical entry yet.
דטעין,דטעינ,10,0,60,,,,,,unresolved,No lexical entry yet.
דטעמא,דטעמא,10,0,60,,,,,,unresolved,No lexical entry yet.
דטעמו,דטעמו,2,0,60,,,,,,unresolved,No lexical entry yet.
דטען,דטענ,1,0,60,,,,,,unresolved,No lexical entry yet.
דטענה,דטענה,3,0,60,,,,,,unresolved,No lexical entry yet.
דטענו,דטענו,4,0,60,,,,,,unresolved,No lexical entry yet.
דטענינן,דטעניננ,1,0,60,,,,,,unresolved,No lexical entry yet.
דטענת,דטענת,10,0,60,,,,,,unresolved,No lexical entry yet.
דטענתו,דטענתו,2,0,60,,,,,,unresolved,No lexical entry yet.
דטענתם,דטענתמ,1,0,60,,,,,,unresolved,No lexical entry yet.
די,די,3,65,60,,,,,,claims_below_safe_min60,No strict claim >=60%.
די״ל,די״ל,3,0,60,,,,,,unresolved,No lexical entry yet.
דיבורא,דיבורא,1,0,60,,,,,,unresolved,No lexical entry yet.
דידה,דידה,3,0,60,,,,,,unresolved,No lexical entry yet.
דידי,דידי,11,0,60,,,,,,unresolved,No lexical entry yet.
דידי׳,דידי׳,3,0,60,,,,,,unresolved,No lexical entry yet.
דידיה,דידיה,5,0,60,,,,,,unresolved,No lexical entry yet.
דידך,דידכ,1,0,60,,,,,,unresolved,No lexical entry yet.
דידן,דידנ,1,0,60,,,,,,unresolved,No lexical entry yet.
דידעינן,דידעיננ,2,0,60,,,,,,unresolved,No lexical entry yet.
דיהא,דיהא,6,0,60,,,,,,unresolved,No lexical entry yet.
דיהב,דיהב,1,0,60,,,,,,unresolved,No lexical entry yet.
דיודה,דיודה,1,0,60,,,,,,unresolved,No lexical entry yet.
דיוכל,דיוכל,1,0,60,,,,,,unresolved,No lexical entry yet.
דיוק,דיוק,1,0,60,,,,,,unresolved,No lexical entry yet.
דיוקא,דיוקא,1,0,60,,,,,,unresolved,No lexical entry yet.
דיורשין,דיורשינ,3,0,60,,,,,,unresolved,No lexical entry yet.
דיותר,דיותר,1,0,60,,,,,,unresolved,No lexical entry yet.
דיחלוקו,דיחלוקו,2,0,60,,,,,,unresolved,No lexical entry yet.
דייני,דייני,1,0,60,,,,,,unresolved,No lexical entry yet.
דיינינן,דייניננ,5,0,60,,,,,,unresolved,No lexical entry yet.
דייק,דייק,2,0,60,,,,,,unresolved,No lexical entry yet.
דיכול,דיכול,16,0,60,,,,,,unresolved,No lexical entry yet.
דיליה,דיליה,4,0,60,,,,,,unresolved,No lexical entry yet.
דיליף,דיליפ,4,0,60,,,,,,unresolved,No lexical entry yet.
דילמא,דילמא,5,0,60,,,,,,unresolved,No lexical entry yet.
דילפינן,דילפיננ,6,0,60,,,,,,unresolved,No lexical entry yet.
דימה,דימה,1,0,60,,,,,,unresolved,No lexical entry yet.
דין,דינ,159,65,60,,,,,,claims_below_safe_min60,No strict claim >=60%.
דינא,דינא,46,0,60,,,,,,unresolved,No lexical entry yet.
דינה,דינה,1,65,60,,,,,,claims_below_safe_min60,No strict claim >=60%.
דינו,דינו,22,0,60,,,,,,unresolved,No lexical entry yet.
דיני,דיני,3,65,60,,,,,,claims_below_safe_min60,No strict claim >=60%.
דינים,דינימ,11,0,60,,,,,,unresolved,No lexical entry yet.
דינין,דינינ,2,0,60,,,,,,unresolved,No lexical entry yet.
דינרי,דינרי,1,0,60,,,,,,unresolved,No lexical entry yet.
דינרים,דינרימ,5,0,60,,,,,,unresolved,No lexical entry yet.
דינרין,דינרינ,9,0,60,,,,,,unresolved,No lexical entry yet.
דיסוד,דיסוד,2,0,60,,,,,,unresolved,No lexical entry yet.
דיצטרך,דיצטרכ,1,0,60,,,,,,unresolved,No lexical entry yet.
דיקלא,דיקלא,3,0,60,,,,,,unresolved,No lexical entry yet.
דירא,דירא,4,0,60,,,,,,unresolved,No lexical entry yet.
דירה,דירה,7,0,60,,,,,,unresolved,No lexical entry yet.
דירושלמי,דירושלמי,1,0,60,,,,,,unresolved,No lexical entry yet.
דירתו,דירתו,2,0,60,,,,,,unresolved,No lexical entry yet.
דירתן,דירתנ,1,0,60,,,,,,unresolved,No lexical entry yet.
דיש,דיש,76,0,60,,,,,,unresolved,No lexical entry yet.
דישבע,דישבע,2,0,60,,,,,,unresolved,No lexical entry yet.
דישלם,דישלמ,1,0,60,,,,,,unresolved,No lexical entry yet.
דיתמי,דיתמי,5,0,60,,,,,,unresolved,No lexical entry yet.
דכ׳,דכ׳,1,0,60,,,,,,unresolved,No lexical entry yet.
דכ״ז,דכ״ז,3,0,60,,,,,,unresolved,No lexical entry yet.
דכ״מ,דכ״מ,5,0,60,,,,,,unresolved,No lexical entry yet.
דכאן,דכאנ,10,0,60,,,,,,unresolved,No lexical entry yet.
דכבר,דכבר,7,0,60,,,,,,unresolved,No lexical entry yet.
דכדא״ג,דכדא״ג,1,0,60,,,,,,unresolved,No lexical entry yet.
דכדרכה,דכדרכה,1,0,60,,,,,,unresolved,No lexical entry yet.
דכה״ג,דכה״ג,1,0,60,,,,,,unresolved,No lexical entry yet.
דכולה,דכולה,1,0,60,,,,,,unresolved,No lexical entry yet.
דכולי,דכולי,1,0,60,,,,,,unresolved,No lexical entry yet.
דכונת,דכונת,11,0,60,,,,,,unresolved,No lexical entry yet.
דכונתו,דכונתו,5,0,60,,,,,,unresolved,No lexical entry yet.
דכופר,דכופר,2,0,60,,,,,,unresolved,No lexical entry yet.
דכותבין,דכותבינ,1,0,60,,,,,,unresolved,No lexical entry yet.
דכי,דכי,13,0,60,,,,,,unresolved,No lexical entry yet.
דכיון,דכיונ,94,0,60,,,,,,unresolved,No lexical entry yet.
דכיתנא,דכיתנא,1,0,60,,,,,,unresolved,No lexical entry yet.
דכל,דכל,43,0,60,,,,,,unresolved,No lexical entry yet.
דכלים,דכלימ,1,0,60,,,,,,unresolved,No lexical entry yet.
דכלל,דכלל,3,0,60,,,,,,unresolved,No lexical entry yet.
דכללא,דכללא,1,0,60,,,,,,unresolved,No lexical entry yet.
דכמו,דכמו,8,0,60,,,,,,unresolved,No lexical entry yet.
דכן,דכנ,3,0,60,,,,,,unresolved,No lexical entry yet.
דכנגד,דכנגד,1,0,60,,,,,,unresolved,No lexical entry yet.
דכפי,דכפי,1,0,60,,,,,,unresolved,No lexical entry yet.
דכר,דכר,1,0,60,,,,,,unresolved,No lexical entry yet.
דכשהודה,דכשהודה,1,0,60,,,,,,unresolved,No lexical entry yet.
דכשיהי׳,דכשיהי׳,1,0,60,,,,,,unresolved,No lexical entry yet.
דכשלא,דכשלא,1,0,60,,,,,,unresolved,No lexical entry yet.
דכשמשביע,דכשמשביע,1,0,60,,,,,,unresolved,No lexical entry yet.
דכשנטל,דכשנטל,1,0,60,,,,,,unresolved,No lexical entry yet.
דכשנכנס,דכשנכנס,1,0,60,,,,,,unresolved,No lexical entry yet.
דכשתבעו,דכשתבעו,1,0,60,,,,,,unresolved,No lexical entry yet.
דכתב,דכתב,2,0,60,,,,,,unresolved,No lexical entry yet.
דכתבו,דכתבו,2,0,60,,,,,,unresolved,No lexical entry yet.
דכתוב,דכתוב,1,0,60,,,,,,unresolved,No lexical entry yet.
דכתובות,דכתובות,2,0,60,,,,,,unresolved,No lexical entry yet.
דכתי׳,דכתי׳,1,0,60,,,,,,unresolved,No lexical entry yet.
דכתיב,דכתיב,4,0,60,,,,,,unresolved,No lexical entry yet.
דל״ל,דל״ל,1,0,60,,,,,,unresolved,No lexical entry yet.
דל״מ,דל״מ,1,0,60,,,,,,unresolved,No lexical entry yet.
דל״ש,דל״ש,1,0,60,,,,,,unresolved,No lexical entry yet.
דלא,דלא,264,99,60,claim-5dfae68433b864c9,that not | which does not | without,Project-authored Aramaic grammar table,project-aramaic:dela,project-authored / CC0,safe_claims_min60,
דלאו,דלאו,5,0,60,,,,,,unresolved,No lexical entry yet.
דלבד,דלבד,2,0,60,,,,,,unresolved,No lexical entry yet.
דלבתר,דלבתר,1,0,60,,,,,,unresolved,No lexical entry yet.
דלגבות,דלגבות,1,0,60,,,,,,unresolved,No lexical entry yet.
דלגבי,דלגבי,6,0,60,,,,,,unresolved,No lexical entry yet.
דלדברי,דלדברי,1,0,60,,,,,,unresolved,No lexical entry yet.
דלדידי׳,דלדידי׳,1,0,60,,,,,,unresolved,No lexical entry yet.
דלדידן,דלדידנ,1,0,60,,,,,,unresolved,No lexical entry yet.
דלדין,דלדינ,1,0,60,,,,,,unresolved,No lexical entry yet.
דלדעת,דלדעת,2,0,60,,,,,,unresolved,No lexical entry yet.
דלהד״מ,דלהד״מ,2,0,60,,,,,,unresolved,No lexical entry yet.
דלהד״ם,דלהד״מ,1,0,60,,,,,,unresolved,No lexical entry yet.
דלהדיא,דלהדיא,2,0,60,,,,,,unresolved,No lexical entry yet.
דלהודאתו,דלהודאתו,1,0,60,,,,,,unresolved,No lexical entry yet.
דלהוציא,דלהוציא,1,0,60,,,,,,unresolved,No lexical entry yet.
דלהחזיק,דלהחזיק,1,0,60,,,,,,unresolved,No lexical entry yet.
דלהך,דלהכ,1,0,60,,,,,,unresolved,No lexical entry yet.
דלהכי,דלהכי,1,0,60,,,,,,unresolved,No lexical entry yet.
דלהלכה,דלהלכה,2,0,60,,,,,,unresolved,No lexical entry yet.
דלהמבואר,דלהמבואר,1,0,60,,,,,,unresolved,No lexical entry yet.
דלהנוב״י,דלהנוב״י,1,0,60,,,,,,unresolved,No lexical entry yet.
דלהני,דלהני,1,0,60,,,,,,unresolved,No lexical entry yet.
דלהרי״ף,דלהרי״פ,3,0,60,,,,,,unresolved,No lexical entry yet.
דלודי,דלודי,1,0,60,,,,,,unresolved,No lexical entry yet.
דלוה,דלוה,3,0,60,,,,,,unresolved,No lexical entry yet.
דלומר,דלומר,1,0,60,,,,,,unresolved,No lexical entry yet.
דלוקח,דלוקח,1,0,60,,,,,,unresolved,No lexical entry yet.
דלזה,דלזה,1,0,60,,,,,,unresolved,No lexical entry yet.
דלזכרון,דלזכרונ,2,0,60,,,,,,unresolved,No lexical entry yet.
דלחזינהו,דלחזינהו,1,0,60,,,,,,unresolved,No lexical entry yet.
דלחיוב,דלחיוב,1,0,60,,,,,,unresolved,No lexical entry yet.
דלחייב,דלחייב,3,0,60,,,,,,unresolved,No lexical entry yet.
דלידוק,דלידוק,1,0,60,,,,,,unresolved,No lexical entry yet.
דליהמניה,דליהמניה,2,0,60,,,,,,unresolved,No lexical entry yet.
דליחזינהו,דליחזינהו,2,0,60,,,,,,unresolved,No lexical entry yet.
דליכא,דליכא,27,0,60,,,,,,unresolved,No lexical entry yet.
דלית,דלית,8,0,60,,,,,,unresolved,No lexical entry yet.
דליתא,דליתא,1,0,60,,,,,,unresolved,No lexical entry yet.
דלכאורה,דלכאורה,12,0,60,,,,,,unresolved,No lexical entry yet.
דלכל,דלכל,1,0,60,,,,,,unresolved,No lexical entry yet.
דלכן,דלכנ,1,0,60,,,,,,unresolved,No lexical entry yet.
דלכתחלה,דלכתחלה,1,0,60,,,,,,unresolved,No lexical entry yet.
דלמ״ד,דלמ״ד,1,0,60,,,,,,unresolved,No lexical entry yet.
דלמ״ל,דלמ״ל,2,0,60,,,,,,unresolved,No lexical entry yet.
דלמדין,דלמדינ,1,0,60,,,,,,unresolved,No lexical entry yet.
דלמה,דלמה,22,0,60,,,,,,unresolved,No lexical entry yet.
דלמיתלשינהו,דלמיתלשינהו,1,0,60,,,,,,unresolved,No lexical entry yet.
דלעולם,דלעולמ,2,0,60,,,,,,unresolved,No lexical entry yet.
דלעיל,דלעיל,1,0,60,,,,,,unresolved,No lexical entry yet.
דלעלמא,דלעלמא,1,0,60,,,,,,unresolved,No lexical entry yet.
דלענין,דלענינ,7,0,60,,,,,,unresolved,No lexical entry yet.
דלעשות,דלעשות,1,0,60,,,,,,unresolved,No lexical entry yet.
דלפ״מ,דלפ״מ,1,0,60,,,,,,unresolved,No lexical entry yet.
דלפי,דלפי,5,0,60,,,,,,unresolved,No lexical entry yet.
דלפי״ז,דלפי״ז,8,0,60,,,,,,unresolved,No lexical entry yet.
דלפי״מ,דלפי״מ,1,0,60,,,,,,unresolved,No lexical entry yet.
דלפירוש,דלפירוש,1,0,60,,,,,,unresolved,No lexical entry yet.
דלפירושו,דלפירושו,1,0,60,,,,,,unresolved,No lexical entry yet.
דלפירות,דלפירות,1,0,60,,,,,,unresolved,No lexical entry yet.
דלקדושין,דלקדושינ,1,0,60,,,,,,unresolved,No lexical entry yet.
דלקוח,דלקוח,9,0,60,,,,,,unresolved,No lexical entry yet.
דלקוחה,דלקוחה,3,0,60,,,,,,unresolved,No lexical entry yet.
דלקטן,דלקטנ,1,0,60,,,,,,unresolved,No lexical entry yet.
דלר׳,דלר׳,4,0,60,,,,,,unresolved,No lexical entry yet.
דלראב״י,דלראב״י,1,0,60,,,,,,unresolved,No lexical entry yet.
דלרב,דלרב,3,0,60,,,,,,unresolved,No lexical entry yet.
דלרבא,דלרבא,2,0,60,,,,,,unresolved,No lexical entry yet.
דלרבנן,דלרבננ,2,0,60,,,,,,unresolved,No lexical entry yet.
דלשון,דלשונ,2,0,60,,,,,,unresolved,No lexical entry yet.
דלשונות,דלשונות,1,0,60,,,,,,unresolved,No lexical entry yet.
דלשיטת,דלשיטת,5,0,60,,,,,,unresolved,No lexical entry yet.
דלשיטתי׳,דלשיטתי׳,1,0,60,,,,,,unresolved,No lexical entry yet.
דלשם,דלשמ,1,0,60,,,,,,unresolved,No lexical entry yet.
דלשמירה,דלשמירה,1,0,60,,,,,,unresolved,No lexical entry yet.
דמ״ד,דמ״ד,9,0,60,,,,,,unresolved,No lexical entry yet.
דמ״מ,דמ״מ,7,0,60,,,,,,unresolved,No lexical entry yet.
דמ״ש,דמ״ש,1,0,60,,,,,,unresolved,No lexical entry yet.
דמאי,דמאי,10,0,60,,,,,,unresolved,No lexical entry yet.
דמאן,דמאנ,4,0,60,,,,,,unresolved,No lexical entry yet.
דמארי׳,דמארי׳,1,0,60,,,,,,unresolved,No lexical entry yet.
דמבואר,דמבואר,3,0,60,,,,,,unresolved,No lexical entry yet.
דמבורר,דמבורר,1,0,60,,,,,,unresolved,No lexical entry yet.
דמגלגל,דמגלגל,4,0,60,,,,,,unresolved,No lexical entry yet.
דמגלגלין,דמגלגלינ,1,0,60,,,,,,unresolved,No lexical entry yet.
דמד׳,דמד׳,1,0,60,,,,,,unresolved,No lexical entry yet.
דמדאורייתא,דמדאורייתא,2,0,60,,,,,,unresolved,No lexical entry yet.
דמדברי,דמדברי,2,0,60,,,,,,unresolved,No lexical entry yet.
דמדהיו,דמדהיו,1,0,60,,,,,,unresolved,No lexical entry yet.
דמדחה,דמדחה,1,0,60,,,,,,unresolved,No lexical entry yet.
דמדין,דמדינ,2,0,60,,,,,,unresolved,No lexical entry yet.
דמדינא,דמדינא,2,0,60,,,,,,unresolved,No lexical entry yet.
דמדמי,דמדמי,3,0,60,,,,,,unresolved,No lexical entry yet.
דמדרבנן,דמדרבננ,1,0,60,,,,,,unresolved,No lexical entry yet.
דמה,דמה,58,0,60,,,,,,unresolved,No lexical entry yet.
דמה״ט,דמה״ט,1,0,60,,,,,,unresolved,No lexical entry yet.
דמה״ת,דמה״ת,1,0,60,,,,,,unresolved,No lexical entry yet.
דמהאי,דמהאי,1,0,60,,,,,,unresolved,No lexical entry yet.
דמהגמ׳,דמהגמ׳,1,0,60,,,,,,unresolved,No lexical entry yet.
דמהדר,דמהדר,2,0,60,,,,,,unresolved,No lexical entry yet.
דמהיכי,דמהיכי,1,0,60,,,,,,unresolved,No lexical entry yet.
דמהך,דמהכ,1,0,60,,,,,,unresolved,No lexical entry yet.
דמהלכה,דמהלכה,1,0,60,,,,,,unresolved,No lexical entry yet.
דמהני,דמהני,18,0,60,,,,,,unresolved,No lexical entry yet.
דמהפכין,דמהפכינ,1,0,60,,,,,,unresolved,No lexical entry yet.
דמהפכינן,דמהפכיננ,1,0,60,,,,,,unresolved,No lexical entry yet.
דמודה,דמודה,14,0,60,,,,,,unresolved,No lexical entry yet.
דמוכח,דמוכח,10,0,60,,,,,,unresolved,No lexical entry yet.
דמוכיח,דמוכיח,5,0,60,,,,,,unresolved,No lexical entry yet.
דמוצא,דמוצא,1,0,60,,,,,,unresolved,No lexical entry yet.
דמוציא,דמוציא,1,0,60,,,,,,unresolved,No lexical entry yet.
דמוציאים,דמוציאימ,1,0,60,,,,,,unresolved,No lexical entry yet.
דמוציאין,דמוציאינ,2,0,60,,,,,,unresolved,No lexical entry yet.
דמוקי,דמוקי,4,0,60,,,,,,unresolved,No lexical entry yet.
דמוקים,דמוקימ,1,0,60,,,,,,unresolved,No lexical entry yet.
דמוקמינן,דמוקמיננ,3,0,60,,,,,,unresolved,No lexical entry yet.
דמזה,דמזה,2,0,60,,,,,,unresolved,No lexical entry yet.
דמזוייף,דמזוייפ,2,0,60,,,,,,unresolved,No lexical entry yet.
דמזיק,דמזיק,1,0,60,,,,,,unresolved,No lexical entry yet.
דמחאה,דמחאה,2,0,60,,,,,,unresolved,No lexical entry yet.
דמחוייב,דמחוייב,2,0,60,,,,,,unresolved,No lexical entry yet.
דמחזיר,דמחזיר,1,0,60,,,,,,unresolved,No lexical entry yet.
דמחייב,דמחייב,2,0,60,,,,,,unresolved,No lexical entry yet.
דמחייבינן,דמחייביננ,1,0,60,,,,,,unresolved,No lexical entry yet.
דמחילה,דמחילה,1,0,60,,,,,,unresolved,No lexical entry yet.
דמחל,דמחל,2,0,60,,,,,,unresolved,No lexical entry yet.
דמחלוקת,דמחלוקת,1,0,60,,,,,,unresolved,No lexical entry yet.
דמחלוקתם,דמחלוקתמ,1,0,60,,,,,,unresolved,No lexical entry yet.
דמחלק,דמחלק,2,0,60,,,,,,unresolved,No lexical entry yet.
דמחלקים,דמחלקימ,1,0,60,,,,,,unresolved,No lexical entry yet.
דמטעם,דמטעמ,4,0,60,,,,,,unresolved,No lexical entry yet.
דמי,דמי,71,0,60,,,,,,unresolved,No lexical entry yet.
דמיגו,דמיגו,24,0,60,,,,,,unresolved,No lexical entry yet.
דמיהם,דמיהמ,1,0,60,,,,,,unresolved,No lexical entry yet.
דמיהן,דמיהנ,7,0,60,,,,,,unresolved,No lexical entry yet.
דמיו,דמיו,10,95,60,claim-d0fe3ed857fd502b,blood (as that which when shed causes death) of man | an animal | by analogy | the juice of the grape | figuratively (especially in the plural) bloodshed (i.e. drops of blood) | blood(-y | -guiltiness | (-thirsty),OpenScriptures morphHB,H1818,CC BY 4.0,safe_claims_min60,
דמיון,דמיונ,3,93,60,claim-1ffc56228d9ec720,imagination,Wikidata Lexeme,L64723,CC0,safe_claims_min60,
דמיותר,דמיותר,1,0,60,,,,,,unresolved,No lexical entry yet.
דמיין,דמיינ,1,0,60,,,,,,unresolved,No lexical entry yet.
דמיירי,דמיירי,17,0,60,,,,,,unresolved,No lexical entry yet.
דמייתי,דמייתי,3,0,60,,,,,,unresolved,No lexical entry yet.
דמייתינא,דמייתינא,1,0,60,,,,,,unresolved,No lexical entry yet.
דמילתא,דמילתא,1,0,60,,,,,,unresolved,No lexical entry yet.
דמים,דמימ,12,65,60,,,,,,claims_below_safe_min60,No strict claim >=60%.
דמינצו,דמינצו,1,0,60,,,,,,unresolved,No lexical entry yet.
דמיעוטא,דמיעוטא,1,0,60,,,,,,unresolved,No lexical entry yet.
דמיפסל,דמיפסל,1,0,60,,,,,,unresolved,No lexical entry yet.
דמיקרי,דמיקרי,1,0,60,,,,,,unresolved,No lexical entry yet.
דמירתת,דמירתת,1,0,60,,,,,,unresolved,No lexical entry yet.
דמיתניא,דמיתניא,1,0,60,,,,,,unresolved,No lexical entry yet.
דמכחישו,דמכחישו,1,0,60,,,,,,unresolved,No lexical entry yet.
דמכיון,דמכיונ,5,0,60,,,,,,unresolved,No lexical entry yet.
דמלבד,דמלבד,1,0,60,,,,,,unresolved,No lexical entry yet.
דמלוגא,דמלוגא,1,0,60,,,,,,unresolved,No lexical entry yet.
דמלוה,דמלוה,5,0,60,,,,,,unresolved,No lexical entry yet.
דמלשון,דמלשונ,1,0,60,,,,,,unresolved,No lexical entry yet.
דממ״נ,דממ״נ,6,0,60,,,,,,unresolved,No lexical entry yet.
דממונא,דממונא,11,0,60,,,,,,unresolved,No lexical entry yet.
דממתני׳,דממתני׳,1,0,60,,,,,,unresolved,No lexical entry yet.
דמן,דמנ,2,95,60,claim-8ebd2a1b59107e99,manure | dung.,OpenScriptures HebrewLexicon,H1828,CC BY 4.0,safe_claims_min60,
דמנה,דמנה,1,0,60,,,,,,unresolved,No lexical entry yet.
דמנין,דמנינ,3,0,60,,,,,,unresolved,No lexical entry yet.
דמסוף,דמסופ,1,0,60,,,,,,unresolved,No lexical entry yet.
דמסייע,דמסייע,1,0,60,,,,,,unresolved,No lexical entry yet.
דמסיק,דמסיק,2,0,60,,,,,,unresolved,No lexical entry yet.
דמסקינן,דמסקיננ,1,0,60,,,,,,unresolved,No lexical entry yet.
דמסר,דמסר,1,0,60,,,,,,unresolved,No lexical entry yet.
דמסרה,דמסרה,1,0,60,,,,,,unresolved,No lexical entry yet.
דמסרו,דמסרו,1,0,60,,,,,,unresolved,No lexical entry yet.
דמסתבר,דמסתבר,2,0,60,,,,,,unresolved,No lexical entry yet.
דמסתברא,דמסתברא,1,0,60,,,,,,unresolved,No lexical entry yet.
דמסתפינא,דמסתפינא,1,0,60,,,,,,unresolved,No lexical entry yet.
דמעיז,דמעיז,5,0,60,,,,,,unresolved,No lexical entry yet.
דמעיקר,דמעיקר,14,0,60,,,,,,unresolved,No lexical entry yet.
דמעיקרא,דמעיקרא,6,0,60,,,,,,unresolved,No lexical entry yet.
דמעשה,דמעשה,2,0,60,,,,,,unresolved,No lexical entry yet.
דמפורש,דמפורש,5,0,60,,,,,,unresolved,No lexical entry yet.
דמפי,דמפי,3,0,60,,,,,,unresolved,No lexical entry yet.
דמפיק,דמפיק,1,0,60,,,,,,unresolved,No lexical entry yet.
דמפני,דמפני,1,0,60,,,,,,unresolved,No lexical entry yet.
דמפסיד,דמפסיד,5,0,60,,,,,,unresolved,No lexical entry yet.
דמפסידין,דמפסידינ,1,0,60,,,,,,unresolved,No lexical entry yet.
דמפקינן,דמפקיננ,1,0,60,,,,,,unresolved,No lexical entry yet.
דמפרש,דמפרש,6,0,60,,,,,,unresolved,No lexical entry yet.
דמפרשי,דמפרשי,1,0,60,,,,,,unresolved,No lexical entry yet.
דמצי,דמצי,1,0,60,,,,,,unresolved,No lexical entry yet.
דמצינו,דמצינו,2,0,60,,,,,,unresolved,No lexical entry yet.
דמצריך,דמצריכ,1,0,60,,,,,,unresolved,No lexical entry yet.
דמצרף,דמצרפ,1,0,60,,,,,,unresolved,No lexical entry yet.
דמקדים,דמקדימ,1,0,60,,,,,,unresolved,No lexical entry yet.
דמקודם,דמקודמ,3,0,60,,,,,,unresolved,No lexical entry yet.
דמקומה,דמקומה,1,0,60,,,,,,unresolved,No lexical entry yet.
דמקור,דמקור,1,0,60,,,,,,unresolved,No lexical entry yet.
דמקצת,דמקצת,1,0,60,,,,,,unresolved,No lexical entry yet.
דמקרא,דמקרא,5,0,60,,,,,,unresolved,No lexical entry yet.
דמרא,דמרא,1,0,60,,,,,,unresolved,No lexical entry yet.
דמרבינן,דמרביננ,3,0,60,,,,,,unresolved,No lexical entry yet.
דמריה,דמריה,1,0,60,,,,,,unresolved,No lexical entry yet.
דמשבועה,דמשבועה,1,0,60,,,,,,unresolved,No lexical entry yet.
דמשו״ה,דמשו״ה,4,0,60,,,,,,unresolved,No lexical entry yet.
דמשום,דמשומ,4,0,60,,,,,,unresolved,No lexical entry yet.
דמשיב,דמשיב,1,0,60,,,,,,unresolved,No lexical entry yet.
דמשיג,דמשיג,2,0,60,,,,,,unresolved,No lexical entry yet.
דמשיך,דמשיכ,1,0,60,,,,,,unresolved,No lexical entry yet.
דמשכון,דמשכונ,5,0,60,,,,,,unresolved,No lexical entry yet.
דמשלם,דמשלמ,6,0,60,,,,,,unresolved,No lexical entry yet.
דמשם,דמשמ,2,0,60,,,,,,unresolved,No lexical entry yet.
דמשמע,דמשמע,6,0,60,,,,,,unresolved,No lexical entry yet.
"דמשמע""","דמשמע""",1,0,60,,,,,,unresolved,No lexical entry yet.
דמשמעותא,דמשמעותא,2,0,60,,,,,,unresolved,No lexical entry yet.
דמשני,דמשני,2,0,60,,,,,,unresolved,No lexical entry yet.
דמשתבע,דמשתבע,1,0,60,,,,,,unresolved,No lexical entry yet.
דמתוך,דמתוכ,5,0,60,,,,,,unresolved,No lexical entry yet.
דמתחלה,דמתחלה,2,0,60,,,,,,unresolved,No lexical entry yet.
דמתחלת,דמתחלת,1,0,60,,,,,,unresolved,No lexical entry yet.
דמתי,דמתי,2,0,60,,,,,,unresolved,No lexical entry yet.
דמתיב,דמתיב,1,0,60,,,,,,unresolved,No lexical entry yet.
דמתנה,דמתנה,3,0,60,,,,,,unresolved,No lexical entry yet.
דמתני׳,דמתני׳,8,0,60,,,,,,unresolved,No lexical entry yet.
דמתניא,דמתניא,2,0,60,,,,,,unresolved,No lexical entry yet.
דמתניתו,דמתניתו,1,0,60,,,,,,unresolved,No lexical entry yet.
דן,דנ,4,0,60,,,,,,unresolved,No lexical entry yet.
דנ׳,דנ׳,1,0,60,,,,,,unresolved,No lexical entry yet.
דנ״מ,דנ״מ,8,0,60,,,,,,unresolved,No lexical entry yet.
דנאמן,דנאמנ,26,0,60,,,,,,unresolved,No lexical entry yet.
דנאמנות,דנאמנות,1,0,60,,,,,,unresolved,No lexical entry yet.
דנאמנותו,דנאמנותו,1,0,60,,,,,,unresolved,No lexical entry yet.
דנאמר,דנאמר,1,0,60,,,,,,unresolved,No lexical entry yet.
דנאמרה,דנאמרה,1,0,60,,,,,,unresolved,No lexical entry yet.
דנאנס,דנאנס,1,0,60,,,,,,unresolved,No lexical entry yet.
דנאנסו,דנאנסו,10,0,60,,,,,,unresolved,No lexical entry yet.
דנגד,דנגד,2,0,60,,,,,,unresolved,No lexical entry yet.
דנדרים,דנדרימ,2,0,60,,,,,,unresolved,No lexical entry yet.
דנהנה,דנהנה,1,0,60,,,,,,unresolved,No lexical entry yet.
דנו,דנו,1,0,60,,,,,,unresolved,No lexical entry yet.
דנוטל,דנוטל,1,0,60,,,,,,unresolved,No lexical entry yet.
דנוכל,דנוכל,1,0,60,,,,,,unresolved,No lexical entry yet.
דנותן,דנותנ,2,0,60,,,,,,unresolved,No lexical entry yet.
דנזק,דנזק,1,0,60,,,,,,unresolved,No lexical entry yet.
דנחית,דנחית,1,0,60,,,,,,unresolved,No lexical entry yet.
דנחשוב,דנחשוב,1,0,60,,,,,,unresolved,No lexical entry yet.
דנטלו,דנטלו,1,0,60,,,,,,unresolved,No lexical entry yet.
דניזול,דניזול,1,0,60,,,,,,unresolved,No lexical entry yet.
דנים,דנימ,1,52,60,,,,,,claims_below_safe_min60,No strict claim >=60%.
דנימא,דנימא,13,0,60,,,,,,unresolved,No lexical entry yet.
דנין,דנינ,14,0,60,,,,,,unresolved,No lexical entry yet.
דנכסי,דנכסי,1,0,60,,,,,,unresolved,No lexical entry yet.
דנכסיו,דנכסיו,1,0,60,,,,,,unresolved,No lexical entry yet.
דנסכא,דנסכא,3,0,60,,,,,,unresolved,No lexical entry yet.
דנערה,דנערה,1,0,60,,,,,,unresolved,No lexical entry yet.
דנפטר,דנפטר,1,0,60,,,,,,unresolved,No lexical entry yet.
דנפישי,דנפישי,1,0,60,,,,,,unresolved,No lexical entry yet.
דנפקד,דנפקד,7,0,60,,,,,,unresolved,No lexical entry yet.
דנקט,דנקט,1,0,60,,,,,,unresolved,No lexical entry yet.
דנקטינן,דנקטיננ,1,0,60,,,,,,unresolved,No lexical entry yet.
דנקיט,דנקיט,4,0,60,,,,,,unresolved,No lexical entry yet.
דנקרא,דנקרא,2,0,60,,,,,,unresolved,No lexical entry yet.
דנראה,דנראה,1,0,60,,,,,,unresolved,No lexical entry yet.
דנשאר,דנשאר,1,0,60,,,,,,unresolved,No lexical entry yet.
דנשבע,דנשבע,5,0,60,,,,,,unresolved,No lexical entry yet.
דנשבעין,דנשבעינ,7,0,60,,,,,,unresolved,No lexical entry yet.
דנשתעבדו,דנשתעבדו,1,0,60,,,,,,unresolved,No lexical entry yet.
דנתחדש,דנתחדש,1,0,60,,,,,,unresolved,No lexical entry yet.
דנתחייב,דנתחייב,1,0,60,,,,,,unresolved,No lexical entry yet.
דנתן,דנתנ,3,0,60,,,,,,unresolved,No lexical entry yet.
דנתקנה,דנתקנה,1,0,60,,,,,,unresolved,No lexical entry yet.
דס״ל,דס״ל,9,0,60,,,,,,unresolved,No lexical entry yet.
דסבר,דסבר,17,0,60,,,,,,unresolved,No lexical entry yet.
דסברא,דסברא,1,0,60,,,,,,unresolved,No lexical entry yet.
דסברי,דסברי,11,0,60,,,,,,unresolved,No lexical entry yet.
דסברת,דסברת,1,0,60,,,,,,unresolved,No lexical entry yet.
דסובר,דסובר,55,0,60,,,,,,unresolved,No lexical entry yet.
דסוברים,דסוברימ,7,0,60,,,,,,unresolved,No lexical entry yet.
דסוגיא,דסוגיא,1,0,60,,,,,,unresolved,No lexical entry yet.
דסוטה,דסוטה,4,0,60,,,,,,unresolved,No lexical entry yet.
דסימנים,דסימנימ,1,0,60,,,,,,unresolved,No lexical entry yet.
דסיפא,דסיפא,1,0,60,,,,,,unresolved,No lexical entry yet.
דסלוקי,דסלוקי,1,0,60,,,,,,unresolved,No lexical entry yet.
דסלעים,דסלעימ,2,0,60,,,,,,unresolved,No lexical entry yet.
דספיקא,דספיקא,2,0,60,,,,,,unresolved,No lexical entry yet.
דספק,דספק,2,0,60,,,,,,unresolved,No lexical entry yet.
דסתם,דסתמ,4,0,60,,,,,,unresolved,No lexical entry yet.
דסתמא,דסתמא,1,0,60,,,,,,unresolved,No lexical entry yet.
דע,דע,1,0,60,,,,,,unresolved,No lexical entry yet.
דע״א,דע״א,27,0,60,,,,,,unresolved,No lexical entry yet.
דע״ח,דע״ח,1,0,60,,,,,,unresolved,No lexical entry yet.
דע״י,דע״י,1,0,60,,,,,,unresolved,No lexical entry yet.
דע״כ,דע״כ,7,0,60,,,,,,unresolved,No lexical entry yet.
דעבד,דעבד,2,0,60,,,,,,unresolved,No lexical entry yet.
דעבדים,דעבדימ,2,0,60,,,,,,unresolved,No lexical entry yet.
דעבור,דעבור,1,0,60,,,,,,unresolved,No lexical entry yet.
דעביד,דעביד,2,0,60,,,,,,unresolved,No lexical entry yet.
דעד,דעד,8,0,60,,,,,,unresolved,No lexical entry yet.
דעדיין,דעדיינ,1,0,60,,,,,,unresolved,No lexical entry yet.
דעדים,דעדימ,4,0,60,,,,,,unresolved,No lexical entry yet.
דעובר,דעובר,1,0,60,,,,,,unresolved,No lexical entry yet.
דעוד,דעוד,1,0,60,,,,,,unresolved,No lexical entry yet.
דעומד,דעומד,3,0,60,,,,,,unresolved,No lexical entry yet.
דעין,דעינ,1,0,60,,,,,,unresolved,No lexical entry yet.
דעיקר,דעיקר,26,0,60,,,,,,unresolved,No lexical entry yet.
דעיקרו,דעיקרו,2,0,60,,,,,,unresolved,No lexical entry yet.
דעכ״פ,דעכ״פ,39,0,60,,,,,,unresolved,No lexical entry yet.
דעכשיו,דעכשיו,6,0,60,,,,,,unresolved,No lexical entry yet.
דעל,דעל,18,0,60,,,,,,unresolved,No lexical entry yet.
דעלינו,דעלינו,1,0,60,,,,,,unresolved,No lexical entry yet.
דענבים,דענבימ,1,0,60,,,,,,unresolved,No lexical entry yet.
דעסיקין,דעסיקינ,1,0,60,,,,,,unresolved,No lexical entry yet.
דעפ״י,דעפ״י,1,0,60,,,,,,unresolved,No lexical entry yet.
דעשה,דעשה,1,0,60,,,,,,unresolved,No lexical entry yet.
דעשו,דעשו,1,0,60,,,,,,unresolved,No lexical entry yet.
דעשוי,דעשוי,1,0,60,,,,,,unresolved,No lexical entry yet.
דעשויים,דעשויימ,3,0,60,,,,,,unresolved,No lexical entry yet.
דעשרה,דעשרה,1,0,60,,,,,,unresolved,No lexical entry yet.
דעת,דעת,40,65,60,,,,,,claims_below_safe_min60,No strict claim >=60%.
דעתו,דעתו,8,0,60,,,,,,unresolved,No lexical entry yet.
דעתי,דעתי,5,0,60,,,,,,unresolved,No lexical entry yet.
דעתך,דעתכ,2,0,60,,,,,,unresolved,No lexical entry yet.
דעתנו,דעתנו,1,0,60,,,,,,unresolved,No lexical entry yet.
דף,דפ,90,0,60,,,,,,unresolved,No lexical entry yet.
דפ׳,דפ׳,7,0,60,,,,,,unresolved,No lexical entry yet.
דפ״ק,דפ״ק,2,0,60,,,,,,unresolved,No lexical entry yet.
דפגם,דפגמ,1,0,60,,,,,,unresolved,No lexical entry yet.
דפוגם,דפוגמ,3,0,60,,,,,,unresolved,No lexical entry yet.
דפוטר,דפוטר,1,0,60,,,,,,unresolved,No lexical entry yet.
דפומבדיתא,דפומבדיתא,8,0,60,,,,,,unresolved,No lexical entry yet.
דפוסק,דפוסק,2,0,60,,,,,,unresolved,No lexical entry yet.
דפחת,דפחת,1,0,60,,,,,,unresolved,No lexical entry yet.
דפטור,דפטור,18,0,60,,,,,,unresolved,No lexical entry yet.
דפטורה,דפטורה,1,0,60,,,,,,unresolved,No lexical entry yet.
דפטרי,דפטרי,3,0,60,,,,,,unresolved,No lexical entry yet.
דפטרינן,דפטריננ,1,0,60,,,,,,unresolved,No lexical entry yet.
דפיו,דפיו,1,0,60,,,,,,unresolved,No lexical entry yet.
דפירו,דפירו,1,0,60,,,,,,unresolved,No lexical entry yet.
דפירי,דפירי,1,0,60,,,,,,unresolved,No lexical entry yet.
דפלגינן,דפלגיננ,1,0,60,,,,,,unresolved,No lexical entry yet.
דפלוגתא,דפלוגתא,3,0,60,,,,,,unresolved,No lexical entry yet.
דפלוגתתם,דפלוגתתמ,1,0,60,,,,,,unresolved,No lexical entry yet.
דפליג,דפליג,1,0,60,,,,,,unresolved,No lexical entry yet.
דפליגי,דפליגי,2,0,60,,,,,,unresolved,No lexical entry yet.
דפלניא,דפלניא,5,0,60,,,,,,unresolved,No lexical entry yet.
דפסחים,דפסחימ,1,0,60,,,,,,unresolved,No lexical entry yet.
דפסלינהו,דפסלינהו,1,0,60,,,,,,unresolved,No lexical entry yet.
דפסק,דפסק,6,0,60,,,,,,unresolved,No lexical entry yet.
דפעיה״ק,דפעיה״ק,2,0,60,,,,,,unresolved,No lexical entry yet.
דפעמים,דפעמימ,1,0,60,,,,,,unresolved,No lexical entry yet.
דפקדון,דפקדונ,6,0,60,,,,,,unresolved,No lexical entry yet.
דפרוע,דפרוע,1,0,60,,,,,,unresolved,No lexical entry yet.
דפריך,דפריכ,7,0,60,,,,,,unresolved,No lexical entry yet.
דפריש,דפריש,1,0,60,,,,,,unresolved,No lexical entry yet.
דפרע,דפרע,2,0,60,,,,,,unresolved,No lexical entry yet.
דפרעיה,דפרעיה,1,0,60,,,,,,unresolved,No lexical entry yet.
דפרעתי,דפרעתי,7,0,60,,,,,,unresolved,No lexical entry yet.
דפרשי,דפרשי,1,0,60,,,,,,unresolved,No lexical entry yet.
דפשוט,דפשוט,2,0,60,,,,,,unresolved,No lexical entry yet.
דפשטה,דפשטה,1,0,60,,,,,,unresolved,No lexical entry yet.
דפשטות,דפשטות,2,0,60,,,,,,unresolved,No lexical entry yet.
דפשיטא,דפשיטא,1,0,60,,,,,,unresolved,No lexical entry yet.
דצ״ח,דצ״ח,1,0,60,,,,,,unresolved,No lexical entry yet.
דצ״ל,דצ״ל,1,0,60,,,,,,unresolved,No lexical entry yet.
דצריך,דצריכ,34,0,60,,,,,,unresolved,No lexical entry yet.
דק,דק,1,65,60,,,,,,claims_below_safe_min60,No strict claim >=60%.
דק׳,דק׳,1,0,60,,,,,,unresolved,No lexical entry yet.
דקא,דקא,2,0,60,,,,,,unresolved,No lexical entry yet.
דקאי,דקאי,3,0,60,,,,,,unresolved,No lexical entry yet.
דקאמר,דקאמר,3,0,60,,,,,,unresolved,No lexical entry yet.
דקדושין,דקדושינ,5,0,60,,,,,,unresolved,No lexical entry yet.
דקדמה,דקדמה,3,0,60,,,,,,unresolved,No lexical entry yet.
דקדק,דקדק,6,0,60,,,,,,unresolved,No lexical entry yet.
דקודם,דקודמ,3,0,60,,,,,,unresolved,No lexical entry yet.
דקושטא,דקושטא,2,0,60,,,,,,unresolved,No lexical entry yet.
דקטן,דקטנ,2,0,60,,,,,,unresolved,No lexical entry yet.
דקטע,דקטע,1,0,60,,,,,,unresolved,No lexical entry yet.
דקיי״ל,דקיי״ל,8,0,60,,,,,,unresolved,No lexical entry yet.
דקיימא,דקיימא,4,0,60,,,,,,unresolved,No lexical entry yet.
דקים,דקימ,1,52,60,,,,,,claims_below_safe_min60,No strict claim >=60%.
דקין,דקינ,1,0,60,,,,,,unresolved,No lexical entry yet.
דקל,דקל,1,0,60,,,,,,unresolved,No lexical entry yet.
דקלו,דקלו,1,0,60,,,,,,unresolved,No lexical entry yet.
דקם,דקמ,1,0,60,,,,,,unresolved,No lexical entry yet.
דקמודה,דקמודה,2,0,60,,,,,,unresolved,No lexical entry yet.
דקמך,דקמכ,1,0,60,,,,,,unresolved,No lexical entry yet.
דקנאו,דקנאו,1,0,60,,,,,,unresolved,No lexical entry yet.
דקנסינן,דקנסיננ,1,0,60,,,,,,unresolved,No lexical entry yet.
דקפיד,דקפיד,1,0,60,,,,,,unresolved,No lexical entry yet.
דקרא,דקרא,13,0,60,,,,,,unresolved,No lexical entry yet.
דקרקעות,דקרקעות,1,0,60,,,,,,unresolved,No lexical entry yet.
דקשה,דקשה,7,0,60,,,,,,unresolved,No lexical entry yet.
דקתני,דקתני,1,0,60,,,,,,unresolved,No lexical entry yet.
דר,דר,3,0,60,,,,,,unresolved,No lexical entry yet.
דר׳,דר׳,20,0,60,,,,,,unresolved,No lexical entry yet.
דר״ג,דר״ג,1,0,60,,,,,,unresolved,No lexical entry yet.
דר״מ,דר״מ,6,0,60,,,,,,unresolved,No lexical entry yet.
דר״ע,דר״ע,1,0,60,,,,,,unresolved,No lexical entry yet.
דר״פ,דר״פ,2,0,60,,,,,,unresolved,No lexical entry yet.
דראב״י,דראב״י,11,0,60,,,,,,unresolved,No lexical entry yet.
דראה,דראה,8,0,60,,,,,,unresolved,No lexical entry yet.
דראובן,דראובנ,1,0,60,,,,,,unresolved,No lexical entry yet.
דראי׳,דראי׳,1,0,60,,,,,,unresolved,No lexical entry yet.
דראיית,דראיית,1,0,60,,,,,,unresolved,No lexical entry yet.
דראיתו,דראיתו,1,0,60,,,,,,unresolved,No lexical entry yet.
דראשון,דראשונ,1,0,60,,,,,,unresolved,No lexical entry yet.
דרב,דרב,17,0,60,,,,,,unresolved,No lexical entry yet.
דרבא,דרבא,12,0,60,,,,,,unresolved,No lexical entry yet.
דרבה,דרבה,15,0,60,,,,,,unresolved,No lexical entry yet.
דרבואתא,דרבואתא,1,0,60,,,,,,unresolved,No lexical entry yet.
דרבותינו,דרבותינו,1,0,60,,,,,,unresolved,No lexical entry yet.
דרבי,דרבי,1,0,60,,,,,,unresolved,No lexical entry yet.
דרבנן,דרבננ,23,0,60,,,,,,unresolved,No lexical entry yet.
דרגילות,דרגילות,1,0,60,,,,,,unresolved,No lexical entry yet.
דרד״מ,דרד״מ,1,0,60,,,,,,unresolved,No lexical entry yet.
דרו,דרו,2,0,60,,,,,,unresolved,No lexical entry yet.
דרוב,דרוב,1,0,60,,,,,,unresolved,No lexical entry yet.
דרוצה,דרוצה,2,0,60,,,,,,unresolved,No lexical entry yet.
דרוש,דרוש,3,95,60,claim-2accaaa23a81e920,properly | to tread | frequent | usually to follow (for pursuit | search) | by implication | to seek | ask,OpenScriptures morphHB,H1875,CC BY 4.0,safe_claims_min60,
דריש,דריש,4,0,60,,,,,,unresolved,No lexical entry yet.
דרישה,דרישה,5,0,60,,,,,,unresolved,No lexical entry yet.
דרישות,דרישות,3,0,60,,,,,,unresolved,No lexical entry yet.
דרך,דרכ,42,93,60,claim-4c8c8ce38f91feda,"thoroughfare, transportation route connecting one location to another | thoroughfare",Wikidata Lexeme,L64752,CC0,safe_claims_min60,
דרכים,דרכימ,2,93,60,claim-4c8c8ce38f91feda,"thoroughfare, transportation route connecting one location to another | thoroughfare",Wikidata Lexeme,L64752,CC0,safe_claims_min60,
דרמאי,דרמאי,7,0,60,,,,,,unresolved,No lexical entry yet.
דרמב״ח,דרמב״ח,3,0,60,,,,,,unresolved,No lexical entry yet.
דרנו,דרנו,1,0,60,,,,,,unresolved,No lexical entry yet.
דרצה,דרצה,1,0,60,,,,,,unresolved,No lexical entry yet.
דרק,דרק,9,0,60,,,,,,unresolved,No lexical entry yet.
דררא,דררא,13,0,60,,,,,,unresolved,No lexical entry yet.
דרש,דרש,1,0,60,,,,,,unresolved,No lexical entry yet.
דרש״י,דרש״י,6,0,60,,,,,,unresolved,No lexical entry yet.
דרשא,דרשא,2,0,60,,,,,,unresolved,No lexical entry yet.
דרשב״י,דרשב״י,2,0,60,,,,,,unresolved,No lexical entry yet.
דרשו,דרשו,1,0,60,,,,,,unresolved,No lexical entry yet.
דשאלה,דשאלה,1,0,60,,,,,,unresolved,No lexical entry yet.
דשאלת,דשאלת,1,0,60,,,,,,unresolved,No lexical entry yet.
דשאני,דשאני,6,0,60,,,,,,unresolved,No lexical entry yet.
דשבועה,דשבועה,5,0,60,,,,,,unresolved,No lexical entry yet.
דשבועות,דשבועות,4,0,60,,,,,,unresolved,No lexical entry yet.
דשבועת,דשבועת,7,0,60,,,,,,unresolved,No lexical entry yet.
דשדה,דשדה,1,0,60,,,,,,unresolved,No lexical entry yet.
דשה״ת,דשה״ת,1,0,60,,,,,,unresolved,No lexical entry yet.
דשואל,דשואל,2,0,60,,,,,,unresolved,No lexical entry yet.
דשואלין,דשואלינ,2,0,60,,,,,,unresolved,No lexical entry yet.
דשוכר,דשוכר,1,0,60,,,,,,unresolved,No lexical entry yet.
דשומר,דשומר,5,0,60,,,,,,unresolved,No lexical entry yet.
דשומרים,דשומרימ,6,0,60,,,,,,unresolved,No lexical entry yet.
דשטר,דשטר,5,0,60,,,,,,unresolved,No lexical entry yet.
דשטרא,דשטרא,5,0,60,,,,,,unresolved,No lexical entry yet.
דשטרך,דשטרכ,3,0,60,,,,,,unresolved,No lexical entry yet.
דשיטת,דשיטת,8,0,60,,,,,,unresolved,No lexical entry yet.
דשייך,דשייכ,10,0,60,,,,,,unresolved,No lexical entry yet.
דשכ״מ,דשכ״מ,1,0,60,,,,,,unresolved,No lexical entry yet.
דשכיח,דשכיח,1,0,60,,,,,,unresolved,No lexical entry yet.
דשכיר,דשכיר,2,0,60,,,,,,unresolved,No lexical entry yet.
דשלא,דשלא,4,0,60,,,,,,unresolved,No lexical entry yet.
דשם,דשמ,20,0,60,,,,,,unresolved,No lexical entry yet.
דשמא,דשמא,10,0,60,,,,,,unresolved,No lexical entry yet.
דשמואל,דשמואל,2,0,60,,,,,,unresolved,No lexical entry yet.
דשמין,דשמינ,1,0,60,,,,,,unresolved,No lexical entry yet.
דשמעון,דשמעונ,1,0,60,,,,,,unresolved,No lexical entry yet.
דשמעינן,דשמעיננ,1,0,60,,,,,,unresolved,No lexical entry yet.
דשני,דשני,3,0,60,,,,,,unresolved,No lexical entry yet.
דשניהם,דשניהמ,2,0,60,,,,,,unresolved,No lexical entry yet.
דשנים,דשנימ,11,0,60,,,,,,unresolved,No lexical entry yet.
דשעבוד,דשעבוד,10,0,60,,,,,,unresolved,No lexical entry yet.
דשפיר,דשפיר,3,0,60,,,,,,unresolved,No lexical entry yet.
דשק,דשק,1,0,60,,,,,,unresolved,No lexical entry yet.
דשתי,דשתי,2,0,60,,,,,,unresolved,No lexical entry yet.
דשתים,דשתימ,1,0,60,,,,,,unresolved,No lexical entry yet.
דת״ק,דת״ק,2,0,60,,,,,,unresolved,No lexical entry yet.
דתביעת,דתביעת,1,0,60,,,,,,unresolved,No lexical entry yet.
דתביעתם,דתביעתמ,1,0,60,,,,,,unresolved,No lexical entry yet.
דתבע,דתבע,2,0,60,,,,,,unresolved,No lexical entry yet.
דתבעו,דתבעו,1,0,60,,,,,,unresolved,No lexical entry yet.
דתובע,דתובע,1,0,60,,,,,,unresolved,No lexical entry yet.
דתוך,דתוכ,1,0,60,,,,,,unresolved,No lexical entry yet.
דתופס,דתופס,1,0,60,,,,,,unresolved,No lexical entry yet.
דתורת,דתורת,1,0,60,,,,,,unresolved,No lexical entry yet.
דתחלה,דתחלה,1,0,60,,,,,,unresolved,No lexical entry yet.
דתי׳,דתי׳,2,0,60,,,,,,unresolved,No lexical entry yet.
דתיכף,דתיכפ,1,0,60,,,,,,unresolved,No lexical entry yet.
דתימא,דתימא,1,0,60,,,,,,unresolved,No lexical entry yet.
דתיקנו,דתיקנו,2,0,60,,,,,,unresolved,No lexical entry yet.
דתירוץ,דתירוצ,2,0,60,,,,,,unresolved,No lexical entry yet.
דתירוצי,דתירוצי,1,0,60,,,,,,unresolved,No lexical entry yet.
דתלוי,דתלוי,2,0,60,,,,,,unresolved,No lexical entry yet.
דתליא,דתליא,2,0,60,,,,,,unresolved,No lexical entry yet.
דתנאי,דתנאי,1,0,60,,,,,,unresolved,No lexical entry yet.
דתני,דתני,2,0,60,,,,,,unresolved,No lexical entry yet.
דתניא,דתניא,9,0,60,,,,,,unresolved,No lexical entry yet.
דתנן,דתננ,16,0,60,,,,,,unresolved,No lexical entry yet.
דתפיס,דתפיס,5,0,60,,,,,,unresolved,No lexical entry yet.
דתפיסי,דתפיסי,1,0,60,,,,,,unresolved,No lexical entry yet.
דתפס,דתפס,5,0,60,,,,,,unresolved,No lexical entry yet.
דתפסו,דתפסו,2,0,60,,,,,,unresolved,No lexical entry yet.
דתקנו,דתקנו,1,0,60,,,,,,unresolved,No lexical entry yet.
דתקנת,דתקנת,1,0,60,,,,,,unresolved,No lexical entry yet.
דתרווייהו,דתרווייהו,8,0,60,,,,,,unresolved,No lexical entry yet.
דתרוייהו,דתרוייהו,2,0,60,,,,,,unresolved,No lexical entry yet.
דתרתי,דתרתי,3,0,60,,,,,,unresolved,No lexical entry yet.
ה,ה,1,52,60,,,,,,claims_below_safe_min60,No strict claim >=60%.
ה׳,ה׳,25,0,60,,,,,,unresolved,No lexical entry yet.
ה״א,ה״א,1,0,60,,,,,,unresolved,No lexical entry yet.
ה״ה,ה״ה,3,0,60,,,,,,unresolved,No lexical entry yet.
ה״ו,ה״ו,1,0,60,,,,,,unresolved,No lexical entry yet.
ה״ז,ה״ז,6,0,60,,,,,,unresolved,No lexical entry yet.
ה״ט,ה״ט,1,0,60,,,,,,unresolved,No lexical entry yet.
ה״ל,ה״ל,1,0,60,,,,,,unresolved,No lexical entry yet.
ה״מ,ה״מ,4,0,60,,,,,,unresolved,No lexical entry yet.
ה״נ,ה״נ,25,0,60,,,,,,unresolved,No lexical entry yet.
ה״פ,ה״פ,1,0,60,,,,,,unresolved,No lexical entry yet.
ה״ק,ה״ק,1,0,60,,,,,,unresolved,No lexical entry yet.
הא,הא,187,99,60,claim-9b27f82ff15d8c6b,behold | this,Project-authored Aramaic grammar table,project-aramaic:ha,project-authored / CC0,safe_claims_min60,
הא׳,הא׳,3,0,60,,,,,,unresolved,No lexical entry yet.
האב,האב,20,0,60,,,,,,unresolved,No lexical entry yet.
האבדה,האבדה,17,0,60,,,,,,unresolved,No lexical entry yet.
האבידה,האבידה,1,0,60,,,,,,unresolved,No lexical entry yet.
האבק,האבק,3,0,60,,,,,,unresolved,No lexical entry yet.
האוכל,האוכל,1,65,60,,,,,,claims_below_safe_min60,No strict claim >=60%.
האומדנא,האומדנא,1,0,60,,,,,,unresolved,No lexical entry yet.
האומן,האומנ,46,0,60,,,,,,unresolved,No lexical entry yet.
האומר,האומר,9,0,60,,,,,,unresolved,No lexical entry yet.
האונאה,האונאה,1,0,60,,,,,,unresolved,No lexical entry yet.
האוסר,האוסר,3,0,60,,,,,,unresolved,No lexical entry yet.
האופנים,האופנימ,2,0,60,,,,,,unresolved,No lexical entry yet.
האוקימתא,האוקימתא,1,0,60,,,,,,unresolved,No lexical entry yet.
האורח,האורח,1,89,60,claim-b2f960902a0fa3bb | claim-e4913294e9dcac47,"the guest | guest, someone who is offered hospitability | guest",Wikidata Lexeme,L63819,CC0,safe_claims_min60,
האח,האח,2,65,60,,,,,,claims_below_safe_min60,No strict claim >=60%.
האחד,האחד,5,95,60,claim-ad20f0370b460ed0,properly | united | i.e. one | (as an ordinal) first | alike | alone | altogether | and,OpenScriptures morphHB,H259,CC BY 4.0,safe_claims_min60,
האחין,האחינ,1,0,60,,,,,,unresolved,No lexical entry yet.
האחר,האחר,6,95,60,claim-709815341a93915c,properly | hinder | generally | next | other | etc. | (an-) other man | following,OpenScriptures HebrewLexicon,H312,CC BY 4.0,safe_claims_min60,
האחרונות,האחרונות,1,0,60,,,,,,unresolved,No lexical entry yet.
האחרונים,האחרונימ,2,95,60,claim-905a083e04b58c92,hinder | generally | late | last | specifically (as facing the east) western | after (-ward) | to come | following,OpenScriptures morphHB,H314,CC BY 4.0,safe_claims_min60,
האחריות,האחריות,1,0,60,,,,,,unresolved,No lexical entry yet.
האחרת,האחרת,1,0,60,,,,,,unresolved,No lexical entry yet.
האי,האי,20,95,60,claim-3cee6b39da63da90,properly | a habitable spot (as desirable) | dry land | a coast | an island | country | isle | island.,OpenScriptures morphHB,H339,CC BY 4.0,safe_claims_min60,
האילן,האילנ,1,0,60,,,,,,unresolved,No lexical entry yet.
האיסור,האיסור,2,0,60,,,,,,unresolved,No lexical entry yet.
האיש,האיש,1,95,60,claim-6be719346e17a8c8,a man as an individual | a male person | often used as an adjunct to a more definite term (and in such cases frequently not expressed in translation) | also | another | any (man) | a certain | champion,OpenScriptures HebrewLexicon,H376,CC BY 4.0,safe_claims_min60,
האם,האמ,1,0,60,,,,,,unresolved,No lexical entry yet.
האמורה,האמורה,2,0,60,,,,,,unresolved,No lexical entry yet.
האמינוהו,האמינוהו,2,0,60,,,,,,unresolved,No lexical entry yet.
האמינתו,האמינתו,1,0,60,,,,,,unresolved,No lexical entry yet.
האמיתי,האמיתי,4,0,60,,,,,,unresolved,No lexical entry yet.
האמיתים,האמיתימ,3,0,60,,,,,,unresolved,No lexical entry yet.
האמת,האמת,5,95,60,claim-b2c53abdcfc5e99a,stability | (figuratively) certainty | truth | trustworthiness | assured(-ly) | establishment | faithful | right,OpenScriptures morphHB,H571,CC BY 4.0,safe_claims_min60,
האפוטרופוס,האפוטרופוס,1,0,60,,,,,,unresolved,No lexical entry yet.
האפוטרפוס,האפוטרפוס,1,0,60,,,,,,unresolved,No lexical entry yet.
האריך,האריכ,5,0,60,,,,,,unresolved,No lexical entry yet.
הארכתי,הארכתי,2,0,60,,,,,,unresolved,No lexical entry yet.
האשה,האשה,3,0,60,,,,,,unresolved,No lexical entry yet.
הב,הב,4,0,60,,,,,,unresolved,No lexical entry yet.
הב׳,הב׳,10,0,60,,,,,,unresolved,No lexical entry yet.
הב״ד,הב״ד,9,0,60,,,,,,unresolved,No lexical entry yet.
הב״ח,הב״ח,1,0,60,,,,,,unresolved,No lexical entry yet.
הב״י,הב״י,5,0,60,,,,,,unresolved,No lexical entry yet.
הבא,הבא,13,65,60,,,,,,claims_below_safe_min60,No strict claim >=60%.
הבאה,הבאה,1,65,60,,,,,,claims_below_safe_min60,No strict claim >=60%.
הבאור,הבאור,1,0,60,,,,,,unresolved,No lexical entry yet.
הבאי,הבאי,1,0,60,,,,,,unresolved,No lexical entry yet.
הבאתי,הבאתי,3,0,60,,,,,,unresolved,No lexical entry yet.
הבדיקות,הבדיקות,1,0,60,,,,,,unresolved,No lexical entry yet.
הבדל,הבדל,1,65,60,,,,,,claims_below_safe_min60,No strict claim >=60%.
הבהמה,הבהמה,1,95,60,claim-af6221c629076652,properly | a dumb beast | especially any large quadruped | animal (often collective) | beast | cattle.,OpenScriptures morphHB,H929,CC BY 4.0,safe_claims_min60,
הבו,הבו,6,65,60,,,,,,claims_below_safe_min60,No strict claim >=60%.
הבושת,הבושת,1,0,60,,,,,,unresolved,No lexical entry yet.
הביא,הביא,70,0,60,,,,,,unresolved,No lexical entry yet.
הביאה,הביאה,1,65,60,,,,,,claims_below_safe_min60,No strict claim >=60%.
הביאו,הביאו,3,65,60,,,,,,claims_below_safe_min60,No strict claim >=60%.
הביאור,הביאור,1,0,60,,,,,,unresolved,No lexical entry yet.
הבין,הבינ,2,0,60,,,,,,unresolved,No lexical entry yet.
הביצים,הביצימ,1,91,60,claim-d12a5fdf41356042 | claim-06614581d59e7755,the egg | an egg (from its whiteness) | egg.,OpenScriptures morphHB,H1000,CC BY 4.0,safe_claims_min60,
הבירור,הבירור,2,0,60,,,,,,unresolved,No lexical entry yet.
הבית,הבית,10,65,60,,,,,,claims_below_safe_min60,No strict claim >=60%.
הבל,הבל,1,65,60,,,,,,claims_below_safe_min60,No strict claim >=60%.
הבליעה,הבליעה,2,0,60,,,,,,unresolved,No lexical entry yet.
הבן,הבנ,12,0,60,,,,,,unresolved,No lexical entry yet.
הבנתי,הבנתי,1,0,60,,,,,,unresolved,No lexical entry yet.
הבע״ד,הבע״ד,10,0,60,,,,,,unresolved,No lexical entry yet.
הבע״ח,הבע״ח,1,0,60,,,,,,unresolved,No lexical entry yet.
הבעה״ב,הבעה״ב,5,0,60,,,,,,unresolved,No lexical entry yet.
הבעה״מ,הבעה״מ,17,0,60,,,,,,unresolved,No lexical entry yet.
הבעה״ת,הבעה״ת,14,0,60,,,,,,unresolved,No lexical entry yet.
הבעיא,הבעיא,3,0,60,,,,,,unresolved,No lexical entry yet.
הבעל,הבעל,7,0,60,,,,,,unresolved,No lexical entry yet.
הבעלים,הבעלימ,65,95,60,claim-f3e94d1a0fadffa9,Baal | a Phoenician deity | (plural) Baalim.,OpenScriptures HebrewLexicon,H1168,CC BY 4.0,safe_claims_min60,
הבקרא,הבקרא,1,0,60,,,,,,unresolved,No lexical entry yet.
הברייתא,הברייתא,12,0,60,,,,,,unresolved,No lexical entry yet.
הג׳,הג׳,1,0,60,,,,,,unresolved,No lexical entry yet.
הגאון,הגאונ,3,65,60,,,,,,claims_below_safe_min60,No strict claim >=60%.
הגאונים,הגאונימ,9,0,60,,,,,,unresolved,No lexical entry yet.
הגבו,הגבו,2,0,60,,,,,,unresolved,No lexical entry yet.
הגבי׳,הגבי׳,1,0,60,,,,,,unresolved,No lexical entry yet.
הגדו״ת,הגדו״ת,1,0,60,,,,,,unresolved,No lexical entry yet.
הגדול,הגדול,6,95,60,claim-16597edd0137dd62,great (in any sense) | hence | older | also insolent | aloud | elder(-est) | exceeding(-ly) | far,OpenScriptures morphHB,H1419,CC BY 4.0,safe_claims_min60,
הגדיל,הגדיל,1,0,60,,,,,,unresolved,No lexical entry yet.
הגדת,הגדת,12,0,60,,,,,,unresolved,No lexical entry yet.
הגובה,הגובה,1,63,60,,,,,,claims_below_safe_min60,No strict claim >=60%.
הגודר,הגודר,1,0,60,,,,,,unresolved,No lexical entry yet.
הגוזל,הגוזל,1,0,60,,,,,,unresolved,No lexical entry yet.
הגוף,הגופ,5,65,60,,,,,,claims_below_safe_min60,No strict claim >=60%.
הגורם,הגורמ,1,63,60,,,,,,claims_below_safe_min60,No strict claim >=60%.
הגזלן,הגזלנ,1,0,60,,,,,,unresolved,No lexical entry yet.
הגט,הגט,2,0,60,,,,,,unresolved,No lexical entry yet.
הגידו,הגידו,1,0,60,,,,,,unresolved,No lexical entry yet.
הגיה,הגיה,1,0,60,,,,,,unresolved,No lexical entry yet.
הגיעו,הגיעו,1,65,60,,,,,,claims_below_safe_min60,No strict claim >=60%.
הגירסא,הגירסא,1,0,60,,,,,,unresolved,No lexical entry yet.
הגלגול,הגלגול,26,0,60,,,,,,unresolved,No lexical entry yet.
הגלגולים,הגלגולימ,28,0,60,,,,,,unresolved,No lexical entry yet.
הגלגולין,הגלגולינ,12,0,60,,,,,,unresolved,No lexical entry yet.
הגליון,הגליונ,3,0,60,,,,,,unresolved,No lexical entry yet.
הגמ׳,הגמ׳,61,0,60,,,,,,unresolved,No lexical entry yet.
הגמרא,הגמרא,1,0,60,,,,,,unresolved,No lexical entry yet.
הגנב,הגנב,1,0,60,,,,,,unresolved,No lexical entry yet.
הגנבה,הגנבה,3,0,60,,,,,,unresolved,No lexical entry yet.
הגר״א,הגר״א,28,0,60,,,,,,unresolved,No lexical entry yet.
הגר״פ,הגר״פ,1,0,60,,,,,,unresolved,No lexical entry yet.
הגרעק״א,הגרעק״א,6,0,60,,,,,,unresolved,No lexical entry yet.
הד״מ,הד״מ,1,0,60,,,,,,unresolved,No lexical entry yet.
הד״ת,הד״ת,9,0,60,,,,,,unresolved,No lexical entry yet.
הדא,הדא,2,91,60,claim-ae846480c876a895 | claim-168d95fb0017d4aa,the this | the one..another | this | one..another | this.,OpenScriptures HebrewLexicon,H1668,CC BY 4.0,safe_claims_min60,
הדבקים,הדבקימ,1,65,60,,,,,,claims_below_safe_min60,No strict claim >=60%.
הדבר,הדבר,22,65,60,,,,,,claims_below_safe_min60,No strict claim >=60%.
הדברים,הדברימ,14,65,60,,,,,,claims_below_safe_min60,No strict claim >=60%.
הדדי,הדדי,6,0,60,,,,,,unresolved,No lexical entry yet.
הדו״ד,הדו״ד,1,0,60,,,,,,unresolved,No lexical entry yet.
הדוחק,הדוחק,1,0,60,,,,,,unresolved,No lexical entry yet.
הדיינים,הדיינימ,6,0,60,,,,,,unresolved,No lexical entry yet.
הדיינין,הדיינינ,5,0,60,,,,,,unresolved,No lexical entry yet.
הדין,הדינ,96,65,60,,,,,,claims_below_safe_min60,No strict claim >=60%.
הדינים,הדינימ,3,63,60,,,,,,claims_below_safe_min60,No strict claim >=60%.
הדינרים,הדינרימ,1,0,60,,,,,,unresolved,No lexical entry yet.
הדירה,הדירה,1,0,60,,,,,,unresolved,No lexical entry yet.
הדמיון,הדמיונ,2,65,60,,,,,,claims_below_safe_min60,No strict claim >=60%.
הדמים,הדמימ,19,65,60,,,,,,claims_below_safe_min60,No strict claim >=60%.
הדעה,הדעה,1,65,60,,,,,,claims_below_safe_min60,No strict claim >=60%.
הדעות,הדעות,1,65,60,,,,,,claims_below_safe_min60,No strict claim >=60%.
הדעת,הדעת,1,95,60,claim-8c5de9a74298eebb,knowledge | cunning | (ig-) norantly | know(-ledge) | (un-) awares (wittingly).,OpenScriptures morphHB,H1847,CC BY 4.0,safe_claims_min60,
הדקל,הדקל,2,0,60,,,,,,unresolved,No lexical entry yet.
הדר,הדר,1,65,60,,,,,,claims_below_safe_min60,No strict claim >=60%.
הדר״ג,הדר״ג,3,0,60,,,,,,unresolved,No lexical entry yet.
הדרא,הדרא,1,0,60,,,,,,unresolved,No lexical entry yet.
הדרך,הדרכ,2,65,60,,,,,,claims_below_safe_min60,No strict claim >=60%.
הדרשא,הדרשא,2,0,60,,,,,,unresolved,No lexical entry yet.
ההו״א,ההו״א,1,0,60,,,,,,unresolved,No lexical entry yet.
ההוא,ההוא,12,65,60,,,,,,claims_below_safe_min60,No strict claim >=60%.
ההודאה,ההודאה,11,0,60,,,,,,unresolved,No lexical entry yet.
ההוכחה,ההוכחה,2,0,60,,,,,,unresolved,No lexical entry yet.
ההוספה,ההוספה,1,0,60,,,,,,unresolved,No lexical entry yet.
ההוצאה,ההוצאה,1,0,60,,,,,,unresolved,No lexical entry yet.
ההיא,ההיא,2,65,60,,,,,,claims_below_safe_min60,No strict claim >=60%.
ההיזק,ההיזק,4,0,60,,,,,,unresolved,No lexical entry yet.
ההיפוך,ההיפוכ,4,0,60,,,,,,unresolved,No lexical entry yet.
ההכחשה,ההכחשה,1,0,60,,,,,,unresolved,No lexical entry yet.
ההכרח,ההכרח,1,0,60,,,,,,unresolved,No lexical entry yet.
ההלואה,ההלואה,4,0,60,,,,,,unresolved,No lexical entry yet.
ההלכה,ההלכה,19,65,60,,,,,,claims_below_safe_min60,No strict claim >=60%.
ההלכות,ההלכות,1,95,60,claim-0f28f7af516e85ba,to walk (in a great variety of applications | literally and figuratively) | (all) along | apace | behave (self) | come | (on) continually | be conversant,OpenScriptures HebrewLexicon,H1980,CC BY 4.0,safe_claims_min60,
ההלמ״מ,ההלמ״מ,1,0,60,,,,,,unresolved,No lexical entry yet.
ההסבר,ההסבר,1,0,60,,,,,,unresolved,No lexical entry yet.
ההקדשות,ההקדשות,1,0,60,,,,,,unresolved,No lexical entry yet.
הו״א,הו״א,2,0,60,,,,,,unresolved,No lexical entry yet.
הו״ל,הו״ל,20,0,60,,,,,,unresolved,No lexical entry yet.
הוא,הוא,630,99,60,claim-b95415320cdb6061,he | it | that is,Project-authored function word table,project-function-word:hu,project-authored / CC0,safe_claims_min60,
הואיל,הואיל,14,0,60,,,,,,unresolved,No lexical entry yet.
הובא,הובא,6,91,60,claim-67acbc324c4459df | claim-1f60409dec56770f,the abide | the apply | the attain | the befall | to go | come (in a wide variety of applications) | abide | apply | attain | × be | befall | besiege,OpenScriptures morphHB,H935,CC BY 4.0,safe_claims_min60,
הודאה,הודאה,52,0,60,,,,,,unresolved,No lexical entry yet.
הודאות,הודאות,3,93,60,claim-ce0775184f0728bf,"certainty, perfect knowledge that has total security from error | certainty",Wikidata Lexeme,L64981,CC0,safe_claims_min60,
הודאיות,הודאיות,8,0,60,,,,,,unresolved,No lexical entry yet.
הודאת,הודאת,8,0,60,,,,,,unresolved,No lexical entry yet.
הודאתו,הודאתו,11,0,60,,,,,,unresolved,No lexical entry yet.
הודה,הודה,58,0,60,,,,,,unresolved,No lexical entry yet.
הודו,הודו,1,65,60,,,,,,claims_below_safe_min60,No strict claim >=60%.
הודיה,הודיה,2,0,60,,,,,,unresolved,No lexical entry yet.
הודית,הודית,1,0,60,,,,,,unresolved,No lexical entry yet.
הודיתי,הודיתי,7,0,60,,,,,,unresolved,No lexical entry yet.
הודע,הודע,1,0,60,,,,,,unresolved,No lexical entry yet.
הוה,הוה,11,93,60,claim-46a4e549beae5d27,disaster,Wikidata Lexeme,L64804,CC0,safe_claims_min60,
הוו,הוו,4,0,60,,,,,,unresolved,No lexical entry yet.
הוזכר,הוזכר,9,0,60,,,,,,unresolved,No lexical entry yet.
הוזכרו,הוזכרו,1,0,60,,,,,,unresolved,No lexical entry yet.
הוחזק,הוחזק,13,0,60,,,,,,unresolved,No lexical entry yet.
הוחזקה,הוחזקה,1,0,60,,,,,,unresolved,No lexical entry yet.
הוי,הוי,201,65,60,,,,,,claims_below_safe_min60,No strict claim >=60%.
הויא,הויא,2,0,60,,,,,,unresolved,No lexical entry yet.
הוכחה,הוכחה,18,91,60,claim-327dc6665bdc6ad8 | claim-1619134a891921a2,the vigor | the means | vigor | literally (force | in a good | a bad sense) | figuratively (capacity | means | produce) | also (from its hardiness) a large lizard,OpenScriptures morphHB,H3581,CC BY 4.0,safe_claims_min60,
הוכחש,הוכחש,1,0,60,,,,,,unresolved,No lexical entry yet.
הוכחת,הוכחת,2,0,60,,,,,,unresolved,No lexical entry yet.
הוכחתו,הוכחתו,1,0,60,,,,,,unresolved,No lexical entry yet.
הוכחתי,הוכחתי,2,0,60,,,,,,unresolved,No lexical entry yet.
הוכיח,הוכיח,10,0,60,,,,,,unresolved,No lexical entry yet.
הוכיחו,הוכיחו,6,0,60,,,,,,unresolved,No lexical entry yet.
הולך,הולכ,9,65,60,,,,,,claims_below_safe_min60,No strict claim >=60%.
הולכים,הולכימ,3,65,60,,,,,,claims_below_safe_min60,No strict claim >=60%.
הולכין,הולכינ,2,0,60,,,,,,unresolved,No lexical entry yet.
הונא,הונא,1,0,60,,,,,,unresolved,No lexical entry yet.
הוסיף,הוסיפ,5,65,60,,,,,,claims_below_safe_min60,No strict claim >=60%.
הוסיפו,הוסיפו,1,0,60,,,,,,unresolved,No lexical entry yet.
הופחת,הופחת,1,0,60,,,,,,unresolved,No lexical entry yet.
הופכין,הופכינ,2,0,60,,,,,,unresolved,No lexical entry yet.
הוצאה,הוצאה,1,0,60,,,,,,unresolved,No lexical entry yet.
הוצאות,הוצאות,1,0,60,,,,,,unresolved,No lexical entry yet.
הוצאת,הוצאת,1,65,60,,,,,,claims_below_safe_min60,No strict claim >=60%.
הוציא,הוציא,6,65,60,,,,,,claims_below_safe_min60,No strict claim >=60%.
הוציאה,הוציאה,1,0,60,,,,,,unresolved,No lexical entry yet.
הוציאו,הוציאו,5,0,60,,,,,,unresolved,No lexical entry yet.
הוצרך,הוצרכ,9,0,60,,,,,,unresolved,No lexical entry yet.
הוצרכו,הוצרכו,1,0,60,,,,,,unresolved,No lexical entry yet.
הוקרה,הוקרה,1,0,60,,,,,,unresolved,No lexical entry yet.
הוקש,הוקש,6,0,60,,,,,,unresolved,No lexical entry yet.
הוקשה,הוקשה,1,91,60,claim-49b8e17c6a52885d | claim-c9e6a2d913ee3232,the churlish | the cruel | the grievous | the heavy | severe (in various applications) | churlish | cruel | grievous | hard((-hearted) | thing) | heavy | impudent,OpenScriptures morphHB,H7186,CC BY 4.0,safe_claims_min60,
הוקשו,הוקשו,1,0,60,,,,,,unresolved,No lexical entry yet.
הוראה,הוראה,3,0,60,,,,,,unresolved,No lexical entry yet.
הורו,הורו,8,0,60,,,,,,unresolved,No lexical entry yet.
הותחלה,הותחלה,1,0,60,,,,,,unresolved,No lexical entry yet.
הזאת,הזאת,1,95,60,claim-62a435a3b69f2a33,this (often used adverb) | hereby (-in | -with) | it | likewise | the one (other | same) | she,OpenScriptures HebrewLexicon,H2063,CC BY 4.0,safe_claims_min60,
הזה,הזה,5,65,60,,,,,,claims_below_safe_min60,No strict claim >=60%.
הזיק,הזיק,1,0,60,,,,,,unresolved,No lexical entry yet.
הזכיר,הזכיר,12,0,60,,,,,,unresolved,No lexical entry yet.
הזכירו,הזכירו,4,0,60,,,,,,unresolved,No lexical entry yet.
הזכירם,הזכירמ,1,0,60,,,,,,unresolved,No lexical entry yet.
הזכרתני,הזכרתני,1,0,60,,,,,,unresolved,No lexical entry yet.
הזמן,הזמנ,1,65,60,,,,,,claims_below_safe_min60,No strict claim >=60%.
הזקת,הזקת,1,0,60,,,,,,unresolved,No lexical entry yet.
החבלה,החבלה,2,0,60,,,,,,unresolved,No lexical entry yet.
החדשות,החדשות,1,0,60,,,,,,unresolved,No lexical entry yet.
החוב,החוב,21,65,60,,,,,,claims_below_safe_min60,No strict claim >=60%.
החובל,החובל,1,0,60,,,,,,unresolved,No lexical entry yet.
החוטף,החוטפ,2,0,60,,,,,,unresolved,No lexical entry yet.
החולק,החולק,1,0,60,,,,,,unresolved,No lexical entry yet.
החולקים,החולקימ,2,0,60,,,,,,unresolved,No lexical entry yet.
החופר,החופר,7,0,60,,,,,,unresolved,No lexical entry yet.
החזיק,החזיק,6,0,60,,,,,,unresolved,No lexical entry yet.
החזיר,החזיר,4,0,60,,,,,,unresolved,No lexical entry yet.
החזירו,החזירו,2,0,60,,,,,,unresolved,No lexical entry yet.
החזקה,החזקה,6,95,60,claim-289a9f621eba6fe9,strong (usu. in a bad sense | hard | bold | violent ) | harder | hottest | impudent | loud,OpenScriptures morphHB,H2389,CC BY 4.0,safe_claims_min60,
החזרה,החזרה,3,63,60,,,,,,claims_below_safe_min60,No strict claim >=60%.
החזרת,החזרת,1,0,60,,,,,,unresolved,No lexical entry yet.
החזרתי,החזרתי,28,0,60,,,,,,unresolved,No lexical entry yet.
החזרתים,החזרתימ,1,0,60,,,,,,unresolved,No lexical entry yet.
החטים,החטימ,2,95,60,claim-0d34d8561a5816f6,wheat | whether the grain | the plant | wheat(-en).,OpenScriptures morphHB,H2406,CC BY 4.0,safe_claims_min60,
החיוב,החיוב,28,0,60,,,,,,unresolved,No lexical entry yet.
החילוק,החילוק,9,89,60,claim-0e8c68eca13695de | claim-1dec8411902f62b6,the division | division,Wikidata Lexeme,L210841,CC0,safe_claims_min60,
החלוק,החלוק,2,0,60,,,,,,unresolved,No lexical entry yet.
החלוקה,החלוקה,25,0,60,,,,,,unresolved,No lexical entry yet.
החמירו,החמירו,8,0,60,,,,,,unresolved,No lexical entry yet.
החמשים,החמשימ,6,65,60,,,,,,claims_below_safe_min60,No strict claim >=60%.
החפירה,החפירה,2,0,60,,,,,,unresolved,No lexical entry yet.
החפירות,החפירות,15,0,60,,,,,,unresolved,No lexical entry yet.
החפץ,החפצ,31,65,60,,,,,,claims_below_safe_min60,No strict claim >=60%.
החפצים,החפצימ,2,95,60,claim-c52e5cbdd49ae4cc,pleased with | delight in | desire | favour | please | have pleasure | whosoever would | willing,OpenScriptures morphHB,H2655,CC BY 4.0,safe_claims_min60,
החצי,החצי,11,0,60,,,,,,unresolved,No lexical entry yet.
החצר,החצר,17,0,60,,,,,,unresolved,No lexical entry yet.
החצרות,החצרות,1,0,60,,,,,,unresolved,No lexical entry yet.
החקירה,החקירה,1,0,60,,,,,,unresolved,No lexical entry yet.
החקירות,החקירות,6,0,60,,,,,,unresolved,No lexical entry yet.
החשד,החשד,1,0,60,,,,,,unresolved,No lexical entry yet.
החשוד,החשוד,9,0,60,,,,,,unresolved,No lexical entry yet.
החתום,החתומ,1,95,60,claim-ad6173c2f0cea2c1,to close up | especially to seal | make an end | mark | seal (up) | stop.,OpenScriptures morphHB,H2856,CC BY 4.0,safe_claims_min60,
החתומים,החתומימ,3,0,60,,,,,,unresolved,No lexical entry yet.
החתימה,החתימה,3,0,60,,,,,,unresolved,No lexical entry yet.
הט״ז,הט״ז,6,0,60,,,,,,unresolved,No lexical entry yet.
הטובה,הטובה,2,95,60,claim-740bcdbbbb3be8db,good (as an adjective) in the widest sense | used likewise as a noun | both in the masculine and the feminine | the singular and the plural (good | a good | good thing | a good man | woman,OpenScriptures morphHB,H2896,CC BY 4.0,safe_claims_min60,
הטוען,הטוענ,7,0,60,,,,,,unresolved,No lexical entry yet.
הטור,הטור,14,0,60,,,,,,unresolved,No lexical entry yet.
הטילו,הטילו,2,0,60,,,,,,unresolved,No lexical entry yet.
הטלית,הטלית,5,0,60,,,,,,unresolved,No lexical entry yet.
הטמנת,הטמנת,1,0,60,,,,,,unresolved,No lexical entry yet.
הטעיתני,הטעיתני,1,0,60,,,,,,unresolved,No lexical entry yet.
הטעם,הטעמ,15,65,60,,,,,,claims_below_safe_min60,No strict claim >=60%.
הטעמים,הטעמימ,3,0,60,,,,,,unresolved,No lexical entry yet.
הטענה,הטענה,38,0,60,,,,,,unresolved,No lexical entry yet.
הטענות,הטענות,3,0,60,,,,,,unresolved,No lexical entry yet.
הי׳,הי׳,175,0,60,,,,,,unresolved,No lexical entry yet.
היא,היא,108,93,60,claim-c4dfc16d847aca4a,female person or animal previously mentioned or implied,Wikidata Lexeme,L483507,CC0,safe_claims_min60,
היאך,היאכ,10,0,60,,,,,,unresolved,No lexical entry yet.
הידועות,הידועות,2,0,60,,,,,,unresolved,No lexical entry yet.
הידיעה,הידיעה,2,0,60,,,,,,unresolved,No lexical entry yet.
היה,היה,78,65,60,,,,,,claims_below_safe_min60,No strict claim >=60%.
היו,היו,50,95,60,claim-0c2fb56957476647,to exist | i.e. be | become | come to pass (always emphatic | and not a mere copula | auxiliary) | beacon | × altogether,OpenScriptures morphHB,H1961,CC BY 4.0,safe_claims_min60,
היוצא,היוצא,2,95,60,claim-2ddc9365305f704e,to go (causatively | bring ) out | in a great variety of applications | literally and figuratively | direct and proxim. | × after | appear | × assuredly,OpenScriptures morphHB,H3318,CC BY 4.0,safe_claims_min60,
היורד,היורד,3,0,60,,,,,,unresolved,No lexical entry yet.
היורש,היורש,4,0,60,,,,,,unresolved,No lexical entry yet.
היורשים,היורשימ,6,0,60,,,,,,unresolved,No lexical entry yet.
היורשין,היורשינ,8,0,60,,,,,,unresolved,No lexical entry yet.
היותה,היותה,1,0,60,,,,,,unresolved,No lexical entry yet.
היזק,היזק,9,0,60,,,,,,unresolved,No lexical entry yet.
היטב,היטב,1,65,60,,,,,,claims_below_safe_min60,No strict claim >=60%.
היינו,היינו,70,95,60,claim-0c2fb56957476647,to exist | i.e. be | become | come to pass (always emphatic | and not a mere copula | auxiliary) | beacon | × altogether,OpenScriptures morphHB,H1961,CC BY 4.0,safe_claims_min60,
הייתי,הייתי,3,95,60,claim-0c2fb56957476647,to exist | i.e. be | become | come to pass (always emphatic | and not a mere copula | auxiliary) | beacon | × altogether,OpenScriptures morphHB,H1961,CC BY 4.0,safe_claims_min60,
היכא,היכא,21,0,60,,,,,,unresolved,No lexical entry yet.
היכי,היכי,97,0,60,,,,,,unresolved,No lexical entry yet.
היכן,היכנ,1,0,60,,,,,,unresolved,No lexical entry yet.
הילך,הילכ,75,0,60,,,,,,unresolved,No lexical entry yet.
הילכך,הילככ,6,0,60,,,,,,unresolved,No lexical entry yet.
הילכתא,הילכתא,1,0,60,,,,,,unresolved,No lexical entry yet.
הימים,הימימ,9,65,60,,,,,,claims_below_safe_min60,No strict claim >=60%.
הימנו,הימנו,1,91,60,claim-5156aa113cf6ffa9 | claim-a238a6cffb04dc7e,our large body of water | our sometimes a large river | our an artifical basin | our locally | a sea (as breaking in noisy surf) | large body of water | specifically (with the article) | the Mediterranean Sea | sometimes a large river | an artifical basin | locally | the west,OpenScriptures morphHB,H3220,CC BY 4.0,safe_claims_min60,
הימניה,הימניה,1,0,60,,,,,,unresolved,No lexical entry yet.
היסוד,היסוד,3,95,60,claim-77ff5618ab01c763,a foundation (literally | figuratively) | bottom | foundation | repairing,OpenScriptures HebrewLexicon,H3247,CC BY 4.0,safe_claims_min60,
היסת,היסת,181,0,60,,,,,,unresolved,No lexical entry yet.
היפוך,היפוכ,16,0,60,,,,,,unresolved,No lexical entry yet.
היפוכו,היפוכו,1,0,60,,,,,,unresolved,No lexical entry yet.
היפך,היפכ,2,0,60,,,,,,unresolved,No lexical entry yet.
הירוש׳,הירוש׳,3,0,60,,,,,,unresolved,No lexical entry yet.
הירושלמי,הירושלמי,18,93,60,claim-335ff85a62478dca,"Jerusalemi, a person living in Jerusalem | Jerusalemites",Wikidata Lexeme,L65637,CC0,safe_claims_min60,
היש,היש,5,95,60,claim-956a286c156cb6ba,there is | are ( | any other form of the verb to be | as may suit the connection) | (there) are | (he | it | shall,OpenScriptures HebrewLexicon,H3426,CC BY 4.0,safe_claims_min60,
הישנות,הישנות,2,0,60,,,,,,unresolved,No lexical entry yet.
היתה,היתה,50,95,60,claim-0c2fb56957476647,to exist | i.e. be | become | come to pass (always emphatic | and not a mere copula | auxiliary) | beacon | × altogether,OpenScriptures morphHB,H1961,CC BY 4.0,safe_claims_min60,
היתומים,היתומימ,10,0,60,,,,,,unresolved,No lexical entry yet.
היתר,היתר,3,0,60,,,,,,unresolved,No lexical entry yet.
היתרא,היתרא,1,0,60,,,,,,unresolved,No lexical entry yet.
הך,הכ,36,0,60,,,,,,unresolved,No lexical entry yet.
הכ״מ,הכ״מ,17,0,60,,,,,,unresolved,No lexical entry yet.
הכא,הכא,30,0,60,,,,,,unresolved,No lexical entry yet.
הכה״ג,הכה״ג,1,0,60,,,,,,unresolved,No lexical entry yet.
הכולה,הכולה,1,0,60,,,,,,unresolved,No lexical entry yet.
הכונה,הכונה,6,0,60,,,,,,unresolved,No lexical entry yet.
הכונס,הכונס,1,0,60,,,,,,unresolved,No lexical entry yet.
הכורת,הכורת,2,0,60,,,,,,unresolved,No lexical entry yet.
הכותב,הכותב,5,0,60,,,,,,unresolved,No lexical entry yet.
הכח,הכח,1,91,60,claim-be9662c5af121a44 | claim-1619134a891921a2,the vigor | the means | vigor | literally (force | in a good | a bad sense) | figuratively (capacity | means | produce) | also (from its hardiness) a large lizard,OpenScriptures morphHB,H3581,CC BY 4.0,safe_claims_min60,
הכחיש,הכחיש,2,0,60,,,,,,unresolved,No lexical entry yet.
הכחשה,הכחשה,8,0,60,,,,,,unresolved,No lexical entry yet.
הכי,הכי,14,0,60,,,,,,unresolved,No lexical entry yet.
הכיר,הכיר,4,0,60,,,,,,unresolved,No lexical entry yet.
הככר,הככר,1,95,60,claim-bd22d9620bf6e905,a circle | i.e. (by implication) a circumjacent tract | region | especially the Ghor | valley of the Jordan | also a (round) loaf | also a talent ( | large [round] coin ),OpenScriptures morphHB,H3603,CC BY 4.0,safe_claims_min60,
הכל,הכל,39,65,60,,,,,,claims_below_safe_min60,No strict claim >=60%.
הכלי,הכלי,28,95,60,claim-af46e0182eb64c17,something prepared | i.e. any apparatus (as an implement | utensil | dress | vessel | weapon) | armour(-bearer) | artillery,OpenScriptures HebrewLexicon,H3627,CC BY 4.0,safe_claims_min60,
הכלים,הכלימ,22,65,60,,,,,,claims_below_safe_min60,No strict claim >=60%.
הכללות,הכללות,1,0,60,,,,,,unresolved,No lexical entry yet.
הכסות,הכסות,1,0,60,,,,,,unresolved,No lexical entry yet.
הכסף,הכספ,6,0,60,,,,,,unresolved,No lexical entry yet.
הכפירה,הכפירה,2,0,60,,,,,,unresolved,No lexical entry yet.
הכפירת,הכפירת,1,0,60,,,,,,unresolved,No lexical entry yet.
הכרח,הכרח,3,0,60,,,,,,unresolved,No lexical entry yet.
הכריתות,הכריתות,3,0,60,,,,,,unresolved,No lexical entry yet.
הכת״י,הכת״י,1,0,60,,,,,,unresolved,No lexical entry yet.
הכתוב,הכתוב,1,95,60,claim-eb3cd385d3fe0bc7,to grave | by implication | to write (describe | inscribe | prescribe | subscribe) | describe | record,OpenScriptures morphHB,H3789,CC BY 4.0,safe_claims_min60,
הכתובה,הכתובה,1,95,60,claim-eb3cd385d3fe0bc7,to grave | by implication | to write (describe | inscribe | prescribe | subscribe) | describe | record,OpenScriptures morphHB,H3789,CC BY 4.0,safe_claims_min60,
הל׳,הל׳,93,0,60,,,,,,unresolved,No lexical entry yet.
הלא,הלא,16,65,60,,,,,,claims_below_safe_min60,No strict claim >=60%.
הלה,הלה,10,0,60,,,,,,unresolved,No lexical entry yet.
הלואה,הלואה,36,0,60,,,,,,unresolved,No lexical entry yet.
הלואתו,הלואתו,2,0,60,,,,,,unresolved,No lexical entry yet.
הלוה,הלוה,74,0,60,,,,,,unresolved,No lexical entry yet.
הלוהו,הלוהו,2,0,60,,,,,,unresolved,No lexical entry yet.
הלוי,הלוי,5,0,60,,,,,,unresolved,No lexical entry yet.
הלוית,הלוית,1,0,60,,,,,,unresolved,No lexical entry yet.
הלויתיך,הלויתיכ,4,0,60,,,,,,unresolved,No lexical entry yet.
הלויתני,הלויתני,5,0,60,,,,,,unresolved,No lexical entry yet.
הלוקח,הלוקח,5,0,60,,,,,,unresolved,No lexical entry yet.
הלח״מ,הלח״מ,33,0,60,,,,,,unresolved,No lexical entry yet.
הלך,הלכ,1,65,60,,,,,,claims_below_safe_min60,No strict claim >=60%.
הלכה,הלכה,22,65,60,,,,,,claims_below_safe_min60,No strict claim >=60%.
הלכות,הלכות,2,0,60,,,,,,unresolved,No lexical entry yet.
הלכך,הלככ,1,0,60,,,,,,unresolved,No lexical entry yet.
הלכתא,הלכתא,1,0,60,,,,,,unresolved,No lexical entry yet.
הללמ״מ,הללמ״מ,2,0,60,,,,,,unresolved,No lexical entry yet.
הלמ״מ,הלמ״מ,1,0,60,,,,,,unresolved,No lexical entry yet.
הלמוד,הלמוד,1,65,60,,,,,,claims_below_safe_min60,No strict claim >=60%.
הלמודים,הלמודימ,3,65,60,,,,,,claims_below_safe_min60,No strict claim >=60%.
הלעיסה,הלעיסה,8,0,60,,,,,,unresolved,No lexical entry yet.
הלשון,הלשונ,4,95,60,claim-2c9ff20f39d47c86,the tongue (of man | animals) | used literally (as the instrument of licking | eating | speech) | and figuratively (speech | an ingot | a fork of flame,OpenScriptures morphHB,H3956,CC BY 4.0,safe_claims_min60,
הם,המ,53,65,60,,,,,,claims_below_safe_min60,No strict claim >=60%.
המ״מ,המ״מ,124,95,60,claim-06e390f4991f7977 | claim-be385e03012bc7be,the nevertheless | the in any case | nevertheless | in any case,Project-authored abbreviation table,project-abbreviation:mem-mem,project-authored / CC0,safe_claims_min60,
המאכיל,המאכיל,4,0,60,,,,,,unresolved,No lexical entry yet.
המאכל,המאכל,2,0,60,,,,,,unresolved,No lexical entry yet.
המאתים,המאתימ,1,0,60,,,,,,unresolved,No lexical entry yet.
המבואר,המבואר,2,0,60,,,,,,unresolved,No lexical entry yet.
המבעיר,המבעיר,1,0,60,,,,,,unresolved,No lexical entry yet.
המדבר,המדבר,1,65,60,,,,,,claims_below_safe_min60,No strict claim >=60%.
המדיר,המדיר,1,0,60,,,,,,unresolved,No lexical entry yet.
המה,המה,1,65,60,,,,,,claims_below_safe_min60,No strict claim >=60%.
המהופכת,המהופכת,1,0,60,,,,,,unresolved,No lexical entry yet.
המהר״מ,המהר״מ,1,0,60,,,,,,unresolved,No lexical entry yet.
המהר״ם,המהר״מ,1,0,60,,,,,,unresolved,No lexical entry yet.
המודה,המודה,4,0,60,,,,,,unresolved,No lexical entry yet.
המוחזק,המוחזק,18,0,60,,,,,,unresolved,No lexical entry yet.
המוטל,המוטל,3,0,60,,,,,,unresolved,No lexical entry yet.
המוכר,המוכר,18,0,60,,,,,,unresolved,No lexical entry yet.
המוכרה,המוכרה,7,0,60,,,,,,unresolved,No lexical entry yet.
המוכרו,המוכרו,3,0,60,,,,,,unresolved,No lexical entry yet.
המוכרם,המוכרמ,1,0,60,,,,,,unresolved,No lexical entry yet.
המונח,המונח,2,95,60,claim-b77f3cc1eed85247,Noach | the patriarch of the flood | Noah.,OpenScriptures morphHB,H5146,CC BY 4.0,safe_claims_min60,
המונחת,המונחת,3,0,60,,,,,,unresolved,No lexical entry yet.
המועד,המועד,1,95,60,claim-177b1b3138f5400d,properly | an appointment | i.e. a fixed time | season | specifically | a festival | conventionally a year | by implication,OpenScriptures HebrewLexicon,H4150,CC BY 4.0,safe_claims_min60,
המוצא,המוצא,6,65,60,,,,,,claims_below_safe_min60,No strict claim >=60%.
המוציא,המוציא,3,0,60,,,,,,unresolved,No lexical entry yet.
המוריש,המוריש,1,0,60,,,,,,unresolved,No lexical entry yet.
המותר,המותר,1,0,60,,,,,,unresolved,No lexical entry yet.
המזיק,המזיק,2,0,60,,,,,,unresolved,No lexical entry yet.
המחאה,המחאה,3,89,60,claim-2514feb7046f73a4 | claim-fa42b4f7f2d2811b,the protest | protest,Wikidata Lexeme,L66157,CC0,safe_claims_min60,
המחבר,המחבר,30,0,60,,,,,,unresolved,No lexical entry yet.
המחובר,המחובר,2,0,60,,,,,,unresolved,No lexical entry yet.
המחויב,המחויב,1,0,60,,,,,,unresolved,No lexical entry yet.
המחזיק,המחזיק,55,91,60,claim-e409ca16a41fa125 | claim-dbd014cfc0a69339,the hence | the courageous | the causatively strengthen | the cure | to fasten upon | hence | to seize | be strong (figuratively | courageous | causatively strengthen | cure | help,OpenScriptures morphHB,H2388,CC BY 4.0,safe_claims_min60,
המחייב,המחייב,1,0,60,,,,,,unresolved,No lexical entry yet.
המחייבין,המחייבינ,1,0,60,,,,,,unresolved,No lexical entry yet.
המחייבתו,המחייבתו,3,0,60,,,,,,unresolved,No lexical entry yet.
המחלוקת,המחלוקת,8,89,60,claim-2576f73012bc7e15 | claim-e4dcd9b6a4d8ffb4,the controversy | controversy,Wikidata Lexeme,L66170,CC0,safe_claims_min60,
המחליטים,המחליטימ,1,0,60,,,,,,unresolved,No lexical entry yet.
המטלטל,המטלטל,1,0,60,,,,,,unresolved,No lexical entry yet.
המטלטלין,המטלטלינ,9,0,60,,,,,,unresolved,No lexical entry yet.
המיגו,המיגו,6,0,60,,,,,,unresolved,No lexical entry yet.
המיוחדים,המיוחדימ,1,0,60,,,,,,unresolved,No lexical entry yet.
המין,המינ,1,65,60,,,,,,claims_below_safe_min60,No strict claim >=60%.
המכוון,המכוונ,1,0,60,,,,,,unresolved,No lexical entry yet.
המכחישים,המכחישימ,1,0,60,,,,,,unresolved,No lexical entry yet.
המכחישין,המכחישינ,1,0,60,,,,,,unresolved,No lexical entry yet.
המכיר,המכיר,1,0,60,,,,,,unresolved,No lexical entry yet.
המכירה,המכירה,2,63,60,,,,,,claims_below_safe_min60,No strict claim >=60%.
המל״מ,המל״מ,11,0,60,,,,,,unresolved,No lexical entry yet.
המלוה,המלוה,57,0,60,,,,,,unresolved,No lexical entry yet.
הממון,הממונ,4,0,60,,,,,,unresolved,No lexical entry yet.
הממע״ה,הממע״ה,2,0,60,,,,,,unresolved,No lexical entry yet.
המנה,המנה,5,0,60,,,,,,unresolved,No lexical entry yet.
המניח,המניח,2,0,60,,,,,,unresolved,No lexical entry yet.
המנין,המנינ,1,0,60,,,,,,unresolved,No lexical entry yet.
המסביר,המסביר,3,0,60,,,,,,unresolved,No lexical entry yet.
המסופק,המסופק,1,0,60,,,,,,unresolved,No lexical entry yet.
המסייע,המסייע,4,0,60,,,,,,unresolved,No lexical entry yet.
המסירה,המסירה,1,63,60,,,,,,claims_below_safe_min60,No strict claim >=60%.
המסקנא,המסקנא,1,0,60,,,,,,unresolved,No lexical entry yet.
המסתעף,המסתעפ,1,0,60,,,,,,unresolved,No lexical entry yet.
המסתעפים,המסתעפימ,1,0,60,,,,,,unresolved,No lexical entry yet.
המעות,המעות,5,0,60,,,,,,unresolved,No lexical entry yet.
המעידים,המעידימ,1,0,60,,,,,,unresolved,No lexical entry yet.
המעידין,המעידינ,1,0,60,,,,,,unresolved,No lexical entry yet.
המעיין,המעיינ,2,0,60,,,,,,unresolved,No lexical entry yet.
המערער,המערער,61,0,60,,,,,,unresolved,No lexical entry yet.
המעשה,המעשה,6,95,60,claim-bc8af92e7ef283c4,an action (good | bad) | generally | a transaction | abstractly | activity | by implication | a product (specifically,OpenScriptures morphHB,H4639,CC BY 4.0,safe_claims_min60,
המעתיק,המעתיק,2,0,60,,,,,,unresolved,No lexical entry yet.
המפקיד,המפקיד,8,0,60,,,,,,unresolved,No lexical entry yet.
המפרנס,המפרנס,4,0,60,,,,,,unresolved,No lexical entry yet.
המפרשים,המפרשימ,8,0,60,,,,,,unresolved,No lexical entry yet.
המקבל,המקבל,4,65,60,,,,,,claims_below_safe_min60,No strict claim >=60%.
המקור,המקור,1,65,60,,,,,,claims_below_safe_min60,No strict claim >=60%.
המקח,המקח,1,0,60,,,,,,unresolved,No lexical entry yet.
המקצת,המקצת,3,0,60,,,,,,unresolved,No lexical entry yet.
המקרא,המקרא,1,0,60,,,,,,unresolved,No lexical entry yet.
המקרה,המקרה,1,0,60,,,,,,unresolved,No lexical entry yet.
המקשה,המקשה,1,0,60,,,,,,unresolved,No lexical entry yet.
המרבה,המרבה,1,0,60,,,,,,unresolved,No lexical entry yet.
המרדכי,המרדכי,2,0,60,,,,,,unresolved,No lexical entry yet.
המרשיע,המרשיע,1,0,60,,,,,,unresolved,No lexical entry yet.
המש״ל,המש״ל,1,0,60,,,,,,unresolved,No lexical entry yet.
המשועבדים,המשועבדימ,5,0,60,,,,,,unresolved,No lexical entry yet.
המשכון,המשכונ,29,0,60,,,,,,unresolved,No lexical entry yet.
המשכיר,המשכיר,2,0,60,,,,,,unresolved,No lexical entry yet.
המשכנתא,המשכנתא,1,0,60,,,,,,unresolved,No lexical entry yet.
המשלח,המשלח,1,0,60,,,,,,unresolved,No lexical entry yet.
המשנה,המשנה,7,95,60,claim-3761e26cde358db2,properly | a repetition | i.e. a duplicate ( copy of a document) | a double (in amount) | by implication | a second (in order | rank | age,OpenScriptures morphHB,H4932,CC BY 4.0,safe_claims_min60,
המשפט,המשפט,4,95,60,claim-0ebd478e64bf6b81,properly | a verdict (favorable | unfavorable) pronounced judicially | especially a sentence | formal decree (human | (participant's) divine law | individual | collective),OpenScriptures morphHB,H4941,CC BY 4.0,safe_claims_min60,
המתגבר,המתגבר,1,0,60,,,,,,unresolved,No lexical entry yet.
המתיר,המתיר,3,0,60,,,,,,unresolved,No lexical entry yet.
המתפרנס,המתפרנס,2,0,60,,,,,,unresolved,No lexical entry yet.
הן,הנ,25,65,60,,,,,,claims_below_safe_min60,No strict claim >=60%.
הנ״י,הנ״י,1,0,60,,,,,,unresolved,No lexical entry yet.
הנ״ל,הנ״ל,7,99,60,claim-7fdec8834011116d,the above-mentioned,Project-authored abbreviation table,project-abbreviation:hanal,project-authored / CC0,safe_claims_min60,
הנ״מ,הנ״מ,3,0,60,,,,,,unresolved,No lexical entry yet.
הנאמנות,הנאמנות,3,65,60,,,,,,claims_below_safe_min60,No strict claim >=60%.
הנאת,הנאת,1,0,60,,,,,,unresolved,No lexical entry yet.
הנאתו,הנאתו,1,0,60,,,,,,unresolved,No lexical entry yet.
הנה,הנה,10,65,60,,,,,,claims_below_safe_min60,No strict claim >=60%.
הנוב״י,הנוב״י,3,0,60,,,,,,unresolved,No lexical entry yet.
הנובי״ת,הנובי״ת,1,0,60,,,,,,unresolved,No lexical entry yet.
הנוטל,הנוטל,5,0,60,,,,,,unresolved,No lexical entry yet.
הנותן,הנותנ,2,95,60,claim-6726506cb6a027e6,to give | used with greatest latitude of application ( put | make | etc.) | add | apply | appoint | ascribe,OpenScriptures morphHB,H5414,CC BY 4.0,safe_claims_min60,
הנז׳,הנז׳,2,99,60,claim-d22e337976ca8f62,the mentioned | the aforementioned,Project-authored abbreviation table,project-abbreviation:hanizkar,project-authored / CC0,safe_claims_min60,
הנזכר,הנזכר,1,99,60,claim-b28f8e9b38735fc0,the mentioned | the aforementioned,Project-authored abbreviation table,project-abbreviation:hanizkar-full,project-authored / CC0,safe_claims_min60,
הנזק,הנזק,2,0,60,,,,,,unresolved,No lexical entry yet.
הנטילה,הנטילה,1,0,60,,,,,,unresolved,No lexical entry yet.
הנטען,הנטענ,5,0,60,,,,,,unresolved,No lexical entry yet.
הני,הני,10,0,60,,,,,,unresolved,No lexical entry yet.
הניזק,הניזק,2,0,60,,,,,,unresolved,No lexical entry yet.
הניזקין,הניזקינ,1,0,60,,,,,,unresolved,No lexical entry yet.
הניח,הניח,1,0,60,,,,,,unresolved,No lexical entry yet.
הניחו,הניחו,1,0,60,,,,,,unresolved,No lexical entry yet.
הניחוה,הניחוה,1,0,60,,,,,,unresolved,No lexical entry yet.
הנך,הנכ,1,0,60,,,,,,unresolved,No lexical entry yet.
הנכנס,הנכנס,2,0,60,,,,,,unresolved,No lexical entry yet.
הנכסים,הנכסימ,5,0,60,,,,,,unresolved,No lexical entry yet.
הנמוק״י,הנמוק״י,4,0,60,,,,,,unresolved,No lexical entry yet.
הנמצאים,הנמצאימ,1,95,60,claim-8b818eda46fcc65c,properly | to come forth to | i.e. appear | exist | transitively | to attain | i.e. find | acquire,OpenScriptures morphHB,H4672,CC BY 4.0,safe_claims_min60,
הנני,הנני,1,65,60,,,,,,claims_below_safe_min60,No strict claim >=60%.
הנסכא,הנסכא,1,0,60,,,,,,unresolved,No lexical entry yet.
הנעלה,הנעלה,1,65,60,,,,,,claims_below_safe_min60,No strict claim >=60%.
הנפקד,הנפקד,7,0,60,,,,,,unresolved,No lexical entry yet.
הנפש,הנפש,3,95,60,claim-00828c4cca5329ec,properly | a breathing creature | i.e. animal of (abstractly) vitality | used very widely in a literal | accommodated | figurative sense (bodily | mental) | any,OpenScriptures morphHB,H5315,CC BY 4.0,safe_claims_min60,
הנראה,הנראה,1,95,60,claim-5335abdf69914831,to see | literally | figuratively (in numerous applications | direct and implied | transitive | intransitive and causative) | advise self | appear,OpenScriptures morphHB,H7200,CC BY 4.0,safe_claims_min60,
הנשבע,הנשבע,5,0,60,,,,,,unresolved,No lexical entry yet.
הנשבעין,הנשבעינ,28,0,60,,,,,,unresolved,No lexical entry yet.
הנשה,הנשה,1,0,60,,,,,,unresolved,No lexical entry yet.
הנשואין,הנשואינ,1,0,60,,,,,,unresolved,No lexical entry yet.
הנשמעת,הנשמעת,1,0,60,,,,,,unresolved,No lexical entry yet.
הנתבע,הנתבע,75,0,60,,,,,,unresolved,No lexical entry yet.
הנתבעין,הנתבעינ,1,0,60,,,,,,unresolved,No lexical entry yet.
הנתיבות,הנתיבות,10,0,60,,,,,,unresolved,No lexical entry yet.
הנתינה,הנתינה,2,0,60,,,,,,unresolved,No lexical entry yet.
הסביר,הסביר,1,0,60,,,,,,unresolved,No lexical entry yet.
הסבל,הסבל,1,95,60,claim-962f6faec34ec027,a porter | (to bear | bearer of) burden(-s).,OpenScriptures morphHB,H5449,CC BY 4.0,safe_claims_min60,
הסבר,הסבר,1,0,60,,,,,,unresolved,No lexical entry yet.
הסברא,הסברא,9,0,60,,,,,,unresolved,No lexical entry yet.
הסברנו,הסברנו,1,0,60,,,,,,unresolved,No lexical entry yet.
הסוגיא,הסוגיא,3,0,60,,,,,,unresolved,No lexical entry yet.
הסוגיות,הסוגיות,1,0,60,,,,,,unresolved,No lexical entry yet.
הסימן,הסימנ,2,89,60,claim-9980f801e6873cf2 | claim-fadfebeb587c5ec9,the sign | sign,Wikidata Lexeme,L67010,CC0,safe_claims_min60,
הסימנים,הסימנימ,4,0,60,,,,,,unresolved,No lexical entry yet.
הסכים,הסכימ,3,0,60,,,,,,unresolved,No lexical entry yet.
הסכימו,הסכימו,3,0,60,,,,,,unresolved,No lexical entry yet.
הסמ״ע,הסמ״ע,15,0,60,,,,,,unresolved,No lexical entry yet.
הסמוך,הסמוכ,1,0,60,,,,,,unresolved,No lexical entry yet.
הסעיף,הסעיפ,1,0,60,,,,,,unresolved,No lexical entry yet.
הסעיפים,הסעיפימ,1,0,60,,,,,,unresolved,No lexical entry yet.
הספק,הספק,7,93,60,claim-cb967c962911be80,power,Wikidata Lexeme,L64890,CC0,safe_claims_min60,
הספרא,הספרא,3,0,60,,,,,,unresolved,No lexical entry yet.
הסת,הסת,1,0,60,,,,,,unresolved,No lexical entry yet.
הסתלק,הסתלק,1,0,60,,,,,,unresolved,No lexical entry yet.
הסתם,הסתמ,1,0,60,,,,,,unresolved,No lexical entry yet.
הע״א,הע״א,2,0,60,,,,,,unresolved,No lexical entry yet.
העבוט,העבוט,1,0,60,,,,,,unresolved,No lexical entry yet.
העבירה,העבירה,8,0,60,,,,,,unresolved,No lexical entry yet.
העבריה,העבריה,4,0,60,,,,,,unresolved,No lexical entry yet.
העד,העד,42,0,60,,,,,,unresolved,No lexical entry yet.
העדאת,העדאת,7,0,60,,,,,,unresolved,No lexical entry yet.
העדאתם,העדאתמ,1,0,60,,,,,,unresolved,No lexical entry yet.
העדות,העדות,12,65,60,,,,,,claims_below_safe_min60,No strict claim >=60%.
העדים,העדימ,24,0,60,,,,,,unresolved,No lexical entry yet.
העולם,העולמ,8,95,60,claim-00aa5cc0465f348d,properly | concealed | i.e. the vanishing point | generally | time out of mind (past | future) | i.e. (practically) eternity | frequentatively,OpenScriptures morphHB,H5769,CC BY 4.0,safe_claims_min60,
העומד,העומד,11,65,60,,,,,,claims_below_safe_min60,No strict claim >=60%.
העומדות,העומדות,5,0,60,,,,,,unresolved,No lexical entry yet.
העומדים,העומדימ,3,0,60,,,,,,unresolved,No lexical entry yet.
העומדת,העומדת,1,65,60,,,,,,claims_below_safe_min60,No strict claim >=60%.
העורר,העורר,3,0,60,,,,,,unresolved,No lexical entry yet.
העזה,העזה,6,65,60,,,,,,claims_below_safe_min60,No strict claim >=60%.
העיד,העיד,3,0,60,,,,,,unresolved,No lexical entry yet.
העידו,העידו,5,0,60,,,,,,unresolved,No lexical entry yet.
העיון,העיונ,2,0,60,,,,,,unresolved,No lexical entry yet.
העיטור,העיטור,1,0,60,,,,,,unresolved,No lexical entry yet.
העיכוב,העיכוב,2,0,60,,,,,,unresolved,No lexical entry yet.
העיקר,העיקר,3,0,60,,,,,,unresolved,No lexical entry yet.
העירני,העירני,5,0,60,,,,,,unresolved,No lexical entry yet.
העכו״ם,העכו״מ,1,0,60,,,,,,unresolved,No lexical entry yet.
העלה,העלה,1,65,60,,,,,,claims_below_safe_min60,No strict claim >=60%.
העמיס,העמיס,1,0,60,,,,,,unresolved,No lexical entry yet.
הענין,הענינ,4,95,60,claim-a974730341608eea,ado | i.e. (generally) employment | (specifically) an affair | business | travail.,OpenScriptures morphHB,H6045,CC BY 4.0,safe_claims_min60,
העפר,העפר,1,0,60,,,,,,unresolved,No lexical entry yet.
הערה,הערה,1,65,60,,,,,,claims_below_safe_min60,No strict claim >=60%.
הערוך,הערוכ,1,0,60,,,,,,unresolved,No lexical entry yet.
הערמה,הערמה,1,0,60,,,,,,unresolved,No lexical entry yet.
הערתי,הערתי,1,0,60,,,,,,unresolved,No lexical entry yet.
העשויים,העשויימ,19,0,60,,,,,,unresolved,No lexical entry yet.
העשויין,העשויינ,3,0,60,,,,,,unresolved,No lexical entry yet.
העשרה,העשרה,2,0,60,,,,,,unresolved,No lexical entry yet.
העשרים,העשרימ,3,0,60,,,,,,unresolved,No lexical entry yet.
הפה,הפה,60,95,60,claim-97ba7e319a54aaae,the mouth (as the means of blowing ) | whether literal | figurative (particularly speech ) | specifically edge | portion | side | adverbially (with preposition) according to | accord(-ing as,OpenScriptures morphHB,H6310,CC BY 4.0,safe_claims_min60,
הפוגם,הפוגמ,1,0,60,,,,,,unresolved,No lexical entry yet.
הפוגמת,הפוגמת,2,0,60,,,,,,unresolved,No lexical entry yet.
הפוחת,הפוחת,2,0,60,,,,,,unresolved,No lexical entry yet.
הפוטרין,הפוטרינ,1,0,60,,,,,,unresolved,No lexical entry yet.
הפוסקים,הפוסקימ,4,0,60,,,,,,unresolved,No lexical entry yet.
הפועל,הפועל,2,0,60,,,,,,unresolved,No lexical entry yet.
הפושע,הפושע,1,0,60,,,,,,unresolved,No lexical entry yet.
הפחות,הפחות,1,95,60,claim-3176792e05dd2310,a prefect (of a city | small district) | captain | deputy | governor.,OpenScriptures morphHB,H6346,CC BY 4.0,safe_claims_min60,
הפחיתו,הפחיתו,4,0,60,,,,,,unresolved,No lexical entry yet.
הפחת,הפחת,3,0,60,,,,,,unresolved,No lexical entry yet.
הפטור,הפטור,5,0,60,,,,,,unresolved,No lexical entry yet.
הפטורים,הפטורימ,1,0,60,,,,,,unresolved,No lexical entry yet.
הפיהמ״ש,הפיהמ״ש,1,0,60,,,,,,unresolved,No lexical entry yet.
הפירות,הפירות,13,77,60,claim-3a5bb9ddd0a4b59b,the fruit,Wiktionary via Kaikki,kaikki-a5359e9b1e34,CC BY-SA 4.0 / GFDL,safe_claims_min60,
הפך,הפכ,5,0,60,,,,,,unresolved,No lexical entry yet.
הפלוגתא,הפלוגתא,1,0,60,,,,,,unresolved,No lexical entry yet.
הפלפלא,הפלפלא,1,0,60,,,,,,unresolved,No lexical entry yet.
הפסד,הפסד,6,0,60,,,,,,unresolved,No lexical entry yet.
הפסדת,הפסדת,3,0,60,,,,,,unresolved,No lexical entry yet.
הפסול,הפסול,1,0,60,,,,,,unresolved,No lexical entry yet.
הפסולים,הפסולימ,1,0,60,,,,,,unresolved,No lexical entry yet.
הפסוק,הפסוק,3,0,60,,,,,,unresolved,No lexical entry yet.
הפסיד,הפסיד,1,0,60,,,,,,unresolved,No lexical entry yet.
הפסידו,הפסידו,1,0,60,,,,,,unresolved,No lexical entry yet.
הפסק,הפסק,1,0,60,,,,,,unresolved,No lexical entry yet.
הפקדון,הפקדונ,35,0,60,,,,,,unresolved,No lexical entry yet.
הפקדת,הפקדת,3,0,60,,,,,,unresolved,No lexical entry yet.
הפקיד,הפקיד,4,0,60,,,,,,unresolved,No lexical entry yet.
הפקידו,הפקידו,1,0,60,,,,,,unresolved,No lexical entry yet.
הפרט,הפרט,1,65,60,,,,,,claims_below_safe_min60,No strict claim >=60%.
הפרטים,הפרטימ,1,95,60,claim-891becef2d4fa1fa,to scatter words | i.e. prate ( | hum) | chant.,OpenScriptures HebrewLexicon,H6527,CC BY 4.0,safe_claims_min60,
הפרעון,הפרעונ,6,0,60,,,,,,unresolved,No lexical entry yet.
הפרק,הפרק,1,0,60,,,,,,unresolved,No lexical entry yet.
הפשרה,הפשרה,1,0,60,,,,,,unresolved,No lexical entry yet.
הצד,הצד,6,95,60,claim-ece1f5502fc78057,to lie alongside (i.e. in wait) | by implication | to catch an animal (figuratively | men) | to victual (for a journey) | chase | hunt | sore,OpenScriptures morphHB,H6679,CC BY 4.0,safe_claims_min60,
הצדק,הצדק,1,65,60,,,,,,claims_below_safe_min60,No strict claim >=60%.
הצער,הצער,2,65,60,,,,,,claims_below_safe_min60,No strict claim >=60%.
הצריך,הצריכ,3,0,60,,,,,,unresolved,No lexical entry yet.
הצריכה,הצריכה,1,0,60,,,,,,unresolved,No lexical entry yet.
הצריכו,הצריכו,5,0,60,,,,,,unresolved,No lexical entry yet.
הק״ע,הק״ע,2,0,60,,,,,,unresolved,No lexical entry yet.
הקדים,הקדימ,2,65,60,,,,,,claims_below_safe_min60,No strict claim >=60%.
הקו׳,הקו׳,1,0,60,,,,,,unresolved,No lexical entry yet.
הקודם,הקודמ,3,0,60,,,,,,unresolved,No lexical entry yet.
הקודמים,הקודמימ,3,0,60,,,,,,unresolved,No lexical entry yet.
הקונטרס,הקונטרס,1,0,60,,,,,,unresolved,No lexical entry yet.
הקושיא,הקושיא,9,0,60,,,,,,unresolved,No lexical entry yet.
הקושיות,הקושיות,1,0,60,,,,,,unresolved,No lexical entry yet.
הקטן,הקטנ,19,65,60,,,,,,claims_below_safe_min60,No strict claim >=60%.
הקלקול,הקלקול,1,0,60,,,,,,unresolved,No lexical entry yet.
הקנאות,הקנאות,1,0,60,,,,,,unresolved,No lexical entry yet.
הקצה״ח,הקצה״ח,1,0,60,,,,,,unresolved,No lexical entry yet.
הקצוה״ח,הקצוה״ח,26,0,60,,,,,,unresolved,No lexical entry yet.
הקציצה,הקציצה,3,0,60,,,,,,unresolved,No lexical entry yet.
הקרן,הקרנ,1,89,60,claim-97406eb0d24bc6a9 | claim-034b6e661863316e,the horn | the financial endowment | the ray | horn | financial endowment | ray,Wikidata Lexeme,L67982,CC0,safe_claims_min60,
הקרקע,הקרקע,26,0,60,,,,,,unresolved,No lexical entry yet.
הקרקעות,הקרקעות,3,0,60,,,,,,unresolved,No lexical entry yet.
הקשה,הקשה,22,65,60,,,,,,claims_below_safe_min60,No strict claim >=60%.
הקשו,הקשו,4,0,60,,,,,,unresolved,No lexical entry yet.
הר׳,הר׳,2,0,60,,,,,,unresolved,No lexical entry yet.
הר״א,הר״א,5,0,60,,,,,,unresolved,No lexical entry yet.
הר״ז,הר״ז,2,0,60,,,,,,unresolved,No lexical entry yet.
הר״ח,הר״ח,2,0,60,,,,,,unresolved,No lexical entry yet.
הר״י,הר״י,47,0,60,,,,,,unresolved,No lexical entry yet.
הר״מ,הר״מ,2,0,60,,,,,,unresolved,No lexical entry yet.
הר״נ,הר״נ,48,0,60,,,,,,unresolved,No lexical entry yet.
הר״ן,הר״נ,18,0,60,,,,,,unresolved,No lexical entry yet.
הר״ש,הר״ש,2,0,60,,,,,,unresolved,No lexical entry yet.
הרא״ה,הרא״ה,2,0,60,,,,,,unresolved,No lexical entry yet.
הרא״ש,הרא״ש,79,0,60,,,,,,unresolved,No lexical entry yet.
הראב״ד,הראב״ד,123,0,60,,,,,,unresolved,No lexical entry yet.
הראה,הראה,3,65,60,,,,,,claims_below_safe_min60,No strict claim >=60%.
הראויים,הראויימ,2,0,60,,,,,,unresolved,No lexical entry yet.
הראי׳,הראי׳,7,0,60,,,,,,unresolved,No lexical entry yet.
הראיה,הראיה,6,0,60,,,,,,unresolved,No lexical entry yet.
הראשון,הראשונ,7,95,60,claim-7b28f15222fa89e1,first | in place | time | rank (as adjective | noun) | ancestor | (that were) before(-time) | beginning,OpenScriptures HebrewLexicon,H7223,CC BY 4.0,safe_claims_min60,
הראשונה,הראשונה,19,95,60,claim-7b28f15222fa89e1,first | in place | time | rank (as adjective | noun) | ancestor | (that were) before(-time) | beginning,OpenScriptures HebrewLexicon,H7223,CC BY 4.0,safe_claims_min60,
הראשונות,הראשונות,1,0,60,,,,,,unresolved,No lexical entry yet.
הראשונים,הראשונימ,20,95,60,claim-7b28f15222fa89e1,first | in place | time | rank (as adjective | noun) | ancestor | (that were) before(-time) | beginning,OpenScriptures HebrewLexicon,H7223,CC BY 4.0,safe_claims_min60,
הרב,הרב,14,65,60,,,,,,claims_below_safe_min60,No strict claim >=60%.
הרבה,הרבה,10,65,60,,,,,,claims_below_safe_min60,No strict claim >=60%.
הרבינו,הרבינו,2,65,60,,,,,,claims_below_safe_min60,No strict claim >=60%.
הרג,הרג,1,65,60,,,,,,claims_below_safe_min60,No strict claim >=60%.
הרגו,הרגו,6,0,60,,,,,,unresolved,No lexical entry yet.
הרגל,הרגל,1,65,60,,,,,,claims_below_safe_min60,No strict claim >=60%.
הרגת,הרגת,2,0,60,,,,,,unresolved,No lexical entry yet.
הרהינה,הרהינה,1,0,60,,,,,,unresolved,No lexical entry yet.
הרוב,הרוב,4,0,60,,,,,,unresolved,No lexical entry yet.
הרויח,הרויח,2,0,60,,,,,,unresolved,No lexical entry yet.
הרי,הרי,132,65,60,,,,,,claims_below_safe_min60,No strict claim >=60%.
הרי״ף,הרי״פ,107,0,60,,,,,,unresolved,No lexical entry yet.
הריב״א,הריב״א,14,0,60,,,,,,unresolved,No lexical entry yet.
הריב״ש,הריב״ש,5,0,60,,,,,,unresolved,No lexical entry yet.
הריני,הריני,18,0,60,,,,,,unresolved,No lexical entry yet.
הריצב״א,הריצב״א,1,0,60,,,,,,unresolved,No lexical entry yet.
הרמ״א,הרמ״א,10,0,60,,,,,,unresolved,No lexical entry yet.
הרמאי,הרמאי,1,0,60,,,,,,unresolved,No lexical entry yet.
הרמאים,הרמאימ,1,0,60,,,,,,unresolved,No lexical entry yet.
הרמאין,הרמאינ,1,0,60,,,,,,unresolved,No lexical entry yet.
הרמב״ם,הרמב״מ,371,99,60,claim-8e10c6ac3160a4e3,Rambam | Maimonides,Project-authored abbreviation table,project-abbreviation:rambam,project-authored / CC0,safe_claims_min60,
הרמב״ן,הרמב״נ,70,0,60,,,,,,unresolved,No lexical entry yet.
הרר״פ,הרר״פ,2,0,60,,,,,,unresolved,No lexical entry yet.
הרשב״א,הרשב״א,34,99,60,claim-04781af81e9fdd95,Rashba,Project-authored abbreviation table,project-abbreviation:rashba,project-authored / CC0,safe_claims_min60,
הרשב״ם,הרשב״מ,12,0,60,,,,,,unresolved,No lexical entry yet.
הרשהו,הרשהו,1,0,60,,,,,,unresolved,No lexical entry yet.
הרשות,הרשות,2,0,60,,,,,,unresolved,No lexical entry yet.
הש״ך,הש״כ,53,0,60,,,,,,unresolved,No lexical entry yet.
הש״ס,הש״ס,1,0,60,,,,,,unresolved,No lexical entry yet.
הש״ש,הש״ש,1,0,60,,,,,,unresolved,No lexical entry yet.
השאלה,השאלה,4,65,60,,,,,,claims_below_safe_min60,No strict claim >=60%.
השאלתי,השאלתי,4,0,60,,,,,,unresolved,No lexical entry yet.
השאלתיו,השאלתיו,3,0,60,,,,,,unresolved,No lexical entry yet.
השאלתים,השאלתימ,6,0,60,,,,,,unresolved,No lexical entry yet.
השאר,השאר,4,0,60,,,,,,unresolved,No lexical entry yet.
השב,השב,1,65,60,,,,,,claims_below_safe_min60,No strict claim >=60%.
השבה,השבה,3,65,60,,,,,,claims_below_safe_min60,No strict claim >=60%.
השבועה,השבועה,95,0,60,,,,,,unresolved,No lexical entry yet.
השבועת,השבועת,3,0,60,,,,,,unresolved,No lexical entry yet.
השבע,השבע,18,0,60,,,,,,unresolved,No lexical entry yet.
השבעה,השבעה,1,0,60,,,,,,unresolved,No lexical entry yet.
השבת,השבת,9,65,60,,,,,,claims_below_safe_min60,No strict claim >=60%.
השגחה,השגחה,1,0,60,,,,,,unresolved,No lexical entry yet.
השגת,השגת,25,0,60,,,,,,unresolved,No lexical entry yet.
השגתו,השגתו,4,0,60,,,,,,unresolved,No lexical entry yet.
השדה,השדה,35,95,60,claim-9a3e1ba60367c993,a field (as flat) | country | field | ground | land | soil | × wild.,OpenScriptures morphHB,H7704,CC BY 4.0,safe_claims_min60,
השואל,השואל,4,0,60,,,,,,unresolved,No lexical entry yet.
השוה,השוה,5,65,60,,,,,,claims_below_safe_min60,No strict claim >=60%.
השוות,השוות,1,0,60,,,,,,unresolved,No lexical entry yet.
השוכר,השוכר,6,0,60,,,,,,unresolved,No lexical entry yet.
השוכרים,השוכרימ,2,0,60,,,,,,unresolved,No lexical entry yet.
השוכרין,השוכרינ,1,0,60,,,,,,unresolved,No lexical entry yet.
השומא,השומא,1,0,60,,,,,,unresolved,No lexical entry yet.
השומע,השומע,1,65,60,,,,,,claims_below_safe_min60,No strict claim >=60%.
השומר,השומר,20,0,60,,,,,,unresolved,No lexical entry yet.
השומרים,השומרימ,17,0,60,,,,,,unresolved,No lexical entry yet.
השומרין,השומרינ,8,0,60,,,,,,unresolved,No lexical entry yet.
השוק,השוק,7,0,60,,,,,,unresolved,No lexical entry yet.
השור,השור,2,95,60,claim-07d5d72e3a9cb720,a bullock (as a traveller ) | bull(-ock) | cow | ox | wall (by mistake for 7791 ).,OpenScriptures morphHB,H7794,CC BY 4.0,safe_claims_min60,
השושבינין,השושבינינ,1,0,60,,,,,,unresolved,No lexical entry yet.
השותף,השותפ,2,0,60,,,,,,unresolved,No lexical entry yet.
השותפין,השותפינ,8,0,60,,,,,,unresolved,No lexical entry yet.
השטאה,השטאה,2,0,60,,,,,,unresolved,No lexical entry yet.
השטר,השטר,47,0,60,,,,,,unresolved,No lexical entry yet.
השטרות,השטרות,2,0,60,,,,,,unresolved,No lexical entry yet.
השיב,השיב,1,0,60,,,,,,unresolved,No lexical entry yet.
השיבו,השיבו,1,0,60,,,,,,unresolved,No lexical entry yet.
השיג,השיג,9,0,60,,,,,,unresolved,No lexical entry yet.
השיגו,השיגו,3,65,60,,,,,,claims_below_safe_min60,No strict claim >=60%.
השיווי,השיווי,2,0,60,,,,,,unresolved,No lexical entry yet.
השכ״מ,השכ״מ,2,0,60,,,,,,unresolved,No lexical entry yet.
השכיר,השכיר,4,0,60,,,,,,unresolved,No lexical entry yet.
השכירו,השכירו,1,0,60,,,,,,unresolved,No lexical entry yet.
השכירות,השכירות,4,0,60,,,,,,unresolved,No lexical entry yet.
השכר,השכר,6,0,60,,,,,,unresolved,No lexical entry yet.
השליח,השליח,3,0,60,,,,,,unresolved,No lexical entry yet.
השמא,השמא,1,0,60,,,,,,unresolved,No lexical entry yet.
השמועה,השמועה,15,0,60,,,,,,unresolved,No lexical entry yet.
השמטות,השמטות,7,0,60,,,,,,unresolved,No lexical entry yet.
השמטת,השמטת,1,0,60,,,,,,unresolved,No lexical entry yet.
השמיט,השמיט,2,0,60,,,,,,unresolved,No lexical entry yet.
השמיענו,השמיענו,1,0,60,,,,,,unresolved,No lexical entry yet.
השמירה,השמירה,2,0,60,,,,,,unresolved,No lexical entry yet.
השני,השני,10,65,60,,,,,,claims_below_safe_min60,No strict claim >=60%.
השני׳,השני׳,1,0,60,,,,,,unresolved,No lexical entry yet.
השניה,השניה,2,95,60,claim-d7799562126834ec,alter | change | (be) diverse.,OpenScriptures morphHB,H8133,CC BY 4.0,safe_claims_min60,
השנים,השנימ,2,65,60,,,,,,claims_below_safe_min60,No strict claim >=60%.
השעהמ״ש,השעהמ״ש,10,0,60,,,,,,unresolved,No lexical entry yet.
השעורים,השעורימ,9,65,60,,,,,,claims_below_safe_min60,No strict claim >=60%.
השעות,השעות,1,0,60,,,,,,unresolved,No lexical entry yet.
השער,השער,4,65,60,,,,,,claims_below_safe_min60,No strict claim >=60%.
השתא,השתא,1,0,60,,,,,,unresolved,No lexical entry yet.
התביעה,התביעה,8,0,60,,,,,,unresolved,No lexical entry yet.
התובע,התובע,136,0,60,,,,,,unresolved,No lexical entry yet.
התובעים,התובעימ,2,0,60,,,,,,unresolved,No lexical entry yet.
התובעין,התובעינ,2,0,60,,,,,,unresolved,No lexical entry yet.
התומים,התומימ,13,0,60,,,,,,unresolved,No lexical entry yet.
התוס׳,התוס׳,74,0,60,,,,,,unresolved,No lexical entry yet.
התופס,התופס,7,0,60,,,,,,unresolved,No lexical entry yet.
התוקף,התוקפ,2,63,60,,,,,,claims_below_safe_min60,No strict claim >=60%.
התורה,התורה,53,95,60,claim-7e7e2d1f91dbb428,a precept | statute | especially the Decalogue | Pentateuch | law.,OpenScriptures morphHB,H8451,CC BY 4.0,safe_claims_min60,
התחייבות,התחייבות,1,0,60,,,,,,unresolved,No lexical entry yet.
התחיל,התחיל,4,91,60,claim-554dae19368a8400 | claim-7a0b2ce1304e34a7,the fear | properly | to twist | whirl (in a circular | spiral manner) | i.e. (specifically) to dance | to writhe in pain (especially of parturition) | fear | figuratively,OpenScriptures morphHB,H2342,CC BY 4.0,safe_claims_min60,
התחלת,התחלת,1,65,60,,,,,,claims_below_safe_min60,No strict claim >=60%.
התימה,התימה,1,0,60,,,,,,unresolved,No lexical entry yet.
התיר,התיר,1,0,60,,,,,,unresolved,No lexical entry yet.
התירא,התירא,1,0,60,,,,,,unresolved,No lexical entry yet.
התירוץ,התירוצ,1,0,60,,,,,,unresolved,No lexical entry yet.
התירוצים,התירוצימ,2,0,60,,,,,,unresolved,No lexical entry yet.
התלם,התלמ,2,0,60,,,,,,unresolved,No lexical entry yet.
התם,התמ,17,95,60,claim-1249433151b84c06,to complete | in a good | a bad sense | literal | figurative | transitive | intransitive | accomplish,OpenScriptures morphHB,H8552,CC BY 4.0,safe_claims_min60,
התנא,התנא,3,0,60,,,,,,unresolved,No lexical entry yet.
התנאים,התנאימ,2,93,60,claim-0e9647f02649c8fa,(pre)condition | precondition,Wikidata Lexeme,L68680,CC0,safe_claims_min60,
התנה,התנה,1,0,60,,,,,,unresolved,No lexical entry yet.
התפיסה,התפיסה,2,0,60,,,,,,unresolved,No lexical entry yet.
התקדשי,התקדשי,1,0,60,,,,,,unresolved,No lexical entry yet.
התקנה,התקנה,3,0,60,,,,,,unresolved,No lexical entry yet.
התרומות,התרומות,2,0,60,,,,,,unresolved,No lexical entry yet.
התרצו,התרצו,1,0,60,,,,,,unresolved,No lexical entry yet.
התשובה,התשובה,1,65,60,,,,,,claims_below_safe_min60,No strict claim >=60%.
התשובות,התשובות,1,0,60,,,,,,unresolved,No lexical entry yet.
התשובת,התשובת,1,90,60,claim-04c90987c727d1d6 | claim-bea5d387cb79a37d | claim-95c2b2b0d4014229,the answer | the reply | Repentance in Judaism | answer | reply,Wikidata Lexeme | OpenScriptures HebrewLexicon,L68762 | H8666,CC0 | CC BY 4.0,safe_claims_min60,
התשלומים,התשלומימ,2,0,60,,,,,,unresolved,No lexical entry yet.
התשלומין,התשלומינ,8,0,60,,,,,,unresolved,No lexical entry yet.
ו׳,ו׳,16,0,60,,,,,,unresolved,No lexical entry yet.
וא״א,וא״א,3,0,60,,,,,,unresolved,No lexical entry yet.
וא״י,וא״י,1,0,60,,,,,,unresolved,No lexical entry yet.
וא״כ,וא״כ,118,95,60,claim-3e9daaf808adc198 | claim-69ddb95dde192fc2,and if so | and therefore | if so | therefore,Project-authored abbreviation table,project-abbreviation:im-ken,project-authored / CC0,safe_claims_min60,
וא״ל,וא״ל,3,0,60,,,,,,unresolved,No lexical entry yet.
וא״צ,וא״צ,1,0,60,,,,,,unresolved,No lexical entry yet.
וא״ת,וא״ת,3,0,60,,,,,,unresolved,No lexical entry yet.
ואב״ד,ואב״ד,2,0,60,,,,,,unresolved,No lexical entry yet.
ואבד,ואבד,2,0,60,,,,,,unresolved,No lexical entry yet.
ואבדה,ואבדה,1,0,60,,,,,,unresolved,No lexical entry yet.
ואבדו,ואבדו,1,0,60,,,,,,unresolved,No lexical entry yet.
ואבוהון,ואבוהונ,1,0,60,,,,,,unresolved,No lexical entry yet.
ואגב,ואגב,1,0,60,,,,,,unresolved,No lexical entry yet.
ואגדור,ואגדור,1,0,60,,,,,,unresolved,No lexical entry yet.
ואגדריה,ואגדריה,1,0,60,,,,,,unresolved,No lexical entry yet.
ואדם,ואדמ,1,65,60,,,,,,claims_below_safe_min60,No strict claim >=60%.
ואדעתא,ואדעתא,1,0,60,,,,,,unresolved,No lexical entry yet.
ואדרבא,ואדרבא,2,0,60,,,,,,unresolved,No lexical entry yet.
ואהדר,ואהדר,1,0,60,,,,,,unresolved,No lexical entry yet.
ואוכל,ואוכל,1,0,60,,,,,,unresolved,No lexical entry yet.
ואולי,ואולי,11,65,60,,,,,,claims_below_safe_min60,No strict claim >=60%.
ואומן,ואומנ,1,0,60,,,,,,unresolved,No lexical entry yet.
ואומר,ואומר,13,65,60,,,,,,claims_below_safe_min60,No strict claim >=60%.
ואומרים,ואומרימ,3,0,60,,,,,,unresolved,No lexical entry yet.
ואומרין,ואומרינ,1,0,60,,,,,,unresolved,No lexical entry yet.
ואופן,ואופנ,1,95,60,claim-096cf54446e7be72,a wheel | wheel.,OpenScriptures HebrewLexicon,H212,CC BY 4.0,safe_claims_min60,
ואופנים,ואופנימ,1,0,60,,,,,,unresolved,No lexical entry yet.
ואורח,ואורח,1,89,60,claim-e8967db8969460c7 | claim-e4913294e9dcac47,"and guest | guest, someone who is offered hospitability | guest",Wikidata Lexeme,L63819,CC0,safe_claims_min60,
ואותו,ואותו,2,65,60,,,,,,claims_below_safe_min60,No strict claim >=60%.
ואז,ואז,10,95,60,claim-3a7cfa21ffd7ed55,at that time | place | also as a conjunction | therefore | beginning | for | from | hitherto,OpenScriptures HebrewLexicon,H227,CC BY 4.0,safe_claims_min60,
ואזל,ואזל,1,0,60,,,,,,unresolved,No lexical entry yet.
ואח״כ,ואח״כ,34,95,60,claim-cbf061665fb53f6d | claim-77811186ebaad6ad,and afterward | and after that | afterward | after that,Project-authored abbreviation table,project-abbreviation:achar-kach,project-authored / CC0,safe_claims_min60,
ואחד,ואחד,6,95,60,claim-ad20f0370b460ed0,properly | united | i.e. one | (as an ordinal) first | alike | alone | altogether | and,OpenScriptures morphHB,H259,CC BY 4.0,safe_claims_min60,
ואחזוקי,ואחזוקי,1,0,60,,,,,,unresolved,No lexical entry yet.
ואחר,ואחר,9,65,60,,,,,,claims_below_safe_min60,No strict claim >=60%.
ואחריו,ואחריו,1,90,60,claim-05c193732f0d71cb | claim-85ad8d9f73635872 | claim-24dc8a442fe052eb,and after | after,Wikidata Lexeme | OpenScriptures morphHB,L491805 | H310,CC0 | CC BY 4.0,safe_claims_min60,
ואחרים,ואחרימ,1,0,60,,,,,,unresolved,No lexical entry yet.
ואחת,ואחת,1,0,60,,,,,,unresolved,No lexical entry yet.
ואי,ואי,12,95,60,claim-5a89ec1ed0cb50cc,where? hence how? | how | what | whence | where | whether | which (way).,OpenScriptures morphHB,H335,CC BY 4.0,safe_claims_min60,
ואי״ל,ואי״ל,3,0,60,,,,,,unresolved,No lexical entry yet.
ואיברא,ואיברא,1,0,60,,,,,,unresolved,No lexical entry yet.
ואיגדריה,ואיגדריה,2,0,60,,,,,,unresolved,No lexical entry yet.
ואיגזריה,ואיגזריה,1,0,60,,,,,,unresolved,No lexical entry yet.
ואיהו,ואיהו,2,0,60,,,,,,unresolved,No lexical entry yet.
ואיך,ואיכ,1,95,60,claim-29b4cbf4ecdf4a64,how? | how! | also where | how | what.,OpenScriptures HebrewLexicon,H349,CC BY 4.0,safe_claims_min60,
ואיכא,ואיכא,6,0,60,,,,,,unresolved,No lexical entry yet.
ואילו,ואילו,5,0,60,,,,,,unresolved,No lexical entry yet.
ואילן,ואילנ,1,0,60,,,,,,unresolved,No lexical entry yet.
ואין,ואינ,92,65,60,,,,,,claims_below_safe_min60,No strict claim >=60%.
ואינה,ואינה,6,0,60,,,,,,unresolved,No lexical entry yet.
ואינהו,ואינהו,1,0,60,,,,,,unresolved,No lexical entry yet.
ואינו,ואינו,67,0,60,,,,,,unresolved,No lexical entry yet.
ואיני,ואיני,2,0,60,,,,,,unresolved,No lexical entry yet.
ואינם,ואינמ,6,95,60,claim-a5079f0b7fb0673a,a nonentity | generally used as a negative particle | else | except | fail | (father-) less | be gone | in(-curable),OpenScriptures morphHB,H369,CC BY 4.0,safe_claims_min60,
ואיתניס,ואיתניס,1,0,60,,,,,,unresolved,No lexical entry yet.
ואכיל,ואכיל,1,0,60,,,,,,unresolved,No lexical entry yet.
ואכל,ואכל,5,65,60,,,,,,claims_below_safe_min60,No strict claim >=60%.
ואכלתי,ואכלתי,1,0,60,,,,,,unresolved,No lexical entry yet.
ואכתי,ואכתי,1,0,60,,,,,,unresolved,No lexical entry yet.
ואלים,ואלימ,1,0,60,,,,,,unresolved,No lexical entry yet.
ואלקוט,ואלקוט,4,0,60,,,,,,unresolved,No lexical entry yet.
ואם,ואמ,96,65,60,,,,,,claims_below_safe_min60,No strict claim >=60%.
ואמאי,ואמאי,9,0,60,,,,,,unresolved,No lexical entry yet.
ואמדינן,ואמדיננ,1,0,60,,,,,,unresolved,No lexical entry yet.
ואמור,ואמור,1,0,60,,,,,,unresolved,No lexical entry yet.
ואמר,ואמר,86,0,60,,,,,,unresolved,No lexical entry yet.
ואמרה,ואמרה,3,0,60,,,,,,unresolved,No lexical entry yet.
ואמרו,ואמרו,6,0,60,,,,,,unresolved,No lexical entry yet.
ואמרינן,ואמריננ,3,0,60,,,,,,unresolved,No lexical entry yet.
ואמרתי,ואמרתי,4,0,60,,,,,,unresolved,No lexical entry yet.
ואמתני׳,ואמתני׳,1,0,60,,,,,,unresolved,No lexical entry yet.
ואנו,ואנו,10,65,60,,,,,,claims_below_safe_min60,No strict claim >=60%.
ואני,ואני,9,65,60,,,,,,claims_below_safe_min60,No strict claim >=60%.
ואנכי,ואנכי,1,95,60,claim-91736fed8408456c,me | × which.,OpenScriptures morphHB,H595,CC BY 4.0,safe_claims_min60,
ואנן,ואננ,4,0,60,,,,,,unresolved,No lexical entry yet.
ואע״ג,ואע״ג,5,95,60,claim-4cb3642c51b3bff7 | claim-2d96078a0c29c717,and even though | and although | even though | although,Project-authored abbreviation table,project-abbreviation:af-al-gav,project-authored / CC0,safe_claims_min60,
ואע״פ,ואע״פ,10,99,60,claim-efffd9a4227d5364,and although | even though,Project-authored abbreviation table,project-abbreviation:vav-af-al-pi,project-authored / CC0,safe_claims_min60,
ואעפ״כ,ואעפ״כ,1,0,60,,,,,,unresolved,No lexical entry yet.
ואף,ואפ,49,65,60,,,,,,claims_below_safe_min60,No strict claim >=60%.
ואפ״ה,ואפ״ה,3,0,60,,,,,,unresolved,No lexical entry yet.
ואפי׳,ואפי׳,42,95,60,claim-022ff9088d953e4c | claim-8ed0c056c8bf236e,and even | and even if | even | even if,Project-authored abbreviation table,project-abbreviation:afilu,project-authored / CC0,safe_claims_min60,
ואפילו,ואפילו,3,0,60,,,,,,unresolved,No lexical entry yet.
ואפשר,ואפשר,9,0,60,,,,,,unresolved,No lexical entry yet.
ואצ״ל,ואצ״ל,1,0,60,,,,,,unresolved,No lexical entry yet.
ואצלם,ואצלמ,1,91,60,claim-057fb8151b720adf | claim-b1efe4669e2d73a9,and a side | and at | and toward | a side | (as a preposition) near | at | (hard) by | (from) (beside) | near (unto) | toward | with. See also 1018 .,OpenScriptures morphHB,H681,CC BY 4.0,safe_claims_min60,
ואשמעינן,ואשמעיננ,1,0,60,,,,,,unresolved,No lexical entry yet.
ואת,ואת,1,65,60,,,,,,claims_below_safe_min60,No strict claim >=60%.
ואתה,ואתה,2,65,60,,,,,,claims_below_safe_min60,No strict claim >=60%.
ואתיא,ואתיא,1,0,60,,,,,,unresolved,No lexical entry yet.
וב׳,וב׳,3,0,60,,,,,,unresolved,No lexical entry yet.
וב״ד,וב״ד,5,0,60,,,,,,unresolved,No lexical entry yet.
וב״ה,וב״ה,1,0,60,,,,,,unresolved,No lexical entry yet.
ובא,ובא,12,95,60,claim-1f60409dec56770f,to go | come (in a wide variety of applications) | abide | apply | attain | × be | befall | besiege,OpenScriptures morphHB,H935,CC BY 4.0,safe_claims_min60,
ובאה,ובאה,1,95,60,claim-1f60409dec56770f,to go | come (in a wide variety of applications) | abide | apply | attain | × be | befall | besiege,OpenScriptures morphHB,H935,CC BY 4.0,safe_claims_min60,
ובאו,ובאו,3,95,60,claim-1f60409dec56770f,to go | come (in a wide variety of applications) | abide | apply | attain | × be | befall | besiege,OpenScriptures morphHB,H935,CC BY 4.0,safe_claims_min60,
ובאופן,ובאופנ,6,65,60,,,,,,claims_below_safe_min60,No strict claim >=60%.
ובאותה,ובאותה,1,0,60,,,,,,unresolved,No lexical entry yet.
ובאיזה,ובאיזה,2,0,60,,,,,,unresolved,No lexical entry yet.
ובאין,ובאינ,1,95,60,claim-a5079f0b7fb0673a,a nonentity | generally used as a negative particle | else | except | fail | (father-) less | be gone | in(-curable),OpenScriptures morphHB,H369,CC BY 4.0,safe_claims_min60,
ובאמת,ובאמת,19,95,60,claim-b2c53abdcfc5e99a,stability | (figuratively) certainty | truth | trustworthiness | assured(-ly) | establishment | faithful | right,OpenScriptures morphHB,H571,CC BY 4.0,safe_claims_min60,
ובאר,ובאר,1,0,60,,,,,,unresolved,No lexical entry yet.
ובארתי,ובארתי,9,0,60,,,,,,unresolved,No lexical entry yet.
ובב״ב,ובב״ב,1,0,60,,,,,,unresolved,No lexical entry yet.
ובבא,ובבא,1,91,60,claim-56dfb562cde0c1cf | claim-1f60409dec56770f,and in abide | and with abide | and by abide | and in apply | and with apply | and by apply | and in attain | and with attain | to go | come (in a wide variety of applications) | abide | apply | attain | × be | befall | besiege,OpenScriptures morphHB,H935,CC BY 4.0,safe_claims_min60,
ובבאור,ובבאור,1,0,60,,,,,,unresolved,No lexical entry yet.
ובביאור,ובביאור,1,0,60,,,,,,unresolved,No lexical entry yet.
ובבכורות,ובבכורות,1,0,60,,,,,,unresolved,No lexical entry yet.
ובבנו,ובבנו,1,0,60,,,,,,unresolved,No lexical entry yet.
ובברייתא,ובברייתא,1,0,60,,,,,,unresolved,No lexical entry yet.
ובגלגול,ובגלגול,1,0,60,,,,,,unresolved,No lexical entry yet.
ובד׳,ובד׳,2,0,60,,,,,,unresolved,No lexical entry yet.
ובד״מ,ובד״מ,1,0,60,,,,,,unresolved,No lexical entry yet.
ובדברי,ובדברי,3,90,60,claim-34e968451db7567f | claim-fb56d38070a0d48b | claim-6b7d57db886251fb | claim-be5944143c1aee70 | claim-03b4a49fe0b1ecae | claim-0c5f9f20cde64cfc,and in thing | and with thing | and by thing | and in entity | and with entity | and by entity | thing | entity,Wikidata Lexeme | OpenScriptures morphHB | OpenScriptures HebrewLexicon,L64626 | H1696 | H1697 | H1698 | H1704,CC0 | CC BY 4.0,safe_claims_min60,
ובדין,ובדינ,3,0,60,,,,,,unresolved,No lexical entry yet.
ובדיקה,ובדיקה,1,89,60,claim-20fc6a76f2d7086f | claim-eca787b2c85a6452,"and inspection | inspection, organized examination or formal evaluation exercise | inspection",Wikidata Lexeme,L64173,CC0,safe_claims_min60,
ובדיקות,ובדיקות,1,0,60,,,,,,unresolved,No lexical entry yet.
ובדעת,ובדעת,1,95,60,claim-8c5de9a74298eebb,knowledge | cunning | (ig-) norantly | know(-ledge) | (un-) awares (wittingly).,OpenScriptures morphHB,H1847,CC BY 4.0,safe_claims_min60,
ובדק,ובדק,2,0,60,,,,,,unresolved,No lexical entry yet.
ובהא,ובהא,2,95,60,claim-136f18113aa465d6 | claim-9b27f82ff15d8c6b,and in behold | and with behold | and by behold | and in this | and with this | and by this | behold | this,Project-authored Aramaic grammar table,project-aramaic:ha,project-authored / CC0,safe_claims_min60,
ובהל׳,ובהל׳,1,0,60,,,,,,unresolved,No lexical entry yet.
ובהלכה,ובהלכה,3,0,60,,,,,,unresolved,No lexical entry yet.
ובהשגות,ובהשגות,1,0,60,,,,,,unresolved,No lexical entry yet.
ובודאי,ובודאי,9,0,60,,,,,,unresolved,No lexical entry yet.
ובונה,ובונה,1,95,60,claim-8d5c7db45e5c65d8,Bunah | an Israelite | Bunah.,OpenScriptures morphHB,H946,CC BY 4.0,safe_claims_min60,
ובושת,ובושת,4,0,60,,,,,,unresolved,No lexical entry yet.
ובזה,ובזה,65,65,60,,,,,,claims_below_safe_min60,No strict claim >=60%.
ובחו״מ,ובחו״מ,2,0,60,,,,,,unresolved,No lexical entry yet.
ובחזקתם,ובחזקתמ,2,0,60,,,,,,unresolved,No lexical entry yet.
ובחזקתן,ובחזקתנ,1,0,60,,,,,,unresolved,No lexical entry yet.
ובחנם,ובחנמ,1,91,60,claim-f22300ff9e320823 | claim-165cc3655994f45f,and in gratis | and with gratis | and by gratis | and in reason | and with reason | and by reason | and in advantage | and with advantage | gratis | i.e. devoid of cost | reason | advantage | without a cause (cost | wages) | causeless | to cost nothing,OpenScriptures HebrewLexicon,H2600,CC BY 4.0,safe_claims_min60,
ובטלו,ובטלו,1,65,60,,,,,,claims_below_safe_min60,No strict claim >=60%.
ובטעמא,ובטעמא,1,0,60,,,,,,unresolved,No lexical entry yet.
ובטענה,ובטענה,1,0,60,,,,,,unresolved,No lexical entry yet.
ובטענו,ובטענו,1,0,60,,,,,,unresolved,No lexical entry yet.
ובטענת,ובטענת,3,0,60,,,,,,unresolved,No lexical entry yet.
וביאור,וביאור,1,0,60,,,,,,unresolved,No lexical entry yet.
וביאר,וביאר,1,0,60,,,,,,unresolved,No lexical entry yet.
וביום,וביומ,1,89,60,claim-abd27b764731e52f | claim-b35bd5308d6dd3d0,and in daylight | and with daylight | and by daylight | daylight,Wikidata Lexeme,L65548,CC0,safe_claims_min60,
וביחוד,וביחוד,1,0,60,,,,,,unresolved,No lexical entry yet.
ובין,ובינ,27,65,60,,,,,,claims_below_safe_min60,No strict claim >=60%.
ובירור,ובירור,1,0,60,,,,,,unresolved,No lexical entry yet.
ובכה״ג,ובכה״ג,3,0,60,,,,,,unresolved,No lexical entry yet.
ובכופר,ובכופר,1,0,60,,,,,,unresolved,No lexical entry yet.
ובכל,ובכל,2,65,60,,,,,,claims_below_safe_min60,No strict claim >=60%.
ובכלל,ובכלל,1,65,60,,,,,,claims_below_safe_min60,No strict claim >=60%.
ובלא,ובלא,6,65,60,,,,,,claims_below_safe_min60,No strict claim >=60%.
ובליכא,ובליכא,1,0,60,,,,,,unresolved,No lexical entry yet.
ובלילה,ובלילה,5,90,60,claim-f3732111d4f35abc | claim-dd2513cc6a578739 | claim-51e405a127af4c62,"and in night | and with night | and by night | night, period from sunset to sunrise in each twenty-four hours | night",Wikidata Lexeme | OpenScriptures morphHB,L65943 | H3915,CC0 | CC BY 4.0,safe_claims_min60,
ובמה,ובמה,8,0,60,,,,,,unresolved,No lexical entry yet.
ובמחבר,ובמחבר,2,0,60,,,,,,unresolved,No lexical entry yet.
ובמיגו,ובמיגו,2,0,60,,,,,,unresolved,No lexical entry yet.
ובמנה,ובמנה,2,0,60,,,,,,unresolved,No lexical entry yet.
ובמעיד,ובמעיד,1,91,60,claim-d15cb1b9af0ab4f6 | claim-6165f7d48be26090,and in repeat | and with repeat | and by repeat | and in intensively | and with intensively | and by intensively | to duplicate | repeat | by implication | to protest | testify (as by reiteration) | intensively | to encompass | restore (as a sort of reduplication),OpenScriptures morphHB,H5749,CC BY 4.0,safe_claims_min60,
ובמקום,ובמקומ,1,91,60,claim-c3629ba866db9cd3 | claim-2dd2ace5f333a49f,and a standing | and country | properly | a standing | i.e. a spot | but used widely of a locality (general | specific) | also (figuratively) of a condition (of body | mind) | country,OpenScriptures morphHB,H4725,CC BY 4.0,safe_claims_min60,
ובמקצת,ובמקצת,2,0,60,,,,,,unresolved,No lexical entry yet.
ובמש״כ,ובמש״כ,4,0,60,,,,,,unresolved,No lexical entry yet.
ובנדרים,ובנדרימ,1,0,60,,,,,,unresolved,No lexical entry yet.
ובנוסח,ובנוסח,1,0,60,,,,,,unresolved,No lexical entry yet.
ובס׳,ובס׳,1,0,60,,,,,,unresolved,No lexical entry yet.
ובסוגיא,ובסוגיא,1,0,60,,,,,,unresolved,No lexical entry yet.
ובסי׳,ובסי׳,1,0,60,,,,,,unresolved,No lexical entry yet.
ובסיפא,ובסיפא,1,0,60,,,,,,unresolved,No lexical entry yet.
ובסמטא,ובסמטא,1,0,60,,,,,,unresolved,No lexical entry yet.
ובסעיף,ובסעיפ,1,0,60,,,,,,unresolved,No lexical entry yet.
ובספיקא,ובספיקא,1,0,60,,,,,,unresolved,No lexical entry yet.
ובספק,ובספק,1,0,60,,,,,,unresolved,No lexical entry yet.
ובסתמא,ובסתמא,1,0,60,,,,,,unresolved,No lexical entry yet.
ובע״ד,ובע״ד,1,0,60,,,,,,unresolved,No lexical entry yet.
ובעה״ב,ובעה״ב,2,0,60,,,,,,unresolved,No lexical entry yet.
ובעי,ובעי,1,0,60,,,,,,unresolved,No lexical entry yet.
ובעינן,ובעיננ,2,0,60,,,,,,unresolved,No lexical entry yet.
ובעיקר,ובעיקר,18,0,60,,,,,,unresolved,No lexical entry yet.
ובעל,ובעל,2,0,60,,,,,,unresolved,No lexical entry yet.
ובפ׳,ובפ׳,1,0,60,,,,,,unresolved,No lexical entry yet.
ובפ״א,ובפ״א,1,0,60,,,,,,unresolved,No lexical entry yet.
ובפ״ב,ובפ״ב,1,0,60,,,,,,unresolved,No lexical entry yet.
ובפ״ד,ובפ״ד,2,0,60,,,,,,unresolved,No lexical entry yet.
ובפ״ה,ובפ״ה,1,0,60,,,,,,unresolved,No lexical entry yet.
ובפי״א,ובפי״א,1,0,60,,,,,,unresolved,No lexical entry yet.
ובפי״ג,ובפי״ג,1,0,60,,,,,,unresolved,No lexical entry yet.
ובפני,ובפני,3,91,60,claim-f0cc6b25510a5623 | claim-b6cf62d00d74f10a,and accept | and against | and anger | the face (as the part that turns) | used in a great variety of applications (literally and figuratively) | also (with prepositional prefix) as a preposition ( before | etc.) | accept | a-(be-) fore(-time) | against | anger,OpenScriptures morphHB,H6440,CC BY 4.0,safe_claims_min60,
ובפניך,ובפניכ,1,91,60,claim-c6245e3333c3641d | claim-b6cf62d00d74f10a,and in accept | and with accept | and by accept | and in against | and with against | and by against | and in anger | and with anger | the face (as the part that turns) | used in a great variety of applications (literally and figuratively) | also (with prepositional prefix) as a preposition ( before | etc.) | accept | a-(be-) fore(-time) | against | anger,OpenScriptures morphHB,H6440,CC BY 4.0,safe_claims_min60,
ובפרט,ובפרט,4,65,60,,,,,,claims_below_safe_min60,No strict claim >=60%.
ובפשוטו,ובפשוטו,3,0,60,,,,,,unresolved,No lexical entry yet.
ובקנין,ובקנינ,1,91,60,claim-90bcd5c6d2a47214 | claim-bf9e5812ff3dc5a1,and in creation | and with creation | and by creation | and in also acquisition | and with also acquisition | and by also acquisition | and in purchase | and with purchase | creation | i.e. (concretely) creatures | also acquisition | purchase | wealth | getting | goods | × with money,OpenScriptures HebrewLexicon,H7075,CC BY 4.0,safe_claims_min60,
ובקרא,ובקרא,2,0,60,,,,,,unresolved,No lexical entry yet.
וברגע,וברגע,1,0,60,,,,,,unresolved,No lexical entry yet.
וברי,וברי,1,0,60,,,,,,unresolved,No lexical entry yet.
וברייתא,וברייתא,1,0,60,,,,,,unresolved,No lexical entry yet.
וברמב״ם,וברמב״מ,1,0,60,,,,,,unresolved,No lexical entry yet.
וברציחה,וברציחה,1,0,60,,,,,,unresolved,No lexical entry yet.
וברשב״א,וברשב״א,1,0,60,,,,,,unresolved,No lexical entry yet.
וברשות,וברשות,2,0,60,,,,,,unresolved,No lexical entry yet.
ובש״מ,ובש״מ,2,0,60,,,,,,unresolved,No lexical entry yet.
ובש״ש,ובש״ש,1,0,60,,,,,,unresolved,No lexical entry yet.
ובשאר,ובשאר,1,0,60,,,,,,unresolved,No lexical entry yet.
ובשבועה,ובשבועה,5,0,60,,,,,,unresolved,No lexical entry yet.
ובשבועות,ובשבועות,1,0,60,,,,,,unresolved,No lexical entry yet.
ובשבועת,ובשבועת,2,0,60,,,,,,unresolved,No lexical entry yet.
ובשביל,ובשביל,2,95,60,claim-05397e5582356253,a track | passage-way (as if flowing along) | path.,OpenScriptures HebrewLexicon,H7635,CC BY 4.0,safe_claims_min60,
ובשטר,ובשטר,1,0,60,,,,,,unresolved,No lexical entry yet.
ובשיטת,ובשיטת,1,0,60,,,,,,unresolved,No lexical entry yet.
ובשכיר,ובשכיר,1,0,60,,,,,,unresolved,No lexical entry yet.
ובשלמא,ובשלמא,1,0,60,,,,,,unresolved,No lexical entry yet.
ובשם,ובשמ,2,0,60,,,,,,unresolved,No lexical entry yet.
ובשניהם,ובשניהמ,2,0,60,,,,,,unresolved,No lexical entry yet.
ובשעה,ובשעה,1,0,60,,,,,,unresolved,No lexical entry yet.
וגבי,וגבי,6,0,60,,,,,,unresolved,No lexical entry yet.
וגברא,וגברא,1,0,60,,,,,,unresolved,No lexical entry yet.
וגדולה,וגדולה,1,65,60,,,,,,claims_below_safe_min60,No strict claim >=60%.
וגו׳,וגו׳,2,99,60,claim-3aba3c1f1555debe,etc. | and the rest,Project-authored abbreviation table,project-abbreviation:vav-gimel-vav,project-authored / CC0,safe_claims_min60,
וגובה,וגובה,3,0,60,,,,,,unresolved,No lexical entry yet.
וגונב,וגונב,1,0,60,,,,,,unresolved,No lexical entry yet.
וגופו,וגופו,1,0,60,,,,,,unresolved,No lexical entry yet.
וגורס,וגורס,1,0,60,,,,,,unresolved,No lexical entry yet.
וגזלן,וגזלנ,1,0,60,,,,,,unresolved,No lexical entry yet.
וגלגול,וגלגול,1,0,60,,,,,,unresolved,No lexical entry yet.
וגם,וגמ,45,95,60,claim-b939335f26919033,properly | assemblage | used only adverbially also | even | yea | though | often repeated as correl. both ... and | again,OpenScriptures morphHB,H1571,CC BY 4.0,safe_claims_min60,
וגמר,וגמר,1,65,60,,,,,,claims_below_safe_min60,No strict claim >=60%.
וגנב,וגנב,2,0,60,,,,,,unresolved,No lexical entry yet.
וד׳,וד׳,1,88,60,claim-36db1dbada938703 | claim-6a429f3792581302,and the Name | and God | the Name | YHWH | God,Curated lexical entry,lex-yhwh-h3068,source metadata incomplete,safe_claims_min60,
ודאי,ודאי,134,0,60,,,,,,unresolved,No lexical entry yet.
ודאית,ודאית,3,0,60,,,,,,unresolved,No lexical entry yet.
ודאמר,ודאמר,1,0,60,,,,,,unresolved,No lexical entry yet.
ודאמרינן,ודאמריננ,1,0,60,,,,,,unresolved,No lexical entry yet.
ודבר,ודבר,2,65,60,,,,,,claims_below_safe_min60,No strict claim >=60%.
ודברי,ודברי,8,95,60,claim-3fa46add6f3b0eef,a word | by implication | a matter (as spoken of) | thing | adverbially | a cause | act | advice,OpenScriptures morphHB,H1697,CC BY 4.0,safe_claims_min60,
ודבריו,ודבריו,6,91,60,claim-5cf419a94d7764dc | claim-3fa46add6f3b0eef,and a word | and thing | and adverbially | and a cause | a word | by implication | a matter (as spoken of) | thing | adverbially | a cause | act | advice,OpenScriptures morphHB,H1697,CC BY 4.0,safe_claims_min60,
ודברים,ודברימ,3,0,60,,,,,,unresolved,No lexical entry yet.
ודומה,ודומה,1,0,60,,,,,,unresolved,No lexical entry yet.
ודוקא,ודוקא,14,77,60,claim-fd4c9a62784d2008,"and in fact, actually",Wiktionary via Kaikki,kaikki-85d3404c1327,CC BY-SA 4.0 / GFDL,safe_claims_min60,
ודחה,ודחה,3,0,60,,,,,,unresolved,No lexical entry yet.
ודחי,ודחי,1,0,60,,,,,,unresolved,No lexical entry yet.
ודחק,ודחק,2,0,60,,,,,,unresolved,No lexical entry yet.
ודידי,ודידי,6,0,60,,,,,,unresolved,No lexical entry yet.
ודיוקא,ודיוקא,1,0,60,,,,,,unresolved,No lexical entry yet.
ודיינין,ודיינינ,1,0,60,,,,,,unresolved,No lexical entry yet.
ודין,ודינ,10,65,60,,,,,,claims_below_safe_min60,No strict claim >=60%.
ודיני,ודיני,1,0,60,,,,,,unresolved,No lexical entry yet.
ודלא,ודלא,2,95,60,claim-79016bbad8a100d4 | claim-5dfae68433b864c9,and that not | and which does not | and without | that not | which does not | without,Project-authored Aramaic grammar table,project-aramaic:dela,project-authored / CC0,safe_claims_min60,
ודעת,ודעת,3,65,60,,,,,,claims_below_safe_min60,No strict claim >=60%.
ודעתו,ודעתו,1,0,60,,,,,,unresolved,No lexical entry yet.
ודר,ודר,2,0,60,,,,,,unresolved,No lexical entry yet.
ודרך,ודרכ,2,65,60,,,,,,claims_below_safe_min60,No strict claim >=60%.
ודרשת,ודרשת,1,0,60,,,,,,unresolved,No lexical entry yet.
וה״ה,וה״ה,5,99,60,claim-3e9fdb403702b0bc,and the same law applies,Project-authored abbreviation table,project-abbreviation:vehu-hadin,project-authored / CC0,safe_claims_min60,
וה״ז,וה״ז,1,0,60,,,,,,unresolved,No lexical entry yet.
וה״נ,וה״נ,3,0,60,,,,,,unresolved,No lexical entry yet.
והא,והא,8,95,60,claim-9cd4393659f863a4 | claim-9b27f82ff15d8c6b,and behold | and this | behold | this,Project-authored Aramaic grammar table,project-aramaic:ha,project-authored / CC0,safe_claims_min60,
והאומן,והאומנ,7,0,60,,,,,,unresolved,No lexical entry yet.
והאחד,והאחד,1,91,60,claim-261d1a749f29ef43 | claim-ad20f0370b460ed0,and united | and alike | and alone | and altogether | properly | united | i.e. one | (as an ordinal) first | alike | alone | altogether | and,OpenScriptures morphHB,H259,CC BY 4.0,safe_claims_min60,
והאחר,והאחר,1,91,60,claim-73b04254baaaf863 | claim-709815341a93915c,and hinder | and generally | and next | and other | properly | hinder | generally | next | other | etc. | (an-) other man | following,OpenScriptures HebrewLexicon,H312,CC BY 4.0,safe_claims_min60,
והאי,והאי,3,91,60,claim-adc1a30c32405c20 | claim-3cee6b39da63da90,and dry land | and a coast | and an island | and country | properly | a habitable spot (as desirable) | dry land | a coast | an island | country | isle | island.,OpenScriptures morphHB,H339,CC BY 4.0,safe_claims_min60,
והאכלתיו,והאכלתיו,1,0,60,,,,,,unresolved,No lexical entry yet.
והאפוטרופס,והאפוטרופס,1,0,60,,,,,,unresolved,No lexical entry yet.
והאפוטרופסין,והאפוטרופסינ,1,0,60,,,,,,unresolved,No lexical entry yet.
והאריך,והאריכ,4,0,60,,,,,,unresolved,No lexical entry yet.
והאריסין,והאריסינ,2,0,60,,,,,,unresolved,No lexical entry yet.
והבאתי,והבאתי,3,95,60,claim-1f60409dec56770f,to go | come (in a wide variety of applications) | abide | apply | attain | × be | befall | besiege,OpenScriptures morphHB,H935,CC BY 4.0,safe_claims_min60,
והבושת,והבושת,1,0,60,,,,,,unresolved,No lexical entry yet.
והביא,והביא,30,0,60,,,,,,unresolved,No lexical entry yet.
והביאו,והביאו,2,0,60,,,,,,unresolved,No lexical entry yet.
והבן,והבנ,5,0,60,,,,,,unresolved,No lexical entry yet.
והבעה״ב,והבעה״ב,1,0,60,,,,,,unresolved,No lexical entry yet.
והבעה״מ,והבעה״מ,4,0,60,,,,,,unresolved,No lexical entry yet.
והבעלים,והבעלימ,5,0,60,,,,,,unresolved,No lexical entry yet.
והגה״מ,והגה״מ,1,0,60,,,,,,unresolved,No lexical entry yet.
והגוזל,והגוזל,1,0,60,,,,,,unresolved,No lexical entry yet.
והגמ׳,והגמ׳,1,0,60,,,,,,unresolved,No lexical entry yet.
והגר״א,והגר״א,2,0,60,,,,,,unresolved,No lexical entry yet.
והדין,והדינ,1,0,60,,,,,,unresolved,No lexical entry yet.
והדר,והדר,3,95,60,claim-ca409ad3829c6014,magnificence | i.e. ornament | splendor | beauty | comeliness | excellency | glorious | glory,OpenScriptures morphHB,H1926,CC BY 4.0,safe_claims_min60,
והדר״ג,והדר״ג,1,0,60,,,,,,unresolved,No lexical entry yet.
והדרשות,והדרשות,1,0,60,,,,,,unresolved,No lexical entry yet.
וההוא,וההוא,1,0,60,,,,,,unresolved,No lexical entry yet.
וההלכה,וההלכה,1,65,60,,,,,,claims_below_safe_min60,No strict claim >=60%.
והו״א,והו״א,1,0,60,,,,,,unresolved,No lexical entry yet.
והו״ל,והו״ל,3,0,60,,,,,,unresolved,No lexical entry yet.
והוא,והוא,89,65,60,,,,,,claims_below_safe_min60,No strict claim >=60%.
והובאה,והובאה,1,91,60,claim-e80ec9787a8d88cf | claim-1f60409dec56770f,and the abide | and the apply | and the attain | and the befall | to go | come (in a wide variety of applications) | abide | apply | attain | × be | befall | besiege,OpenScriptures morphHB,H935,CC BY 4.0,safe_claims_min60,
והודאה,והודאה,10,0,60,,,,,,unresolved,No lexical entry yet.
והודה,והודה,27,0,60,,,,,,unresolved,No lexical entry yet.
והודייה,והודייה,2,0,60,,,,,,unresolved,No lexical entry yet.
והודיענו,והודיענו,1,0,60,,,,,,unresolved,No lexical entry yet.
והוי,והוי,24,0,60,,,,,,unresolved,No lexical entry yet.
והוכחה,והוכחה,2,91,60,claim-56c512866703701f | claim-1619134a891921a2,and the vigor | and the means | vigor | literally (force | in a good | a bad sense) | figuratively (capacity | means | produce) | also (from its hardiness) a large lizard,OpenScriptures morphHB,H3581,CC BY 4.0,safe_claims_min60,
והוכחתי,והוכחתי,1,0,60,,,,,,unresolved,No lexical entry yet.
והוכיח,והוכיח,8,95,60,claim-e727579636deeda6,to be right (i.e. correct) | reciprocal | to argue | causatively | to decide | justify | convict | appoint,OpenScriptures morphHB,H3198,CC BY 4.0,safe_claims_min60,
והוליכן,והוליכנ,1,0,60,,,,,,unresolved,No lexical entry yet.
והולך,והולכ,1,65,60,,,,,,claims_below_safe_min60,No strict claim >=60%.
והוסיף,והוסיפ,1,0,60,,,,,,unresolved,No lexical entry yet.
והוציא,והוציא,1,0,60,,,,,,unresolved,No lexical entry yet.
והורו,והורו,1,0,60,,,,,,unresolved,No lexical entry yet.
והזמה,והזמה,1,0,60,,,,,,unresolved,No lexical entry yet.
והחדוש,והחדוש,1,0,60,,,,,,unresolved,No lexical entry yet.
והחזיק,והחזיק,1,0,60,,,,,,unresolved,No lexical entry yet.
והחזיר,והחזיר,2,0,60,,,,,,unresolved,No lexical entry yet.
והחזרת,והחזרת,2,63,60,,,,,,claims_below_safe_min60,No strict claim >=60%.
והחיוב,והחיוב,3,0,60,,,,,,unresolved,No lexical entry yet.
והחילוק,והחילוק,4,89,60,claim-284a4d234c68dc06 | claim-1dec8411902f62b6,and the division | division,Wikidata Lexeme,L210841,CC0,safe_claims_min60,
והחלוקה,והחלוקה,2,0,60,,,,,,unresolved,No lexical entry yet.
והחליט,והחליט,1,0,60,,,,,,unresolved,No lexical entry yet.
והחפץ,והחפצ,1,65,60,,,,,,claims_below_safe_min60,No strict claim >=60%.
והחפצים,והחפצימ,1,91,60,claim-db3c7bfd526e44d9 | claim-c52e5cbdd49ae4cc,and pleased with | and delight in | and desire | and favour | pleased with | delight in | desire | favour | please | have pleasure | whosoever would | willing,OpenScriptures morphHB,H2655,CC BY 4.0,safe_claims_min60,
והחתימה,והחתימה,1,0,60,,,,,,unresolved,No lexical entry yet.
והט״ז,והט״ז,2,0,60,,,,,,unresolved,No lexical entry yet.
והטור,והטור,4,0,60,,,,,,unresolved,No lexical entry yet.
והטעם,והטעמ,3,65,60,,,,,,claims_below_safe_min60,No strict claim >=60%.
והטענות,והטענות,1,0,60,,,,,,unresolved,No lexical entry yet.
והי׳,והי׳,8,0,60,,,,,,unresolved,No lexical entry yet.
והיא,והיא,9,65,60,,,,,,claims_below_safe_min60,No strict claim >=60%.
והיה,והיה,5,95,60,claim-0c2fb56957476647,to exist | i.e. be | become | come to pass (always emphatic | and not a mere copula | auxiliary) | beacon | × altogether,OpenScriptures morphHB,H1961,CC BY 4.0,safe_claims_min60,
והיו,והיו,1,95,60,claim-0c2fb56957476647,to exist | i.e. be | become | come to pass (always emphatic | and not a mere copula | auxiliary) | beacon | × altogether,OpenScriptures morphHB,H1961,CC BY 4.0,safe_claims_min60,
והיורד,והיורד,1,0,60,,,,,,unresolved,No lexical entry yet.
והיורש,והיורש,1,0,60,,,,,,unresolved,No lexical entry yet.
והיינו,והיינו,59,95,60,claim-0c2fb56957476647,to exist | i.e. be | become | come to pass (always emphatic | and not a mere copula | auxiliary) | beacon | × altogether,OpenScriptures morphHB,H1961,CC BY 4.0,safe_claims_min60,
והיכי,והיכי,6,0,60,,,,,,unresolved,No lexical entry yet.
והילך,והילכ,1,0,60,,,,,,unresolved,No lexical entry yet.
והימני׳,והימני׳,1,0,60,,,,,,unresolved,No lexical entry yet.
והיסוד,והיסוד,1,91,60,claim-e65d93a0b7171fae | claim-77ff5618ab01c763,and bottom | and foundation | and repairing | a foundation (literally | figuratively) | bottom | foundation | repairing,OpenScriptures HebrewLexicon,H3247,CC BY 4.0,safe_claims_min60,
והיסת,והיסת,1,0,60,,,,,,unresolved,No lexical entry yet.
והך,והכ,1,0,60,,,,,,unresolved,No lexical entry yet.
והכ״מ,והכ״מ,3,0,60,,,,,,unresolved,No lexical entry yet.
והכא,והכא,3,0,60,,,,,,unresolved,No lexical entry yet.
והכונה,והכונה,1,0,60,,,,,,unresolved,No lexical entry yet.
והכחישוהו,והכחישוהו,2,0,60,,,,,,unresolved,No lexical entry yet.
והכי,והכי,2,0,60,,,,,,unresolved,No lexical entry yet.
והכלים,והכלימ,2,89,60,claim-0599081dbc789497 | claim-a9682671af61c8ea,and the tool | and the physical tool | tool | physical tool,Wikidata Lexeme,L65777,CC0,safe_claims_min60,
והכסף,והכספ,1,0,60,,,,,,unresolved,No lexical entry yet.
והכפירה,והכפירה,1,95,60,claim-014f80abfa1f1ce0,Kephirah | a place in Palestine | Chephirah.,OpenScriptures morphHB,H3716,CC BY 4.0,safe_claims_min60,
והכריע,והכריע,1,0,60,,,,,,unresolved,No lexical entry yet.
והלא,והלא,5,0,60,,,,,,unresolved,No lexical entry yet.
והלה,והלה,15,0,60,,,,,,unresolved,No lexical entry yet.
והלוה,והלוה,2,0,60,,,,,,unresolved,No lexical entry yet.
והלוקח,והלוקח,1,0,60,,,,,,unresolved,No lexical entry yet.
והלח״מ,והלח״מ,6,0,60,,,,,,unresolved,No lexical entry yet.
והלימוד,והלימוד,1,89,60,claim-782b0594fbad3340 | claim-f51c5a5ad2b102b5,and study | study,Wikidata Lexeme,L65947,CC0,safe_claims_min60,
והלך,והלכ,4,65,60,,,,,,claims_below_safe_min60,No strict claim >=60%.
והלכה,והלכה,1,0,60,,,,,,unresolved,No lexical entry yet.
והלכתא,והלכתא,2,0,60,,,,,,unresolved,No lexical entry yet.
והלמוד,והלמוד,1,65,60,,,,,,claims_below_safe_min60,No strict claim >=60%.
והלשון,והלשונ,1,89,60,claim-d8c29eb93671414e | claim-58d387440acda539,"and the tongue, Muscular organ in the mouth | and the tongue | tongue, Muscular organ in the mouth | tongue",Wikidata Lexeme,L65977,CC0,safe_claims_min60,
והם,והמ,3,95,60,claim-d75b917fea4c1732,they (only used when emphatic) | it | like | × (how | so) many (soever | more as) they (be) | (the) same | × so,OpenScriptures morphHB,H1992,CC BY 4.0,safe_claims_min60,
והמ״מ,והמ״מ,8,0,60,,,,,,unresolved,No lexical entry yet.
והמאכל,והמאכל,1,0,60,,,,,,unresolved,No lexical entry yet.
והמאתים,והמאתימ,1,0,60,,,,,,unresolved,No lexical entry yet.
והמוכר,והמוכר,1,0,60,,,,,,unresolved,No lexical entry yet.
והמחבר,והמחבר,5,0,60,,,,,,unresolved,No lexical entry yet.
והמחזיק,והמחזיק,1,91,60,claim-cd1c292568f60055 | claim-dbd014cfc0a69339,and the hence | and the courageous | and the causatively strengthen | and the cure | to fasten upon | hence | to seize | be strong (figuratively | courageous | causatively strengthen | cure | help,OpenScriptures morphHB,H2388,CC BY 4.0,safe_claims_min60,
והמל״מ,והמל״מ,3,0,60,,,,,,unresolved,No lexical entry yet.
והמלוה,והמלוה,5,0,60,,,,,,unresolved,No lexical entry yet.
והמעות,והמעות,1,0,60,,,,,,unresolved,No lexical entry yet.
והמערער,והמערער,3,0,60,,,,,,unresolved,No lexical entry yet.
והמפקיד,והמפקיד,3,0,60,,,,,,unresolved,No lexical entry yet.
והנה,והנה,120,65,60,,,,,,claims_below_safe_min60,No strict claim >=60%.
והנטען,והנטענ,2,0,60,,,,,,unresolved,No lexical entry yet.
והני,והני,2,0,60,,,,,,unresolved,No lexical entry yet.
והניח,והניח,4,0,60,,,,,,unresolved,No lexical entry yet.
והניחן,והניחנ,2,0,60,,,,,,unresolved,No lexical entry yet.
והנמוק״י,והנמוק״י,1,0,60,,,,,,unresolved,No lexical entry yet.
והנני,והנני,1,0,60,,,,,,unresolved,No lexical entry yet.
והנפקד,והנפקד,1,0,60,,,,,,unresolved,No lexical entry yet.
והנראה,והנראה,2,0,60,,,,,,unresolved,No lexical entry yet.
והנתבע,והנתבע,9,0,60,,,,,,unresolved,No lexical entry yet.
והנתיבות,והנתיבות,7,0,60,,,,,,unresolved,No lexical entry yet.
והסברא,והסברא,2,0,60,,,,,,unresolved,No lexical entry yet.
והסמ״ג,והסמ״ג,1,0,60,,,,,,unresolved,No lexical entry yet.
והסמ״ע,והסמ״ע,1,0,60,,,,,,unresolved,No lexical entry yet.
והספק,והספק,2,89,60,claim-a60d6653712ff9d3 | claim-cb967c962911be80,and power | power,Wikidata Lexeme,L64890,CC0,safe_claims_min60,
והעד,והעד,1,0,60,,,,,,unresolved,No lexical entry yet.
והעדים,והעדימ,5,0,60,,,,,,unresolved,No lexical entry yet.
והעיד,והעיד,1,0,60,,,,,,unresolved,No lexical entry yet.
והעיר,והעיר,1,0,60,,,,,,unresolved,No lexical entry yet.
והעירוני,והעירוני,1,0,60,,,,,,unresolved,No lexical entry yet.
והעליה,והעליה,1,91,60,claim-ad6091f8d76b7867 | claim-f90d72be8758b3d1,and something lofty | and the sky | and ascent | something lofty | i.e. a stair-way | also a second-story room ( | even one on the roof) | figuratively | the sky | ascent | (upper) chamber,OpenScriptures morphHB,H5944,CC BY 4.0,safe_claims_min60,
והענין,והענינ,1,91,60,claim-5a3f3b38b83cb4a8 | claim-a974730341608eea,and ado | and business | and travail | ado | i.e. (generally) employment | (specifically) an affair | business | travail.,OpenScriptures morphHB,H6045,CC BY 4.0,safe_claims_min60,
והפ״מ,והפ״מ,2,0,60,,,,,,unresolved,No lexical entry yet.
והפה,והפה,1,91,60,claim-5c5e33601dfe3f9d | claim-97ba7e319a54aaae,and portion | and side | the mouth (as the means of blowing ) | whether literal | figurative (particularly speech ) | specifically edge | portion | side | adverbially (with preposition) according to | accord(-ing as,OpenScriptures morphHB,H6310,CC BY 4.0,safe_claims_min60,
והפטר,והפטר,3,0,60,,,,,,unresolved,No lexical entry yet.
והפך,והפכ,5,0,60,,,,,,unresolved,No lexical entry yet.
והפכה,והפכה,1,0,60,,,,,,unresolved,No lexical entry yet.
והפסידוה,והפסידוה,1,0,60,,,,,,unresolved,No lexical entry yet.
והפשוט,והפשוט,1,0,60,,,,,,unresolved,No lexical entry yet.
והקטן,והקטנ,1,0,60,,,,,,unresolved,No lexical entry yet.
והקצה״ח,והקצה״ח,1,0,60,,,,,,unresolved,No lexical entry yet.
והקצוה״ח,והקצוה״ח,1,0,60,,,,,,unresolved,No lexical entry yet.
והקשה,והקשה,12,0,60,,,,,,unresolved,No lexical entry yet.
והקשו,והקשו,6,0,60,,,,,,unresolved,No lexical entry yet.
והר״א,והר״א,2,0,60,,,,,,unresolved,No lexical entry yet.
והר״י,והר״י,4,0,60,,,,,,unresolved,No lexical entry yet.
והר״נ,והר״נ,2,0,60,,,,,,unresolved,No lexical entry yet.
והר״ן,והר״נ,6,0,60,,,,,,unresolved,No lexical entry yet.
והרא״ש,והרא״ש,16,0,60,,,,,,unresolved,No lexical entry yet.
והראב״ד,והראב״ד,20,0,60,,,,,,unresolved,No lexical entry yet.
והראשונים,והראשונימ,1,91,60,claim-111b641bb577bfac | claim-7b28f15222fa89e1,and first | and in place | and time | and ancestor | first | in place | time | rank (as adjective | noun) | ancestor | (that were) before(-time) | beginning,OpenScriptures HebrewLexicon,H7223,CC BY 4.0,safe_claims_min60,
והרב,והרב,4,0,60,,,,,,unresolved,No lexical entry yet.
והרבה,והרבה,1,65,60,,,,,,claims_below_safe_min60,No strict claim >=60%.
והרי,והרי,17,65,60,,,,,,claims_below_safe_min60,No strict claim >=60%.
והרי״ף,והרי״פ,4,0,60,,,,,,unresolved,No lexical entry yet.
והרמ״א,והרמ״א,2,0,60,,,,,,unresolved,No lexical entry yet.
והרמב״ם,והרמב״מ,17,0,60,,,,,,unresolved,No lexical entry yet.
והרמב״ן,והרמב״נ,11,0,60,,,,,,unresolved,No lexical entry yet.
והרשב״א,והרשב״א,13,0,60,,,,,,unresolved,No lexical entry yet.
והרשב״ם,והרשב״מ,1,0,60,,,,,,unresolved,No lexical entry yet.
והש״ך,והש״כ,5,0,60,,,,,,unresolved,No lexical entry yet.
והש״ס,והש״ס,1,0,60,,,,,,unresolved,No lexical entry yet.
והשאלה,והשאלה,1,0,60,,,,,,unresolved,No lexical entry yet.
והשאר,והשאר,1,0,60,,,,,,unresolved,No lexical entry yet.
והשבועה,והשבועה,2,95,60,claim-14fdb937f23043e5,properly | something sworn | i.e. an oath | curse | oath | × sworn.,OpenScriptures morphHB,H7621,CC BY 4.0,safe_claims_min60,
והשוכר,והשוכר,1,0,60,,,,,,unresolved,No lexical entry yet.
והשומר,והשומר,1,0,60,,,,,,unresolved,No lexical entry yet.
והשטר,והשטר,1,0,60,,,,,,unresolved,No lexical entry yet.
והשיב,והשיב,4,95,60,claim-7cfd064cbe9ada23,to turn back (hence | away) transitively | intransitively | literally | figuratively (not necessarily with the idea of return to the starting point) | generally to retreat | often adverbial | again,OpenScriptures morphHB,H7725,CC BY 4.0,safe_claims_min60,
והשיבו,והשיבו,1,65,60,,,,,,claims_below_safe_min60,No strict claim >=60%.
והשכיר,והשכיר,1,0,60,,,,,,unresolved,No lexical entry yet.
והשמא,והשמא,1,0,60,,,,,,unresolved,No lexical entry yet.
והשני,והשני,2,0,60,,,,,,unresolved,No lexical entry yet.
והשעבוד,והשעבוד,1,0,60,,,,,,unresolved,No lexical entry yet.
והשעהמ״ש,והשעהמ״ש,1,0,60,,,,,,unresolved,No lexical entry yet.
והשתא,והשתא,2,0,60,,,,,,unresolved,No lexical entry yet.
והתובע,והתובע,6,0,60,,,,,,unresolved,No lexical entry yet.
והתומים,והתומימ,1,0,60,,,,,,unresolved,No lexical entry yet.
והתוס׳,והתוס׳,4,0,60,,,,,,unresolved,No lexical entry yet.
והתופס,והתופס,1,0,60,,,,,,unresolved,No lexical entry yet.
והתורה,והתורה,1,90,60,claim-b1d7a64c6ab60b73 | claim-dbe436c1bc33db82 | claim-4402b898358271e2 | claim-dc80f5e51031619f,and the Torah | Torah,Wikidata Lexeme | OpenScriptures morphHB,L68591 | H8451 | H8452,CC0 | CC BY 4.0,safe_claims_min60,
והתחייב,והתחייב,1,0,60,,,,,,unresolved,No lexical entry yet.
והתחיל,והתחיל,1,91,60,claim-b596aeffd15ef577 | claim-7a0b2ce1304e34a7,and the fear | properly | to twist | whirl (in a circular | spiral manner) | i.e. (specifically) to dance | to writhe in pain (especially of parturition) | fear | figuratively,OpenScriptures morphHB,H2342,CC BY 4.0,safe_claims_min60,
והתם,והתמ,1,91,60,claim-88dfccebccdff6db | claim-1249433151b84c06,and literal | and figurative | and intransitive | and accomplish | to complete | in a good | a bad sense | literal | figurative | transitive | intransitive | accomplish,OpenScriptures morphHB,H8552,CC BY 4.0,safe_claims_min60,
והתנה,והתנה,1,0,60,,,,,,unresolved,No lexical entry yet.
והתנחלתם,והתנחלתמ,1,0,60,,,,,,unresolved,No lexical entry yet.
והתפלא,והתפלא,1,0,60,,,,,,unresolved,No lexical entry yet.
וודאי,וודאי,3,0,60,,,,,,unresolved,No lexical entry yet.
וז״א,וז״א,1,0,60,,,,,,unresolved,No lexical entry yet.
וז״ל,וז״ל,56,99,60,claim-d5f8369a3b5c2c8a,and this is his language | as follows,Project-authored abbreviation table,project-abbreviation:vezeh-leshono,project-authored / CC0,safe_claims_min60,
וז״ש,וז״ש,1,0,60,,,,,,unresolved,No lexical entry yet.
וזה,וזה,48,95,60,claim-2c153c1d677edecf,the masculine demonstrative pronoun | this | that | he | × hence | × here | it(-self) | × now,OpenScriptures morphHB,H2088,CC BY 4.0,safe_claims_min60,
וזהו,וזהו,58,0,60,,,,,,unresolved,No lexical entry yet.
וזו,וזו,4,95,60,claim-d20b736af2e63cd0 | claim-66e70c1f43d1f13a,and this | and this one | this | this one,Project-authored function word table,project-function-word:zu,project-authored / CC0,safe_claims_min60,
וזילי,וזילי,1,0,60,,,,,,unresolved,No lexical entry yet.
וחביבי,וחביבי,1,0,60,,,,,,unresolved,No lexical entry yet.
וחבירו,וחבירו,1,0,60,,,,,,unresolved,No lexical entry yet.
וחדא,וחדא,2,0,60,,,,,,unresolved,No lexical entry yet.
וחולק,וחולק,2,0,60,,,,,,unresolved,No lexical entry yet.
וחושב,וחושב,1,0,60,,,,,,unresolved,No lexical entry yet.
וחזינן,וחזיננ,3,0,60,,,,,,unresolved,No lexical entry yet.
וחזקה,וחזקה,3,0,60,,,,,,unresolved,No lexical entry yet.
וחזר,וחזר,3,0,60,,,,,,unresolved,No lexical entry yet.
וחזרת,וחזרת,1,0,60,,,,,,unresolved,No lexical entry yet.
וחיובו,וחיובו,1,0,60,,,,,,unresolved,No lexical entry yet.
וחייב,וחייב,7,0,60,,,,,,unresolved,No lexical entry yet.
וחייבה,וחייבה,1,0,60,,,,,,unresolved,No lexical entry yet.
וחייבו,וחייבו,1,0,60,,,,,,unresolved,No lexical entry yet.
וחייבין,וחייבינ,1,0,60,,,,,,unresolved,No lexical entry yet.
וחכמים,וחכמימ,13,95,60,claim-a1e6b43ba87e9e27,wise | (i.e. intelligent | skilful | artful) | cunning (man) | subtil | (un-) | wise((hearted),OpenScriptures morphHB,H2450,CC BY 4.0,safe_claims_min60,
וחלוקין,וחלוקינ,1,0,60,,,,,,unresolved,No lexical entry yet.
וחלק,וחלק,2,0,60,,,,,,unresolved,No lexical entry yet.
וחלקו,וחלקו,1,0,60,,,,,,unresolved,No lexical entry yet.
וחמשים,וחמשימ,2,0,60,,,,,,unresolved,No lexical entry yet.
וחמשין,וחמשינ,17,0,60,,,,,,unresolved,No lexical entry yet.
וחקירה,וחקירה,5,0,60,,,,,,unresolved,No lexical entry yet.
וחקירות,וחקירות,5,0,60,,,,,,unresolved,No lexical entry yet.
וחקרת,וחקרת,1,0,60,,,,,,unresolved,No lexical entry yet.
וחשב,וחשב,2,0,60,,,,,,unresolved,No lexical entry yet.
וחשבינן,וחשביננ,1,0,60,,,,,,unresolved,No lexical entry yet.
וחשוד,וחשוד,1,0,60,,,,,,unresolved,No lexical entry yet.
וחשיב,וחשיב,2,0,60,,,,,,unresolved,No lexical entry yet.
וחתמו,וחתמו,2,0,60,,,,,,unresolved,No lexical entry yet.
וחתמתי,וחתמתי,1,0,60,,,,,,unresolved,No lexical entry yet.
וטול,וטול,6,0,60,,,,,,unresolved,No lexical entry yet.
וטוען,וטוענ,20,0,60,,,,,,unresolved,No lexical entry yet.
וטליתו,וטליתו,1,0,60,,,,,,unresolved,No lexical entry yet.
וטעם,וטעמ,4,0,60,,,,,,unresolved,No lexical entry yet.
וטעמא,וטעמא,2,0,60,,,,,,unresolved,No lexical entry yet.
וטעמו,וטעמו,5,0,60,,,,,,unresolved,No lexical entry yet.
וטען,וטענ,16,0,60,,,,,,unresolved,No lexical entry yet.
וטענינן,וטעניננ,1,0,60,,,,,,unresolved,No lexical entry yet.
וטענת,וטענת,3,0,60,,,,,,unresolved,No lexical entry yet.
וטענתם,וטענתמ,1,0,60,,,,,,unresolved,No lexical entry yet.
וי״א,וי״א,1,99,60,claim-41acf47550790661,and some say,Project-authored abbreviation table,project-abbreviation:veyesh-omrim,project-authored / CC0,safe_claims_min60,
וי״ל,וי״ל,4,0,60,,,,,,unresolved,No lexical entry yet.
ויאבד,ויאבד,1,0,60,,,,,,unresolved,No lexical entry yet.
ויאכלהו,ויאכלהו,1,0,60,,,,,,unresolved,No lexical entry yet.
ויאמר,ויאמר,6,65,60,,,,,,claims_below_safe_min60,No strict claim >=60%.
ויאמרו,ויאמרו,2,95,60,claim-b92b2c94e297b172,to say (used with great latitude) | answer | appoint | avouch | bid | boast self | call | certify,OpenScriptures morphHB,H559,CC BY 4.0,safe_claims_min60,
ויבוא,ויבוא,1,0,60,,,,,,unresolved,No lexical entry yet.
ויביא,ויביא,1,0,60,,,,,,unresolved,No lexical entry yet.
ויגבה,ויגבה,2,0,60,,,,,,unresolved,No lexical entry yet.
ויגבו,ויגבו,1,0,60,,,,,,unresolved,No lexical entry yet.
ויגיע,ויגיע,1,0,60,,,,,,unresolved,No lexical entry yet.
וידונו,וידונו,1,0,60,,,,,,unresolved,No lexical entry yet.
וידמה,וידמה,1,0,60,,,,,,unresolved,No lexical entry yet.
ויהא,ויהא,4,0,60,,,,,,unresolved,No lexical entry yet.
ויהי׳,ויהי׳,6,0,60,,,,,,unresolved,No lexical entry yet.
ויהיו,ויהיו,2,95,60,claim-0c2fb56957476647,to exist | i.e. be | become | come to pass (always emphatic | and not a mere copula | auxiliary) | beacon | × altogether,OpenScriptures morphHB,H1961,CC BY 4.0,safe_claims_min60,
ויודה,ויודה,2,0,60,,,,,,unresolved,No lexical entry yet.
ויודע,ויודע,2,95,60,claim-ab73bb72dc8c980f,to know (properly | to ascertain by seeing ) | used in a great variety of senses | figuratively | literally | euphemistically and inferentially (including observation | care | recognition,OpenScriptures morphHB,H3045,CC BY 4.0,safe_claims_min60,
ויוחזק,ויוחזק,2,0,60,,,,,,unresolved,No lexical entry yet.
ויוכל,ויוכל,2,0,60,,,,,,unresolved,No lexical entry yet.
ויוצא,ויוצא,1,95,60,claim-2ddc9365305f704e,to go (causatively | bring ) out | in a great variety of applications | literally and figuratively | direct and proxim. | × after | appear | × assuredly,OpenScriptures morphHB,H3318,CC BY 4.0,safe_claims_min60,
ויוצאין,ויוצאינ,1,0,60,,,,,,unresolved,No lexical entry yet.
ויוציאו,ויוציאו,1,0,60,,,,,,unresolved,No lexical entry yet.
ויורשין,ויורשינ,1,0,60,,,,,,unresolved,No lexical entry yet.
ויזכה,ויזכה,1,0,60,,,,,,unresolved,No lexical entry yet.
ויחד,ויחד,1,65,60,,,,,,claims_below_safe_min60,No strict claim >=60%.
ויחזיר,ויחזיר,1,0,60,,,,,,unresolved,No lexical entry yet.
ויחזירו,ויחזירו,1,0,60,,,,,,unresolved,No lexical entry yet.
ויחלוקו,ויחלוקו,2,0,60,,,,,,unresolved,No lexical entry yet.
ויחשבו,ויחשבו,1,0,60,,,,,,unresolved,No lexical entry yet.
ויחשוב,ויחשוב,1,0,60,,,,,,unresolved,No lexical entry yet.
ויטול,ויטול,23,0,60,,,,,,unresolved,No lexical entry yet.
ויטעון,ויטעונ,4,0,60,,,,,,unresolved,No lexical entry yet.
ויישב,ויישב,4,0,60,,,,,,unresolved,No lexical entry yet.
ויכול,ויכול,3,0,60,,,,,,unresolved,No lexical entry yet.
ויכפור,ויכפור,1,0,60,,,,,,unresolved,No lexical entry yet.
וילך,וילכ,1,0,60,,,,,,unresolved,No lexical entry yet.
וילקוט,וילקוט,1,0,60,,,,,,unresolved,No lexical entry yet.
וינכה,וינכה,1,0,60,,,,,,unresolved,No lexical entry yet.
ויסבור,ויסבור,1,0,60,,,,,,unresolved,No lexical entry yet.
ויסוד,ויסוד,2,95,60,claim-77ff5618ab01c763,a foundation (literally | figuratively) | bottom | foundation | repairing,OpenScriptures HebrewLexicon,H3247,CC BY 4.0,safe_claims_min60,
ויעמוד,ויעמוד,1,0,60,,,,,,unresolved,No lexical entry yet.
ויעשה,ויעשה,2,95,60,claim-0df0d6b30ebd9df5,to do | make | in the broadest sense and widest application | accomplish | advance | appoint | apt | be at,OpenScriptures morphHB,H6213,CC BY 4.0,safe_claims_min60,
ויפטור,ויפטור,1,0,60,,,,,,unresolved,No lexical entry yet.
ויפטר,ויפטר,8,91,60,claim-73c81db56e9a463f | claim-813eb277fa736368,and burst through | and dismiss | and free | to cleave | burst through | i.e. (causatively) to emit | whether literal | figurative (gape) | dismiss | free | let (shoot) out,OpenScriptures morphHB,H6362,CC BY 4.0,safe_claims_min60,
ויצא,ויצא,4,95,60,claim-2ddc9365305f704e,to go (causatively | bring ) out | in a great variety of applications | literally and figuratively | direct and proxim. | × after | appear | × assuredly,OpenScriptures morphHB,H3318,CC BY 4.0,safe_claims_min60,
ויצאו,ויצאו,1,0,60,,,,,,unresolved,No lexical entry yet.
ויצוה,ויצוה,1,0,60,,,,,,unresolved,No lexical entry yet.
ויצטרך,ויצטרכ,1,0,60,,,,,,unresolved,No lexical entry yet.
ויקח,ויקח,1,91,60,claim-a0423504591d14c6 | claim-128eada3a0b17e84,and accept | and bring | and buy | and carry away | to take (in the widest variety of applications) | accept | bring | buy | carry away | drawn | fetch | get,OpenScriptures morphHB,H3947,CC BY 4.0,safe_claims_min60,
ויש,ויש,48,95,60,claim-956a286c156cb6ba,there is | are ( | any other form of the verb to be | as may suit the connection) | (there) are | (he | it | shall,OpenScriptures HebrewLexicon,H3426,CC BY 4.0,safe_claims_min60,
וישאר,וישאר,4,91,60,claim-f6ecf3ca6d4e3aee | claim-e50453c7038246fa,and leave | and let | and remain | properly | to swell up | i.e. be (causatively | make ) redundant | leave | (be) left | let | remain,OpenScriptures HebrewLexicon,H7604,CC BY 4.0,safe_claims_min60,
וישארו,וישארו,1,91,60,claim-6bf5d5fc40bbb6b5 | claim-e50453c7038246fa,and leave | and let | and remain | properly | to swell up | i.e. be (causatively | make ) redundant | leave | (be) left | let | remain,OpenScriptures HebrewLexicon,H7604,CC BY 4.0,safe_claims_min60,
וישב,וישב,1,0,60,,,,,,unresolved,No lexical entry yet.
וישבע,וישבע,17,0,60,,,,,,unresolved,No lexical entry yet.
וישלמו,וישלמו,1,0,60,,,,,,unresolved,No lexical entry yet.
ויתבאר,ויתבאר,1,0,60,,,,,,unresolved,No lexical entry yet.
ויתבע,ויתבע,1,0,60,,,,,,unresolved,No lexical entry yet.
ויתכן,ויתכנ,1,0,60,,,,,,unresolved,No lexical entry yet.
ויתן,ויתנ,1,91,60,claim-faf5ad9e766c0ab3 | claim-6726506cb6a027e6,and make | and add | and apply | and appoint | to give | used with greatest latitude of application ( put | make | etc.) | add | apply | appoint | ascribe,OpenScriptures morphHB,H5414,CC BY 4.0,safe_claims_min60,
ויתקוף,ויתקופ,1,0,60,,,,,,unresolved,No lexical entry yet.
ויתקן,ויתקנ,2,0,60,,,,,,unresolved,No lexical entry yet.
וכ׳,וכ׳,3,0,60,,,,,,unresolved,No lexical entry yet.
וכ״א,וכ״א,1,0,60,,,,,,unresolved,No lexical entry yet.
וכ״ז,וכ״ז,2,95,60,claim-5019ef47a84d9d6e | claim-d59c49d31d955bd8,and all this | all this,Project-authored abbreviation table,project-abbreviation:kol-zeh,project-authored / CC0,safe_claims_min60,
וכ״כ,וכ״כ,1,95,60,claim-db4f29de3c446171 | claim-2ab1b50bf62110a5,and so much | and so | so much | so | to such an extent,Project-authored abbreviation table,project-abbreviation:kaf-kaf,project-authored / CC0,safe_claims_min60,
וכ״מ,וכ״מ,1,0,60,,,,,,unresolved,No lexical entry yet.
וכ״נ,וכ״נ,1,0,60,,,,,,unresolved,No lexical entry yet.
וכ״ש,וכ״ש,2,99,60,claim-520b559fa0f7dae8,all the more so,Project-authored abbreviation table,project-abbreviation:vekol-sheken,project-authored / CC0,safe_claims_min60,
וכ״ת,וכ״ת,2,0,60,,,,,,unresolved,No lexical entry yet.
וכאן,וכאנ,9,0,60,,,,,,unresolved,No lexical entry yet.
וכאשר,וכאשר,1,95,60,claim-0b89a2e41623c6a3,who | which | what | that | also (as an adverb and a conjunction) when | where | how | because,OpenScriptures morphHB,H834,CC BY 4.0,safe_claims_min60,
וכבר,וכבר,22,65,60,,,,,,claims_below_safe_min60,No strict claim >=60%.
וכגון,וכגונ,2,0,60,,,,,,unresolved,No lexical entry yet.
וכד׳,וכד׳,1,0,60,,,,,,unresolved,No lexical entry yet.
וכדא״ג,וכדא״ג,2,0,60,,,,,,unresolved,No lexical entry yet.
וכדאמר,וכדאמר,3,0,60,,,,,,unresolved,No lexical entry yet.
וכדאמרי,וכדאמרי,1,0,60,,,,,,unresolved,No lexical entry yet.
וכדאמרי׳,וכדאמרי׳,1,0,60,,,,,,unresolved,No lexical entry yet.
וכדאשכחן,וכדאשכחנ,1,0,60,,,,,,unresolved,No lexical entry yet.
וכדברי,וכדברי,1,90,60,claim-b6d7235edb536d5e | claim-d6bc57fb03cf7205 | claim-c0ee8299ead8357c | claim-223e9563e6f0cff4 | claim-1976ced60dc61cf4 | claim-0c5f9f20cde64cfc,and as thing | and like thing | and as entity | and like entity | thing | entity,Wikidata Lexeme | OpenScriptures morphHB | OpenScriptures HebrewLexicon,L64626 | H1696 | H1697 | H1698 | H1704,CC0 | CC BY 4.0,safe_claims_min60,
וכדכתב,וכדכתב,1,0,60,,,,,,unresolved,No lexical entry yet.
וכדכתיב,וכדכתיב,1,0,60,,,,,,unresolved,No lexical entry yet.
וכדשמואל,וכדשמואל,1,0,60,,,,,,unresolved,No lexical entry yet.
וכדתנן,וכדתננ,1,0,60,,,,,,unresolved,No lexical entry yet.
וכה״ג,וכה״ג,2,0,60,,,,,,unresolved,No lexical entry yet.
וכו׳,וכו׳,105,99,60,claim-d948bc07680f4713,etc. | and so forth,Project-authored abbreviation table,project-abbreviation:vav-kaf-vav,project-authored / CC0,safe_claims_min60,
וכונת,וכונת,3,0,60,,,,,,unresolved,No lexical entry yet.
וכונתו,וכונתו,6,0,60,,,,,,unresolved,No lexical entry yet.
וכופר,וכופר,1,0,60,,,,,,unresolved,No lexical entry yet.
וכורת,וכורת,1,0,60,,,,,,unresolved,No lexical entry yet.
וכי,וכי,7,95,60,claim-6b7c1e7e4366961e,(by implication) very widely used as a relative conjunction | adverb (as below) | often largely modified by other particles annexed | and | (forasmuch | inasmuch | where-) as | assured(-ly),OpenScriptures morphHB,H3588,CC BY 4.0,safe_claims_min60,
וכיון,וכיונ,44,65,60,,,,,,claims_below_safe_min60,No strict claim >=60%.
וכיוצא,וכיוצא,9,65,60,,,,,,claims_below_safe_min60,No strict claim >=60%.
וכיצד,וכיצד,1,0,60,,,,,,unresolved,No lexical entry yet.
וכך,וככ,14,0,60,,,,,,unresolved,No lexical entry yet.
וכל,וכל,33,65,60,,,,,,claims_below_safe_min60,No strict claim >=60%.
וכלי,וכלי,1,91,60,claim-eed6d2ba6d627f34 | claim-d9af897af3da6c67,and as address by name | and like address by name | and as that are bidden | and like that are bidden | and as forth | and like forth | and as self | and like self | to call out to (i.e. properly | address by name | but used in a wide variety of applications) | bewray (self) | that are bidden | call (for | forth | self,OpenScriptures morphHB,H7121,CC BY 4.0,safe_claims_min60,
וכלים,וכלימ,1,95,60,claim-af46e0182eb64c17,something prepared | i.e. any apparatus (as an implement | utensil | dress | vessel | weapon) | armour(-bearer) | artillery,OpenScriptures HebrewLexicon,H3627,CC BY 4.0,safe_claims_min60,
וכמ״ש,וכמ״ש,1,99,60,claim-35362865e9bebb9b,and as written | and as stated,Project-authored abbreviation table,project-abbreviation:vav-kemo-shekatuv,project-authored / CC0,safe_claims_min60,
וכמבואר,וכמבואר,4,0,60,,,,,,unresolved,No lexical entry yet.
וכמדומה,וכמדומה,1,0,60,,,,,,unresolved,No lexical entry yet.
וכמה,וכמה,2,95,60,claim-08663bbcdd163d50,properly | interrogative what? (including how? why? when? ) | but also exclamation | what! (including how! ) | indefinitely what (including whatever | and even relatively | that which ) | often used with prefixes in various adverbial,OpenScriptures morphHB,H4100,CC BY 4.0,safe_claims_min60,
וכמו,וכמו,41,95,60,claim-c418c104d8752ecd,as | thus | so | according to | (such) as (it were | well as) | in comparison of | like (as,OpenScriptures morphHB,H3644,CC BY 4.0,safe_claims_min60,
וכמי,וכמי,1,0,60,,,,,,unresolved,No lexical entry yet.
וכמש״כ,וכמש״כ,15,0,60,,,,,,unresolved,No lexical entry yet.
וכן,וכנ,151,65,60,,,,,,claims_below_safe_min60,No strict claim >=60%.
וכנ״ל,וכנ״ל,6,95,60,claim-32ec59a81f1dd967 | claim-e540ddfab10c1c2b,and as mentioned above | as mentioned above,Project-authored abbreviation table,project-abbreviation:kanal,project-authored / CC0,safe_claims_min60,
וכנוסה,וכנוסה,2,0,60,,,,,,unresolved,No lexical entry yet.
וכע״ז,וכע״ז,2,0,60,,,,,,unresolved,No lexical entry yet.
וכפי,וכפי,4,65,60,,,,,,claims_below_safe_min60,No strict claim >=60%.
וכפי׳,וכפי׳,1,0,60,,,,,,unresolved,No lexical entry yet.
וכפירה,וכפירה,6,0,60,,,,,,unresolved,No lexical entry yet.
וכפירת,וכפירת,1,0,60,,,,,,unresolved,No lexical entry yet.
וכפר,וכפר,6,65,60,,,,,,claims_below_safe_min60,No strict claim >=60%.
וכר׳,וכר׳,1,0,60,,,,,,unresolved,No lexical entry yet.
וכרת,וכרת,1,0,60,,,,,,unresolved,No lexical entry yet.
וכשאינו,וכשאינו,1,0,60,,,,,,unresolved,No lexical entry yet.
וכשאמר,וכשאמר,1,0,60,,,,,,unresolved,No lexical entry yet.
וכשבאה,וכשבאה,1,0,60,,,,,,unresolved,No lexical entry yet.
וכשטענתו,וכשטענתו,1,0,60,,,,,,unresolved,No lexical entry yet.
וכשיטת,וכשיטת,2,0,60,,,,,,unresolved,No lexical entry yet.
וכשמכר,וכשמכר,1,0,60,,,,,,unresolved,No lexical entry yet.
וכשמשביעין,וכשמשביעינ,1,0,60,,,,,,unresolved,No lexical entry yet.
וכתב,וכתב,125,0,60,,,,,,unresolved,No lexical entry yet.
וכתבו,וכתבו,9,0,60,,,,,,unresolved,No lexical entry yet.
וכתבנו,וכתבנו,1,0,60,,,,,,unresolved,No lexical entry yet.
וכתבתי,וכתבתי,15,0,60,,,,,,unresolved,No lexical entry yet.
ול״ש,ול״ש,1,0,60,,,,,,unresolved,No lexical entry yet.
ולא,ולא,216,65,60,,,,,,claims_below_safe_min60,No strict claim >=60%.
ולאביו,ולאביו,1,0,60,,,,,,unresolved,No lexical entry yet.
ולאו,ולאו,5,0,60,,,,,,unresolved,No lexical entry yet.
ולבאר,ולבאר,1,91,60,claim-a582104c83ed72a9 | claim-bfcc5f1219d97bbe,and a pit | and especially a well | and pit | and well | a pit | especially a well | pit | well.,OpenScriptures HebrewLexicon,H875,CC BY 4.0,safe_claims_min60,
ולבד,ולבד,1,0,60,,,,,,unresolved,No lexical entry yet.
ולבתר,ולבתר,1,0,60,,,,,,unresolved,No lexical entry yet.
ולגבי,ולגבי,2,91,60,claim-bf7d23e99169d8ae | claim-4620dd2d469981c5,and by analogy | and the top | and rim | and a boss | the back (as rounded) | by analogy | the top | rim | a boss | a vault | arch of eye | bulwarks,OpenScriptures morphHB,H1354,CC BY 4.0,safe_claims_min60,
ולדברי,ולדברי,5,90,60,claim-9c7fd99bf95f3d96 | claim-c481dc0a409870e0 | claim-0fabe34e704df0df | claim-8b575dfc3b265e56 | claim-cca62d62e436ae37 | claim-0c5f9f20cde64cfc,and to thing | and for thing | and of thing | and to entity | and for entity | and of entity | thing | entity,Wikidata Lexeme | OpenScriptures morphHB | OpenScriptures HebrewLexicon,L64626 | H1696 | H1697 | H1698 | H1704,CC0 | CC BY 4.0,safe_claims_min60,
ולדידי׳,ולדידי׳,1,0,60,,,,,,unresolved,No lexical entry yet.
ולדידן,ולדידנ,1,0,60,,,,,,unresolved,No lexical entry yet.
ולדעת,ולדעת,4,91,60,claim-28fd220d68b6a590 | claim-ab73bb72dc8c980f,and used in a great variety of senses | and care | and recognition | to know (properly | to ascertain by seeing ) | used in a great variety of senses | figuratively | literally | euphemistically and inferentially (including observation | care | recognition,OpenScriptures morphHB,H3045,CC BY 4.0,safe_claims_min60,
ולדעתי,ולדעתי,2,0,60,,,,,,unresolved,No lexical entry yet.
ולהוציא,ולהוציא,2,65,60,,,,,,claims_below_safe_min60,No strict claim >=60%.
ולהיפך,ולהיפכ,1,0,60,,,,,,unresolved,No lexical entry yet.
ולהכי,ולהכי,1,0,60,,,,,,unresolved,No lexical entry yet.
ולהלכה,ולהלכה,1,0,60,,,,,,unresolved,No lexical entry yet.
ולהנוב״י,ולהנוב״י,1,0,60,,,,,,unresolved,No lexical entry yet.
ולהשוות,ולהשוות,1,0,60,,,,,,unresolved,No lexical entry yet.
ולהשיב,ולהשיב,1,95,60,claim-7cfd064cbe9ada23,to turn back (hence | away) transitively | intransitively | literally | figuratively (not necessarily with the idea of return to the starting point) | generally to retreat | often adverbial | again,OpenScriptures morphHB,H7725,CC BY 4.0,safe_claims_min60,
ולהשכיר,ולהשכיר,17,0,60,,,,,,unresolved,No lexical entry yet.
ולוה,ולוה,4,0,60,,,,,,unresolved,No lexical entry yet.
ולוי,ולוי,3,0,60,,,,,,unresolved,No lexical entry yet.
ולויתי,ולויתי,1,0,60,,,,,,unresolved,No lexical entry yet.
ולומר,ולומר,5,0,60,,,,,,unresolved,No lexical entry yet.
ולוקח,ולוקח,1,0,60,,,,,,unresolved,No lexical entry yet.
ולזה,ולזה,14,95,60,claim-2c153c1d677edecf,the masculine demonstrative pronoun | this | that | he | × hence | × here | it(-self) | × now,OpenScriptures morphHB,H2088,CC BY 4.0,safe_claims_min60,
ולח״מ,ולח״מ,1,0,60,,,,,,unresolved,No lexical entry yet.
ולחלוק,ולחלוק,1,0,60,,,,,,unresolved,No lexical entry yet.
ולחלק,ולחלק,3,0,60,,,,,,unresolved,No lexical entry yet.
ולטעון,ולטעונ,2,0,60,,,,,,unresolved,No lexical entry yet.
ולי,ולי,6,91,60,claim-5b55aa6bca0261f8 | claim-d9af897af3da6c67,and address by name | and that are bidden | and forth | and self | to call out to (i.e. properly | address by name | but used in a wide variety of applications) | bewray (self) | that are bidden | call (for | forth | self,OpenScriptures morphHB,H7121,CC BY 4.0,safe_claims_min60,
וליהמניה,וליהמניה,1,0,60,,,,,,unresolved,No lexical entry yet.
וליטול,וליטול,9,0,60,,,,,,unresolved,No lexical entry yet.
וליטעמיך,וליטעמיכ,1,0,60,,,,,,unresolved,No lexical entry yet.
וליישב,וליישב,2,0,60,,,,,,unresolved,No lexical entry yet.
וליכא,וליכא,10,0,60,,,,,,unresolved,No lexical entry yet.
ולילה,ולילה,1,90,60,claim-c2b5098d11ba9bb2 | claim-04351c74cbb817d1 | claim-51e405a127af4c62,"and night | night, period from sunset to sunrise in each twenty-four hours | night",Wikidata Lexeme | OpenScriptures morphHB,L65943 | H3915,CC0 | CC BY 4.0,safe_claims_min60,
ולימא,ולימא,2,0,60,,,,,,unresolved,No lexical entry yet.
וליקט,וליקט,1,0,60,,,,,,unresolved,No lexical entry yet.
ולישבע,ולישבע,2,0,60,,,,,,unresolved,No lexical entry yet.
ולית,ולית,3,0,60,,,,,,unresolved,No lexical entry yet.
וליתומים,וליתומימ,1,0,60,,,,,,unresolved,No lexical entry yet.
וליתן,וליתנ,2,91,60,claim-dc5d1bba8763d42c | claim-6726506cb6a027e6,and to make | and for make | and of make | and to add | and for add | and of add | and to apply | and for apply | to give | used with greatest latitude of application ( put | make | etc.) | add | apply | appoint | ascribe,OpenScriptures morphHB,H5414,CC BY 4.0,safe_claims_min60,
וליתנו,וליתנו,1,0,60,,,,,,unresolved,No lexical entry yet.
ולך,ולכ,1,0,60,,,,,,unresolved,No lexical entry yet.
ולכאורה,ולכאורה,12,65,60,,,,,,claims_below_safe_min60,No strict claim >=60%.
ולכופלן,ולכופלנ,1,0,60,,,,,,unresolved,No lexical entry yet.
ולכך,ולככ,5,0,60,,,,,,unresolved,No lexical entry yet.
ולכל,ולכל,6,95,60,claim-ee88321f0eef4ad7,properly | the whole | hence | all | any | every (in the singular only | but often in a plural sense) | (in) all (manner,OpenScriptures morphHB,H3605,CC BY 4.0,safe_claims_min60,
ולכן,ולכנ,182,95,60,claim-169eebbf0b209760,properly | set upright | hence (figuratively as adjective) just | but usually (as adverb | conjunction) rightly | so (in various applications to manner | time and relation | often with other particles),OpenScriptures morphHB,H3651,CC BY 4.0,safe_claims_min60,
ולכפור,ולכפור,2,91,60,claim-47b0f69e6fe172de | claim-0a2009dc7beda8f4,and a cover | and bason | properly | a cover | i.e. (by implication) a tankard ( | covered goblet) | also white frost (as covering the ground) | bason | hoar(-y) frost.,OpenScriptures morphHB,H3713,CC BY 4.0,safe_claims_min60,
ולכתוב,ולכתוב,1,0,60,,,,,,unresolved,No lexical entry yet.
ולמד,ולמד,1,0,60,,,,,,unresolved,No lexical entry yet.
ולמדו,ולמדו,1,0,60,,,,,,unresolved,No lexical entry yet.
ולמה,ולמה,21,0,60,,,,,,unresolved,No lexical entry yet.
ולמוחזק,ולמוחזק,1,0,60,,,,,,unresolved,No lexical entry yet.
ולמי,ולמי,1,0,60,,,,,,unresolved,No lexical entry yet.
ולמקומה,ולמקומה,1,91,60,claim-39f7de285af94cc8 | claim-2dd2ace5f333a49f,and to a standing | and for a standing | and of a standing | and to country | and for country | and of country | properly | a standing | i.e. a spot | but used widely of a locality (general | specific) | also (figuratively) of a condition (of body | mind) | country,OpenScriptures morphHB,H4725,CC BY 4.0,safe_claims_min60,
ולסברת,ולסברת,1,0,60,,,,,,unresolved,No lexical entry yet.
ולסמוך,ולסמוכ,1,0,60,,,,,,unresolved,No lexical entry yet.
ולע״ע,ולע״ע,1,0,60,,,,,,unresolved,No lexical entry yet.
ולעיקר,ולעיקר,3,0,60,,,,,,unresolved,No lexical entry yet.
ולעכב,ולעכב,1,0,60,,,,,,unresolved,No lexical entry yet.
ולענ״ד,ולענ״ד,1,0,60,,,,,,unresolved,No lexical entry yet.
ולענין,ולענינ,4,0,60,,,,,,unresolved,No lexical entry yet.
ולעשות,ולעשות,5,95,60,claim-0df0d6b30ebd9df5,to do | make | in the broadest sense and widest application | accomplish | advance | appoint | apt | be at,OpenScriptures morphHB,H6213,CC BY 4.0,safe_claims_min60,
ולפ״ז,ולפ״ז,1,0,60,,,,,,unresolved,No lexical entry yet.
ולפוטרו,ולפוטרו,1,0,60,,,,,,unresolved,No lexical entry yet.
ולפטור,ולפטור,1,0,60,,,,,,unresolved,No lexical entry yet.
ולפי,ולפי,14,95,60,claim-97ba7e319a54aaae,the mouth (as the means of blowing ) | whether literal | figurative (particularly speech ) | specifically edge | portion | side | adverbially (with preposition) according to | accord(-ing as,OpenScriptures morphHB,H6310,CC BY 4.0,safe_claims_min60,
ולפי׳,ולפי׳,2,0,60,,,,,,unresolved,No lexical entry yet.
ולפי״ז,ולפי״ז,24,0,60,,,,,,unresolved,No lexical entry yet.
ולפי״מ,ולפי״מ,3,0,60,,,,,,unresolved,No lexical entry yet.
ולפיכך,ולפיככ,5,93,60,claim-a8d2e6bd1ed9e740,therefore,Wikidata Lexeme,L492156,CC0,safe_claims_min60,
ולפימש״כ,ולפימש״כ,1,0,60,,,,,,unresolved,No lexical entry yet.
ולפירש״י,ולפירש״י,1,0,60,,,,,,unresolved,No lexical entry yet.
ולפלא,ולפלא,1,0,60,,,,,,unresolved,No lexical entry yet.
ולפנינו,ולפנינו,2,90,60,claim-f15bd45a3c787ac5 | claim-ae0205cbf1eddc0a | claim-b3b05c9f46e25838,and before | before,Wikidata Lexeme | OpenScriptures morphHB,L491930 | H6440,CC0 | CC BY 4.0,safe_claims_min60,
ולפרט,ולפרט,1,65,60,,,,,,claims_below_safe_min60,No strict claim >=60%.
ולפרעון,ולפרעונ,1,0,60,,,,,,unresolved,No lexical entry yet.
ולק״מ,ולק״מ,1,0,60,,,,,,unresolved,No lexical entry yet.
ולקח,ולקח,3,0,60,,,,,,unresolved,No lexical entry yet.
ולקחה,ולקחה,2,0,60,,,,,,unresolved,No lexical entry yet.
ולקחתי,ולקחתי,8,95,60,claim-128eada3a0b17e84,to take (in the widest variety of applications) | accept | bring | buy | carry away | drawn | fetch | get,OpenScriptures morphHB,H3947,CC BY 4.0,safe_claims_min60,
ולקחתיה,ולקחתיה,5,0,60,,,,,,unresolved,No lexical entry yet.
ולקט,ולקט,2,0,60,,,,,,unresolved,No lexical entry yet.
ולקצצו,ולקצצו,1,0,60,,,,,,unresolved,No lexical entry yet.
ולר״ת,ולר״ת,1,0,60,,,,,,unresolved,No lexical entry yet.
ולראות,ולראות,1,0,60,,,,,,unresolved,No lexical entry yet.
ולראי׳,ולראי׳,1,0,60,,,,,,unresolved,No lexical entry yet.
ולרבא,ולרבא,1,0,60,,,,,,unresolved,No lexical entry yet.
ולרמב״ח,ולרמב״ח,1,0,60,,,,,,unresolved,No lexical entry yet.
ולשבועה,ולשבועה,1,0,60,,,,,,unresolved,No lexical entry yet.
ולשדה,ולשדה,1,90,60,claim-0b4d3c2b4d89abcb | claim-8a6c464b0c7af404 | claim-c219995929914f56,"and plant sap | plant sap, plant secretion having many valued properties | plant sap",Wikidata Lexeme | OpenScriptures morphHB,L65976 | H7704,CC0 | CC BY 4.0,safe_claims_min60,
ולשון,ולשונ,2,95,60,claim-2c9ff20f39d47c86,the tongue (of man | animals) | used literally (as the instrument of licking | eating | speech) | and figuratively (speech | an ingot | a fork of flame,OpenScriptures morphHB,H3956,CC BY 4.0,safe_claims_min60,
ולשתי,ולשתי,1,91,60,claim-8c4d24ea01115931 | claim-d2185f46ac419d5a,and two | and both | and couple | and double | two | also (as ordinal) twofold | both | couple | double | second | twain | twelfth,OpenScriptures morphHB,H8147,CC BY 4.0,safe_claims_min60,
ולתבוע,ולתבוע,2,0,60,,,,,,unresolved,No lexical entry yet.
ומ״ד,ומ״ד,2,0,60,,,,,,unresolved,No lexical entry yet.
ומ״מ,ומ״מ,27,95,60,claim-09495297f58f6601 | claim-be385e03012bc7be,and nevertheless | and in any case | nevertheless | in any case,Project-authored abbreviation table,project-abbreviation:mem-mem,project-authored / CC0,safe_claims_min60,
ומ״ס,ומ״ס,1,0,60,,,,,,unresolved,No lexical entry yet.
ומאחר,ומאחר,1,0,60,,,,,,unresolved,No lexical entry yet.
ומאי,ומאי,3,0,60,,,,,,unresolved,No lexical entry yet.
ומאמינים,ומאמינימ,1,0,60,,,,,,unresolved,No lexical entry yet.
ומבואר,ומבואר,22,0,60,,,,,,unresolved,No lexical entry yet.
ומביא,ומביא,1,65,60,,,,,,claims_below_safe_min60,No strict claim >=60%.
ומגלגל,ומגלגל,1,0,60,,,,,,unresolved,No lexical entry yet.
ומדברי,ומדברי,8,0,60,,,,,,unresolved,No lexical entry yet.
ומדוייק,ומדוייק,1,0,60,,,,,,unresolved,No lexical entry yet.
ומדין,ומדינ,4,0,60,,,,,,unresolved,No lexical entry yet.
ומדינא,ומדינא,1,0,60,,,,,,unresolved,No lexical entry yet.
ומדכתב,ומדכתב,1,0,60,,,,,,unresolved,No lexical entry yet.
ומדמי,ומדמי,2,0,60,,,,,,unresolved,No lexical entry yet.
ומדסתם,ומדסתמ,2,0,60,,,,,,unresolved,No lexical entry yet.
ומדקבע,ומדקבע,1,0,60,,,,,,unresolved,No lexical entry yet.
ומה,ומה,64,65,60,,,,,,claims_below_safe_min60,No strict claim >=60%.
ומה״ט,ומה״ט,2,0,60,,,,,,unresolved,No lexical entry yet.
ומהא,ומהא,1,0,60,,,,,,unresolved,No lexical entry yet.
ומהיכי,ומהיכי,1,0,60,,,,,,unresolved,No lexical entry yet.
ומהימן,ומהימנ,1,0,60,,,,,,unresolved,No lexical entry yet.
ומהני,ומהני,3,0,60,,,,,,unresolved,No lexical entry yet.
ומהפך,ומהפכ,1,0,60,,,,,,unresolved,No lexical entry yet.
ומובן,ומובנ,1,65,60,,,,,,claims_below_safe_min60,No strict claim >=60%.
ומודה,ומודה,2,0,60,,,,,,unresolved,No lexical entry yet.
ומוכח,ומוכח,38,0,60,,,,,,unresolved,No lexical entry yet.
ומוכיח,ומוכיח,1,91,60,claim-ac8ab1c687244349 | claim-e727579636deeda6,and reciprocal | and causatively | and justify | and convict | to be right (i.e. correct) | reciprocal | to argue | causatively | to decide | justify | convict | appoint,OpenScriptures morphHB,H3198,CC BY 4.0,safe_claims_min60,
ומוכרחים,ומוכרחימ,1,0,60,,,,,,unresolved,No lexical entry yet.
ומונחות,ומונחות,1,0,60,,,,,,unresolved,No lexical entry yet.
ומועד,ומועד,1,0,60,,,,,,unresolved,No lexical entry yet.
ומוציאין,ומוציאינ,2,0,60,,,,,,unresolved,No lexical entry yet.
ומוקמי,ומוקמי,1,0,60,,,,,,unresolved,No lexical entry yet.
ומזה,ומזה,11,65,60,,,,,,claims_below_safe_min60,No strict claim >=60%.
ומזיק,ומזיק,8,0,60,,,,,,unresolved,No lexical entry yet.
ומחזיקין,ומחזיקינ,5,0,60,,,,,,unresolved,No lexical entry yet.
ומחייב,ומחייב,1,0,60,,,,,,unresolved,No lexical entry yet.
ומחייבו,ומחייבו,1,0,60,,,,,,unresolved,No lexical entry yet.
ומחייבין,ומחייבינ,1,0,60,,,,,,unresolved,No lexical entry yet.
ומחילה,ומחילה,1,0,60,,,,,,unresolved,No lexical entry yet.
ומחל,ומחל,3,0,60,,,,,,unresolved,No lexical entry yet.
ומחלוקת,ומחלוקת,1,89,60,claim-55def25ac11ef5d6 | claim-e4dcd9b6a4d8ffb4,and controversy | controversy,Wikidata Lexeme,L66170,CC0,safe_claims_min60,
ומחלק,ומחלק,3,0,60,,,,,,unresolved,No lexical entry yet.
ומחמת,ומחמת,1,91,60,claim-ca8b3d0ea4456af8 | claim-2784020c8ada3c0b,and a place in Palestine | Chammath | a place in Palestine | Hammath.,OpenScriptures morphHB,H2575,CC BY 4.0,safe_claims_min60,
ומטיל,ומטיל,1,0,60,,,,,,unresolved,No lexical entry yet.
ומי,ומי,2,65,60,,,,,,claims_below_safe_min60,No strict claim >=60%.
ומיגו,ומיגו,4,0,60,,,,,,unresolved,No lexical entry yet.
ומיהו,ומיהו,6,0,60,,,,,,unresolved,No lexical entry yet.
ומיושב,ומיושב,2,0,60,,,,,,unresolved,No lexical entry yet.
ומיימוני,ומיימוני,1,0,60,,,,,,unresolved,No lexical entry yet.
ומייתי,ומייתי,3,0,60,,,,,,unresolved,No lexical entry yet.
ומילתא,ומילתא,1,0,60,,,,,,unresolved,No lexical entry yet.
ומיקדשה,ומיקדשה,1,0,60,,,,,,unresolved,No lexical entry yet.
ומיקרי,ומיקרי,1,0,60,,,,,,unresolved,No lexical entry yet.
ומכאן,ומכאנ,1,0,60,,,,,,unresolved,No lexical entry yet.
ומכיון,ומכיונ,3,0,60,,,,,,unresolved,No lexical entry yet.
ומכלל,ומכלל,1,0,60,,,,,,unresolved,No lexical entry yet.
ומכר,ומכר,2,0,60,,,,,,unresolved,No lexical entry yet.
ומכרו,ומכרו,1,0,60,,,,,,unresolved,No lexical entry yet.
ומכרתו,ומכרתו,1,0,60,,,,,,unresolved,No lexical entry yet.
ומלבד,ומלבד,1,0,60,,,,,,unresolved,No lexical entry yet.
ומלואים,ומלואימ,6,0,60,,,,,,unresolved,No lexical entry yet.
ומלוה,ומלוה,3,0,60,,,,,,unresolved,No lexical entry yet.
ומלקוחות,ומלקוחות,1,0,60,,,,,,unresolved,No lexical entry yet.
ומלשון,ומלשונ,1,91,60,claim-4b869727c22fd43c | claim-2c9ff20f39d47c86,and eating | and an ingot | and a fork of flame | the tongue (of man | animals) | used literally (as the instrument of licking | eating | speech) | and figuratively (speech | an ingot | a fork of flame,OpenScriptures morphHB,H3956,CC BY 4.0,safe_claims_min60,
וממ״נ,וממ״נ,3,0,60,,,,,,unresolved,No lexical entry yet.
וממילא,וממילא,34,63,60,,,,,,claims_below_safe_min60,No strict claim >=60%.
וממכר,וממכר,1,0,60,,,,,,unresolved,No lexical entry yet.
ומממון,ומממונ,1,0,60,,,,,,unresolved,No lexical entry yet.
ומנ״ל,ומנ״ל,1,0,60,,,,,,unresolved,No lexical entry yet.
ומנה,ומנה,2,0,60,,,,,,unresolved,No lexical entry yet.
ומניחין,ומניחינ,1,0,60,,,,,,unresolved,No lexical entry yet.
ומנין,ומנינ,2,0,60,,,,,,unresolved,No lexical entry yet.
ומנכסי,ומנכסי,1,0,60,,,,,,unresolved,No lexical entry yet.
ומנכסים,ומנכסימ,1,0,60,,,,,,unresolved,No lexical entry yet.
ומנלן,ומנלנ,1,0,60,,,,,,unresolved,No lexical entry yet.
ומספק,ומספק,2,0,60,,,,,,unresolved,No lexical entry yet.
ומסתבר,ומסתבר,1,0,60,,,,,,unresolved,No lexical entry yet.
ומסתלק,ומסתלק,1,0,60,,,,,,unresolved,No lexical entry yet.
ומעולם,ומעולמ,1,95,60,claim-00aa5cc0465f348d,properly | concealed | i.e. the vanishing point | generally | time out of mind (past | future) | i.e. (practically) eternity | frequentatively,OpenScriptures morphHB,H5769,CC BY 4.0,safe_claims_min60,
ומעיקר,ומעיקר,2,0,60,,,,,,unresolved,No lexical entry yet.
ומעמיד,ומעמיד,1,0,60,,,,,,unresolved,No lexical entry yet.
ומעמידה,ומעמידה,1,0,60,,,,,,unresolved,No lexical entry yet.
ומערות,ומערות,3,0,60,,,,,,unresolved,No lexical entry yet.
ומעשים,ומעשימ,1,65,60,,,,,,claims_below_safe_min60,No strict claim >=60%.
ומפורש,ומפורש,4,0,60,,,,,,unresolved,No lexical entry yet.
ומפחית,ומפחית,1,0,60,,,,,,unresolved,No lexical entry yet.
ומפטר,ומפטר,1,0,60,,,,,,unresolved,No lexical entry yet.
ומפי,ומפי,2,95,60,claim-97ba7e319a54aaae,the mouth (as the means of blowing ) | whether literal | figurative (particularly speech ) | specifically edge | portion | side | adverbially (with preposition) according to | accord(-ing as,OpenScriptures morphHB,H6310,CC BY 4.0,safe_claims_min60,
ומפני,ומפני,3,95,60,claim-b6cf62d00d74f10a,the face (as the part that turns) | used in a great variety of applications (literally and figuratively) | also (with prepositional prefix) as a preposition ( before | etc.) | accept | a-(be-) fore(-time) | against | anger,OpenScriptures morphHB,H6440,CC BY 4.0,safe_claims_min60,
ומפסידים,ומפסידימ,1,0,60,,,,,,unresolved,No lexical entry yet.
ומפרש,ומפרש,3,0,60,,,,,,unresolved,No lexical entry yet.
ומפרשים,ומפרשימ,1,0,60,,,,,,unresolved,No lexical entry yet.
ומצא,ומצא,1,0,60,,,,,,unresolved,No lexical entry yet.
ומצאתי,ומצאתי,5,0,60,,,,,,unresolved,No lexical entry yet.
ומצד,ומצד,1,65,60,,,,,,claims_below_safe_min60,No strict claim >=60%.
ומצינו,ומצינו,2,0,60,,,,,,unresolved,No lexical entry yet.
ומקודם,ומקודמ,1,0,60,,,,,,unresolved,No lexical entry yet.
ומקור,ומקור,1,95,60,claim-50dcd01cf1754509,properly | something dug | i.e. a (general) source (of water | even when naturally flowing | also of tears | blood (by euphemism | of the female pudenda ) | figuratively,OpenScriptures HebrewLexicon,H4726,CC BY 4.0,safe_claims_min60,
ומקורו,ומקורו,1,65,60,,,,,,claims_below_safe_min60,No strict claim >=60%.
ומקיימים,ומקיימימ,1,0,60,,,,,,unresolved,No lexical entry yet.
ומקרא,ומקרא,1,0,60,,,,,,unresolved,No lexical entry yet.
ומקשים,ומקשימ,2,0,60,,,,,,unresolved,No lexical entry yet.
ומש״ה,ומש״ה,1,0,60,,,,,,unresolved,No lexical entry yet.
ומש״כ,ומש״כ,3,0,60,,,,,,unresolved,No lexical entry yet.
ומשביח,ומשביח,1,0,60,,,,,,unresolved,No lexical entry yet.
ומשו״ה,ומשו״ה,4,0,60,,,,,,unresolved,No lexical entry yet.
ומשום,ומשומ,22,65,60,,,,,,claims_below_safe_min60,No strict claim >=60%.
ומשיב,ומשיב,1,0,60,,,,,,unresolved,No lexical entry yet.
ומשכחת,ומשכחת,2,0,60,,,,,,unresolved,No lexical entry yet.
ומשכירה,ומשכירה,1,0,60,,,,,,unresolved,No lexical entry yet.
ומשלם,ומשלמ,12,0,60,,,,,,unresolved,No lexical entry yet.
ומשמע,ומשמע,13,0,60,,,,,,unresolved,No lexical entry yet.
ומשני,ומשני,6,0,60,,,,,,unresolved,No lexical entry yet.
ומת,ומת,6,0,60,,,,,,unresolved,No lexical entry yet.
ומתו,ומתו,1,0,60,,,,,,unresolved,No lexical entry yet.
ומתוך,ומתוכ,2,65,60,,,,,,claims_below_safe_min60,No strict claim >=60%.
ומתי,ומתי,2,0,60,,,,,,unresolved,No lexical entry yet.
ומתירו,ומתירו,1,0,60,,,,,,unresolved,No lexical entry yet.
ומתן,ומתנ,1,0,60,,,,,,unresolved,No lexical entry yet.
ומתנה,ומתנה,3,0,60,,,,,,unresolved,No lexical entry yet.
ומתני׳,ומתני׳,1,0,60,,,,,,unresolved,No lexical entry yet.
ומתרץ,ומתרצ,1,0,60,,,,,,unresolved,No lexical entry yet.
ונ׳,ונ׳,2,0,60,,,,,,unresolved,No lexical entry yet.
ונ״ל,ונ״ל,2,0,60,,,,,,unresolved,No lexical entry yet.
ונ״מ,ונ״מ,1,0,60,,,,,,unresolved,No lexical entry yet.
ונאמן,ונאמנ,9,95,60,claim-cb84e5f538507ad1,properly | to build up | support | to foster as a parent | nurse | figuratively to render ( | be ) firm | faithful,OpenScriptures morphHB,H539,CC BY 4.0,safe_claims_min60,
ונאמנת,ונאמנת,1,0,60,,,,,,unresolved,No lexical entry yet.
ונאמר,ונאמר,3,0,60,,,,,,unresolved,No lexical entry yet.
ונאמרה,ונאמרה,1,0,60,,,,,,unresolved,No lexical entry yet.
ונבוא,ונבוא,1,0,60,,,,,,unresolved,No lexical entry yet.
ונגד,ונגד,1,90,60,claim-4a940dfe48277501 | claim-baf7f048e7c64ef7 | claim-6d17a87c3bb8ccc8 | claim-9e0eff55d5e3ee9a | claim-8b5a4b27ab84c66a | claim-c1a37b9e1dd59123 | claim-d549679464e9c997 | claim-8eb61194f2498d92,and resistor | resistor,Wikidata Lexeme | OpenScriptures morphHB | OpenScriptures HebrewLexicon,L66685 | H2962 | H5046 | H5047 | H5048 | H5049 | H5057,CC0 | CC BY 4.0,safe_claims_min60,
ונוטל,ונוטל,45,0,60,,,,,,unresolved,No lexical entry yet.
ונוטלו,ונוטלו,1,0,60,,,,,,unresolved,No lexical entry yet.
ונוטלים,ונוטלימ,1,0,60,,,,,,unresolved,No lexical entry yet.
ונוטלין,ונוטלינ,16,0,60,,,,,,unresolved,No lexical entry yet.
ונוטלן,ונוטלנ,1,0,60,,,,,,unresolved,No lexical entry yet.
ונוטלת,ונוטלת,3,0,60,,,,,,unresolved,No lexical entry yet.
ונוכל,ונוכל,4,65,60,,,,,,claims_below_safe_min60,No strict claim >=60%.
ונותן,ונותנ,2,95,60,claim-6726506cb6a027e6,to give | used with greatest latitude of application ( put | make | etc.) | add | apply | appoint | ascribe,OpenScriptures morphHB,H5414,CC BY 4.0,safe_claims_min60,
ונותנין,ונותנינ,1,0,60,,,,,,unresolved,No lexical entry yet.
ונחבל,ונחבל,3,0,60,,,,,,unresolved,No lexical entry yet.
ונחלקו,ונחלקו,2,0,60,,,,,,unresolved,No lexical entry yet.
ונטל,ונטל,6,0,60,,,,,,unresolved,No lexical entry yet.
ונטעון,ונטעונ,1,0,60,,,,,,unresolved,No lexical entry yet.
ונטען,ונטענ,3,0,60,,,,,,unresolved,No lexical entry yet.
וניכר,וניכר,1,0,60,,,,,,unresolved,No lexical entry yet.
ונכנסה,ונכנסה,1,0,60,,,,,,unresolved,No lexical entry yet.
ונמצא,ונמצא,13,95,60,claim-8b818eda46fcc65c,properly | to come forth to | i.e. appear | exist | transitively | to attain | i.e. find | acquire,OpenScriptures morphHB,H4672,CC BY 4.0,safe_claims_min60,
ונמצאת,ונמצאת,1,0,60,,,,,,unresolved,No lexical entry yet.
ונעשה,ונעשה,4,95,60,claim-0df0d6b30ebd9df5,to do | make | in the broadest sense and widest application | accomplish | advance | appoint | apt | be at,OpenScriptures morphHB,H6213,CC BY 4.0,safe_claims_min60,
ונעשית,ונעשית,1,0,60,,,,,,unresolved,No lexical entry yet.
ונפטר,ונפטר,13,0,60,,,,,,unresolved,No lexical entry yet.
ונפטרין,ונפטרינ,2,0,60,,,,,,unresolved,No lexical entry yet.
ונפייס,ונפייס,1,0,60,,,,,,unresolved,No lexical entry yet.
ונפלאתי,ונפלאתי,1,0,60,,,,,,unresolved,No lexical entry yet.
ונפקד,ונפקד,2,0,60,,,,,,unresolved,No lexical entry yet.
ונראה,ונראה,59,95,60,claim-5335abdf69914831,to see | literally | figuratively (in numerous applications | direct and implied | transitive | intransitive and causative) | advise self | appear,OpenScriptures morphHB,H7200,CC BY 4.0,safe_claims_min60,
ונשאר,ונשאר,3,95,60,claim-e50453c7038246fa,properly | to swell up | i.e. be (causatively | make ) redundant | leave | (be) left | let | remain,OpenScriptures HebrewLexicon,H7604,CC BY 4.0,safe_claims_min60,
ונשבע,ונשבע,18,0,60,,,,,,unresolved,No lexical entry yet.
ונשואה,ונשואה,2,0,60,,,,,,unresolved,No lexical entry yet.
ונשוב,ונשוב,2,0,60,,,,,,unresolved,No lexical entry yet.
ונשתעבדו,ונשתעבדו,3,0,60,,,,,,unresolved,No lexical entry yet.
ונתבע,ונתבע,1,0,60,,,,,,unresolved,No lexical entry yet.
ונתחייב,ונתחייב,1,0,60,,,,,,unresolved,No lexical entry yet.
ונתחלף,ונתחלפ,1,0,60,,,,,,unresolved,No lexical entry yet.
ונתייקר,ונתייקר,2,0,60,,,,,,unresolved,No lexical entry yet.
ונתכונו,ונתכונו,1,0,60,,,,,,unresolved,No lexical entry yet.
ונתלו,ונתלו,1,0,60,,,,,,unresolved,No lexical entry yet.
ונתן,ונתנ,4,65,60,,,,,,claims_below_safe_min60,No strict claim >=60%.
ונתנה,ונתנה,1,0,60,,,,,,unresolved,No lexical entry yet.
ונתנו,ונתנו,2,0,60,,,,,,unresolved,No lexical entry yet.
ונתננו,ונתננו,1,0,60,,,,,,unresolved,No lexical entry yet.
ונתתי,ונתתי,3,95,60,claim-6726506cb6a027e6,to give | used with greatest latitude of application ( put | make | etc.) | add | apply | appoint | ascribe,OpenScriptures morphHB,H5414,CC BY 4.0,safe_claims_min60,
וס״ל,וס״ל,1,95,60,claim-7445231770e7c809 | claim-cdf1bd50302c4c1c,and he holds | and he maintains | he holds | he maintains,Project-authored abbreviation table,project-abbreviation:savira-lei,project-authored / CC0,safe_claims_min60,
וסברי,וסברי,1,0,60,,,,,,unresolved,No lexical entry yet.
וסגי,וסגי,1,0,60,,,,,,unresolved,No lexical entry yet.
וסגנון,וסגנונ,1,0,60,,,,,,unresolved,No lexical entry yet.
וסדור,וסדור,1,63,60,,,,,,claims_below_safe_min60,No strict claim >=60%.
וסדר,וסדר,2,90,60,claim-6afd5a20cb571a14 | claim-ab90ff7d85a5f623 | claim-5a19d43b3d19afab,and order | order,Wikidata Lexeme | OpenScriptures HebrewLexicon,L79989 | H5468,CC0 | CC BY 4.0,safe_claims_min60,
וסובר,וסובר,10,0,60,,,,,,unresolved,No lexical entry yet.
וסוברים,וסוברימ,3,0,60,,,,,,unresolved,No lexical entry yet.
וסוגיא,וסוגיא,1,0,60,,,,,,unresolved,No lexical entry yet.
וסוף,וסופ,2,95,60,claim-cbfefc0653881e04,a reed | especially the papyrus | flag | Red (sea) | weed. Compare 5489 .,OpenScriptures HebrewLexicon,H5488,CC BY 4.0,safe_claims_min60,
וסותר,וסותר,1,0,60,,,,,,unresolved,No lexical entry yet.
וסיים,וסיימ,1,0,60,,,,,,unresolved,No lexical entry yet.
וסימנים,וסימנימ,5,0,60,,,,,,unresolved,No lexical entry yet.
וספק,וספק,1,0,60,,,,,,unresolved,No lexical entry yet.
וספריו,וספריו,1,0,60,,,,,,unresolved,No lexical entry yet.
וסתירה,וסתירה,4,89,60,claim-f5e06160de073af1 | claim-e2d936da083819d8,"and neutralization, chemical reaction | and neutralization | neutralization, chemical reaction | neutralization",Wikidata Lexeme,L67135,CC0,safe_claims_min60,
וסתם,וסתמ,1,0,60,,,,,,unresolved,No lexical entry yet.
וע״א,וע״א,10,0,60,,,,,,unresolved,No lexical entry yet.
וע״ז,וע״ז,19,0,60,,,,,,unresolved,No lexical entry yet.
וע״כ,וע״כ,36,95,60,claim-e06657771edda018 | claim-772a894cabd8dc78,and therefore | and therefore so | and on account of this | therefore | therefore so | on account of this,Project-authored abbreviation table,project-abbreviation:ayin-kaf,project-authored / CC0,safe_claims_min60,
וע״מ,וע״מ,1,0,60,,,,,,unresolved,No lexical entry yet.
וע״פ,וע״פ,2,95,60,claim-d7a43188cc67da95 | claim-a50fb06a631300a8,and according to | and based on | and by | according to | based on | by,Project-authored abbreviation table,project-abbreviation:ayin-pe,project-authored / CC0,safe_claims_min60,
ועבדים,ועבדימ,2,0,60,,,,,,unresolved,No lexical entry yet.
ועד,ועד,4,65,60,,,,,,claims_below_safe_min60,No strict claim >=60%.
ועד״א,ועד״א,1,0,60,,,,,,unresolved,No lexical entry yet.
ועדיין,ועדיינ,2,0,60,,,,,,unresolved,No lexical entry yet.
ועדים,ועדימ,3,0,60,,,,,,unresolved,No lexical entry yet.
ועדיפא,ועדיפא,1,0,60,,,,,,unresolved,No lexical entry yet.
ועוד,ועוד,34,95,60,claim-4f5b73e7b9f0ddda,properly | iteration | continuance | used only adverbially (with | without preposition) | again | repeatedly | still,OpenScriptures morphHB,H5750,CC BY 4.0,safe_claims_min60,
ועוי״ל,ועוי״ל,1,0,60,,,,,,unresolved,No lexical entry yet.
ועומד,ועומד,1,65,60,,,,,,claims_below_safe_min60,No strict claim >=60%.
ועושין,ועושינ,1,0,60,,,,,,unresolved,No lexical entry yet.
ועי׳,ועי׳,1,0,60,,,,,,unresolved,No lexical entry yet.
ועי״ש,ועי״ש,1,0,60,,,,,,unresolved,No lexical entry yet.
ועיין,ועיינ,18,0,60,,,,,,unresolved,No lexical entry yet.
ועיינתי,ועיינתי,3,0,60,,,,,,unresolved,No lexical entry yet.
ועיקר,ועיקר,5,0,60,,,,,,unresolved,No lexical entry yet.
ועכ״פ,ועכ״פ,5,0,60,,,,,,unresolved,No lexical entry yet.
ועכצ״ל,ועכצ״ל,1,0,60,,,,,,unresolved,No lexical entry yet.
ועכשיו,ועכשיו,9,0,60,,,,,,unresolved,No lexical entry yet.
ועל,ועל,27,65,60,,,,,,claims_below_safe_min60,No strict claim >=60%.
ועלה,ועלה,1,65,60,,,,,,claims_below_safe_min60,No strict claim >=60%.
ועליו,ועליו,1,95,60,claim-3310b6e5f5e23240,above | over | upon | against (yet always in this last relation with a downward aspect) in a great variety of applications | according to(-ly) | after | (as) against | among,OpenScriptures morphHB,H5921,CC BY 4.0,safe_claims_min60,
ועמש״כ,ועמש״כ,4,0,60,,,,,,unresolved,No lexical entry yet.
וערער,וערער,2,0,60,,,,,,unresolved,No lexical entry yet.
ועשרה,ועשרה,1,95,60,claim-7ca1cc6fdb842477,ten (as an accumulation to the extent of the digits) | ten | (fif- | seven-) teen.,OpenScriptures morphHB,H6235,CC BY 4.0,safe_claims_min60,
ופגם,ופגמ,5,89,60,claim-cbb5b03cdf295d66 | claim-1007ef76020048e4,and flaw | flaw,Wikidata Lexeme,L216402,CC0,safe_claims_min60,
ופטור,ופטור,9,0,60,,,,,,unresolved,No lexical entry yet.
ופי׳,ופי׳,5,95,60,claim-0542dcdcfd922084 | claim-0a6fec01f87dcef3,and explanation | and commentary | and meaning | explanation | commentary | meaning,Project-authored abbreviation table,project-abbreviation:perush,project-authored / CC0,safe_claims_min60,
ופיהמ״ש,ופיהמ״ש,1,0,60,,,,,,unresolved,No lexical entry yet.
ופירוש,ופירוש,1,0,60,,,,,,unresolved,No lexical entry yet.
ופירושו,ופירושו,1,0,60,,,,,,unresolved,No lexical entry yet.
ופירנס,ופירנס,1,0,60,,,,,,unresolved,No lexical entry yet.
"ופירש""","ופירש""",1,0,60,,,,,,unresolved,No lexical entry yet.
ופירש״י,ופירש״י,3,0,60,,,,,,unresolved,No lexical entry yet.
ופסק,ופסק,2,0,60,,,,,,unresolved,No lexical entry yet.
ופקדון,ופקדונ,14,0,60,,,,,,unresolved,No lexical entry yet.
ופרט,ופרט,1,95,60,claim-41d187c61c26096a,a stray | single berry | grape.,OpenScriptures HebrewLexicon,H6528,CC BY 4.0,safe_claims_min60,
ופריך,ופריכ,6,0,60,,,,,,unresolved,No lexical entry yet.
ופרע,ופרע,2,0,60,,,,,,unresolved,No lexical entry yet.
ופרעו,ופרעו,1,0,60,,,,,,unresolved,No lexical entry yet.
ופרעתי,ופרעתי,2,0,60,,,,,,unresolved,No lexical entry yet.
ופרש,ופרש,1,0,60,,,,,,unresolved,No lexical entry yet.
ופשוט,ופשוט,1,0,60,,,,,,unresolved,No lexical entry yet.
ופשטות,ופשטות,1,0,60,,,,,,unresolved,No lexical entry yet.
ופתית,ופתית,1,0,60,,,,,,unresolved,No lexical entry yet.
וצ״ב,וצ״ב,1,0,60,,,,,,unresolved,No lexical entry yet.
וצ״ל,וצ״ל,12,0,60,,,,,,unresolved,No lexical entry yet.
וצ״ע,וצ״ע,1,0,60,,,,,,unresolved,No lexical entry yet.
וציין,וציינ,4,0,60,,,,,,unresolved,No lexical entry yet.
וצער,וצער,1,0,60,,,,,,unresolved,No lexical entry yet.
וצריך,וצריכ,25,65,60,,,,,,claims_below_safe_min60,No strict claim >=60%.
וצריכים,וצריכימ,1,0,60,,,,,,unresolved,No lexical entry yet.
וקבלת,וקבלת,1,0,60,,,,,,unresolved,No lexical entry yet.
וקושייתו,וקושייתו,1,0,60,,,,,,unresolved,No lexical entry yet.
וקטן,וקטנ,4,0,60,,,,,,unresolved,No lexical entry yet.
וקיי״ל,וקיי״ל,4,0,60,,,,,,unresolved,No lexical entry yet.
וקים,וקימ,1,65,60,,,,,,claims_below_safe_min60,No strict claim >=60%.
וקיצר,וקיצר,1,0,60,,,,,,unresolved,No lexical entry yet.
וקמ״ל,וקמ״ל,2,0,60,,,,,,unresolved,No lexical entry yet.
וקנו,וקנו,1,0,60,,,,,,unresolved,No lexical entry yet.
וקצבה,וקצבה,1,89,60,claim-bed813b790c2905d | claim-1884bcf1384249d5,and rhythm | rhythm,Wikidata Lexeme,L67938,CC0,safe_claims_min60,
וקצת,וקצת,2,0,60,,,,,,unresolved,No lexical entry yet.
וקרא,וקרא,1,0,60,,,,,,unresolved,No lexical entry yet.
וקרוב,וקרוב,1,95,60,claim-edc936df7c3f478f,near (in place | kindred | time) | allied | approach | at hand | any of kin | kinsfold(-sman),OpenScriptures morphHB,H7138,CC BY 4.0,safe_claims_min60,
וקרקעות,וקרקעות,2,0,60,,,,,,unresolved,No lexical entry yet.
וקשה,וקשה,16,95,60,claim-c9e6a2d913ee3232,severe (in various applications) | churlish | cruel | grievous | hard((-hearted) | thing) | heavy | impudent,OpenScriptures morphHB,H7186,CC BY 4.0,safe_claims_min60,
ור׳,ור׳,6,0,60,,,,,,unresolved,No lexical entry yet.
ור״מ,ור״מ,1,0,60,,,,,,unresolved,No lexical entry yet.
ור״ש,ור״ש,1,0,60,,,,,,unresolved,No lexical entry yet.
וראב״י,וראב״י,1,0,60,,,,,,unresolved,No lexical entry yet.
וראה,וראה,3,0,60,,,,,,unresolved,No lexical entry yet.
וראובן,וראובנ,1,0,60,,,,,,unresolved,No lexical entry yet.
וראי׳,וראי׳,1,0,60,,,,,,unresolved,No lexical entry yet.
וראיה,וראיה,3,0,60,,,,,,unresolved,No lexical entry yet.
וראייתו,וראייתו,2,0,60,,,,,,unresolved,No lexical entry yet.
וראיתי,וראיתי,14,0,60,,,,,,unresolved,No lexical entry yet.
ורבא,ורבא,6,0,60,,,,,,unresolved,No lexical entry yet.
ורבו,ורבו,2,90,60,claim-f003d3e41503bf13 | claim-474e6c3b84da56a9 | claim-de9152caba352313 | claim-52d40cd69e2b1f4f | claim-01bb4c049dc16ca1 | claim-d1729a04b15f2647 | claim-989b560412182806 | claim-4b7fe3ff7c4860ca | claim-54bc435802948241,and rabbi | rabbi,Wikidata Lexeme | OpenScriptures morphHB | OpenScriptures HebrewLexicon,L68030 | H7231 | H7232 | H7235 | H7238 | H7239 | H7240 | H7378,CC0 | CC BY 4.0,safe_claims_min60,
"ורבו""","ורבו""",1,0,60,,,,,,unresolved,No lexical entry yet.
ורבותינו,ורבותינו,2,0,60,,,,,,unresolved,No lexical entry yet.
ורבינו,ורבינו,1,91,60,claim-de8b6164d5cbe9b4 | claim-6d1a7b7873e193fc,our size | our age | our number | our rank | abundant (in quantity | size | age | number | rank | quality) | (in) abound(-undance | -ant,OpenScriptures morphHB,H7227,CC BY 4.0,safe_claims_min60,
ורבנן,ורבננ,8,0,60,,,,,,unresolved,No lexical entry yet.
ורואה,ורואה,3,65,60,,,,,,claims_below_safe_min60,No strict claim >=60%.
ורוב,ורוב,1,0,60,,,,,,unresolved,No lexical entry yet.
ורוצה,ורוצה,2,0,60,,,,,,unresolved,No lexical entry yet.
ורכב,ורכב,1,0,60,,,,,,unresolved,No lexical entry yet.
ורמו,ורמו,1,0,60,,,,,,unresolved,No lexical entry yet.
ורפוי,ורפוי,4,0,60,,,,,,unresolved,No lexical entry yet.
ורצה,ורצה,5,0,60,,,,,,unresolved,No lexical entry yet.
ורק,ורק,23,65,60,,,,,,claims_below_safe_min60,No strict claim >=60%.
ורש״י,ורש״י,2,0,60,,,,,,unresolved,No lexical entry yet.
ורשב״ג,ורשב״ג,2,0,60,,,,,,unresolved,No lexical entry yet.
ורשות,ורשות,1,0,60,,,,,,unresolved,No lexical entry yet.
וש״מ,וש״מ,1,0,60,,,,,,unresolved,No lexical entry yet.
ושאין,ושאינ,1,65,60,,,,,,claims_below_safe_min60,No strict claim >=60%.
ושבועה,ושבועה,2,0,60,,,,,,unresolved,No lexical entry yet.
ושבועת,ושבועת,2,0,60,,,,,,unresolved,No lexical entry yet.
ושבועתו,ושבועתו,1,0,60,,,,,,unresolved,No lexical entry yet.
ושהוכיח,ושהוכיח,1,0,60,,,,,,unresolved,No lexical entry yet.
ושהוסיף,ושהוסיפ,1,0,60,,,,,,unresolved,No lexical entry yet.
ושהחפץ,ושהחפצ,1,0,60,,,,,,unresolved,No lexical entry yet.
ושהכריע,ושהכריע,1,0,60,,,,,,unresolved,No lexical entry yet.
ושו״ע,ושו״ע,2,0,60,,,,,,unresolved,No lexical entry yet.
ושואלין,ושואלינ,1,0,60,,,,,,unresolved,No lexical entry yet.
ושוב,ושוב,2,95,60,claim-7cfd064cbe9ada23,to turn back (hence | away) transitively | intransitively | literally | figuratively (not necessarily with the idea of return to the starting point) | generally to retreat | often adverbial | again,OpenScriptures morphHB,H7725,CC BY 4.0,safe_claims_min60,
ושומרת,ושומרת,4,0,60,,,,,,unresolved,No lexical entry yet.
ושחטה,ושחטה,1,0,60,,,,,,unresolved,No lexical entry yet.
ושיהיו,ושיהיו,2,91,60,claim-f0ee6d6c58092926 | claim-0c2fb56957476647,and become | to exist | i.e. be | become | come to pass (always emphatic | and not a mere copula | auxiliary) | beacon | × altogether,OpenScriptures morphHB,H1961,CC BY 4.0,safe_claims_min60,
ושיטת,ושיטת,5,0,60,,,,,,unresolved,No lexical entry yet.
ושיטתו,ושיטתו,3,0,60,,,,,,unresolved,No lexical entry yet.
ושייך,ושייכ,7,0,60,,,,,,unresolved,No lexical entry yet.
ושילוה,ושילוה,1,0,60,,,,,,unresolved,No lexical entry yet.
ושינה,ושינה,1,0,60,,,,,,unresolved,No lexical entry yet.
ושיפסיד,ושיפסיד,1,0,60,,,,,,unresolved,No lexical entry yet.
ושכופר,ושכופר,1,0,60,,,,,,unresolved,No lexical entry yet.
ושכורה,ושכורה,2,0,60,,,,,,unresolved,No lexical entry yet.
ושכירות,ושכירות,1,0,60,,,,,,unresolved,No lexical entry yet.
ושכתב,ושכתב,1,0,60,,,,,,unresolved,No lexical entry yet.
ושל,ושל,2,95,60,claim-7d103021da1ad06b | claim-da8745b6f2ffc4cd,and of | and belonging to | of | belonging to,Workspace grammar rule,grammar-particle:של,N/A - project lexical rule,safe_claims_min60,
ושלא,ושלא,1,95,60,claim-66b1bdfa8656b749,not (the simple | abs. negation) | by implication | no | often used with other particles | × before | or else | ere,OpenScriptures morphHB,H3808,CC BY 4.0,safe_claims_min60,
ושלו,ושלו,1,0,60,,,,,,unresolved,No lexical entry yet.
ושלי,ושלי,2,0,60,,,,,,unresolved,No lexical entry yet.
ושלך,ושלכ,1,0,60,,,,,,unresolved,No lexical entry yet.
ושלש,ושלש,2,0,60,,,,,,unresolved,No lexical entry yet.
ושם,ושמ,10,65,60,,,,,,claims_below_safe_min60,No strict claim >=60%.
ושמא,ושמא,13,95,60,claim-41ef90b13b1b063a,Shamma | an Israelite | Shamma.,OpenScriptures morphHB,H8037,CC BY 4.0,safe_claims_min60,
ושמואל,ושמואל,28,0,60,,,,,,unresolved,No lexical entry yet.
ושמן,ושמנ,1,0,60,,,,,,unresolved,No lexical entry yet.
ושמעון,ושמעונ,1,0,60,,,,,,unresolved,No lexical entry yet.
ושמעת,ושמעת,1,0,60,,,,,,unresolved,No lexical entry yet.
ושמעתי,ושמעתי,1,0,60,,,,,,unresolved,No lexical entry yet.
ושנה,ושנה,1,0,60,,,,,,unresolved,No lexical entry yet.
ושני,ושני,2,65,60,,,,,,claims_below_safe_min60,No strict claim >=60%.
ושניהם,ושניהמ,1,65,60,,,,,,claims_below_safe_min60,No strict claim >=60%.
ושנים,ושנימ,2,0,60,,,,,,unresolved,No lexical entry yet.
ושעורים,ושעורימ,6,91,60,claim-4550898af2044fb3 | claim-4ea41c5e7fd06a27,and barley | barley (as villose) | barley.,OpenScriptures morphHB,H8184,CC BY 4.0,safe_claims_min60,
ושעל,ושעל,1,65,60,,,,,,claims_below_safe_min60,No strict claim >=60%.
ושפיר,ושפיר,5,0,60,,,,,,unresolved,No lexical entry yet.
ושקלי,ושקלי,1,0,60,,,,,,unresolved,No lexical entry yet.
ושתים,ושתימ,2,0,60,,,,,,unresolved,No lexical entry yet.
ושתק,ושתק,1,0,60,,,,,,unresolved,No lexical entry yet.
ות״ק,ות״ק,1,0,60,,,,,,unresolved,No lexical entry yet.
ותבואה,ותבואה,1,0,60,,,,,,unresolved,No lexical entry yet.
ותביעה,ותביעה,1,0,60,,,,,,unresolved,No lexical entry yet.
ותבע,ותבע,5,0,60,,,,,,unresolved,No lexical entry yet.
ותוביליא,ותוביליא,1,0,60,,,,,,unresolved,No lexical entry yet.
ותובליא,ותובליא,1,0,60,,,,,,unresolved,No lexical entry yet.
ותובע,ותובע,3,0,60,,,,,,unresolved,No lexical entry yet.
ותודיענו,ותודיענו,2,0,60,,,,,,unresolved,No lexical entry yet.
ותוכן,ותוכנ,2,0,60,,,,,,unresolved,No lexical entry yet.
ותוס׳,ותוס׳,3,0,60,,,,,,unresolved,No lexical entry yet.
ותופס,ותופס,1,0,60,,,,,,unresolved,No lexical entry yet.
ותוקף,ותוקפ,5,0,60,,,,,,unresolved,No lexical entry yet.
ותחזור,ותחזור,5,0,60,,,,,,unresolved,No lexical entry yet.
ותטול,ותטול,1,0,60,,,,,,unresolved,No lexical entry yet.
ותי׳,ותי׳,7,0,60,,,,,,unresolved,No lexical entry yet.
ותימה,ותימה,1,0,60,,,,,,unresolved,No lexical entry yet.
ותירוץ,ותירוצ,2,0,60,,,,,,unresolved,No lexical entry yet.
ותירוצו,ותירוצו,1,0,60,,,,,,unresolved,No lexical entry yet.
ותירץ,ותירצ,1,0,60,,,,,,unresolved,No lexical entry yet.
ותירצו,ותירצו,4,0,60,,,,,,unresolved,No lexical entry yet.
ותליא,ותליא,1,0,60,,,,,,unresolved,No lexical entry yet.
ותלש,ותלש,4,0,60,,,,,,unresolved,No lexical entry yet.
ותמה,ותמה,7,0,60,,,,,,unresolved,No lexical entry yet.
ותמוה,ותמוה,1,0,60,,,,,,unresolved,No lexical entry yet.
ותמיה,ותמיה,1,0,60,,,,,,unresolved,No lexical entry yet.
ותנו,ותנו,1,95,60,claim-6726506cb6a027e6,to give | used with greatest latitude of application ( put | make | etc.) | add | apply | appoint | ascribe,OpenScriptures morphHB,H5414,CC BY 4.0,safe_claims_min60,
ותניא,ותניא,1,0,60,,,,,,unresolved,No lexical entry yet.
ותפיסתו,ותפיסתו,1,0,60,,,,,,unresolved,No lexical entry yet.
ותפס,ותפס,1,0,60,,,,,,unresolved,No lexical entry yet.
ותקון,ותקונ,1,0,60,,,,,,unresolved,No lexical entry yet.
ותרי,ותרי,1,0,60,,,,,,unresolved,No lexical entry yet.
ותשבע,ותשבע,2,0,60,,,,,,unresolved,No lexical entry yet.
ז׳,ז׳,20,0,60,,,,,,unresolved,No lexical entry yet.
ז״א,ז״א,3,0,60,,,,,,unresolved,No lexical entry yet.
ז״ל,ז״ל,20,99,60,claim-a15ec656eb605fed,of blessed memory,Project-authored abbreviation table,project-abbreviation:zichrono-livracha,project-authored / CC0,safe_claims_min60,
זא״ז,זא״ז,1,0,60,,,,,,unresolved,No lexical entry yet.
זאת,זאת,2,65,60,,,,,,claims_below_safe_min60,No strict claim >=60%.
זבדא,זבדא,2,0,60,,,,,,unresolved,No lexical entry yet.
זביד,זביד,2,0,60,,,,,,unresolved,No lexical entry yet.
זבידא,זבידא,1,0,60,,,,,,unresolved,No lexical entry yet.
זבינתה,זבינתה,9,0,60,,,,,,unresolved,No lexical entry yet.
זבינתיהו,זבינתיהו,1,0,60,,,,,,unresolved,No lexical entry yet.
זבנה,זבנה,1,0,60,,,,,,unresolved,No lexical entry yet.
זבניה,זבניה,2,0,60,,,,,,unresolved,No lexical entry yet.
זבנינהו,זבנינהו,1,0,60,,,,,,unresolved,No lexical entry yet.
זבנתה,זבנתה,3,0,60,,,,,,unresolved,No lexical entry yet.
זה,זה,541,99,60,claim-1a71b35e57d430be,this | this one,Project-authored function word table,project-function-word:zeh,project-authored / CC0,safe_claims_min60,
זהו,זהו,67,52,60,,,,,,claims_below_safe_min60,No strict claim >=60%.
זו,זו,86,99,60,claim-66e70c1f43d1f13a,this | this one,Project-authored function word table,project-function-word:zu,project-authored / CC0,safe_claims_min60,
זוהי,זוהי,1,0,60,,,,,,unresolved,No lexical entry yet.
זוזי,זוזי,2,0,60,,,,,,unresolved,No lexical entry yet.
זוטרא,זוטרא,1,0,60,,,,,,unresolved,No lexical entry yet.
זוכה,זוכה,1,0,60,,,,,,unresolved,No lexical entry yet.
זוכר,זוכר,9,0,60,,,,,,unresolved,No lexical entry yet.
זוכרים,זוכרימ,2,0,60,,,,,,unresolved,No lexical entry yet.
זוכרין,זוכרינ,1,0,60,,,,,,unresolved,No lexical entry yet.
זוקק,זוקק,1,0,60,,,,,,unresolved,No lexical entry yet.
זוקקין,זוקקינ,2,0,60,,,,,,unresolved,No lexical entry yet.
זיל,זיל,3,0,60,,,,,,unresolved,No lexical entry yet.
זילי,זילי,1,0,60,,,,,,unresolved,No lexical entry yet.
זימנה,זימנה,1,0,60,,,,,,unresolved,No lexical entry yet.
זימניה,זימניה,1,0,60,,,,,,unresolved,No lexical entry yet.
זינתה,זינתה,4,0,60,,,,,,unresolved,No lexical entry yet.
זכאי,זכאי,2,0,60,,,,,,unresolved,No lexical entry yet.
זכה,זכה,6,0,60,,,,,,unresolved,No lexical entry yet.
זכור,זכור,1,0,60,,,,,,unresolved,No lexical entry yet.
זכורים,זכורימ,1,0,60,,,,,,unresolved,No lexical entry yet.
זכות,זכות,6,63,60,,,,,,claims_below_safe_min60,No strict claim >=60%.
זכותה,זכותה,2,0,60,,,,,,unresolved,No lexical entry yet.
זכותו,זכותו,3,93,60,claim-c31fc454bab21c50,"rights, fundamental legal, social, or ethical principles of freedom or entitlement according to some legal system, social convention, or ethical theory | rights",Wikidata Lexeme,L65072,CC0,safe_claims_min60,
זכותם,זכותמ,1,0,60,,,,,,unresolved,No lexical entry yet.
זכי,זכי,1,0,60,,,,,,unresolved,No lexical entry yet.
זכי׳,זכי׳,1,0,60,,,,,,unresolved,No lexical entry yet.
זכיא,זכיא,1,0,60,,,,,,unresolved,No lexical entry yet.
זכר,זכר,1,65,60,,,,,,claims_below_safe_min60,No strict claim >=60%.
זל״ז,זל״ז,1,0,60,,,,,,unresolved,No lexical entry yet.
זמן,זמנ,40,65,60,,,,,,claims_below_safe_min60,No strict claim >=60%.
זמנו,זמנו,21,0,60,,,,,,unresolved,No lexical entry yet.
זעירא,זעירא,2,0,60,,,,,,unresolved,No lexical entry yet.
ח׳,ח׳,10,0,60,,,,,,unresolved,No lexical entry yet.
ח״ב,ח״ב,1,0,60,,,,,,unresolved,No lexical entry yet.
ח״י,ח״י,1,0,60,,,,,,unresolved,No lexical entry yet.
חבול,חבול,2,0,60,,,,,,unresolved,No lexical entry yet.
חבורה,חבורה,1,65,60,,,,,,claims_below_safe_min60,No strict claim >=60%.
חביבי,חביבי,2,0,60,,,,,,unresolved,No lexical entry yet.
חבירו,חבירו,84,0,60,,,,,,unresolved,No lexical entry yet.
חבית,חבית,11,0,60,,,,,,unresolved,No lexical entry yet.
חבלה,חבלה,1,0,60,,,,,,unresolved,No lexical entry yet.
חבלות,חבלות,1,0,60,,,,,,unresolved,No lexical entry yet.
חבלת,חבלת,4,0,60,,,,,,unresolved,No lexical entry yet.
חבלתי,חבלתי,3,0,60,,,,,,unresolved,No lexical entry yet.
חברא,חברא,1,0,60,,,,,,unresolved,No lexical entry yet.
חברו,חברו,3,65,60,,,,,,claims_below_safe_min60,No strict claim >=60%.
חברך,חברכ,1,0,60,,,,,,unresolved,No lexical entry yet.
חד,חד,5,65,60,,,,,,claims_below_safe_min60,No strict claim >=60%.
חדא,חדא,6,0,60,,,,,,unresolved,No lexical entry yet.
חדוש,חדוש,2,52,60,,,,,,claims_below_safe_min60,No strict claim >=60%.
חדושו,חדושו,1,0,60,,,,,,unresolved,No lexical entry yet.
חדושי,חדושי,2,52,60,,,,,,claims_below_safe_min60,No strict claim >=60%.
חדש,חדש,3,65,60,,,,,,claims_below_safe_min60,No strict claim >=60%.
חו״מ,חו״מ,1,0,60,,,,,,unresolved,No lexical entry yet.
חוב,חוב,36,0,60,,,,,,unresolved,No lexical entry yet.
חובה,חובה,3,65,60,,,,,,claims_below_safe_min60,No strict claim >=60%.
חובו,חובו,9,0,60,,,,,,unresolved,No lexical entry yet.
חובות,חובות,2,63,60,,,,,,claims_below_safe_min60,No strict claim >=60%.
חובל,חובל,10,63,60,,,,,,claims_below_safe_min60,No strict claim >=60%.
חובלו,חובלו,1,0,60,,,,,,unresolved,No lexical entry yet.
חובתו,חובתו,1,0,60,,,,,,unresolved,No lexical entry yet.
חוזר,חוזר,4,0,60,,,,,,unresolved,No lexical entry yet.
חוזרת,חוזרת,1,0,60,,,,,,unresolved,No lexical entry yet.
חוטא,חוטא,1,0,60,,,,,,unresolved,No lexical entry yet.
חולק,חולק,17,0,60,,,,,,unresolved,No lexical entry yet.
חולקים,חולקימ,3,0,60,,,,,,unresolved,No lexical entry yet.
חולקין,חולקינ,6,0,60,,,,,,unresolved,No lexical entry yet.
חולקת,חולקת,1,0,60,,,,,,unresolved,No lexical entry yet.
חומר,חומר,1,93,60,claim-72f698d0d9ef0f79,"matter, substance that has rest mass and volume, or several other definitions | matter",Wikidata Lexeme,L65183,CC0,safe_claims_min60,
חומרה,חומרה,1,0,60,,,,,,unresolved,No lexical entry yet.
חוץ,חוצ,6,93,60,claim-d517da73c6d0e86a,exterior,Wikidata Lexeme,L65195,CC0,safe_claims_min60,
חוקרין,חוקרינ,1,0,60,,,,,,unresolved,No lexical entry yet.
חורין,חורינ,12,0,60,,,,,,unresolved,No lexical entry yet.
חושבים,חושבימ,2,52,60,,,,,,claims_below_safe_min60,No strict claim >=60%.
חושבין,חושבינ,2,0,60,,,,,,unresolved,No lexical entry yet.
חושדים,חושדימ,2,0,60,,,,,,unresolved,No lexical entry yet.
חושדין,חושדינ,1,0,60,,,,,,unresolved,No lexical entry yet.
חושלא,חושלא,3,0,60,,,,,,unresolved,No lexical entry yet.
חוששין,חוששינ,10,0,60,,,,,,unresolved,No lexical entry yet.
חז״ל,חז״ל,2,0,60,,,,,,unresolved,No lexical entry yet.
חזא,חזא,1,0,60,,,,,,unresolved,No lexical entry yet.
חזי,חזי,1,93,60,claim-b741a618d884ca5c,to see/look,Wikidata Lexeme,L210728,CC0,safe_claims_min60,
חזינן,חזיננ,1,0,60,,,,,,unresolved,No lexical entry yet.
חזמ״ק,חזמ״ק,1,0,60,,,,,,unresolved,No lexical entry yet.
חזקה,חזקה,80,65,60,,,,,,claims_below_safe_min60,No strict claim >=60%.
חזקת,חזקת,21,0,60,,,,,,unresolved,No lexical entry yet.
חזקתו,חזקתו,19,0,60,,,,,,unresolved,No lexical entry yet.
חזר,חזר,6,0,60,,,,,,unresolved,No lexical entry yet.
חזרה,חזרה,10,0,60,,,,,,unresolved,No lexical entry yet.
חזרתו,חזרתו,1,0,60,,,,,,unresolved,No lexical entry yet.
חזרתי,חזרתי,10,0,60,,,,,,unresolved,No lexical entry yet.
חטאת,חטאת,6,65,60,,,,,,claims_below_safe_min60,No strict claim >=60%.
חטים,חטימ,26,0,60,,,,,,unresolved,No lexical entry yet.
חטין,חטינ,1,0,60,,,,,,unresolved,No lexical entry yet.
חטף,חטפ,2,0,60,,,,,,unresolved,No lexical entry yet.
חטפי,חטפי,20,0,60,,,,,,unresolved,No lexical entry yet.
חטפתי,חטפתי,2,0,60,,,,,,unresolved,No lexical entry yet.
חידוש,חידוש,6,0,60,,,,,,unresolved,No lexical entry yet.
חידושו,חידושו,2,0,60,,,,,,unresolved,No lexical entry yet.
חידש,חידש,12,0,60,,,,,,unresolved,No lexical entry yet.
חיוב,חיוב,71,0,60,,,,,,unresolved,No lexical entry yet.
חיובא,חיובא,1,0,60,,,,,,unresolved,No lexical entry yet.
חיובו,חיובו,8,0,60,,,,,,unresolved,No lexical entry yet.
חיובי,חיובי,1,0,60,,,,,,unresolved,No lexical entry yet.
חיובים,חיובימ,1,0,60,,,,,,unresolved,No lexical entry yet.
חיי,חיי,4,65,60,,,,,,claims_below_safe_min60,No strict claim >=60%.
חייא,חייא,1,0,60,,,,,,unresolved,No lexical entry yet.
חייב,חייב,215,0,60,,,,,,unresolved,No lexical entry yet.
חייבה,חייבה,5,0,60,,,,,,unresolved,No lexical entry yet.
חייבו,חייבו,2,0,60,,,,,,unresolved,No lexical entry yet.
חייבוהו,חייבוהו,2,0,60,,,,,,unresolved,No lexical entry yet.
חייבים,חייבימ,6,0,60,,,,,,unresolved,No lexical entry yet.
חייבין,חייבינ,4,0,60,,,,,,unresolved,No lexical entry yet.
חייבת,חייבת,1,0,60,,,,,,unresolved,No lexical entry yet.
חייבתו,חייבתו,3,0,60,,,,,,unresolved,No lexical entry yet.
חיים,חיימ,2,65,60,,,,,,claims_below_safe_min60,No strict claim >=60%.
חייש,חייש,6,0,60,,,,,,unresolved,No lexical entry yet.
חיישינן,חיישיננ,1,0,60,,,,,,unresolved,No lexical entry yet.
חילול,חילול,1,0,60,,,,,,unresolved,No lexical entry yet.
חילוק,חילוק,15,93,60,claim-1dec8411902f62b6,division,Wikidata Lexeme,L210841,CC0,safe_claims_min60,
חילק,חילק,6,0,60,,,,,,unresolved,No lexical entry yet.
חילקה,חילקה,1,0,60,,,,,,unresolved,No lexical entry yet.
חילקו,חילקו,2,0,60,,,,,,unresolved,No lexical entry yet.
חכם,חכמ,5,65,60,,,,,,claims_below_safe_min60,No strict claim >=60%.
חכמי,חכמי,1,93,60,claim-22409976b4b41e0c,hakham | wise man | wise (adj.),Wikidata Lexeme,L65269,CC0,safe_claims_min60,
חכמים,חכמימ,36,93,60,claim-22409976b4b41e0c,hakham | wise man | wise (adj.),Wikidata Lexeme,L65269,CC0,safe_claims_min60,
חל,חל,15,65,60,,,,,,claims_below_safe_min60,No strict claim >=60%.
חלה,חלה,4,0,60,,,,,,unresolved,No lexical entry yet.
חלול,חלול,2,0,60,,,,,,unresolved,No lexical entry yet.
חלוק,חלוק,2,0,60,,,,,,unresolved,No lexical entry yet.
חלוקה,חלוקה,38,0,60,,,,,,unresolved,No lexical entry yet.
חלוקים,חלוקימ,1,0,60,,,,,,unresolved,No lexical entry yet.
חלושין,חלושינ,2,0,60,,,,,,unresolved,No lexical entry yet.
חלות,חלות,1,0,60,,,,,,unresolved,No lexical entry yet.
חלל,חלל,4,65,60,,,,,,claims_below_safe_min60,No strict claim >=60%.
חלק,חלק,10,65,60,,,,,,claims_below_safe_min60,No strict claim >=60%.
חלקה,חלקה,4,0,60,,,,,,unresolved,No lexical entry yet.
חלקו,חלקו,5,65,60,,,,,,claims_below_safe_min60,No strict claim >=60%.
חלקים,חלקימ,1,65,60,,,,,,claims_below_safe_min60,No strict claim >=60%.
חמד,חמד,1,0,60,,,,,,unresolved,No lexical entry yet.
חמי,חמי,1,0,60,,,,,,unresolved,No lexical entry yet.
חמץ,חמצ,5,0,60,,,,,,unresolved,No lexical entry yet.
חמשים,חמשימ,17,0,60,,,,,,unresolved,No lexical entry yet.
חמשין,חמשינ,14,0,60,,,,,,unresolved,No lexical entry yet.
חנוני,חנוני,1,0,60,,,,,,unresolved,No lexical entry yet.
חנם,חנמ,3,95,60,claim-165cc3655994f45f,gratis | i.e. devoid of cost | reason | advantage | without a cause (cost | wages) | causeless | to cost nothing,OpenScriptures HebrewLexicon,H2600,CC BY 4.0,safe_claims_min60,
חסדא,חסדא,1,0,60,,,,,,unresolved,No lexical entry yet.
חספא,חספא,5,0,60,,,,,,unresolved,No lexical entry yet.
חסר,חסר,2,65,60,,,,,,claims_below_safe_min60,No strict claim >=60%.
חסרו,חסרו,1,0,60,,,,,,unresolved,No lexical entry yet.
חסרון,חסרונ,5,93,60,claim-8bc6113984811272,disadvantage,Wikidata Lexeme,L65256,CC0,safe_claims_min60,
חפורה,חפורה,1,0,60,,,,,,unresolved,No lexical entry yet.
חפירת,חפירת,1,0,60,,,,,,unresolved,No lexical entry yet.
חפץ,חפצ,26,65,60,,,,,,claims_below_safe_min60,No strict claim >=60%.
חפצים,חפצימ,5,65,60,,,,,,claims_below_safe_min60,No strict claim >=60%.
חפר,חפר,1,0,60,,,,,,unresolved,No lexical entry yet.
חפרתי,חפרתי,3,0,60,,,,,,unresolved,No lexical entry yet.
חצי,חצי,3,0,60,,,,,,unresolved,No lexical entry yet.
חצי׳,חצי׳,2,0,60,,,,,,unresolved,No lexical entry yet.
חציף,חציפ,25,0,60,,,,,,unresolved,No lexical entry yet.
חצר,חצר,6,0,60,,,,,,unresolved,No lexical entry yet.
חצרו,חצרו,1,0,60,,,,,,unresolved,No lexical entry yet.
חקירה,חקירה,1,0,60,,,,,,unresolved,No lexical entry yet.
חקירות,חקירות,4,0,60,,,,,,unresolved,No lexical entry yet.
חקירת,חקירת,1,0,60,,,,,,unresolved,No lexical entry yet.
חריף,חריפ,2,0,60,,,,,,unresolved,No lexical entry yet.
חריפתא,חריפתא,1,0,60,,,,,,unresolved,No lexical entry yet.
חרש,חרש,4,65,60,,,,,,claims_below_safe_min60,No strict claim >=60%.
חש״ו,חש״ו,6,0,60,,,,,,unresolved,No lexical entry yet.
חשב,חשב,1,0,60,,,,,,unresolved,No lexical entry yet.
חשבו,חשבו,1,65,60,,,,,,claims_below_safe_min60,No strict claim >=60%.
חשבינן,חשביננ,2,0,60,,,,,,unresolved,No lexical entry yet.
חשבתי,חשבתי,2,0,60,,,,,,unresolved,No lexical entry yet.
חשד,חשד,1,0,60,,,,,,unresolved,No lexical entry yet.
חשדו,חשדו,1,0,60,,,,,,unresolved,No lexical entry yet.
חשוב,חשוב,4,95,60,claim-d72b9447a8dda95a,Chashshub | the name of two | three Israelites | Hashub | Hasshub.,OpenScriptures HebrewLexicon,H2815,CC BY 4.0,safe_claims_min60,
חשובה,חשובה,2,52,60,,,,,,claims_below_safe_min60,No strict claim >=60%.
חשוד,חשוד,21,0,60,,,,,,unresolved,No lexical entry yet.
חשודים,חשודימ,20,0,60,,,,,,unresolved,No lexical entry yet.
חשודין,חשודינ,1,0,60,,,,,,unresolved,No lexical entry yet.
חשיב,חשיב,14,0,60,,,,,,unresolved,No lexical entry yet.
חשיבא,חשיבא,2,0,60,,,,,,unresolved,No lexical entry yet.
חשיבותה,חשיבותה,1,0,60,,,,,,unresolved,No lexical entry yet.
חשיבי,חשיבי,1,0,60,,,,,,unresolved,No lexical entry yet.
חשיד,חשיד,1,0,60,,,,,,unresolved,No lexical entry yet.
חשש,חשש,2,0,60,,,,,,unresolved,No lexical entry yet.
חתום,חתומ,3,65,60,,,,,,claims_below_safe_min60,No strict claim >=60%.
חתימה,חתימה,5,0,60,,,,,,unresolved,No lexical entry yet.
חתימת,חתימת,1,0,60,,,,,,unresolved,No lexical entry yet.
חתימתו,חתימתו,2,0,60,,,,,,unresolved,No lexical entry yet.
חתם,חתמ,1,0,60,,,,,,unresolved,No lexical entry yet.
חתמתי,חתמתי,2,0,60,,,,,,unresolved,No lexical entry yet.
ט׳,ט׳,7,0,60,,,,,,unresolved,No lexical entry yet.
ט״ג,ט״ג,1,0,60,,,,,,unresolved,No lexical entry yet.
ט״ו,ט״ו,8,0,60,,,,,,unresolved,No lexical entry yet.
ט״ז,ט״ז,3,0,60,,,,,,unresolved,No lexical entry yet.
ט״ס,ט״ס,1,0,60,,,,,,unresolved,No lexical entry yet.
טב״ע,טב״ע,1,0,60,,,,,,unresolved,No lexical entry yet.
טוב,טוב,6,65,60,,,,,,claims_below_safe_min60,No strict claim >=60%.
טובה,טובה,1,65,60,,,,,,claims_below_safe_min60,No strict claim >=60%.
טובת,טובת,1,0,60,,,,,,unresolved,No lexical entry yet.
טועה,טועה,4,52,60,,,,,,claims_below_safe_min60,No strict claim >=60%.
טועים,טועימ,1,52,60,,,,,,claims_below_safe_min60,No strict claim >=60%.
טועין,טועינ,1,0,60,,,,,,unresolved,No lexical entry yet.
טוען,טוענ,150,0,60,,,,,,unresolved,No lexical entry yet.
טוענו,טוענו,2,0,60,,,,,,unresolved,No lexical entry yet.
טוענים,טוענימ,5,0,60,,,,,,unresolved,No lexical entry yet.
טוענין,טוענינ,12,0,60,,,,,,unresolved,No lexical entry yet.
טוענת,טוענת,1,52,60,,,,,,claims_below_safe_min60,No strict claim >=60%.
טור,טור,1,0,60,,,,,,unresolved,No lexical entry yet.
טלית,טלית,3,0,60,,,,,,unresolved,No lexical entry yet.
טליתו,טליתו,1,0,60,,,,,,unresolved,No lexical entry yet.
טמונים,טמונימ,2,0,60,,,,,,unresolved,No lexical entry yet.
טעה,טעה,1,0,60,,,,,,unresolved,No lexical entry yet.
טעונה,טעונה,1,0,60,,,,,,unresolved,No lexical entry yet.
טעונות,טעונות,1,0,60,,,,,,unresolved,No lexical entry yet.
טעות,טעות,2,52,60,,,,,,claims_below_safe_min60,No strict claim >=60%.
טעין,טעינ,6,0,60,,,,,,unresolved,No lexical entry yet.
טעם,טעמ,23,65,60,,,,,,claims_below_safe_min60,No strict claim >=60%.
טעמא,טעמא,32,0,60,,,,,,unresolved,No lexical entry yet.
טעמו,טעמו,4,0,60,,,,,,unresolved,No lexical entry yet.
טעמי,טעמי,1,0,60,,,,,,unresolved,No lexical entry yet.
טעמים,טעמימ,2,0,60,,,,,,unresolved,No lexical entry yet.
טען,טענ,46,0,60,,,,,,unresolved,No lexical entry yet.
טענה,טענה,94,0,60,,,,,,unresolved,No lexical entry yet.
טענו,טענו,14,0,60,,,,,,unresolved,No lexical entry yet.
טענות,טענות,4,0,60,,,,,,unresolved,No lexical entry yet.
טענותיהם,טענותיהמ,7,0,60,,,,,,unresolved,No lexical entry yet.
טענותיו,טענותיו,2,0,60,,,,,,unresolved,No lexical entry yet.
טענינן,טעניננ,12,0,60,,,,,,unresolved,No lexical entry yet.
טענת,טענת,216,0,60,,,,,,unresolved,No lexical entry yet.
טענתו,טענתו,33,0,60,,,,,,unresolved,No lexical entry yet.
טפי,טפי,1,0,60,,,,,,unresolved,No lexical entry yet.
טרוד,טרוד,3,0,60,,,,,,unresolved,No lexical entry yet.
טריפה,טריפה,1,0,60,,,,,,unresolved,No lexical entry yet.
טרפה,טרפה,2,0,60,,,,,,unresolved,No lexical entry yet.
י׳,י׳,13,0,60,,,,,,unresolved,No lexical entry yet.
י״א,י״א,5,0,60,,,,,,unresolved,No lexical entry yet.
י״ב,י״ב,9,0,60,,,,,,unresolved,No lexical entry yet.
י״ג,י״ג,6,0,60,,,,,,unresolved,No lexical entry yet.
י״ד,י״ד,11,0,60,,,,,,unresolved,No lexical entry yet.
י״ז,י״ז,7,0,60,,,,,,unresolved,No lexical entry yet.
י״ח,י״ח,2,0,60,,,,,,unresolved,No lexical entry yet.
י״ט,י״ט,2,0,60,,,,,,unresolved,No lexical entry yet.
י״ל,י״ל,5,0,60,,,,,,unresolved,No lexical entry yet.
יאבד,יאבד,1,65,60,,,,,,claims_below_safe_min60,No strict claim >=60%.
יאבדו,יאבדו,2,65,60,,,,,,claims_below_safe_min60,No strict claim >=60%.
יאכל,יאכל,1,0,60,,,,,,unresolved,No lexical entry yet.
יאלים,יאלימ,1,0,60,,,,,,unresolved,No lexical entry yet.
יאמינו,יאמינו,1,0,60,,,,,,unresolved,No lexical entry yet.
יאמר,יאמר,2,93,60,claim-b466e54df6a2e08f,to communicate something by speech; to say,Wikidata Lexeme,L205030,CC0,safe_claims_min60,
יאמרו,יאמרו,7,93,60,claim-b466e54df6a2e08f,to communicate something by speech; to say,Wikidata Lexeme,L205030,CC0,safe_claims_min60,
יאנס,יאנס,1,0,60,,,,,,unresolved,No lexical entry yet.
יבא,יבא,1,65,60,,,,,,claims_below_safe_min60,No strict claim >=60%.
יבוא,יבוא,6,65,60,,,,,,claims_below_safe_min60,No strict claim >=60%.
יבואו,יבואו,1,65,60,,,,,,claims_below_safe_min60,No strict claim >=60%.
יבואר,יבואר,3,0,60,,,,,,unresolved,No lexical entry yet.
יביא,יביא,3,65,60,,,,,,claims_below_safe_min60,No strict claim >=60%.
יביאו,יביאו,2,65,60,,,,,,claims_below_safe_min60,No strict claim >=60%.
יביט,יביט,1,93,60,claim-d421e52e412d913d,looked,Wikidata Lexeme,L206858,CC0,safe_claims_min60,
יבם,יבמ,6,0,60,,,,,,unresolved,No lexical entry yet.
יבשה,יבשה,1,65,60,,,,,,claims_below_safe_min60,No strict claim >=60%.
יגבה,יגבה,7,0,60,,,,,,unresolved,No lexical entry yet.
יגזול,יגזול,1,0,60,,,,,,unresolved,No lexical entry yet.
יגח,יגח,1,0,60,,,,,,unresolved,No lexical entry yet.
יגיד,יגיד,2,0,60,,,,,,unresolved,No lexical entry yet.
יגלגל,יגלגל,2,0,60,,,,,,unresolved,No lexical entry yet.
יגנוב,יגנוב,2,0,60,,,,,,unresolved,No lexical entry yet.
יד,יד,12,65,60,,,,,,claims_below_safe_min60,No strict claim >=60%.
ידה,ידה,3,65,60,,,,,,claims_below_safe_min60,No strict claim >=60%.
ידו,ידו,29,65,60,,,,,,claims_below_safe_min60,No strict claim >=60%.
ידוע,ידוע,5,65,60,,,,,,claims_below_safe_min60,No strict claim >=60%.
ידועה,ידועה,4,0,60,,,,,,unresolved,No lexical entry yet.
ידועין,ידועינ,1,0,60,,,,,,unresolved,No lexical entry yet.
ידור,ידור,2,0,60,,,,,,unresolved,No lexical entry yet.
ידי,ידי,6,65,60,,,,,,claims_below_safe_min60,No strict claim >=60%.
ידיך,ידיכ,1,0,60,,,,,,unresolved,No lexical entry yet.
ידיעה,ידיעה,2,52,60,,,,,,claims_below_safe_min60,No strict claim >=60%.
ידך,ידכ,1,0,60,,,,,,unresolved,No lexical entry yet.
ידע,ידע,13,65,60,,,,,,claims_below_safe_min60,No strict claim >=60%.
ידעו,ידעו,1,65,60,,,,,,claims_below_safe_min60,No strict claim >=60%.
ידעינן,ידעיננ,4,0,60,,,,,,unresolved,No lexical entry yet.
ידענא,ידענא,20,0,60,,,,,,unresolved,No lexical entry yet.
ידענו,ידענו,4,65,60,,,,,,claims_below_safe_min60,No strict claim >=60%.
ידעתי,ידעתי,12,0,60,,,,,,unresolved,No lexical entry yet.
יהא,יהא,25,0,60,,,,,,unresolved,No lexical entry yet.
יהודה,יהודה,4,65,60,,,,,,claims_below_safe_min60,No strict claim >=60%.
יהוסף,יהוספ,1,0,60,,,,,,unresolved,No lexical entry yet.
יהי׳,יהי׳,32,0,60,,,,,,unresolved,No lexical entry yet.
יהיה,יהיה,5,95,60,claim-0c2fb56957476647,to exist | i.e. be | become | come to pass (always emphatic | and not a mere copula | auxiliary) | beacon | × altogether,OpenScriptures morphHB,H1961,CC BY 4.0,safe_claims_min60,
יהיו,יהיו,6,95,60,claim-0c2fb56957476647,to exist | i.e. be | become | come to pass (always emphatic | and not a mere copula | auxiliary) | beacon | × altogether,OpenScriptures morphHB,H1961,CC BY 4.0,safe_claims_min60,
יהפוך,יהפוכ,2,0,60,,,,,,unresolved,No lexical entry yet.
יהפכנה,יהפכנה,1,0,60,,,,,,unresolved,No lexical entry yet.
יודה,יודה,9,0,60,,,,,,unresolved,No lexical entry yet.
יודו,יודו,1,0,60,,,,,,unresolved,No lexical entry yet.
יודיעוך,יודיעוכ,1,0,60,,,,,,unresolved,No lexical entry yet.
יודע,יודע,182,65,60,,,,,,claims_below_safe_min60,No strict claim >=60%.
יודעים,יודעימ,17,65,60,,,,,,claims_below_safe_min60,No strict claim >=60%.
יודעין,יודעינ,13,0,60,,,,,,unresolved,No lexical entry yet.
יוחנן,יוחננ,4,0,60,,,,,,unresolved,No lexical entry yet.
יוכל,יוכל,39,65,60,,,,,,claims_below_safe_min60,No strict claim >=60%.
יוכלו,יוכלו,1,65,60,,,,,,claims_below_safe_min60,No strict claim >=60%.
יום,יומ,9,93,60,claim-b35bd5308d6dd3d0,daylight,Wikidata Lexeme,L65548,CC0,safe_claims_min60,
יומא,יומא,1,0,60,,,,,,unresolved,No lexical entry yet.
יונה,יונה,16,0,60,,,,,,unresolved,No lexical entry yet.
יוסי,יוסי,13,0,60,,,,,,unresolved,No lexical entry yet.
יוסיף,יוסיפ,1,65,60,,,,,,claims_below_safe_min60,No strict claim >=60%.
יוסף,יוספ,1,65,60,,,,,,claims_below_safe_min60,No strict claim >=60%.
יועיל,יועיל,4,0,60,,,,,,unresolved,No lexical entry yet.
יוצא,יוצא,4,65,60,,,,,,claims_below_safe_min60,No strict claim >=60%.
יוצאה,יוצאה,1,0,60,,,,,,unresolved,No lexical entry yet.
יוצאת,יוצאת,1,65,60,,,,,,claims_below_safe_min60,No strict claim >=60%.
יוציא,יוציא,3,65,60,,,,,,claims_below_safe_min60,No strict claim >=60%.
יוציאו,יוציאו,3,0,60,,,,,,unresolved,No lexical entry yet.
יורדין,יורדינ,7,0,60,,,,,,unresolved,No lexical entry yet.
יורה,יורה,3,93,60,claim-946500a946ba5c2c,Jurassic,Wikidata Lexeme,L65571,CC0,safe_claims_min60,
יורש,יורש,2,0,60,,,,,,unresolved,No lexical entry yet.
יורשיו,יורשיו,1,0,60,,,,,,unresolved,No lexical entry yet.
יורשים,יורשימ,2,0,60,,,,,,unresolved,No lexical entry yet.
יורשין,יורשינ,4,0,60,,,,,,unresolved,No lexical entry yet.
יושבים,יושבימ,1,65,60,,,,,,claims_below_safe_min60,No strict claim >=60%.
יושבין,יושבינ,2,0,60,,,,,,unresolved,No lexical entry yet.
יותר,יותר,44,65,60,,,,,,claims_below_safe_min60,No strict claim >=60%.
יזכה,יזכה,6,0,60,,,,,,unresolved,No lexical entry yet.
יזכור,יזכור,1,0,60,,,,,,unresolved,No lexical entry yet.
יזלזלו,יזלזלו,1,0,60,,,,,,unresolved,No lexical entry yet.
יחזיר,יחזיר,4,0,60,,,,,,unresolved,No lexical entry yet.
יחזירו,יחזירו,1,0,60,,,,,,unresolved,No lexical entry yet.
יחיד,יחיד,1,65,60,,,,,,claims_below_safe_min60,No strict claim >=60%.
יחייבו,יחייבו,2,0,60,,,,,,unresolved,No lexical entry yet.
יחלוקו,יחלוקו,42,0,60,,,,,,unresolved,No lexical entry yet.
יחפוץ,יחפוצ,1,0,60,,,,,,unresolved,No lexical entry yet.
יחשבו,יחשבו,2,0,60,,,,,,unresolved,No lexical entry yet.
יחשדו,יחשדו,1,0,60,,,,,,unresolved,No lexical entry yet.
יטול,יטול,14,0,60,,,,,,unresolved,No lexical entry yet.
יטעה,יטעה,1,52,60,,,,,,claims_below_safe_min60,No strict claim >=60%.
יטעו,יטעו,1,0,60,,,,,,unresolved,No lexical entry yet.
יטעון,יטעונ,23,0,60,,,,,,unresolved,No lexical entry yet.
יטענו,יטענו,1,0,60,,,,,,unresolved,No lexical entry yet.
יטרוף,יטרופ,1,0,60,,,,,,unresolved,No lexical entry yet.
יין,יינ,19,0,60,,,,,,unresolved,No lexical entry yet.
יישב,יישב,3,0,60,,,,,,unresolved,No lexical entry yet.
יישבתי,יישבתי,1,0,60,,,,,,unresolved,No lexical entry yet.
יישוב,יישוב,1,0,60,,,,,,unresolved,No lexical entry yet.
יכול,יכול,225,65,60,,,,,,claims_below_safe_min60,No strict claim >=60%.
יכולה,יכולה,37,0,60,,,,,,unresolved,No lexical entry yet.
יכולים,יכולימ,21,0,60,,,,,,unresolved,No lexical entry yet.
יכולין,יכולינ,11,0,60,,,,,,unresolved,No lexical entry yet.
יכופו,יכופו,1,0,60,,,,,,unresolved,No lexical entry yet.
יכחיש,יכחיש,3,0,60,,,,,,unresolved,No lexical entry yet.
יכחישוהו,יכחישוהו,4,0,60,,,,,,unresolved,No lexical entry yet.
יכירו,יכירו,2,65,60,,,,,,claims_below_safe_min60,No strict claim >=60%.
יכפור,יכפור,1,0,60,,,,,,unresolved,No lexical entry yet.
יכתבו,יכתבו,1,0,60,,,,,,unresolved,No lexical entry yet.
יל״א,יל״א,1,0,60,,,,,,unresolved,No lexical entry yet.
יליף,יליפ,4,0,60,,,,,,unresolved,No lexical entry yet.
ילך,ילכ,1,65,60,,,,,,claims_below_safe_min60,No strict claim >=60%.
ילפינן,ילפיננ,7,0,60,,,,,,unresolved,No lexical entry yet.
ימחה,ימחה,1,95,60,claim-36b2039b644085e9,properly | to stroke | rub | by implication | to erase | also to smooth (as if with oil) | i.e. grease | make fat,OpenScriptures morphHB,H4229,CC BY 4.0,safe_claims_min60,
ימצא,ימצא,2,65,60,,,,,,claims_below_safe_min60,No strict claim >=60%.
יניח,יניח,1,0,60,,,,,,unresolved,No lexical entry yet.
יניחו,יניחו,1,0,60,,,,,,unresolved,No lexical entry yet.
ינכה,ינכה,1,0,60,,,,,,unresolved,No lexical entry yet.
יסבור,יסבור,5,0,60,,,,,,unresolved,No lexical entry yet.
יסוד,יסוד,10,65,60,,,,,,claims_below_safe_min60,No strict claim >=60%.
יסכימו,יסכימו,1,0,60,,,,,,unresolved,No lexical entry yet.
יספיק,יספיק,1,52,60,,,,,,claims_below_safe_min60,No strict claim >=60%.
יסתור,יסתור,1,0,60,,,,,,unresolved,No lexical entry yet.
יסתלקו,יסתלקו,1,0,60,,,,,,unresolved,No lexical entry yet.
יעבור,יעבור,1,65,60,,,,,,claims_below_safe_min60,No strict claim >=60%.
יעמיד,יעמיד,2,65,60,,,,,,claims_below_safe_min60,No strict claim >=60%.
יעמידו,יעמידו,1,0,60,,,,,,unresolved,No lexical entry yet.
יעקב,יעקב,4,93,60,claim-62a7f0dcf52c330e,Jacob | Yaacov,Wikidata Lexeme,L78289,CC0,safe_claims_min60,
יעשה,יעשה,1,65,60,,,,,,claims_below_safe_min60,No strict claim >=60%.
יעשו,יעשו,2,65,60,,,,,,claims_below_safe_min60,No strict claim >=60%.
יפה,יפה,2,65,60,,,,,,claims_below_safe_min60,No strict claim >=60%.
יפטור,יפטור,3,0,60,,,,,,unresolved,No lexical entry yet.
יפטר,יפטר,1,95,60,claim-813eb277fa736368,to cleave | burst through | i.e. (causatively) to emit | whether literal | figurative (gape) | dismiss | free | let (shoot) out,OpenScriptures morphHB,H6362,CC BY 4.0,safe_claims_min60,
יפטרנו,יפטרנו,1,91,60,claim-349dc15deb518c23 | claim-813eb277fa736368,our burst through | our dismiss | our free | to cleave | burst through | i.e. (causatively) to emit | whether literal | figurative (gape) | dismiss | free | let (shoot) out,OpenScriptures morphHB,H6362,CC BY 4.0,safe_claims_min60,
יפלא,יפלא,1,95,60,claim-e069ff9bd0eaf283,properly | perhaps to separate | i.e. distinguish (literally | figuratively) | by implication | to be (causatively | make ) great | difficult,OpenScriptures morphHB,H6381,CC BY 4.0,safe_claims_min60,
יפסיד,יפסיד,6,0,60,,,,,,unresolved,No lexical entry yet.
יפסקו,יפסקו,2,0,60,,,,,,unresolved,No lexical entry yet.
יפקיד,יפקיד,1,0,60,,,,,,unresolved,No lexical entry yet.
יפרסמו,יפרסמו,2,0,60,,,,,,unresolved,No lexical entry yet.
יצא,יצא,13,65,60,,,,,,claims_below_safe_min60,No strict claim >=60%.
יצאה,יצאה,1,65,60,,,,,,claims_below_safe_min60,No strict claim >=60%.
יצאו,יצאו,2,65,60,,,,,,claims_below_safe_min60,No strict claim >=60%.
יצוה,יצוה,1,0,60,,,,,,unresolved,No lexical entry yet.
יצטרך,יצטרכ,2,0,60,,,,,,unresolved,No lexical entry yet.
יצריכו,יצריכו,1,0,60,,,,,,unresolved,No lexical entry yet.
יקום,יקומ,23,65,60,,,,,,claims_below_safe_min60,No strict claim >=60%.
יקחו,יקחו,1,0,60,,,,,,unresolved,No lexical entry yet.
יקיימוהו,יקיימוהו,4,0,60,,,,,,unresolved,No lexical entry yet.
יקשה,יקשה,8,0,60,,,,,,unresolved,No lexical entry yet.
ירא,ירא,4,65,60,,,,,,claims_below_safe_min60,No strict claim >=60%.
יראה,יראה,5,65,60,,,,,,claims_below_safe_min60,No strict claim >=60%.
ירד,ירד,1,65,60,,,,,,claims_below_safe_min60,No strict claim >=60%.
ירדתי,ירדתי,9,0,60,,,,,,unresolved,No lexical entry yet.
ירוחם,ירוחמ,2,0,60,,,,,,unresolved,No lexical entry yet.
ירויח,ירויח,1,0,60,,,,,,unresolved,No lexical entry yet.
ירושה,ירושה,1,93,60,claim-935f18ce54725c16,"inheritance, practice of passing on property upon the death of individuals | inheritance",Wikidata Lexeme,L65636,CC0,safe_claims_min60,
ירושתו,ירושתו,1,93,60,claim-935f18ce54725c16,"inheritance, practice of passing on property upon the death of individuals | inheritance",Wikidata Lexeme,L65636,CC0,safe_claims_min60,
ירצה,ירצה,5,65,60,,,,,,claims_below_safe_min60,No strict claim >=60%.
ירשיעון,ירשיעונ,1,0,60,,,,,,unresolved,No lexical entry yet.
יש,יש,251,95,60,claim-956a286c156cb6ba,there is | are ( | any other form of the verb to be | as may suit the connection) | (there) are | (he | it | shall,OpenScriptures HebrewLexicon,H3426,CC BY 4.0,safe_claims_min60,
ישאל,ישאל,1,0,60,,,,,,unresolved,No lexical entry yet.
ישאר,ישאר,6,95,60,claim-e50453c7038246fa,properly | to swell up | i.e. be (causatively | make ) redundant | leave | (be) left | let | remain,OpenScriptures HebrewLexicon,H7604,CC BY 4.0,safe_claims_min60,
ישארו,ישארו,1,95,60,claim-e50453c7038246fa,properly | to swell up | i.e. be (causatively | make ) redundant | leave | (be) left | let | remain,OpenScriptures HebrewLexicon,H7604,CC BY 4.0,safe_claims_min60,
ישבע,ישבע,48,0,60,,,,,,unresolved,No lexical entry yet.
ישבעו,ישבעו,2,0,60,,,,,,unresolved,No lexical entry yet.
ישוב,ישוב,2,65,60,,,,,,claims_below_safe_min60,No strict claim >=60%.
ישיב,ישיב,1,65,60,,,,,,claims_below_safe_min60,No strict claim >=60%.
ישכור,ישכור,1,0,60,,,,,,unresolved,No lexical entry yet.
ישכח,ישכח,3,65,60,,,,,,claims_below_safe_min60,No strict claim >=60%.
ישלם,ישלמ,10,0,60,,,,,,unresolved,No lexical entry yet.
ישלמו,ישלמו,1,0,60,,,,,,unresolved,No lexical entry yet.
ישלמנה,ישלמנה,1,0,60,,,,,,unresolved,No lexical entry yet.
ישנה,ישנה,3,93,60,claim-5ed5994def38c4b3,to change (something),Wikidata Lexeme,L219556,CC0,safe_claims_min60,
ישקר,ישקר,1,65,60,,,,,,claims_below_safe_min60,No strict claim >=60%.
ישראל,ישראל,4,95,60,claim-f1f097ae423048bc,Israel,OpenScriptures HebrewLexicon,H3479,CC BY 4.0,safe_claims_min60,
ישראלית,ישראלית,1,65,60,,,,,,claims_below_safe_min60,No strict claim >=60%.
ישתוק,ישתוק,1,0,60,,,,,,unresolved,No lexical entry yet.
יתבטל,יתבטל,1,0,60,,,,,,unresolved,No lexical entry yet.
יתבע,יתבע,4,0,60,,,,,,unresolved,No lexical entry yet.
יתבענו,יתבענו,3,0,60,,,,,,unresolved,No lexical entry yet.
יתברר,יתברר,2,0,60,,,,,,unresolved,No lexical entry yet.
יתומים,יתומימ,7,0,60,,,,,,unresolved,No lexical entry yet.
יתחייב,יתחייב,3,0,60,,,,,,unresolved,No lexical entry yet.
יתירה,יתירה,1,0,60,,,,,,unresolved,No lexical entry yet.
יתכן,יתכנ,3,65,60,,,,,,claims_below_safe_min60,No strict claim >=60%.
יתכנו,יתכנו,1,0,60,,,,,,unresolved,No lexical entry yet.
יתן,יתנ,11,95,60,claim-6726506cb6a027e6,to give | used with greatest latitude of application ( put | make | etc.) | add | apply | appoint | ascribe,OpenScriptures morphHB,H5414,CC BY 4.0,safe_claims_min60,
יתנו,יתנו,7,0,60,,,,,,unresolved,No lexical entry yet.
יתעורר,יתעורר,1,0,60,,,,,,unresolved,No lexical entry yet.
יתפוס,יתפוס,2,0,60,,,,,,unresolved,No lexical entry yet.
יתקן,יתקנ,3,0,60,,,,,,unresolved,No lexical entry yet.
יתר,יתר,3,65,60,,,,,,claims_below_safe_min60,No strict claim >=60%.
יתרצו,יתרצו,3,0,60,,,,,,unresolved,No lexical entry yet.
כ׳,כ׳,7,0,60,,,,,,unresolved,No lexical entry yet.
כ״א,כ״א,8,0,60,,,,,,unresolved,No lexical entry yet.
כ״ב,כ״ב,4,0,60,,,,,,unresolved,No lexical entry yet.
כ״ג,כ״ג,1,0,60,,,,,,unresolved,No lexical entry yet.
כ״ה,כ״ה,3,0,60,,,,,,unresolved,No lexical entry yet.
כ״ז,כ״ז,9,99,60,claim-d59c49d31d955bd8,all this,Project-authored abbreviation table,project-abbreviation:kol-zeh,project-authored / CC0,safe_claims_min60,
כ״ח,כ״ח,4,0,60,,,,,,unresolved,No lexical entry yet.
כ״ט,כ״ט,5,0,60,,,,,,unresolved,No lexical entry yet.
כ״כ,כ״כ,12,99,60,claim-2ab1b50bf62110a5,so much | so | to such an extent,Project-authored abbreviation table,project-abbreviation:kaf-kaf,project-authored / CC0,safe_claims_min60,
כ״מ,כ״מ,2,0,60,,,,,,unresolved,No lexical entry yet.
כ״ש,כ״ש,4,0,60,,,,,,unresolved,No lexical entry yet.
כאבדה,כאבדה,1,0,60,,,,,,unresolved,No lexical entry yet.
כאביי,כאביי,2,0,60,,,,,,unresolved,No lexical entry yet.
כאוחזין,כאוחזינ,1,0,60,,,,,,unresolved,No lexical entry yet.
כאומר,כאומר,10,0,60,,,,,,unresolved,No lexical entry yet.
כאופן,כאופנ,4,0,60,,,,,,unresolved,No lexical entry yet.
כאילו,כאילו,11,65,60,,,,,,claims_below_safe_min60,No strict claim >=60%.
כאלו,כאלו,5,90,60,claim-cd917648078fc5d9 | claim-26b8fa4482fe7208 | claim-40c3a84d4dc24d5d | claim-f303af2fe5552d24 | claim-70271a3f7b184f91 | claim-9f62584c83e09ff3,as this/that | like this/that | as demonstrative pronoun | like demonstrative pronoun | this/that | demonstrative pronoun,Wikidata Lexeme | OpenScriptures morphHB | OpenScriptures HebrewLexicon,L492094 | H352 | H413 | H431 | H432,CC0 | CC BY 4.0,safe_claims_min60,
כאמר,כאמר,1,0,60,,,,,,unresolved,No lexical entry yet.
כאן,כאנ,209,0,60,,,,,,unresolved,No lexical entry yet.
כאשר,כאשר,1,65,60,,,,,,claims_below_safe_min60,No strict claim >=60%.
כב׳,כב׳,1,0,60,,,,,,unresolved,No lexical entry yet.
כבעלים,כבעלימ,1,0,60,,,,,,unresolved,No lexical entry yet.
כבצור,כבצור,4,0,60,,,,,,unresolved,No lexical entry yet.
כבצורות,כבצורות,2,0,60,,,,,,unresolved,No lexical entry yet.
כבצורים,כבצורימ,2,0,60,,,,,,unresolved,No lexical entry yet.
כבר,כבר,66,65,60,,,,,,claims_below_safe_min60,No strict claim >=60%.
כבתחלה,כבתחלה,1,91,60,claim-2efc717731d63f42 | claim-17c3adc1190c1958,as a commencement | like a commencement | a commencement | relatively original (adverb | -ly) | begin(-ning) | first (time).,OpenScriptures morphHB,H8462,CC BY 4.0,safe_claims_min60,
כגדור,כגדור,4,0,60,,,,,,unresolved,No lexical entry yet.
כגון,כגונ,18,0,60,,,,,,unresolved,No lexical entry yet.
כגזוז,כגזוז,2,0,60,,,,,,unresolved,No lexical entry yet.
כגירסת,כגירסת,1,0,60,,,,,,unresolved,No lexical entry yet.
כד,כד,1,0,60,,,,,,unresolved,No lexical entry yet.
כד׳,כד׳,5,88,60,claim-8bc705fac27b144d | claim-6a429f3792581302,as the Name | like the Name | as God | like God | the Name | YHWH | God,Curated lexical entry,lex-yhwh-h3068,source metadata incomplete,safe_claims_min60,
כדא״ג,כדא״ג,26,0,60,,,,,,unresolved,No lexical entry yet.
כדאי,כדאי,2,52,60,,,,,,claims_below_safe_min60,No strict claim >=60%.
כדאמר,כדאמר,3,0,60,,,,,,unresolved,No lexical entry yet.
כדאמרינן,כדאמריננ,1,0,60,,,,,,unresolved,No lexical entry yet.
כדברי,כדברי,30,90,60,claim-a162488073f586c3 | claim-d5d65eee3fa9b217 | claim-ad0891dda65cc5ca | claim-eb89e667721b7e5d | claim-6350c52938329866 | claim-0c5f9f20cde64cfc,as thing | like thing | as entity | like entity | thing | entity,Wikidata Lexeme | OpenScriptures morphHB | OpenScriptures HebrewLexicon,L64626 | H1696 | H1697 | H1698 | H1704,CC0 | CC BY 4.0,safe_claims_min60,
כדבריו,כדבריו,3,91,60,claim-90da9c4ee0ba4aa9 | claim-3fa46add6f3b0eef,as a word | like a word | as thing | like thing | as adverbially | like adverbially | as a cause | like a cause | a word | by implication | a matter (as spoken of) | thing | adverbially | a cause | act | advice,OpenScriptures morphHB,H1697,CC BY 4.0,safe_claims_min60,
כדברים,כדברימ,2,0,60,,,,,,unresolved,No lexical entry yet.
כדברינו,כדברינו,6,90,60,claim-ad960328c716d430 | claim-ae077100a7368ed5 | claim-b2f6a32f4aef6b0c | claim-59b452d9a3ce6dcb | claim-5afbe3188d18c2d2 | claim-0c5f9f20cde64cfc,as our thing | like our thing | as our entity | like our entity | thing | entity,Wikidata Lexeme | OpenScriptures morphHB | OpenScriptures HebrewLexicon,L64626 | H1696 | H1697 | H1698 | H1704,CC0 | CC BY 4.0,safe_claims_min60,
כדון,כדונ,1,0,60,,,,,,unresolved,No lexical entry yet.
כדי,כדי,30,65,60,,,,,,claims_below_safe_min60,No strict claim >=60%.
כדין,כדינ,8,0,60,,,,,,unresolved,No lexical entry yet.
כדמוכח,כדמוכח,4,0,60,,,,,,unresolved,No lexical entry yet.
כדעת,כדעת,8,0,60,,,,,,unresolved,No lexical entry yet.
כדפי׳,כדפי׳,1,0,60,,,,,,unresolved,No lexical entry yet.
כדפירש״י,כדפירש״י,1,0,60,,,,,,unresolved,No lexical entry yet.
כדרב,כדרב,1,0,60,,,,,,unresolved,No lexical entry yet.
כדרבה,כדרבה,3,0,60,,,,,,unresolved,No lexical entry yet.
כדרך,כדרכ,2,89,60,claim-de1743f267703d13 | claim-4c8c8ce38f91feda,"as thoroughfare | like thoroughfare | thoroughfare, transportation route connecting one location to another | thoroughfare",Wikidata Lexeme,L64752,CC0,safe_claims_min60,
כדרכה,כדרכה,1,0,60,,,,,,unresolved,No lexical entry yet.
כה״ג,כה״ג,7,0,60,,,,,,unresolved,No lexical entry yet.
כהא,כהא,1,95,60,claim-532ccfff06b6f272 | claim-9b27f82ff15d8c6b,as behold | like behold | as this | like this | behold | this,Project-authored Aramaic grammar table,project-aramaic:ha,project-authored / CC0,safe_claims_min60,
כהבעה״מ,כהבעה״מ,1,0,60,,,,,,unresolved,No lexical entry yet.
כהודאה,כהודאה,1,0,60,,,,,,unresolved,No lexical entry yet.
כהטור,כהטור,1,0,60,,,,,,unresolved,No lexical entry yet.
כהילך,כהילכ,1,0,60,,,,,,unresolved,No lexical entry yet.
כהיש,כהיש,1,91,60,claim-2749dac2be75ac64 | claim-956a286c156cb6ba,as the there is | like the there is | as the any other form of the verb to be | like the any other form of the verb to be | as the it | like the it | as the shall | like the shall | there is | are ( | any other form of the verb to be | as may suit the connection) | (there) are | (he | it | shall,OpenScriptures HebrewLexicon,H3426,CC BY 4.0,safe_claims_min60,
כהלח״מ,כהלח״מ,1,0,60,,,,,,unresolved,No lexical entry yet.
כהפוסקים,כהפוסקימ,1,0,60,,,,,,unresolved,No lexical entry yet.
כהר״י,כהר״י,3,0,60,,,,,,unresolved,No lexical entry yet.
כהר״נ,כהר״נ,1,0,60,,,,,,unresolved,No lexical entry yet.
כהרא״ש,כהרא״ש,1,0,60,,,,,,unresolved,No lexical entry yet.
כהראב״ד,כהראב״ד,2,0,60,,,,,,unresolved,No lexical entry yet.
כהרי״ף,כהרי״פ,5,0,60,,,,,,unresolved,No lexical entry yet.
כהרמב״ם,כהרמב״מ,6,0,60,,,,,,unresolved,No lexical entry yet.
כהתוס׳,כהתוס׳,3,0,60,,,,,,unresolved,No lexical entry yet.
כו׳,כו׳,15,99,60,claim-84c406203fafec18,etc. | and so forth,Project-authored abbreviation table,project-abbreviation:kaf-vav,project-authored / CC0,safe_claims_min60,
כודאי,כודאי,3,0,60,,,,,,unresolved,No lexical entry yet.
כוונת,כוונת,1,0,60,,,,,,unresolved,No lexical entry yet.
כוונתו,כוונתו,1,0,60,,,,,,unresolved,No lexical entry yet.
כוונתם,כוונתמ,1,0,60,,,,,,unresolved,No lexical entry yet.
כוותיה,כוותיה,1,0,60,,,,,,unresolved,No lexical entry yet.
כוותייהו,כוותייהו,2,0,60,,,,,,unresolved,No lexical entry yet.
כוחי,כוחי,1,0,60,,,,,,unresolved,No lexical entry yet.
כולה,כולה,4,0,60,,,,,,unresolved,No lexical entry yet.
כולהו,כולהו,2,0,60,,,,,,unresolved,No lexical entry yet.
כולו,כולו,6,65,60,,,,,,claims_below_safe_min60,No strict claim >=60%.
כולי,כולי,3,0,60,,,,,,unresolved,No lexical entry yet.
כולל,כולל,1,0,60,,,,,,unresolved,No lexical entry yet.
כולם,כולמ,1,65,60,,,,,,claims_below_safe_min60,No strict claim >=60%.
כולן,כולנ,1,65,60,,,,,,claims_below_safe_min60,No strict claim >=60%.
כונה,כונה,1,0,60,,,,,,unresolved,No lexical entry yet.
כונת,כונת,15,52,60,,,,,,claims_below_safe_min60,No strict claim >=60%.
כונתו,כונתו,12,0,60,,,,,,unresolved,No lexical entry yet.
כונתם,כונתמ,2,0,60,,,,,,unresolved,No lexical entry yet.
כופר,כופר,17,65,60,,,,,,claims_below_safe_min60,No strict claim >=60%.
כופרת,כופרת,1,0,60,,,,,,unresolved,No lexical entry yet.
כור,כור,3,65,60,,,,,,claims_below_safe_min60,No strict claim >=60%.
כותב,כותב,2,0,60,,,,,,unresolved,No lexical entry yet.
כותבין,כותבינ,10,0,60,,,,,,unresolved,No lexical entry yet.
כזה,כזה,18,65,60,,,,,,claims_below_safe_min60,No strict claim >=60%.
כזו,כזו,2,0,60,,,,,,unresolved,No lexical entry yet.
כח,כח,18,95,60,claim-1619134a891921a2,vigor | literally (force | in a good | a bad sense) | figuratively (capacity | means | produce) | also (from its hardiness) a large lizard,OpenScriptures morphHB,H3581,CC BY 4.0,safe_claims_min60,
כחה,כחה,2,95,60,claim-1619134a891921a2,vigor | literally (force | in a good | a bad sense) | figuratively (capacity | means | produce) | also (from its hardiness) a large lizard,OpenScriptures morphHB,H3581,CC BY 4.0,safe_claims_min60,
כחו,כחו,1,95,60,claim-1619134a891921a2,vigor | literally (force | in a good | a bad sense) | figuratively (capacity | means | produce) | also (from its hardiness) a large lizard,OpenScriptures morphHB,H3581,CC BY 4.0,safe_claims_min60,
כחוזר,כחוזר,1,0,60,,,,,,unresolved,No lexical entry yet.
כחכמים,כחכמימ,5,89,60,claim-2828ac3f7fd5278f | claim-22409976b4b41e0c,as hakham | like hakham | as wise man | like wise man | hakham | wise man | wise (adj.),Wikidata Lexeme,L65269,CC0,safe_claims_min60,
כחקירות,כחקירות,1,0,60,,,,,,unresolved,No lexical entry yet.
כטוען,כטוענ,3,0,60,,,,,,unresolved,No lexical entry yet.
כטענו,כטענו,1,0,60,,,,,,unresolved,No lexical entry yet.
כטענת,כטענת,1,0,60,,,,,,unresolved,No lexical entry yet.
כי,כי,43,99,60,claim-f99f3e948d4710fa,because | for | that | when,Project-authored function word table,project-function-word:ki,project-authored / CC0,safe_claims_min60,
כיד,כיד,1,0,60,,,,,,unresolved,No lexical entry yet.
כיהודא,כיהודא,1,0,60,,,,,,unresolved,No lexical entry yet.
כיוון,כיוונ,1,0,60,,,,,,unresolved,No lexical entry yet.
כיוונתי,כיוונתי,1,0,60,,,,,,unresolved,No lexical entry yet.
כיון,כיונ,270,95,60,claim-20f142641e215f7b,properly | a statue | i.e. idol | but used (by euphemism) for some heathen deity (perhaps corresponding to Priapus | Baal-peor) | Chiun.,OpenScriptures HebrewLexicon,H3594,CC BY 4.0,safe_claims_min60,
כיונתי,כיונתי,1,0,60,,,,,,unresolved,No lexical entry yet.
כיוצא,כיוצא,14,0,60,,,,,,unresolved,No lexical entry yet.
כייפינן,כייפיננ,1,0,60,,,,,,unresolved,No lexical entry yet.
כיס,כיס,2,0,60,,,,,,unresolved,No lexical entry yet.
כיצד,כיצד,25,0,60,,,,,,unresolved,No lexical entry yet.
כך,ככ,32,93,60,claim-2a4f212a40ac96a0,"thus; so, such; in that way",Wikidata Lexeme,L492026,CC0,safe_claims_min60,
ככלים,ככלימ,1,89,60,claim-927aadf6b1267d6c | claim-a9682671af61c8ea,as tool | like tool | as physical tool | like physical tool | tool | physical tool,Wikidata Lexeme,L65777,CC0,safe_claims_min60,
ככסף,ככספ,2,0,60,,,,,,unresolved,No lexical entry yet.
ככרו,ככרו,1,0,60,,,,,,unresolved,No lexical entry yet.
ככרי,ככרי,1,0,60,,,,,,unresolved,No lexical entry yet.
כל,כל,157,99,60,claim-1a08715721dea950,all | every | any,Project-authored function word table,project-function-word:kol,project-authored / CC0,safe_claims_min60,
כלום,כלומ,30,65,60,,,,,,claims_below_safe_min60,No strict claim >=60%.
כלומר,כלומר,1,65,60,,,,,,claims_below_safe_min60,No strict claim >=60%.
כלי,כלי,9,65,60,,,,,,claims_below_safe_min60,No strict claim >=60%.
כליו,כליו,19,0,60,,,,,,unresolved,No lexical entry yet.
כלים,כלימ,22,93,60,claim-a9682671af61c8ea,tool | physical tool,Wikidata Lexeme,L65777,CC0,safe_claims_min60,
כלל,כלל,115,65,60,,,,,,claims_below_safe_min60,No strict claim >=60%.
כללא,כללא,13,90,60,claim-40a33e5b677f7c49 | claim-01bdfcf7252c720d | claim-86b10ea90fecc3df,as without | like without | without,Wikidata Lexeme | OpenScriptures morphHB,L1319753 | H3808,CC0 | CC BY 4.0,safe_claims_min60,
כללי,כללי,1,0,60,,,,,,unresolved,No lexical entry yet.
כלשון,כלשונ,3,89,60,claim-021cb0dfc0174aae | claim-58d387440acda539,"as tongue, Muscular organ in the mouth | like tongue, Muscular organ in the mouth | as tongue | like tongue | tongue, Muscular organ in the mouth | tongue",Wikidata Lexeme,L65977,CC0,safe_claims_min60,
כמ״ש,כמ״ש,4,99,60,claim-883fe1329b51a8c5,as written | as stated,Project-authored abbreviation table,project-abbreviation:kemo-shekatuv,project-authored / CC0,safe_claims_min60,
כמאה,כמאה,6,0,60,,,,,,unresolved,No lexical entry yet.
כמאן,כמאנ,4,0,60,,,,,,unresolved,No lexical entry yet.
כמבואר,כמבואר,8,0,60,,,,,,unresolved,No lexical entry yet.
כמדומה,כמדומה,1,0,60,,,,,,unresolved,No lexical entry yet.
כמה,כמה,22,65,60,,,,,,claims_below_safe_min60,No strict claim >=60%.
כמו,כמו,177,65,60,,,,,,claims_below_safe_min60,No strict claim >=60%.
כמודה,כמודה,2,0,60,,,,,,unresolved,No lexical entry yet.
כמות,כמות,2,93,60,claim-efc335b47fb9d47f,quantity,Wikidata Lexeme,L65796,CC0,safe_claims_min60,
כמותו,כמותו,3,0,60,,,,,,unresolved,No lexical entry yet.
כמזיד,כמזיד,1,0,60,,,,,,unresolved,No lexical entry yet.
כמטלטלין,כמטלטלינ,10,0,60,,,,,,unresolved,No lexical entry yet.
כמיניה,כמיניה,2,0,60,,,,,,unresolved,No lexical entry yet.
כמינך,כמינכ,1,0,60,,,,,,unresolved,No lexical entry yet.
כמנה,כמנה,1,0,60,,,,,,unresolved,No lexical entry yet.
כמסתפק,כמסתפק,1,0,60,,,,,,unresolved,No lexical entry yet.
כמערים,כמערימ,4,0,60,,,,,,unresolved,No lexical entry yet.
כמפורש,כמפורש,1,0,60,,,,,,unresolved,No lexical entry yet.
כמש״כ,כמש״כ,23,0,60,,,,,,unresolved,No lexical entry yet.
כמשיב,כמשיב,1,0,60,,,,,,unresolved,No lexical entry yet.
כמשקר,כמשקר,1,0,60,,,,,,unresolved,No lexical entry yet.
כן,כנ,121,99,60,claim-2fa8b304f205db7c,so | thus | yes,Project-authored function word table,project-function-word:ken,project-authored / CC0,safe_claims_min60,
כנ״ל,כנ״ל,4,99,60,claim-e540ddfab10c1c2b,as mentioned above,Project-authored abbreviation table,project-abbreviation:kanal,project-authored / CC0,safe_claims_min60,
כנגד,כנגד,14,90,60,claim-44109297ce8c5994 | claim-162927e11d3658e1 | claim-2cd1c6a26dc0bddf | claim-15ba40273219e4a3 | claim-4509e82c934bdffc | claim-cf153cb56c69e5cc | claim-7592e0383eab1724 | claim-8eb61194f2498d92,as resistor | like resistor | resistor,Wikidata Lexeme | OpenScriptures morphHB | OpenScriptures HebrewLexicon,L66685 | H2962 | H5046 | H5047 | H5048 | H5049 | H5057,CC0 | CC BY 4.0,safe_claims_min60,
כנגדו,כנגדו,10,90,60,claim-7418f6154c7fcb86 | claim-1b175a3fa9145620 | claim-8eb61194f2498d92,as resistor | like resistor | resistor,Wikidata Lexeme | OpenScriptures HebrewLexicon,L66685 | H5048,CC0 | CC BY 4.0,safe_claims_min60,
כנגדן,כנגדנ,2,0,60,,,,,,unresolved,No lexical entry yet.
כנזכר,כנזכר,3,99,60,claim-bb33d1f7b3f67c65,as mentioned,Project-authored abbreviation table,project-abbreviation:kanizkar-full,project-authored / CC0,safe_claims_min60,
כנעני,כנעני,9,0,60,,,,,,unresolved,No lexical entry yet.
כנפיו,כנפיו,2,0,60,,,,,,unresolved,No lexical entry yet.
כנראה,כנראה,1,0,60,,,,,,unresolved,No lexical entry yet.
כסברת,כסברת,5,0,60,,,,,,unresolved,No lexical entry yet.
כסות,כסות,3,0,60,,,,,,unresolved,No lexical entry yet.
כסותי,כסותי,1,0,60,,,,,,unresolved,No lexical entry yet.
כסמ״ע,כסמ״ע,1,0,60,,,,,,unresolved,No lexical entry yet.
כסף,כספ,41,0,60,,,,,,unresolved,No lexical entry yet.
כעין,כעינ,10,95,60,claim-a31fa77c0cca5333,an eye (literally | figuratively) | by analogy | a fountain (as the eye of the landscape) | affliction | outward appearance | before | think best,OpenScriptures HebrewLexicon,H5869,CC BY 4.0,safe_claims_min60,
כפ״ת,כפ״ת,1,0,60,,,,,,unresolved,No lexical entry yet.
כפי,כפי,3,65,60,,,,,,claims_below_safe_min60,No strict claim >=60%.
כפי׳,כפי׳,3,95,60,claim-873bdafc189cd3ef | claim-0a6fec01f87dcef3,as explanation | like explanation | as commentary | like commentary | as meaning | like meaning | explanation | commentary | meaning,Project-authored abbreviation table,project-abbreviation:perush,project-authored / CC0,safe_claims_min60,
כפי״מ,כפי״מ,1,0,60,,,,,,unresolved,No lexical entry yet.
כפילות,כפילות,1,0,60,,,,,,unresolved,No lexical entry yet.
כפילי,כפילי,1,0,60,,,,,,unresolved,No lexical entry yet.
כפירה,כפירה,11,0,60,,,,,,unresolved,No lexical entry yet.
כפירוש,כפירוש,1,0,60,,,,,,unresolved,No lexical entry yet.
כפירת,כפירת,9,0,60,,,,,,unresolved,No lexical entry yet.
כפירתה,כפירתה,2,0,60,,,,,,unresolved,No lexical entry yet.
כפירתו,כפירתו,6,0,60,,,,,,unresolved,No lexical entry yet.
כפל,כפל,7,0,60,,,,,,unresolved,No lexical entry yet.
כפקדון,כפקדונ,1,0,60,,,,,,unresolved,No lexical entry yet.
כפר,כפר,11,0,60,,,,,,unresolved,No lexical entry yet.
כפרה,כפרה,2,0,60,,,,,,unresolved,No lexical entry yet.
כפרו,כפרו,1,0,60,,,,,,unresolved,No lexical entry yet.
כפרן,כפרנ,22,0,60,,,,,,unresolved,No lexical entry yet.
כפשטה,כפשטה,1,0,60,,,,,,unresolved,No lexical entry yet.
כצורתה,כצורתה,1,0,60,,,,,,unresolved,No lexical entry yet.
כקונה,כקונה,2,0,60,,,,,,unresolved,No lexical entry yet.
כקרקע,כקרקע,27,0,60,,,,,,unresolved,No lexical entry yet.
כר׳,כר׳,11,0,60,,,,,,unresolved,No lexical entry yet.
כר״ל,כר״ל,2,95,60,claim-e1c1634d2c3e07f2 | claim-90f0c377a0b5fc06,as that is to say | like that is to say | as meaning | like meaning | that is to say | meaning,Project-authored abbreviation table,project-abbreviation:rotzeh-lomar,project-authored / CC0,safe_claims_min60,
כר״מ,כר״מ,4,0,60,,,,,,unresolved,No lexical entry yet.
כר״ש,כר״ש,1,0,60,,,,,,unresolved,No lexical entry yet.
כר״ת,כר״ת,1,0,60,,,,,,unresolved,No lexical entry yet.
כראב״י,כראב״י,15,0,60,,,,,,unresolved,No lexical entry yet.
כראוי,כראוי,1,0,60,,,,,,unresolved,No lexical entry yet.
כרב,כרב,11,95,60,claim-48a422cc741d2d2d,abundance (in any respect) | abundance(-antly) | all | × common (sort) | excellent | great(-ly | -ness | number),OpenScriptures morphHB,H7230,CC BY 4.0,safe_claims_min60,
כרבא,כרבא,1,65,60,,,,,,claims_below_safe_min60,No strict claim >=60%.
כרבה,כרבה,2,0,60,,,,,,unresolved,No lexical entry yet.
כרבי,כרבי,1,0,60,,,,,,unresolved,No lexical entry yet.
כרבינו,כרבינו,1,0,60,,,,,,unresolved,No lexical entry yet.
כרבנן,כרבננ,1,0,60,,,,,,unresolved,No lexical entry yet.
כרחו,כרחו,3,52,60,,,,,,claims_below_safe_min60,No strict claim >=60%.
כרחך,כרחכ,2,0,60,,,,,,unresolved,No lexical entry yet.
כרחנו,כרחנו,2,0,60,,,,,,unresolved,No lexical entry yet.
כריש,כריש,1,0,60,,,,,,unresolved,No lexical entry yet.
כרך,כרכ,1,63,60,,,,,,claims_below_safe_min60,No strict claim >=60%.
כרשות,כרשות,1,0,60,,,,,,unresolved,No lexical entry yet.
כרשותו,כרשותו,1,0,60,,,,,,unresolved,No lexical entry yet.
כשאוחזין,כשאוחזינ,1,0,60,,,,,,unresolved,No lexical entry yet.
כשאומר,כשאומר,7,0,60,,,,,,unresolved,No lexical entry yet.
כשאומרים,כשאומרימ,2,0,60,,,,,,unresolved,No lexical entry yet.
כשאחד,כשאחד,1,0,60,,,,,,unresolved,No lexical entry yet.
כשאי״ל,כשאי״ל,1,0,60,,,,,,unresolved,No lexical entry yet.
כשאין,כשאינ,14,65,60,,,,,,claims_below_safe_min60,No strict claim >=60%.
כשאינה,כשאינה,1,0,60,,,,,,unresolved,No lexical entry yet.
כשאינו,כשאינו,11,0,60,,,,,,unresolved,No lexical entry yet.
כשאמר,כשאמר,4,0,60,,,,,,unresolved,No lexical entry yet.
כשאמרו,כשאמרו,1,0,60,,,,,,unresolved,No lexical entry yet.
כשאנו,כשאנו,3,65,60,,,,,,claims_below_safe_min60,No strict claim >=60%.
כשאפשר,כשאפשר,1,0,60,,,,,,unresolved,No lexical entry yet.
כשאר,כשאר,6,0,60,,,,,,unresolved,No lexical entry yet.
כשב״ד,כשב״ד,1,0,60,,,,,,unresolved,No lexical entry yet.
כשבא,כשבא,4,65,60,,,,,,claims_below_safe_min60,No strict claim >=60%.
כשבאו,כשבאו,1,0,60,,,,,,unresolved,No lexical entry yet.
כשבור,כשבור,1,0,60,,,,,,unresolved,No lexical entry yet.
כשגלגל,כשגלגל,1,0,60,,,,,,unresolved,No lexical entry yet.
כשדרשו,כשדרשו,1,0,60,,,,,,unresolved,No lexical entry yet.
כשהביא,כשהביא,2,0,60,,,,,,unresolved,No lexical entry yet.
כשהדו״ד,כשהדו״ד,1,0,60,,,,,,unresolved,No lexical entry yet.
כשהוא,כשהוא,9,93,60,claim-0147de2e5a5dfffc,male person or animal already known or implied,Wikidata Lexeme,L483496,CC0,safe_claims_min60,
כשהודה,כשהודה,7,0,60,,,,,,unresolved,No lexical entry yet.
כשהודית,כשהודית,2,0,60,,,,,,unresolved,No lexical entry yet.
כשהוציא,כשהוציא,1,0,60,,,,,,unresolved,No lexical entry yet.
כשהוציאו,כשהוציאו,2,0,60,,,,,,unresolved,No lexical entry yet.
כשהחזיק,כשהחזיק,1,0,60,,,,,,unresolved,No lexical entry yet.
כשהי׳,כשהי׳,2,0,60,,,,,,unresolved,No lexical entry yet.
כשהיא,כשהיא,1,93,60,claim-c4dfc16d847aca4a,female person or animal previously mentioned or implied,Wikidata Lexeme,L483507,CC0,safe_claims_min60,
כשהיה,כשהיה,1,0,60,,,,,,unresolved,No lexical entry yet.
כשהיו,כשהיו,1,91,60,claim-51e6ef2c1a5d193d | claim-0c2fb56957476647,as become | like become | to exist | i.e. be | become | come to pass (always emphatic | and not a mere copula | auxiliary) | beacon | × altogether,OpenScriptures morphHB,H1961,CC BY 4.0,safe_claims_min60,
כשהלה,כשהלה,1,0,60,,,,,,unresolved,No lexical entry yet.
כשהלוקח,כשהלוקח,1,0,60,,,,,,unresolved,No lexical entry yet.
כשהם,כשהמ,2,65,60,,,,,,claims_below_safe_min60,No strict claim >=60%.
כשהמוריש,כשהמוריש,2,0,60,,,,,,unresolved,No lexical entry yet.
כשהמחזיק,כשהמחזיק,1,0,60,,,,,,unresolved,No lexical entry yet.
כשהמכירה,כשהמכירה,1,0,60,,,,,,unresolved,No lexical entry yet.
כשהמערער,כשהמערער,4,0,60,,,,,,unresolved,No lexical entry yet.
כשהמשכון,כשהמשכונ,1,0,60,,,,,,unresolved,No lexical entry yet.
כשהן,כשהנ,2,65,60,,,,,,claims_below_safe_min60,No strict claim >=60%.
כשהנתבע,כשהנתבע,2,0,60,,,,,,unresolved,No lexical entry yet.
כשהעד,כשהעד,2,0,60,,,,,,unresolved,No lexical entry yet.
כשהעיקר,כשהעיקר,1,0,60,,,,,,unresolved,No lexical entry yet.
כשהקשה,כשהקשה,1,0,60,,,,,,unresolved,No lexical entry yet.
כשהשומר,כשהשומר,1,0,60,,,,,,unresolved,No lexical entry yet.
כשהשיג,כשהשיג,1,0,60,,,,,,unresolved,No lexical entry yet.
כשהשכר,כשהשכר,1,0,60,,,,,,unresolved,No lexical entry yet.
כשהתובע,כשהתובע,2,0,60,,,,,,unresolved,No lexical entry yet.
כשותף,כשותפ,1,0,60,,,,,,unresolved,No lexical entry yet.
כשחסרים,כשחסרימ,1,0,60,,,,,,unresolved,No lexical entry yet.
כשטוען,כשטוענ,13,0,60,,,,,,unresolved,No lexical entry yet.
כשטוענין,כשטוענינ,1,0,60,,,,,,unresolved,No lexical entry yet.
כשטען,כשטענ,3,0,60,,,,,,unresolved,No lexical entry yet.
כשטענו,כשטענו,1,0,60,,,,,,unresolved,No lexical entry yet.
כשיטעון,כשיטעונ,2,0,60,,,,,,unresolved,No lexical entry yet.
כשיטת,כשיטת,9,0,60,,,,,,unresolved,No lexical entry yet.
כשיטתו,כשיטתו,1,0,60,,,,,,unresolved,No lexical entry yet.
כשיכול,כשיכול,1,0,60,,,,,,unresolved,No lexical entry yet.
כשימסרם,כשימסרמ,1,0,60,,,,,,unresolved,No lexical entry yet.
כשירצה,כשירצה,1,0,60,,,,,,unresolved,No lexical entry yet.
כשיש,כשיש,5,65,60,,,,,,claims_below_safe_min60,No strict claim >=60%.
כשיתבע,כשיתבע,2,0,60,,,,,,unresolved,No lexical entry yet.
כשכל,כשכל,1,0,60,,,,,,unresolved,No lexical entry yet.
כשלא,כשלא,2,65,60,,,,,,claims_below_safe_min60,No strict claim >=60%.
כשלקח,כשלקח,1,0,60,,,,,,unresolved,No lexical entry yet.
כשמודה,כשמודה,8,0,60,,,,,,unresolved,No lexical entry yet.
כשמחזיר,כשמחזיר,1,0,60,,,,,,unresolved,No lexical entry yet.
כשמחל,כשמחל,1,0,60,,,,,,unresolved,No lexical entry yet.
כשמכר,כשמכר,4,0,60,,,,,,unresolved,No lexical entry yet.
כשמסר,כשמסר,1,0,60,,,,,,unresolved,No lexical entry yet.
כשמסרה,כשמסרה,1,0,60,,,,,,unresolved,No lexical entry yet.
כשמשביעה,כשמשביעה,1,0,60,,,,,,unresolved,No lexical entry yet.
כשמת,כשמת,2,0,60,,,,,,unresolved,No lexical entry yet.
כשנותן,כשנותנ,4,0,60,,,,,,unresolved,No lexical entry yet.
כשני,כשני,2,0,60,,,,,,unresolved,No lexical entry yet.
כשנים,כשנימ,12,65,60,,,,,,claims_below_safe_min60,No strict claim >=60%.
כשנכנס,כשנכנס,1,0,60,,,,,,unresolved,No lexical entry yet.
כשנמסר,כשנמסר,1,0,60,,,,,,unresolved,No lexical entry yet.
כשנמצאו,כשנמצאו,1,0,60,,,,,,unresolved,No lexical entry yet.
כשנתן,כשנתנ,3,89,60,claim-6a7f7ec5cb274900 | claim-f97f04c4d56022b6,as scale marking | like scale marking | scale marking,Wikidata Lexeme,L82277,CC0,safe_claims_min60,
כשעושה,כשעושה,1,0,60,,,,,,unresolved,No lexical entry yet.
כשעכ״פ,כשעכ״פ,1,0,60,,,,,,unresolved,No lexical entry yet.
כשעל,כשעל,1,0,60,,,,,,unresolved,No lexical entry yet.
כשערה,כשערה,1,0,60,,,,,,unresolved,No lexical entry yet.
כשעשה,כשעשה,1,0,60,,,,,,unresolved,No lexical entry yet.
כשפת,כשפת,1,0,60,,,,,,unresolved,No lexical entry yet.
כשקודם,כשקודמ,1,0,60,,,,,,unresolved,No lexical entry yet.
כשר,כשר,1,0,60,,,,,,unresolved,No lexical entry yet.
כשראה,כשראה,2,0,60,,,,,,unresolved,No lexical entry yet.
כשראינו,כשראינו,1,0,60,,,,,,unresolved,No lexical entry yet.
כשרה,כשרה,1,0,60,,,,,,unresolved,No lexical entry yet.
כשרוצה,כשרוצה,1,0,60,,,,,,unresolved,No lexical entry yet.
כשרות,כשרות,1,0,60,,,,,,unresolved,No lexical entry yet.
כשרים,כשרימ,2,0,60,,,,,,unresolved,No lexical entry yet.
כששניהם,כששניהמ,4,0,60,,,,,,unresolved,No lexical entry yet.
כשתובע,כשתובע,1,0,60,,,,,,unresolved,No lexical entry yet.
כשתובעו,כשתובעו,1,0,60,,,,,,unresolved,No lexical entry yet.
כשתפס,כשתפס,1,0,60,,,,,,unresolved,No lexical entry yet.
כת״י,כת״י,1,0,60,,,,,,unresolved,No lexical entry yet.
כת״ק,כת״ק,2,0,60,,,,,,unresolved,No lexical entry yet.
כתב,כתב,298,0,60,,,,,,unresolved,No lexical entry yet.
כתבו,כתבו,32,0,60,,,,,,unresolved,No lexical entry yet.
כתביעה,כתביעה,1,0,60,,,,,,unresolved,No lexical entry yet.
כתביעת,כתביעת,1,0,60,,,,,,unresolved,No lexical entry yet.
כתבם,כתבמ,1,0,60,,,,,,unresolved,No lexical entry yet.
כתבנו,כתבנו,10,65,60,,,,,,claims_below_safe_min60,No strict claim >=60%.
כתבתי,כתבתי,25,0,60,,,,,,unresolved,No lexical entry yet.
כתוב,כתוב,4,0,60,,,,,,unresolved,No lexical entry yet.
כתובה,כתובה,4,65,60,,,,,,claims_below_safe_min60,No strict claim >=60%.
כתובות,כתובות,4,65,60,,,,,,claims_below_safe_min60,No strict claim >=60%.
כתובעו,כתובעו,1,0,60,,,,,,unresolved,No lexical entry yet.
כתובתה,כתובתה,6,0,60,,,,,,unresolved,No lexical entry yet.
כתוס׳,כתוס׳,1,0,60,,,,,,unresolved,No lexical entry yet.
כתי,כתי,1,0,60,,,,,,unresolved,No lexical entry yet.
כתי׳,כתי׳,2,0,60,,,,,,unresolved,No lexical entry yet.
כתיב,כתיב,8,0,60,,,,,,unresolved,No lexical entry yet.
כתירוצו,כתירוצו,1,0,60,,,,,,unresolved,No lexical entry yet.
כתלוש,כתלוש,1,0,60,,,,,,unresolved,No lexical entry yet.
ל׳,ל׳,4,0,60,,,,,,unresolved,No lexical entry yet.
ל״א,ל״א,1,0,60,,,,,,unresolved,No lexical entry yet.
ל״ב,ל״ב,2,0,60,,,,,,unresolved,No lexical entry yet.
ל״ג,ל״ג,5,0,60,,,,,,unresolved,No lexical entry yet.
ל״ד,ל״ד,7,0,60,,,,,,unresolved,No lexical entry yet.
ל״ה,ל״ה,1,0,60,,,,,,unresolved,No lexical entry yet.
ל״ו,ל״ו,5,0,60,,,,,,unresolved,No lexical entry yet.
ל״ז,ל״ז,1,0,60,,,,,,unresolved,No lexical entry yet.
ל״ט,ל״ט,1,0,60,,,,,,unresolved,No lexical entry yet.
ל״צ,ל״צ,1,0,60,,,,,,unresolved,No lexical entry yet.
ל״ש,ל״ש,1,0,60,,,,,,unresolved,No lexical entry yet.
לא,לא,866,99,60,claim-2f5c57cb53577edd,not | no,Project-authored function word table,project-function-word:lo,project-authored / CC0,safe_claims_min60,
לאבא,לאבא,6,0,60,,,,,,unresolved,No lexical entry yet.
לאבי,לאבי,7,0,60,,,,,,unresolved,No lexical entry yet.
לאביהם,לאביהמ,2,95,60,claim-3ca6aa3292ae353f,father | in a literal and immediate | figurative and remote application | chief | (fore-) father(-less) | × patrimony | principal. Compare names in 'Abi-'.,OpenScriptures morphHB,H1,CC BY 4.0,safe_claims_min60,
לאביו,לאביו,3,0,60,,,,,,unresolved,No lexical entry yet.
לאביך,לאביכ,8,0,60,,,,,,unresolved,No lexical entry yet.
לאגרא,לאגרא,1,0,60,,,,,,unresolved,No lexical entry yet.
לאה,לאה,3,65,60,,,,,,claims_below_safe_min60,No strict claim >=60%.
לאו,לאו,58,0,60,,,,,,unresolved,No lexical entry yet.
לאודויי,לאודויי,1,0,60,,,,,,unresolved,No lexical entry yet.
לאוכוחי,לאוכוחי,1,0,60,,,,,,unresolved,No lexical entry yet.
לאומן,לאומנ,7,0,60,,,,,,unresolved,No lexical entry yet.
לאומר,לאומר,1,0,60,,,,,,unresolved,No lexical entry yet.
לאוקמי,לאוקמי,2,0,60,,,,,,unresolved,No lexical entry yet.
לאור,לאור,1,65,60,,,,,,claims_below_safe_min60,No strict claim >=60%.
לאותו,לאותו,1,65,60,,,,,,claims_below_safe_min60,No strict claim >=60%.
לאחד,לאחד,3,95,60,claim-ad20f0370b460ed0,properly | united | i.e. one | (as an ordinal) first | alike | alone | altogether | and,OpenScriptures morphHB,H259,CC BY 4.0,safe_claims_min60,
לאחר,לאחר,32,65,60,,,,,,claims_below_safe_min60,No strict claim >=60%.
לאחרים,לאחרימ,1,95,60,claim-709815341a93915c,properly | hinder | generally | next | other | etc. | (an-) other man | following,OpenScriptures HebrewLexicon,H312,CC BY 4.0,safe_claims_min60,
לאידך,לאידכ,4,0,60,,,,,,unresolved,No lexical entry yet.
לאין,לאינ,1,95,60,claim-a5079f0b7fb0673a,a nonentity | generally used as a negative particle | else | except | fail | (father-) less | be gone | in(-curable),OpenScriptures morphHB,H369,CC BY 4.0,safe_claims_min60,
לאינו,לאינו,3,0,60,,,,,,unresolved,No lexical entry yet.
לאינך,לאינכ,1,0,60,,,,,,unresolved,No lexical entry yet.
לאינשי,לאינשי,1,0,60,,,,,,unresolved,No lexical entry yet.
לאיפטורי,לאיפטורי,11,0,60,,,,,,unresolved,No lexical entry yet.
לאכול,לאכול,1,95,60,claim-71cca94b4a5c8399,to eat (literally | figuratively) | × at all | burn up | consume | devour(-er | up) | dine,OpenScriptures morphHB,H398,CC BY 4.0,safe_claims_min60,
לאכלו,לאכלו,1,0,60,,,,,,unresolved,No lexical entry yet.
לאלתר,לאלתר,3,0,60,,,,,,unresolved,No lexical entry yet.
לאמיתו,לאמיתו,2,0,60,,,,,,unresolved,No lexical entry yet.
לאמת,לאמת,2,0,60,,,,,,unresolved,No lexical entry yet.
לאסרו,לאסרו,1,0,60,,,,,,unresolved,No lexical entry yet.
לאפוקי,לאפוקי,2,0,60,,,,,,unresolved,No lexical entry yet.
לאפטורי,לאפטורי,1,0,60,,,,,,unresolved,No lexical entry yet.
לאפשר,לאפשר,1,0,60,,,,,,unresolved,No lexical entry yet.
לאשתו,לאשתו,1,0,60,,,,,,unresolved,No lexical entry yet.
לב,לב,1,65,60,,,,,,claims_below_safe_min60,No strict claim >=60%.
לב״ד,לב״ד,17,0,60,,,,,,unresolved,No lexical entry yet.
לב״מ,לב״מ,2,0,60,,,,,,unresolved,No lexical entry yet.
לבאר,לבאר,30,95,60,claim-bfcc5f1219d97bbe,a pit | especially a well | pit | well.,OpenScriptures HebrewLexicon,H875,CC BY 4.0,safe_claims_min60,
לבד,לבד,13,65,60,,,,,,claims_below_safe_min60,No strict claim >=60%.
לבדיקות,לבדיקות,1,0,60,,,,,,unresolved,No lexical entry yet.
לבוא,לבוא,8,95,60,claim-1f60409dec56770f,to go | come (in a wide variety of applications) | abide | apply | attain | × be | befall | besiege,OpenScriptures morphHB,H935,CC BY 4.0,safe_claims_min60,
לבטולי,לבטולי,1,0,60,,,,,,unresolved,No lexical entry yet.
לבטל,לבטל,7,0,60,,,,,,unresolved,No lexical entry yet.
לבי״ד,לבי״ד,1,0,60,,,,,,unresolved,No lexical entry yet.
לבין,לבינ,1,95,60,claim-43746f3e8fee3ace,between (repeated before each noun | often with other particles) | also as a conjunction | either ... | among | asunder | at | between (-twixt...and),OpenScriptures morphHB,H996,CC BY 4.0,safe_claims_min60,
לבית,לבית,4,65,60,,,,,,claims_below_safe_min60,No strict claim >=60%.
לביתו,לביתו,6,0,60,,,,,,unresolved,No lexical entry yet.
לבן,לבנ,3,65,60,,,,,,claims_below_safe_min60,No strict claim >=60%.
לבנה,לבנה,1,65,60,,,,,,claims_below_safe_min60,No strict claim >=60%.
לבנו,לבנו,2,0,60,,,,,,unresolved,No lexical entry yet.
לבני,לבני,5,65,60,,,,,,claims_below_safe_min60,No strict claim >=60%.
לבניו,לבניו,5,0,60,,,,,,unresolved,No lexical entry yet.
לבניכם,לבניכמ,1,0,60,,,,,,unresolved,No lexical entry yet.
לבנים,לבנימ,2,93,60,claim-3e00ad8d6eff3171,white,Wikidata Lexeme,L212278,CC0,safe_claims_min60,
לבסוף,לבסופ,1,0,60,,,,,,unresolved,No lexical entry yet.
לבע״ד,לבע״ד,2,0,60,,,,,,unresolved,No lexical entry yet.
לבע״ח,לבע״ח,1,0,60,,,,,,unresolved,No lexical entry yet.
לבעה״ב,לבעה״ב,2,0,60,,,,,,unresolved,No lexical entry yet.
לבעול,לבעול,1,0,60,,,,,,unresolved,No lexical entry yet.
לבעולה,לבעולה,1,0,60,,,,,,unresolved,No lexical entry yet.
לבעל,לבעל,11,0,60,,,,,,unresolved,No lexical entry yet.
לבעלה,לבעלה,1,0,60,,,,,,unresolved,No lexical entry yet.
לבעליהן,לבעליהנ,2,0,60,,,,,,unresolved,No lexical entry yet.
לבעלים,לבעלימ,3,0,60,,,,,,unresolved,No lexical entry yet.
לבצרם,לבצרמ,1,0,60,,,,,,unresolved,No lexical entry yet.
לברר,לברר,26,65,60,,,,,,claims_below_safe_min60,No strict claim >=60%.
לבררו,לבררו,2,0,60,,,,,,unresolved,No lexical entry yet.
לבתולה,לבתולה,1,90,60,claim-b0fda2c7270c5078 | claim-b22b9aca0af04e4b | claim-cf767f452a7eab20,to women who never had sex | for women who never had sex | of women who never had sex | to virgin | for virgin | of virgin | women who never had sex | virgin,Wikidata Lexeme | OpenScriptures HebrewLexicon,L64405 | H1330,CC0 | CC BY 4.0,safe_claims_min60,
לבתר,לבתר,2,0,60,,,,,,unresolved,No lexical entry yet.
לגאון,לגאונ,1,95,60,claim-4fc553c8ba5ed029,the same as 1346 | arrogancy | excellency(-lent) | majesty | pomp | pride | proud | swelling.,OpenScriptures HebrewLexicon,H1347,CC BY 4.0,safe_claims_min60,
לגבות,לגבות,38,0,60,,,,,,unresolved,No lexical entry yet.
לגבותו,לגבותו,1,0,60,,,,,,unresolved,No lexical entry yet.
לגבי,לגבי,35,95,60,claim-4620dd2d469981c5,the back (as rounded) | by analogy | the top | rim | a boss | a vault | arch of eye | bulwarks,OpenScriptures morphHB,H1354,CC BY 4.0,safe_claims_min60,
לגבי׳,לגבי׳,1,0,60,,,,,,unresolved,No lexical entry yet.
לגדול,לגדול,7,0,60,,,,,,unresolved,No lexical entry yet.
לגדור,לגדור,4,0,60,,,,,,unresolved,No lexical entry yet.
לגוביינא,לגוביינא,3,0,60,,,,,,unresolved,No lexical entry yet.
לגודרות,לגודרות,2,0,60,,,,,,unresolved,No lexical entry yet.
לגוף,לגופ,1,65,60,,,,,,claims_below_safe_min60,No strict claim >=60%.
לגזוז,לגזוז,1,0,60,,,,,,unresolved,No lexical entry yet.
לגזול,לגזול,3,0,60,,,,,,unresolved,No lexical entry yet.
לגזור,לגזור,1,0,60,,,,,,unresolved,No lexical entry yet.
לגזלו,לגזלו,1,0,60,,,,,,unresolved,No lexical entry yet.
לגלגול,לגלגול,2,0,60,,,,,,unresolved,No lexical entry yet.
לגלגל,לגלגל,15,0,60,,,,,,unresolved,No lexical entry yet.
לגלויי,לגלויי,1,0,60,,,,,,unresolved,No lexical entry yet.
לגלות,לגלות,1,65,60,,,,,,claims_below_safe_min60,No strict claim >=60%.
לגמור,לגמור,3,0,60,,,,,,unresolved,No lexical entry yet.
לגמרי,לגמרי,23,63,60,,,,,,claims_below_safe_min60,No strict claim >=60%.
לגנב,לגנב,3,0,60,,,,,,unresolved,No lexical entry yet.
לגנבים,לגנבימ,2,0,60,,,,,,unresolved,No lexical entry yet.
לגרום,לגרומ,1,0,60,,,,,,unresolved,No lexical entry yet.
לגרע,לגרע,1,0,60,,,,,,unresolved,No lexical entry yet.
לד׳,לד׳,7,88,60,claim-542b75bc457d2940 | claim-6a429f3792581302,to the Name | for the Name | of the Name | to God | for God | of God | the Name | YHWH | God,Curated lexical entry,lex-yhwh-h3068,source metadata incomplete,safe_claims_min60,
לד״ת,לד״ת,1,0,60,,,,,,unresolved,No lexical entry yet.
לדבר,לדבר,3,65,60,,,,,,claims_below_safe_min60,No strict claim >=60%.
לדברי,לדברי,27,90,60,claim-915190f7aaacbf96 | claim-ad427dc76885ef4c | claim-509c8fc9d92d847f | claim-b52375e98b3c33f7 | claim-b5de47478ec02d38 | claim-0c5f9f20cde64cfc,to thing | for thing | of thing | to entity | for entity | of entity | thing | entity,Wikidata Lexeme | OpenScriptures morphHB | OpenScriptures HebrewLexicon,L64626 | H1696 | H1697 | H1698 | H1704,CC0 | CC BY 4.0,safe_claims_min60,
לדבריו,לדבריו,8,91,60,claim-0f2d106a493aab33 | claim-3fa46add6f3b0eef,to a word | for a word | of a word | to thing | for thing | of thing | to adverbially | for adverbially | a word | by implication | a matter (as spoken of) | thing | adverbially | a cause | act | advice,OpenScriptures morphHB,H1697,CC BY 4.0,safe_claims_min60,
לדברים,לדברימ,1,95,60,claim-3fa46add6f3b0eef,a word | by implication | a matter (as spoken of) | thing | adverbially | a cause | act | advice,OpenScriptures morphHB,H1697,CC BY 4.0,safe_claims_min60,
לדברינו,לדברינו,2,90,60,claim-862e767f954291a1 | claim-06443cfff9d10239 | claim-dbb7e3c6d7465018 | claim-b884123db1498c92 | claim-b356209d40904e0b | claim-0c5f9f20cde64cfc,to our thing | for our thing | of our thing | to our entity | for our entity | of our entity | thing | entity,Wikidata Lexeme | OpenScriptures morphHB | OpenScriptures HebrewLexicon,L64626 | H1696 | H1697 | H1698 | H1704,CC0 | CC BY 4.0,safe_claims_min60,
לדוכתה,לדוכתה,1,0,60,,,,,,unresolved,No lexical entry yet.
לדון,לדונ,16,0,60,,,,,,unresolved,No lexical entry yet.
לדור,לדור,3,95,60,claim-bf4f7167f42f8327 | claim-a6d72800f71c063c,to the nation | for the nation | belonging to the nation | of the nation | properly | a revolution of time | i.e. an age | generation | also a dwelling | age | × evermore | (n-) ever,OpenScriptures morphHB,H1755,CC BY 4.0,safe_claims_min60,
לדחוק,לדחוק,2,0,60,,,,,,unresolved,No lexical entry yet.
לדחות,לדחות,6,95,60,claim-bfcf52836e8ada3c,to push down | chase | drive away (on) | overthrow | outcast | × sore | thrust | totter.,OpenScriptures morphHB,H1760,CC BY 4.0,safe_claims_min60,
לדידי׳,לדידי׳,1,0,60,,,,,,unresolved,No lexical entry yet.
לדידכו,לדידכו,1,0,60,,,,,,unresolved,No lexical entry yet.
לדידן,לדידנ,12,0,60,,,,,,unresolved,No lexical entry yet.
לדיין,לדיינ,3,0,60,,,,,,unresolved,No lexical entry yet.
לדיינין,לדיינינ,1,0,60,,,,,,unresolved,No lexical entry yet.
לדייק,לדייק,3,0,60,,,,,,unresolved,No lexical entry yet.
לדין,לדינ,27,0,60,,,,,,unresolved,No lexical entry yet.
לדינא,לדינא,5,0,60,,,,,,unresolved,No lexical entry yet.
לדינו,לדינו,1,0,60,,,,,,unresolved,No lexical entry yet.
לדינים,לדינימ,3,0,60,,,,,,unresolved,No lexical entry yet.
לדיקלא,לדיקלא,3,0,60,,,,,,unresolved,No lexical entry yet.
לדמות,לדמות,3,65,60,,,,,,claims_below_safe_min60,No strict claim >=60%.
לדעת,לדעת,23,95,60,claim-0ccd48adf25220e3 | claim-ab73bb72dc8c980f,to the nation | for the nation | belonging to the nation | of the nation | to know (properly | to ascertain by seeing ) | used in a great variety of senses | figuratively | literally | euphemistically and inferentially (including observation | care | recognition,OpenScriptures morphHB,H3045,CC BY 4.0,safe_claims_min60,
לדעתי,לדעתי,1,0,60,,,,,,unresolved,No lexical entry yet.
לדעתי׳,לדעתי׳,1,0,60,,,,,,unresolved,No lexical entry yet.
לדקדק,לדקדק,1,0,60,,,,,,unresolved,No lexical entry yet.
לדר׳,לדר׳,1,0,60,,,,,,unresolved,No lexical entry yet.
לדרבנן,לדרבננ,1,0,60,,,,,,unresolved,No lexical entry yet.
לדרוש,לדרוש,1,95,60,claim-2accaaa23a81e920,properly | to tread | frequent | usually to follow (for pursuit | search) | by implication | to seek | ask,OpenScriptures morphHB,H1875,CC BY 4.0,safe_claims_min60,
לדרישה,לדרישה,1,0,60,,,,,,unresolved,No lexical entry yet.
לדרישות,לדרישות,2,0,60,,,,,,unresolved,No lexical entry yet.
לדרשא,לדרשא,2,0,60,,,,,,unresolved,No lexical entry yet.
לה,לה,34,65,60,,,,,,claims_below_safe_min60,No strict claim >=60%.
להא,להא,4,95,60,claim-66b03c618b097454 | claim-9b27f82ff15d8c6b,to behold | for behold | of behold | to this | for this | of this | behold | this,Project-authored Aramaic grammar table,project-aramaic:ha,project-authored / CC0,safe_claims_min60,
להאב,להאב,1,0,60,,,,,,unresolved,No lexical entry yet.
להאומן,להאומנ,4,0,60,,,,,,unresolved,No lexical entry yet.
להאח,להאח,2,0,60,,,,,,unresolved,No lexical entry yet.
להאי,להאי,5,91,60,claim-f1b3c2d63b6af2d4 | claim-3cee6b39da63da90,to dry land | for dry land | of dry land | to a coast | for a coast | of a coast | to an island | for an island | properly | a habitable spot (as desirable) | dry land | a coast | an island | country | isle | island.,OpenScriptures morphHB,H339,CC BY 4.0,safe_claims_min60,
להאכילו,להאכילו,1,0,60,,,,,,unresolved,No lexical entry yet.
להאלים,להאלימ,2,0,60,,,,,,unresolved,No lexical entry yet.
להאמין,להאמינ,2,65,60,,,,,,claims_below_safe_min60,No strict claim >=60%.
להאמינו,להאמינו,5,0,60,,,,,,unresolved,No lexical entry yet.
להאמינם,להאמינמ,1,0,60,,,,,,unresolved,No lexical entry yet.
להביא,להביא,16,95,60,claim-1f60409dec56770f,to go | come (in a wide variety of applications) | abide | apply | attain | × be | befall | besiege,OpenScriptures morphHB,H935,CC BY 4.0,safe_claims_min60,
להביאם,להביאמ,1,95,60,claim-1f60409dec56770f,to go | come (in a wide variety of applications) | abide | apply | attain | × be | befall | besiege,OpenScriptures morphHB,H935,CC BY 4.0,safe_claims_min60,
להבין,להבינ,4,95,60,claim-f22d072e6b04626f,to separate mentally ( | distinguish ) | i.e.(generally) understand | attend | consider | be cunning | diligently | direct,OpenScriptures morphHB,H995,CC BY 4.0,safe_claims_min60,
להבן,להבנ,1,0,60,,,,,,unresolved,No lexical entry yet.
להבע״ד,להבע״ד,2,0,60,,,,,,unresolved,No lexical entry yet.
להבעה״מ,להבעה״מ,5,0,60,,,,,,unresolved,No lexical entry yet.
להבעה״ת,להבעה״ת,1,0,60,,,,,,unresolved,No lexical entry yet.
להבעלים,להבעלימ,3,0,60,,,,,,unresolved,No lexical entry yet.
להבצר,להבצר,2,0,60,,,,,,unresolved,No lexical entry yet.
להגבות,להגבות,2,0,60,,,,,,unresolved,No lexical entry yet.
להגיה,להגיה,1,0,60,,,,,,unresolved,No lexical entry yet.
להגרעק״א,להגרעק״א,1,0,60,,,,,,unresolved,No lexical entry yet.
להד״מ,להד״מ,16,0,60,,,,,,unresolved,No lexical entry yet.
להד״ם,להד״מ,5,0,60,,,,,,unresolved,No lexical entry yet.
להד״ת,להד״ת,2,0,60,,,,,,unresolved,No lexical entry yet.
להדיא,להדיא,26,0,60,,,,,,unresolved,No lexical entry yet.
להדין,להדינ,1,0,60,,,,,,unresolved,No lexical entry yet.
להדירה,להדירה,1,0,60,,,,,,unresolved,No lexical entry yet.
להדר״ג,להדר״ג,2,0,60,,,,,,unresolved,No lexical entry yet.
לההוא,לההוא,2,0,60,,,,,,unresolved,No lexical entry yet.
להו,להו,13,0,60,,,,,,unresolved,No lexical entry yet.
להודאה,להודאה,3,0,60,,,,,,unresolved,No lexical entry yet.
להודאת,להודאת,1,0,60,,,,,,unresolved,No lexical entry yet.
להודאתו,להודאתו,2,0,60,,,,,,unresolved,No lexical entry yet.
להודה,להודה,1,0,60,,,,,,unresolved,No lexical entry yet.
להודות,להודות,1,95,60,claim-32df65448bfe8b7a,physically | to throw (a stone | an arrow) at | away | especially to revere | worship (with extended hands) | intensively | to bemoan (by wringing the hands),OpenScriptures morphHB,H3034,CC BY 4.0,safe_claims_min60,
להוכיח,להוכיח,24,0,60,,,,,,unresolved,No lexical entry yet.
להוסיף,להוסיפ,8,0,60,,,,,,unresolved,No lexical entry yet.
להוציא,להוציא,53,95,60,claim-2ddc9365305f704e,to go (causatively | bring ) out | in a great variety of applications | literally and figuratively | direct and proxim. | × after | appear | × assuredly,OpenScriptures morphHB,H3318,CC BY 4.0,safe_claims_min60,
להוציאה,להוציאה,3,0,60,,,,,,unresolved,No lexical entry yet.
להוציאו,להוציאו,3,65,60,,,,,,claims_below_safe_min60,No strict claim >=60%.
להורגו,להורגו,2,0,60,,,,,,unresolved,No lexical entry yet.
להורות,להורות,1,65,60,,,,,,claims_below_safe_min60,No strict claim >=60%.
להזדקק,להזדקק,1,0,60,,,,,,unresolved,No lexical entry yet.
להזהר,להזהר,2,95,60,claim-579f5f824d5851c9,to gleam | figuratively | to enlighten (by caution) | admonish | shine | teach | (give) warn(-ing).,OpenScriptures morphHB,H2094,CC BY 4.0,safe_claims_min60,
להזימה,להזימה,1,0,60,,,,,,unresolved,No lexical entry yet.
להזיק,להזיק,4,0,60,,,,,,unresolved,No lexical entry yet.
להזיקו,להזיקו,1,0,60,,,,,,unresolved,No lexical entry yet.
להחוב,להחוב,1,0,60,,,,,,unresolved,No lexical entry yet.
להחזיק,להחזיק,12,95,60,claim-dbd014cfc0a69339,to fasten upon | hence | to seize | be strong (figuratively | courageous | causatively strengthen | cure | help,OpenScriptures morphHB,H2388,CC BY 4.0,safe_claims_min60,
להחזיקו,להחזיקו,2,0,60,,,,,,unresolved,No lexical entry yet.
להחזיר,להחזיר,14,65,60,,,,,,claims_below_safe_min60,No strict claim >=60%.
להחזירו,להחזירו,2,0,60,,,,,,unresolved,No lexical entry yet.
להחזירם,להחזירמ,1,0,60,,,,,,unresolved,No lexical entry yet.
להחליט,להחליט,1,52,60,,,,,,claims_below_safe_min60,No strict claim >=60%.
להחמיר,להחמיר,3,0,60,,,,,,unresolved,No lexical entry yet.
להחנוני,להחנוני,1,0,60,,,,,,unresolved,No lexical entry yet.
להטוען,להטוענ,1,0,60,,,,,,unresolved,No lexical entry yet.
להטיל,להטיל,3,65,60,,,,,,claims_below_safe_min60,No strict claim >=60%.
להיורש,להיורש,2,0,60,,,,,,unresolved,No lexical entry yet.
להיורשים,להיורשימ,3,0,60,,,,,,unresolved,No lexical entry yet.
להיות,להיות,57,95,60,claim-0c2fb56957476647,to exist | i.e. be | become | come to pass (always emphatic | and not a mere copula | auxiliary) | beacon | × altogether,OpenScriptures morphHB,H1961,CC BY 4.0,safe_claims_min60,
להיכא,להיכא,1,0,60,,,,,,unresolved,No lexical entry yet.
להיכי,להיכי,3,0,60,,,,,,unresolved,No lexical entry yet.
להילך,להילכ,1,0,60,,,,,,unresolved,No lexical entry yet.
להיסת,להיסת,1,0,60,,,,,,unresolved,No lexical entry yet.
להיפוך,להיפוכ,7,0,60,,,,,,unresolved,No lexical entry yet.
להיפטר,להיפטר,1,91,60,claim-6432fbda438d2e63 | claim-813eb277fa736368,to the burst through | for the burst through | of the burst through | to the dismiss | for the dismiss | of the dismiss | to the free | for the free | to cleave | burst through | i.e. (causatively) to emit | whether literal | figurative (gape) | dismiss | free | let (shoot) out,OpenScriptures morphHB,H6362,CC BY 4.0,safe_claims_min60,
להיתומים,להיתומימ,1,0,60,,,,,,unresolved,No lexical entry yet.
להך,להכ,2,0,60,,,,,,unresolved,No lexical entry yet.
להכותי,להכותי,1,0,60,,,,,,unresolved,No lexical entry yet.
להכחיש,להכחיש,4,0,60,,,,,,unresolved,No lexical entry yet.
להכחישו,להכחישו,1,0,60,,,,,,unresolved,No lexical entry yet.
להכיר,להכיר,2,65,60,,,,,,claims_below_safe_min60,No strict claim >=60%.
להכריח,להכריח,2,0,60,,,,,,unresolved,No lexical entry yet.
להכריע,להכריע,2,0,60,,,,,,unresolved,No lexical entry yet.
להלה,להלה,1,0,60,,,,,,unresolved,No lexical entry yet.
להלואה,להלואה,1,0,60,,,,,,unresolved,No lexical entry yet.
להלוה,להלוה,7,0,60,,,,,,unresolved,No lexical entry yet.
להלוות,להלוות,1,0,60,,,,,,unresolved,No lexical entry yet.
להלום,להלומ,1,0,60,,,,,,unresolved,No lexical entry yet.
להלכה,להלכה,6,0,60,,,,,,unresolved,No lexical entry yet.
להלן,להלנ,1,0,60,,,,,,unresolved,No lexical entry yet.
להם,להמ,32,65,60,,,,,,claims_below_safe_min60,No strict claim >=60%.
להמ״מ,להמ״מ,1,0,60,,,,,,unresolved,No lexical entry yet.
להמוכר,להמוכר,1,0,60,,,,,,unresolved,No lexical entry yet.
להמוכרים,להמוכרימ,1,0,60,,,,,,unresolved,No lexical entry yet.
להמוציא,להמוציא,1,0,60,,,,,,unresolved,No lexical entry yet.
להמזיק,להמזיק,1,0,60,,,,,,unresolved,No lexical entry yet.
להמחבר,להמחבר,1,0,60,,,,,,unresolved,No lexical entry yet.
להמחזיק,להמחזיק,6,91,60,claim-7a2fb77505963f2e | claim-dbd014cfc0a69339,to the hence | for the hence | of the hence | to the courageous | for the courageous | of the courageous | to the causatively strengthen | for the causatively strengthen | to fasten upon | hence | to seize | be strong (figuratively | courageous | causatively strengthen | cure | help,OpenScriptures morphHB,H2388,CC BY 4.0,safe_claims_min60,
להמית,להמית,1,0,60,,,,,,unresolved,No lexical entry yet.
להמלוה,להמלוה,11,0,60,,,,,,unresolved,No lexical entry yet.
להמערער,להמערער,5,0,60,,,,,,unresolved,No lexical entry yet.
להמשכון,להמשכונ,1,0,60,,,,,,unresolved,No lexical entry yet.
להן,להנ,5,65,60,,,,,,claims_below_safe_min60,No strict claim >=60%.
להנוטל,להנוטל,2,0,60,,,,,,unresolved,No lexical entry yet.
להנחבל,להנחבל,1,0,60,,,,,,unresolved,No lexical entry yet.
להניח,להניח,3,95,60,claim-ebb6c4edb3b7da99,to rest | i.e. settle down | used in a great variety of applications | literal and figurative | intransitive | transitive and causative (to dwell | stay | let fall,OpenScriptures morphHB,H5117,CC BY 4.0,safe_claims_min60,
להנערה,להנערה,1,0,60,,,,,,unresolved,No lexical entry yet.
להנשבע,להנשבע,1,0,60,,,,,,unresolved,No lexical entry yet.
להנתבע,להנתבע,22,0,60,,,,,,unresolved,No lexical entry yet.
להנתבעין,להנתבעינ,1,0,60,,,,,,unresolved,No lexical entry yet.
להסביר,להסביר,3,0,60,,,,,,unresolved,No lexical entry yet.
להסכים,להסכימ,1,0,60,,,,,,unresolved,No lexical entry yet.
להסתלק,להסתלק,3,0,60,,,,,,unresolved,No lexical entry yet.
להסתפק,להסתפק,1,0,60,,,,,,unresolved,No lexical entry yet.
להעד,להעד,4,0,60,,,,,,unresolved,No lexical entry yet.
להעדים,להעדימ,2,0,60,,,,,,unresolved,No lexical entry yet.
להעיד,להעיד,5,0,60,,,,,,unresolved,No lexical entry yet.
להעיז,להעיז,11,0,60,,,,,,unresolved,No lexical entry yet.
להעיר,להעיר,2,0,60,,,,,,unresolved,No lexical entry yet.
להעלים,להעלימ,1,0,60,,,,,,unresolved,No lexical entry yet.
להעמיד,להעמיד,8,95,60,claim-cf069253adeb29e7,to stand | in various relations (literal and figurative | intransitive and transitive) | abide (behind) | appoint | arise | cease | confirm,OpenScriptures morphHB,H5975,CC BY 4.0,safe_claims_min60,
להענישו,להענישו,1,0,60,,,,,,unresolved,No lexical entry yet.
להפה,להפה,1,91,60,claim-308b3356a840867a | claim-97ba7e319a54aaae,to portion | for portion | of portion | to side | for side | of side | the mouth (as the means of blowing ) | whether literal | figurative (particularly speech ) | specifically edge | portion | side | adverbially (with preposition) according to | accord(-ing as,OpenScriptures morphHB,H6310,CC BY 4.0,safe_claims_min60,
להפוך,להפוכ,1,0,60,,,,,,unresolved,No lexical entry yet.
להפוסקים,להפוסקימ,1,0,60,,,,,,unresolved,No lexical entry yet.
להפועלים,להפועלימ,1,0,60,,,,,,unresolved,No lexical entry yet.
להפטר,להפטר,5,65,60,,,,,,claims_below_safe_min60,No strict claim >=60%.
להפיס,להפיס,1,0,60,,,,,,unresolved,No lexical entry yet.
להפך,להפכ,13,95,60,claim-6e1260e84b46776a,a turn | i.e. the reverse | contrary.,OpenScriptures morphHB,H2016,CC BY 4.0,safe_claims_min60,
להפסיד,להפסיד,4,0,60,,,,,,unresolved,No lexical entry yet.
להפקיע,להפקיע,4,0,60,,,,,,unresolved,No lexical entry yet.
להפרע,להפרע,1,0,60,,,,,,unresolved,No lexical entry yet.
להצטרף,להצטרפ,1,0,60,,,,,,unresolved,No lexical entry yet.
להצריך,להצריכ,7,0,60,,,,,,unresolved,No lexical entry yet.
להצריכו,להצריכו,1,0,60,,,,,,unresolved,No lexical entry yet.
להקטן,להקטנ,1,0,60,,,,,,unresolved,No lexical entry yet.
להקל,להקל,4,95,60,claim-97cf51f4c9381e57,to be (causatively | make ) light | literally ( swift | small | sharp | etc.) | figuratively ( easy | trifling,OpenScriptures morphHB,H7043,CC BY 4.0,safe_claims_min60,
להקנות,להקנות,1,0,60,,,,,,unresolved,No lexical entry yet.
להקנותו,להקנותו,1,0,60,,,,,,unresolved,No lexical entry yet.
להקפיד,להקפיד,2,0,60,,,,,,unresolved,No lexical entry yet.
להקצוה״ח,להקצוה״ח,1,0,60,,,,,,unresolved,No lexical entry yet.
להקצר,להקצר,1,91,60,claim-876e885383b6a61d | claim-9a505608120d780a,to intransitive | for intransitive | of intransitive | to literal | for literal | of literal | to dock off | i.e. curtail (transitive | intransitive | literal | figurative) | especially to harvest (grass | grain) | × at all,OpenScriptures morphHB,H7114,CC BY 4.0,safe_claims_min60,
להקרקע,להקרקע,1,0,60,,,,,,unresolved,No lexical entry yet.
להקשות,להקשות,5,90,60,claim-12ee1b76715d8c25 | claim-651d1be096a5b80d | claim-fe5572d86b59c349,to percussion | for percussion | of percussion | percussion,Wikidata Lexeme | OpenScriptures HebrewLexicon,L208851 | H7184,CC0 | CC BY 4.0,safe_claims_min60,
להר״י,להר״י,1,0,60,,,,,,unresolved,No lexical entry yet.
להר״נ,להר״נ,1,0,60,,,,,,unresolved,No lexical entry yet.
להראב״ד,להראב״ד,1,0,60,,,,,,unresolved,No lexical entry yet.
להראות,להראות,13,95,60,claim-5335abdf69914831,to see | literally | figuratively (in numerous applications | direct and implied | transitive | intransitive and causative) | advise self | appear,OpenScriptures morphHB,H7200,CC BY 4.0,safe_claims_min60,
להרי״ף,להרי״פ,2,0,60,,,,,,unresolved,No lexical entry yet.
להריגה,להריגה,1,0,60,,,,,,unresolved,No lexical entry yet.
להרמב״ם,להרמב״מ,6,0,60,,,,,,unresolved,No lexical entry yet.
להרמב״ן,להרמב״נ,2,0,60,,,,,,unresolved,No lexical entry yet.
להרשב״א,להרשב״א,1,0,60,,,,,,unresolved,No lexical entry yet.
להרשב״ם,להרשב״מ,1,0,60,,,,,,unresolved,No lexical entry yet.
להשאיל,להשאיל,33,0,60,,,,,,unresolved,No lexical entry yet.
להשביע,להשביע,42,65,60,,,,,,claims_below_safe_min60,No strict claim >=60%.
להשביעו,להשביעו,5,0,60,,,,,,unresolved,No lexical entry yet.
להשבע,להשבע,5,0,60,,,,,,unresolved,No lexical entry yet.
להשבעה,להשבעה,1,0,60,,,,,,unresolved,No lexical entry yet.
להשוות,להשוות,1,63,60,,,,,,claims_below_safe_min60,No strict claim >=60%.
להשוכר,להשוכר,1,0,60,,,,,,unresolved,No lexical entry yet.
להשומר,להשומר,3,0,60,,,,,,unresolved,No lexical entry yet.
להשיא,להשיא,2,0,60,,,,,,unresolved,No lexical entry yet.
להשיאה,להשיאה,2,0,60,,,,,,unresolved,No lexical entry yet.
להשיג,להשיג,1,65,60,,,,,,claims_below_safe_min60,No strict claim >=60%.
להשיטות,להשיטות,1,77,60,claim-76ad55650e85f842,to the system | for the system | of the system | to the method | for the method | of the method,Wiktionary via Kaikki,kaikki-ae26e231f472,CC BY-SA 4.0 / GFDL,safe_claims_min60,
להשמיענו,להשמיענו,2,0,60,,,,,,unresolved,No lexical entry yet.
להשניה,להשניה,1,91,60,claim-ad6e7fefb829b090 | claim-d7799562126834ec,to alter | for alter | of alter | to change | for change | of change | alter | change | (be) diverse.,OpenScriptures morphHB,H8133,CC BY 4.0,safe_claims_min60,
להשתמש,להשתמש,2,0,60,,,,,,unresolved,No lexical entry yet.
להתבע,להתבע,3,0,60,,,,,,unresolved,No lexical entry yet.
להתברר,להתברר,1,0,60,,,,,,unresolved,No lexical entry yet.
להתובע,להתובע,6,0,60,,,,,,unresolved,No lexical entry yet.
להתחייב,להתחייב,1,0,60,,,,,,unresolved,No lexical entry yet.
להתחיל,להתחיל,3,65,60,,,,,,claims_below_safe_min60,No strict claim >=60%.
להתקנה,להתקנה,1,0,60,,,,,,unresolved,No lexical entry yet.
לו,לו,587,65,60,,,,,,claims_below_safe_min60,No strict claim >=60%.
לודאי,לודאי,1,0,60,,,,,,unresolved,No lexical entry yet.
לוה,לוה,21,0,60,,,,,,unresolved,No lexical entry yet.
לוי,לוי,8,93,60,claim-a06d796a72ac7b6e,"Levite, member of the Hebrew tribe of Levi | Levite | Levi",Wikidata Lexeme,L65916,CC0,safe_claims_min60,
לוית,לוית,4,0,60,,,,,,unresolved,No lexical entry yet.
לויתי,לויתי,16,0,60,,,,,,unresolved,No lexical entry yet.
לולא,לולא,1,65,60,,,,,,claims_below_safe_min60,No strict claim >=60%.
לולי,לולי,1,0,60,,,,,,unresolved,No lexical entry yet.
לומד,לומד,1,0,60,,,,,,unresolved,No lexical entry yet.
לומדין,לומדינ,3,0,60,,,,,,unresolved,No lexical entry yet.
לומר,לומר,338,93,60,claim-b466e54df6a2e08f,to communicate something by speech; to say,Wikidata Lexeme,L205030,CC0,safe_claims_min60,
לוסיף,לוסיפ,7,0,60,,,,,,unresolved,No lexical entry yet.
לוקח,לוקח,4,0,60,,,,,,unresolved,No lexical entry yet.
לוקט,לוקט,1,0,60,,,,,,unresolved,No lexical entry yet.
לוקי,לוקי,1,0,60,,,,,,unresolved,No lexical entry yet.
לותר,לותר,1,0,60,,,,,,unresolved,No lexical entry yet.
לזה,לזה,55,95,60,claim-2c153c1d677edecf,the masculine demonstrative pronoun | this | that | he | × hence | × here | it(-self) | × now,OpenScriptures morphHB,H2088,CC BY 4.0,safe_claims_min60,
לזכות,לזכות,16,63,60,,,,,,claims_below_safe_min60,No strict claim >=60%.
לזכותו,לזכותו,3,89,60,claim-955e7bb106ef98ee | claim-c31fc454bab21c50,"to rights | for rights | of rights | rights, fundamental legal, social, or ethical principles of freedom or entitlement according to some legal system, social convention, or ethical theory | rights",Wikidata Lexeme,L65072,CC0,safe_claims_min60,
לזכרון,לזכרונ,1,89,60,claim-45a456f28a6b6661 | claim-3974c84dfd789f4b,"to memory | for memory | of memory | memory, information stored in the mind, or the mental processes involved in receiving, storing, and retrieving this information | memory",Wikidata Lexeme,L65053,CC0,safe_claims_min60,
לזמן,לזמנ,2,0,60,,,,,,unresolved,No lexical entry yet.
לחבירו,לחבירו,17,0,60,,,,,,unresolved,No lexical entry yet.
לחבירי,לחבירי,1,0,60,,,,,,unresolved,No lexical entry yet.
לחברי׳,לחברי׳,1,0,60,,,,,,unresolved,No lexical entry yet.
לחבריה,לחבריה,1,0,60,,,,,,unresolved,No lexical entry yet.
לחדש,לחדש,6,65,60,,,,,,claims_below_safe_min60,No strict claim >=60%.
לחוב,לחוב,2,0,60,,,,,,unresolved,No lexical entry yet.
לחובה,לחובה,1,0,60,,,,,,unresolved,No lexical entry yet.
לחובתו,לחובתו,3,0,60,,,,,,unresolved,No lexical entry yet.
לחוד,לחוד,13,65,60,,,,,,claims_below_safe_min60,No strict claim >=60%.
לחודי׳,לחודי׳,1,0,60,,,,,,unresolved,No lexical entry yet.
לחוש,לחוש,4,65,60,,,,,,claims_below_safe_min60,No strict claim >=60%.
לחושדו,לחושדו,1,0,60,,,,,,unresolved,No lexical entry yet.
לחז״ל,לחז״ל,1,0,60,,,,,,unresolved,No lexical entry yet.
לחזור,לחזור,9,0,60,,,,,,unresolved,No lexical entry yet.
לחזק,לחזק,1,95,60,claim-dbd014cfc0a69339,to fasten upon | hence | to seize | be strong (figuratively | courageous | causatively strengthen | cure | help,OpenScriptures morphHB,H2388,CC BY 4.0,safe_claims_min60,
לחטים,לחטימ,1,0,60,,,,,,unresolved,No lexical entry yet.
לחידושו,לחידושו,1,0,60,,,,,,unresolved,No lexical entry yet.
לחיוב,לחיוב,5,0,60,,,,,,unresolved,No lexical entry yet.
לחיובי,לחיובי,1,0,60,,,,,,unresolved,No lexical entry yet.
לחייב,לחייב,35,0,60,,,,,,unresolved,No lexical entry yet.
לחייבו,לחייבו,16,0,60,,,,,,unresolved,No lexical entry yet.
לחייבני,לחייבני,1,0,60,,,,,,unresolved,No lexical entry yet.
לחלוק,לחלוק,5,0,60,,,,,,unresolved,No lexical entry yet.
לחלק,לחלק,36,65,60,,,,,,claims_below_safe_min60,No strict claim >=60%.
לחצר,לחצר,1,0,60,,,,,,unresolved,No lexical entry yet.
לחקור,לחקור,3,0,60,,,,,,unresolved,No lexical entry yet.
לחשוב,לחשוב,3,95,60,claim-d72b9447a8dda95a,Chashshub | the name of two | three Israelites | Hashub | Hasshub.,OpenScriptures HebrewLexicon,H2815,CC BY 4.0,safe_claims_min60,
לחשוד,לחשוד,4,0,60,,,,,,unresolved,No lexical entry yet.
לטלית,לטלית,2,0,60,,,,,,unresolved,No lexical entry yet.
לטעון,לטעונ,113,0,60,,,,,,unresolved,No lexical entry yet.
לטעם,לטעמ,3,0,60,,,,,,unresolved,No lexical entry yet.
לטעמא,לטעמא,7,0,60,,,,,,unresolved,No lexical entry yet.
לטעמי׳,לטעמי׳,1,0,60,,,,,,unresolved,No lexical entry yet.
לטעמיה,לטעמיה,2,0,60,,,,,,unresolved,No lexical entry yet.
לטענת,לטענת,11,0,60,,,,,,unresolved,No lexical entry yet.
לטרוף,לטרופ,1,0,60,,,,,,unresolved,No lexical entry yet.
לי,לי,253,95,60,claim-d9af897af3da6c67,to call out to (i.e. properly | address by name | but used in a wide variety of applications) | bewray (self) | that are bidden | call (for | forth | self,OpenScriptures morphHB,H7121,CC BY 4.0,safe_claims_min60,
לי׳,לי׳,25,0,60,,,,,,unresolved,No lexical entry yet.
ליבצר,ליבצר,9,0,60,,,,,,unresolved,No lexical entry yet.
ליד,ליד,4,0,60,,,,,,unresolved,No lexical entry yet.
לידו,לידו,27,0,60,,,,,,unresolved,No lexical entry yet.
לידי,לידי,9,95,60,claim-436709c331adfa2e,a hand (the open one [indicating power | means | direction | etc.] | in distinction from 3709 | the closed one) | used (as noun | adverb,OpenScriptures morphHB,H3027,CC BY 4.0,safe_claims_min60,
לידיה,לידיה,2,0,60,,,,,,unresolved,No lexical entry yet.
לידע,לידע,3,0,60,,,,,,unresolved,No lexical entry yet.
ליה,ליה,86,95,60,claim-b07946e7e032034b,a wreath | addition.,OpenScriptures HebrewLexicon,H3914,CC BY 4.0,safe_claims_min60,
ליהמני׳,ליהמני׳,4,0,60,,,,,,unresolved,No lexical entry yet.
ליהמניה,ליהמניה,2,0,60,,,,,,unresolved,No lexical entry yet.
ליהמנינהו,ליהמנינהו,1,0,60,,,,,,unresolved,No lexical entry yet.
ליהני,ליהני,1,0,60,,,,,,unresolved,No lexical entry yet.
ליהני׳,ליהני׳,1,0,60,,,,,,unresolved,No lexical entry yet.
ליורש,ליורש,7,0,60,,,,,,unresolved,No lexical entry yet.
ליורשים,ליורשימ,4,0,60,,,,,,unresolved,No lexical entry yet.
ליורשין,ליורשינ,1,0,60,,,,,,unresolved,No lexical entry yet.
ליזהר,ליזהר,1,0,60,,,,,,unresolved,No lexical entry yet.
ליחתום,ליחתומ,1,0,60,,,,,,unresolved,No lexical entry yet.
ליטול,ליטול,18,0,60,,,,,,unresolved,No lexical entry yet.
ליישב,ליישב,34,0,60,,,,,,unresolved,No lexical entry yet.
ליכא,ליכא,38,0,60,,,,,,unresolved,No lexical entry yet.
ליכנוס,ליכנוס,1,0,60,,,,,,unresolved,No lexical entry yet.
לימא,לימא,5,0,60,,,,,,unresolved,No lexical entry yet.
ליסוד,ליסוד,1,95,60,claim-92c7c66c8f1a35dd,to set (literally | figuratively) | intensively | to found | reflexively | to sit down together | i.e. settle | consult,OpenScriptures morphHB,H3245,CC BY 4.0,safe_claims_min60,
ליפטר,ליפטר,4,91,60,claim-f9f1f17e8b2e0af4 | claim-813eb277fa736368,to burst through | for burst through | of burst through | to dismiss | for dismiss | of dismiss | to free | for free | to cleave | burst through | i.e. (causatively) to emit | whether literal | figurative (gape) | dismiss | free | let (shoot) out,OpenScriptures morphHB,H6362,CC BY 4.0,safe_claims_min60,
ליפרוך,ליפרוכ,1,0,60,,,,,,unresolved,No lexical entry yet.
ליצא,ליצא,1,0,60,,,,,,unresolved,No lexical entry yet.
ליקח,ליקח,2,91,60,claim-5b43c86e0ccf4032 | claim-128eada3a0b17e84,to accept | for accept | of accept | to bring | for bring | of bring | to buy | for buy | to take (in the widest variety of applications) | accept | bring | buy | carry away | drawn | fetch | get,OpenScriptures morphHB,H3947,CC BY 4.0,safe_claims_min60,
ליקט,ליקט,2,0,60,,,,,,unresolved,No lexical entry yet.
ליקטן,ליקטנ,1,0,60,,,,,,unresolved,No lexical entry yet.
לישבע,לישבע,155,0,60,,,,,,unresolved,No lexical entry yet.
לישנא,לישנא,5,0,60,,,,,,unresolved,No lexical entry yet.
לישני,לישני,1,91,60,claim-9dbc5b67203ab60e | claim-b5811382f6aeacd7,to sleepy | for sleepy | of sleepy | to asleep | for asleep | of asleep | to slept | for slept | sleepy | asleep | (one out of) sleep(-eth | -ing) | slept.,OpenScriptures morphHB,H3463,CC BY 4.0,safe_claims_min60,
לית,לית,12,0,60,,,,,,unresolved,No lexical entry yet.
ליתא,ליתא,3,0,60,,,,,,unresolved,No lexical entry yet.
ליתו,ליתו,1,0,60,,,,,,unresolved,No lexical entry yet.
ליתומים,ליתומימ,11,0,60,,,,,,unresolved,No lexical entry yet.
ליתלש,ליתלש,2,0,60,,,,,,unresolved,No lexical entry yet.
ליתמי,ליתמי,4,0,60,,,,,,unresolved,No lexical entry yet.
ליתן,ליתנ,21,91,60,claim-b59eb24a54346947 | claim-6726506cb6a027e6,to make | for make | of make | to add | for add | of add | to apply | for apply | to give | used with greatest latitude of application ( put | make | etc.) | add | apply | appoint | ascribe,OpenScriptures morphHB,H5414,CC BY 4.0,safe_claims_min60,
ליתנם,ליתנמ,2,0,60,,,,,,unresolved,No lexical entry yet.
לך,לכ,101,65,60,,,,,,claims_below_safe_min60,No strict claim >=60%.
לכאורה,לכאורה,13,65,60,,,,,,claims_below_safe_min60,No strict claim >=60%.
לכאן,לכאנ,3,0,60,,,,,,unresolved,No lexical entry yet.
לכו״ע,לכו״ע,2,0,60,,,,,,unresolved,No lexical entry yet.
לכופר,לכופר,4,0,60,,,,,,unresolved,No lexical entry yet.
לכי,לכי,3,0,60,,,,,,unresolved,No lexical entry yet.
לכך,לככ,3,0,60,,,,,,unresolved,No lexical entry yet.
לכל,לכל,15,65,60,,,,,,claims_below_safe_min60,No strict claim >=60%.
לכלל,לכלל,2,65,60,,,,,,claims_below_safe_min60,No strict claim >=60%.
לכללא,לכללא,1,0,60,,,,,,unresolved,No lexical entry yet.
לכן,לכנ,88,65,60,,,,,,claims_below_safe_min60,No strict claim >=60%.
לכפול,לכפול,1,0,60,,,,,,unresolved,No lexical entry yet.
לכפור,לכפור,30,95,60,claim-0a2009dc7beda8f4,properly | a cover | i.e. (by implication) a tankard ( | covered goblet) | also white frost (as covering the ground) | bason | hoar(-y) frost.,OpenScriptures morphHB,H3713,CC BY 4.0,safe_claims_min60,
לכפל,לכפל,1,0,60,,,,,,unresolved,No lexical entry yet.
לכתוב,לכתוב,11,0,60,,,,,,unresolved,No lexical entry yet.
לכתחלה,לכתחלה,1,65,60,,,,,,claims_below_safe_min60,No strict claim >=60%.
ללא,ללא,2,93,60,claim-86b10ea90fecc3df,without,Wikidata Lexeme,L1319753,CC0,safe_claims_min60,
ללאה,ללאה,1,0,60,,,,,,unresolved,No lexical entry yet.
ללוה,ללוה,3,0,60,,,,,,unresolved,No lexical entry yet.
ללוי,ללוי,2,0,60,,,,,,unresolved,No lexical entry yet.
ללוקח,ללוקח,3,0,60,,,,,,unresolved,No lexical entry yet.
ללמד,ללמד,1,95,60,claim-7ffa4e8a3be9686e,properly | to goad | i.e. (by implication) to teach (the rod being an Oriental incentive ) | (un-) accustomed | × diligently | expert | instruct | learn,OpenScriptures HebrewLexicon,H3925,CC BY 4.0,safe_claims_min60,
ללמדנו,ללמדנו,1,91,60,claim-1904be37278615f8 | claim-7ffa4e8a3be9686e,our expert | our instruct | our learn | properly | to goad | i.e. (by implication) to teach (the rod being an Oriental incentive ) | (un-) accustomed | × diligently | expert | instruct | learn,OpenScriptures HebrewLexicon,H3925,CC BY 4.0,safe_claims_min60,
ללמוד,ללמוד,7,0,60,,,,,,unresolved,No lexical entry yet.
ללקוחות,ללקוחות,2,0,60,,,,,,unresolved,No lexical entry yet.
למ״ד,למ״ד,17,0,60,,,,,,unresolved,No lexical entry yet.
למ״ל,למ״ל,6,0,60,,,,,,unresolved,No lexical entry yet.
למאן,למאנ,7,0,60,,,,,,unresolved,No lexical entry yet.
למד,למד,5,65,60,,,,,,claims_below_safe_min60,No strict claim >=60%.
למדו,למדו,17,0,60,,,,,,unresolved,No lexical entry yet.
למדוהו,למדוהו,1,0,60,,,,,,unresolved,No lexical entry yet.
למדים,למדימ,1,0,60,,,,,,unresolved,No lexical entry yet.
למדין,למדינ,9,0,60,,,,,,unresolved,No lexical entry yet.
למה,למה,72,65,60,,,,,,claims_below_safe_min60,No strict claim >=60%.
למודה,למודה,1,0,60,,,,,,unresolved,No lexical entry yet.
למוחזק,למוחזק,3,0,60,,,,,,unresolved,No lexical entry yet.
למוכר,למוכר,3,0,60,,,,,,unresolved,No lexical entry yet.
למוכרו,למוכרו,1,0,60,,,,,,unresolved,No lexical entry yet.
למורישם,למורישמ,1,0,60,,,,,,unresolved,No lexical entry yet.
למורישן,למורישנ,1,0,60,,,,,,unresolved,No lexical entry yet.
למזבן,למזבנ,6,0,60,,,,,,unresolved,No lexical entry yet.
למחאה,למחאה,1,89,60,claim-f26865c7d2e053e9 | claim-fa42b4f7f2d2811b,to protest | for protest | of protest | protest,Wikidata Lexeme,L66157,CC0,safe_claims_min60,
למחוייב,למחוייב,3,0,60,,,,,,unresolved,No lexical entry yet.
למחול,למחול,5,0,60,,,,,,unresolved,No lexical entry yet.
למחות,למחות,4,95,60,claim-36b2039b644085e9,properly | to stroke | rub | by implication | to erase | also to smooth (as if with oil) | i.e. grease | make fat,OpenScriptures morphHB,H4229,CC BY 4.0,safe_claims_min60,
למחזיק,למחזיק,3,91,60,claim-108475f03fc5762a | claim-dbd014cfc0a69339,to hence | for hence | of hence | to courageous | for courageous | of courageous | to causatively strengthen | for causatively strengthen | to fasten upon | hence | to seize | be strong (figuratively | courageous | causatively strengthen | cure | help,OpenScriptures morphHB,H2388,CC BY 4.0,safe_claims_min60,
למחילה,למחילה,1,0,60,,,,,,unresolved,No lexical entry yet.
למטלטלין,למטלטלינ,1,0,60,,,,,,unresolved,No lexical entry yet.
למי,למי,19,65,60,,,,,,claims_below_safe_min60,No strict claim >=60%.
למיגו,למיגו,6,0,60,,,,,,unresolved,No lexical entry yet.
למיגזר,למיגזר,1,0,60,,,,,,unresolved,No lexical entry yet.
למיגזריה,למיגזריה,1,0,60,,,,,,unresolved,No lexical entry yet.
למיגר,למיגר,1,0,60,,,,,,unresolved,No lexical entry yet.
למידחי,למידחי,2,0,60,,,,,,unresolved,No lexical entry yet.
למידק,למידק,2,0,60,,,,,,unresolved,No lexical entry yet.
למיטען,למיטענ,2,0,60,,,,,,unresolved,No lexical entry yet.
למיכל,למיכל,3,0,60,,,,,,unresolved,No lexical entry yet.
למילי,למילי,2,0,60,,,,,,unresolved,No lexical entry yet.
למילף,למילפ,1,0,60,,,,,,unresolved,No lexical entry yet.
למימר,למימר,19,0,60,,,,,,unresolved,No lexical entry yet.
למימרא,למימרא,5,0,60,,,,,,unresolved,No lexical entry yet.
למינקט,למינקט,1,0,60,,,,,,unresolved,No lexical entry yet.
למיפטר,למיפטר,1,0,60,,,,,,unresolved,No lexical entry yet.
למיפטריה,למיפטריה,1,0,60,,,,,,unresolved,No lexical entry yet.
למירמי,למירמי,2,0,60,,,,,,unresolved,No lexical entry yet.
למיתבעיה,למיתבעיה,1,0,60,,,,,,unresolved,No lexical entry yet.
למיתלשינהו,למיתלשינהו,1,0,60,,,,,,unresolved,No lexical entry yet.
למיתני,למיתני,1,0,60,,,,,,unresolved,No lexical entry yet.
למיתתו,למיתתו,1,0,60,,,,,,unresolved,No lexical entry yet.
למכור,למכור,12,0,60,,,,,,unresolved,No lexical entry yet.
למכרו,למכרו,1,0,60,,,,,,unresolved,No lexical entry yet.
למכרן,למכרנ,1,0,60,,,,,,unresolved,No lexical entry yet.
למלא,למלא,4,95,60,claim-6adab7044a408ae4,to fill | (intransitively) be full of | in a wide application (literally and figuratively) | accomplish | confirm | consecrate | be at an end | be expired,OpenScriptures morphHB,H4390,CC BY 4.0,safe_claims_min60,
למלאות,למלאות,8,95,60,claim-6adab7044a408ae4,to fill | (intransitively) be full of | in a wide application (literally and figuratively) | accomplish | confirm | consecrate | be at an end | be expired,OpenScriptures morphHB,H4390,CC BY 4.0,safe_claims_min60,
למלאותם,למלאותמ,1,0,60,,,,,,unresolved,No lexical entry yet.
למלוה,למלוה,5,0,60,,,,,,unresolved,No lexical entry yet.
לממון,לממונ,10,0,60,,,,,,unresolved,No lexical entry yet.
למנה,למנה,1,0,60,,,,,,unresolved,No lexical entry yet.
למסור,למסור,2,0,60,,,,,,unresolved,No lexical entry yet.
למסקנא,למסקנא,2,0,60,,,,,,unresolved,No lexical entry yet.
למעוטי,למעוטי,1,0,60,,,,,,unresolved,No lexical entry yet.
למעט,למעט,3,95,60,claim-d4cbbc1ab6eca14e,a little | few (often adverbial | comparative) | almost (some | very) few(-er | -est) | lightly | little (while),OpenScriptures HebrewLexicon,H4592,CC BY 4.0,safe_claims_min60,
למעלה,למעלה,10,65,60,,,,,,claims_below_safe_min60,No strict claim >=60%.
למערער,למערער,3,0,60,,,,,,unresolved,No lexical entry yet.
למפקיד,למפקיד,1,0,60,,,,,,unresolved,No lexical entry yet.
למפרע,למפרע,1,0,60,,,,,,unresolved,No lexical entry yet.
למצוא,למצוא,2,95,60,claim-8b818eda46fcc65c,properly | to come forth to | i.e. appear | exist | transitively | to attain | i.e. find | acquire,OpenScriptures morphHB,H4672,CC BY 4.0,safe_claims_min60,
למציאות,למציאות,1,89,60,claim-193c581d9e02114e | claim-71effcca4ce4c712,to reality | for reality | of reality | reality,Wikidata Lexeme,L66479,CC0,safe_claims_min60,
למצר,למצר,1,0,60,,,,,,unresolved,No lexical entry yet.
למקום,למקומ,1,95,60,claim-2dd2ace5f333a49f,properly | a standing | i.e. a spot | but used widely of a locality (general | specific) | also (figuratively) of a condition (of body | mind) | country,OpenScriptures morphHB,H4725,CC BY 4.0,safe_claims_min60,
למקומה,למקומה,7,65,60,,,,,,claims_below_safe_min60,No strict claim >=60%.
למשכון,למשכונ,6,0,60,,,,,,unresolved,No lexical entry yet.
למשל,למשל,1,65,60,,,,,,claims_below_safe_min60,No strict claim >=60%.
למשמש,למשמש,1,0,60,,,,,,unresolved,No lexical entry yet.
למשקל,למשקל,1,90,60,claim-17bcb9aafc542d1a | claim-c9a34b78e71431fc | claim-96c9e1439db5ab5a,to meter | for meter | of meter | meter | Semitic morphological pattern,Wikidata Lexeme | OpenScriptures HebrewLexicon,L66598 | H4948,CC0 | CC BY 4.0,safe_claims_min60,
למשקלינהו,למשקלינהו,1,0,60,,,,,,unresolved,No lexical entry yet.
למשקר,למשקר,1,0,60,,,,,,unresolved,No lexical entry yet.
למשרי׳,למשרי׳,1,0,60,,,,,,unresolved,No lexical entry yet.
למתוך,למתוכ,1,0,60,,,,,,unresolved,No lexical entry yet.
למתלשינהו,למתלשינהו,1,0,60,,,,,,unresolved,No lexical entry yet.
למתנה,למתנה,3,65,60,,,,,,claims_below_safe_min60,No strict claim >=60%.
למתני׳,למתני׳,1,0,60,,,,,,unresolved,No lexical entry yet.
לן,לנ,21,0,60,,,,,,unresolved,No lexical entry yet.
לנאמנות,לנאמנות,2,0,60,,,,,,unresolved,No lexical entry yet.
לנו,לנו,35,95,60,claim-ebc1de922b235b5c,to stop (usually over night) | by implication | to stay permanently | hence (in a bad sense) to be obstinate (especially in words | to complain) | abide (all night) | continue | dwell,OpenScriptures morphHB,H3885,CC BY 4.0,safe_claims_min60,
לנותן,לנותנ,2,65,60,,,,,,claims_below_safe_min60,No strict claim >=60%.
לנטען,לנטענ,1,0,60,,,,,,unresolved,No lexical entry yet.
לנידון,לנידונ,1,0,60,,,,,,unresolved,No lexical entry yet.
לנכסיה,לנכסיה,5,0,60,,,,,,unresolved,No lexical entry yet.
לנכסיו,לנכסיו,6,0,60,,,,,,unresolved,No lexical entry yet.
לנפקד,לנפקד,1,0,60,,,,,,unresolved,No lexical entry yet.
לנפש,לנפש,1,0,60,,,,,,unresolved,No lexical entry yet.
לנפשיה,לנפשיה,1,0,60,,,,,,unresolved,No lexical entry yet.
לנשבעין,לנשבעינ,1,0,60,,,,,,unresolved,No lexical entry yet.
לנשואי,לנשואי,1,0,60,,,,,,unresolved,No lexical entry yet.
לנתבע,לנתבע,11,0,60,,,,,,unresolved,No lexical entry yet.
לסברא,לסברא,1,0,60,,,,,,unresolved,No lexical entry yet.
לסברת,לסברת,5,0,60,,,,,,unresolved,No lexical entry yet.
לסברתם,לסברתמ,1,0,60,,,,,,unresolved,No lexical entry yet.
לסדר,לסדר,1,65,60,,,,,,claims_below_safe_min60,No strict claim >=60%.
לסוף,לסופ,1,89,60,claim-9d2daebfef221b70 | claim-d2952ae5ee668067,to end | for end | of end | end,Wikidata Lexeme,L66964,CC0,safe_claims_min60,
לסי׳,לסי׳,1,95,60,claim-13243ae1311c77bc | claim-84207b412c021c15,to section | for section | of section | to sign | for sign | of sign | to siman | for siman | section | sign | siman,Project-authored abbreviation table,project-abbreviation:siman,project-authored / CC0,safe_claims_min60,
לסיועי,לסיועי,1,0,60,,,,,,unresolved,No lexical entry yet.
לסייע,לסייע,1,0,60,,,,,,unresolved,No lexical entry yet.
לסימן,לסימנ,2,89,60,claim-b516de56173757d5 | claim-fadfebeb587c5ec9,to sign | for sign | of sign | sign,Wikidata Lexeme,L67010,CC0,safe_claims_min60,
לסיני,לסיני,4,0,60,,,,,,unresolved,No lexical entry yet.
לספק,לספק,1,65,60,,,,,,claims_below_safe_min60,No strict claim >=60%.
לסתור,לסתור,1,0,60,,,,,,unresolved,No lexical entry yet.
לע״ע,לע״ע,1,0,60,,,,,,unresolved,No lexical entry yet.
לעבד,לעבד,8,65,60,,,,,,claims_below_safe_min60,No strict claim >=60%.
לעבדו,לעבדו,3,0,60,,,,,,unresolved,No lexical entry yet.
לעדות,לעדות,5,0,60,,,,,,unresolved,No lexical entry yet.
לעדים,לעדימ,2,0,60,,,,,,unresolved,No lexical entry yet.
לעולא,לעולא,1,0,60,,,,,,unresolved,No lexical entry yet.
לעולם,לעולמ,2,95,60,claim-00aa5cc0465f348d,properly | concealed | i.e. the vanishing point | generally | time out of mind (past | future) | i.e. (practically) eternity | frequentatively,OpenScriptures morphHB,H5769,CC BY 4.0,safe_claims_min60,
לעומת,לעומת,1,0,60,,,,,,unresolved,No lexical entry yet.
לעיין,לעיינ,6,0,60,,,,,,unresolved,No lexical entry yet.
לעיל,לעיל,9,0,60,,,,,,unresolved,No lexical entry yet.
לעיסה,לעיסה,4,0,60,,,,,,unresolved,No lexical entry yet.
לעיקר,לעיקר,3,0,60,,,,,,unresolved,No lexical entry yet.
לעכב,לעכב,1,0,60,,,,,,unresolved,No lexical entry yet.
לעלמא,לעלמא,5,91,60,claim-25e54b876d2bd61b | claim-ba35d87adfc619a7,to forever | for forever | of forever | to old | for old | of old | remote time | i.e. the future | past indefinitely | often adverb | forever | for (n-)ever (lasting) | old.,OpenScriptures morphHB,H5957,CC BY 4.0,safe_claims_min60,
לעמוד,לעמוד,2,65,60,,,,,,claims_below_safe_min60,No strict claim >=60%.
לענין,לענינ,72,65,60,,,,,,claims_below_safe_min60,No strict claim >=60%.
לענינינו,לענינינו,1,0,60,,,,,,unresolved,No lexical entry yet.
לעניננו,לעניננו,1,0,60,,,,,,unresolved,No lexical entry yet.
לעצם,לעצמ,2,0,60,,,,,,unresolved,No lexical entry yet.
לעצמה,לעצמה,1,0,60,,,,,,unresolved,No lexical entry yet.
לעצמו,לעצמו,3,65,60,,,,,,claims_below_safe_min60,No strict claim >=60%.
לערער,לערער,1,0,60,,,,,,unresolved,No lexical entry yet.
לעשות,לעשות,20,95,60,claim-0df0d6b30ebd9df5,to do | make | in the broadest sense and widest application | accomplish | advance | appoint | apt | be at,OpenScriptures morphHB,H6213,CC BY 4.0,safe_claims_min60,
לעשרה,לעשרה,1,0,60,,,,,,unresolved,No lexical entry yet.
לפדותן,לפדותנ,1,0,60,,,,,,unresolved,No lexical entry yet.
לפוגם,לפוגמ,3,0,60,,,,,,unresolved,No lexical entry yet.
לפוטרו,לפוטרו,4,0,60,,,,,,unresolved,No lexical entry yet.
לפחות,לפחות,4,65,60,,,,,,claims_below_safe_min60,No strict claim >=60%.
לפטור,לפטור,36,0,60,,,,,,unresolved,No lexical entry yet.
לפטרו,לפטרו,4,0,60,,,,,,unresolved,No lexical entry yet.
לפי,לפי,49,93,60,claim-35935cca29e1d969,according to/per,Wikidata Lexeme,L212495,CC0,safe_claims_min60,
לפי׳,לפי׳,2,95,60,claim-240cc5b3fdda6a33 | claim-0a6fec01f87dcef3,to explanation | for explanation | of explanation | to commentary | for commentary | of commentary | to meaning | for meaning | explanation | commentary | meaning,Project-authored abbreviation table,project-abbreviation:perush,project-authored / CC0,safe_claims_min60,
לפי״ז,לפי״ז,12,0,60,,,,,,unresolved,No lexical entry yet.
לפי״מ,לפי״מ,18,0,60,,,,,,unresolved,No lexical entry yet.
לפיו,לפיו,4,91,60,claim-ddf657a819656ac9 | claim-97ba7e319a54aaae,to portion | for portion | of portion | to side | for side | of side | the mouth (as the means of blowing ) | whether literal | figurative (particularly speech ) | specifically edge | portion | side | adverbially (with preposition) according to | accord(-ing as,OpenScriptures morphHB,H6310,CC BY 4.0,safe_claims_min60,
לפיכך,לפיככ,10,93,60,claim-a8d2e6bd1ed9e740,therefore,Wikidata Lexeme,L492156,CC0,safe_claims_min60,
לפימש״כ,לפימש״כ,6,0,60,,,,,,unresolved,No lexical entry yet.
לפירות,לפירות,9,77,60,claim-e0805c4f48c81bf6,to fruit | for fruit | of fruit,Wiktionary via Kaikki,kaikki-a5359e9b1e34,CC BY-SA 4.0 / GFDL,safe_claims_min60,
לפירי,לפירי,2,0,60,,,,,,unresolved,No lexical entry yet.
לפירש״י,לפירש״י,1,0,60,,,,,,unresolved,No lexical entry yet.
לפלוני,לפלוני,7,0,60,,,,,,unresolved,No lexical entry yet.
לפני,לפני,22,93,60,claim-b3b05c9f46e25838,before,Wikidata Lexeme,L491930,CC0,safe_claims_min60,
לפניהם,לפניהמ,1,93,60,claim-b3b05c9f46e25838,before,Wikidata Lexeme,L491930,CC0,safe_claims_min60,
לפנינו,לפנינו,5,93,60,claim-b3b05c9f46e25838,before,Wikidata Lexeme,L491930,CC0,safe_claims_min60,
לפסוק,לפסוק,22,0,60,,,,,,unresolved,No lexical entry yet.
לפענ״ד,לפענ״ד,1,0,60,,,,,,unresolved,No lexical entry yet.
לפקדון,לפקדונ,2,0,60,,,,,,unresolved,No lexical entry yet.
לפרוע,לפרוע,4,0,60,,,,,,unresolved,No lexical entry yet.
לפרנס,לפרנס,1,0,60,,,,,,unresolved,No lexical entry yet.
לפרנסה,לפרנסה,2,0,60,,,,,,unresolved,No lexical entry yet.
לפרעו,לפרעו,5,0,60,,,,,,unresolved,No lexical entry yet.
לפרעון,לפרעונ,4,0,60,,,,,,unresolved,No lexical entry yet.
לפרק,לפרק,1,0,60,,,,,,unresolved,No lexical entry yet.
לפרש,לפרש,38,95,60,claim-5f29b5b41d633b01,to separate | literally (to disperse) | figuratively (to specify) | also (by implication) to wound | scatter | declare | distinctly | shew,OpenScriptures morphHB,H6567,CC BY 4.0,safe_claims_min60,
לפרשו,לפרשו,1,0,60,,,,,,unresolved,No lexical entry yet.
לפרשם,לפרשמ,1,0,60,,,,,,unresolved,No lexical entry yet.
לפשוט,לפשוט,1,0,60,,,,,,unresolved,No lexical entry yet.
לצאת,לצאת,1,95,60,claim-2ddc9365305f704e,to go (causatively | bring ) out | in a great variety of applications | literally and figuratively | direct and proxim. | × after | appear | × assuredly,OpenScriptures morphHB,H3318,CC BY 4.0,safe_claims_min60,
לצד,לצד,1,95,60,claim-5a20def6d0302b7c,used adverbially (with preposition) at | upon the side of | against | concerning.,OpenScriptures morphHB,H6655,CC BY 4.0,safe_claims_min60,
לצרכו,לצרכו,1,0,60,,,,,,unresolved,No lexical entry yet.
לצרף,לצרפ,4,0,60,,,,,,unresolved,No lexical entry yet.
לקבוע,לקבוע,1,0,60,,,,,,unresolved,No lexical entry yet.
לקבל,לקבל,5,95,60,claim-a11c2a9fc4362310,(adverbially) in front of | usually (with other particles) on account of | so as | since | hence | according to | as | because,OpenScriptures HebrewLexicon,H6903,CC BY 4.0,safe_claims_min60,
לקדמה,לקדמה,2,0,60,,,,,,unresolved,No lexical entry yet.
לקדש,לקדש,1,65,60,,,,,,claims_below_safe_min60,No strict claim >=60%.
לקוח,לקוח,36,65,60,,,,,,claims_below_safe_min60,No strict claim >=60%.
לקוחה,לקוחה,12,0,60,,,,,,unresolved,No lexical entry yet.
לקוחות,לקוחות,1,0,60,,,,,,unresolved,No lexical entry yet.
לקוחים,לקוחימ,4,0,60,,,,,,unresolved,No lexical entry yet.
לקוחין,לקוחינ,2,0,60,,,,,,unresolved,No lexical entry yet.
לקולא,לקולא,2,0,60,,,,,,unresolved,No lexical entry yet.
לקוצצו,לקוצצו,1,0,60,,,,,,unresolved,No lexical entry yet.
לקושיא,לקושיא,1,0,60,,,,,,unresolved,No lexical entry yet.
לקושית,לקושית,1,0,60,,,,,,unresolved,No lexical entry yet.
לקח,לקח,6,65,60,,,,,,claims_below_safe_min60,No strict claim >=60%.
לקחה,לקחה,3,65,60,,,,,,claims_below_safe_min60,No strict claim >=60%.
לקחו,לקחו,1,65,60,,,,,,claims_below_safe_min60,No strict claim >=60%.
לקחם,לקחמ,2,0,60,,,,,,unresolved,No lexical entry yet.
לקחתי,לקחתי,6,0,60,,,,,,unresolved,No lexical entry yet.
לקחתיה,לקחתיה,5,0,60,,,,,,unresolved,No lexical entry yet.
לקטן,לקטנ,22,0,60,,,,,,unresolved,No lexical entry yet.
לקיטה,לקיטה,2,0,60,,,,,,unresolved,No lexical entry yet.
לקיטת,לקיטת,1,0,60,,,,,,unresolved,No lexical entry yet.
לקיים,לקיימ,1,0,60,,,,,,unresolved,No lexical entry yet.
לקיימו,לקיימו,22,0,60,,,,,,unresolved,No lexical entry yet.
לקיש,לקיש,1,0,60,,,,,,unresolved,No lexical entry yet.
לקמן,לקמנ,5,0,60,,,,,,unresolved,No lexical entry yet.
לקנוניא,לקנוניא,1,0,60,,,,,,unresolved,No lexical entry yet.
לקנות,לקנות,7,95,60,claim-6da5541c4d93d07e,to erect | i.e. create | by extension | to procure | especially by purchase (causatively | sell ) | by implication to own | attain,OpenScriptures morphHB,H7069,CC BY 4.0,safe_claims_min60,
לקנותה,לקנותה,1,0,60,,,,,,unresolved,No lexical entry yet.
לקנין,לקנינ,2,95,60,claim-bf9e5812ff3dc5a1,creation | i.e. (concretely) creatures | also acquisition | purchase | wealth | getting | goods | × with money,OpenScriptures HebrewLexicon,H7075,CC BY 4.0,safe_claims_min60,
לקציצה,לקציצה,1,0,60,,,,,,unresolved,No lexical entry yet.
לקרא,לקרא,1,95,60,claim-d9af897af3da6c67,to call out to (i.e. properly | address by name | but used in a wide variety of applications) | bewray (self) | that are bidden | call (for | forth | self,OpenScriptures morphHB,H7121,CC BY 4.0,safe_claims_min60,
לקרוע,לקרוע,2,0,60,,,,,,unresolved,No lexical entry yet.
לקרקע,לקרקע,23,0,60,,,,,,unresolved,No lexical entry yet.
לקרקעות,לקרקעות,3,0,60,,,,,,unresolved,No lexical entry yet.
לר׳,לר׳,2,0,60,,,,,,unresolved,No lexical entry yet.
לר״א,לר״א,1,0,60,,,,,,unresolved,No lexical entry yet.
לר״פ,לר״פ,1,0,60,,,,,,unresolved,No lexical entry yet.
לראב״י,לראב״י,3,0,60,,,,,,unresolved,No lexical entry yet.
לראובן,לראובנ,5,0,60,,,,,,unresolved,No lexical entry yet.
לראות,לראות,1,95,60,claim-5335abdf69914831,to see | literally | figuratively (in numerous applications | direct and implied | transitive | intransitive and causative) | advise self | appear,OpenScriptures morphHB,H7200,CC BY 4.0,safe_claims_min60,
לראשון,לראשונ,1,89,60,claim-4a881efc06c9488f | claim-fbe5f00ae808ddcc,to first | for first | of first | first,Wikidata Lexeme,L68024,CC0,safe_claims_min60,
לראשי,לראשי,1,0,60,,,,,,unresolved,No lexical entry yet.
לרב,לרב,4,0,60,,,,,,unresolved,No lexical entry yet.
לרבא,לרבא,3,0,60,,,,,,unresolved,No lexical entry yet.
לרבה,לרבה,2,0,60,,,,,,unresolved,No lexical entry yet.
לרבות,לרבות,1,90,60,claim-e1100ef28ff9178c | claim-3464a21cde3a59c9 | claim-9600bcb1ccb99bfa | claim-feccfb4627877c77 | claim-5b9f2e6b85c38e30 | claim-4749b497bebf33ce | claim-54bc435802948241,to rabbi | for rabbi | of rabbi | rabbi,Wikidata Lexeme | OpenScriptures morphHB,L68030 | H7227 | H7235 | H7238 | H7239 | H7379,CC0 | CC BY 4.0,safe_claims_min60,
לרבי,לרבי,2,0,60,,,,,,unresolved,No lexical entry yet.
לרבנן,לרבננ,9,0,60,,,,,,unresolved,No lexical entry yet.
לרחל,לרחל,2,0,60,,,,,,unresolved,No lexical entry yet.
לריב״א,לריב״א,1,0,60,,,,,,unresolved,No lexical entry yet.
לרמאות,לרמאות,1,0,60,,,,,,unresolved,No lexical entry yet.
לרמאי,לרמאי,4,0,60,,,,,,unresolved,No lexical entry yet.
לרמאים,לרמאימ,1,0,60,,,,,,unresolved,No lexical entry yet.
לרשות,לרשות,4,0,60,,,,,,unresolved,No lexical entry yet.
לרשותו,לרשותו,3,0,60,,,,,,unresolved,No lexical entry yet.
לשאול,לשאול,5,0,60,,,,,,unresolved,No lexical entry yet.
לשאלה,לשאלה,1,0,60,,,,,,unresolved,No lexical entry yet.
לשאר,לשאר,4,95,60,claim-8388df6a47283d20,a remainder | × other | remnant | residue | rest.,OpenScriptures morphHB,H7605,CC BY 4.0,safe_claims_min60,
לשבועה,לשבועה,18,0,60,,,,,,unresolved,No lexical entry yet.
"לשבועה""","לשבועה""",1,0,60,,,,,,unresolved,No lexical entry yet.
לשבועות,לשבועות,2,0,60,,,,,,unresolved,No lexical entry yet.
לשבועת,לשבועת,3,0,60,,,,,,unresolved,No lexical entry yet.
לשדה,לשדה,5,93,60,claim-c219995929914f56,"plant sap, plant secretion having many valued properties | plant sap",Wikidata Lexeme,L65976,CC0,safe_claims_min60,
לשום,לשומ,3,95,60,claim-428463a44ace814b,to put (used in a great variety of applications | literal | figurative | inferentially | and elliptically) | × any wise | appoint | bring,OpenScriptures morphHB,H7760,CC BY 4.0,safe_claims_min60,
לשומר,לשומר,9,0,60,,,,,,unresolved,No lexical entry yet.
לשומרו,לשומרו,1,0,60,,,,,,unresolved,No lexical entry yet.
לשון,לשונ,23,93,60,claim-58d387440acda539,"tongue, Muscular organ in the mouth | tongue",Wikidata Lexeme,L65977,CC0,safe_claims_min60,
לשונו,לשונו,1,0,60,,,,,,unresolved,No lexical entry yet.
לשורי,לשורי,1,0,60,,,,,,unresolved,No lexical entry yet.
לשטר,לשטר,2,0,60,,,,,,unresolved,No lexical entry yet.
לשטרא,לשטרא,6,0,60,,,,,,unresolved,No lexical entry yet.
לשי׳,לשי׳,1,0,60,,,,,,unresolved,No lexical entry yet.
לשיטות,לשיטות,1,77,60,claim-e1e062275b795f59,to system | for system | of system | to method | for method | of method,Wiktionary via Kaikki,kaikki-ae26e231f472,CC BY-SA 4.0 / GFDL,safe_claims_min60,
לשיטת,לשיטת,19,0,60,,,,,,unresolved,No lexical entry yet.
לשיטתו,לשיטתו,10,0,60,,,,,,unresolved,No lexical entry yet.
לשיטתם,לשיטתמ,4,0,60,,,,,,unresolved,No lexical entry yet.
לשכור,לשכור,1,0,60,,,,,,unresolved,No lexical entry yet.
לשכיר,לשכיר,1,0,60,,,,,,unresolved,No lexical entry yet.
לשליח,לשליח,1,0,60,,,,,,unresolved,No lexical entry yet.
לשלם,לשלמ,124,0,60,,,,,,unresolved,No lexical entry yet.
לשם,לשמ,25,93,60,claim-be031aaef84f0901,"Leshem, biblical gem | Leshem",Wikidata Lexeme,L65980,CC0,safe_claims_min60,
לשמא,לשמא,1,0,60,,,,,,unresolved,No lexical entry yet.
לשמואל,לשמואל,1,0,60,,,,,,unresolved,No lexical entry yet.
לשמור,לשמור,3,95,60,claim-bc256dd2586aeabb,properly | to hedge about (as with thorns) | i.e. guard | generally | to protect | attend to | etc. | beward,OpenScriptures HebrewLexicon,H8104,CC BY 4.0,safe_claims_min60,
לשמירה,לשמירה,1,0,60,,,,,,unresolved,No lexical entry yet.
לשמעון,לשמעונ,19,0,60,,,,,,unresolved,No lexical entry yet.
לשמרו,לשמרו,1,0,60,,,,,,unresolved,No lexical entry yet.
לשנויי,לשנויי,2,0,60,,,,,,unresolved,No lexical entry yet.
לשני,לשני,2,65,60,,,,,,claims_below_safe_min60,No strict claim >=60%.
לשניהם,לשניהמ,2,0,60,,,,,,unresolved,No lexical entry yet.
לשנים,לשנימ,1,0,60,,,,,,unresolved,No lexical entry yet.
לשעבוד,לשעבוד,2,0,60,,,,,,unresolved,No lexical entry yet.
לשעבודו,לשעבודו,5,0,60,,,,,,unresolved,No lexical entry yet.
לשפחה,לשפחה,1,0,60,,,,,,unresolved,No lexical entry yet.
לשקר,לשקר,3,0,60,,,,,,unresolved,No lexical entry yet.
לת״ק,לת״ק,1,0,60,,,,,,unresolved,No lexical entry yet.
לתבוע,לתבוע,12,0,60,,,,,,unresolved,No lexical entry yet.
לתביעה,לתביעה,7,0,60,,,,,,unresolved,No lexical entry yet.
לתביעת,לתביעת,1,0,60,,,,,,unresolved,No lexical entry yet.
לתבעו,לתבעו,2,0,60,,,,,,unresolved,No lexical entry yet.
לתבעם,לתבעמ,1,0,60,,,,,,unresolved,No lexical entry yet.
לתובע,לתובע,2,0,60,,,,,,unresolved,No lexical entry yet.
לתוך,לתוכ,3,65,60,,,,,,claims_below_safe_min60,No strict claim >=60%.
לתוס׳,לתוס׳,1,0,60,,,,,,unresolved,No lexical entry yet.
לתי׳,לתי׳,1,0,60,,,,,,unresolved,No lexical entry yet.
לתירוצו,לתירוצו,1,0,60,,,,,,unresolved,No lexical entry yet.
לתלוש,לתלוש,1,0,60,,,,,,unresolved,No lexical entry yet.
לתלות,לתלות,4,95,60,claim-1ec442174698036c,to suspend (especially to gibbet) | hang (up).,OpenScriptures morphHB,H8518,CC BY 4.0,safe_claims_min60,
לתמוה,לתמוה,1,0,60,,,,,,unresolved,No lexical entry yet.
לתנא,לתנא,1,0,60,,,,,,unresolved,No lexical entry yet.
לתפוס,לתפוס,4,0,60,,,,,,unresolved,No lexical entry yet.
לתפסו,לתפסו,1,0,60,,,,,,unresolved,No lexical entry yet.
לתפסן,לתפסנ,1,0,60,,,,,,unresolved,No lexical entry yet.
לתקן,לתקנ,25,95,60,claim-50762a6ea593e66b,to equalize | i.e. straighten (intransitive | transitive) | figuratively | to compose | set in order | make straight.,OpenScriptures morphHB,H8626,CC BY 4.0,safe_claims_min60,
לתקנו,לתקנו,4,0,60,,,,,,unresolved,No lexical entry yet.
לתרץ,לתרצ,6,0,60,,,,,,unresolved,No lexical entry yet.
לתתם,לתתמ,1,0,60,,,,,,unresolved,No lexical entry yet.
מ,מ,1,0,60,,,,,,unresolved,No lexical entry yet.
מ׳,מ׳,7,0,60,,,,,,unresolved,No lexical entry yet.
מ״א,מ״א,4,0,60,,,,,,unresolved,No lexical entry yet.
מ״ב,מ״ב,3,0,60,,,,,,unresolved,No lexical entry yet.
מ״ג,מ״ג,2,0,60,,,,,,unresolved,No lexical entry yet.
מ״ד,מ״ד,12,0,60,,,,,,unresolved,No lexical entry yet.
מ״ו,מ״ו,1,0,60,,,,,,unresolved,No lexical entry yet.
מ״ז,מ״ז,4,0,60,,,,,,unresolved,No lexical entry yet.
מ״ח,מ״ח,1,0,60,,,,,,unresolved,No lexical entry yet.
מ״ט,מ״ט,4,0,60,,,,,,unresolved,No lexical entry yet.
מ״מ,מ״מ,88,99,60,claim-be385e03012bc7be,nevertheless | in any case,Project-authored abbreviation table,project-abbreviation:mem-mem,project-authored / CC0,safe_claims_min60,
מ״ש,מ״ש,2,0,60,,,,,,unresolved,No lexical entry yet.
מ״ת,מ״ת,1,0,60,,,,,,unresolved,No lexical entry yet.
מאביהם,מאביהמ,2,0,60,,,,,,unresolved,No lexical entry yet.
מאד,מאד,1,65,60,,,,,,claims_below_safe_min60,No strict claim >=60%.
מאדם,מאדמ,1,0,60,,,,,,unresolved,No lexical entry yet.
מאה,מאה,4,0,60,,,,,,unresolved,No lexical entry yet.
מאוד,מאוד,4,0,60,,,,,,unresolved,No lexical entry yet.
מאוחרת,מאוחרת,1,0,60,,,,,,unresolved,No lexical entry yet.
מאומר,מאומר,1,0,60,,,,,,unresolved,No lexical entry yet.
מאותה,מאותה,2,65,60,,,,,,claims_below_safe_min60,No strict claim >=60%.
מאותו,מאותו,3,95,60,claim-57ee5a65f8590445,properly | self (but generally used to point out more definitely the object of a verb | preposition | even | namely ) | [as such unrepresented in English].,OpenScriptures morphHB,H853,CC BY 4.0,safe_claims_min60,
מאחד,מאחד,2,65,60,,,,,,claims_below_safe_min60,No strict claim >=60%.
מאחר,מאחר,5,0,60,,,,,,unresolved,No lexical entry yet.
מאי,מאי,35,0,60,,,,,,unresolved,No lexical entry yet.
מאיזה,מאיזה,2,0,60,,,,,,unresolved,No lexical entry yet.
מאינה,מאינה,1,0,60,,,,,,unresolved,No lexical entry yet.
מאיר,מאיר,1,95,60,claim-8986f505cefebf43,to be (causative | make ) luminous (literally and metaphorically) | × break of day | glorious | kindle | (be | en- | give,OpenScriptures HebrewLexicon,H215,CC BY 4.0,safe_claims_min60,
מאיש,מאיש,5,0,60,,,,,,unresolved,No lexical entry yet.
מאכילו,מאכילו,1,0,60,,,,,,unresolved,No lexical entry yet.
מאכל,מאכל,1,65,60,,,,,,claims_below_safe_min60,No strict claim >=60%.
מאלים,מאלימ,6,0,60,,,,,,unresolved,No lexical entry yet.
מאלימה,מאלימה,1,0,60,,,,,,unresolved,No lexical entry yet.
מאמין,מאמינ,3,65,60,,,,,,claims_below_safe_min60,No strict claim >=60%.
מאמינו,מאמינו,4,0,60,,,,,,unresolved,No lexical entry yet.
מאמינים,מאמינימ,6,0,60,,,,,,unresolved,No lexical entry yet.
מאמר,מאמר,1,93,60,claim-96c5955dfc78b63b,"article, text that forms an independent part of a publication | article",Wikidata Lexeme,L66001,CC0,safe_claims_min60,
מאן,מאנ,9,0,60,,,,,,unresolved,No lexical entry yet.
מארוסה,מארוסה,1,0,60,,,,,,unresolved,No lexical entry yet.
מאריה,מאריה,1,0,60,,,,,,unresolved,No lexical entry yet.
מאשר,מאשר,1,65,60,,,,,,claims_below_safe_min60,No strict claim >=60%.
מאתים,מאתימ,3,0,60,,,,,,unresolved,No lexical entry yet.
מב״ב,מב״ב,1,0,60,,,,,,unresolved,No lexical entry yet.
מב״מ,מב״מ,3,0,60,,,,,,unresolved,No lexical entry yet.
מבאר,מבאר,1,65,60,,,,,,claims_below_safe_min60,No strict claim >=60%.
מבואר,מבואר,35,0,60,,,,,,unresolved,No lexical entry yet.
מבוארים,מבוארימ,6,0,60,,,,,,unresolved,No lexical entry yet.
מבורר,מבורר,8,0,60,,,,,,unresolved,No lexical entry yet.
מבטל,מבטל,1,0,60,,,,,,unresolved,No lexical entry yet.
מבטלין,מבטלינ,2,0,60,,,,,,unresolved,No lexical entry yet.
מביא,מביא,19,65,60,,,,,,claims_below_safe_min60,No strict claim >=60%.
מביאין,מביאינ,2,0,60,,,,,,unresolved,No lexical entry yet.
מביט,מביט,1,0,60,,,,,,unresolved,No lexical entry yet.
מבין,מבינ,1,93,60,claim-e4890dc6e670ff3f,to grasp the meaning of,Wikidata Lexeme,L206861,CC0,safe_claims_min60,
מבית,מבית,3,65,60,,,,,,claims_below_safe_min60,No strict claim >=60%.
מביתו,מביתו,1,0,60,,,,,,unresolved,No lexical entry yet.
מביתי,מביתי,1,0,60,,,,,,unresolved,No lexical entry yet.
מבנ״ח,מבנ״ח,1,0,60,,,,,,unresolved,No lexical entry yet.
מבע״ח,מבע״ח,1,0,60,,,,,,unresolved,No lexical entry yet.
מבעל,מבעל,2,0,60,,,,,,unresolved,No lexical entry yet.
מברייתא,מברייתא,2,0,60,,,,,,unresolved,No lexical entry yet.
מברר,מברר,7,0,60,,,,,,unresolved,No lexical entry yet.
מבררים,מבררימ,1,0,60,,,,,,unresolved,No lexical entry yet.
מגבית,מגבית,1,0,60,,,,,,unresolved,No lexical entry yet.
מגדיל,מגדיל,1,0,60,,,,,,unresolved,No lexical entry yet.
מגדר,מגדר,1,0,60,,,,,,unresolved,No lexical entry yet.
מגדרי,מגדרי,4,0,60,,,,,,unresolved,No lexical entry yet.
מגודרות,מגודרות,1,0,60,,,,,,unresolved,No lexical entry yet.
מגופו,מגופו,1,0,60,,,,,,unresolved,No lexical entry yet.
מגיע,מגיע,3,65,60,,,,,,claims_below_safe_min60,No strict claim >=60%.
מגלא,מגלא,2,0,60,,,,,,unresolved,No lexical entry yet.
מגלגול,מגלגול,2,0,60,,,,,,unresolved,No lexical entry yet.
מגלגל,מגלגל,9,0,60,,,,,,unresolved,No lexical entry yet.
מגלגלין,מגלגלינ,13,0,60,,,,,,unresolved,No lexical entry yet.
מגלה,מגלה,1,65,60,,,,,,claims_below_safe_min60,No strict claim >=60%.
מגליונות,מגליונות,1,0,60,,,,,,unresolved,No lexical entry yet.
מגמ׳,מגמ׳,2,0,60,,,,,,unresolved,No lexical entry yet.
מגעת,מגעת,5,95,60,claim-c3b1d434222eb35b,properly | to touch | i.e. lay the hand upon (for any purpose | euphemistically | to lie with a woman) | by implication | to reach (figuratively | to arrive,OpenScriptures morphHB,H5060,CC BY 4.0,safe_claims_min60,
מגרע,מגרע,1,0,60,,,,,,unresolved,No lexical entry yet.
מד׳,מד׳,21,88,60,claim-fabaf5e3a06cd43a | claim-6a429f3792581302,from the Name | of the Name | from God | of God | the Name | YHWH | God,Curated lexical entry,lex-yhwh-h3068,source metadata incomplete,safe_claims_min60,
מד״ת,מד״ת,1,0,60,,,,,,unresolved,No lexical entry yet.
מדאגבהי׳,מדאגבהי׳,1,0,60,,,,,,unresolved,No lexical entry yet.
מדאורייתא,מדאורייתא,6,0,60,,,,,,unresolved,No lexical entry yet.
מדאין,מדאינ,1,95,60,claim-c18cdcf215729693 | claim-e35b2562e8c66e06,from that there is not | of that there is not | from for there is not | of for there is not | that there is not | for there is not,Project-authored Aramaic grammar table,project-aramaic:de-ein,project-authored / CC0,safe_claims_min60,
מדברי,מדברי,60,65,60,,,,,,claims_below_safe_min60,No strict claim >=60%.
מדבריהם,מדבריהמ,7,95,60,claim-3fa46add6f3b0eef,a word | by implication | a matter (as spoken of) | thing | adverbially | a cause | act | advice,OpenScriptures morphHB,H1697,CC BY 4.0,safe_claims_min60,
מדבריו,מדבריו,13,91,60,claim-06f0aa43b61366f1 | claim-3fa46add6f3b0eef,from a word | of a word | from thing | of thing | from adverbially | of adverbially | from a cause | of a cause | a word | by implication | a matter (as spoken of) | thing | adverbially | a cause | act | advice,OpenScriptures morphHB,H1697,CC BY 4.0,safe_claims_min60,
מדברים,מדברימ,2,93,60,claim-d3cfc38e86fdca5d,"desert, barren area of land where little precipitation occurs | desert",Wikidata Lexeme,L66046,CC0,safe_claims_min60,
מדובר,מדובר,1,0,60,,,,,,unresolved,No lexical entry yet.
מדויק,מדויק,2,0,60,,,,,,unresolved,No lexical entry yet.
מדוקדקים,מדוקדקימ,1,0,60,,,,,,unresolved,No lexical entry yet.
מדטוענין,מדטוענינ,1,0,60,,,,,,unresolved,No lexical entry yet.
מדין,מדינ,48,0,60,,,,,,unresolved,No lexical entry yet.
מדינא,מדינא,3,0,60,,,,,,unresolved,No lexical entry yet.
מדינים,מדינימ,1,0,60,,,,,,unresolved,No lexical entry yet.
מדכתב,מדכתב,2,0,60,,,,,,unresolved,No lexical entry yet.
מדכתיב,מדכתיב,1,0,60,,,,,,unresolved,No lexical entry yet.
מדלא,מדלא,10,95,60,claim-bb6bf27edfd2e538 | claim-5dfae68433b864c9,from that not | of that not | from which does not | of which does not | from without | of without | that not | which does not | without,Project-authored Aramaic grammar table,project-aramaic:dela,project-authored / CC0,safe_claims_min60,
מדמי,מדמי,1,0,60,,,,,,unresolved,No lexical entry yet.
מדמיה,מדמיה,1,0,60,,,,,,unresolved,No lexical entry yet.
מדמיו,מדמיו,1,91,60,claim-0e4eaabb6b97e059 | claim-d0fe3ed857fd502b,from an animal | of an animal | from by analogy | of by analogy | from the juice of the grape | of the juice of the grape | from -guiltiness | of -guiltiness | blood (as that which when shed causes death) of man | an animal | by analogy | the juice of the grape | figuratively (especially in the plural) bloodshed (i.e. drops of blood) | blood(-y | -guiltiness | (-thirsty),OpenScriptures morphHB,H1818,CC BY 4.0,safe_claims_min60,
מדמכר,מדמכר,1,0,60,,,,,,unresolved,No lexical entry yet.
מדמכרו,מדמכרו,1,0,60,,,,,,unresolved,No lexical entry yet.
מדעת,מדעת,2,65,60,,,,,,claims_below_safe_min60,No strict claim >=60%.
מדעתו,מדעתו,2,0,60,,,,,,unresolved,No lexical entry yet.
מדקתני,מדקתני,1,0,60,,,,,,unresolved,No lexical entry yet.
מדר׳,מדר׳,1,0,60,,,,,,unresolved,No lexical entry yet.
מדרב,מדרב,1,0,60,,,,,,unresolved,No lexical entry yet.
מדרבנן,מדרבננ,10,0,60,,,,,,unresolved,No lexical entry yet.
מדרשא,מדרשא,1,0,60,,,,,,unresolved,No lexical entry yet.
מדתני,מדתני,2,0,60,,,,,,unresolved,No lexical entry yet.
מה,מה,304,99,60,claim-e5a0fd48343918ba,what | what which | how,Project-authored function word table,project-function-word:mah,project-authored / CC0,safe_claims_min60,
מה׳,מה׳,6,0,60,,,,,,unresolved,No lexical entry yet.
מה״ת,מה״ת,9,0,60,,,,,,unresolved,No lexical entry yet.
מהא,מהא,50,95,60,claim-ef5aa230ac5d8ebc | claim-9b27f82ff15d8c6b,from behold | of behold | from this | of this | behold | this,Project-authored Aramaic grammar table,project-aramaic:ha,project-authored / CC0,safe_claims_min60,
מהאומן,מהאומנ,4,0,60,,,,,,unresolved,No lexical entry yet.
מהאי,מהאי,2,91,60,claim-fe53f4f3aebc65f7 | claim-3cee6b39da63da90,from dry land | of dry land | from a coast | of a coast | from an island | of an island | from country | of country | properly | a habitable spot (as desirable) | dry land | a coast | an island | country | isle | island.,OpenScriptures morphHB,H339,CC BY 4.0,safe_claims_min60,
מהב״י,מהב״י,1,0,60,,,,,,unresolved,No lexical entry yet.
מהבעלים,מהבעלימ,1,0,60,,,,,,unresolved,No lexical entry yet.
מהברייתא,מהברייתא,3,0,60,,,,,,unresolved,No lexical entry yet.
מהגלגול,מהגלגול,1,0,60,,,,,,unresolved,No lexical entry yet.
מהגמ׳,מהגמ׳,5,0,60,,,,,,unresolved,No lexical entry yet.
מההוא,מההוא,3,0,60,,,,,,unresolved,No lexical entry yet.
מההיא,מההיא,2,0,60,,,,,,unresolved,No lexical entry yet.
מההלכה,מההלכה,2,0,60,,,,,,unresolved,No lexical entry yet.
מהו,מהו,1,0,60,,,,,,unresolved,No lexical entry yet.
מהופך,מהופכ,1,0,60,,,,,,unresolved,No lexical entry yet.
מהחפץ,מהחפצ,1,0,60,,,,,,unresolved,No lexical entry yet.
מהטענות,מהטענות,3,0,60,,,,,,unresolved,No lexical entry yet.
מהיום,מהיומ,1,89,60,claim-13c39c449c601ed9 | claim-b35bd5308d6dd3d0,from the daylight | of the daylight | daylight,Wikidata Lexeme,L65548,CC0,safe_claims_min60,
מהיכי,מהיכי,3,0,60,,,,,,unresolved,No lexical entry yet.
מהימן,מהימנ,11,0,60,,,,,,unresolved,No lexical entry yet.
מהימנת,מהימנת,2,0,60,,,,,,unresolved,No lexical entry yet.
מהירושלמי,מהירושלמי,5,0,60,,,,,,unresolved,No lexical entry yet.
מהל׳,מהל׳,85,0,60,,,,,,unresolved,No lexical entry yet.
מהלוה,מהלוה,5,0,60,,,,,,unresolved,No lexical entry yet.
מהלוקח,מהלוקח,1,0,60,,,,,,unresolved,No lexical entry yet.
מהלכה,מהלכה,1,65,60,,,,,,claims_below_safe_min60,No strict claim >=60%.
מהלכות,מהלכות,2,0,60,,,,,,unresolved,No lexical entry yet.
מהלקוחות,מהלקוחות,1,0,60,,,,,,unresolved,No lexical entry yet.
מהם,מהמ,14,65,60,,,,,,claims_below_safe_min60,No strict claim >=60%.
מהמבואר,מהמבואר,1,0,60,,,,,,unresolved,No lexical entry yet.
מהמוחזק,מהמוחזק,2,0,60,,,,,,unresolved,No lexical entry yet.
מהמחזיק,מהמחזיק,3,91,60,claim-737cedfb79dd4ff2 | claim-dbd014cfc0a69339,from the hence | of the hence | from the courageous | of the courageous | from the causatively strengthen | of the causatively strengthen | from the cure | of the cure | to fasten upon | hence | to seize | be strong (figuratively | courageous | causatively strengthen | cure | help,OpenScriptures morphHB,H2388,CC BY 4.0,safe_claims_min60,
מהמחליף,מהמחליפ,1,0,60,,,,,,unresolved,No lexical entry yet.
מהמטלטלין,מהמטלטלינ,1,0,60,,,,,,unresolved,No lexical entry yet.
מהמערער,מהמערער,11,0,60,,,,,,unresolved,No lexical entry yet.
מהמפרנס,מהמפרנס,1,0,60,,,,,,unresolved,No lexical entry yet.
מהמקדש,מהמקדש,1,0,60,,,,,,unresolved,No lexical entry yet.
מהמשכון,מהמשכונ,1,0,60,,,,,,unresolved,No lexical entry yet.
מהמשנה,מהמשנה,1,91,60,claim-4b24e355f3deab1a | claim-3761e26cde358db2,from a repetition | of a repetition | from rank | of rank | from age | of age | properly | a repetition | i.e. a duplicate ( copy of a document) | a double (in amount) | by implication | a second (in order | rank | age,OpenScriptures morphHB,H4932,CC BY 4.0,safe_claims_min60,
מהן,מהנ,3,65,60,,,,,,claims_below_safe_min60,No strict claim >=60%.
מהנוטל,מהנוטל,1,0,60,,,,,,unresolved,No lexical entry yet.
מהנותן,מהנותנ,1,91,60,claim-d2499cc7b9b694ff | claim-6726506cb6a027e6,from make | of make | from add | of add | from apply | of apply | from appoint | of appoint | to give | used with greatest latitude of application ( put | make | etc.) | add | apply | appoint | ascribe,OpenScriptures morphHB,H5414,CC BY 4.0,safe_claims_min60,
מהני,מהני,92,0,60,,,,,,unresolved,No lexical entry yet.
מהניא,מהניא,1,0,60,,,,,,unresolved,No lexical entry yet.
מהנפקד,מהנפקד,1,0,60,,,,,,unresolved,No lexical entry yet.
מהנתבע,מהנתבע,5,0,60,,,,,,unresolved,No lexical entry yet.
מהסוגיא,מהסוגיא,6,0,60,,,,,,unresolved,No lexical entry yet.
מהעדים,מהעדימ,2,0,60,,,,,,unresolved,No lexical entry yet.
מהפך,מהפכ,6,0,60,,,,,,unresolved,No lexical entry yet.
מהפכין,מהפכינ,3,0,60,,,,,,unresolved,No lexical entry yet.
מהקרא,מהקרא,2,0,60,,,,,,unresolved,No lexical entry yet.
מהקרקע,מהקרקע,2,0,60,,,,,,unresolved,No lexical entry yet.
מהר״מ,מהר״מ,1,0,60,,,,,,unresolved,No lexical entry yet.
מהר״ם,מהר״מ,1,0,60,,,,,,unresolved,No lexical entry yet.
מהרא״י,מהרא״י,1,0,60,,,,,,unresolved,No lexical entry yet.
מהראיה,מהראיה,2,0,60,,,,,,unresolved,No lexical entry yet.
מהרב,מהרב,1,0,60,,,,,,unresolved,No lexical entry yet.
מהרי״ף,מהרי״פ,1,0,60,,,,,,unresolved,No lexical entry yet.
מהרשב״א,מהרשב״א,1,0,60,,,,,,unresolved,No lexical entry yet.
מהשבועה,מהשבועה,2,0,60,,,,,,unresolved,No lexical entry yet.
מהשבועת,מהשבועת,1,0,60,,,,,,unresolved,No lexical entry yet.
מהשדה,מהשדה,1,91,60,claim-538c81d5c11114f1 | claim-9a3e1ba60367c993,from country | of country | from field | of field | from ground | of ground | from land | of land | a field (as flat) | country | field | ground | land | soil | × wild.,OpenScriptures morphHB,H7704,CC BY 4.0,safe_claims_min60,
מהשוכר,מהשוכר,1,0,60,,,,,,unresolved,No lexical entry yet.
מהתובע,מהתובע,3,0,60,,,,,,unresolved,No lexical entry yet.
מהתשובה,מהתשובה,1,90,60,claim-138bd57e1b75d5dd | claim-3423bcc1b39912d3 | claim-95c2b2b0d4014229,from the answer | of the answer | from the reply | of the reply | Repentance in Judaism | answer | reply,Wikidata Lexeme | OpenScriptures HebrewLexicon,L68762 | H8666,CC0 | CC BY 4.0,safe_claims_min60,
מו״ה,מו״ה,1,0,60,,,,,,unresolved,No lexical entry yet.
מוב״מ,מוב״מ,4,0,60,,,,,,unresolved,No lexical entry yet.
מוב״ם,מוב״מ,1,0,60,,,,,,unresolved,No lexical entry yet.
מובא,מובא,1,91,60,claim-1492b3af49bb05ca | claim-1f60409dec56770f,from abide | of abide | from apply | of apply | from attain | of attain | from befall | of befall | to go | come (in a wide variety of applications) | abide | apply | attain | × be | befall | besiege,OpenScriptures morphHB,H935,CC BY 4.0,safe_claims_min60,
מובמ״ק,מובמ״ק,4,0,60,,,,,,unresolved,No lexical entry yet.
מובן,מובנ,7,65,60,,,,,,claims_below_safe_min60,No strict claim >=60%.
מובנים,מובנימ,1,65,60,,,,,,claims_below_safe_min60,No strict claim >=60%.
מודה,מודה,100,65,60,,,,,,claims_below_safe_min60,No strict claim >=60%.
מודו,מודו,2,0,60,,,,,,unresolved,No lexical entry yet.
מודים,מודימ,2,65,60,,,,,,claims_below_safe_min60,No strict claim >=60%.
מודית,מודית,6,0,60,,,,,,unresolved,No lexical entry yet.
מוהרא״ק,מוהרא״ק,1,0,60,,,,,,unresolved,No lexical entry yet.
מוהרצ״פ,מוהרצ״פ,2,0,60,,,,,,unresolved,No lexical entry yet.
מוהתנחלתם,מוהתנחלתמ,1,0,60,,,,,,unresolved,No lexical entry yet.
מוחזק,מוחזק,53,0,60,,,,,,unresolved,No lexical entry yet.
מוחזקים,מוחזקימ,8,0,60,,,,,,unresolved,No lexical entry yet.
מוחזקין,מוחזקינ,2,0,60,,,,,,unresolved,No lexical entry yet.
מוחזקת,מוחזקת,1,0,60,,,,,,unresolved,No lexical entry yet.
מוטל,מוטל,1,91,60,claim-2474e761c84f45be | claim-fb26c78c93d2bbcf,from dew | of dew | dew (as covering vegetation) | dew.,OpenScriptures morphHB,H2919,CC BY 4.0,safe_claims_min60,
מוטלת,מוטלת,1,0,60,,,,,,unresolved,No lexical entry yet.
מוטעת,מוטעת,1,0,60,,,,,,unresolved,No lexical entry yet.
מוכח,מוכח,59,91,60,claim-ff66c6a619bce6b0 | claim-1619134a891921a2,from vigor | of vigor | from means | of means | vigor | literally (force | in a good | a bad sense) | figuratively (capacity | means | produce) | also (from its hardiness) a large lizard,OpenScriptures morphHB,H3581,CC BY 4.0,safe_claims_min60,
מוכחינן,מוכחיננ,1,0,60,,,,,,unresolved,No lexical entry yet.
מוכחש,מוכחש,1,0,60,,,,,,unresolved,No lexical entry yet.
מוכיח,מוכיח,4,95,60,claim-e727579636deeda6,to be right (i.e. correct) | reciprocal | to argue | causatively | to decide | justify | convict | appoint,OpenScriptures morphHB,H3198,CC BY 4.0,safe_claims_min60,
מוכיחים,מוכיחימ,1,0,60,,,,,,unresolved,No lexical entry yet.
מוכיחין,מוכיחינ,1,0,60,,,,,,unresolved,No lexical entry yet.
מוכר,מוכר,3,65,60,,,,,,claims_below_safe_min60,No strict claim >=60%.
מוכרה,מוכרה,1,0,60,,,,,,unresolved,No lexical entry yet.
מוכרח,מוכרח,7,0,60,,,,,,unresolved,No lexical entry yet.
מוכרחים,מוכרחימ,1,0,60,,,,,,unresolved,No lexical entry yet.
מוכרחין,מוכרחינ,1,0,60,,,,,,unresolved,No lexical entry yet.
מוכרחת,מוכרחת,3,0,60,,,,,,unresolved,No lexical entry yet.
מומין,מומינ,1,0,60,,,,,,unresolved,No lexical entry yet.
מונח,מונח,36,95,60,claim-b77f3cc1eed85247,Noach | the patriarch of the flood | Noah.,OpenScriptures morphHB,H5146,CC BY 4.0,safe_claims_min60,
מונחים,מונחימ,1,0,60,,,,,,unresolved,No lexical entry yet.
מונחין,מונחינ,1,0,60,,,,,,unresolved,No lexical entry yet.
מונחת,מונחת,4,65,60,,,,,,claims_below_safe_min60,No strict claim >=60%.
מוסיף,מוסיפ,5,63,60,,,,,,claims_below_safe_min60,No strict claim >=60%.
מוסכם,מוסכמ,2,0,60,,,,,,unresolved,No lexical entry yet.
מועד,מועד,1,65,60,,,,,,claims_below_safe_min60,No strict claim >=60%.
מועיל,מועיל,14,95,60,claim-6fd04ed0597cdec0,properly | to ascend | figuratively | to be valuable (objectively | useful | subjectively | benefited ) | × at all,OpenScriptures morphHB,H3276,CC BY 4.0,safe_claims_min60,
מועילה,מועילה,1,0,60,,,,,,unresolved,No lexical entry yet.
מועל,מועל,1,0,60,,,,,,unresolved,No lexical entry yet.
מועלין,מועלינ,3,0,60,,,,,,unresolved,No lexical entry yet.
מועלת,מועלת,6,0,60,,,,,,unresolved,No lexical entry yet.
מוצא,מוצא,3,65,60,,,,,,claims_below_safe_min60,No strict claim >=60%.
מוצאין,מוצאינ,1,0,60,,,,,,unresolved,No lexical entry yet.
מוציא,מוציא,12,0,60,,,,,,unresolved,No lexical entry yet.
מוציאים,מוציאימ,2,0,60,,,,,,unresolved,No lexical entry yet.
מוציאין,מוציאינ,37,0,60,,,,,,unresolved,No lexical entry yet.
מוקי,מוקי,1,0,60,,,,,,unresolved,No lexical entry yet.
מוקים,מוקימ,2,0,60,,,,,,unresolved,No lexical entry yet.
מוקמינן,מוקמיננ,2,0,60,,,,,,unresolved,No lexical entry yet.
מוקשה,מוקשה,1,91,60,claim-a701689ae40f7b4f | claim-c9e6a2d913ee3232,from churlish | of churlish | from cruel | of cruel | from grievous | of grievous | from heavy | of heavy | severe (in various applications) | churlish | cruel | grievous | hard((-hearted) | thing) | heavy | impudent,OpenScriptures morphHB,H7186,CC BY 4.0,safe_claims_min60,
מורה,מורה,4,93,60,claim-2b72f047dabae06a,teacher,Wikidata Lexeme,L78903,CC0,safe_claims_min60,
מורי,מורי,1,0,60,,,,,,unresolved,No lexical entry yet.
מוריש,מוריש,5,0,60,,,,,,unresolved,No lexical entry yet.
מורישן,מורישנ,1,0,60,,,,,,unresolved,No lexical entry yet.
מושמש,מושמש,1,0,60,,,,,,unresolved,No lexical entry yet.
מזה,מזה,45,65,60,,,,,,claims_below_safe_min60,No strict claim >=60%.
מזו,מזו,7,95,60,claim-3157913a0f54c4ae,a granary | garner.,OpenScriptures HebrewLexicon,H4200,CC BY 4.0,safe_claims_min60,
מזוייף,מזוייפ,27,0,60,,,,,,unresolved,No lexical entry yet.
מזיד,מזיד,1,0,60,,,,,,unresolved,No lexical entry yet.
מזיק,מזיק,1,0,60,,,,,,unresolved,No lexical entry yet.
מזכיר,מזכיר,3,0,60,,,,,,unresolved,No lexical entry yet.
מזכירים,מזכירימ,1,52,60,,,,,,claims_below_safe_min60,No strict claim >=60%.
מזכירם,מזכירמ,1,0,60,,,,,,unresolved,No lexical entry yet.
מזמן,מזמנ,1,0,60,,,,,,unresolved,No lexical entry yet.
מחאה,מחאה,12,93,60,claim-fa42b4f7f2d2811b,protest,Wikidata Lexeme,L66157,CC0,safe_claims_min60,
מחבירו,מחבירו,11,0,60,,,,,,unresolved,No lexical entry yet.
מחבלת,מחבלת,1,0,60,,,,,,unresolved,No lexical entry yet.
מחבריה,מחבריה,2,0,60,,,,,,unresolved,No lexical entry yet.
מחדש,מחדש,2,65,60,,,,,,claims_below_safe_min60,No strict claim >=60%.
מחובו,מחובו,4,0,60,,,,,,unresolved,No lexical entry yet.
מחובר,מחובר,2,65,60,,,,,,claims_below_safe_min60,No strict claim >=60%.
מחוברים,מחוברימ,3,0,60,,,,,,unresolved,No lexical entry yet.
מחוברין,מחוברינ,1,0,60,,,,,,unresolved,No lexical entry yet.
מחודשים,מחודשימ,1,0,60,,,,,,unresolved,No lexical entry yet.
מחוורתא,מחוורתא,1,0,60,,,,,,unresolved,No lexical entry yet.
מחויב,מחויב,4,0,60,,,,,,unresolved,No lexical entry yet.
מחוייב,מחוייב,28,0,60,,,,,,unresolved,No lexical entry yet.
מחוייבים,מחוייבימ,1,0,60,,,,,,unresolved,No lexical entry yet.
מחוסר,מחוסר,2,0,60,,,,,,unresolved,No lexical entry yet.
מחזיק,מחזיק,7,95,60,claim-dbd014cfc0a69339,to fasten upon | hence | to seize | be strong (figuratively | courageous | causatively strengthen | cure | help,OpenScriptures morphHB,H2388,CC BY 4.0,safe_claims_min60,
מחזיקים,מחזיקימ,3,95,60,claim-dbd014cfc0a69339,to fasten upon | hence | to seize | be strong (figuratively | courageous | causatively strengthen | cure | help,OpenScriptures morphHB,H2388,CC BY 4.0,safe_claims_min60,
מחזיקין,מחזיקינ,7,0,60,,,,,,unresolved,No lexical entry yet.
מחזיקינן,מחזיקיננ,1,0,60,,,,,,unresolved,No lexical entry yet.
מחזיר,מחזיר,8,0,60,,,,,,unresolved,No lexical entry yet.
מחזירה,מחזירה,2,0,60,,,,,,unresolved,No lexical entry yet.
מחזירים,מחזירימ,1,93,60,claim-3b8851750d49b1cf,Sus,Wikidata Lexeme,L65219,CC0,safe_claims_min60,
מחזקה,מחזקה,1,0,60,,,,,,unresolved,No lexical entry yet.
מחזקינין,מחזקינינ,1,0,60,,,,,,unresolved,No lexical entry yet.
מחזקינן,מחזקיננ,6,0,60,,,,,,unresolved,No lexical entry yet.
מחזקת,מחזקת,5,65,60,,,,,,claims_below_safe_min60,No strict claim >=60%.
מחזקתו,מחזקתו,5,0,60,,,,,,unresolved,No lexical entry yet.
מחיוב,מחיוב,4,0,60,,,,,,unresolved,No lexical entry yet.
מחיובו,מחיובו,2,0,60,,,,,,unresolved,No lexical entry yet.
מחיי,מחיי,2,65,60,,,,,,claims_below_safe_min60,No strict claim >=60%.
מחייב,מחייב,24,0,60,,,,,,unresolved,No lexical entry yet.
מחייבו,מחייבו,20,0,60,,,,,,unresolved,No lexical entry yet.
מחייבים,מחייבימ,12,0,60,,,,,,unresolved,No lexical entry yet.
מחייבין,מחייבינ,27,0,60,,,,,,unresolved,No lexical entry yet.
מחייבתו,מחייבתו,2,0,60,,,,,,unresolved,No lexical entry yet.
מחיים,מחיימ,5,65,60,,,,,,claims_below_safe_min60,No strict claim >=60%.
מחילה,מחילה,9,0,60,,,,,,unresolved,No lexical entry yet.
מחילת,מחילת,1,0,60,,,,,,unresolved,No lexical entry yet.
מחית,מחית,2,93,60,claim-a895a4befe39edb7,purée,Wikidata Lexeme,L66167,CC0,safe_claims_min60,
מחל,מחל,3,0,60,,,,,,unresolved,No lexical entry yet.
מחלוקת,מחלוקת,15,93,60,claim-e4dcd9b6a4d8ffb4,controversy,Wikidata Lexeme,L66170,CC0,safe_claims_min60,
מחלק,מחלק,11,0,60,,,,,,unresolved,No lexical entry yet.
מחלקים,מחלקימ,1,0,60,,,,,,unresolved,No lexical entry yet.
מחלקם,מחלקמ,1,0,60,,,,,,unresolved,No lexical entry yet.
מחלת,מחלת,7,65,60,,,,,,claims_below_safe_min60,No strict claim >=60%.
מחלתו,מחלתו,5,0,60,,,,,,unresolved,No lexical entry yet.
מחמ״ק,מחמ״ק,1,0,60,,,,,,unresolved,No lexical entry yet.
מחמירין,מחמירינ,2,0,60,,,,,,unresolved,No lexical entry yet.
מחמת,מחמת,20,95,60,claim-2784020c8ada3c0b,Chammath | a place in Palestine | Hammath.,OpenScriptures morphHB,H2575,CC BY 4.0,safe_claims_min60,
מחצה,מחצה,5,0,60,,,,,,unresolved,No lexical entry yet.
מחציו,מחציו,1,0,60,,,,,,unresolved,No lexical entry yet.
מחקירות,מחקירות,2,0,60,,,,,,unresolved,No lexical entry yet.
מחשש,מחשש,1,0,60,,,,,,unresolved,No lexical entry yet.
מחתני,מחתני,1,0,60,,,,,,unresolved,No lexical entry yet.
מטוען,מטוענ,3,0,60,,,,,,unresolved,No lexical entry yet.
מטלטלים,מטלטלימ,2,0,60,,,,,,unresolved,No lexical entry yet.
מטלטלין,מטלטלינ,20,0,60,,,,,,unresolved,No lexical entry yet.
מטעם,מטעמ,21,65,60,,,,,,claims_below_safe_min60,No strict claim >=60%.
מטעמא,מטעמא,1,0,60,,,,,,unresolved,No lexical entry yet.
מטענה,מטענה,1,0,60,,,,,,unresolved,No lexical entry yet.
מטענו,מטענו,1,0,60,,,,,,unresolved,No lexical entry yet.
מטענות,מטענות,9,0,60,,,,,,unresolved,No lexical entry yet.
מטענותיהם,מטענותיהמ,1,0,60,,,,,,unresolved,No lexical entry yet.
מטענת,מטענת,4,0,60,,,,,,unresolved,No lexical entry yet.
מי,מי,58,65,60,,,,,,claims_below_safe_min60,No strict claim >=60%.
מיג״ש,מיג״ש,4,0,60,,,,,,unresolved,No lexical entry yet.
מיגאש,מיגאש,1,0,60,,,,,,unresolved,No lexical entry yet.
מיגו,מיגו,178,0,60,,,,,,unresolved,No lexical entry yet.
מיגנב,מיגנב,1,0,60,,,,,,unresolved,No lexical entry yet.
מיגש,מיגש,56,0,60,,,,,,unresolved,No lexical entry yet.
מיד,מיד,15,65,60,,,,,,claims_below_safe_min60,No strict claim >=60%.
מידא,מידא,1,0,60,,,,,,unresolved,No lexical entry yet.
מידה,מידה,3,0,60,,,,,,unresolved,No lexical entry yet.
מידו,מידו,15,0,60,,,,,,unresolved,No lexical entry yet.
מידי,מידי,15,65,60,,,,,,claims_below_safe_min60,No strict claim >=60%.
מידיעתו,מידיעתו,2,0,60,,,,,,unresolved,No lexical entry yet.
מידך,מידכ,1,0,60,,,,,,unresolved,No lexical entry yet.
מידם,מידמ,13,95,60,claim-436709c331adfa2e,a hand (the open one [indicating power | means | direction | etc.] | in distinction from 3709 | the closed one) | used (as noun | adverb,OpenScriptures morphHB,H3027,CC BY 4.0,safe_claims_min60,
מידן,מידנ,1,77,60,claim-508f9ecc42317f10,from arm | of arm | from hand | of hand,Wiktionary via Kaikki,kaikki-77bc78ff1373,CC BY-SA 4.0 / GFDL,safe_claims_min60,
מיהו,מיהו,4,0,60,,,,,,unresolved,No lexical entry yet.
מיהת,מיהת,1,0,60,,,,,,unresolved,No lexical entry yet.
מיוחד,מיוחד,2,0,60,,,,,,unresolved,No lexical entry yet.
מיוחדים,מיוחדימ,2,0,60,,,,,,unresolved,No lexical entry yet.
מיוחדת,מיוחדת,3,0,60,,,,,,unresolved,No lexical entry yet.
מיורשים,מיורשימ,2,0,60,,,,,,unresolved,No lexical entry yet.
מיורשין,מיורשינ,1,0,60,,,,,,unresolved,No lexical entry yet.
מיושב,מיושב,27,0,60,,,,,,unresolved,No lexical entry yet.
מיושבים,מיושבימ,2,0,60,,,,,,unresolved,No lexical entry yet.
מיחה,מיחה,1,0,60,,,,,,unresolved,No lexical entry yet.
מיחזא,מיחזא,2,0,60,,,,,,unresolved,No lexical entry yet.
מיחייבי,מיחייבי,1,0,60,,,,,,unresolved,No lexical entry yet.
מיחסר,מיחסר,1,0,60,,,,,,unresolved,No lexical entry yet.
מיימוני,מיימוני,1,0,60,,,,,,unresolved,No lexical entry yet.
מיירי,מיירי,38,0,60,,,,,,unresolved,No lexical entry yet.
מיישב,מיישב,1,0,60,,,,,,unresolved,No lexical entry yet.
מיישבים,מיישבימ,1,0,60,,,,,,unresolved,No lexical entry yet.
מייתי,מייתי,2,0,60,,,,,,unresolved,No lexical entry yet.
מילי,מילי,2,0,60,,,,,,unresolved,No lexical entry yet.
מילף,מילפ,1,0,60,,,,,,unresolved,No lexical entry yet.
מילתא,מילתא,9,0,60,,,,,,unresolved,No lexical entry yet.
מים,מימ,1,93,60,claim-d5c2fe1463d56ffa,water | clear liquid H₂O | liquid water,Wikidata Lexeme,L66237,CC0,safe_claims_min60,
מימרא,מימרא,1,0,60,,,,,,unresolved,No lexical entry yet.
מין,מינ,2,65,60,,,,,,claims_below_safe_min60,No strict claim >=60%.
מינה,מינה,1,0,60,,,,,,unresolved,No lexical entry yet.
מיני,מיני,1,65,60,,,,,,claims_below_safe_min60,No strict claim >=60%.
מיני׳,מיני׳,2,0,60,,,,,,unresolved,No lexical entry yet.
מיניה,מיניה,5,0,60,,,,,,unresolved,No lexical entry yet.
מינייהו,מינייהו,7,0,60,,,,,,unresolved,No lexical entry yet.
מינים,מינימ,1,0,60,,,,,,unresolved,No lexical entry yet.
מינך,מינכ,13,0,60,,,,,,unresolved,No lexical entry yet.
מינץ,מינצ,1,0,60,,,,,,unresolved,No lexical entry yet.
מיעוט,מיעוט,4,0,60,,,,,,unresolved,No lexical entry yet.
מיעוטא,מיעוטא,1,0,60,,,,,,unresolved,No lexical entry yet.
מיפלגי,מיפלגי,1,0,60,,,,,,unresolved,No lexical entry yet.
מיפרסמא,מיפרסמא,1,0,60,,,,,,unresolved,No lexical entry yet.
מיפרע,מיפרע,1,0,60,,,,,,unresolved,No lexical entry yet.
מיקרי,מיקרי,6,0,60,,,,,,unresolved,No lexical entry yet.
מיקריא,מיקריא,1,0,60,,,,,,unresolved,No lexical entry yet.
מירושלמי,מירושלמי,2,0,60,,,,,,unresolved,No lexical entry yet.
מישתמיט,מישתמיט,1,0,60,,,,,,unresolved,No lexical entry yet.
מיתה,מיתה,11,93,60,claim-9869cdb540688971,dying,Wikidata Lexeme,L66255,CC0,safe_claims_min60,
מיתומים,מיתומימ,1,0,60,,,,,,unresolved,No lexical entry yet.
מיתמי,מיתמי,2,0,60,,,,,,unresolved,No lexical entry yet.
מיתת,מיתת,3,93,60,claim-9869cdb540688971,dying,Wikidata Lexeme,L66255,CC0,safe_claims_min60,
מיתתו,מיתתו,2,0,60,,,,,,unresolved,No lexical entry yet.
מכאן,מכאנ,10,0,60,,,,,,unresolved,No lexical entry yet.
מכה,מכה,1,65,60,,,,,,claims_below_safe_min60,No strict claim >=60%.
מכוונים,מכוונימ,4,0,60,,,,,,unresolved,No lexical entry yet.
מכוחו,מכוחו,1,0,60,,,,,,unresolved,No lexical entry yet.
מכוין,מכוינ,2,0,60,,,,,,unresolved,No lexical entry yet.
מכופר,מכופר,1,0,60,,,,,,unresolved,No lexical entry yet.
מכח,מכח,12,95,60,claim-1619134a891921a2,vigor | literally (force | in a good | a bad sense) | figuratively (capacity | means | produce) | also (from its hardiness) a large lizard,OpenScriptures morphHB,H3581,CC BY 4.0,safe_claims_min60,
מכחו,מכחו,4,95,60,claim-1619134a891921a2,vigor | literally (force | in a good | a bad sense) | figuratively (capacity | means | produce) | also (from its hardiness) a large lizard,OpenScriptures morphHB,H3581,CC BY 4.0,safe_claims_min60,
מכחיש,מכחיש,2,0,60,,,,,,unresolved,No lexical entry yet.
מכחישים,מכחישימ,1,0,60,,,,,,unresolved,No lexical entry yet.
מכחישין,מכחישינ,1,0,60,,,,,,unresolved,No lexical entry yet.
מכי,מכי,1,0,60,,,,,,unresolved,No lexical entry yet.
מכיון,מכיונ,4,91,60,claim-c1f3ac792fabf9f7 | claim-20f142641e215f7b,from a statue | of a statue | properly | a statue | i.e. idol | but used (by euphemism) for some heathen deity (perhaps corresponding to Priapus | Baal-peor) | Chiun.,OpenScriptures HebrewLexicon,H3594,CC BY 4.0,safe_claims_min60,
מכיר,מכיר,5,65,60,,,,,,claims_below_safe_min60,No strict claim >=60%.
מכירה,מכירה,9,0,60,,,,,,unresolved,No lexical entry yet.
מכירין,מכירינ,1,0,60,,,,,,unresolved,No lexical entry yet.
מכירת,מכירת,2,0,60,,,,,,unresolved,No lexical entry yet.
מכירתו,מכירתו,1,0,60,,,,,,unresolved,No lexical entry yet.
מככרי,מככרי,1,0,60,,,,,,unresolved,No lexical entry yet.
מכל,מכל,7,95,60,claim-ee88321f0eef4ad7,properly | the whole | hence | all | any | every (in the singular only | but often in a plural sense) | (in) all (manner,OpenScriptures morphHB,H3605,CC BY 4.0,safe_claims_min60,
מכלל,מכלל,4,65,60,,,,,,claims_below_safe_min60,No strict claim >=60%.
מכללא,מכללא,2,0,60,,,,,,unresolved,No lexical entry yet.
מכמה,מכמה,1,0,60,,,,,,unresolved,No lexical entry yet.
מכניסין,מכניסינ,1,0,60,,,,,,unresolved,No lexical entry yet.
מכספה,מכספה,5,0,60,,,,,,unresolved,No lexical entry yet.
מכספו,מכספו,4,90,60,claim-3a4d37d3d3c0ab39 | claim-e55b85b08d59d1fe | claim-cae6fe4dece9fe1f,from silver | of silver | from money | of money | silver | money,Wikidata Lexeme | OpenScriptures morphHB,L65810 | H3701,CC0 | CC BY 4.0,safe_claims_min60,
מכפי,מכפי,1,0,60,,,,,,unresolved,No lexical entry yet.
מכפל,מכפל,3,0,60,,,,,,unresolved,No lexical entry yet.
מכר,מכר,19,0,60,,,,,,unresolved,No lexical entry yet.
מכרה,מכרה,4,0,60,,,,,,unresolved,No lexical entry yet.
מכרו,מכרו,16,0,60,,,,,,unresolved,No lexical entry yet.
מכרוהו,מכרוהו,4,0,60,,,,,,unresolved,No lexical entry yet.
מכרם,מכרמ,5,0,60,,,,,,unresolved,No lexical entry yet.
מכרן,מכרנ,3,0,60,,,,,,unresolved,No lexical entry yet.
מכרת,מכרת,9,95,60,claim-ef6d4fefc7303f74,to sell | literally (as merchandise | a daughter in marriage | into slavery) | figuratively (to surrender ) | × at all | sell (away | -er,OpenScriptures morphHB,H4376,CC BY 4.0,safe_claims_min60,
מכרתה,מכרתה,1,0,60,,,,,,unresolved,No lexical entry yet.
מכרתו,מכרתו,17,0,60,,,,,,unresolved,No lexical entry yet.
מכרתי,מכרתי,1,0,60,,,,,,unresolved,No lexical entry yet.
מכתבי,מכתבי,1,0,60,,,,,,unresolved,No lexical entry yet.
מלא,מלא,2,65,60,,,,,,claims_below_safe_min60,No strict claim >=60%.
מלאכה,מלאכה,6,65,60,,,,,,claims_below_safe_min60,No strict claim >=60%.
מלבד,מלבד,1,0,60,,,,,,unresolved,No lexical entry yet.
מלוגא,מלוגא,2,0,60,,,,,,unresolved,No lexical entry yet.
מלוה,מלוה,53,0,60,,,,,,unresolved,No lexical entry yet.
מלוי,מלוי,5,65,60,,,,,,claims_below_safe_min60,No strict claim >=60%.
מלמדנו,מלמדנו,2,0,60,,,,,,unresolved,No lexical entry yet.
מלעבור,מלעבור,1,91,60,claim-d69cc94d978cc284 | claim-6138ee58ddcceb8e,from figurative | of figurative | from intransitive | of intransitive | from intensive | of intensive | to cross over | used very widely of any transition (literal | figurative | transitive | intransitive | intensive | causative) | specifically,OpenScriptures morphHB,H5674,CC BY 4.0,safe_claims_min60,
מלקוחות,מלקוחות,4,0,60,,,,,,unresolved,No lexical entry yet.
מלשון,מלשונ,5,95,60,claim-2c9ff20f39d47c86,the tongue (of man | animals) | used literally (as the instrument of licking | eating | speech) | and figuratively (speech | an ingot | a fork of flame,OpenScriptures morphHB,H3956,CC BY 4.0,safe_claims_min60,
מלשונו,מלשונו,1,0,60,,,,,,unresolved,No lexical entry yet.
מלשלם,מלשלמ,2,0,60,,,,,,unresolved,No lexical entry yet.
ממ״ד,ממ״ד,1,0,60,,,,,,unresolved,No lexical entry yet.
ממ״נ,ממ״נ,7,0,60,,,,,,unresolved,No lexical entry yet.
ממ״ש,ממ״ש,1,0,60,,,,,,unresolved,No lexical entry yet.
ממאה,ממאה,1,0,60,,,,,,unresolved,No lexical entry yet.
ממאי,ממאי,1,0,60,,,,,,unresolved,No lexical entry yet.
ממאתים,ממאתימ,1,0,60,,,,,,unresolved,No lexical entry yet.
ממה,ממה,17,0,60,,,,,,unresolved,No lexical entry yet.
ממון,ממונ,99,0,60,,,,,,unresolved,No lexical entry yet.
ממונא,ממונא,2,0,60,,,,,,unresolved,No lexical entry yet.
ממונו,ממונו,3,0,60,,,,,,unresolved,No lexical entry yet.
ממונות,ממונות,2,0,60,,,,,,unresolved,No lexical entry yet.
ממונך,ממונכ,1,0,60,,,,,,unresolved,No lexical entry yet.
ממושך,ממושכ,3,0,60,,,,,,unresolved,No lexical entry yet.
ממחזיק,ממחזיק,1,91,60,claim-54c4add99ca31cbe | claim-dbd014cfc0a69339,from hence | of hence | from courageous | of courageous | from causatively strengthen | of causatively strengthen | from cure | of cure | to fasten upon | hence | to seize | be strong (figuratively | courageous | causatively strengthen | cure | help,OpenScriptures morphHB,H2388,CC BY 4.0,safe_claims_min60,
ממחירו,ממחירו,1,0,60,,,,,,unresolved,No lexical entry yet.
ממחליף,ממחליפ,1,0,60,,,,,,unresolved,No lexical entry yet.
ממטלטלין,ממטלטלינ,4,0,60,,,,,,unresolved,No lexical entry yet.
ממי,ממי,5,0,60,,,,,,unresolved,No lexical entry yet.
ממיגו,ממיגו,2,0,60,,,,,,unresolved,No lexical entry yet.
ממילא,ממילא,5,63,60,,,,,,claims_below_safe_min60,No strict claim >=60%.
ממין,ממינ,2,0,60,,,,,,unresolved,No lexical entry yet.
ממך,ממכ,10,65,60,,,,,,claims_below_safe_min60,No strict claim >=60%.
ממלוה,ממלוה,3,0,60,,,,,,unresolved,No lexical entry yet.
מממון,מממונ,4,0,60,,,,,,unresolved,No lexical entry yet.
מממונו,מממונו,2,0,60,,,,,,unresolved,No lexical entry yet.
ממנה,ממנה,10,65,60,,,,,,claims_below_safe_min60,No strict claim >=60%.
ממנו,ממנו,69,65,60,,,,,,claims_below_safe_min60,No strict claim >=60%.
ממני,ממני,3,0,60,,,,,,unresolved,No lexical entry yet.
ממעט,ממעט,1,65,60,,,,,,claims_below_safe_min60,No strict claim >=60%.
ממעטינן,ממעטיננ,2,0,60,,,,,,unresolved,No lexical entry yet.
ממעיז,ממעיז,2,0,60,,,,,,unresolved,No lexical entry yet.
ממקום,ממקומ,1,95,60,claim-2dd2ace5f333a49f,properly | a standing | i.e. a spot | but used widely of a locality (general | specific) | also (figuratively) of a condition (of body | mind) | country,OpenScriptures morphHB,H4725,CC BY 4.0,safe_claims_min60,
ממקרא,ממקרא,1,0,60,,,,,,unresolved,No lexical entry yet.
ממש,ממש,24,63,60,,,,,,claims_below_safe_min60,No strict claim >=60%.
ממשועבדים,ממשועבדימ,9,0,60,,,,,,unresolved,No lexical entry yet.
ממשל,ממשל,1,90,60,claim-222fffa0d04e3c5e | claim-9cb09af758cee0c8 | claim-9de6be671a817677 | claim-033ca384cad101b1 | claim-4785d232ffbcb22f | claim-6d450012b0c9d12a | claim-b4c8da96b82ee2f5,from fable | of fable | fable,Wikidata Lexeme | OpenScriptures HebrewLexicon,L66585 | H4910 | H4911 | H4912 | H4914 | H4915,CC0 | CC BY 4.0,safe_claims_min60,
ממשעבדי,ממשעבדי,5,0,60,,,,,,unresolved,No lexical entry yet.
ממתני׳,ממתני׳,1,0,60,,,,,,unresolved,No lexical entry yet.
ממתניתין,ממתניתינ,1,0,60,,,,,,unresolved,No lexical entry yet.
מן,מנ,109,99,60,claim-44aef48b4386cce6,from | out of | than,Project-authored function word table,project-function-word:min,project-authored / CC0,safe_claims_min60,
מנ״ל,מנ״ל,7,0,60,,,,,,unresolved,No lexical entry yet.
מנדין,מנדינ,2,0,60,,,,,,unresolved,No lexical entry yet.
מנדינן,מנדיננ,1,0,60,,,,,,unresolved,No lexical entry yet.
מנה,מנה,85,0,60,,,,,,unresolved,No lexical entry yet.
מנהג,מנהג,1,0,60,,,,,,unresolved,No lexical entry yet.
מנהיג,מנהיג,1,0,60,,,,,,unresolved,No lexical entry yet.
מני,מני,1,65,60,,,,,,claims_below_safe_min60,No strict claim >=60%.
מני׳,מני׳,1,0,60,,,,,,unresolved,No lexical entry yet.
מניה,מניה,1,0,60,,,,,,unresolved,No lexical entry yet.
מניחין,מניחינ,1,0,60,,,,,,unresolved,No lexical entry yet.
מניחם,מניחמ,1,0,60,,,,,,unresolved,No lexical entry yet.
מנייהו,מנייהו,1,0,60,,,,,,unresolved,No lexical entry yet.
מנין,מנינ,9,0,60,,,,,,unresolved,No lexical entry yet.
מניעה,מניעה,1,63,60,,,,,,claims_below_safe_min60,No strict claim >=60%.
מנכין,מנכינ,2,0,60,,,,,,unresolved,No lexical entry yet.
מנכסי,מנכסי,2,0,60,,,,,,unresolved,No lexical entry yet.
מנכסיו,מנכסיו,2,0,60,,,,,,unresolved,No lexical entry yet.
מנכסים,מנכסימ,5,0,60,,,,,,unresolved,No lexical entry yet.
מנלן,מנלנ,3,0,60,,,,,,unresolved,No lexical entry yet.
מנסכא,מנסכא,1,0,60,,,,,,unresolved,No lexical entry yet.
מנפקד,מנפקד,1,0,60,,,,,,unresolved,No lexical entry yet.
מסביר,מסביר,1,0,60,,,,,,unresolved,No lexical entry yet.
מסברא,מסברא,2,0,60,,,,,,unresolved,No lexical entry yet.
מסדרים,מסדרימ,2,89,60,claim-60c7c988b446a67f | claim-5a19d43b3d19afab,from order | of order | order,Wikidata Lexeme,L79989,CC0,safe_claims_min60,
מסוגיא,מסוגיא,2,0,60,,,,,,unresolved,No lexical entry yet.
מסוטה,מסוטה,2,0,60,,,,,,unresolved,No lexical entry yet.
מסויים,מסויימ,3,0,60,,,,,,unresolved,No lexical entry yet.
מסוים,מסוימ,1,0,60,,,,,,unresolved,No lexical entry yet.
מסוף,מסופ,1,89,60,claim-529aa278695238aa | claim-d2952ae5ee668067,from end | of end | end,Wikidata Lexeme,L66964,CC0,safe_claims_min60,
מסופקים,מסופקימ,3,0,60,,,,,,unresolved,No lexical entry yet.
מסופקין,מסופקינ,1,0,60,,,,,,unresolved,No lexical entry yet.
מסופקני,מסופקני,1,0,60,,,,,,unresolved,No lexical entry yet.
מסידור,מסידור,1,0,60,,,,,,unresolved,No lexical entry yet.
מסייע,מסייע,18,0,60,,,,,,unresolved,No lexical entry yet.
מסייעו,מסייעו,1,0,60,,,,,,unresolved,No lexical entry yet.
מסימן,מסימנ,1,89,60,claim-7a850966cacf3f70 | claim-fadfebeb587c5ec9,from sign | of sign | sign,Wikidata Lexeme,L67010,CC0,safe_claims_min60,
מסימנים,מסימנימ,1,0,60,,,,,,unresolved,No lexical entry yet.
מסיק,מסיק,1,0,60,,,,,,unresolved,No lexical entry yet.
מסירת,מסירת,2,65,60,,,,,,claims_below_safe_min60,No strict claim >=60%.
מסכים,מסכימ,1,0,60,,,,,,unresolved,No lexical entry yet.
מסכמת,מסכמת,1,0,60,,,,,,unresolved,No lexical entry yet.
מסלקין,מסלקינ,5,0,60,,,,,,unresolved,No lexical entry yet.
מסמרים,מסמרימ,1,0,60,,,,,,unresolved,No lexical entry yet.
מסעיף,מסעיפ,1,0,60,,,,,,unresolved,No lexical entry yet.
מספיק,מספיק,4,52,60,,,,,,claims_below_safe_min60,No strict claim >=60%.
מספק,מספק,6,0,60,,,,,,unresolved,No lexical entry yet.
מספקינן,מספקיננ,1,0,60,,,,,,unresolved,No lexical entry yet.
מסקינן,מסקיננ,2,0,60,,,,,,unresolved,No lexical entry yet.
מסקנת,מסקנת,1,0,60,,,,,,unresolved,No lexical entry yet.
מסר,מסר,6,65,60,,,,,,claims_below_safe_min60,No strict claim >=60%.
מסרו,מסרו,5,0,60,,,,,,unresolved,No lexical entry yet.
מסרינהו,מסרינהו,3,0,60,,,,,,unresolved,No lexical entry yet.
מסרם,מסרמ,5,0,60,,,,,,unresolved,No lexical entry yet.
מסרת,מסרת,1,0,60,,,,,,unresolved,No lexical entry yet.
מסרתי,מסרתי,4,0,60,,,,,,unresolved,No lexical entry yet.
מסתבר,מסתבר,9,0,60,,,,,,unresolved,No lexical entry yet.
מסתברא,מסתברא,1,0,60,,,,,,unresolved,No lexical entry yet.
מסתלקים,מסתלקימ,1,52,60,,,,,,claims_below_safe_min60,No strict claim >=60%.
מסתלקין,מסתלקינ,1,0,60,,,,,,unresolved,No lexical entry yet.
מסתם,מסתמ,1,0,60,,,,,,unresolved,No lexical entry yet.
מסתפק,מסתפק,3,0,60,,,,,,unresolved,No lexical entry yet.
מע״י,מע״י,1,95,60,claim-751461dfdb9e6971 | claim-26be423fb35020b3,from by | of by | from through | of through | from by means of | of by means of | by | through | by means of,Project-authored abbreviation table,project-abbreviation:ayin-yod,project-authored / CC0,safe_claims_min60,
מע״ר,מע״ר,1,0,60,,,,,,unresolved,No lexical entry yet.
מעבד,מעבד,2,0,60,,,,,,unresolved,No lexical entry yet.
מעדותו,מעדותו,1,0,60,,,,,,unresolved,No lexical entry yet.
מעולם,מעולמ,28,95,60,claim-00aa5cc0465f348d,properly | concealed | i.e. the vanishing point | generally | time out of mind (past | future) | i.e. (practically) eternity | frequentatively,OpenScriptures morphHB,H5769,CC BY 4.0,safe_claims_min60,
מעור,מעור,1,0,60,,,,,,unresolved,No lexical entry yet.
מעורר,מעורר,1,65,60,,,,,,claims_below_safe_min60,No strict claim >=60%.
מעות,מעות,32,0,60,,,,,,unresolved,No lexical entry yet.
מעותיו,מעותיו,1,0,60,,,,,,unresolved,No lexical entry yet.
מעותיך,מעותיכ,1,0,60,,,,,,unresolved,No lexical entry yet.
מעט,מעט,1,65,60,,,,,,claims_below_safe_min60,No strict claim >=60%.
מעיד,מעיד,21,95,60,claim-6165f7d48be26090,to duplicate | repeat | by implication | to protest | testify (as by reiteration) | intensively | to encompass | restore (as a sort of reduplication),OpenScriptures morphHB,H5749,CC BY 4.0,safe_claims_min60,
מעידה,מעידה,5,52,60,,,,,,claims_below_safe_min60,No strict claim >=60%.
מעידו,מעידו,1,0,60,,,,,,unresolved,No lexical entry yet.
מעידים,מעידימ,15,0,60,,,,,,unresolved,No lexical entry yet.
מעידין,מעידינ,1,0,60,,,,,,unresolved,No lexical entry yet.
מעיז,מעיז,45,0,60,,,,,,unresolved,No lexical entry yet.
מעילה,מעילה,3,0,60,,,,,,unresolved,No lexical entry yet.
מעין,מעינ,2,65,60,,,,,,claims_below_safe_min60,No strict claim >=60%.
מעיני,מעיני,1,0,60,,,,,,unresolved,No lexical entry yet.
מעיקר,מעיקר,12,0,60,,,,,,unresolved,No lexical entry yet.
מעיקרא,מעיקרא,4,0,60,,,,,,unresolved,No lexical entry yet.
מעיקרו,מעיקרו,1,0,60,,,,,,unresolved,No lexical entry yet.
מעכב,מעכב,1,0,60,,,,,,unresolved,No lexical entry yet.
מעכשיו,מעכשיו,2,0,60,,,,,,unresolved,No lexical entry yet.
מעלי,מעלי,2,0,60,,,,,,unresolved,No lexical entry yet.
מעליו,מעליו,1,65,60,,,,,,claims_below_safe_min60,No strict claim >=60%.
מעליות,מעליות,1,90,60,claim-e74e8cfe4cf3d1ae | claim-32b978808bf24c77 | claim-1a6913aa67ce35c4 | claim-064703911aee1007,from upper/higher | of upper/higher | upper/higher,Wikidata Lexeme | OpenScriptures morphHB,L216085 | H5942 | H5944,CC0 | CC BY 4.0,safe_claims_min60,
מעלייתא,מעלייתא,1,0,60,,,,,,unresolved,No lexical entry yet.
מעמידין,מעמידינ,4,0,60,,,,,,unresolved,No lexical entry yet.
מענין,מענינ,3,65,60,,,,,,claims_below_safe_min60,No strict claim >=60%.
מעצמה,מעצמה,1,0,60,,,,,,unresolved,No lexical entry yet.
מעצמו,מעצמו,6,65,60,,,,,,claims_below_safe_min60,No strict claim >=60%.
מעצמם,מעצממ,2,91,60,claim-ed0feffa2a113d41 | claim-fada6639c8c81bc5,from by extension | of by extension | from the body | of the body | from the substance | of the substance | from body | of body | a bone (as strong ) | by extension | the body | figuratively | the substance | i.e. (as pron.) selfsame | body | bone,OpenScriptures morphHB,H6106,CC BY 4.0,safe_claims_min60,
מעצמן,מעצמנ,1,91,60,claim-85bc91ccf1949b1a | claim-474091b3158bb42d,from a place near Palestine | of a place near Palestine | Atsmon | a place near Palestine | Azmon.,OpenScriptures morphHB,H6111,CC BY 4.0,safe_claims_min60,
מעצמנו,מעצמנו,1,0,60,,,,,,unresolved,No lexical entry yet.
מערות,מערות,1,0,60,,,,,,unresolved,No lexical entry yet.
מערער,מערער,1,0,60,,,,,,unresolved,No lexical entry yet.
מעשה,מעשה,19,65,60,,,,,,claims_below_safe_min60,No strict claim >=60%.
מפ׳,מפ׳,2,0,60,,,,,,unresolved,No lexical entry yet.
מפורט,מפורט,1,0,60,,,,,,unresolved,No lexical entry yet.
מפורסמת,מפורסמת,1,0,60,,,,,,unresolved,No lexical entry yet.
מפורש,מפורש,16,0,60,,,,,,unresolved,No lexical entry yet.
מפורשים,מפורשימ,2,0,60,,,,,,unresolved,No lexical entry yet.
מפורשת,מפורשת,8,0,60,,,,,,unresolved,No lexical entry yet.
מפחת,מפחת,1,0,60,,,,,,unresolved,No lexical entry yet.
מפטור,מפטור,1,0,60,,,,,,unresolved,No lexical entry yet.
מפי,מפי,18,65,60,,,,,,claims_below_safe_min60,No strict claim >=60%.
מפיהם,מפיהמ,1,0,60,,,,,,unresolved,No lexical entry yet.
מפיו,מפיו,6,95,60,claim-97ba7e319a54aaae,the mouth (as the means of blowing ) | whether literal | figurative (particularly speech ) | specifically edge | portion | side | adverbially (with preposition) according to | accord(-ing as,OpenScriptures morphHB,H6310,CC BY 4.0,safe_claims_min60,
מפיק,מפיק,1,0,60,,,,,,unresolved,No lexical entry yet.
מפיקנא,מפיקנא,1,0,60,,,,,,unresolved,No lexical entry yet.
מפירש״י,מפירש״י,2,0,60,,,,,,unresolved,No lexical entry yet.
מפכינן,מפכיננ,7,0,60,,,,,,unresolved,No lexical entry yet.
מפלוני,מפלוני,1,0,60,,,,,,unresolved,No lexical entry yet.
מפליא,מפליא,1,0,60,,,,,,unresolved,No lexical entry yet.
מפלניא,מפלניא,10,0,60,,,,,,unresolved,No lexical entry yet.
מפני,מפני,24,65,60,,,,,,claims_below_safe_min60,No strict claim >=60%.
מפסיד,מפסיד,17,0,60,,,,,,unresolved,No lexical entry yet.
מפסידים,מפסידימ,1,0,60,,,,,,unresolved,No lexical entry yet.
מפסידין,מפסידינ,3,0,60,,,,,,unresolved,No lexical entry yet.
מפצע,מפצע,1,0,60,,,,,,unresolved,No lexical entry yet.
מפקדון,מפקדונ,1,0,60,,,,,,unresolved,No lexical entry yet.
מפקיד,מפקיד,1,0,60,,,,,,unresolved,No lexical entry yet.
מפקינא,מפקינא,1,0,60,,,,,,unresolved,No lexical entry yet.
מפקינן,מפקיננ,6,0,60,,,,,,unresolved,No lexical entry yet.
מפרוטה,מפרוטה,1,0,60,,,,,,unresolved,No lexical entry yet.
מפרנס,מפרנס,3,0,60,,,,,,unresolved,No lexical entry yet.
מפרש,מפרש,25,0,60,,,,,,unresolved,No lexical entry yet.
מפרשה,מפרשה,2,0,60,,,,,,unresolved,No lexical entry yet.
מפרשים,מפרשימ,7,0,60,,,,,,unresolved,No lexical entry yet.
מצא,מצא,1,65,60,,,,,,claims_below_safe_min60,No strict claim >=60%.
מצאתי,מצאתי,7,0,60,,,,,,unresolved,No lexical entry yet.
מצד,מצד,17,65,60,,,,,,claims_below_safe_min60,No strict claim >=60%.
מצוה,מצוה,1,93,60,claim-ac72a9d85f37944f,mitzvah,Wikidata Lexeme,L66474,CC0,safe_claims_min60,
מצוי,מצוי,3,0,60,,,,,,unresolved,No lexical entry yet.
מצויה,מצויה,2,0,60,,,,,,unresolved,No lexical entry yet.
מצוייה,מצוייה,1,0,60,,,,,,unresolved,No lexical entry yet.
מצות,מצות,1,65,60,,,,,,claims_below_safe_min60,No strict claim >=60%.
מצי,מצי,11,0,60,,,,,,unresolved,No lexical entry yet.
מציאה,מציאה,1,0,60,,,,,,unresolved,No lexical entry yet.
מציאות,מציאות,1,93,60,claim-71effcca4ce4c712,reality,Wikidata Lexeme,L66479,CC0,safe_claims_min60,
מצייר,מצייר,1,0,60,,,,,,unresolved,No lexical entry yet.
מצינו,מצינו,20,0,60,,,,,,unresolved,No lexical entry yet.
מצריך,מצריכ,1,0,60,,,,,,unresolved,No lexical entry yet.
מצריכין,מצריכינ,4,0,60,,,,,,unresolved,No lexical entry yet.
מצרפין,מצרפינ,3,0,60,,,,,,unresolved,No lexical entry yet.
מצרפינן,מצרפיננ,1,0,60,,,,,,unresolved,No lexical entry yet.
מק״ו,מק״ו,2,0,60,,,,,,unresolved,No lexical entry yet.
מקבלים,מקבלימ,1,63,60,,,,,,claims_below_safe_min60,No strict claim >=60%.
מקבלין,מקבלינ,9,0,60,,,,,,unresolved,No lexical entry yet.
מקדים,מקדימ,1,0,60,,,,,,unresolved,No lexical entry yet.
מקדם,מקדמ,1,65,60,,,,,,claims_below_safe_min60,No strict claim >=60%.
מקדש,מקדש,1,65,60,,,,,,claims_below_safe_min60,No strict claim >=60%.
מקודם,מקודמ,30,0,60,,,,,,unresolved,No lexical entry yet.
מקודשת,מקודשת,3,0,60,,,,,,unresolved,No lexical entry yet.
מקויים,מקויימ,9,0,60,,,,,,unresolved,No lexical entry yet.
מקום,מקומ,39,65,60,,,,,,claims_below_safe_min60,No strict claim >=60%.
מקומו,מקומו,2,95,60,claim-2dd2ace5f333a49f,properly | a standing | i.e. a spot | but used widely of a locality (general | specific) | also (figuratively) of a condition (of body | mind) | country,OpenScriptures morphHB,H4725,CC BY 4.0,safe_claims_min60,
מקומות,מקומות,2,93,60,claim-a10f88f79c71cf10,place,Wikidata Lexeme,L66498,CC0,safe_claims_min60,
מקור,מקור,7,65,60,,,,,,claims_below_safe_min60,No strict claim >=60%.
מקורו,מקורו,3,65,60,,,,,,claims_below_safe_min60,No strict claim >=60%.
מקח,מקח,1,0,60,,,,,,unresolved,No lexical entry yet.
מקיים,מקיימ,1,0,60,,,,,,unresolved,No lexical entry yet.
מקנה,מקנה,1,93,60,claim-aa68e4cba8b31ab6,livestock,Wikidata Lexeme,L66507,CC0,safe_claims_min60,
מקנין,מקנינ,1,91,60,claim-939483128919ec1e | claim-bf9e5812ff3dc5a1,from creation | of creation | from also acquisition | of also acquisition | from purchase | of purchase | from wealth | of wealth | creation | i.e. (concretely) creatures | also acquisition | purchase | wealth | getting | goods | × with money,OpenScriptures HebrewLexicon,H7075,CC BY 4.0,safe_claims_min60,
מקנס,מקנס,1,0,60,,,,,,unresolved,No lexical entry yet.
מקפידין,מקפידינ,1,0,60,,,,,,unresolved,No lexical entry yet.
מקצת,מקצת,14,0,60,,,,,,unresolved,No lexical entry yet.
מקרא,מקרא,24,0,60,,,,,,unresolved,No lexical entry yet.
מקראי,מקראי,2,0,60,,,,,,unresolved,No lexical entry yet.
מקרבן,מקרבנ,2,65,60,,,,,,claims_below_safe_min60,No strict claim >=60%.
מקרקע,מקרקע,3,0,60,,,,,,unresolved,No lexical entry yet.
מקשה,מקשה,2,0,60,,,,,,unresolved,No lexical entry yet.
מקשים,מקשימ,2,0,60,,,,,,unresolved,No lexical entry yet.
מקשין,מקשינ,3,0,60,,,,,,unresolved,No lexical entry yet.
מר,מר,2,0,60,,,,,,unresolved,No lexical entry yet.
מרא,מרא,1,0,60,,,,,,unresolved,No lexical entry yet.
מרא״ש,מרא״ש,1,0,60,,,,,,unresolved,No lexical entry yet.
מראה,מראה,5,65,60,,,,,,claims_below_safe_min60,No strict claim >=60%.
מראובן,מראובנ,5,0,60,,,,,,unresolved,No lexical entry yet.
מראוהו,מראוהו,1,0,60,,,,,,unresolved,No lexical entry yet.
מראי׳,מראי׳,1,0,60,,,,,,unresolved,No lexical entry yet.
מראיית,מראיית,2,0,60,,,,,,unresolved,No lexical entry yet.
מראית,מראית,1,0,60,,,,,,unresolved,No lexical entry yet.
מרב,מרב,1,0,60,,,,,,unresolved,No lexical entry yet.
מרבא,מרבא,1,0,60,,,,,,unresolved,No lexical entry yet.
מרבותי,מרבותי,1,0,60,,,,,,unresolved,No lexical entry yet.
מרבין,מרבינ,1,0,60,,,,,,unresolved,No lexical entry yet.
מרדכי,מרדכי,1,0,60,,,,,,unresolved,No lexical entry yet.
מרוב,מרוב,1,65,60,,,,,,claims_below_safe_min60,No strict claim >=60%.
מרובה,מרובה,1,63,60,,,,,,claims_below_safe_min60,No strict claim >=60%.
מרחוק,מרחוק,3,65,60,,,,,,claims_below_safe_min60,No strict claim >=60%.
מרחל,מרחל,1,0,60,,,,,,unresolved,No lexical entry yet.
מרי,מרי,1,65,60,,,,,,claims_below_safe_min60,No strict claim >=60%.
מריה,מריה,1,0,60,,,,,,unresolved,No lexical entry yet.
מריש,מריש,1,0,60,,,,,,unresolved,No lexical entry yet.
מרמב״ח,מרמב״ח,1,0,60,,,,,,unresolved,No lexical entry yet.
מרפסין,מרפסינ,1,0,60,,,,,,unresolved,No lexical entry yet.
מרשות,מרשות,10,0,60,,,,,,unresolved,No lexical entry yet.
מרשותו,מרשותו,5,0,60,,,,,,unresolved,No lexical entry yet.
מש״כ,מש״כ,7,0,60,,,,,,unresolved,No lexical entry yet.
משא,משא,1,65,60,,,,,,claims_below_safe_min60,No strict claim >=60%.
משא״כ,משא״כ,4,99,60,claim-04313faa4af749ee,unlike | which is not so,Project-authored abbreviation table,project-abbreviation:mah-she-ein-ken,project-authored / CC0,safe_claims_min60,
משאור,משאור,1,0,60,,,,,,unresolved,No lexical entry yet.
משאיל״מ,משאיל״מ,1,0,60,,,,,,unresolved,No lexical entry yet.
משאר,משאר,3,95,60,claim-9eacf7d9a41781b9,flesh (as swelling out) | as living | for food | generally food of any kind | figuratively | kindred by blood | body | flesh,OpenScriptures HebrewLexicon,H7607,CC BY 4.0,safe_claims_min60,
משבוה״ת,משבוה״ת,1,0,60,,,,,,unresolved,No lexical entry yet.
משבועה,משבועה,41,0,60,,,,,,unresolved,No lexical entry yet.
משבועת,משבועת,37,0,60,,,,,,unresolved,No lexical entry yet.
משבועתו,משבועתו,1,0,60,,,,,,unresolved,No lexical entry yet.
משבח,משבח,1,0,60,,,,,,unresolved,No lexical entry yet.
משבחה,משבחה,1,0,60,,,,,,unresolved,No lexical entry yet.
משביע,משביע,2,65,60,,,,,,claims_below_safe_min60,No strict claim >=60%.
משביעה,משביעה,1,0,60,,,,,,unresolved,No lexical entry yet.
משביעין,משביעינ,10,0,60,,,,,,unresolved,No lexical entry yet.
משבע,משבע,1,0,60,,,,,,unresolved,No lexical entry yet.
משה״ת,משה״ת,1,0,60,,,,,,unresolved,No lexical entry yet.
משו״פ,משו״פ,1,0,60,,,,,,unresolved,No lexical entry yet.
משואי״ל,משואי״ל,1,0,60,,,,,,unresolved,No lexical entry yet.
משואיל״מ,משואיל״מ,44,0,60,,,,,,unresolved,No lexical entry yet.
משוי,משוי,2,0,60,,,,,,unresolved,No lexical entry yet.
משויו,משויו,5,0,60,,,,,,unresolved,No lexical entry yet.
משוים,משוימ,3,0,60,,,,,,unresolved,No lexical entry yet.
משום,משומ,265,65,60,,,,,,claims_below_safe_min60,No strict claim >=60%.
משועבדים,משועבדימ,17,0,60,,,,,,unresolved,No lexical entry yet.
משועבדין,משועבדינ,1,0,60,,,,,,unresolved,No lexical entry yet.
משועבדת,משועבדת,1,0,60,,,,,,unresolved,No lexical entry yet.
משטה,משטה,3,0,60,,,,,,unresolved,No lexical entry yet.
משטר,משטר,3,0,60,,,,,,unresolved,No lexical entry yet.
משיב,משיב,18,0,60,,,,,,unresolved,No lexical entry yet.
משיטת,משיטת,1,0,60,,,,,,unresolved,No lexical entry yet.
משיכה,משיכה,9,0,60,,,,,,unresolved,No lexical entry yet.
משיכת,משיכת,1,0,60,,,,,,unresolved,No lexical entry yet.
משים,משימ,1,95,60,claim-428463a44ace814b,to put (used in a great variety of applications | literal | figurative | inferentially | and elliptically) | × any wise | appoint | bring,OpenScriptures morphHB,H7760,CC BY 4.0,safe_claims_min60,
משך,משכ,3,93,60,claim-2c2924e4248c1291,duration,Wikidata Lexeme,L66581,CC0,safe_claims_min60,
משכון,משכונ,31,0,60,,,,,,unresolved,No lexical entry yet.
משכונא,משכונא,3,0,60,,,,,,unresolved,No lexical entry yet.
משכח,משכח,1,0,60,,,,,,unresolved,No lexical entry yet.
משכח״ל,משכח״ל,3,0,60,,,,,,unresolved,No lexical entry yet.
משכחת,משכחת,6,0,60,,,,,,unresolved,No lexical entry yet.
משכיר,משכיר,1,0,60,,,,,,unresolved,No lexical entry yet.
משכנת,משכנת,1,0,60,,,,,,unresolved,No lexical entry yet.
משכנתא,משכנתא,4,0,60,,,,,,unresolved,No lexical entry yet.
משל,משל,3,93,60,claim-b4c8da96b82ee2f5,fable,Wikidata Lexeme,L66585,CC0,safe_claims_min60,
משלו,משלו,1,93,60,claim-b4c8da96b82ee2f5,fable,Wikidata Lexeme,L66585,CC0,safe_claims_min60,
משלים,משלימ,1,91,60,claim-a96ac48702059527 | claim-a238a6cffb04dc7e,from large body of water | of large body of water | from sometimes a large river | of sometimes a large river | from an artifical basin | of an artifical basin | from locally | of locally | a sea (as breaking in noisy surf) | large body of water | specifically (with the article) | the Mediterranean Sea | sometimes a large river | an artifical basin | locally | the west,OpenScriptures morphHB,H3220,CC BY 4.0,safe_claims_min60,
משלם,משלמ,53,0,60,,,,,,unresolved,No lexical entry yet.
משלמים,משלמימ,1,93,60,claim-c7c79dde57b5d564,to pay,Wikidata Lexeme,L219540,CC0,safe_claims_min60,
משלמין,משלמינ,2,0,60,,,,,,unresolved,No lexical entry yet.
משלמת,משלמת,2,0,60,,,,,,unresolved,No lexical entry yet.
משלקחתיה,משלקחתיה,1,0,60,,,,,,unresolved,No lexical entry yet.
משם,משמ,9,95,60,claim-ffbcf403fc798843,there (transferring to time) then | often thither | thence | in it | there (-in | of | out) | thither,OpenScriptures HebrewLexicon,H8033,CC BY 4.0,safe_claims_min60,
משמא,משמא,1,0,60,,,,,,unresolved,No lexical entry yet.
משמונים,משמונימ,2,0,60,,,,,,unresolved,No lexical entry yet.
משמיענו,משמיענו,1,0,60,,,,,,unresolved,No lexical entry yet.
משמע,משמע,41,0,60,,,,,,unresolved,No lexical entry yet.
משמעון,משמעונ,3,0,60,,,,,,unresolved,No lexical entry yet.
משמשו,משמשו,2,0,60,,,,,,unresolved,No lexical entry yet.
משנה,משנה,4,0,60,,,,,,unresolved,No lexical entry yet.
משני,משני,6,65,60,,,,,,claims_below_safe_min60,No strict claim >=60%.
משניהם,משניהמ,1,0,60,,,,,,unresolved,No lexical entry yet.
משניהן,משניהנ,1,0,60,,,,,,unresolved,No lexical entry yet.
משניות,משניות,1,0,60,,,,,,unresolved,No lexical entry yet.
משנים,משנימ,4,0,60,,,,,,unresolved,No lexical entry yet.
משנין,משנינ,1,0,60,,,,,,unresolved,No lexical entry yet.
משנמסור,משנמסור,1,0,60,,,,,,unresolved,No lexical entry yet.
משנתנו,משנתנו,2,0,60,,,,,,unresolved,No lexical entry yet.
משעבודה,משעבודה,1,0,60,,,,,,unresolved,No lexical entry yet.
משעת,משעת,16,0,60,,,,,,unresolved,No lexical entry yet.
משקניתיה,משקניתיה,1,0,60,,,,,,unresolved,No lexical entry yet.
משקר,משקר,1,0,60,,,,,,unresolved,No lexical entry yet.
משתבעי,משתבעי,2,0,60,,,,,,unresolved,No lexical entry yet.
משתי,משתי,9,0,60,,,,,,unresolved,No lexical entry yet.
משתמש,משתמש,2,0,60,,,,,,unresolved,No lexical entry yet.
משתמשין,משתמשינ,1,0,60,,,,,,unresolved,No lexical entry yet.
מת,מת,6,65,60,,,,,,claims_below_safe_min60,No strict claim >=60%.
מת׳,מת׳,1,0,60,,,,,,unresolved,No lexical entry yet.
מתברר,מתברר,1,0,60,,,,,,unresolved,No lexical entry yet.
מתה,מתה,8,65,60,,,,,,claims_below_safe_min60,No strict claim >=60%.
מתו,מתו,2,0,60,,,,,,unresolved,No lexical entry yet.
מתובע,מתובע,3,0,60,,,,,,unresolved,No lexical entry yet.
מתוך,מתוכ,20,65,60,,,,,,claims_below_safe_min60,No strict claim >=60%.
מתחייב,מתחייב,3,0,60,,,,,,unresolved,No lexical entry yet.
מתחייבים,מתחייבימ,6,0,60,,,,,,unresolved,No lexical entry yet.
מתחילה,מתחילה,1,0,60,,,,,,unresolved,No lexical entry yet.
מתחלה,מתחלה,13,0,60,,,,,,unresolved,No lexical entry yet.
מתחלקת,מתחלקת,1,0,60,,,,,,unresolved,No lexical entry yet.
מתחלת,מתחלת,1,95,60,claim-17c3adc1190c1958,a commencement | relatively original (adverb | -ly) | begin(-ning) | first (time).,OpenScriptures morphHB,H8462,CC BY 4.0,safe_claims_min60,
מתחלתו,מתחלתו,2,0,60,,,,,,unresolved,No lexical entry yet.
מתחת,מתחת,7,65,60,,,,,,claims_below_safe_min60,No strict claim >=60%.
מתי,מתי,5,65,60,,,,,,claims_below_safe_min60,No strict claim >=60%.
מתיקון,מתיקונ,2,0,60,,,,,,unresolved,No lexical entry yet.
מתיר,מתיר,1,0,60,,,,,,unresolved,No lexical entry yet.
מתמיה,מתמיה,1,0,60,,,,,,unresolved,No lexical entry yet.
מתנה,מתנה,30,0,60,,,,,,unresolved,No lexical entry yet.
מתנות,מתנות,2,65,60,,,,,,claims_below_safe_min60,No strict claim >=60%.
מתני׳,מתני׳,10,99,60,claim-ccb660e44a114054,Mishnah,Project-authored abbreviation table,project-abbreviation:matnitin,project-authored / CC0,safe_claims_min60,
מתפלא,מתפלא,1,0,60,,,,,,unresolved,No lexical entry yet.
מתקבל,מתקבל,2,0,60,,,,,,unresolved,No lexical entry yet.
מתקבלים,מתקבלימ,1,52,60,,,,,,claims_below_safe_min60,No strict claim >=60%.
מתקבלת,מתקבלת,1,0,60,,,,,,unresolved,No lexical entry yet.
מתקנינן,מתקניננ,1,0,60,,,,,,unresolved,No lexical entry yet.
מתרי,מתרי,1,0,60,,,,,,unresolved,No lexical entry yet.
מתרץ,מתרצ,3,0,60,,,,,,unresolved,No lexical entry yet.
מתשובת,מתשובת,2,90,60,claim-9cdf58595180ece9 | claim-590e271cfbe65d97 | claim-95c2b2b0d4014229,from answer | of answer | from reply | of reply | Repentance in Judaism | answer | reply,Wikidata Lexeme | OpenScriptures HebrewLexicon,L68762 | H8666,CC0 | CC BY 4.0,safe_claims_min60,
נ׳,נ׳,5,0,60,,,,,,unresolved,No lexical entry yet.
נ״ב,נ״ב,1,0,60,,,,,,unresolved,No lexical entry yet.
נ״ו,נ״ו,1,0,60,,,,,,unresolved,No lexical entry yet.
נ״ל,נ״ל,2,0,60,,,,,,unresolved,No lexical entry yet.
נ״מ,נ״מ,21,0,60,,,,,,unresolved,No lexical entry yet.
נאבד,נאבד,3,0,60,,,,,,unresolved,No lexical entry yet.
נאבדו,נאבדו,1,0,60,,,,,,unresolved,No lexical entry yet.
נאמין,נאמינ,4,0,60,,,,,,unresolved,No lexical entry yet.
נאמן,נאמנ,238,65,60,,,,,,claims_below_safe_min60,No strict claim >=60%.
נאמנות,נאמנות,6,65,60,,,,,,claims_below_safe_min60,No strict claim >=60%.
נאמנותו,נאמנותו,2,0,60,,,,,,unresolved,No lexical entry yet.
נאמנים,נאמנימ,9,65,60,,,,,,claims_below_safe_min60,No strict claim >=60%.
נאמנין,נאמנינ,1,0,60,,,,,,unresolved,No lexical entry yet.
נאמנת,נאמנת,1,0,60,,,,,,unresolved,No lexical entry yet.
נאמר,נאמר,32,93,60,claim-b466e54df6a2e08f,to communicate something by speech; to say,Wikidata Lexeme,L205030,CC0,safe_claims_min60,
נאמרה,נאמרה,1,0,60,,,,,,unresolved,No lexical entry yet.
נאמרו,נאמרו,1,0,60,,,,,,unresolved,No lexical entry yet.
נאנס,נאנס,6,0,60,,,,,,unresolved,No lexical entry yet.
נאנסה,נאנסה,1,0,60,,,,,,unresolved,No lexical entry yet.
נאנסו,נאנסו,30,0,60,,,,,,unresolved,No lexical entry yet.
נבאר,נבאר,3,0,60,,,,,,unresolved,No lexical entry yet.
נבוא,נבוא,5,0,60,,,,,,unresolved,No lexical entry yet.
נביא,נביא,2,65,60,,,,,,claims_below_safe_min60,No strict claim >=60%.
נגד,נגד,9,93,60,claim-8eb61194f2498d92,resistor,Wikidata Lexeme,L66685,CC0,safe_claims_min60,
נגדו,נגדו,1,93,60,claim-8eb61194f2498d92,resistor,Wikidata Lexeme,L66685,CC0,safe_claims_min60,
נגזל,נגזל,3,0,60,,,,,,unresolved,No lexical entry yet.
נגמרה,נגמרה,1,52,60,,,,,,claims_below_safe_min60,No strict claim >=60%.
נגנב,נגנב,1,0,60,,,,,,unresolved,No lexical entry yet.
נגנבו,נגנבו,1,0,60,,,,,,unresolved,No lexical entry yet.
נדון,נדונ,1,0,60,,,,,,unresolved,No lexical entry yet.
נדונים,נדונימ,1,0,60,,,,,,unresolved,No lexical entry yet.
נדע,נדע,1,65,60,,,,,,claims_below_safe_min60,No strict claim >=60%.
נדפס,נדפס,1,0,60,,,,,,unresolved,No lexical entry yet.
נהי,נהי,1,65,60,,,,,,claims_below_safe_min60,No strict claim >=60%.
נהלי,נהלי,3,0,60,,,,,,unresolved,No lexical entry yet.
נוגע,נוגע,9,65,60,,,,,,claims_below_safe_min60,No strict claim >=60%.
נוגעים,נוגעימ,1,0,60,,,,,,unresolved,No lexical entry yet.
נוהגין,נוהגינ,1,0,60,,,,,,unresolved,No lexical entry yet.
נוטה,נוטה,7,95,60,claim-4bba025895fe0095,to stretch | spread out | by implication | to bend away (including moral deflection) | used in a great variety of application (as follows) | afternoon | apply | bow (down,OpenScriptures morphHB,H5186,CC BY 4.0,safe_claims_min60,
נוטל,נוטל,30,65,60,,,,,,claims_below_safe_min60,No strict claim >=60%.
נוטלין,נוטלינ,7,0,60,,,,,,unresolved,No lexical entry yet.
נוטלן,נוטלנ,1,0,60,,,,,,unresolved,No lexical entry yet.
נוכל,נוכל,51,65,60,,,,,,claims_below_safe_min60,No strict claim >=60%.
נולד,נולד,2,0,60,,,,,,unresolved,No lexical entry yet.
נוסחא,נוסחא,1,0,60,,,,,,unresolved,No lexical entry yet.
נוציא,נוציא,2,0,60,,,,,,unresolved,No lexical entry yet.
נותן,נותנ,13,65,60,,,,,,claims_below_safe_min60,No strict claim >=60%.
נותנו,נותנו,5,0,60,,,,,,unresolved,No lexical entry yet.
נותנים,נותנימ,6,0,60,,,,,,unresolved,No lexical entry yet.
נותנין,נותנינ,6,0,60,,,,,,unresolved,No lexical entry yet.
נותנת,נותנת,1,0,60,,,,,,unresolved,No lexical entry yet.
נז״מ,נז״מ,2,0,60,,,,,,unresolved,No lexical entry yet.
נזהרתי,נזהרתי,1,0,60,,,,,,unresolved,No lexical entry yet.
נזכר,נזכר,6,0,60,,,,,,unresolved,No lexical entry yet.
נזכרתי,נזכרתי,8,0,60,,,,,,unresolved,No lexical entry yet.
נזק,נזק,20,0,60,,,,,,unresolved,No lexical entry yet.
נזקו,נזקו,1,0,60,,,,,,unresolved,No lexical entry yet.
נזקי,נזקי,2,0,60,,,,,,unresolved,No lexical entry yet.
נזקקין,נזקקינ,1,0,60,,,,,,unresolved,No lexical entry yet.
נחזיק,נחזיק,1,0,60,,,,,,unresolved,No lexical entry yet.
נחייב,נחייב,1,0,60,,,,,,unresolved,No lexical entry yet.
נחייבו,נחייבו,2,0,60,,,,,,unresolved,No lexical entry yet.
נחלק,נחלק,2,0,60,,,,,,unresolved,No lexical entry yet.
נחלקו,נחלקו,3,0,60,,,,,,unresolved,No lexical entry yet.
נחלקין,נחלקינ,1,0,60,,,,,,unresolved,No lexical entry yet.
נחמן,נחמנ,4,0,60,,,,,,unresolved,No lexical entry yet.
נחשב,נחשב,1,0,60,,,,,,unresolved,No lexical entry yet.
נחשבת,נחשבת,1,52,60,,,,,,claims_below_safe_min60,No strict claim >=60%.
נחת,נחת,4,65,60,,,,,,claims_below_safe_min60,No strict claim >=60%.
נחתינן,נחתיננ,5,0,60,,,,,,unresolved,No lexical entry yet.
נטיל,נטיל,1,0,60,,,,,,unresolved,No lexical entry yet.
נטילתו,נטילתו,1,0,60,,,,,,unresolved,No lexical entry yet.
נטילתן,נטילתנ,1,0,60,,,,,,unresolved,No lexical entry yet.
נטיעותי,נטיעותי,2,0,60,,,,,,unresolved,No lexical entry yet.
נטל,נטל,5,65,60,,,,,,claims_below_safe_min60,No strict claim >=60%.
נטלתי,נטלתי,1,0,60,,,,,,unresolved,No lexical entry yet.
נטע,נטע,1,0,60,,,,,,unresolved,No lexical entry yet.
ניהלי,ניהלי,2,0,60,,,,,,unresolved,No lexical entry yet.
ניהליה,ניהליה,3,0,60,,,,,,unresolved,No lexical entry yet.
ניזק,ניזק,2,0,60,,,,,,unresolved,No lexical entry yet.
ניחא,ניחא,4,0,60,,,,,,unresolved,No lexical entry yet.
ניחוש,ניחוש,1,0,60,,,,,,unresolved,No lexical entry yet.
ניכר,ניכר,2,0,60,,,,,,unresolved,No lexical entry yet.
נילף,נילפ,3,0,60,,,,,,unresolved,No lexical entry yet.
נימא,נימא,21,0,60,,,,,,unresolved,No lexical entry yet.
נינהו,נינהו,2,0,60,,,,,,unresolved,No lexical entry yet.
נישאת,נישאת,1,0,60,,,,,,unresolved,No lexical entry yet.
ניתנה,ניתנה,2,0,60,,,,,,unresolved,No lexical entry yet.
נכדי,נכדי,1,0,60,,,,,,unresolved,No lexical entry yet.
נכון,נכונ,6,65,60,,,,,,claims_below_safe_min60,No strict claim >=60%.
נכונה,נכונה,6,0,60,,,,,,unresolved,No lexical entry yet.
נכונים,נכונימ,3,0,60,,,,,,unresolved,No lexical entry yet.
נכלל,נכלל,1,0,60,,,,,,unresolved,No lexical entry yet.
נכנס,נכנס,10,0,60,,,,,,unresolved,No lexical entry yet.
נכנסה,נכנסה,2,0,60,,,,,,unresolved,No lexical entry yet.
נכנסו,נכנסו,6,0,60,,,,,,unresolved,No lexical entry yet.
נכסי,נכסי,3,0,60,,,,,,unresolved,No lexical entry yet.
נכסיה,נכסיה,1,52,60,,,,,,claims_below_safe_min60,No strict claim >=60%.
נכסיו,נכסיו,10,0,60,,,,,,unresolved,No lexical entry yet.
נכסים,נכסימ,10,0,60,,,,,,unresolved,No lexical entry yet.
נכתב,נכתב,1,0,60,,,,,,unresolved,No lexical entry yet.
נלמד,נלמד,8,0,60,,,,,,unresolved,No lexical entry yet.
נלמוד,נלמוד,1,0,60,,,,,,unresolved,No lexical entry yet.
נמחל,נמחל,1,0,60,,,,,,unresolved,No lexical entry yet.
נמי,נמי,38,0,60,,,,,,unresolved,No lexical entry yet.
נמכר,נמכר,4,0,60,,,,,,unresolved,No lexical entry yet.
נמכרת,נמכרת,1,0,60,,,,,,unresolved,No lexical entry yet.
נמסר,נמסר,1,0,60,,,,,,unresolved,No lexical entry yet.
נמצא,נמצא,19,65,60,,,,,,claims_below_safe_min60,No strict claim >=60%.
נמצאים,נמצאימ,1,65,60,,,,,,claims_below_safe_min60,No strict claim >=60%.
נמצאת,נמצאת,1,65,60,,,,,,claims_below_safe_min60,No strict claim >=60%.
נסבור,נסבור,1,0,60,,,,,,unresolved,No lexical entry yet.
נסכא,נסכא,3,0,60,,,,,,unresolved,No lexical entry yet.
נסתפק,נסתפק,2,0,60,,,,,,unresolved,No lexical entry yet.
נסתר,נסתר,1,95,60,claim-90eb3caf95927eac,to hide (by covering) | literally | figuratively | be absent | keep close | conceal | hide (self) | (keep) secret,OpenScriptures morphHB,H5641,CC BY 4.0,safe_claims_min60,
נעיין,נעיינ,1,0,60,,,,,,unresolved,No lexical entry yet.
נעמיד,נעמיד,2,0,60,,,,,,unresolved,No lexical entry yet.
נערה,נערה,4,0,60,,,,,,unresolved,No lexical entry yet.
נעשה,נעשה,26,65,60,,,,,,claims_below_safe_min60,No strict claim >=60%.
נעשים,נעשימ,1,0,60,,,,,,unresolved,No lexical entry yet.
נעשית,נעשית,1,0,60,,,,,,unresolved,No lexical entry yet.
נפ״מ,נפ״מ,1,0,60,,,,,,unresolved,No lexical entry yet.
נפטר,נפטר,14,0,60,,,,,,unresolved,No lexical entry yet.
נפטריה,נפטריה,1,0,60,,,,,,unresolved,No lexical entry yet.
נפטרים,נפטרימ,1,0,60,,,,,,unresolved,No lexical entry yet.
נפטרין,נפטרינ,1,0,60,,,,,,unresolved,No lexical entry yet.
נפטרת,נפטרת,1,0,60,,,,,,unresolved,No lexical entry yet.
נפסוק,נפסוק,2,0,60,,,,,,unresolved,No lexical entry yet.
נפסל,נפסל,1,0,60,,,,,,unresolved,No lexical entry yet.
נפסלו,נפסלו,1,0,60,,,,,,unresolved,No lexical entry yet.
נפסלים,נפסלימ,1,0,60,,,,,,unresolved,No lexical entry yet.
נפסק,נפסק,1,0,60,,,,,,unresolved,No lexical entry yet.
נפק״ל,נפק״ל,1,0,60,,,,,,unresolved,No lexical entry yet.
נפקד,נפקד,2,0,60,,,,,,unresolved,No lexical entry yet.
נפרע,נפרע,8,0,60,,,,,,unresolved,No lexical entry yet.
נפרעין,נפרעינ,1,0,60,,,,,,unresolved,No lexical entry yet.
נפרעתי,נפרעתי,2,0,60,,,,,,unresolved,No lexical entry yet.
נפרש,נפרש,2,0,60,,,,,,unresolved,No lexical entry yet.
נפש,נפש,1,65,60,,,,,,claims_below_safe_min60,No strict claim >=60%.
נפשטה,נפשטה,2,0,60,,,,,,unresolved,No lexical entry yet.
נפשיה,נפשיה,2,0,60,,,,,,unresolved,No lexical entry yet.
נצרך,נצרכ,1,0,60,,,,,,unresolved,No lexical entry yet.
נקבל,נקבל,1,65,60,,,,,,claims_below_safe_min60,No strict claim >=60%.
נקטי,נקטי,1,0,60,,,,,,unresolved,No lexical entry yet.
נקטינן,נקטיננ,2,0,60,,,,,,unresolved,No lexical entry yet.
נקיטי,נקיטי,1,0,60,,,,,,unresolved,No lexical entry yet.
נקיטת,נקיטת,1,0,60,,,,,,unresolved,No lexical entry yet.
נקנה,נקנה,3,0,60,,,,,,unresolved,No lexical entry yet.
נקנין,נקנינ,1,0,60,,,,,,unresolved,No lexical entry yet.
נקרא,נקרא,17,65,60,,,,,,claims_below_safe_min60,No strict claim >=60%.
נקראו,נקראו,1,0,60,,,,,,unresolved,No lexical entry yet.
נראה,נראה,69,65,60,,,,,,claims_below_safe_min60,No strict claim >=60%.
נראים,נראימ,1,0,60,,,,,,unresolved,No lexical entry yet.
נראין,נראינ,4,0,60,,,,,,unresolved,No lexical entry yet.
נש,נש,2,0,60,,,,,,unresolved,No lexical entry yet.
נשאל,נשאל,1,0,60,,,,,,unresolved,No lexical entry yet.
נשאר,נשאר,15,65,60,,,,,,claims_below_safe_min60,No strict claim >=60%.
נשאת,נשאת,1,0,60,,,,,,unresolved,No lexical entry yet.
נשאתיך,נשאתיכ,1,0,60,,,,,,unresolved,No lexical entry yet.
נשאתני,נשאתני,1,0,60,,,,,,unresolved,No lexical entry yet.
נשבע,נשבע,135,0,60,,,,,,unresolved,No lexical entry yet.
נשבעין,נשבעינ,58,0,60,,,,,,unresolved,No lexical entry yet.
נשבעת,נשבעת,2,0,60,,,,,,unresolved,No lexical entry yet.
נשואין,נשואינ,3,0,60,,,,,,unresolved,No lexical entry yet.
נשוב,נשוב,1,0,60,,,,,,unresolved,No lexical entry yet.
נשך,נשכ,3,0,60,,,,,,unresolved,No lexical entry yet.
נשכר,נשכר,1,0,60,,,,,,unresolved,No lexical entry yet.
נשלם,נשלמ,2,63,60,,,,,,claims_below_safe_min60,No strict claim >=60%.
נשלמת,נשלמת,1,0,60,,,,,,unresolved,No lexical entry yet.
נשמטו,נשמטו,1,0,60,,,,,,unresolved,No lexical entry yet.
נשמעינה,נשמעינה,2,0,60,,,,,,unresolved,No lexical entry yet.
נשתעבד,נשתעבד,1,0,60,,,,,,unresolved,No lexical entry yet.
נתבאר,נתבאר,4,0,60,,,,,,unresolved,No lexical entry yet.
נתבע,נתבע,5,0,60,,,,,,unresolved,No lexical entry yet.
נתברר,נתברר,5,0,60,,,,,,unresolved,No lexical entry yet.
נתחזק,נתחזק,4,0,60,,,,,,unresolved,No lexical entry yet.
נתחזקה,נתחזקה,1,0,60,,,,,,unresolved,No lexical entry yet.
נתחזקו,נתחזקו,1,0,60,,,,,,unresolved,No lexical entry yet.
נתחייב,נתחייב,29,0,60,,,,,,unresolved,No lexical entry yet.
נתחייבו,נתחייבו,1,0,60,,,,,,unresolved,No lexical entry yet.
נתיישב,נתיישב,2,0,60,,,,,,unresolved,No lexical entry yet.
נתינת,נתינת,8,0,60,,,,,,unresolved,No lexical entry yet.
נתכוין,נתכוינ,1,0,60,,,,,,unresolved,No lexical entry yet.
נתכונתי,נתכונתי,1,0,60,,,,,,unresolved,No lexical entry yet.
נתמעט,נתמעט,3,0,60,,,,,,unresolved,No lexical entry yet.
נתמעטו,נתמעטו,1,0,60,,,,,,unresolved,No lexical entry yet.
נתן,נתנ,25,65,60,,,,,,claims_below_safe_min60,No strict claim >=60%.
נתנה,נתנה,2,65,60,,,,,,claims_below_safe_min60,No strict claim >=60%.
נתנו,נתנו,3,0,60,,,,,,unresolved,No lexical entry yet.
נתנם,נתנמ,1,0,60,,,,,,unresolved,No lexical entry yet.
נתנן,נתננ,1,0,60,,,,,,unresolved,No lexical entry yet.
נתעוררתי,נתעוררתי,1,0,60,,,,,,unresolved,No lexical entry yet.
נתפוס,נתפוס,1,0,60,,,,,,unresolved,No lexical entry yet.
נתקנה,נתקנה,6,0,60,,,,,,unresolved,No lexical entry yet.
נתת,נתת,10,65,60,,,,,,claims_below_safe_min60,No strict claim >=60%.
נתתו,נתתו,8,0,60,,,,,,unresolved,No lexical entry yet.
נתתיה,נתתיה,1,0,60,,,,,,unresolved,No lexical entry yet.
נתתיו,נתתיו,6,95,60,claim-6726506cb6a027e6,to give | used with greatest latitude of application ( put | make | etc.) | add | apply | appoint | ascribe,OpenScriptures morphHB,H5414,CC BY 4.0,safe_claims_min60,
ס׳,ס׳,4,0,60,,,,,,unresolved,No lexical entry yet.
ס״ב,ס״ב,1,0,60,,,,,,unresolved,No lexical entry yet.
ס״ד,ס״ד,2,0,60,,,,,,unresolved,No lexical entry yet.
ס״ז,ס״ז,1,0,60,,,,,,unresolved,No lexical entry yet.
ס״ח,ס״ח,1,0,60,,,,,,unresolved,No lexical entry yet.
ס״ט,ס״ט,1,0,60,,,,,,unresolved,No lexical entry yet.
ס״ל,ס״ל,11,99,60,claim-cdf1bd50302c4c1c,he holds | he maintains,Project-authored abbreviation table,project-abbreviation:savira-lei,project-authored / CC0,safe_claims_min60,
ס״פ,ס״פ,1,0,60,,,,,,unresolved,No lexical entry yet.
ס״ק,ס״ק,11,0,60,,,,,,unresolved,No lexical entry yet.
סבה,סבה,1,65,60,,,,,,claims_below_safe_min60,No strict claim >=60%.
סבור,סבור,3,0,60,,,,,,unresolved,No lexical entry yet.
סבורין,סבורינ,1,0,60,,,,,,unresolved,No lexical entry yet.
סבר,סבר,27,0,60,,,,,,unresolved,No lexical entry yet.
סברא,סברא,40,0,60,,,,,,unresolved,No lexical entry yet.
סברי,סברי,13,0,60,,,,,,unresolved,No lexical entry yet.
סברת,סברת,8,0,60,,,,,,unresolved,No lexical entry yet.
סברתו,סברתו,1,0,60,,,,,,unresolved,No lexical entry yet.
סברתנו,סברתנו,1,0,60,,,,,,unresolved,No lexical entry yet.
סבת,סבת,1,0,60,,,,,,unresolved,No lexical entry yet.
סגי,סגי,8,0,60,,,,,,unresolved,No lexical entry yet.
סגנון,סגנונ,1,0,60,,,,,,unresolved,No lexical entry yet.
סד״א,סד״א,1,0,60,,,,,,unresolved,No lexical entry yet.
סדר,סדר,1,93,60,claim-5a19d43b3d19afab,order,Wikidata Lexeme,L79989,CC0,safe_claims_min60,
סהדי,סהדי,9,0,60,,,,,,unresolved,No lexical entry yet.
סובר,סובר,95,0,60,,,,,,unresolved,No lexical entry yet.
סוברים,סוברימ,11,0,60,,,,,,unresolved,No lexical entry yet.
סוברין,סוברינ,1,0,60,,,,,,unresolved,No lexical entry yet.
סוגיא,סוגיא,5,0,60,,,,,,unresolved,No lexical entry yet.
סוגית,סוגית,1,0,60,,,,,,unresolved,No lexical entry yet.
סוטה,סוטה,3,52,60,,,,,,claims_below_safe_min60,No strict claim >=60%.
סומכין,סומכינ,1,0,60,,,,,,unresolved,No lexical entry yet.
סוף,סופ,17,93,60,claim-d2952ae5ee668067,end,Wikidata Lexeme,L66964,CC0,safe_claims_min60,
סותרים,סותרימ,1,0,60,,,,,,unresolved,No lexical entry yet.
סטיתי,סטיתי,2,0,60,,,,,,unresolved,No lexical entry yet.
סטראי,סטראי,2,0,60,,,,,,unresolved,No lexical entry yet.
סי׳,סי׳,33,99,60,claim-84207b412c021c15,section | sign | siman,Project-authored abbreviation table,project-abbreviation:siman,project-authored / CC0,safe_claims_min60,
סי״א,סי״א,1,0,60,,,,,,unresolved,No lexical entry yet.
סיוע,סיוע,2,0,60,,,,,,unresolved,No lexical entry yet.
סיים,סיימ,2,0,60,,,,,,unresolved,No lexical entry yet.
סילוק,סילוק,6,0,60,,,,,,unresolved,No lexical entry yet.
סימן,סימנ,9,93,60,claim-fadfebeb587c5ec9,sign,Wikidata Lexeme,L67010,CC0,safe_claims_min60,
סימני,סימני,2,93,60,claim-fadfebeb587c5ec9,sign,Wikidata Lexeme,L67010,CC0,safe_claims_min60,
סימניו,סימניו,1,89,60,claim-bdfe9c2a8ce96b58 | claim-fadfebeb587c5ec9,his sign | its sign | sign,Wikidata Lexeme,L67010,CC0,safe_claims_min60,
סימנים,סימנימ,14,0,60,,,,,,unresolved,No lexical entry yet.
סך,סכ,3,0,60,,,,,,unresolved,No lexical entry yet.
סכינא,סכינא,4,0,60,,,,,,unresolved,No lexical entry yet.
סלוקי,סלוקי,1,0,60,,,,,,unresolved,No lexical entry yet.
סלעים,סלעימ,2,95,60,claim-98e75aa000c628ef,a craggy rock | literally | figuratively (a fortress ) | (ragged) rock | stone(-ny) | strong hold.,OpenScriptures morphHB,H5553,CC BY 4.0,safe_claims_min60,
סמוך,סמוכ,1,65,60,,,,,,claims_below_safe_min60,No strict claim >=60%.
סמטא,סמטא,2,0,60,,,,,,unresolved,No lexical entry yet.
סמך,סמכ,1,65,60,,,,,,claims_below_safe_min60,No strict claim >=60%.
סנהדרין,סנהדרינ,1,0,60,,,,,,unresolved,No lexical entry yet.
סעיף,סעיפ,29,65,60,,,,,,claims_below_safe_min60,No strict claim >=60%.
ספינה,ספינה,2,0,60,,,,,,unresolved,No lexical entry yet.
ספיקא,ספיקא,1,0,60,,,,,,unresolved,No lexical entry yet.
ספיקו,ספיקו,2,0,60,,,,,,unresolved,No lexical entry yet.
ספיקם,ספיקמ,1,0,60,,,,,,unresolved,No lexical entry yet.
ספק,ספק,77,65,60,,,,,,claims_below_safe_min60,No strict claim >=60%.
ספרו,ספרו,1,0,60,,,,,,unresolved,No lexical entry yet.
סתירה,סתירה,5,93,60,claim-e2d936da083819d8,"neutralization, chemical reaction | neutralization",Wikidata Lexeme,L67135,CC0,safe_claims_min60,
סתירות,סתירות,1,0,60,,,,,,unresolved,No lexical entry yet.
סתם,סתמ,22,0,60,,,,,,unresolved,No lexical entry yet.
סתמא,סתמא,3,0,60,,,,,,unresolved,No lexical entry yet.
סתר,סתר,1,65,60,,,,,,claims_below_safe_min60,No strict claim >=60%.
ע׳,ע׳,6,0,60,,,,,,unresolved,No lexical entry yet.
ע״א,ע״א,95,0,60,,,,,,unresolved,No lexical entry yet.
ע״ב,ע״ב,17,0,60,,,,,,unresolved,No lexical entry yet.
ע״ד,ע״ד,1,99,60,claim-3a287c3f03ff5779,concerning | regarding | about,Project-authored abbreviation table,project-abbreviation:ayin-dalet,project-authored / CC0,safe_claims_min60,
ע״ה,ע״ה,9,0,60,,,,,,unresolved,No lexical entry yet.
ע״ו,ע״ו,4,0,60,,,,,,unresolved,No lexical entry yet.
ע״ז,ע״ז,61,0,60,,,,,,unresolved,No lexical entry yet.
ע״ח,ע״ח,1,0,60,,,,,,unresolved,No lexical entry yet.
ע״ט,ע״ט,3,0,60,,,,,,unresolved,No lexical entry yet.
ע״י,ע״י,31,99,60,claim-26be423fb35020b3,by | through | by means of,Project-authored abbreviation table,project-abbreviation:ayin-yod,project-authored / CC0,safe_claims_min60,
ע״כ,ע״כ,39,99,60,claim-772a894cabd8dc78,therefore | therefore so | on account of this,Project-authored abbreviation table,project-abbreviation:ayin-kaf,project-authored / CC0,safe_claims_min60,
ע״מ,ע״מ,3,0,60,,,,,,unresolved,No lexical entry yet.
ע״פ,ע״פ,66,99,60,claim-a50fb06a631300a8,according to | based on | by,Project-authored abbreviation table,project-abbreviation:ayin-pe,project-authored / CC0,safe_claims_min60,
ע״ש,ע״ש,13,99,60,claim-cc05bc8acc042c7c,see there,Project-authored abbreviation table,project-abbreviation:ayin-sham,project-authored / CC0,safe_claims_min60,
עבד,עבד,16,65,60,,,,,,claims_below_safe_min60,No strict claim >=60%.
עבדא,עבדא,2,0,60,,,,,,unresolved,No lexical entry yet.
עבדו,עבדו,5,0,60,,,,,,unresolved,No lexical entry yet.
עבדי,עבדי,4,65,60,,,,,,claims_below_safe_min60,No strict claim >=60%.
עבדים,עבדימ,3,65,60,,,,,,claims_below_safe_min60,No strict claim >=60%.
עבודה,עבודה,1,95,60,claim-87ca93967662f6df,work of any kind | act | bondage | bondservant | effect | labour | ministering(-try) | office,OpenScriptures morphHB,H5656,CC BY 4.0,safe_claims_min60,
עבודתה,עבודתה,1,0,60,,,,,,unresolved,No lexical entry yet.
עבור,עבור,2,65,60,,,,,,claims_below_safe_min60,No strict claim >=60%.
עבורו,עבורו,3,0,60,,,,,,unresolved,No lexical entry yet.
עבורם,עבורמ,2,0,60,,,,,,unresolved,No lexical entry yet.
עביד,עביד,1,0,60,,,,,,unresolved,No lexical entry yet.
עבירה,עבירה,1,0,60,,,,,,unresolved,No lexical entry yet.
עבר,עבר,1,65,60,,,,,,claims_below_safe_min60,No strict claim >=60%.
עברי,עברי,10,0,60,,,,,,unresolved,No lexical entry yet.
עד,עד,113,99,60,claim-38cda01993b0e640,until | up to | as far as,Project-authored function word table,project-function-word:ad,project-authored / CC0,safe_claims_min60,
עדות,עדות,24,65,60,,,,,,claims_below_safe_min60,No strict claim >=60%.
עדותו,עדותו,11,0,60,,,,,,unresolved,No lexical entry yet.
עדותם,עדותמ,1,0,60,,,,,,unresolved,No lexical entry yet.
עדותן,עדותנ,14,0,60,,,,,,unresolved,No lexical entry yet.
עדי,עדי,12,65,60,,,,,,claims_below_safe_min60,No strict claim >=60%.
עדיו,עדיו,2,0,60,,,,,,unresolved,No lexical entry yet.
עדיין,עדיינ,5,52,60,,,,,,claims_below_safe_min60,No strict claim >=60%.
עדים,עדימ,163,65,60,,,,,,claims_below_safe_min60,No strict claim >=60%.
עדיף,עדיפ,20,0,60,,,,,,unresolved,No lexical entry yet.
עדיפא,עדיפא,5,0,60,,,,,,unresolved,No lexical entry yet.
עדיפותא,עדיפותא,1,0,60,,,,,,unresolved,No lexical entry yet.
עובדא,עובדא,2,0,60,,,,,,unresolved,No lexical entry yet.
עובר,עובר,4,65,60,,,,,,claims_below_safe_min60,No strict claim >=60%.
עוד,עוד,64,65,60,,,,,,claims_below_safe_min60,No strict claim >=60%.
עולה,עולה,5,65,60,,,,,,claims_below_safe_min60,No strict claim >=60%.
עולם,עולמ,1,65,60,,,,,,claims_below_safe_min60,No strict claim >=60%.
עומד,עומד,15,65,60,,,,,,claims_below_safe_min60,No strict claim >=60%.
עומדים,עומדימ,1,0,60,,,,,,unresolved,No lexical entry yet.
עומדין,עומדינ,1,0,60,,,,,,unresolved,No lexical entry yet.
עומדת,עומדת,1,65,60,,,,,,claims_below_safe_min60,No strict claim >=60%.
עון,עונ,7,65,60,,,,,,claims_below_safe_min60,No strict claim >=60%.
עוקציה,עוקציה,1,0,60,,,,,,unresolved,No lexical entry yet.
עושה,עושה,7,65,60,,,,,,claims_below_safe_min60,No strict claim >=60%.
עושים,עושימ,2,0,60,,,,,,unresolved,No lexical entry yet.
עזות,עזות,1,65,60,,,,,,claims_below_safe_min60,No strict claim >=60%.
עזי,עזי,3,0,60,,,,,,unresolved,No lexical entry yet.
עי״ש,עי״ש,2,0,60,,,,,,unresolved,No lexical entry yet.
עיילתיה,עיילתיה,1,0,60,,,,,,unresolved,No lexical entry yet.
עיין,עיינ,4,0,60,,,,,,unresolved,No lexical entry yet.
עיינתי,עיינתי,3,0,60,,,,,,unresolved,No lexical entry yet.
עין,עינ,2,65,60,,,,,,claims_below_safe_min60,No strict claim >=60%.
עיניו,עיניו,3,95,60,claim-a31fa77c0cca5333,an eye (literally | figuratively) | by analogy | a fountain (as the eye of the landscape) | affliction | outward appearance | before | think best,OpenScriptures HebrewLexicon,H5869,CC BY 4.0,safe_claims_min60,
עיקר,עיקר,109,0,60,,,,,,unresolved,No lexical entry yet.
עירוב,עירוב,4,52,60,,,,,,claims_below_safe_min60,No strict claim >=60%.
עכ״ד,עכ״ד,9,0,60,,,,,,unresolved,No lexical entry yet.
עכ״ל,עכ״ל,86,0,60,,,,,,unresolved,No lexical entry yet.
עכ״פ,עכ״פ,33,0,60,,,,,,unresolved,No lexical entry yet.
עכו״ם,עכו״מ,1,0,60,,,,,,unresolved,No lexical entry yet.
עכשיו,עכשיו,32,0,60,,,,,,unresolved,No lexical entry yet.
עכת״ד,עכת״ד,1,0,60,,,,,,unresolved,No lexical entry yet.
על,על,651,99,60,claim-8a19e15ec64e63b8,on | upon | over | concerning | about,Project-authored function word table,project-function-word:al,project-authored / CC0,safe_claims_min60,
עלה,עלה,10,65,60,,,,,,claims_below_safe_min60,No strict claim >=60%.
עלי,עלי,1,65,60,,,,,,claims_below_safe_min60,No strict claim >=60%.
עליה,עליה,15,65,60,,,,,,claims_below_safe_min60,No strict claim >=60%.
עליהם,עליהמ,10,65,60,,,,,,claims_below_safe_min60,No strict claim >=60%.
עליהן,עליהנ,7,65,60,,,,,,claims_below_safe_min60,No strict claim >=60%.
עליו,עליו,143,65,60,,,,,,claims_below_safe_min60,No strict claim >=60%.
עליות,עליות,1,93,60,claim-064703911aee1007,upper/higher,Wikidata Lexeme,L216085,CC0,safe_claims_min60,
עליך,עליכ,5,65,60,,,,,,claims_below_safe_min60,No strict claim >=60%.
עלינו,עלינו,4,65,60,,,,,,claims_below_safe_min60,No strict claim >=60%.
עלך,עלכ,1,0,60,,,,,,unresolved,No lexical entry yet.
עם,עמ,24,99,60,claim-67cc0fd2ce2d6b15,with,Project-authored function word table,project-function-word:im-with,project-authored / CC0,safe_claims_min60,
עמד,עמד,6,0,60,,,,,,unresolved,No lexical entry yet.
עמדו,עמדו,2,65,60,,,,,,claims_below_safe_min60,No strict claim >=60%.
עמדתי,עמדתי,1,0,60,,,,,,unresolved,No lexical entry yet.
עמהם,עמהמ,1,93,60,claim-e4abb80cc1650b26,with (comitative),Wikidata Lexeme,L491962,CC0,safe_claims_min60,
עמו,עמו,11,65,60,,,,,,claims_below_safe_min60,No strict claim >=60%.
עמוד,עמוד,2,65,60,,,,,,claims_below_safe_min60,No strict claim >=60%.
עמיתו,עמיתו,1,0,60,,,,,,unresolved,No lexical entry yet.
ענבים,ענבימ,7,0,60,,,,,,unresolved,No lexical entry yet.
עני,עני,1,0,60,,,,,,unresolved,No lexical entry yet.
ענין,ענינ,8,65,60,,,,,,claims_below_safe_min60,No strict claim >=60%.
עניני,עניני,1,0,60,,,,,,unresolved,No lexical entry yet.
ענינים,ענינימ,6,52,60,,,,,,claims_below_safe_min60,No strict claim >=60%.
עסוק,עסוק,1,0,60,,,,,,unresolved,No lexical entry yet.
עסוקין,עסוקינ,1,0,60,,,,,,unresolved,No lexical entry yet.
עסמ״ע,עסמ״ע,1,0,60,,,,,,unresolved,No lexical entry yet.
עסק,עסק,3,63,60,,,,,,claims_below_safe_min60,No strict claim >=60%.
עסקא,עסקא,1,0,60,,,,,,unresolved,No lexical entry yet.
עסקים,עסקימ,2,0,60,,,,,,unresolved,No lexical entry yet.
עפ״י,עפ״י,16,0,60,,,,,,unresolved,No lexical entry yet.
עפ״מ,עפ״מ,3,0,60,,,,,,unresolved,No lexical entry yet.
עפר,עפר,2,65,60,,,,,,claims_below_safe_min60,No strict claim >=60%.
עצה,עצה,3,65,60,,,,,,claims_below_safe_min60,No strict claim >=60%.
עצם,עצמ,2,65,60,,,,,,claims_below_safe_min60,No strict claim >=60%.
עצמה,עצמה,18,65,60,,,,,,claims_below_safe_min60,No strict claim >=60%.
עצמו,עצמו,86,65,60,,,,,,claims_below_safe_min60,No strict claim >=60%.
עצמי,עצמי,2,65,60,,,,,,claims_below_safe_min60,No strict claim >=60%.
עצמך,עצמכ,3,0,60,,,,,,unresolved,No lexical entry yet.
עצמם,עצממ,3,95,60,claim-fada6639c8c81bc5,a bone (as strong ) | by extension | the body | figuratively | the substance | i.e. (as pron.) selfsame | body | bone,OpenScriptures morphHB,H6106,CC BY 4.0,safe_claims_min60,
עצמן,עצמנ,3,95,60,claim-474091b3158bb42d,Atsmon | a place near Palestine | Azmon.,OpenScriptures morphHB,H6111,CC BY 4.0,safe_claims_min60,
עקר,עקר,1,0,60,,,,,,unresolved,No lexical entry yet.
עקרי,עקרי,1,0,60,,,,,,unresolved,No lexical entry yet.
ערבין,ערבינ,1,0,60,,,,,,unresolved,No lexical entry yet.
ערוכה,ערוכה,1,0,60,,,,,,unresolved,No lexical entry yet.
ערימה,ערימה,1,0,60,,,,,,unresolved,No lexical entry yet.
ערמה,ערמה,4,0,60,,,,,,unresolved,No lexical entry yet.
עשאה,עשאה,3,0,60,,,,,,unresolved,No lexical entry yet.
עשאו,עשאו,2,0,60,,,,,,unresolved,No lexical entry yet.
עשאוה,עשאוה,1,0,60,,,,,,unresolved,No lexical entry yet.
עשה,עשה,7,65,60,,,,,,claims_below_safe_min60,No strict claim >=60%.
עשו,עשו,3,65,60,,,,,,claims_below_safe_min60,No strict claim >=60%.
עשוי,עשוי,4,65,60,,,,,,claims_below_safe_min60,No strict claim >=60%.
עשויים,עשויימ,3,0,60,,,,,,unresolved,No lexical entry yet.
עשויין,עשויינ,3,0,60,,,,,,unresolved,No lexical entry yet.
עשיר,עשיר,3,65,60,,,,,,claims_below_safe_min60,No strict claim >=60%.
עשק,עשק,1,65,60,,,,,,claims_below_safe_min60,No strict claim >=60%.
עשרה,עשרה,3,65,60,,,,,,claims_below_safe_min60,No strict claim >=60%.
עשרים,עשרימ,1,0,60,,,,,,unresolved,No lexical entry yet.
עתה,עתה,20,65,60,,,,,,claims_below_safe_min60,No strict claim >=60%.
פ׳,פ׳,27,0,60,,,,,,unresolved,No lexical entry yet.
פ״א,פ״א,8,0,60,,,,,,unresolved,No lexical entry yet.
פ״ב,פ״ב,3,0,60,,,,,,unresolved,No lexical entry yet.
פ״ג,פ״ג,2,0,60,,,,,,unresolved,No lexical entry yet.
פ״ד,פ״ד,2,0,60,,,,,,unresolved,No lexical entry yet.
פ״ה,פ״ה,4,0,60,,,,,,unresolved,No lexical entry yet.
פ״ז,פ״ז,6,0,60,,,,,,unresolved,No lexical entry yet.
פ״ט,פ״ט,1,0,60,,,,,,unresolved,No lexical entry yet.
פ״י,פ״י,2,0,60,,,,,,unresolved,No lexical entry yet.
פ״נ,פ״נ,1,0,60,,,,,,unresolved,No lexical entry yet.
פ״פ,פ״פ,2,0,60,,,,,,unresolved,No lexical entry yet.
פ״ק,פ״ק,3,0,60,,,,,,unresolved,No lexical entry yet.
פגם,פגמ,4,93,60,claim-1007ef76020048e4,flaw,Wikidata Lexeme,L216402,CC0,safe_claims_min60,
פה,פה,2,65,60,,,,,,claims_below_safe_min60,No strict claim >=60%.
פוגם,פוגמ,5,0,60,,,,,,unresolved,No lexical entry yet.
פוגמת,פוגמת,2,0,60,,,,,,unresolved,No lexical entry yet.
פוחת,פוחת,1,0,60,,,,,,unresolved,No lexical entry yet.
פוחתה,פוחתה,1,0,60,,,,,,unresolved,No lexical entry yet.
פוטר,פוטר,22,0,60,,,,,,unresolved,No lexical entry yet.
פוטרו,פוטרו,5,0,60,,,,,,unresolved,No lexical entry yet.
פוטרת,פוטרת,3,0,60,,,,,,unresolved,No lexical entry yet.
פוטרתו,פוטרתו,1,0,60,,,,,,unresolved,No lexical entry yet.
פוסל,פוסל,2,0,60,,,,,,unresolved,No lexical entry yet.
פוסלין,פוסלינ,1,0,60,,,,,,unresolved,No lexical entry yet.
פוסק,פוסק,7,0,60,,,,,,unresolved,No lexical entry yet.
פוסקין,פוסקינ,2,0,60,,,,,,unresolved,No lexical entry yet.
פועל,פועל,1,0,60,,,,,,unresolved,No lexical entry yet.
פועלים,פועלימ,4,0,60,,,,,,unresolved,No lexical entry yet.
פורע,פורע,6,0,60,,,,,,unresolved,No lexical entry yet.
פושט,פושט,1,0,60,,,,,,unresolved,No lexical entry yet.
פחות,פחות,12,65,60,,,,,,claims_below_safe_min60,No strict claim >=60%.
פחותה,פחותה,1,0,60,,,,,,unresolved,No lexical entry yet.
פחת,פחת,1,0,60,,,,,,unresolved,No lexical entry yet.
פחתה,פחתה,1,0,60,,,,,,unresolved,No lexical entry yet.
פחתו,פחתו,2,0,60,,,,,,unresolved,No lexical entry yet.
פט״ו,פט״ו,4,0,60,,,,,,unresolved,No lexical entry yet.
פטור,פטור,77,0,60,,,,,,unresolved,No lexical entry yet.
פטורה,פטורה,1,0,60,,,,,,unresolved,No lexical entry yet.
פטורו,פטורו,4,0,60,,,,,,unresolved,No lexical entry yet.
פטורי,פטורי,1,0,60,,,,,,unresolved,No lexical entry yet.
פטורים,פטורימ,2,0,60,,,,,,unresolved,No lexical entry yet.
פטורין,פטורינ,3,0,60,,,,,,unresolved,No lexical entry yet.
פטר,פטר,7,0,60,,,,,,unresolved,No lexical entry yet.
פטרוהו,פטרוהו,2,0,60,,,,,,unresolved,No lexical entry yet.
פטרי,פטרי,3,0,60,,,,,,unresolved,No lexical entry yet.
פטרינהו,פטרינהו,1,0,60,,,,,,unresolved,No lexical entry yet.
פטרן,פטרנ,1,0,60,,,,,,unresolved,No lexical entry yet.
פי,פי,4,65,60,,,,,,claims_below_safe_min60,No strict claim >=60%.
פי׳,פי׳,16,99,60,claim-0a6fec01f87dcef3,explanation | commentary | meaning,Project-authored abbreviation table,project-abbreviation:perush,project-authored / CC0,safe_claims_min60,
פי״א,פי״א,1,0,60,,,,,,unresolved,No lexical entry yet.
פיהם,פיהמ,1,0,60,,,,,,unresolved,No lexical entry yet.
פיהן,פיהנ,2,0,60,,,,,,unresolved,No lexical entry yet.
פיו,פיו,6,95,60,claim-97ba7e319a54aaae,the mouth (as the means of blowing ) | whether literal | figurative (particularly speech ) | specifically edge | portion | side | adverbially (with preposition) according to | accord(-ing as,OpenScriptures morphHB,H6310,CC BY 4.0,safe_claims_min60,
פירוש,פירוש,3,52,60,,,,,,claims_below_safe_min60,No strict claim >=60%.
פירושו,פירושו,5,0,60,,,,,,unresolved,No lexical entry yet.
פירושים,פירושימ,1,0,60,,,,,,unresolved,No lexical entry yet.
פירות,פירות,16,52,60,,,,,,claims_below_safe_min60,No strict claim >=60%.
פירותיה,פירותיה,7,77,60,claim-6f1196ac655b0dd3,her fruit | its fruit,Wiktionary via Kaikki,kaikki-a5359e9b1e34,CC BY-SA 4.0 / GFDL,safe_claims_min60,
פירי,פירי,3,0,60,,,,,,unresolved,No lexical entry yet.
פירכא,פירכא,1,0,60,,,,,,unresolved,No lexical entry yet.
פירנס,פירנס,1,0,60,,,,,,unresolved,No lexical entry yet.
פירש״י,פירש״י,4,0,60,,,,,,unresolved,No lexical entry yet.
פירשה,פירשה,1,0,60,,,,,,unresolved,No lexical entry yet.
פישר,פישר,1,0,60,,,,,,unresolved,No lexical entry yet.
פלא,פלא,3,0,60,,,,,,unresolved,No lexical entry yet.
פלג,פלג,1,0,60,,,,,,unresolved,No lexical entry yet.
פלגי,פלגי,1,0,60,,,,,,unresolved,No lexical entry yet.
פלגינן,פלגיננ,1,0,60,,,,,,unresolved,No lexical entry yet.
פלוגתא,פלוגתא,3,0,60,,,,,,unresolved,No lexical entry yet.
פלוגתייהו,פלוגתייהו,1,0,60,,,,,,unresolved,No lexical entry yet.
פלוני,פלוני,17,0,60,,,,,,unresolved,No lexical entry yet.
פליגי,פליגי,15,0,60,,,,,,unresolved,No lexical entry yet.
פלניא,פלניא,1,0,60,,,,,,unresolved,No lexical entry yet.
פן,פנ,3,0,60,,,,,,unresolved,No lexical entry yet.
פניו,פניו,2,95,60,claim-b6cf62d00d74f10a,the face (as the part that turns) | used in a great variety of applications (literally and figuratively) | also (with prepositional prefix) as a preposition ( before | etc.) | accept | a-(be-) fore(-time) | against | anger,OpenScriptures morphHB,H6440,CC BY 4.0,safe_claims_min60,
פנים,פנימ,5,65,60,,,,,,claims_below_safe_min60,No strict claim >=60%.
פנקסו,פנקסו,1,0,60,,,,,,unresolved,No lexical entry yet.
פסול,פסול,7,63,60,,,,,,claims_below_safe_min60,No strict claim >=60%.
פסולים,פסולימ,3,0,60,,,,,,unresolved,No lexical entry yet.
פסחים,פסחימ,1,65,60,,,,,,claims_below_safe_min60,No strict claim >=60%.
פסידא,פסידא,4,0,60,,,,,,unresolved,No lexical entry yet.
פסיקא,פסיקא,1,0,60,,,,,,unresolved,No lexical entry yet.
פסלם,פסלמ,1,0,60,,,,,,unresolved,No lexical entry yet.
פסק,פסק,27,0,60,,,,,,unresolved,No lexical entry yet.
פסקי,פסקי,1,0,60,,,,,,unresolved,No lexical entry yet.
פעולה,פעולה,1,52,60,,,,,,claims_below_safe_min60,No strict claim >=60%.
פעם,פעמ,1,65,60,,,,,,claims_below_safe_min60,No strict claim >=60%.
פעמים,פעמימ,7,95,60,claim-2fe4c8a23c9d2a17,a stroke | literally | figuratively (in various applications | as follow) | anvil | corner | foot(-step) | going,OpenScriptures HebrewLexicon,H6471,CC BY 4.0,safe_claims_min60,
פפא,פפא,5,0,60,,,,,,unresolved,No lexical entry yet.
פצע,פצע,1,0,60,,,,,,unresolved,No lexical entry yet.
פקדון,פקדונ,29,0,60,,,,,,unresolved,No lexical entry yet.
פקדונו,פקדונו,1,0,60,,,,,,unresolved,No lexical entry yet.
פקדנו,פקדנו,3,0,60,,,,,,unresolved,No lexical entry yet.
פקעה,פקעה,1,0,60,,,,,,unresolved,No lexical entry yet.
פרה,פרה,4,65,60,,,,,,claims_below_safe_min60,No strict claim >=60%.
פרוטה,פרוטה,14,0,60,,,,,,unresolved,No lexical entry yet.
פרוסקין,פרוסקינ,2,0,60,,,,,,unresolved,No lexical entry yet.
פרוע,פרוע,15,0,60,,,,,,unresolved,No lexical entry yet.
פרועה,פרועה,6,0,60,,,,,,unresolved,No lexical entry yet.
פרות,פרות,3,0,60,,,,,,unresolved,No lexical entry yet.
פרט,פרט,1,65,60,,,,,,claims_below_safe_min60,No strict claim >=60%.
פריטי,פריטי,1,0,60,,,,,,unresolved,No lexical entry yet.
פריינד,פריינד,1,0,60,,,,,,unresolved,No lexical entry yet.
פריך,פריכ,12,0,60,,,,,,unresolved,No lexical entry yet.
פריעא,פריעא,2,0,60,,,,,,unresolved,No lexical entry yet.
פרכינן,פרכיננ,1,0,60,,,,,,unresolved,No lexical entry yet.
פרנסה,פרנסה,1,0,60,,,,,,unresolved,No lexical entry yet.
פרנק,פרנק,2,0,60,,,,,,unresolved,No lexical entry yet.
פרס,פרס,1,65,60,,,,,,claims_below_safe_min60,No strict claim >=60%.
פרסום,פרסומ,1,0,60,,,,,,unresolved,No lexical entry yet.
פרע,פרע,11,0,60,,,,,,unresolved,No lexical entry yet.
פרעו,פרעו,9,0,60,,,,,,unresolved,No lexical entry yet.
פרעון,פרעונ,19,0,60,,,,,,unresolved,No lexical entry yet.
פרעת,פרעת,1,0,60,,,,,,unresolved,No lexical entry yet.
פרעתי,פרעתי,64,0,60,,,,,,unresolved,No lexical entry yet.
פרעתיו,פרעתיו,3,0,60,,,,,,unresolved,No lexical entry yet.
פרעתיך,פרעתיכ,26,0,60,,,,,,unresolved,No lexical entry yet.
פרעתני,פרעתני,1,0,60,,,,,,unresolved,No lexical entry yet.
פרק,פרק,5,65,60,,,,,,claims_below_safe_min60,No strict claim >=60%.
פרשה,פרשה,1,65,60,,,,,,claims_below_safe_min60,No strict claim >=60%.
פרשיות,פרשיות,4,0,60,,,,,,unresolved,No lexical entry yet.
פשוט,פשוט,27,0,60,,,,,,unresolved,No lexical entry yet.
פשוטים,פשוטימ,1,0,60,,,,,,unresolved,No lexical entry yet.
פשוטן,פשוטנ,1,0,60,,,,,,unresolved,No lexical entry yet.
פשיט,פשיט,1,0,60,,,,,,unresolved,No lexical entry yet.
פשיטא,פשיטא,6,0,60,,,,,,unresolved,No lexical entry yet.
פשיעה,פשיעה,6,0,60,,,,,,unresolved,No lexical entry yet.
פשיעתו,פשיעתו,2,0,60,,,,,,unresolved,No lexical entry yet.
פשע,פשע,6,65,60,,,,,,claims_below_safe_min60,No strict claim >=60%.
פשעת,פשעת,1,0,60,,,,,,unresolved,No lexical entry yet.
פשרה,פשרה,5,0,60,,,,,,unresolved,No lexical entry yet.
פתחי,פתחי,1,65,60,,,,,,claims_below_safe_min60,No strict claim >=60%.
פתיתי,פתיתי,1,0,60,,,,,,unresolved,No lexical entry yet.
צ׳,צ׳,3,0,60,,,,,,unresolved,No lexical entry yet.
צ״א,צ״א,3,0,60,,,,,,unresolved,No lexical entry yet.
צ״ב,צ״ב,1,0,60,,,,,,unresolved,No lexical entry yet.
צ״ד,צ״ד,3,0,60,,,,,,unresolved,No lexical entry yet.
צ״ה,צ״ה,4,0,60,,,,,,unresolved,No lexical entry yet.
צ״ז,צ״ז,2,0,60,,,,,,unresolved,No lexical entry yet.
צ״ח,צ״ח,3,0,60,,,,,,unresolved,No lexical entry yet.
צ״ט,צ״ט,1,0,60,,,,,,unresolved,No lexical entry yet.
צ״ל,צ״ל,11,0,60,,,,,,unresolved,No lexical entry yet.
צ״ע,צ״ע,1,0,60,,,,,,unresolved,No lexical entry yet.
צד,צד,3,65,60,,,,,,claims_below_safe_min60,No strict claim >=60%.
צואת,צואת,2,0,60,,,,,,unresolved,No lexical entry yet.
צוה,צוה,3,65,60,,,,,,claims_below_safe_min60,No strict claim >=60%.
צוהו,צוהו,1,0,60,,,,,,unresolved,No lexical entry yet.
צויתי,צויתי,1,0,60,,,,,,unresolved,No lexical entry yet.
צורך,צורכ,4,63,60,,,,,,claims_below_safe_min60,No strict claim >=60%.
ציין,ציינ,2,0,60,,,,,,unresolved,No lexical entry yet.
ציית,ציית,3,0,60,,,,,,unresolved,No lexical entry yet.
צל,צל,1,95,60,claim-3414af8ce723d273,shade | whether literal | figurative | defence | shade(-ow).,OpenScriptures HebrewLexicon,H6738,CC BY 4.0,safe_claims_min60,
צלקת,צלקת,3,0,60,,,,,,unresolved,No lexical entry yet.
צנא,צנא,2,0,60,,,,,,unresolved,No lexical entry yet.
צרור,צרור,2,65,60,,,,,,claims_below_safe_min60,No strict claim >=60%.
צריך,צריכ,237,65,60,,,,,,claims_below_safe_min60,No strict claim >=60%.
צריכא,צריכא,1,0,60,,,,,,unresolved,No lexical entry yet.
צריכה,צריכה,2,0,60,,,,,,unresolved,No lexical entry yet.
צריכי,צריכי,1,0,60,,,,,,unresolved,No lexical entry yet.
צריכים,צריכימ,14,0,60,,,,,,unresolved,No lexical entry yet.
צריכין,צריכינ,35,0,60,,,,,,unresolved,No lexical entry yet.
צריכינן,צריכיננ,2,0,60,,,,,,unresolved,No lexical entry yet.
צרכו,צרכו,1,0,60,,,,,,unresolved,No lexical entry yet.
ק׳,ק׳,4,0,60,,,,,,unresolved,No lexical entry yet.
ק״ב,ק״ב,1,0,60,,,,,,unresolved,No lexical entry yet.
ק״ו,ק״ו,6,0,60,,,,,,unresolved,No lexical entry yet.
ק״ז,ק״ז,2,0,60,,,,,,unresolved,No lexical entry yet.
ק״ח,ק״ח,2,0,60,,,,,,unresolved,No lexical entry yet.
ק״ט,ק״ט,1,0,60,,,,,,unresolved,No lexical entry yet.
ק״מ,ק״מ,1,0,60,,,,,,unresolved,No lexical entry yet.
קא,קא,17,0,60,,,,,,unresolved,No lexical entry yet.
קאי,קאי,3,0,60,,,,,,unresolved,No lexical entry yet.
קאמר,קאמר,6,0,60,,,,,,unresolved,No lexical entry yet.
קאמרי,קאמרי,1,0,60,,,,,,unresolved,No lexical entry yet.
קביעת,קביעת,1,0,60,,,,,,unresolved,No lexical entry yet.
קבל,קבל,4,65,60,,,,,,claims_below_safe_min60,No strict claim >=60%.
קבלה,קבלה,1,63,60,,,,,,claims_below_safe_min60,No strict claim >=60%.
קבלו,קבלו,1,0,60,,,,,,unresolved,No lexical entry yet.
קבלם,קבלמ,1,0,60,,,,,,unresolved,No lexical entry yet.
קבלת,קבלת,2,63,60,,,,,,claims_below_safe_min60,No strict claim >=60%.
קבלתי,קבלתי,2,0,60,,,,,,unresolved,No lexical entry yet.
קבע,קבע,5,0,60,,,,,,unresolved,No lexical entry yet.
קבעת,קבעת,4,0,60,,,,,,unresolved,No lexical entry yet.
קדושין,קדושינ,4,0,60,,,,,,unresolved,No lexical entry yet.
קדם,קדמ,3,65,60,,,,,,claims_below_safe_min60,No strict claim >=60%.
קדמה,קדמה,1,0,60,,,,,,unresolved,No lexical entry yet.
קדמתיך,קדמתיכ,1,0,60,,,,,,unresolved,No lexical entry yet.
קו׳,קו׳,1,0,60,,,,,,unresolved,No lexical entry yet.
קודם,קודמ,38,0,60,,,,,,unresolved,No lexical entry yet.
קול,קול,2,93,60,claim-a1390ac6efc4e3e6,sound,Wikidata Lexeme,L67788,CC0,safe_claims_min60,
קונה,קונה,15,93,60,claim-6572e5301c9a65bc,to purchase,Wikidata Lexeme,L218350,CC0,safe_claims_min60,
קונות,קונות,1,0,60,,,,,,unresolved,No lexical entry yet.
קורא,קורא,1,93,60,claim-d79106983fe81024,Ammoperdix,Wikidata Lexeme,L67832,CC0,safe_claims_min60,
קושיא,קושיא,6,0,60,,,,,,unresolved,No lexical entry yet.
קושיות,קושיות,2,0,60,,,,,,unresolved,No lexical entry yet.
קושיית,קושיית,6,0,60,,,,,,unresolved,No lexical entry yet.
קושייתו,קושייתו,4,0,60,,,,,,unresolved,No lexical entry yet.
קושייתנו,קושייתנו,1,0,60,,,,,,unresolved,No lexical entry yet.
קושית,קושית,1,0,60,,,,,,unresolved,No lexical entry yet.
קט״ו,קט״ו,2,0,60,,,,,,unresolved,No lexical entry yet.
קט״ז,קט״ז,2,0,60,,,,,,unresolved,No lexical entry yet.
קטן,קטנ,61,65,60,,,,,,claims_below_safe_min60,No strict claim >=60%.
קטנה,קטנה,1,65,60,,,,,,claims_below_safe_min60,No strict claim >=60%.
קטע,קטע,1,0,60,,,,,,unresolved,No lexical entry yet.
קיום,קיומ,28,93,60,claim-eea5778172949139,existence | Wujud,Wikidata Lexeme,L67859,CC0,safe_claims_min60,
קיי״ל,קיי״ל,14,0,60,,,,,,unresolved,No lexical entry yet.
קיים,קיימ,5,0,60,,,,,,unresolved,No lexical entry yet.
קיימא,קיימא,5,0,60,,,,,,unresolved,No lexical entry yet.
קיימינן,קיימיננ,1,0,60,,,,,,unresolved,No lexical entry yet.
קיימת,קיימת,2,0,60,,,,,,unresolved,No lexical entry yet.
קינא,קינא,1,0,60,,,,,,unresolved,No lexical entry yet.
קינוי,קינוי,4,0,60,,,,,,unresolved,No lexical entry yet.
קיצור,קיצור,3,0,60,,,,,,unresolved,No lexical entry yet.
קכ״א,קכ״א,4,0,60,,,,,,unresolved,No lexical entry yet.
קכ״ג,קכ״ג,1,0,60,,,,,,unresolved,No lexical entry yet.
קכ״ו,קכ״ו,1,0,60,,,,,,unresolved,No lexical entry yet.
קכ״ח,קכ״ח,2,0,60,,,,,,unresolved,No lexical entry yet.
קל״ג,קל״ג,3,0,60,,,,,,unresolved,No lexical entry yet.
קל״ד,קל״ד,2,0,60,,,,,,unresolved,No lexical entry yet.
קל״ה,קל״ה,3,0,60,,,,,,unresolved,No lexical entry yet.
קל״ז,קל״ז,1,0,60,,,,,,unresolved,No lexical entry yet.
קלא,קלא,9,0,60,,,,,,unresolved,No lexical entry yet.
קלקלה,קלקלה,1,0,60,,,,,,unresolved,No lexical entry yet.
קם,קמ,24,65,60,,,,,,claims_below_safe_min60,No strict claim >=60%.
קמ״ו,קמ״ו,1,0,60,,,,,,unresolved,No lexical entry yet.
קמ״ל,קמ״ל,3,0,60,,,,,,unresolved,No lexical entry yet.
קמא,קמא,1,0,60,,,,,,unresolved,No lexical entry yet.
קמאי,קמאי,1,0,60,,,,,,unresolved,No lexical entry yet.
קמי,קמי,1,0,60,,,,,,unresolved,No lexical entry yet.
קמי׳,קמי׳,1,0,60,,,,,,unresolved,No lexical entry yet.
קמיירי,קמיירי,1,0,60,,,,,,unresolved,No lexical entry yet.
קמן,קמנ,2,0,60,,,,,,unresolved,No lexical entry yet.
קנאו,קנאו,3,0,60,,,,,,unresolved,No lexical entry yet.
קנה,קנה,16,65,60,,,,,,claims_below_safe_min60,No strict claim >=60%.
קנוי,קנוי,2,0,60,,,,,,unresolved,No lexical entry yet.
קנוניא,קנוניא,1,0,60,,,,,,unresolved,No lexical entry yet.
קני׳,קני׳,1,0,60,,,,,,unresolved,No lexical entry yet.
קנין,קנינ,6,95,60,claim-bf9e5812ff3dc5a1,creation | i.e. (concretely) creatures | also acquisition | purchase | wealth | getting | goods | × with money,OpenScriptures HebrewLexicon,H7075,CC BY 4.0,safe_claims_min60,
קניתיה,קניתיה,1,0,60,,,,,,unresolved,No lexical entry yet.
קנס,קנס,15,0,60,,,,,,unresolved,No lexical entry yet.
קנסא,קנסא,3,0,60,,,,,,unresolved,No lexical entry yet.
קנסות,קנסות,1,0,60,,,,,,unresolved,No lexical entry yet.
קנתה,קנתה,1,93,60,claim-6572e5301c9a65bc,to purchase,Wikidata Lexeme,L218350,CC0,safe_claims_min60,
קע״ד,קע״ד,1,0,60,,,,,,unresolved,No lexical entry yet.
קע״ו,קע״ו,1,0,60,,,,,,unresolved,No lexical entry yet.
קפיד,קפיד,1,0,60,,,,,,unresolved,No lexical entry yet.
קציצה,קציצה,1,0,60,,,,,,unresolved,No lexical entry yet.
קציצת,קציצת,1,0,60,,,,,,unresolved,No lexical entry yet.
קצץ,קצצ,2,0,60,,,,,,unresolved,No lexical entry yet.
קצצת,קצצת,5,0,60,,,,,,unresolved,No lexical entry yet.
קצצתי,קצצתי,1,0,60,,,,,,unresolved,No lexical entry yet.
קצת,קצת,6,65,60,,,,,,claims_below_safe_min60,No strict claim >=60%.
קרא,קרא,30,65,60,,,,,,claims_below_safe_min60,No strict claim >=60%.
קרבן,קרבנ,16,65,60,,,,,,claims_below_safe_min60,No strict claim >=60%.
קרדום,קרדומ,2,0,60,,,,,,unresolved,No lexical entry yet.
קרוב,קרוב,4,65,60,,,,,,claims_below_safe_min60,No strict claim >=60%.
קרן,קרנ,3,93,60,claim-034b6e661863316e,horn | financial endowment | ray,Wikidata Lexeme,L67982,CC0,safe_claims_min60,
קרע,קרע,1,0,60,,,,,,unresolved,No lexical entry yet.
קרקע,קרקע,38,0,60,,,,,,unresolved,No lexical entry yet.
קרקעו,קרקעו,1,0,60,,,,,,unresolved,No lexical entry yet.
קרקעות,קרקעות,16,0,60,,,,,,unresolved,No lexical entry yet.
קרקעותיו,קרקעותיו,4,0,60,,,,,,unresolved,No lexical entry yet.
קשה,קשה,44,65,60,,,,,,claims_below_safe_min60,No strict claim >=60%.
קשיא,קשיא,4,0,60,,,,,,unresolved,No lexical entry yet.
קתני,קתני,2,0,60,,,,,,unresolved,No lexical entry yet.
ר׳,ר׳,21,99,60,claim-fe4d5c8b8582df89,Rabbi | Rav,Project-authored abbreviation table,project-abbreviation:rabbi,project-authored / CC0,safe_claims_min60,
ר״א,ר״א,1,0,60,,,,,,unresolved,No lexical entry yet.
ר״ה,ר״ה,1,0,60,,,,,,unresolved,No lexical entry yet.
ר״ח,ר״ח,1,0,60,,,,,,unresolved,No lexical entry yet.
ר״י,ר״י,2,0,60,,,,,,unresolved,No lexical entry yet.
ר״ל,ר״ל,4,99,60,claim-90f0c377a0b5fc06,that is to say | meaning,Project-authored abbreviation table,project-abbreviation:rotzeh-lomar,project-authored / CC0,safe_claims_min60,
ר״מ,ר״מ,2,0,60,,,,,,unresolved,No lexical entry yet.
ר״נ,ר״נ,3,0,60,,,,,,unresolved,No lexical entry yet.
ר״פ,ר״פ,5,0,60,,,,,,unresolved,No lexical entry yet.
ר״ת,ר״ת,6,0,60,,,,,,unresolved,No lexical entry yet.
ראב״י,ראב״י,7,0,60,,,,,,unresolved,No lexical entry yet.
ראב״ש,ראב״ש,1,0,60,,,,,,unresolved,No lexical entry yet.
ראה,ראה,53,65,60,,,,,,claims_below_safe_min60,No strict claim >=60%.
ראו,ראו,5,95,60,claim-5335abdf69914831,to see | literally | figuratively (in numerous applications | direct and implied | transitive | intransitive and causative) | advise self | appear,OpenScriptures morphHB,H7200,CC BY 4.0,safe_claims_min60,
ראובן,ראובנ,38,0,60,,,,,,unresolved,No lexical entry yet.
ראוי,ראוי,11,52,60,,,,,,claims_below_safe_min60,No strict claim >=60%.
ראוי׳,ראוי׳,2,0,60,,,,,,unresolved,No lexical entry yet.
ראויה,ראויה,1,52,60,,,,,,claims_below_safe_min60,No strict claim >=60%.
ראויין,ראויינ,8,0,60,,,,,,unresolved,No lexical entry yet.
ראי׳,ראי׳,34,0,60,,,,,,unresolved,No lexical entry yet.
ראיה,ראיה,53,0,60,,,,,,unresolved,No lexical entry yet.
ראיית,ראיית,20,0,60,,,,,,unresolved,No lexical entry yet.
ראייתו,ראייתו,4,0,60,,,,,,unresolved,No lexical entry yet.
ראינו,ראינו,1,95,60,claim-5335abdf69914831,to see | literally | figuratively (in numerous applications | direct and implied | transitive | intransitive and causative) | advise self | appear,OpenScriptures morphHB,H7200,CC BY 4.0,safe_claims_min60,
ראית,ראית,2,0,60,,,,,,unresolved,No lexical entry yet.
ראיתו,ראיתו,1,0,60,,,,,,unresolved,No lexical entry yet.
ראיתי,ראיתי,7,95,60,claim-5335abdf69914831,to see | literally | figuratively (in numerous applications | direct and implied | transitive | intransitive and causative) | advise self | appear,OpenScriptures morphHB,H7200,CC BY 4.0,safe_claims_min60,
ראשון,ראשונ,2,93,60,claim-fbe5f00ae808ddcc,first,Wikidata Lexeme,L68024,CC0,safe_claims_min60,
ראשונים,ראשונימ,1,0,60,,,,,,unresolved,No lexical entry yet.
ראשי,ראשי,1,0,60,,,,,,unresolved,No lexical entry yet.
רב,רב,24,65,60,,,,,,claims_below_safe_min60,No strict claim >=60%.
רבא,רבא,27,0,60,,,,,,unresolved,No lexical entry yet.
רבה,רבה,8,65,60,,,,,,claims_below_safe_min60,No strict claim >=60%.
רבו,רבו,1,93,60,claim-54bc435802948241,rabbi,Wikidata Lexeme,L68030,CC0,safe_claims_min60,
רבוי,רבוי,1,0,60,,,,,,unresolved,No lexical entry yet.
רבות,רבות,7,93,60,claim-54bc435802948241,rabbi,Wikidata Lexeme,L68030,CC0,safe_claims_min60,
רבותא,רבותא,1,0,60,,,,,,unresolved,No lexical entry yet.
רבותי,רבותי,8,0,60,,,,,,unresolved,No lexical entry yet.
רבותיו,רבותיו,1,90,60,claim-4088640c704876a3 | claim-7c60f78c488048b7 | claim-cbfa490a228d34ae | claim-099b7962585f52fe | claim-126e3b1f9fefb6f1 | claim-63448620bad0e125 | claim-54bc435802948241,his rabbi | its rabbi | rabbi,Wikidata Lexeme | OpenScriptures morphHB,L68030 | H7227 | H7235 | H7238 | H7239 | H7379,CC0 | CC BY 4.0,safe_claims_min60,
רבותינו,רבותינו,2,0,60,,,,,,unresolved,No lexical entry yet.
רבי,רבי,2,0,60,,,,,,unresolved,No lexical entry yet.
רבינו,רבינו,45,0,60,,,,,,unresolved,No lexical entry yet.
רבית,רבית,14,0,60,,,,,,unresolved,No lexical entry yet.
רבנו,רבנו,1,63,60,,,,,,claims_below_safe_min60,No strict claim >=60%.
רבנן,רבננ,7,0,60,,,,,,unresolved,No lexical entry yet.
רגיל,רגיל,2,0,60,,,,,,unresolved,No lexical entry yet.
רגלים,רגלימ,2,65,60,,,,,,claims_below_safe_min60,No strict claim >=60%.
רהיטת,רהיטת,1,0,60,,,,,,unresolved,No lexical entry yet.
רואה,רואה,3,65,60,,,,,,claims_below_safe_min60,No strict claim >=60%.
רואים,רואימ,3,52,60,,,,,,claims_below_safe_min60,No strict claim >=60%.
רואין,רואינ,8,0,60,,,,,,unresolved,No lexical entry yet.
רוב,רוב,3,65,60,,,,,,claims_below_safe_min60,No strict claim >=60%.
רובא,רובא,1,0,60,,,,,,unresolved,No lexical entry yet.
רובצת,רובצת,2,0,60,,,,,,unresolved,No lexical entry yet.
רוכב,רוכב,1,0,60,,,,,,unresolved,No lexical entry yet.
רוכבין,רוכבינ,1,0,60,,,,,,unresolved,No lexical entry yet.
רועה,רועה,2,65,60,,,,,,claims_below_safe_min60,No strict claim >=60%.
רוצה,רוצה,47,65,60,,,,,,claims_below_safe_min60,No strict claim >=60%.
רוצח,רוצח,2,0,60,,,,,,unresolved,No lexical entry yet.
רוצים,רוצימ,2,0,60,,,,,,unresolved,No lexical entry yet.
רחוקה,רחוקה,1,65,60,,,,,,claims_below_safe_min60,No strict claim >=60%.
רחל,רחל,6,93,60,claim-d17178a266e5c90c,Rachel,Wikidata Lexeme,L81972,CC0,safe_claims_min60,
רחמנא,רחמנא,3,0,60,,,,,,unresolved,No lexical entry yet.
ריב״א,ריב״א,1,0,60,,,,,,unresolved,No lexical entry yet.
ריב״ב,ריב״ב,1,0,60,,,,,,unresolved,No lexical entry yet.
ריחיים,ריחיימ,1,0,60,,,,,,unresolved,No lexical entry yet.
ריש,ריש,6,0,60,,,,,,unresolved,No lexical entry yet.
רישא,רישא,1,0,60,,,,,,unresolved,No lexical entry yet.
רמאות,רמאות,2,0,60,,,,,,unresolved,No lexical entry yet.
רמאי,רמאי,41,0,60,,,,,,unresolved,No lexical entry yet.
רמאים,רמאימ,7,0,60,,,,,,unresolved,No lexical entry yet.
רמב״ח,רמב״ח,3,0,60,,,,,,unresolved,No lexical entry yet.
רמז,רמז,1,0,60,,,,,,unresolved,No lexical entry yet.
רמי,רמי,1,0,60,,,,,,unresolved,No lexical entry yet.
רעים,רעימ,1,65,60,,,,,,claims_below_safe_min60,No strict claim >=60%.
רצה,רצה,13,0,60,,,,,,unresolved,No lexical entry yet.
רצונו,רצונו,2,65,60,,,,,,claims_below_safe_min60,No strict claim >=60%.
רק,רק,182,99,60,claim-92b709b8e361f842,only | merely | just,Project-authored function word table,project-function-word:rak,project-authored / CC0,safe_claims_min60,
רש״י,רש״י,23,99,60,claim-37ab1cb8fe241189,Rashi,Project-authored abbreviation table,project-abbreviation:rashi,project-authored / CC0,safe_claims_min60,
רשאי,רשאי,3,0,60,,,,,,unresolved,No lexical entry yet.
רשאים,רשאימ,1,0,60,,,,,,unresolved,No lexical entry yet.
רשב״י,רשב״י,1,0,60,,,,,,unresolved,No lexical entry yet.
רשב״ם,רשב״מ,4,0,60,,,,,,unresolved,No lexical entry yet.
רשות,רשות,18,0,60,,,,,,unresolved,No lexical entry yet.
רשותו,רשותו,3,0,60,,,,,,unresolved,No lexical entry yet.
רשע,רשע,4,65,60,,,,,,claims_below_safe_min60,No strict claim >=60%.
ש״ד,ש״ד,1,0,60,,,,,,unresolved,No lexical entry yet.
ש״ך,ש״כ,2,0,60,,,,,,unresolved,No lexical entry yet.
שא״א,שא״א,6,0,60,,,,,,unresolved,No lexical entry yet.
שא״צ,שא״צ,1,0,60,,,,,,unresolved,No lexical entry yet.
שאבאר,שאבאר,1,0,60,,,,,,unresolved,No lexical entry yet.
שאבד,שאבד,12,0,60,,,,,,unresolved,No lexical entry yet.
שאביא,שאביא,1,0,60,,,,,,unresolved,No lexical entry yet.
שאביהם,שאביהמ,3,0,60,,,,,,unresolved,No lexical entry yet.
שאביו,שאביו,3,0,60,,,,,,unresolved,No lexical entry yet.
שאביך,שאביכ,3,0,60,,,,,,unresolved,No lexical entry yet.
שאדון,שאדונ,1,0,60,,,,,,unresolved,No lexical entry yet.
שאדם,שאדמ,6,65,60,,,,,,claims_below_safe_min60,No strict claim >=60%.
שאוכל,שאוכל,6,0,60,,,,,,unresolved,No lexical entry yet.
שאולה,שאולה,3,65,60,,,,,,claims_below_safe_min60,No strict claim >=60%.
שאולים,שאולימ,5,0,60,,,,,,unresolved,No lexical entry yet.
שאולין,שאולינ,3,0,60,,,,,,unresolved,No lexical entry yet.
שאומן,שאומנ,1,0,60,,,,,,unresolved,No lexical entry yet.
שאומר,שאומר,17,65,60,,,,,,claims_below_safe_min60,No strict claim >=60%.
שאומרים,שאומרימ,4,93,60,claim-b466e54df6a2e08f,to communicate something by speech; to say,Wikidata Lexeme,L205030,CC0,safe_claims_min60,
שאוסיף,שאוסיפ,1,0,60,,,,,,unresolved,No lexical entry yet.
שאור,שאור,1,65,60,,,,,,claims_below_safe_min60,No strict claim >=60%.
שאותו,שאותו,2,0,60,,,,,,unresolved,No lexical entry yet.
שאז,שאז,2,91,60,claim-fdd6624bb6ec3c3c | claim-3a7cfa21ffd7ed55,that at that time | which at that time | who at that time | that place | which place | who place | that also as a conjunction | which also as a conjunction | at that time | place | also as a conjunction | therefore | beginning | for | from | hitherto,OpenScriptures HebrewLexicon,H227,CC BY 4.0,safe_claims_min60,
שאזכיר,שאזכיר,1,0,60,,,,,,unresolved,No lexical entry yet.
שאח״כ,שאח״כ,3,95,60,claim-8e60bfdc8428e4b9 | claim-77811186ebaad6ad,that afterward | which afterward | who afterward | that after that | which after that | who after that | afterward | after that,Project-authored abbreviation table,project-abbreviation:achar-kach,project-authored / CC0,safe_claims_min60,
שאחד,שאחד,1,0,60,,,,,,unresolved,No lexical entry yet.
שאחר,שאחר,11,65,60,,,,,,claims_below_safe_min60,No strict claim >=60%.
שאחרי,שאחרי,1,65,60,,,,,,claims_below_safe_min60,No strict claim >=60%.
שאי,שאי,1,65,60,,,,,,claims_below_safe_min60,No strict claim >=60%.
שאי״ל,שאי״ל,3,0,60,,,,,,unresolved,No lexical entry yet.
שאיל״מ,שאיל״מ,5,0,60,,,,,,unresolved,No lexical entry yet.
שאילו,שאילו,2,0,60,,,,,,unresolved,No lexical entry yet.
שאין,שאינ,160,95,60,claim-a5079f0b7fb0673a,a nonentity | generally used as a negative particle | else | except | fail | (father-) less | be gone | in(-curable),OpenScriptures morphHB,H369,CC BY 4.0,safe_claims_min60,
שאינה,שאינה,20,0,60,,,,,,unresolved,No lexical entry yet.
שאינו,שאינו,154,0,60,,,,,,unresolved,No lexical entry yet.
שאיני,שאיני,2,0,60,,,,,,unresolved,No lexical entry yet.
שאינם,שאינמ,9,65,60,,,,,,claims_below_safe_min60,No strict claim >=60%.
שאינן,שאיננ,3,65,60,,,,,,claims_below_safe_min60,No strict claim >=60%.
שאירע,שאירע,1,0,60,,,,,,unresolved,No lexical entry yet.
שאכל,שאכל,8,0,60,,,,,,unresolved,No lexical entry yet.
שאכלה,שאכלה,3,0,60,,,,,,unresolved,No lexical entry yet.
שאל,שאל,1,0,60,,,,,,unresolved,No lexical entry yet.
שאלה,שאלה,8,65,60,,,,,,claims_below_safe_min60,No strict claim >=60%.
שאלו,שאלו,1,90,60,claim-2e6a79f7ccef5581 | claim-d9cae589047516bc | claim-0c6dad563d5c1363 | claim-c8d2f91e553823e1 | claim-3010bb3561d94875 | claim-9f62584c83e09ff3,that this/that | which this/that | who this/that | that demonstrative pronoun | which demonstrative pronoun | who demonstrative pronoun | this/that | demonstrative pronoun,Wikidata Lexeme | OpenScriptures morphHB | OpenScriptures HebrewLexicon,L492094 | H352 | H413 | H431 | H432,CC0 | CC BY 4.0,safe_claims_min60,
שאלת,שאלת,1,65,60,,,,,,claims_below_safe_min60,No strict claim >=60%.
שאם,שאמ,58,95,60,claim-b021d4c189c031fa | claim-1bc657aa7254fe12,that if | which if | who if | if | whether,Project-authored function word table,project-function-word:im,project-authored / CC0,safe_claims_min60,
שאמצא,שאמצא,1,0,60,,,,,,unresolved,No lexical entry yet.
שאמר,שאמר,42,65,60,,,,,,claims_below_safe_min60,No strict claim >=60%.
שאמרה,שאמרה,1,65,60,,,,,,claims_below_safe_min60,No strict claim >=60%.
שאמרו,שאמרו,8,0,60,,,,,,unresolved,No lexical entry yet.
שאמרת,שאמרת,1,0,60,,,,,,unresolved,No lexical entry yet.
שאנו,שאנו,27,65,60,,,,,,claims_below_safe_min60,No strict claim >=60%.
שאני,שאני,20,95,60,claim-f598f86eb0464bfe,(as for) me | mine | myself | we | × which | × who.,OpenScriptures morphHB,H589,CC BY 4.0,safe_claims_min60,
שאסור,שאסור,1,0,60,,,,,,unresolved,No lexical entry yet.
שאסר,שאסר,58,0,60,,,,,,unresolved,No lexical entry yet.
שאסרה,שאסרה,1,0,60,,,,,,unresolved,No lexical entry yet.
שאע״פ,שאע״פ,5,95,60,claim-657308696fab55f4 | claim-79b8072eaa3d849c,that although | which although | who although | that even though | which even though | who even though | although | even though,Project-authored abbreviation table,project-abbreviation:af-al-pi,project-authored / CC0,safe_claims_min60,
שאף,שאפ,4,0,60,,,,,,unresolved,No lexical entry yet.
שאפי׳,שאפי׳,7,95,60,claim-517e7159309a5932 | claim-8ed0c056c8bf236e,that even | which even | who even | that even if | which even if | who even if | even | even if,Project-authored abbreviation table,project-abbreviation:afilu,project-authored / CC0,safe_claims_min60,
שאפילו,שאפילו,1,0,60,,,,,,unresolved,No lexical entry yet.
שאפשר,שאפשר,4,0,60,,,,,,unresolved,No lexical entry yet.
שאצל,שאצל,1,0,60,,,,,,unresolved,No lexical entry yet.
שאצלך,שאצלכ,1,0,60,,,,,,unresolved,No lexical entry yet.
שאר,שאר,4,65,60,,,,,,claims_below_safe_min60,No strict claim >=60%.
שארי,שארי,2,95,60,claim-9eacf7d9a41781b9,flesh (as swelling out) | as living | for food | generally food of any kind | figuratively | kindred by blood | body | flesh,OpenScriptures HebrewLexicon,H7607,CC BY 4.0,safe_claims_min60,
שאת״ל,שאת״ל,1,0,60,,,,,,unresolved,No lexical entry yet.
שאתה,שאתה,9,0,60,,,,,,unresolved,No lexical entry yet.
שאתן,שאתנ,1,0,60,,,,,,unresolved,No lexical entry yet.
שב״ד,שב״ד,7,0,60,,,,,,unresolved,No lexical entry yet.
שבא,שבא,18,65,60,,,,,,claims_below_safe_min60,No strict claim >=60%.
שבא״י,שבא״י,2,0,60,,,,,,unresolved,No lexical entry yet.
שבאה,שבאה,1,65,60,,,,,,claims_below_safe_min60,No strict claim >=60%.
שבאו,שבאו,7,65,60,,,,,,claims_below_safe_min60,No strict claim >=60%.
שבאותו,שבאותו,1,0,60,,,,,,unresolved,No lexical entry yet.
שבאמת,שבאמת,3,65,60,,,,,,claims_below_safe_min60,No strict claim >=60%.
שבארנו,שבארנו,13,0,60,,,,,,unresolved,No lexical entry yet.
שבארתי,שבארתי,6,0,60,,,,,,unresolved,No lexical entry yet.
שבבבל,שבבבל,3,65,60,,,,,,claims_below_safe_min60,No strict claim >=60%.
שבגזל,שבגזל,1,0,60,,,,,,unresolved,No lexical entry yet.
שבה,שבה,2,65,60,,,,,,claims_below_safe_min60,No strict claim >=60%.
שבהל׳,שבהל׳,1,0,60,,,,,,unresolved,No lexical entry yet.
שבהלכות,שבהלכות,1,0,60,,,,,,unresolved,No lexical entry yet.
שבהן,שבהנ,5,65,60,,,,,,claims_below_safe_min60,No strict claim >=60%.
שבהרבה,שבהרבה,1,0,60,,,,,,unresolved,No lexical entry yet.
שבודאי,שבודאי,2,0,60,,,,,,unresolved,No lexical entry yet.
שבועה,שבועה,418,0,60,,,,,,unresolved,No lexical entry yet.
שבועה״ש,שבועה״ש,2,0,60,,,,,,unresolved,No lexical entry yet.
שבועות,שבועות,16,0,60,,,,,,unresolved,No lexical entry yet.
שבועת,שבועת,156,0,60,,,,,,unresolved,No lexical entry yet.
שבועתה,שבועתה,2,0,60,,,,,,unresolved,No lexical entry yet.
שבועתו,שבועתו,8,0,60,,,,,,unresolved,No lexical entry yet.
שבועתם,שבועתמ,1,0,60,,,,,,unresolved,No lexical entry yet.
שבועתן,שבועתנ,2,0,60,,,,,,unresolved,No lexical entry yet.
שבזה,שבזה,2,65,60,,,,,,claims_below_safe_min60,No strict claim >=60%.
שבזכות,שבזכות,1,0,60,,,,,,unresolved,No lexical entry yet.
שבח,שבח,3,0,60,,,,,,unresolved,No lexical entry yet.
שבחיי,שבחיי,1,65,60,,,,,,claims_below_safe_min60,No strict claim >=60%.
שבטוען,שבטוענ,1,0,60,,,,,,unresolved,No lexical entry yet.
שבטענה,שבטענה,1,0,60,,,,,,unresolved,No lexical entry yet.
שבי״ד,שבי״ד,4,0,60,,,,,,unresolved,No lexical entry yet.
שביאר,שביאר,2,0,60,,,,,,unresolved,No lexical entry yet.
שביד,שביד,12,0,60,,,,,,unresolved,No lexical entry yet.
שבידו,שבידו,6,65,60,,,,,,claims_below_safe_min60,No strict claim >=60%.
שבידי,שבידי,1,91,60,claim-0fdec162388e3e6a | claim-436709c331adfa2e,that means | which means | who means | that direction | which direction | who direction | that in distinction from 3709 | which in distinction from 3709 | a hand (the open one [indicating power | means | direction | etc.] | in distinction from 3709 | the closed one) | used (as noun | adverb,OpenScriptures morphHB,H3027,CC BY 4.0,safe_claims_min60,
שבידך,שבידכ,1,0,60,,,,,,unresolved,No lexical entry yet.
שבין,שבינ,1,65,60,,,,,,claims_below_safe_min60,No strict claim >=60%.
שביק,שביק,2,0,60,,,,,,unresolved,No lexical entry yet.
שבכאן,שבכאנ,1,0,60,,,,,,unresolved,No lexical entry yet.
שבכל,שבכל,2,65,60,,,,,,claims_below_safe_min60,No strict claim >=60%.
שבלא,שבלא,2,0,60,,,,,,unresolved,No lexical entry yet.
שבלב,שבלב,1,95,60,claim-f6f742866c4fbf94,the heart | also used (figuratively) very widely for the feelings | the will and even the intellect | likewise for the centre of anything | care for | comfortably | consent | × considered,OpenScriptures HebrewLexicon,H3820,CC BY 4.0,safe_claims_min60,
שבמקום,שבמקומ,1,91,60,claim-7b1df5f2218f724b | claim-2dd2ace5f333a49f,that a standing | which a standing | who a standing | that country | which country | who country | properly | a standing | i.e. a spot | but used widely of a locality (general | specific) | also (figuratively) of a condition (of body | mind) | country,OpenScriptures morphHB,H4725,CC BY 4.0,safe_claims_min60,
שבמקרה,שבמקרה,1,0,60,,,,,,unresolved,No lexical entry yet.
שבנה,שבנה,1,0,60,,,,,,unresolved,No lexical entry yet.
שבסתם,שבסתמ,1,0,60,,,,,,unresolved,No lexical entry yet.
שבסתמא,שבסתמא,2,0,60,,,,,,unresolved,No lexical entry yet.
שבע,שבע,1,0,60,,,,,,unresolved,No lexical entry yet.
שבעבורו,שבעבורו,1,0,60,,,,,,unresolved,No lexical entry yet.
שבעה״ב,שבעה״ב,1,0,60,,,,,,unresolved,No lexical entry yet.
שבעיקר,שבעיקר,4,0,60,,,,,,unresolved,No lexical entry yet.
שבעל,שבעל,11,65,60,,,,,,claims_below_safe_min60,No strict claim >=60%.
שבעצמו,שבעצמו,2,0,60,,,,,,unresolved,No lexical entry yet.
שבפ׳,שבפ׳,2,0,60,,,,,,unresolved,No lexical entry yet.
שבפ״ק,שבפ״ק,1,0,60,,,,,,unresolved,No lexical entry yet.
שבפחות,שבפחות,1,0,60,,,,,,unresolved,No lexical entry yet.
שבפני,שבפני,1,91,60,claim-9d39d4e0a2cd8cf9 | claim-b6cf62d00d74f10a,that accept | which accept | who accept | that against | which against | who against | that anger | which anger | the face (as the part that turns) | used in a great variety of applications (literally and figuratively) | also (with prepositional prefix) as a preposition ( before | etc.) | accept | a-(be-) fore(-time) | against | anger,OpenScriptures morphHB,H6440,CC BY 4.0,safe_claims_min60,
שבצרן,שבצרנ,1,0,60,,,,,,unresolved,No lexical entry yet.
שבקרא,שבקרא,1,0,60,,,,,,unresolved,No lexical entry yet.
שבקרקעות,שבקרקעות,1,0,60,,,,,,unresolved,No lexical entry yet.
שבקת,שבקת,3,0,60,,,,,,unresolved,No lexical entry yet.
שבר,שבר,1,93,60,claim-6d150286109d118a,to break (something),Wikidata Lexeme,L219217,CC0,safe_claims_min60,
שברשות,שברשות,1,0,60,,,,,,unresolved,No lexical entry yet.
שברשותו,שברשותו,1,0,60,,,,,,unresolved,No lexical entry yet.
שבשביל,שבשביל,3,95,60,claim-05397e5582356253,a track | passage-way (as if flowing along) | path.,OpenScriptures HebrewLexicon,H7635,CC BY 4.0,safe_claims_min60,
שבשטר,שבשטר,6,0,60,,,,,,unresolved,No lexical entry yet.
שבשני,שבשני,1,0,60,,,,,,unresolved,No lexical entry yet.
שבשניהם,שבשניהמ,1,0,60,,,,,,unresolved,No lexical entry yet.
שבת,שבת,7,65,60,,,,,,claims_below_safe_min60,No strict claim >=60%.
שבתורה,שבתורה,3,65,60,,,,,,claims_below_safe_min60,No strict claim >=60%.
שבתחלה,שבתחלה,1,65,60,,,,,,claims_below_safe_min60,No strict claim >=60%.
שבתחלת,שבתחלת,2,91,60,claim-9f07bc0dbba73f29 | claim-17c3adc1190c1958,that a commencement | which a commencement | who a commencement | a commencement | relatively original (adverb | -ly) | begin(-ning) | first (time).,OpenScriptures morphHB,H8462,CC BY 4.0,safe_claims_min60,
שגובין,שגובינ,2,0,60,,,,,,unresolved,No lexical entry yet.
שגוף,שגופ,2,89,60,claim-dc498d2fd3b4f62b | claim-3480a888c61d9380,"that grammatical person, grammatical category | which grammatical person, grammatical category | who grammatical person, grammatical category | that person | which person | who person | grammatical person, grammatical category | person",Wikidata Lexeme,L64467,CC0,safe_claims_min60,
שגורס,שגורס,1,0,60,,,,,,unresolved,No lexical entry yet.
שגזול,שגזול,1,0,60,,,,,,unresolved,No lexical entry yet.
שגזל,שגזל,1,0,60,,,,,,unresolved,No lexical entry yet.
שגלגל,שגלגל,2,0,60,,,,,,unresolved,No lexical entry yet.
שגם,שגמ,12,65,60,,,,,,claims_below_safe_min60,No strict claim >=60%.
שגנב,שגנב,2,0,60,,,,,,unresolved,No lexical entry yet.
שגנבו,שגנבו,1,0,60,,,,,,unresolved,No lexical entry yet.
שדברי,שדברי,3,90,60,claim-445cc9631332eb1f | claim-4f6cc6573f786589 | claim-cbdb91863fb3cff0 | claim-7bda82a377ad26d3 | claim-85765fd7807ea0d8 | claim-0c5f9f20cde64cfc,that thing | which thing | who thing | that entity | which entity | who entity | thing | entity,Wikidata Lexeme | OpenScriptures morphHB | OpenScriptures HebrewLexicon,L64626 | H1696 | H1697 | H1698 | H1704,CC0 | CC BY 4.0,safe_claims_min60,
שדה,שדה,12,65,60,,,,,,claims_below_safe_min60,No strict claim >=60%.
שדהו,שדהו,1,0,60,,,,,,unresolved,No lexical entry yet.
שדומה,שדומה,1,0,60,,,,,,unresolved,No lexical entry yet.
שדות,שדות,2,0,60,,,,,,unresolved,No lexical entry yet.
שדחה,שדחה,3,0,60,,,,,,unresolved,No lexical entry yet.
שדחק,שדחק,1,0,60,,,,,,unresolved,No lexical entry yet.
שדחקו,שדחקו,1,0,60,,,,,,unresolved,No lexical entry yet.
שדי,שדי,1,93,60,claim-6d8d8e7a3afc4f32,El Shaddai,Wikidata Lexeme,L82119,CC0,safe_claims_min60,
שדימה,שדימה,3,0,60,,,,,,unresolved,No lexical entry yet.
שדין,שדינ,2,0,60,,,,,,unresolved,No lexical entry yet.
שדינו,שדינו,2,0,60,,,,,,unresolved,No lexical entry yet.
שדינם,שדינמ,1,0,60,,,,,,unresolved,No lexical entry yet.
שדנו,שדנו,4,0,60,,,,,,unresolved,No lexical entry yet.
שדנין,שדנינ,1,0,60,,,,,,unresolved,No lexical entry yet.
שדעת,שדעת,1,0,60,,,,,,unresolved,No lexical entry yet.
שדעתו,שדעתו,1,0,60,,,,,,unresolved,No lexical entry yet.
שדר,שדר,1,0,60,,,,,,unresolved,No lexical entry yet.
שדרו,שדרו,3,0,60,,,,,,unresolved,No lexical entry yet.
שדרכו,שדרכו,1,65,60,,,,,,claims_below_safe_min60,No strict claim >=60%.
שהאב,שהאב,1,0,60,,,,,,unresolved,No lexical entry yet.
שהאוכל,שהאוכל,1,0,60,,,,,,unresolved,No lexical entry yet.
שהאומן,שהאומנ,8,0,60,,,,,,unresolved,No lexical entry yet.
שהאוסרו,שהאוסרו,1,0,60,,,,,,unresolved,No lexical entry yet.
שהאחד,שהאחד,1,91,60,claim-892c6bb7aa658a7c | claim-ad20f0370b460ed0,that united | which united | who united | that alike | which alike | who alike | that alone | which alone | properly | united | i.e. one | (as an ordinal) first | alike | alone | altogether | and,OpenScriptures morphHB,H259,CC BY 4.0,safe_claims_min60,
שהאם,שהאמ,2,65,60,,,,,,claims_below_safe_min60,No strict claim >=60%.
שהאריך,שהאריכ,3,0,60,,,,,,unresolved,No lexical entry yet.
שהב״ד,שהב״ד,3,0,60,,,,,,unresolved,No lexical entry yet.
שהבאנו,שהבאנו,6,0,60,,,,,,unresolved,No lexical entry yet.
שהבאתי,שהבאתי,6,0,60,,,,,,unresolved,No lexical entry yet.
שהבהמה,שהבהמה,1,90,60,claim-b9eef7217eaf36e8 | claim-3fda6eb6ffe3e0cb | claim-90a279894acd30a7 | claim-ea1f1a7ddbedbb75,"that the livestock | which the livestock | livestock, domesticated animals raised in an agricultural setting to produce commodities such as food, fiber and labor | livestock",Wikidata Lexeme | OpenScriptures morphHB,L64179 | H1992 | H929,CC0 | CC BY 4.0,safe_claims_min60,
שהביא,שהביא,45,0,60,,,,,,unresolved,No lexical entry yet.
שהבן,שהבנ,2,0,60,,,,,,unresolved,No lexical entry yet.
שהבע״ד,שהבע״ד,2,0,60,,,,,,unresolved,No lexical entry yet.
שהבעה״ב,שהבעה״ב,1,0,60,,,,,,unresolved,No lexical entry yet.
שהבעה״מ,שהבעה״מ,1,0,60,,,,,,unresolved,No lexical entry yet.
שהבעל,שהבעל,1,0,60,,,,,,unresolved,No lexical entry yet.
שהבעלים,שהבעלימ,5,0,60,,,,,,unresolved,No lexical entry yet.
שהגאון,שהגאונ,1,89,60,claim-bda51af37ea4027b | claim-0be9bbc2b7b9457c,"that the genius | which the genius | genius, person who has exceptional intellectual ability, creativity, or originality | genius",Wikidata Lexeme,L64414,CC0,safe_claims_min60,
שהגדיל,שהגדיל,1,0,60,,,,,,unresolved,No lexical entry yet.
שהגלגול,שהגלגול,2,0,60,,,,,,unresolved,No lexical entry yet.
שהגר״א,שהגר״א,2,0,60,,,,,,unresolved,No lexical entry yet.
שהדבר,שהדבר,2,65,60,,,,,,claims_below_safe_min60,No strict claim >=60%.
שהדין,שהדינ,3,0,60,,,,,,unresolved,No lexical entry yet.
שהדפסתי,שהדפסתי,1,0,60,,,,,,unresolved,No lexical entry yet.
שהדר״ג,שהדר״ג,3,0,60,,,,,,unresolved,No lexical entry yet.
שההלואה,שההלואה,1,0,60,,,,,,unresolved,No lexical entry yet.
שההסבר,שההסבר,1,0,60,,,,,,unresolved,No lexical entry yet.
שהוא,שהוא,216,95,60,claim-62812c1c2a1441d5,he ( she | it ) | only expressed when emphatic | without a verb | also (intensively) self | (especially with the article) the same | sometimes (as demonstrative) this | that,OpenScriptures morphHB,H1931,CC BY 4.0,safe_claims_min60,
שהובא,שהובא,2,91,60,claim-470064e52ade7679 | claim-1f60409dec56770f,that the abide | which the abide | that the apply | which the apply | that the attain | which the attain | that the befall | which the befall | to go | come (in a wide variety of applications) | abide | apply | attain | × be | befall | besiege,OpenScriptures morphHB,H935,CC BY 4.0,safe_claims_min60,
שהודה,שהודה,39,0,60,,,,,,unresolved,No lexical entry yet.
שהודית,שהודית,1,0,60,,,,,,unresolved,No lexical entry yet.
שהודיתי,שהודיתי,1,0,60,,,,,,unresolved,No lexical entry yet.
שהוזל,שהוזל,1,0,60,,,,,,unresolved,No lexical entry yet.
שהוחזק,שהוחזק,5,0,60,,,,,,unresolved,No lexical entry yet.
שהוכחנו,שהוכחנו,1,91,60,claim-1e63fe76a8accf3f | claim-1619134a891921a2,that the our vigor | which the our vigor | that the our means | which the our means | vigor | literally (force | in a good | a bad sense) | figuratively (capacity | means | produce) | also (from its hardiness) a large lizard,OpenScriptures morphHB,H3581,CC BY 4.0,safe_claims_min60,
שהוכחתי,שהוכחתי,4,0,60,,,,,,unresolved,No lexical entry yet.
שהוכיח,שהוכיח,9,0,60,,,,,,unresolved,No lexical entry yet.
שהוכיחו,שהוכיחו,3,0,60,,,,,,unresolved,No lexical entry yet.
שהולכין,שהולכינ,1,0,60,,,,,,unresolved,No lexical entry yet.
שהוסיף,שהוסיפ,3,0,60,,,,,,unresolved,No lexical entry yet.
שהופחת,שהופחת,2,0,60,,,,,,unresolved,No lexical entry yet.
שהוציא,שהוציא,2,0,60,,,,,,unresolved,No lexical entry yet.
שהוציאה,שהוציאה,1,0,60,,,,,,unresolved,No lexical entry yet.
שהוציאו,שהוציאו,3,0,60,,,,,,unresolved,No lexical entry yet.
שהוצרך,שהוצרכ,1,0,60,,,,,,unresolved,No lexical entry yet.
שהוקש,שהוקש,1,0,60,,,,,,unresolved,No lexical entry yet.
שהוקשו,שהוקשו,1,0,60,,,,,,unresolved,No lexical entry yet.
שהורה,שהורה,3,0,60,,,,,,unresolved,No lexical entry yet.
שהזיקו,שהזיקו,2,0,60,,,,,,unresolved,No lexical entry yet.
שהזכיר,שהזכיר,5,0,60,,,,,,unresolved,No lexical entry yet.
שהזמן,שהזמנ,1,65,60,,,,,,claims_below_safe_min60,No strict claim >=60%.
שהחוב,שהחוב,1,0,60,,,,,,unresolved,No lexical entry yet.
שהחזיק,שהחזיק,10,0,60,,,,,,unresolved,No lexical entry yet.
שהחזיקו,שהחזיקו,1,0,60,,,,,,unresolved,No lexical entry yet.
שהחזיר,שהחזיר,7,0,60,,,,,,unresolved,No lexical entry yet.
שהחיוב,שהחיוב,1,0,60,,,,,,unresolved,No lexical entry yet.
שהחלוקה,שהחלוקה,3,0,60,,,,,,unresolved,No lexical entry yet.
שהחפץ,שהחפצ,2,65,60,,,,,,claims_below_safe_min60,No strict claim >=60%.
שהחפצים,שהחפצימ,1,91,60,claim-1193c4bbebce22d9 | claim-c52e5cbdd49ae4cc,that pleased with | which pleased with | who pleased with | that delight in | which delight in | who delight in | that desire | which desire | pleased with | delight in | desire | favour | please | have pleasure | whosoever would | willing,OpenScriptures morphHB,H2655,CC BY 4.0,safe_claims_min60,
שהחתימה,שהחתימה,2,0,60,,,,,,unresolved,No lexical entry yet.
שהט״ז,שהט״ז,1,0,60,,,,,,unresolved,No lexical entry yet.
שהטוען,שהטוענ,1,0,60,,,,,,unresolved,No lexical entry yet.
שהטור,שהטור,2,0,60,,,,,,unresolved,No lexical entry yet.
שהטלית,שהטלית,2,0,60,,,,,,unresolved,No lexical entry yet.
שהטמין,שהטמינ,1,0,60,,,,,,unresolved,No lexical entry yet.
שהטענה,שהטענה,2,0,60,,,,,,unresolved,No lexical entry yet.
שהי׳,שהי׳,45,0,60,,,,,,unresolved,No lexical entry yet.
שהיא,שהיא,33,65,60,,,,,,claims_below_safe_min60,No strict claim >=60%.
שהיה,שהיה,23,65,60,,,,,,claims_below_safe_min60,No strict claim >=60%.
שהיו,שהיו,19,95,60,claim-0c2fb56957476647,to exist | i.e. be | become | come to pass (always emphatic | and not a mere copula | auxiliary) | beacon | × altogether,OpenScriptures morphHB,H1961,CC BY 4.0,safe_claims_min60,
שהיורש,שהיורש,1,0,60,,,,,,unresolved,No lexical entry yet.
שהיורשים,שהיורשימ,3,0,60,,,,,,unresolved,No lexical entry yet.
שהייתי,שהייתי,1,91,60,claim-3327f2f5d16f041f | claim-0c2fb56957476647,that become | which become | who become | to exist | i.e. be | become | come to pass (always emphatic | and not a mere copula | auxiliary) | beacon | × altogether,OpenScriptures morphHB,H1961,CC BY 4.0,safe_claims_min60,
שהיפך,שהיפכ,2,0,60,,,,,,unresolved,No lexical entry yet.
שהיש,שהיש,1,91,60,claim-4373f57d13958532 | claim-956a286c156cb6ba,that the there is | which the there is | that the any other form of the verb to be | which the any other form of the verb to be | that the it | which the it | that the shall | which the shall | there is | are ( | any other form of the verb to be | as may suit the connection) | (there) are | (he | it | shall,OpenScriptures HebrewLexicon,H3426,CC BY 4.0,safe_claims_min60,
שהיתה,שהיתה,31,95,60,claim-0c2fb56957476647,to exist | i.e. be | become | come to pass (always emphatic | and not a mere copula | auxiliary) | beacon | × altogether,OpenScriptures morphHB,H1961,CC BY 4.0,safe_claims_min60,
שהיתומים,שהיתומימ,1,0,60,,,,,,unresolved,No lexical entry yet.
שהכחיש,שהכחיש,1,0,60,,,,,,unresolved,No lexical entry yet.
שהכלי,שהכלי,16,91,60,claim-754d3e6cc4d0ba2c | claim-af46e0182eb64c17,that something prepared | which something prepared | who something prepared | that utensil | which utensil | who utensil | that dress | which dress | something prepared | i.e. any apparatus (as an implement | utensil | dress | vessel | weapon) | armour(-bearer) | artillery,OpenScriptures HebrewLexicon,H3627,CC BY 4.0,safe_claims_min60,
שהכלים,שהכלימ,4,89,60,claim-e5d7a558e32dde63 | claim-a9682671af61c8ea,that the tool | which the tool | that the physical tool | which the physical tool | tool | physical tool,Wikidata Lexeme,L65777,CC0,safe_claims_min60,
שהכלל,שהכלל,1,0,60,,,,,,unresolved,No lexical entry yet.
שהכפירה,שהכפירה,1,0,60,,,,,,unresolved,No lexical entry yet.
שהכריע,שהכריע,1,0,60,,,,,,unresolved,No lexical entry yet.
שהלואה,שהלואה,1,0,60,,,,,,unresolved,No lexical entry yet.
שהלוה,שהלוה,9,0,60,,,,,,unresolved,No lexical entry yet.
שהלוהו,שהלוהו,7,0,60,,,,,,unresolved,No lexical entry yet.
שהלויתיו,שהלויתיו,2,0,60,,,,,,unresolved,No lexical entry yet.
שהלוקח,שהלוקח,5,0,60,,,,,,unresolved,No lexical entry yet.
שהלוקט,שהלוקט,1,0,60,,,,,,unresolved,No lexical entry yet.
שהלח״מ,שהלח״מ,1,0,60,,,,,,unresolved,No lexical entry yet.
שהלך,שהלכ,1,65,60,,,,,,claims_below_safe_min60,No strict claim >=60%.
שהלכה,שהלכה,1,0,60,,,,,,unresolved,No lexical entry yet.
שהלמוד,שהלמוד,1,0,60,,,,,,unresolved,No lexical entry yet.
שהם,שהמ,26,65,60,,,,,,claims_below_safe_min60,No strict claim >=60%.
שהמ״מ,שהמ״מ,2,0,60,,,,,,unresolved,No lexical entry yet.
שהמאכיל,שהמאכיל,1,0,60,,,,,,unresolved,No lexical entry yet.
שהמודה,שהמודה,1,0,60,,,,,,unresolved,No lexical entry yet.
שהמוכר,שהמוכר,9,0,60,,,,,,unresolved,No lexical entry yet.
שהמוכרה,שהמוכרה,1,0,60,,,,,,unresolved,No lexical entry yet.
שהמזיק,שהמזיק,2,0,60,,,,,,unresolved,No lexical entry yet.
שהמחבר,שהמחבר,1,0,60,,,,,,unresolved,No lexical entry yet.
שהמחזיק,שהמחזיק,3,91,60,claim-1debcf6f182f3296 | claim-dbd014cfc0a69339,that the hence | which the hence | that the courageous | which the courageous | that the causatively strengthen | which the causatively strengthen | that the cure | which the cure | to fasten upon | hence | to seize | be strong (figuratively | courageous | causatively strengthen | cure | help,OpenScriptures morphHB,H2388,CC BY 4.0,safe_claims_min60,
שהמכר,שהמכר,3,0,60,,,,,,unresolved,No lexical entry yet.
שהממון,שהממונ,2,0,60,,,,,,unresolved,No lexical entry yet.
שהמנה,שהמנה,1,0,60,,,,,,unresolved,No lexical entry yet.
שהמערער,שהמערער,7,0,60,,,,,,unresolved,No lexical entry yet.
שהמפקיד,שהמפקיד,2,0,60,,,,,,unresolved,No lexical entry yet.
שהן,שהנ,12,99,60,claim-4fbd1595295cfe94,that they are | which are,Workspace grammar rule,grammar-form:שהן,N/A - project lexical rule,safe_claims_min60,
שהניזק,שהניזק,1,0,60,,,,,,unresolved,No lexical entry yet.
שהנכסים,שהנכסימ,2,0,60,,,,,,unresolved,No lexical entry yet.
שהנפקד,שהנפקד,1,0,60,,,,,,unresolved,No lexical entry yet.
שהנשבעין,שהנשבעינ,2,0,60,,,,,,unresolved,No lexical entry yet.
שהנתבע,שהנתבע,13,0,60,,,,,,unresolved,No lexical entry yet.
שהסביר,שהסביר,2,0,60,,,,,,unresolved,No lexical entry yet.
שהסבירו,שהסבירו,2,0,60,,,,,,unresolved,No lexical entry yet.
שהסבל,שהסבל,1,91,60,claim-0647419bde4fc6f1 | claim-962f6faec34ec027,that a porter | which a porter | who a porter | a porter | (to bear | bearer of) burden(-s).,OpenScriptures morphHB,H5449,CC BY 4.0,safe_claims_min60,
שהעד,שהעד,5,0,60,,,,,,unresolved,No lexical entry yet.
שהעדים,שהעדימ,6,0,60,,,,,,unresolved,No lexical entry yet.
שהעיד,שהעיד,5,0,60,,,,,,unresolved,No lexical entry yet.
שהעידו,שהעידו,3,0,60,,,,,,unresolved,No lexical entry yet.
שהעם,שהעמ,1,0,60,,,,,,unresolved,No lexical entry yet.
שהעמיד,שהעמיד,1,0,60,,,,,,unresolved,No lexical entry yet.
שהעתיק,שהעתיק,2,0,60,,,,,,unresolved,No lexical entry yet.
שהפה,שהפה,3,95,60,claim-97ba7e319a54aaae,the mouth (as the means of blowing ) | whether literal | figurative (particularly speech ) | specifically edge | portion | side | adverbially (with preposition) according to | accord(-ing as,OpenScriptures morphHB,H6310,CC BY 4.0,safe_claims_min60,
שהפחיתו,שהפחיתו,1,0,60,,,,,,unresolved,No lexical entry yet.
שהפטור,שהפטור,1,0,60,,,,,,unresolved,No lexical entry yet.
שהפך,שהפכ,3,0,60,,,,,,unresolved,No lexical entry yet.
שהפכת,שהפכת,1,0,60,,,,,,unresolved,No lexical entry yet.
שהפסיד,שהפסיד,1,0,60,,,,,,unresolved,No lexical entry yet.
שהפסידו,שהפסידו,1,0,60,,,,,,unresolved,No lexical entry yet.
שהפקדון,שהפקדונ,2,0,60,,,,,,unresolved,No lexical entry yet.
שהפקדתי,שהפקדתי,2,0,60,,,,,,unresolved,No lexical entry yet.
שהפקיד,שהפקיד,2,0,60,,,,,,unresolved,No lexical entry yet.
שהפקידו,שהפקידו,7,0,60,,,,,,unresolved,No lexical entry yet.
שהצריך,שהצריכ,1,0,60,,,,,,unresolved,No lexical entry yet.
שהצריכו,שהצריכו,6,0,60,,,,,,unresolved,No lexical entry yet.
שהק׳,שהק׳,1,0,60,,,,,,unresolved,No lexical entry yet.
שהקדים,שהקדימ,1,0,60,,,,,,unresolved,No lexical entry yet.
שהקונה,שהקונה,1,0,60,,,,,,unresolved,No lexical entry yet.
שהקטן,שהקטנ,1,0,60,,,,,,unresolved,No lexical entry yet.
שהקרקע,שהקרקע,20,0,60,,,,,,unresolved,No lexical entry yet.
שהקשה,שהקשה,10,0,60,,,,,,unresolved,No lexical entry yet.
שהקשו,שהקשו,7,0,60,,,,,,unresolved,No lexical entry yet.
שהקשיתי,שהקשיתי,1,0,60,,,,,,unresolved,No lexical entry yet.
שהר״י,שהר״י,1,0,60,,,,,,unresolved,No lexical entry yet.
שהר״נ,שהר״נ,2,0,60,,,,,,unresolved,No lexical entry yet.
שהר״ן,שהר״נ,1,0,60,,,,,,unresolved,No lexical entry yet.
שהרא״ש,שהרא״ש,1,0,60,,,,,,unresolved,No lexical entry yet.
שהראב״ד,שהראב״ד,1,0,60,,,,,,unresolved,No lexical entry yet.
שהראה,שהראה,2,0,60,,,,,,unresolved,No lexical entry yet.
שהראשונים,שהראשונימ,1,91,60,claim-0f0a3f8941091b23 | claim-7b28f15222fa89e1,that first | which first | who first | that in place | which in place | who in place | that time | which time | first | in place | time | rank (as adjective | noun) | ancestor | (that were) before(-time) | beginning,OpenScriptures HebrewLexicon,H7223,CC BY 4.0,safe_claims_min60,
שהרב,שהרב,1,0,60,,,,,,unresolved,No lexical entry yet.
שהרבה,שהרבה,1,0,60,,,,,,unresolved,No lexical entry yet.
שהרג,שהרג,4,0,60,,,,,,unresolved,No lexical entry yet.
שהרי,שהרי,47,65,60,,,,,,claims_below_safe_min60,No strict claim >=60%.
שהרי״ף,שהרי״פ,6,0,60,,,,,,unresolved,No lexical entry yet.
שהרמב״ם,שהרמב״מ,19,0,60,,,,,,unresolved,No lexical entry yet.
שהרמב״ן,שהרמב״נ,3,0,60,,,,,,unresolved,No lexical entry yet.
שהרשב״א,שהרשב״א,2,0,60,,,,,,unresolved,No lexical entry yet.
שהרשב״ם,שהרשב״מ,2,0,60,,,,,,unresolved,No lexical entry yet.
שהשאיל,שהשאיל,1,0,60,,,,,,unresolved,No lexical entry yet.
שהשאילו,שהשאילו,4,0,60,,,,,,unresolved,No lexical entry yet.
שהשאילן,שהשאילנ,1,0,60,,,,,,unresolved,No lexical entry yet.
שהשאיר,שהשאיר,1,0,60,,,,,,unresolved,No lexical entry yet.
שהשבועה,שהשבועה,1,0,60,,,,,,unresolved,No lexical entry yet.
שהשביעה,שהשביעה,1,0,60,,,,,,unresolved,No lexical entry yet.
שהשדה,שהשדה,4,91,60,claim-7bb6b8d56d8559dc | claim-9a3e1ba60367c993,that country | which country | who country | that field | which field | who field | that ground | which ground | a field (as flat) | country | field | ground | land | soil | × wild.,OpenScriptures morphHB,H7704,CC BY 4.0,safe_claims_min60,
שהשוכר,שהשוכר,2,0,60,,,,,,unresolved,No lexical entry yet.
שהשוכרים,שהשוכרימ,2,0,60,,,,,,unresolved,No lexical entry yet.
שהשומר,שהשומר,3,0,60,,,,,,unresolved,No lexical entry yet.
שהשושבינין,שהשושבינינ,1,0,60,,,,,,unresolved,No lexical entry yet.
שהשטר,שהשטר,12,0,60,,,,,,unresolved,No lexical entry yet.
שהשיג,שהשיג,5,0,60,,,,,,unresolved,No lexical entry yet.
שהשיגו,שהשיגו,1,0,60,,,,,,unresolved,No lexical entry yet.
שהשכיר,שהשכיר,1,0,60,,,,,,unresolved,No lexical entry yet.
שהשכירו,שהשכירו,1,0,60,,,,,,unresolved,No lexical entry yet.
שהשרה,שהשרה,1,0,60,,,,,,unresolved,No lexical entry yet.
שהתביעה,שהתביעה,4,0,60,,,,,,unresolved,No lexical entry yet.
שהתובע,שהתובע,16,0,60,,,,,,unresolved,No lexical entry yet.
שהתומים,שהתומימ,1,0,60,,,,,,unresolved,No lexical entry yet.
שהתוס׳,שהתוס׳,4,0,60,,,,,,unresolved,No lexical entry yet.
שהתורה,שהתורה,4,90,60,claim-55495547f11f9187 | claim-dc1f27e4b7e1a813 | claim-f8508c9ddf8007cc | claim-dc80f5e51031619f,that the Torah | which the Torah | Torah,Wikidata Lexeme | OpenScriptures morphHB,L68591 | H8451 | H8452,CC0 | CC BY 4.0,safe_claims_min60,
שהתחיל,שהתחיל,4,91,60,claim-34b56aaa0b579b7e | claim-7a0b2ce1304e34a7,that the fear | which the fear | properly | to twist | whirl (in a circular | spiral manner) | i.e. (specifically) to dance | to writhe in pain (especially of parturition) | fear | figuratively,OpenScriptures morphHB,H2342,CC BY 4.0,safe_claims_min60,
שהתיר,שהתיר,16,0,60,,,,,,unresolved,No lexical entry yet.
שהתנא,שהתנא,1,0,60,,,,,,unresolved,No lexical entry yet.
שהתנה,שהתנה,1,0,60,,,,,,unresolved,No lexical entry yet.
שהתשלומין,שהתשלומינ,1,0,60,,,,,,unresolved,No lexical entry yet.
שו״פ,שו״פ,1,0,60,,,,,,unresolved,No lexical entry yet.
שואלין,שואלינ,8,0,60,,,,,,unresolved,No lexical entry yet.
שוב,שוב,2,65,60,,,,,,claims_below_safe_min60,No strict claim >=60%.
שוגג,שוגג,2,0,60,,,,,,unresolved,No lexical entry yet.
שודאי,שודאי,2,0,60,,,,,,unresolved,No lexical entry yet.
שוה,שוה,19,65,60,,,,,,claims_below_safe_min60,No strict claim >=60%.
שוטה,שוטה,4,0,60,,,,,,unresolved,No lexical entry yet.
שוים,שוימ,2,65,60,,,,,,claims_below_safe_min60,No strict claim >=60%.
שוכר,שוכר,6,0,60,,,,,,unresolved,No lexical entry yet.
שולחן,שולחנ,1,0,60,,,,,,unresolved,No lexical entry yet.
שולחנו,שולחנו,1,0,60,,,,,,unresolved,No lexical entry yet.
שום,שומ,28,65,60,,,,,,claims_below_safe_min60,No strict claim >=60%.
שומא,שומא,4,0,60,,,,,,unresolved,No lexical entry yet.
שומעין,שומעינ,6,91,60,claim-e046c239bbe7c292 | claim-d6e60977505553e4,that fountain | which fountain | who fountain | that spring | which spring | who spring | that well | which well | a fountain (also collectively) | figuratively | a source (of satisfaction) | fountain | spring | well.,OpenScriptures HebrewLexicon,H4599,CC BY 4.0,safe_claims_min60,
שומר,שומר,16,65,60,,,,,,claims_below_safe_min60,No strict claim >=60%.
שומרים,שומרימ,23,0,60,,,,,,unresolved,No lexical entry yet.
שומרין,שומרינ,4,0,60,,,,,,unresolved,No lexical entry yet.
שומרת,שומרת,2,0,60,,,,,,unresolved,No lexical entry yet.
שומת,שומת,1,0,60,,,,,,unresolved,No lexical entry yet.
שונות,שונות,1,65,60,,,,,,claims_below_safe_min60,No strict claim >=60%.
שונים,שונימ,2,93,60,claim-979d722be59f4416,Shona,Wikidata Lexeme,L219342,CC0,safe_claims_min60,
שור,שור,3,65,60,,,,,,claims_below_safe_min60,No strict claim >=60%.
שורו,שורו,1,0,60,,,,,,unresolved,No lexical entry yet.
שורי,שורי,1,0,60,,,,,,unresolved,No lexical entry yet.
שושבינין,שושבינינ,1,0,60,,,,,,unresolved,No lexical entry yet.
שותף,שותפ,1,0,60,,,,,,unresolved,No lexical entry yet.
שזה,שזה,27,0,60,,,,,,unresolved,No lexical entry yet.
שזהו,שזהו,11,0,60,,,,,,unresolved,No lexical entry yet.
שזו,שזו,2,0,60,,,,,,unresolved,No lexical entry yet.
שזוהי,שזוהי,1,0,60,,,,,,unresolved,No lexical entry yet.
שזכר,שזכר,1,0,60,,,,,,unresolved,No lexical entry yet.
שזמן,שזמנ,1,0,60,,,,,,unresolved,No lexical entry yet.
שחבירו,שחבירו,1,0,60,,,,,,unresolved,No lexical entry yet.
שחבל,שחבל,5,0,60,,,,,,unresolved,No lexical entry yet.
שחוב,שחוב,1,0,60,,,,,,unresolved,No lexical entry yet.
שחולק,שחולק,5,0,60,,,,,,unresolved,No lexical entry yet.
שחולקים,שחולקימ,5,0,60,,,,,,unresolved,No lexical entry yet.
שחורה,שחורה,1,0,60,,,,,,unresolved,No lexical entry yet.
שחורים,שחורימ,2,0,60,,,,,,unresolved,No lexical entry yet.
שחושדו,שחושדו,2,0,60,,,,,,unresolved,No lexical entry yet.
שחזקה,שחזקה,1,0,60,,,,,,unresolved,No lexical entry yet.
שחזקתו,שחזקתו,1,0,60,,,,,,unresolved,No lexical entry yet.
שחזר,שחזר,2,0,60,,,,,,unresolved,No lexical entry yet.
שחטף,שחטפ,14,0,60,,,,,,unresolved,No lexical entry yet.
שחידש,שחידש,4,0,60,,,,,,unresolved,No lexical entry yet.
שחידשה,שחידשה,1,0,60,,,,,,unresolved,No lexical entry yet.
שחיוב,שחיוב,1,0,60,,,,,,unresolved,No lexical entry yet.
שחייב,שחייב,12,0,60,,,,,,unresolved,No lexical entry yet.
שחייבה,שחייבה,1,0,60,,,,,,unresolved,No lexical entry yet.
שחייבו,שחייבו,6,0,60,,,,,,unresolved,No lexical entry yet.
שחייבוהו,שחייבוהו,1,0,60,,,,,,unresolved,No lexical entry yet.
שחייבין,שחייבינ,1,0,60,,,,,,unresolved,No lexical entry yet.
שחייבתו,שחייבתו,1,0,60,,,,,,unresolved,No lexical entry yet.
שחילוקו,שחילוקו,1,0,60,,,,,,unresolved,No lexical entry yet.
שחילק,שחילק,4,0,60,,,,,,unresolved,No lexical entry yet.
שחכמים,שחכמימ,12,89,60,claim-e0e342de5873a492 | claim-22409976b4b41e0c,that hakham | which hakham | who hakham | that wise man | which wise man | who wise man | hakham | wise man | wise (adj.),Wikidata Lexeme,L65269,CC0,safe_claims_min60,
שחל,שחל,1,0,60,,,,,,unresolved,No lexical entry yet.
שחלה,שחלה,1,0,60,,,,,,unresolved,No lexical entry yet.
שחלוקה,שחלוקה,1,0,60,,,,,,unresolved,No lexical entry yet.
שחלל,שחלל,5,0,60,,,,,,unresolved,No lexical entry yet.
שחלק,שחלק,3,65,60,,,,,,claims_below_safe_min60,No strict claim >=60%.
שחסר,שחסר,1,0,60,,,,,,unresolved,No lexical entry yet.
שחפר,שחפר,8,0,60,,,,,,unresolved,No lexical entry yet.
שחצר,שחצר,3,0,60,,,,,,unresolved,No lexical entry yet.
שחשב,שחשב,1,0,60,,,,,,unresolved,No lexical entry yet.
שחשדו,שחשדו,1,0,60,,,,,,unresolved,No lexical entry yet.
שחשוד,שחשוד,1,0,60,,,,,,unresolved,No lexical entry yet.
שחתם,שחתמ,2,0,60,,,,,,unresolved,No lexical entry yet.
שט״ח,שט״ח,4,0,60,,,,,,unresolved,No lexical entry yet.
שטוען,שטוענ,27,0,60,,,,,,unresolved,No lexical entry yet.
שטוענו,שטוענו,1,0,60,,,,,,unresolved,No lexical entry yet.
שטוענים,שטוענימ,1,0,60,,,,,,unresolved,No lexical entry yet.
שטוענין,שטוענינ,4,0,60,,,,,,unresolved,No lexical entry yet.
שטען,שטענ,24,0,60,,,,,,unresolved,No lexical entry yet.
שטענה,שטענה,1,0,60,,,,,,unresolved,No lexical entry yet.
שטענו,שטענו,5,0,60,,,,,,unresolved,No lexical entry yet.
שטענת,שטענת,2,0,60,,,,,,unresolved,No lexical entry yet.
שטענתם,שטענתמ,1,0,60,,,,,,unresolved,No lexical entry yet.
שטר,שטר,77,0,60,,,,,,unresolved,No lexical entry yet.
שטרא,שטרא,11,0,60,,,,,,unresolved,No lexical entry yet.
שטרו,שטרו,18,0,60,,,,,,unresolved,No lexical entry yet.
שטרות,שטרות,7,0,60,,,,,,unresolved,No lexical entry yet.
שטרי,שטרי,2,0,60,,,,,,unresolved,No lexical entry yet.
שטרך,שטרכ,17,0,60,,,,,,unresolved,No lexical entry yet.
שי׳,שי׳,3,0,60,,,,,,unresolved,No lexical entry yet.
שיאבד,שיאבד,1,0,60,,,,,,unresolved,No lexical entry yet.
שיאמר,שיאמר,6,95,60,claim-b92b2c94e297b172,to say (used with great latitude) | answer | appoint | avouch | bid | boast self | call | certify,OpenScriptures morphHB,H559,CC BY 4.0,safe_claims_min60,
שיאמרו,שיאמרו,2,95,60,claim-b92b2c94e297b172,to say (used with great latitude) | answer | appoint | avouch | bid | boast self | call | certify,OpenScriptures morphHB,H559,CC BY 4.0,safe_claims_min60,
שיבוא,שיבוא,5,95,60,claim-1f60409dec56770f,to go | come (in a wide variety of applications) | abide | apply | attain | × be | befall | besiege,OpenScriptures morphHB,H935,CC BY 4.0,safe_claims_min60,
שיבואו,שיבואו,1,0,60,,,,,,unresolved,No lexical entry yet.
שיבואר,שיבואר,1,0,60,,,,,,unresolved,No lexical entry yet.
שיבורר,שיבורר,1,0,60,,,,,,unresolved,No lexical entry yet.
שיביאו,שיביאו,1,0,60,,,,,,unresolved,No lexical entry yet.
שיגבו,שיגבו,1,0,60,,,,,,unresolved,No lexical entry yet.
שיגביהו,שיגביהו,1,0,60,,,,,,unresolved,No lexical entry yet.
שיגדלו,שיגדלו,1,0,60,,,,,,unresolved,No lexical entry yet.
שיגזול,שיגזול,1,0,60,,,,,,unresolved,No lexical entry yet.
שיגזרנו,שיגזרנו,1,0,60,,,,,,unresolved,No lexical entry yet.
שיגלגל,שיגלגל,1,0,60,,,,,,unresolved,No lexical entry yet.
שיגמור,שיגמור,1,0,60,,,,,,unresolved,No lexical entry yet.
שידו,שידו,6,0,60,,,,,,unresolved,No lexical entry yet.
שידמה,שידמה,1,0,60,,,,,,unresolved,No lexical entry yet.
שידע,שידע,1,65,60,,,,,,claims_below_safe_min60,No strict claim >=60%.
שידעו,שידעו,1,0,60,,,,,,unresolved,No lexical entry yet.
שיהא,שיהא,5,0,60,,,,,,unresolved,No lexical entry yet.
שיהי׳,שיהי׳,34,0,60,,,,,,unresolved,No lexical entry yet.
שיהיה,שיהיה,4,95,60,claim-0c2fb56957476647,to exist | i.e. be | become | come to pass (always emphatic | and not a mere copula | auxiliary) | beacon | × altogether,OpenScriptures morphHB,H1961,CC BY 4.0,safe_claims_min60,
שיהיו,שיהיו,11,95,60,claim-0c2fb56957476647,to exist | i.e. be | become | come to pass (always emphatic | and not a mere copula | auxiliary) | beacon | × altogether,OpenScriptures morphHB,H1961,CC BY 4.0,safe_claims_min60,
שיהפך,שיהפכ,1,91,60,claim-c6150f5493d01cae | claim-006678b7601deeae,that over | which over | who over | that overturn | which overturn | who overturn | that return | which return | to turn about | over | by implication | to change | overturn | return | pervert | × become,OpenScriptures HebrewLexicon,H2015,CC BY 4.0,safe_claims_min60,
שיובא,שיובא,1,0,60,,,,,,unresolved,No lexical entry yet.
שיודה,שיודה,8,0,60,,,,,,unresolved,No lexical entry yet.
שיודו,שיודו,1,0,60,,,,,,unresolved,No lexical entry yet.
שיודע,שיודע,13,0,60,,,,,,unresolved,No lexical entry yet.
שיוכל,שיוכל,6,65,60,,,,,,claims_below_safe_min60,No strict claim >=60%.
שיועיל,שיועיל,1,0,60,,,,,,unresolved,No lexical entry yet.
שיופסד,שיופסד,1,0,60,,,,,,unresolved,No lexical entry yet.
שיוצא,שיוצא,1,65,60,,,,,,claims_below_safe_min60,No strict claim >=60%.
שיוציא,שיוציא,1,0,60,,,,,,unresolved,No lexical entry yet.
שיוציאו,שיוציאו,3,0,60,,,,,,unresolved,No lexical entry yet.
שיושבים,שיושבימ,3,0,60,,,,,,unresolved,No lexical entry yet.
שיזכה,שיזכה,2,0,60,,,,,,unresolved,No lexical entry yet.
שיחה,שיחה,1,0,60,,,,,,unresolved,No lexical entry yet.
שיחזיקו,שיחזיקו,1,91,60,claim-a75e3a17d3927231 | claim-dbd014cfc0a69339,that hence | which hence | who hence | that courageous | which courageous | who courageous | that causatively strengthen | which causatively strengthen | to fasten upon | hence | to seize | be strong (figuratively | courageous | causatively strengthen | cure | help,OpenScriptures morphHB,H2388,CC BY 4.0,safe_claims_min60,
שיחזיר,שיחזיר,6,0,60,,,,,,unresolved,No lexical entry yet.
שיחי׳,שיחי׳,2,0,60,,,,,,unresolved,No lexical entry yet.
שיחייבו,שיחייבו,2,0,60,,,,,,unresolved,No lexical entry yet.
שיחייבוהו,שיחייבוהו,1,0,60,,,,,,unresolved,No lexical entry yet.
שיחין,שיחינ,3,0,60,,,,,,unresolved,No lexical entry yet.
שיחלוקו,שיחלוקו,3,0,60,,,,,,unresolved,No lexical entry yet.
שיטה,שיטה,1,0,60,,,,,,unresolved,No lexical entry yet.
שיטול,שיטול,7,0,60,,,,,,unresolved,No lexical entry yet.
שיטלו,שיטלו,1,0,60,,,,,,unresolved,No lexical entry yet.
שיטעה,שיטעה,1,0,60,,,,,,unresolved,No lexical entry yet.
שיטעון,שיטעונ,9,0,60,,,,,,unresolved,No lexical entry yet.
שיטת,שיטת,21,0,60,,,,,,unresolved,No lexical entry yet.
שיטתו,שיטתו,7,0,60,,,,,,unresolved,No lexical entry yet.
שייך,שייכ,99,0,60,,,,,,unresolved,No lexical entry yet.
שייכא,שייכא,7,0,60,,,,,,unresolved,No lexical entry yet.
שייכות,שייכות,4,0,60,,,,,,unresolved,No lexical entry yet.
שייכי,שייכי,1,0,60,,,,,,unresolved,No lexical entry yet.
שייכת,שייכת,1,0,60,,,,,,unresolved,No lexical entry yet.
שיישבתי,שיישבתי,2,0,60,,,,,,unresolved,No lexical entry yet.
שיכול,שיכול,39,0,60,,,,,,unresolved,No lexical entry yet.
שיכולים,שיכולימ,1,0,60,,,,,,unresolved,No lexical entry yet.
שיכולין,שיכולינ,1,0,60,,,,,,unresolved,No lexical entry yet.
שיכחיש,שיכחיש,1,0,60,,,,,,unresolved,No lexical entry yet.
שיכחישו,שיכחישו,1,0,60,,,,,,unresolved,No lexical entry yet.
שיכפור,שיכפור,2,0,60,,,,,,unresolved,No lexical entry yet.
שילך,שילכ,1,95,60,claim-93f3b333335d0605,to walk (literally | figuratively) | causatively | to carry (in various senses) | × again | away | bear | bring,OpenScriptures morphHB,H3212,CC BY 4.0,safe_claims_min60,
שילם,שילמ,2,0,60,,,,,,unresolved,No lexical entry yet.
שימכור,שימכור,3,0,60,,,,,,unresolved,No lexical entry yet.
שימצא,שימצא,3,65,60,,,,,,claims_below_safe_min60,No strict claim >=60%.
שימצאנה,שימצאנה,1,0,60,,,,,,unresolved,No lexical entry yet.
שינוי,שינוי,1,52,60,,,,,,claims_below_safe_min60,No strict claim >=60%.
שיסבור,שיסבור,2,0,60,,,,,,unresolved,No lexical entry yet.
שיסמוך,שיסמוכ,1,0,60,,,,,,unresolved,No lexical entry yet.
שיעור,שיעור,2,65,60,,,,,,claims_below_safe_min60,No strict claim >=60%.
שיעיד,שיעיד,2,0,60,,,,,,unresolved,No lexical entry yet.
שיעידו,שיעידו,3,0,60,,,,,,unresolved,No lexical entry yet.
שיעמוד,שיעמוד,2,0,60,,,,,,unresolved,No lexical entry yet.
שיעשו,שיעשו,2,65,60,,,,,,claims_below_safe_min60,No strict claim >=60%.
שיפטר,שיפטר,1,91,60,claim-0a534e73d7cc304a | claim-813eb277fa736368,that burst through | which burst through | who burst through | that dismiss | which dismiss | who dismiss | that free | which free | to cleave | burst through | i.e. (causatively) to emit | whether literal | figurative (gape) | dismiss | free | let (shoot) out,OpenScriptures morphHB,H6362,CC BY 4.0,safe_claims_min60,
שיפטרנו,שיפטרנו,1,91,60,claim-7b8b82310e5b75a2 | claim-813eb277fa736368,that our burst through | which our burst through | who our burst through | that our dismiss | which our dismiss | who our dismiss | that our free | which our free | to cleave | burst through | i.e. (causatively) to emit | whether literal | figurative (gape) | dismiss | free | let (shoot) out,OpenScriptures morphHB,H6362,CC BY 4.0,safe_claims_min60,
שיפייס,שיפייס,1,0,60,,,,,,unresolved,No lexical entry yet.
שיפסיד,שיפסיד,2,0,60,,,,,,unresolved,No lexical entry yet.
שיפסידו,שיפסידו,1,0,60,,,,,,unresolved,No lexical entry yet.
שיפסקו,שיפסקו,2,0,60,,,,,,unresolved,No lexical entry yet.
שיפרענו,שיפרענו,1,0,60,,,,,,unresolved,No lexical entry yet.
שיפתה,שיפתה,1,0,60,,,,,,unresolved,No lexical entry yet.
שיצא,שיצא,3,95,60,claim-2ddc9365305f704e,to go (causatively | bring ) out | in a great variety of applications | literally and figuratively | direct and proxim. | × after | appear | × assuredly,OpenScriptures morphHB,H3318,CC BY 4.0,safe_claims_min60,
שיצאה,שיצאה,1,65,60,,,,,,claims_below_safe_min60,No strict claim >=60%.
שיצטרך,שיצטרכ,1,0,60,,,,,,unresolved,No lexical entry yet.
שיקחנו,שיקחנו,1,91,60,claim-f497c375c0da7be7 | claim-128eada3a0b17e84,that our accept | which our accept | who our accept | that our bring | which our bring | who our bring | that our buy | which our buy | to take (in the widest variety of applications) | accept | bring | buy | carry away | drawn | fetch | get,OpenScriptures morphHB,H3947,CC BY 4.0,safe_claims_min60,
שירא,שירא,6,0,60,,,,,,unresolved,No lexical entry yet.
שירד,שירד,1,95,60,claim-7d704a1931aae304,to descend (literally | to go downwards | conventionally to a lower region | as the shore | a boundary | the enemy | etc. | figuratively,OpenScriptures morphHB,H3381,CC BY 4.0,safe_claims_min60,
שירויח,שירויח,1,0,60,,,,,,unresolved,No lexical entry yet.
שירצה,שירצה,2,65,60,,,,,,claims_below_safe_min60,No strict claim >=60%.
שיש,שיש,89,65,60,,,,,,claims_below_safe_min60,No strict claim >=60%.
שישאר,שישאר,2,91,60,claim-f3cdbd33e57d77b9 | claim-e50453c7038246fa,that leave | which leave | who leave | that let | which let | who let | that remain | which remain | properly | to swell up | i.e. be (causatively | make ) redundant | leave | (be) left | let | remain,OpenScriptures HebrewLexicon,H7604,CC BY 4.0,safe_claims_min60,
שישב,שישב,1,0,60,,,,,,unresolved,No lexical entry yet.
שישבע,שישבע,37,0,60,,,,,,unresolved,No lexical entry yet.
שישבעו,שישבעו,1,0,60,,,,,,unresolved,No lexical entry yet.
שישבתי,שישבתי,1,0,60,,,,,,unresolved,No lexical entry yet.
שישיב,שישיב,1,0,60,,,,,,unresolved,No lexical entry yet.
שישכור,שישכור,2,0,60,,,,,,unresolved,No lexical entry yet.
שישלם,שישלמ,7,0,60,,,,,,unresolved,No lexical entry yet.
שית,שית,1,0,60,,,,,,unresolved,No lexical entry yet.
שיתבע,שיתבע,1,0,60,,,,,,unresolved,No lexical entry yet.
שיתברר,שיתברר,3,0,60,,,,,,unresolved,No lexical entry yet.
שיתומים,שיתומימ,1,0,60,,,,,,unresolved,No lexical entry yet.
שיתכן,שיתכנ,4,0,60,,,,,,unresolved,No lexical entry yet.
שיתן,שיתנ,4,95,60,claim-6726506cb6a027e6,to give | used with greatest latitude of application ( put | make | etc.) | add | apply | appoint | ascribe,OpenScriptures morphHB,H5414,CC BY 4.0,safe_claims_min60,
שיתנו,שיתנו,1,0,60,,,,,,unresolved,No lexical entry yet.
שיתקן,שיתקנ,1,0,60,,,,,,unresolved,No lexical entry yet.
שיתר,שיתר,1,0,60,,,,,,unresolved,No lexical entry yet.
שכ׳,שכ׳,12,0,60,,,,,,unresolved,No lexical entry yet.
שכ״מ,שכ״מ,6,0,60,,,,,,unresolved,No lexical entry yet.
שכאן,שכאנ,4,0,60,,,,,,unresolved,No lexical entry yet.
שכבר,שכבר,24,95,60,claim-c4bdc8c62dd6545d,properly | extent of time | i.e. a great while | hence | long ago | formerly | hitherto | already,OpenScriptures HebrewLexicon,H3528,CC BY 4.0,safe_claims_min60,
שכדרכה,שכדרכה,4,0,60,,,,,,unresolved,No lexical entry yet.
שכוונתי,שכוונתי,1,0,60,,,,,,unresolved,No lexical entry yet.
שכונתו,שכונתו,1,0,60,,,,,,unresolved,No lexical entry yet.
שכופר,שכופר,3,0,60,,,,,,unresolved,No lexical entry yet.
שכורין,שכורינ,1,0,60,,,,,,unresolved,No lexical entry yet.
שכותב,שכותב,1,0,60,,,,,,unresolved,No lexical entry yet.
שכח,שכח,4,65,60,,,,,,claims_below_safe_min60,No strict claim >=60%.
שכחתי,שכחתי,1,0,60,,,,,,unresolved,No lexical entry yet.
שכיוונתי,שכיוונתי,1,0,60,,,,,,unresolved,No lexical entry yet.
שכיון,שכיונ,9,91,60,claim-281235805c9f494a | claim-20f142641e215f7b,that a statue | which a statue | who a statue | properly | a statue | i.e. idol | but used (by euphemism) for some heathen deity (perhaps corresponding to Priapus | Baal-peor) | Chiun.,OpenScriptures HebrewLexicon,H3594,CC BY 4.0,safe_claims_min60,
שכיונתי,שכיונתי,1,0,60,,,,,,unresolved,No lexical entry yet.
שכיוצא,שכיוצא,2,0,60,,,,,,unresolved,No lexical entry yet.
שכיח,שכיח,1,0,60,,,,,,unresolved,No lexical entry yet.
שכיחא,שכיחא,9,0,60,,,,,,unresolved,No lexical entry yet.
שכיר,שכיר,7,65,60,,,,,,claims_below_safe_min60,No strict claim >=60%.
שכירות,שכירות,16,0,60,,,,,,unresolved,No lexical entry yet.
שכך,שככ,1,65,60,,,,,,claims_below_safe_min60,No strict claim >=60%.
שכל,שכל,30,65,60,,,,,,claims_below_safe_min60,No strict claim >=60%.
שכלי,שכלי,1,65,60,,,,,,claims_below_safe_min60,No strict claim >=60%.
שכן,שכנ,22,65,60,,,,,,claims_below_safe_min60,No strict claim >=60%.
שכנגד,שכנגד,4,0,60,,,,,,unresolved,No lexical entry yet.
שכנגדו,שכנגדו,19,65,60,,,,,,claims_below_safe_min60,No strict claim >=60%.
שכנו,שכנו,1,0,60,,,,,,unresolved,No lexical entry yet.
שכנים,שכנימ,1,0,60,,,,,,unresolved,No lexical entry yet.
שכפר,שכפר,6,0,60,,,,,,unresolved,No lexical entry yet.
שכר,שכר,4,65,60,,,,,,claims_below_safe_min60,No strict claim >=60%.
שכרו,שכרו,8,65,60,,,,,,claims_below_safe_min60,No strict claim >=60%.
שכרך,שכרכ,1,0,60,,,,,,unresolved,No lexical entry yet.
שכרתו,שכרתו,2,0,60,,,,,,unresolved,No lexical entry yet.
שכרתיך,שכרתיכ,2,0,60,,,,,,unresolved,No lexical entry yet.
שכתב,שכתב,238,0,60,,,,,,unresolved,No lexical entry yet.
שכתבה,שכתבה,1,0,60,,,,,,unresolved,No lexical entry yet.
שכתבו,שכתבו,35,0,60,,,,,,unresolved,No lexical entry yet.
שכתבנו,שכתבנו,25,0,60,,,,,,unresolved,No lexical entry yet.
שכתבתי,שכתבתי,23,0,60,,,,,,unresolved,No lexical entry yet.
שכתוב,שכתוב,2,0,60,,,,,,unresolved,No lexical entry yet.
שכתובים,שכתובימ,1,0,60,,,,,,unresolved,No lexical entry yet.
שכתובתה,שכתובתה,1,0,60,,,,,,unresolved,No lexical entry yet.
של,של,277,99,60,claim-da8745b6f2ffc4cd,of | belonging to,Workspace grammar rule,grammar-particle:של,N/A - project lexical rule,safe_claims_min60,
שלא,שלא,283,95,60,claim-66b1bdfa8656b749,not (the simple | abs. negation) | by implication | no | often used with other particles | × before | or else | ere,OpenScriptures morphHB,H3808,CC BY 4.0,safe_claims_min60,
שלאה,שלאה,2,0,60,,,,,,unresolved,No lexical entry yet.
שלבד,שלבד,1,0,60,,,,,,unresolved,No lexical entry yet.
שלדידי,שלדידי,1,0,60,,,,,,unresolved,No lexical entry yet.
שלה,שלה,2,65,60,,,,,,claims_below_safe_min60,No strict claim >=60%.
שלהם,שלהמ,2,93,60,claim-5793539bf55568c6,of/pertaining to,Wikidata Lexeme,L492272,CC0,safe_claims_min60,
שלהמוכר,שלהמוכר,1,0,60,,,,,,unresolved,No lexical entry yet.
שלהמחזיק,שלהמחזיק,1,0,60,,,,,,unresolved,No lexical entry yet.
שלהנפקד,שלהנפקד,1,0,60,,,,,,unresolved,No lexical entry yet.
שלו,שלו,96,65,60,,,,,,claims_below_safe_min60,No strict claim >=60%.
שלוה,שלוה,11,65,60,,,,,,claims_below_safe_min60,No strict claim >=60%.
שלוחים,שלוחימ,1,0,60,,,,,,unresolved,No lexical entry yet.
שלוי,שלוי,1,0,60,,,,,,unresolved,No lexical entry yet.
שלולא,שלולא,1,0,60,,,,,,unresolved,No lexical entry yet.
שלומי,שלומי,1,0,60,,,,,,unresolved,No lexical entry yet.
שלועס,שלועס,1,0,60,,,,,,unresolved,No lexical entry yet.
שלותה,שלותה,2,0,60,,,,,,unresolved,No lexical entry yet.
שלח,שלח,3,65,60,,,,,,claims_below_safe_min60,No strict claim >=60%.
שלחנו,שלחנו,1,0,60,,,,,,unresolved,No lexical entry yet.
שלחת,שלחת,1,0,60,,,,,,unresolved,No lexical entry yet.
שלי,שלי,26,65,60,,,,,,claims_below_safe_min60,No strict claim >=60%.
שליח,שליח,3,0,60,,,,,,unresolved,No lexical entry yet.
שליחות,שליחות,1,0,60,,,,,,unresolved,No lexical entry yet.
שליחותו,שליחותו,1,0,60,,,,,,unresolved,No lexical entry yet.
שליט״א,שליט״א,3,0,60,,,,,,unresolved,No lexical entry yet.
שלים,שלימ,2,95,60,claim-a238a6cffb04dc7e,a sea (as breaking in noisy surf) | large body of water | specifically (with the article) | the Mediterranean Sea | sometimes a large river | an artifical basin | locally | the west,OpenScriptures morphHB,H3220,CC BY 4.0,safe_claims_min60,
שלימה,שלימה,2,0,60,,,,,,unresolved,No lexical entry yet.
שליקט,שליקט,1,0,60,,,,,,unresolved,No lexical entry yet.
שליקטן,שליקטנ,5,0,60,,,,,,unresolved,No lexical entry yet.
שליש,שליש,2,0,60,,,,,,unresolved,No lexical entry yet.
שלישי,שלישי,8,0,60,,,,,,unresolved,No lexical entry yet.
שלישית,שלישית,1,95,60,claim-24cb69c49f9b8a8a,third | feminine a third (part) | by extension | a third (day | year | time) | specifically | a third-story cell),OpenScriptures morphHB,H7992,CC BY 4.0,safe_claims_min60,
שלך,שלכ,14,0,60,,,,,,unresolved,No lexical entry yet.
שלכל,שלכל,3,0,60,,,,,,unresolved,No lexical entry yet.
שלם,שלמ,3,65,60,,,,,,claims_below_safe_min60,No strict claim >=60%.
שלמד,שלמד,6,0,60,,,,,,unresolved,No lexical entry yet.
שלמדו,שלמדו,2,0,60,,,,,,unresolved,No lexical entry yet.
שלמי,שלמי,1,65,60,,,,,,claims_below_safe_min60,No strict claim >=60%.
שלנו,שלנו,1,93,60,claim-5793539bf55568c6,of/pertaining to,Wikidata Lexeme,L492272,CC0,safe_claims_min60,
שלפי,שלפי,3,95,60,claim-a6b52398ae4428fa,to pull out | up | off | draw (off) | grow up | pluck off.,OpenScriptures morphHB,H8025,CC BY 4.0,safe_claims_min60,
שלפני,שלפני,1,65,60,,,,,,claims_below_safe_min60,No strict claim >=60%.
שלפנינו,שלפנינו,2,65,60,,,,,,claims_below_safe_min60,No strict claim >=60%.
שלקוחים,שלקוחימ,1,0,60,,,,,,unresolved,No lexical entry yet.
שלקח,שלקח,12,0,60,,,,,,unresolved,No lexical entry yet.
שלקחה,שלקחה,5,0,60,,,,,,unresolved,No lexical entry yet.
שלקחו,שלקחו,2,0,60,,,,,,unresolved,No lexical entry yet.
שלקחום,שלקחומ,1,0,60,,,,,,unresolved,No lexical entry yet.
שלקחם,שלקחמ,1,0,60,,,,,,unresolved,No lexical entry yet.
שלקחן,שלקחנ,1,0,60,,,,,,unresolved,No lexical entry yet.
שלקחתי,שלקחתי,1,0,60,,,,,,unresolved,No lexical entry yet.
שלקחתיה,שלקחתיה,2,0,60,,,,,,unresolved,No lexical entry yet.
שלש,שלש,9,0,60,,,,,,unresolved,No lexical entry yet.
שלשה,שלשה,2,65,60,,,,,,claims_below_safe_min60,No strict claim >=60%.
שם,שמ,214,65,60,,,,,,claims_below_safe_min60,No strict claim >=60%.
שמא,שמא,79,65,60,,,,,,claims_below_safe_min60,No strict claim >=60%.
שמאחר,שמאחר,1,0,60,,,,,,unresolved,No lexical entry yet.
שמבואר,שמבואר,2,0,60,,,,,,unresolved,No lexical entry yet.
שמבורר,שמבורר,1,0,60,,,,,,unresolved,No lexical entry yet.
שמביא,שמביא,4,0,60,,,,,,unresolved,No lexical entry yet.
שמברר,שמברר,1,0,60,,,,,,unresolved,No lexical entry yet.
שמגיע,שמגיע,2,0,60,,,,,,unresolved,No lexical entry yet.
שמגלגלין,שמגלגלינ,11,0,60,,,,,,unresolved,No lexical entry yet.
שמדמה,שמדמה,1,0,60,,,,,,unresolved,No lexical entry yet.
שמה,שמה,4,93,60,claim-4cde0975c50b0251,to put,Wikidata Lexeme,L219705,CC0,safe_claims_min60,
שמה״ת,שמה״ת,2,0,60,,,,,,unresolved,No lexical entry yet.
שמו,שמו,1,93,60,claim-4cde0975c50b0251,to put,Wikidata Lexeme,L219705,CC0,safe_claims_min60,
שמואל,שמואל,6,65,60,,,,,,claims_below_safe_min60,No strict claim >=60%.
שמובא,שמובא,1,0,60,,,,,,unresolved,No lexical entry yet.
שמודה,שמודה,11,0,60,,,,,,unresolved,No lexical entry yet.
שמוה,שמוה,1,0,60,,,,,,unresolved,No lexical entry yet.
שמוחל,שמוחל,1,0,60,,,,,,unresolved,No lexical entry yet.
שמוכח,שמוכח,2,0,60,,,,,,unresolved,No lexical entry yet.
שמוכיח,שמוכיח,2,91,60,claim-b9c901ee6928b54e | claim-e727579636deeda6,that reciprocal | which reciprocal | who reciprocal | that causatively | which causatively | who causatively | that justify | which justify | to be right (i.e. correct) | reciprocal | to argue | causatively | to decide | justify | convict | appoint,OpenScriptures morphHB,H3198,CC BY 4.0,safe_claims_min60,
שמוכרח,שמוכרח,1,0,60,,,,,,unresolved,No lexical entry yet.
שמונח,שמונח,1,91,60,claim-d05fda3ec30a6b0d | claim-b77f3cc1eed85247,that the patriarch of the flood | which the patriarch of the flood | who the patriarch of the flood | Noach | the patriarch of the flood | Noah.,OpenScriptures morphHB,H5146,CC BY 4.0,safe_claims_min60,
שמונים,שמונימ,1,0,60,,,,,,unresolved,No lexical entry yet.
שמועיל,שמועיל,1,91,60,claim-142e339472c090b6 | claim-6fd04ed0597cdec0,that useful | which useful | who useful | that subjectively | which subjectively | who subjectively | properly | to ascend | figuratively | to be valuable (objectively | useful | subjectively | benefited ) | × at all,OpenScriptures morphHB,H3276,CC BY 4.0,safe_claims_min60,
שמוציאין,שמוציאינ,1,0,60,,,,,,unresolved,No lexical entry yet.
שמורה,שמורה,1,90,60,claim-81d65519223676d7 | claim-2f5a0da5cf755994 | claim-5a3b7d8f1abcf707 | claim-634c97bf507928d0 | claim-802cbe0c30f316de | claim-1d4055dd4bffbccc | claim-5b98bb4cf55054f2 | claim-2b72f047dabae06a,that teacher | which teacher | who teacher | teacher,Wikidata Lexeme | OpenScriptures morphHB | OpenScriptures HebrewLexicon,L78903 | H3384 | H4172 | H4175 | H4176 | H4177 | H4784,CC0 | CC BY 4.0,safe_claims_min60,
שמורו,שמורו,1,0,60,,,,,,unresolved,No lexical entry yet.
שמחדש,שמחדש,1,0,60,,,,,,unresolved,No lexical entry yet.
שמחויב,שמחויב,1,0,60,,,,,,unresolved,No lexical entry yet.
שמחוייב,שמחוייב,1,0,60,,,,,,unresolved,No lexical entry yet.
שמחזיק,שמחזיק,2,91,60,claim-3458878cb4906d47 | claim-dbd014cfc0a69339,that hence | which hence | who hence | that courageous | which courageous | who courageous | that causatively strengthen | which causatively strengthen | to fasten upon | hence | to seize | be strong (figuratively | courageous | causatively strengthen | cure | help,OpenScriptures morphHB,H2388,CC BY 4.0,safe_claims_min60,
שמחזיקין,שמחזיקינ,2,0,60,,,,,,unresolved,No lexical entry yet.
שמחזיקם,שמחזיקמ,1,0,60,,,,,,unresolved,No lexical entry yet.
שמחזיר,שמחזיר,1,0,60,,,,,,unresolved,No lexical entry yet.
שמחייב,שמחייב,3,0,60,,,,,,unresolved,No lexical entry yet.
שמחייבו,שמחייבו,1,0,60,,,,,,unresolved,No lexical entry yet.
שמחלוקתן,שמחלוקתנ,1,0,60,,,,,,unresolved,No lexical entry yet.
שמחלק,שמחלק,3,0,60,,,,,,unresolved,No lexical entry yet.
שמחמת,שמחמת,1,91,60,claim-86120a735ef62b97 | claim-2784020c8ada3c0b,that a place in Palestine | which a place in Palestine | who a place in Palestine | Chammath | a place in Palestine | Hammath.,OpenScriptures morphHB,H2575,CC BY 4.0,safe_claims_min60,
שמטלטלין,שמטלטלינ,1,0,60,,,,,,unresolved,No lexical entry yet.
שמי,שמי,4,65,60,,,,,,claims_below_safe_min60,No strict claim >=60%.
שמי׳,שמי׳,1,0,60,,,,,,unresolved,No lexical entry yet.
שמיגו,שמיגו,1,0,60,,,,,,unresolved,No lexical entry yet.
שמילוי,שמילוי,1,0,60,,,,,,unresolved,No lexical entry yet.
שמים,שמימ,1,93,60,claim-4cde0975c50b0251,to put,Wikidata Lexeme,L219705,CC0,safe_claims_min60,
שמין,שמינ,2,0,60,,,,,,unresolved,No lexical entry yet.
שמינהו,שמינהו,1,0,60,,,,,,unresolved,No lexical entry yet.
שמירה,שמירה,7,65,60,,,,,,claims_below_safe_min60,No strict claim >=60%.
שמכוין,שמכוינ,1,0,60,,,,,,unresolved,No lexical entry yet.
שמכחיש,שמכחיש,1,0,60,,,,,,unresolved,No lexical entry yet.
שמכר,שמכר,13,0,60,,,,,,unresolved,No lexical entry yet.
שמכרה,שמכרה,10,0,60,,,,,,unresolved,No lexical entry yet.
שמכרו,שמכרו,7,0,60,,,,,,unresolved,No lexical entry yet.
שמכרם,שמכרמ,7,0,60,,,,,,unresolved,No lexical entry yet.
שמן,שמנ,6,0,60,,,,,,unresolved,No lexical entry yet.
שמנה,שמנה,1,0,60,,,,,,unresolved,No lexical entry yet.
שמסייעו,שמסייעו,1,0,60,,,,,,unresolved,No lexical entry yet.
שמסר,שמסר,9,0,60,,,,,,unresolved,No lexical entry yet.
שמסרו,שמסרו,7,0,60,,,,,,unresolved,No lexical entry yet.
שמסרתי,שמסרתי,1,0,60,,,,,,unresolved,No lexical entry yet.
שמע,שמע,2,0,60,,,,,,unresolved,No lexical entry yet.
שמעון,שמעונ,29,0,60,,,,,,unresolved,No lexical entry yet.
שמעותיו,שמעותיו,1,0,60,,,,,,unresolved,No lexical entry yet.
שמעיד,שמעיד,2,91,60,claim-580f400d09ebf142 | claim-6165f7d48be26090,that repeat | which repeat | who repeat | that intensively | which intensively | who intensively | to duplicate | repeat | by implication | to protest | testify (as by reiteration) | intensively | to encompass | restore (as a sort of reduplication),OpenScriptures morphHB,H5749,CC BY 4.0,safe_claims_min60,
שמעידים,שמעידימ,1,0,60,,,,,,unresolved,No lexical entry yet.
שמעיקר,שמעיקר,3,0,60,,,,,,unresolved,No lexical entry yet.
שמעיקרא,שמעיקרא,1,0,60,,,,,,unresolved,No lexical entry yet.
שמעיקרו,שמעיקרו,1,0,60,,,,,,unresolved,No lexical entry yet.
שמעל,שמעל,1,65,60,,,,,,claims_below_safe_min60,No strict claim >=60%.
שמענו,שמענו,1,93,60,claim-61ebef4d9811e478,to hear/listen,Wikidata Lexeme,L219738,CC0,safe_claims_min60,
שמעצמן,שמעצמנ,3,0,60,,,,,,unresolved,No lexical entry yet.
שמעת,שמעת,1,0,60,,,,,,unresolved,No lexical entry yet.
שמעתא,שמעתא,1,0,60,,,,,,unresolved,No lexical entry yet.
שמפני,שמפני,1,0,60,,,,,,unresolved,No lexical entry yet.
שמפסידו,שמפסידו,1,0,60,,,,,,unresolved,No lexical entry yet.
שמפרש,שמפרש,5,0,60,,,,,,unresolved,No lexical entry yet.
שמפרשים,שמפרשימ,3,0,60,,,,,,unresolved,No lexical entry yet.
שמצא,שמצא,1,65,60,,,,,,claims_below_safe_min60,No strict claim >=60%.
שמצדד,שמצדד,1,0,60,,,,,,unresolved,No lexical entry yet.
שמצריכים,שמצריכימ,1,0,60,,,,,,unresolved,No lexical entry yet.
שמצריכין,שמצריכינ,2,0,60,,,,,,unresolved,No lexical entry yet.
שמקודם,שמקודמ,5,0,60,,,,,,unresolved,No lexical entry yet.
שמר,שמר,3,65,60,,,,,,claims_below_safe_min60,No strict claim >=60%.
שמשביע,שמשביע,1,0,60,,,,,,unresolved,No lexical entry yet.
שמשביעין,שמשביעינ,1,0,60,,,,,,unresolved,No lexical entry yet.
שמשכון,שמשכונ,1,0,60,,,,,,unresolved,No lexical entry yet.
שמשכונא,שמשכונא,1,0,60,,,,,,unresolved,No lexical entry yet.
שמשלחו,שמשלחו,1,0,60,,,,,,unresolved,No lexical entry yet.
שמשלם,שמשלמ,5,0,60,,,,,,unresolved,No lexical entry yet.
שמשמע,שמשמע,1,0,60,,,,,,unresolved,No lexical entry yet.
שמשקר,שמשקר,2,0,60,,,,,,unresolved,No lexical entry yet.
שמתברר,שמתברר,1,0,60,,,,,,unresolved,No lexical entry yet.
שמתה,שמתה,2,0,60,,,,,,unresolved,No lexical entry yet.
שמתוך,שמתוכ,2,65,60,,,,,,claims_below_safe_min60,No strict claim >=60%.
שמתחלה,שמתחלה,5,0,60,,,,,,unresolved,No lexical entry yet.
שמתמיה,שמתמיה,1,0,60,,,,,,unresolved,No lexical entry yet.
שנא,שנא,1,0,60,,,,,,unresolved,No lexical entry yet.
שנאמין,שנאמינ,1,0,60,,,,,,unresolved,No lexical entry yet.
שנאמן,שנאמנ,2,0,60,,,,,,unresolved,No lexical entry yet.
שנאמנות,שנאמנות,1,0,60,,,,,,unresolved,No lexical entry yet.
שנאמנותו,שנאמנותו,1,0,60,,,,,,unresolved,No lexical entry yet.
שנאמר,שנאמר,18,65,60,,,,,,claims_below_safe_min60,No strict claim >=60%.
שנאנס,שנאנס,1,0,60,,,,,,unresolved,No lexical entry yet.
שנאנסה,שנאנסה,1,0,60,,,,,,unresolved,No lexical entry yet.
שנאנסו,שנאנסו,2,0,60,,,,,,unresolved,No lexical entry yet.
שנבאר,שנבאר,1,0,60,,,,,,unresolved,No lexical entry yet.
שנגנבו,שנגנבו,1,0,60,,,,,,unresolved,No lexical entry yet.
שנדרש,שנדרש,2,0,60,,,,,,unresolved,No lexical entry yet.
שנה,שנה,18,65,60,,,,,,claims_below_safe_min60,No strict claim >=60%.
שנהנה,שנהנה,4,0,60,,,,,,unresolved,No lexical entry yet.
שנהפכה,שנהפכה,3,0,60,,,,,,unresolved,No lexical entry yet.
שנו,שנו,2,0,60,,,,,,unresolved,No lexical entry yet.
שנוגע,שנוגע,1,65,60,,,,,,claims_below_safe_min60,No strict claim >=60%.
שנוהגין,שנוהגינ,1,0,60,,,,,,unresolved,No lexical entry yet.
שנוטל,שנוטל,4,0,60,,,,,,unresolved,No lexical entry yet.
שנוציא,שנוציא,1,0,60,,,,,,unresolved,No lexical entry yet.
שנותן,שנותנ,8,65,60,,,,,,claims_below_safe_min60,No strict claim >=60%.
שנותנים,שנותנימ,1,0,60,,,,,,unresolved,No lexical entry yet.
שנחזיר,שנחזיר,1,0,60,,,,,,unresolved,No lexical entry yet.
שנחלק,שנחלק,1,0,60,,,,,,unresolved,No lexical entry yet.
שנחלקו,שנחלקו,1,0,60,,,,,,unresolved,No lexical entry yet.
שנחקרה,שנחקרה,3,0,60,,,,,,unresolved,No lexical entry yet.
שנטל,שנטל,12,0,60,,,,,,unresolved,No lexical entry yet.
שנטלו,שנטלו,1,0,60,,,,,,unresolved,No lexical entry yet.
שנטעון,שנטעונ,1,0,60,,,,,,unresolved,No lexical entry yet.
שני,שני,50,65,60,,,,,,claims_below_safe_min60,No strict claim >=60%.
שניה,שניה,2,65,60,,,,,,claims_below_safe_min60,No strict claim >=60%.
שניהם,שניהמ,56,93,60,claim-c5fd481b0176f982,the number 2 | 2,Wikidata Lexeme,L492277,CC0,safe_claims_min60,
שנים,שנימ,62,65,60,,,,,,claims_below_safe_min60,No strict claim >=60%.
שנינו,שנינו,1,0,60,,,,,,unresolved,No lexical entry yet.
שנית,שנית,3,0,60,,,,,,unresolved,No lexical entry yet.
שניתן,שניתנ,1,0,60,,,,,,unresolved,No lexical entry yet.
שנכנס,שנכנס,11,0,60,,,,,,unresolved,No lexical entry yet.
שנכנסו,שנכנסו,2,0,60,,,,,,unresolved,No lexical entry yet.
שנכסיו,שנכסיו,1,0,60,,,,,,unresolved,No lexical entry yet.
שנכרת,שנכרת,2,0,60,,,,,,unresolved,No lexical entry yet.
שנכתב,שנכתב,2,0,60,,,,,,unresolved,No lexical entry yet.
שנמסר,שנמסר,5,0,60,,,,,,unresolved,No lexical entry yet.
שנמצא,שנמצא,2,65,60,,,,,,claims_below_safe_min60,No strict claim >=60%.
שנמצאו,שנמצאו,1,0,60,,,,,,unresolved,No lexical entry yet.
שנסתפק,שנסתפק,1,0,60,,,,,,unresolved,No lexical entry yet.
שנעלם,שנעלמ,1,0,60,,,,,,unresolved,No lexical entry yet.
שנעשה,שנעשה,1,95,60,claim-0df0d6b30ebd9df5,to do | make | in the broadest sense and widest application | accomplish | advance | appoint | apt | be at,OpenScriptures morphHB,H6213,CC BY 4.0,safe_claims_min60,
שנעשית,שנעשית,3,0,60,,,,,,unresolved,No lexical entry yet.
שנפחת,שנפחת,1,0,60,,,,,,unresolved,No lexical entry yet.
שנפחתה,שנפחתה,1,0,60,,,,,,unresolved,No lexical entry yet.
שנפטר,שנפטר,4,0,60,,,,,,unresolved,No lexical entry yet.
שנפטרת,שנפטרת,1,0,60,,,,,,unresolved,No lexical entry yet.
שנפרע,שנפרע,2,0,60,,,,,,unresolved,No lexical entry yet.
שנצריך,שנצריכ,3,0,60,,,,,,unresolved,No lexical entry yet.
שנראה,שנראה,5,0,60,,,,,,unresolved,No lexical entry yet.
שנשאר,שנשאר,1,65,60,,,,,,claims_below_safe_min60,No strict claim >=60%.
שנשבע,שנשבע,16,0,60,,,,,,unresolved,No lexical entry yet.
שנשבעין,שנשבעינ,4,0,60,,,,,,unresolved,No lexical entry yet.
שנתבאר,שנתבאר,5,0,60,,,,,,unresolved,No lexical entry yet.
שנתחדש,שנתחדש,2,0,60,,,,,,unresolved,No lexical entry yet.
שנתחייב,שנתחייב,9,0,60,,,,,,unresolved,No lexical entry yet.
שנתחייבתי,שנתחייבתי,1,0,60,,,,,,unresolved,No lexical entry yet.
שנתייקר,שנתייקר,5,0,60,,,,,,unresolved,No lexical entry yet.
שנתים,שנתימ,4,0,60,,,,,,unresolved,No lexical entry yet.
שנתמעטו,שנתמעטו,2,0,60,,,,,,unresolved,No lexical entry yet.
שנתן,שנתנ,17,93,60,claim-f97f04c4d56022b6,scale marking,Wikidata Lexeme,L82277,CC0,safe_claims_min60,
שנתנה,שנתנה,1,0,60,,,,,,unresolved,No lexical entry yet.
שנתנו,שנתנו,4,0,60,,,,,,unresolved,No lexical entry yet.
שנתפס,שנתפס,1,0,60,,,,,,unresolved,No lexical entry yet.
שנתפשר,שנתפשר,2,0,60,,,,,,unresolved,No lexical entry yet.
שנתפתתה,שנתפתתה,3,0,60,,,,,,unresolved,No lexical entry yet.
שס״ג,שס״ג,1,0,60,,,,,,unresolved,No lexical entry yet.
שסבור,שסבור,1,0,60,,,,,,unresolved,No lexical entry yet.
שסברא,שסברא,1,0,60,,,,,,unresolved,No lexical entry yet.
שסובר,שסובר,4,0,60,,,,,,unresolved,No lexical entry yet.
שסוברים,שסוברימ,4,0,60,,,,,,unresolved,No lexical entry yet.
שסיים,שסיימ,2,0,60,,,,,,unresolved,No lexical entry yet.
שסתם,שסתמ,1,0,60,,,,,,unresolved,No lexical entry yet.
שע״א,שע״א,4,0,60,,,,,,unresolved,No lexical entry yet.
שע״ז,שע״ז,1,0,60,,,,,,unresolved,No lexical entry yet.
שע״י,שע״י,8,99,60,claim-ce801aa83aa60ad4,that by | which through | by which,Project-authored abbreviation table,project-abbreviation:shin-ayin-yod,project-authored / CC0,safe_claims_min60,
שע״כ,שע״כ,1,95,60,claim-d0703d79145a0923 | claim-772a894cabd8dc78,that therefore | which therefore | who therefore | that therefore so | which therefore so | who therefore so | that on account of this | which on account of this | therefore | therefore so | on account of this,Project-authored abbreviation table,project-abbreviation:ayin-kaf,project-authored / CC0,safe_claims_min60,
שע״פ,שע״פ,3,95,60,claim-8b1bd8230fc2a03e | claim-a50fb06a631300a8,that according to | which according to | who according to | that based on | which based on | who based on | that by | which by | according to | based on | by,Project-authored abbreviation table,project-abbreviation:ayin-pe,project-authored / CC0,safe_claims_min60,
שעבד,שעבד,3,0,60,,,,,,unresolved,No lexical entry yet.
שעבוד,שעבוד,13,65,60,,,,,,claims_below_safe_min60,No strict claim >=60%.
שעבר,שעבר,1,0,60,,,,,,unresolved,No lexical entry yet.
שעברו,שעברו,1,65,60,,,,,,claims_below_safe_min60,No strict claim >=60%.
שעד,שעד,2,0,60,,,,,,unresolved,No lexical entry yet.
שעדיין,שעדיינ,2,0,60,,,,,,unresolved,No lexical entry yet.
שעה,שעה,2,65,60,,,,,,claims_below_safe_min60,No strict claim >=60%.
שעוד,שעוד,4,65,60,,,,,,claims_below_safe_min60,No strict claim >=60%.
שעומד,שעומד,3,0,60,,,,,,unresolved,No lexical entry yet.
שעורים,שעורימ,16,95,60,claim-4ea41c5e7fd06a27,barley (as villose) | barley.,OpenScriptures morphHB,H8184,CC BY 4.0,safe_claims_min60,
שעורין,שעורינ,3,0,60,,,,,,unresolved,No lexical entry yet.
שעושה,שעושה,1,65,60,,,,,,claims_below_safe_min60,No strict claim >=60%.
שעושים,שעושימ,1,0,60,,,,,,unresolved,No lexical entry yet.
שעיקר,שעיקר,3,0,60,,,,,,unresolved,No lexical entry yet.
שעיקרו,שעיקרו,1,0,60,,,,,,unresolved,No lexical entry yet.
שעכ״פ,שעכ״פ,2,0,60,,,,,,unresolved,No lexical entry yet.
שעכשיו,שעכשיו,1,0,60,,,,,,unresolved,No lexical entry yet.
שעל,שעל,8,65,60,,,,,,claims_below_safe_min60,No strict claim >=60%.
שעלה,שעלה,3,0,60,,,,,,unresolved,No lexical entry yet.
שעליה,שעליה,1,0,60,,,,,,unresolved,No lexical entry yet.
שעמד,שעמד,4,0,60,,,,,,unresolved,No lexical entry yet.
שעמדנו,שעמדנו,3,0,60,,,,,,unresolved,No lexical entry yet.
שענין,שענינ,1,0,60,,,,,,unresolved,No lexical entry yet.
שעפ״י,שעפ״י,1,0,60,,,,,,unresolved,No lexical entry yet.
שעקר,שעקר,1,0,60,,,,,,unresolved,No lexical entry yet.
שער,שער,3,93,60,claim-6a6cec0fa1717dc0,hair,Wikidata Lexeme,L68348,CC0,safe_claims_min60,
שערער,שערער,1,0,60,,,,,,unresolved,No lexical entry yet.
שעשאה,שעשאה,3,0,60,,,,,,unresolved,No lexical entry yet.
שעשה,שעשה,3,65,60,,,,,,claims_below_safe_min60,No strict claim >=60%.
שעשו,שעשו,1,0,60,,,,,,unresolved,No lexical entry yet.
שעשיתי,שעשיתי,1,0,60,,,,,,unresolved,No lexical entry yet.
שעתה,שעתה,2,0,60,,,,,,unresolved,No lexical entry yet.
שפדו,שפדו,1,0,60,,,,,,unresolved,No lexical entry yet.
שפוטר,שפוטר,2,0,60,,,,,,unresolved,No lexical entry yet.
שפוטרו,שפוטרו,1,0,60,,,,,,unresolved,No lexical entry yet.
שפוטרת,שפוטרת,1,0,60,,,,,,unresolved,No lexical entry yet.
שפחה,שפחה,2,0,60,,,,,,unresolved,No lexical entry yet.
שפטור,שפטור,2,0,60,,,,,,unresolved,No lexical entry yet.
שפטרתו,שפטרתו,1,0,60,,,,,,unresolved,No lexical entry yet.
שפיר,שפיר,73,0,60,,,,,,unresolved,No lexical entry yet.
שפירש,שפירש,7,0,60,,,,,,unresolved,No lexical entry yet.
"שפירש""","שפירש""",1,0,60,,,,,,unresolved,No lexical entry yet.
שפירש״י,שפירש״י,3,0,60,,,,,,unresolved,No lexical entry yet.
שפירשה,שפירשה,1,0,60,,,,,,unresolved,No lexical entry yet.
שפלוני,שפלוני,3,0,60,,,,,,unresolved,No lexical entry yet.
שפלניא,שפלניא,1,0,60,,,,,,unresolved,No lexical entry yet.
שפסק,שפסק,3,0,60,,,,,,unresolved,No lexical entry yet.
שפסקו,שפסקו,2,0,60,,,,,,unresolved,No lexical entry yet.
שפקדון,שפקדונ,1,0,60,,,,,,unresolved,No lexical entry yet.
שפרנסו,שפרנסו,1,0,60,,,,,,unresolved,No lexical entry yet.
שפרע,שפרע,21,0,60,,,,,,unresolved,No lexical entry yet.
שפרעו,שפרעו,8,0,60,,,,,,unresolved,No lexical entry yet.
שפרעת,שפרעת,2,0,60,,,,,,unresolved,No lexical entry yet.
שפרעתי,שפרעתי,2,0,60,,,,,,unresolved,No lexical entry yet.
שפשוט,שפשוט,1,0,60,,,,,,unresolved,No lexical entry yet.
שפשע,שפשע,3,0,60,,,,,,unresolved,No lexical entry yet.
שציין,שציינ,1,0,60,,,,,,unresolved,No lexical entry yet.
שצריך,שצריכ,24,65,60,,,,,,claims_below_safe_min60,No strict claim >=60%.
שק,שק,1,0,60,,,,,,unresolved,No lexical entry yet.
שקבל,שקבל,2,0,60,,,,,,unresolved,No lexical entry yet.
שקבלו,שקבלו,1,0,60,,,,,,unresolved,No lexical entry yet.
שקבע,שקבע,1,0,60,,,,,,unresolved,No lexical entry yet.
שקבעת,שקבעת,1,0,60,,,,,,unresolved,No lexical entry yet.
שקדמה,שקדמה,1,65,60,,,,,,claims_below_safe_min60,No strict claim >=60%.
שקונה,שקונה,1,0,60,,,,,,unresolved,No lexical entry yet.
שקיים,שקיימ,1,0,60,,,,,,unresolved,No lexical entry yet.
שקינא,שקינא,4,0,60,,,,,,unresolved,No lexical entry yet.
שקלי,שקלי,1,0,60,,,,,,unresolved,No lexical entry yet.
שקליה,שקליה,1,0,60,,,,,,unresolved,No lexical entry yet.
שקלקלה,שקלקלה,1,0,60,,,,,,unresolved,No lexical entry yet.
שקנאה,שקנאה,2,0,60,,,,,,unresolved,No lexical entry yet.
שקנאו,שקנאו,1,0,60,,,,,,unresolved,No lexical entry yet.
שקנאם,שקנאמ,2,0,60,,,,,,unresolved,No lexical entry yet.
שקנה,שקנה,7,0,60,,,,,,unresolved,No lexical entry yet.
שקנו,שקנו,2,0,60,,,,,,unresolved,No lexical entry yet.
שקר,שקר,13,65,60,,,,,,claims_below_safe_min60,No strict claim >=60%.
שקרוב,שקרוב,1,0,60,,,,,,unresolved,No lexical entry yet.
שקרי,שקרי,1,0,60,,,,,,unresolved,No lexical entry yet.
שקרן,שקרנ,1,65,60,,,,,,claims_below_safe_min60,No strict claim >=60%.
שקרקע,שקרקע,3,0,60,,,,,,unresolved,No lexical entry yet.
שקשה,שקשה,5,65,60,,,,,,claims_below_safe_min60,No strict claim >=60%.
שראה,שראה,7,0,60,,,,,,unresolved,No lexical entry yet.
שראו,שראו,4,0,60,,,,,,unresolved,No lexical entry yet.
שראובן,שראובנ,6,0,60,,,,,,unresolved,No lexical entry yet.
שראיתי,שראיתי,2,0,60,,,,,,unresolved,No lexical entry yet.
שרגילים,שרגילימ,1,0,60,,,,,,unresolved,No lexical entry yet.
שרוצה,שרוצה,2,0,60,,,,,,unresolved,No lexical entry yet.
שרחל,שרחל,2,0,60,,,,,,unresolved,No lexical entry yet.
שרי,שרי,2,65,60,,,,,,claims_below_safe_min60,No strict claim >=60%.
שרפו,שרפו,1,0,60,,,,,,unresolved,No lexical entry yet.
שרצה,שרצה,2,0,60,,,,,,unresolved,No lexical entry yet.
שרצונו,שרצונו,1,0,60,,,,,,unresolved,No lexical entry yet.
שרש,שרש,1,0,60,,,,,,unresolved,No lexical entry yet.
שרשאים,שרשאימ,1,0,60,,,,,,unresolved,No lexical entry yet.
שרשום,שרשומ,3,0,60,,,,,,unresolved,No lexical entry yet.
שרשים,שרשימ,1,0,60,,,,,,unresolved,No lexical entry yet.
ששאלם,ששאלמ,1,0,60,,,,,,unresolved,No lexical entry yet.
ששבועה,ששבועה,1,0,60,,,,,,unresolved,No lexical entry yet.
ששבועת,ששבועת,1,0,60,,,,,,unresolved,No lexical entry yet.
ששבר,ששבר,3,0,60,,,,,,unresolved,No lexical entry yet.
ששואלים,ששואלימ,1,0,60,,,,,,unresolved,No lexical entry yet.
ששואלין,ששואלינ,11,0,60,,,,,,unresolved,No lexical entry yet.
ששוה,ששוה,3,0,60,,,,,,unresolved,No lexical entry yet.
ששטר,ששטר,1,0,60,,,,,,unresolved,No lexical entry yet.
ששיטות,ששיטות,1,77,60,claim-7eb524de5e2a0bd5,that system | which system | who system | that method | which method | who method,Wiktionary via Kaikki,kaikki-ae26e231f472,CC BY-SA 4.0 / GFDL,safe_claims_min60,
ששייך,ששייכ,1,0,60,,,,,,unresolved,No lexical entry yet.
ששכורה,ששכורה,1,0,60,,,,,,unresolved,No lexical entry yet.
ששכח,ששכח,2,0,60,,,,,,unresolved,No lexical entry yet.
ששכר,ששכר,2,0,60,,,,,,unresolved,No lexical entry yet.
ששכרה,ששכרה,1,0,60,,,,,,unresolved,No lexical entry yet.
ששכרו,ששכרו,2,0,60,,,,,,unresolved,No lexical entry yet.
ששכרן,ששכרנ,1,0,60,,,,,,unresolved,No lexical entry yet.
ששלו,ששלו,1,0,60,,,,,,unresolved,No lexical entry yet.
ששלש,ששלש,1,0,60,,,,,,unresolved,No lexical entry yet.
ששם,ששמ,1,95,60,claim-ffbcf403fc798843,there (transferring to time) then | often thither | thence | in it | there (-in | of | out) | thither,OpenScriptures HebrewLexicon,H8033,CC BY 4.0,safe_claims_min60,
ששמין,ששמינ,2,0,60,,,,,,unresolved,No lexical entry yet.
ששמעו,ששמעו,2,0,60,,,,,,unresolved,No lexical entry yet.
ששמעון,ששמעונ,1,0,60,,,,,,unresolved,No lexical entry yet.
ששנאו,ששנאו,2,0,60,,,,,,unresolved,No lexical entry yet.
ששנאן,ששנאנ,1,0,60,,,,,,unresolved,No lexical entry yet.
ששניהם,ששניהמ,6,0,60,,,,,,unresolved,No lexical entry yet.
ששנים,ששנימ,27,0,60,,,,,,unresolved,No lexical entry yet.
ששנינו,ששנינו,1,0,60,,,,,,unresolved,No lexical entry yet.
ששפדו,ששפדו,1,0,60,,,,,,unresolved,No lexical entry yet.
שתביעת,שתביעת,3,0,60,,,,,,unresolved,No lexical entry yet.
שתביעתו,שתביעתו,2,0,60,,,,,,unresolved,No lexical entry yet.
שתבע,שתבע,4,0,60,,,,,,unresolved,No lexical entry yet.
שתבעו,שתבעו,4,0,60,,,,,,unresolved,No lexical entry yet.
שתבעוהו,שתבעוהו,1,0,60,,,,,,unresolved,No lexical entry yet.
שתהא,שתהא,3,0,60,,,,,,unresolved,No lexical entry yet.
שתהי׳,שתהי׳,5,0,60,,,,,,unresolved,No lexical entry yet.
שתהיה,שתהיה,1,95,60,claim-0c2fb56957476647,to exist | i.e. be | become | come to pass (always emphatic | and not a mere copula | auxiliary) | beacon | × altogether,OpenScriptures morphHB,H1961,CC BY 4.0,safe_claims_min60,
שתובע,שתובע,10,0,60,,,,,,unresolved,No lexical entry yet.
שתובעו,שתובעו,1,0,60,,,,,,unresolved,No lexical entry yet.
שתובעת,שתובעת,1,0,60,,,,,,unresolved,No lexical entry yet.
שתולה,שתולה,1,0,60,,,,,,unresolved,No lexical entry yet.
שתופס,שתופס,3,0,60,,,,,,unresolved,No lexical entry yet.
שתוקדם,שתוקדמ,1,0,60,,,,,,unresolved,No lexical entry yet.
שתוקפין,שתוקפינ,1,0,60,,,,,,unresolved,No lexical entry yet.
שתח״י,שתח״י,1,0,60,,,,,,unresolved,No lexical entry yet.
שתחלת,שתחלת,1,0,60,,,,,,unresolved,No lexical entry yet.
שתחת,שתחת,11,0,60,,,,,,unresolved,No lexical entry yet.
שתי,שתי,32,65,60,,,,,,claims_below_safe_min60,No strict claim >=60%.
שתי׳,שתי׳,2,0,60,,,,,,unresolved,No lexical entry yet.
שתים,שתימ,15,65,60,,,,,,claims_below_safe_min60,No strict claim >=60%.
שתיקה,שתיקה,1,0,60,,,,,,unresolved,No lexical entry yet.
שתיקנו,שתיקנו,5,0,60,,,,,,unresolved,No lexical entry yet.
שתלשה,שתלשה,1,0,60,,,,,,unresolved,No lexical entry yet.
שתמה,שתמה,3,0,60,,,,,,unresolved,No lexical entry yet.
שתמהו,שתמהו,1,0,60,,,,,,unresolved,No lexical entry yet.
שתמהתי,שתמהתי,1,0,60,,,,,,unresolved,No lexical entry yet.
שתעמוד,שתעמוד,1,0,60,,,,,,unresolved,No lexical entry yet.
שתפוס,שתפוס,4,0,60,,,,,,unresolved,No lexical entry yet.
שתפס,שתפס,4,0,60,,,,,,unresolved,No lexical entry yet.
שתפסו,שתפסו,1,0,60,,,,,,unresolved,No lexical entry yet.
שתצא,שתצא,1,65,60,,,,,,claims_below_safe_min60,No strict claim >=60%.
שתק,שתק,1,0,60,,,,,,unresolved,No lexical entry yet.
"שתק""","שתק""",1,0,60,,,,,,unresolved,No lexical entry yet.
שתקנו,שתקנו,2,0,60,,,,,,unresolved,No lexical entry yet.
שתקרא,שתקרא,1,0,60,,,,,,unresolved,No lexical entry yet.
שתשאר,שתשאר,1,95,60,claim-e50453c7038246fa,properly | to swell up | i.e. be (causatively | make ) redundant | leave | (be) left | let | remain,OpenScriptures HebrewLexicon,H7604,CC BY 4.0,safe_claims_min60,
שתשיב,שתשיב,2,0,60,,,,,,unresolved,No lexical entry yet.
שתשתמט,שתשתמט,1,0,60,,,,,,unresolved,No lexical entry yet.
שתתקיים,שתתקיימ,2,0,60,,,,,,unresolved,No lexical entry yet.
ת״ו,ת״ו,2,0,60,,,,,,unresolved,No lexical entry yet.
ת״ח,ת״ח,1,0,60,,,,,,unresolved,No lexical entry yet.
ת״ק,ת״ק,2,0,60,,,,,,unresolved,No lexical entry yet.
תאמר,תאמר,7,93,60,claim-b466e54df6a2e08f,to communicate something by speech; to say,Wikidata Lexeme,L205030,CC0,safe_claims_min60,
תאנה,תאנה,6,0,60,,,,,,unresolved,No lexical entry yet.
תאנים,תאנימ,2,0,60,,,,,,unresolved,No lexical entry yet.
תבוא,תבוא,2,65,60,,,,,,claims_below_safe_min60,No strict claim >=60%.
תביא,תביא,1,65,60,,,,,,claims_below_safe_min60,No strict claim >=60%.
תביעה,תביעה,20,0,60,,,,,,unresolved,No lexical entry yet.
תביעת,תביעת,12,0,60,,,,,,unresolved,No lexical entry yet.
תביעתו,תביעתו,9,0,60,,,,,,unresolved,No lexical entry yet.
תבע,תבע,7,0,60,,,,,,unresolved,No lexical entry yet.
תבעו,תבעו,6,0,60,,,,,,unresolved,No lexical entry yet.
תהוי,תהוי,1,0,60,,,,,,unresolved,No lexical entry yet.
תהי׳,תהי׳,8,0,60,,,,,,unresolved,No lexical entry yet.
תהפוך,תהפוכ,2,0,60,,,,,,unresolved,No lexical entry yet.
תהפך,תהפכ,2,95,60,claim-006678b7601deeae,to turn about | over | by implication | to change | overturn | return | pervert | × become,OpenScriptures HebrewLexicon,H2015,CC BY 4.0,safe_claims_min60,
תו״ז,תו״ז,1,0,60,,,,,,unresolved,No lexical entry yet.
תובע,תובע,31,0,60,,,,,,unresolved,No lexical entry yet.
תובעו,תובעו,5,0,60,,,,,,unresolved,No lexical entry yet.
תובעים,תובעימ,3,0,60,,,,,,unresolved,No lexical entry yet.
תובעין,תובעינ,1,0,60,,,,,,unresolved,No lexical entry yet.
תובעת,תובעת,4,0,60,,,,,,unresolved,No lexical entry yet.
תוך,תוכ,8,65,60,,,,,,claims_below_safe_min60,No strict claim >=60%.
תוכל,תוכל,1,65,60,,,,,,claims_below_safe_min60,No strict claim >=60%.
תולה,תולה,2,0,60,,,,,,unresolved,No lexical entry yet.
תולשם,תולשמ,1,0,60,,,,,,unresolved,No lexical entry yet.
תוס׳,תוס׳,2,99,60,claim-6a3cf83a03fabb8f,Tosafot,Project-authored abbreviation table,project-abbreviation:tosafot,project-authored / CC0,safe_claims_min60,
תוספתא,תוספתא,1,0,60,,,,,,unresolved,No lexical entry yet.
תועיל,תועיל,2,0,60,,,,,,unresolved,No lexical entry yet.
תופס,תופס,16,0,60,,,,,,unresolved,No lexical entry yet.
תופסים,תופסימ,3,0,60,,,,,,unresolved,No lexical entry yet.
תופסין,תופסינ,3,0,60,,,,,,unresolved,No lexical entry yet.
תורא,תורא,1,0,60,,,,,,unresolved,No lexical entry yet.
תורה,תורה,29,93,60,claim-dc80f5e51031619f,Torah,Wikidata Lexeme,L68591,CC0,safe_claims_min60,
תח״י,תח״י,1,0,60,,,,,,unresolved,No lexical entry yet.
תחזור,תחזור,2,52,60,,,,,,claims_below_safe_min60,No strict claim >=60%.
תחילת,תחילת,1,0,60,,,,,,unresolved,No lexical entry yet.
תחלה,תחלה,11,0,60,,,,,,unresolved,No lexical entry yet.
תחלת,תחלת,5,0,60,,,,,,unresolved,No lexical entry yet.
תחמוד,תחמוד,1,0,60,,,,,,unresolved,No lexical entry yet.
תחפוץ,תחפוצ,1,52,60,,,,,,claims_below_safe_min60,No strict claim >=60%.
תחת,תחת,11,65,60,,,,,,claims_below_safe_min60,No strict claim >=60%.
תטול,תטול,1,0,60,,,,,,unresolved,No lexical entry yet.
תי׳,תי׳,6,0,60,,,,,,unresolved,No lexical entry yet.
תיובתא,תיובתא,1,0,60,,,,,,unresolved,No lexical entry yet.
תיכף,תיכפ,4,93,60,claim-584144a36f3cc1a0,immediately,Wikidata Lexeme,L492075,CC0,safe_claims_min60,
תימה,תימה,11,0,60,,,,,,unresolved,No lexical entry yet.
תיפוק,תיפוק,2,0,60,,,,,,unresolved,No lexical entry yet.
תיקום,תיקומ,1,0,60,,,,,,unresolved,No lexical entry yet.
תיקון,תיקונ,2,0,60,,,,,,unresolved,No lexical entry yet.
תיקנו,תיקנו,26,0,60,,,,,,unresolved,No lexical entry yet.
תירוצא,תירוצא,2,0,60,,,,,,unresolved,No lexical entry yet.
תירוצו,תירוצו,1,0,60,,,,,,unresolved,No lexical entry yet.
תירוצים,תירוצימ,1,0,60,,,,,,unresolved,No lexical entry yet.
תירץ,תירצ,2,0,60,,,,,,unresolved,No lexical entry yet.
תירצו,תירצו,1,0,60,,,,,,unresolved,No lexical entry yet.
תיתי,תיתי,4,0,60,,,,,,unresolved,No lexical entry yet.
תלוי,תלוי,15,65,60,,,,,,claims_below_safe_min60,No strict claim >=60%.
תלויים,תלויימ,1,0,60,,,,,,unresolved,No lexical entry yet.
תליא,תליא,5,0,60,,,,,,unresolved,No lexical entry yet.
תלם,תלמ,2,0,60,,,,,,unresolved,No lexical entry yet.
תלמידו,תלמידו,1,0,60,,,,,,unresolved,No lexical entry yet.
תלמידי,תלמידי,2,0,60,,,,,,unresolved,No lexical entry yet.
תלש,תלש,1,0,60,,,,,,unresolved,No lexical entry yet.
תלשה,תלשה,1,0,60,,,,,,unresolved,No lexical entry yet.
תלת,תלת,1,0,60,,,,,,unresolved,No lexical entry yet.
תם,תמ,3,65,60,,,,,,claims_below_safe_min60,No strict claim >=60%.
תמה,תמה,9,65,60,,,,,,claims_below_safe_min60,No strict claim >=60%.
תמהתי,תמהתי,1,0,60,,,,,,unresolved,No lexical entry yet.
תמוה,תמוה,2,0,60,,,,,,unresolved,No lexical entry yet.
תמוהים,תמוהימ,6,0,60,,,,,,unresolved,No lexical entry yet.
תמוהין,תמוהינ,1,0,60,,,,,,unresolved,No lexical entry yet.
תמיד,תמיד,8,65,60,,,,,,claims_below_safe_min60,No strict claim >=60%.
תמיה,תמיה,1,0,60,,,,,,unresolved,No lexical entry yet.
תמיהני,תמיהני,1,0,60,,,,,,unresolved,No lexical entry yet.
תמים,תמימ,1,65,60,,,,,,claims_below_safe_min60,No strict claim >=60%.
תמין,תמינ,1,0,60,,,,,,unresolved,No lexical entry yet.
תמצית,תמצית,1,0,60,,,,,,unresolved,No lexical entry yet.
תן,תנ,2,0,60,,,,,,unresolved,No lexical entry yet.
תנא,תנא,2,0,60,,,,,,unresolved,No lexical entry yet.
תנאי,תנאי,2,93,60,claim-0e9647f02649c8fa,(pre)condition | precondition,Wikidata Lexeme,L68680,CC0,safe_claims_min60,
תנאים,תנאימ,1,93,60,claim-0e9647f02649c8fa,(pre)condition | precondition,Wikidata Lexeme,L68680,CC0,safe_claims_min60,
תנו,תנו,4,65,60,,,,,,claims_below_safe_min60,No strict claim >=60%.
תני,תני,3,0,60,,,,,,unresolved,No lexical entry yet.
תניא,תניא,12,0,60,,,,,,unresolved,No lexical entry yet.
תנן,תננ,11,0,60,,,,,,unresolved,No lexical entry yet.
תעלה,תעלה,1,65,60,,,,,,claims_below_safe_min60,No strict claim >=60%.
תפוס,תפוס,1,0,60,,,,,,unresolved,No lexical entry yet.
תפוסים,תפוסימ,1,0,60,,,,,,unresolved,No lexical entry yet.
תפוסין,תפוסינ,1,0,60,,,,,,unresolved,No lexical entry yet.
תפטרנו,תפטרנו,1,0,60,,,,,,unresolved,No lexical entry yet.
תפיס,תפיס,1,0,60,,,,,,unresolved,No lexical entry yet.
תפיסה,תפיסה,6,0,60,,,,,,unresolved,No lexical entry yet.
תפיסו,תפיסו,1,0,60,,,,,,unresolved,No lexical entry yet.
תפיסנא,תפיסנא,1,0,60,,,,,,unresolved,No lexical entry yet.
תפיסת,תפיסת,1,0,60,,,,,,unresolved,No lexical entry yet.
תפיסתו,תפיסתו,1,0,60,,,,,,unresolved,No lexical entry yet.
תפס,תפס,11,0,60,,,,,,unresolved,No lexical entry yet.
תפסה,תפסה,3,0,60,,,,,,unresolved,No lexical entry yet.
תפסו,תפסו,8,0,60,,,,,,unresolved,No lexical entry yet.
תפסוה,תפסוה,4,0,60,,,,,,unresolved,No lexical entry yet.
תפסי׳,תפסי׳,1,0,60,,,,,,unresolved,No lexical entry yet.
תפסיה,תפסיה,4,0,60,,,,,,unresolved,No lexical entry yet.
תפסינן,תפסיננ,2,0,60,,,,,,unresolved,No lexical entry yet.
תפסן,תפסנ,3,0,60,,,,,,unresolved,No lexical entry yet.
תפסנא,תפסנא,1,0,60,,,,,,unresolved,No lexical entry yet.
תפסתי׳,תפסתי׳,1,0,60,,,,,,unresolved,No lexical entry yet.
תפסתיה,תפסתיה,1,0,60,,,,,,unresolved,No lexical entry yet.
תפרע,תפרע,2,0,60,,,,,,unresolved,No lexical entry yet.
תפשם,תפשמ,1,0,60,,,,,,unresolved,No lexical entry yet.
תצא,תצא,1,65,60,,,,,,claims_below_safe_min60,No strict claim >=60%.
תקיפה,תקיפה,2,65,60,,,,,,claims_below_safe_min60,No strict claim >=60%.
תקנה,תקנה,10,65,60,,,,,,claims_below_safe_min60,No strict claim >=60%.
תקנו,תקנו,2,0,60,,,,,,unresolved,No lexical entry yet.
תקנת,תקנת,5,0,60,,,,,,unresolved,No lexical entry yet.
תקנתא,תקנתא,1,0,60,,,,,,unresolved,No lexical entry yet.
תקנתם,תקנתמ,1,0,60,,,,,,unresolved,No lexical entry yet.
תראה,תראה,1,65,60,,,,,,claims_below_safe_min60,No strict claim >=60%.
תרווייהו,תרווייהו,2,0,60,,,,,,unresolved,No lexical entry yet.
תרוייהו,תרוייהו,1,0,60,,,,,,unresolved,No lexical entry yet.
תרי,תרי,5,0,60,,,,,,unresolved,No lexical entry yet.
תרצ״ה,תרצ״ה,1,0,60,,,,,,unresolved,No lexical entry yet.
תרתי,תרתי,2,0,60,,,,,,unresolved,No lexical entry yet.
תשאר,תשאר,1,95,60,claim-e50453c7038246fa,properly | to swell up | i.e. be (causatively | make ) redundant | leave | (be) left | let | remain,OpenScriptures HebrewLexicon,H7604,CC BY 4.0,safe_claims_min60,
תשבע,תשבע,4,65,60,,,,,,claims_below_safe_min60,No strict claim >=60%.
תשובה,תשובה,8,93,60,claim-95c2b2b0d4014229,Repentance in Judaism | answer | reply,Wikidata Lexeme,L68762,CC0,safe_claims_min60,
תשובות,תשובות,2,0,60,,,,,,unresolved,No lexical entry yet.
תשובת,תשובת,2,93,60,claim-95c2b2b0d4014229,Repentance in Judaism | answer | reply,Wikidata Lexeme,L68762,CC0,safe_claims_min60,
תשובתו,תשובתו,1,0,60,,,,,,unresolved,No lexical entry yet.
תשלומי,תשלומי,2,0,60,,,,,,unresolved,No lexical entry yet.
תשלומין,תשלומינ,9,0,60,,,,,,unresolved,No lexical entry yet.
תתחייב,תתחייב,1,0,60,,,,,,unresolved,No lexical entry yet.
תתן,תתנ,1,95,60,claim-6726506cb6a027e6,to give | used with greatest latitude of application ( put | make | etc.) | add | apply | appoint | ascribe,OpenScriptures morphHB,H5414,CC BY 4.0,safe_claims_min60,
תתק״פ,תתק״פ,1,0,60,,,,,,unresolved,No lexical entry yet.
