clicked_surface_form,normalized_form,occurrence_count,best_confidence_any_claim,safe_min_confidence,safe_claim_ids,safe_rendering_options,safe_source_names,safe_source_ids,safe_licenses,export_status,notes
אֲבוֹתֵינוּ,אבותינו,1,95,60,claim-3ca6aa3292ae353f,father | in a literal and immediate | figurative and remote application | chief | (fore-) father(-less) | × patrimony | principal. Compare names in 'Abi-'.,OpenScriptures morphHB,H1,CC BY 4.0,safe_claims_min60,
אֶבְיוֹנִים,אביונימ,1,95,60,claim-02667ffaf814ffdd,destitute | beggar | needy | poor (man).,OpenScriptures morphHB,H34,CC BY 4.0,safe_claims_min60,
אֲבָל,אבל,12,65,60,,,,,,claims_below_safe_min60,No strict claim >=60%.
אִגֶּרֶת,אגרת,1,0,60,,,,,,unresolved,No lexical entry yet.
אָדָם,אדמ,9,65,60,,,,,,claims_below_safe_min60,No strict claim >=60%.
אָהַבְתִּי,אהבתי,2,65,60,,,,,,claims_below_safe_min60,No strict claim >=60%.
אַהֲרֹן,אהרנ,1,95,60,claim-3611a24c0a925bc6,Aharon | the brother of Moses | Aaron.,OpenScriptures morphHB,H175,CC BY 4.0,safe_claims_min60,
אוֹ,או,32,99,60,claim-5b593ec441dbbbb7,or,Project-authored function word table,project-function-word:o-or,project-authored / CC0,safe_claims_min60,
אוֹדְךָ,אודכ,1,0,60,,,,,,unresolved,No lexical entry yet.
אוֹיְבֵיהֶם,אויביהמ,1,0,60,,,,,,unresolved,No lexical entry yet.
אוֹמֵר,אומר,6,65,60,,,,,,claims_below_safe_min60,No strict claim >=60%.
אוֹמְרִים,אומרימ,1,93,60,claim-b466e54df6a2e08f,to communicate something by speech; to say,Wikidata Lexeme,L205030,CC0,safe_claims_min60,
אוֹמְרִין,אומרינ,2,0,60,,,,,,unresolved,No lexical entry yet.
אוֹרֵחַ,אורח,1,93,60,claim-e4913294e9dcac47,"guest, someone who is offered hospitability | guest",Wikidata Lexeme,L63819,CC0,safe_claims_min60,
אוֹתָהּ,אותה,10,93,60,claim-56ef2fb2d93b84f0,(indicates a semantically definite direct object),Wikidata Lexeme,L1555922,CC0,safe_claims_min60,
אוֹתוֹ,אותו,1,93,60,claim-56ef2fb2d93b84f0,(indicates a semantically definite direct object),Wikidata Lexeme,L1555922,CC0,safe_claims_min60,
אוֹתִיּוֹת,אותיות,2,93,60,claim-b141c1fb201d794e,"letter, grapheme in an alphabetic system of writing | letter",Wikidata Lexeme,L63830,CC0,safe_claims_min60,
אוֹתָם,אותמ,2,93,60,claim-56ef2fb2d93b84f0,(indicates a semantically definite direct object),Wikidata Lexeme,L1555922,CC0,safe_claims_min60,
אֶחָד,אחד,17,65,60,,,,,,claims_below_safe_min60,No strict claim >=60%.
אָחַז,אחז,1,0,60,,,,,,unresolved,No lexical entry yet.
אַחֵר,אחר,5,65,60,,,,,,claims_below_safe_min60,No strict claim >=60%.
אַחַר,אחר,4,65,60,,,,,,claims_below_safe_min60,No strict claim >=60%.
אַחֲרֶיהָ,אחריה,1,93,60,claim-24dc8a442fe052eb,after,Wikidata Lexeme,L491805,CC0,safe_claims_min60,
אַחֲרֵיהֶם,אחריהמ,1,0,60,,,,,,unresolved,No lexical entry yet.
אַחֲרָיו,אחריו,2,93,60,claim-24dc8a442fe052eb,after,Wikidata Lexeme,L491805,CC0,safe_claims_min60,
אַחֶרֶת,אחרת,3,0,60,,,,,,unresolved,No lexical entry yet.
אַחַת,אחת,6,93,60,claim-1a906f4f928dd931,the number 1 | 1,Wikidata Lexeme,L491804,CC0,safe_claims_min60,
אֹיְבֵי,איבי,1,0,60,,,,,,unresolved,No lexical entry yet.
אֵיזֶהוּ,איזהו,1,0,60,,,,,,unresolved,No lexical entry yet.
אֵין,אינ,19,99,60,claim-353f3d2a4515cd6e,there is not | is not | without,Project-authored function word table,project-function-word:ein,project-authored / CC0,safe_claims_min60,
אֵינָהּ,אינה,2,0,60,,,,,,unresolved,No lexical entry yet.
אֵינוֹ,אינו,6,0,60,,,,,,unresolved,No lexical entry yet.
אִישׁ,איש,3,65,60,,,,,,claims_below_safe_min60,No strict claim >=60%.
אֳכָלִין,אכלינ,2,0,60,,,,,,unresolved,No lexical entry yet.
אֶלָּא,אלא,25,65,60,,,,,,claims_below_safe_min60,No strict claim >=60%.
אֱלֹהֵי,אלהי,1,65,60,,,,,,claims_below_safe_min60,No strict claim >=60%.
אֱלֹהֵינוּ,אלהינו,1,95,60,claim-fc47faf252b48310,gods in the ordinary sense | but specifically used (in the plural thus | especially with the article) of the supreme God | occasionally applied by way of deference to magistrates | and sometimes as a superlative | angels | × exceeding | God (gods) (-dess,OpenScriptures morphHB,H430,CC BY 4.0,safe_claims_min60,
אֵלּוּ,אלו,4,93,60,claim-9f62584c83e09ff3,this/that | demonstrative pronoun,Wikidata Lexeme,L492094,CC0,safe_claims_min60,
אַלְפַּיִם,אלפימ,1,65,60,,,,,,claims_below_safe_min60,No strict claim >=60%.
אֱלֹקֵינוּ,אלקינו,5,0,60,,,,,,unresolved,No lexical entry yet.
אִם,אמ,17,99,60,claim-1bc657aa7254fe12,if | whether,Project-authored function word table,project-function-word:im,project-authored / CC0,safe_claims_min60,
אַמָּה,אמה,2,93,60,claim-ad449a993b3efb58,"middle finger, finger | middle finger | forearm",Wikidata Lexeme,L63984,CC0,safe_claims_min60,
אֲמוּרִים,אמורימ,2,0,60,,,,,,unresolved,No lexical entry yet.
אַמּוֹת,אמות,1,0,60,,,,,,unresolved,No lexical entry yet.
אָמְרוּ,אמרו,1,93,60,claim-b466e54df6a2e08f,to communicate something by speech; to say,Wikidata Lexeme,L205030,CC0,safe_claims_min60,
אָנָּא,אנא,4,0,60,,,,,,unresolved,No lexical entry yet.
אַנְשֵׁי,אנשי,7,93,60,claim-596bc8cfde01bcca,"person, human, man | man",Wikidata Lexeme,L63920,CC0,safe_claims_min60,
אֲנָשִׁים,אנשימ,2,65,60,,,,,,claims_below_safe_min60,No strict claim >=60%.
אָסוּר,אסור,1,0,60,,,,,,unresolved,No lexical entry yet.
אֲסוּרִין,אסורינ,3,0,60,,,,,,unresolved,No lexical entry yet.
אסתר,אסתר,5,0,60,,,,,,unresolved,No lexical entry yet.
אֶסְתֵּר,אסתר,1,0,60,,,,,,unresolved,No lexical entry yet.
אַף,אפ,11,65,60,,,,,,claims_below_safe_min60,No strict claim >=60%.
אֶפִּיקוֹרוֹס,אפיקורוס,1,0,60,,,,,,unresolved,No lexical entry yet.
אֲפִלּוּ,אפלו,5,52,60,,,,,,claims_below_safe_min60,No strict claim >=60%.
אֵצֶל,אצל,1,93,60,claim-2c112c209b75d5c2,at/near (e.g. in someone's home/office),Wikidata Lexeme,L491836,CC0,safe_claims_min60,
אֶקְרָא,אקרא,1,0,60,,,,,,unresolved,No lexical entry yet.
אַרְבַּע,ארבע,1,93,60,claim-09471d28150beeb1,the number 4 | 4,Wikidata Lexeme,L491842,CC0,safe_claims_min60,
אַרְבָּעָה,ארבעה,2,0,60,,,,,,unresolved,No lexical entry yet.
אֲרָמִית,ארמית,1,0,60,,,,,,unresolved,No lexical entry yet.
אִשָּׁה,אשה,1,65,60,,,,,,claims_below_safe_min60,No strict claim >=60%.
אָשִׁיב,אשיב,1,0,60,,,,,,unresolved,No lexical entry yet.
אֲשֶׁר,אשר,5,99,60,claim-417c393ef81474d8,that | which | who,Project-authored function word table,project-function-word:asher,project-authored / CC0,safe_claims_min60,
אֶת,את,33,99,60,claim-2993a3e12ef702c9,direct-object marker | with,Project-authored function word table,project-function-word:et,project-authored / CC0,safe_claims_min60,
אַתָּה,אתה,9,65,60,,,,,,claims_below_safe_min60,No strict claim >=60%.
בַּאֲדָר,באדר,3,0,60,,,,,,unresolved,No lexical entry yet.
בָּאֲדָר,באדר,1,0,60,,,,,,unresolved,No lexical entry yet.
בְּאוֹתָהּ,באותה,1,65,60,,,,,,claims_below_safe_min60,No strict claim >=60%.
בְּאוֹתוֹ,באותו,1,65,60,,,,,,claims_below_safe_min60,No strict claim >=60%.
בְּאוֹתָן,באותנ,1,93,60,claim-56ef2fb2d93b84f0,(indicates a semantically definite direct object),Wikidata Lexeme,L1555922,CC0,safe_claims_min60,
בְּאֶחָד,באחד,3,95,60,claim-ad20f0370b460ed0,properly | united | i.e. one | (as an ordinal) first | alike | alone | altogether | and,OpenScriptures morphHB,H259,CC BY 4.0,safe_claims_min60,
בְּאֶמְצַע,באמצע,2,63,60,,,,,,claims_below_safe_min60,No strict claim >=60%.
בְּאֶמְצָעָהּ,באמצעה,1,0,60,,,,,,unresolved,No lexical entry yet.
בְּאַרְבָּעָה,בארבעה,1,0,60,,,,,,unresolved,No lexical entry yet.
בָּאָרֶץ,בארצ,1,95,60,claim-26ba20cd2ca80262,the earth (at large | partitively a land ) | × common | country | earth | field | ground | land,OpenScriptures morphHB,H776,CC BY 4.0,safe_claims_min60,
בְבַיִת,בבית,1,65,60,,,,,,claims_below_safe_min60,No strict claim >=60%.
בְּבֵית,בבית,1,65,60,,,,,,claims_below_safe_min60,No strict claim >=60%.
בַּבַּיִת,בבית,1,65,60,,,,,,claims_below_safe_min60,No strict claim >=60%.
בְּבָתֵּי,בבתי,1,0,60,,,,,,unresolved,No lexical entry yet.
בְּגִידִין,בגידינ,4,0,60,,,,,,unresolved,No lexical entry yet.
בִּדְיוֹ,בדיו,1,0,60,,,,,,unresolved,No lexical entry yet.
בְּדִלּוּג,בדלוג,4,0,60,,,,,,unresolved,No lexical entry yet.
בְּדַעְתּוֹ,בדעתו,1,0,60,,,,,,unresolved,No lexical entry yet.
בָּהּ,בה,7,65,60,,,,,,claims_below_safe_min60,No strict claim >=60%.
בַּהַדְלָקָה,בהדלקה,1,0,60,,,,,,unresolved,No lexical entry yet.
בְּהַדְלָקַת,בהדלקת,1,0,60,,,,,,unresolved,No lexical entry yet.
בְּהִלְכוֹת,בהלכות,1,0,60,,,,,,unresolved,No lexical entry yet.
בָּהֶן,בהנ,9,65,60,,,,,,claims_below_safe_min60,No strict claim >=60%.
בְּהֶסְפֵּד,בהספד,5,0,60,,,,,,unresolved,No lexical entry yet.
בּוֹ,בו,16,95,60,claim-d667378a28c57fe6,probably to brighten up | i.e. (figuratively) be (causatively | make) blithe | gleesome | cheer up | be (make) glad | (have | make) joy(-ful),OpenScriptures morphHB,H8055,CC BY 4.0,safe_claims_min60,
"בּוֹ""","בו""",1,0,60,,,,,,unresolved,No lexical entry yet.
בִּזְמַן,בזמנ,3,65,60,,,,,,claims_below_safe_min60,No strict claim >=60%.
בַּזְּמַן,בזמנ,1,65,60,,,,,,claims_below_safe_min60,No strict claim >=60%.
בִּזְמַנָּהּ,בזמנה,3,0,60,,,,,,unresolved,No lexical entry yet.
"בִּזְמַנֵּיהֶם""","בזמניהמ""",1,0,60,,,,,,unresolved,No lexical entry yet.
בִּזְמַנִּים,בזמנימ,1,0,60,,,,,,unresolved,No lexical entry yet.
בִּזְמַנָּם,בזמנמ,1,0,60,,,,,,unresolved,No lexical entry yet.
בְּחֹדֶשׁ,בחדש,1,0,60,,,,,,unresolved,No lexical entry yet.
בְּחוּצָה,בחוצה,1,91,60,claim-b5327630b8e95c93 | claim-95e784fd823a11ba,in separate by a wall | with separate by a wall | by separate by a wall | in outdoors | with outdoors | by outdoors | in abroad | with abroad | properly | separate by a wall | i.e. outside | outdoors | abroad | field | forth | highway,OpenScriptures morphHB,H2351,CC BY 4.0,safe_claims_min60,
בְּחל,בחל,1,0,60,,,,,,unresolved,No lexical entry yet.
בַּחַלּוֹן,בחלונ,1,0,60,,,,,,unresolved,No lexical entry yet.
בַּחֲמִישִׁי,בחמישי,5,0,60,,,,,,unresolved,No lexical entry yet.
בַּחֲמִשָּׁה,בחמשה,2,0,60,,,,,,unresolved,No lexical entry yet.
בַּחֲנֻכָּה,בחנכה,1,0,60,,,,,,unresolved,No lexical entry yet.
בְּט״ו,בט״ו,4,0,60,,,,,,unresolved,No lexical entry yet.
בְּטֵלִין,בטלינ,1,0,60,,,,,,unresolved,No lexical entry yet.
בַּטְלָנִין,בטלנינ,1,0,60,,,,,,unresolved,No lexical entry yet.
בַּטֶּפַח,בטפח,1,0,60,,,,,,unresolved,No lexical entry yet.
בְּי״ד,בי״ד,5,0,60,,,,,,unresolved,No lexical entry yet.
בְּיָדוֹ,בידו,2,65,60,,,,,,claims_below_safe_min60,No strict claim >=60%.
בְּיוֹם,ביומ,10,65,60,,,,,,claims_below_safe_min60,No strict claim >=60%.
בַּיּוֹם,ביומ,2,65,60,,,,,,claims_below_safe_min60,No strict claim >=60%.
בִּימוֹת,בימות,2,0,60,,,,,,unresolved,No lexical entry yet.
בִּימֵי,בימי,5,95,60,claim-f540ffb1ca27e5ca,a day (as the warm hours) | whether literal (from sunrise to sunset | from one sunset to the next) | figurative (a space of time defined by an associated term) | (often used adverb) | age | always | chronicals,OpenScriptures morphHB,H3117,CC BY 4.0,safe_claims_min60,
בַּיָּמִים,בימימ,1,65,60,,,,,,claims_below_safe_min60,No strict claim >=60%.
בֵּין,בינ,17,99,60,claim-05d344269c1bda94,between | among,Project-authored function word table,project-function-word:bein,project-authored / CC0,safe_claims_min60,
בֵּינֵיהֶם,ביניהמ,1,65,60,,,,,,claims_below_safe_min60,No strict claim >=60%.
בֵּית,בית,3,65,60,,,,,,claims_below_safe_min60,No strict claim >=60%.
בַּיִת,בית,3,65,60,,,,,,claims_below_safe_min60,No strict claim >=60%.
בֵּיתוֹ,ביתו,9,65,60,,,,,,claims_below_safe_min60,No strict claim >=60%.
בְּכ״ה,בכ״ה,1,0,60,,,,,,unresolved,No lexical entry yet.
בְּכָל,בכל,10,65,60,,,,,,claims_below_safe_min60,No strict claim >=60%.
בְּכִסְלֵו,בכסלו,1,0,60,,,,,,unresolved,No lexical entry yet.
בִּכְתַב,בכתב,1,95,60,claim-d36bd8e9da58956b,something written | i.e. a writing | record | book | register | scripture | writing.,OpenScriptures morphHB,H3791,CC BY 4.0,safe_claims_min60,
בִּכְתָב,בכתב,1,95,60,claim-d36bd8e9da58956b,something written | i.e. a writing | record | book | register | scripture | writing.,OpenScriptures morphHB,H3791,CC BY 4.0,safe_claims_min60,
בַּכְּתִיבָה,בכתיבה,1,0,60,,,,,,unresolved,No lexical entry yet.
בְּלֹא,בלא,1,65,60,,,,,,claims_below_safe_min60,No strict claim >=60%.
בִּלְבַד,בלבד,6,65,60,,,,,,claims_below_safe_min60,No strict claim >=60%.
בְּלֵיל,בליל,2,65,60,,,,,,claims_below_safe_min60,No strict claim >=60%.
בַּלַּיְלָה,בלילה,8,90,60,claim-c77fa11667d07ef6 | claim-1698a77abaae9914 | claim-51e405a127af4c62,"in night | with night | by night | night, period from sunset to sunrise in each twenty-four hours | night",Wikidata Lexeme | OpenScriptures morphHB,L65943 | H3915,CC0 | CC BY 4.0,safe_claims_min60,
בְּלֵילֵי,בלילי,1,0,60,,,,,,unresolved,No lexical entry yet.
בְּלָשׁוֹן,בלשונ,1,89,60,claim-f585122511813545 | claim-58d387440acda539,"in tongue, Muscular organ in the mouth | with tongue, Muscular organ in the mouth | by tongue, Muscular organ in the mouth | in tongue | with tongue | by tongue | tongue, Muscular organ in the mouth | tongue",Wikidata Lexeme,L65977,CC0,safe_claims_min60,
בִּלְשׁוֹן,בלשונ,1,89,60,claim-f585122511813545 | claim-58d387440acda539,"in tongue, Muscular organ in the mouth | with tongue, Muscular organ in the mouth | by tongue, Muscular organ in the mouth | in tongue | with tongue | by tongue | tongue, Muscular organ in the mouth | tongue",Wikidata Lexeme,L65977,CC0,safe_claims_min60,
בִּמְגִלָּה,במגלה,1,0,60,,,,,,unresolved,No lexical entry yet.
בַּמֶּה,במה,2,65,60,,,,,,claims_below_safe_min60,No strict claim >=60%.
בְּמֵי,במי,1,0,60,,,,,,unresolved,No lexical entry yet.
בְּמָמוֹנָם,בממונמ,1,0,60,,,,,,unresolved,No lexical entry yet.
בִּמְעוֹת,במעות,1,0,60,,,,,,unresolved,No lexical entry yet.
בְּמִצְוֹתָיו,במצותיו,4,95,60,claim-17120bc54227aaa1,a command | whether human | divine (collectively | the Law ) | (which was) commanded(-ment) | law | ordinance | precept.,OpenScriptures morphHB,H4687,CC BY 4.0,safe_claims_min60,
בַּמִּקְדָּשׁ,במקדש,1,95,60,claim-9adbaafe071aad9e,a consecrated thing | place | especially | a palace | sanctuary (whether of Jehovah | of idols) | asylum | chapel,OpenScriptures morphHB,H4720,CC BY 4.0,safe_claims_min60,
בְּמָקוֹם,במקומ,1,95,60,claim-2dd2ace5f333a49f,properly | a standing | i.e. a spot | but used widely of a locality (general | specific) | also (figuratively) of a condition (of body | mind) | country,OpenScriptures morphHB,H4725,CC BY 4.0,safe_claims_min60,
בַּמָּקוֹם,במקומ,1,95,60,claim-2dd2ace5f333a49f,properly | a standing | i.e. a spot | but used widely of a locality (general | specific) | also (figuratively) of a condition (of body | mind) | country,OpenScriptures morphHB,H4725,CC BY 4.0,safe_claims_min60,
בִּמְקוֹמוֹ,במקומו,1,95,60,claim-2dd2ace5f333a49f,properly | a standing | i.e. a spot | but used widely of a locality (general | specific) | also (figuratively) of a condition (of body | mind) | country,OpenScriptures morphHB,H4725,CC BY 4.0,safe_claims_min60,
בְּמַתְּנוֹת,במתנות,1,0,60,,,,,,unresolved,No lexical entry yet.
בִּן,בנ,3,65,60,,,,,,claims_below_safe_min60,No strict claim >=60%.
בֶּן,בנ,2,65,60,,,,,,claims_below_safe_min60,No strict claim >=60%.
בְּנֵי,בני,9,65,60,,,,,,claims_below_safe_min60,No strict claim >=60%.
בְּנֵס,בנס,1,0,60,,,,,,unresolved,No lexical entry yet.
בַּנֵּר,בנר,1,0,60,,,,,,unresolved,No lexical entry yet.
בִּנְשִׁימָה,בנשימה,1,0,60,,,,,,unresolved,No lexical entry yet.
בִּסְעֻדָּתוֹ,בסעדתו,1,0,60,,,,,,unresolved,No lexical entry yet.
בְּסֵפֶר,בספר,1,65,60,,,,,,claims_below_safe_min60,No strict claim >=60%.
בִּסְפָרַד,בספרד,1,0,60,,,,,,unresolved,No lexical entry yet.
בַּעֲבוֹדָתָן,בעבודתנ,1,0,60,,,,,,unresolved,No lexical entry yet.
בָּעוֹלָם,בעולמ,1,65,60,,,,,,claims_below_safe_min60,No strict claim >=60%.
בַּעֲלִיָּה,בעליה,1,65,60,,,,,,claims_below_safe_min60,No strict claim >=60%.
בְּעֶרֶב,בערב,2,0,60,,,,,,unresolved,No lexical entry yet.
בָּעֶרֶב,בערב,1,0,60,,,,,,unresolved,No lexical entry yet.
בַּעֲשִׂיַּת,בעשית,1,65,60,,,,,,claims_below_safe_min60,No strict claim >=60%.
בְּפוּרִים,בפורימ,1,0,60,,,,,,unresolved,No lexical entry yet.
בְּפָחוֹת,בפחות,1,0,60,,,,,,unresolved,No lexical entry yet.
בִּפְנֵי,בפני,1,95,60,claim-b6cf62d00d74f10a,the face (as the part that turns) | used in a great variety of applications (literally and figuratively) | also (with prepositional prefix) as a preposition ( before | etc.) | accept | a-(be-) fore(-time) | against | anger,OpenScriptures morphHB,H6440,CC BY 4.0,safe_claims_min60,
בְּצֵאת,בצאת,2,0,60,,,,,,unresolved,No lexical entry yet.
בְּצִבּוּר,בצבור,5,0,60,,,,,,unresolved,No lexical entry yet.
בָּקִי,בקי,1,0,60,,,,,,unresolved,No lexical entry yet.
בְּקִיאִין,בקיאינ,1,0,60,,,,,,unresolved,No lexical entry yet.
בִּקְצֵה,בקצה,1,0,60,,,,,,unresolved,No lexical entry yet.
בַּקָּצֶה,בקצה,1,0,60,,,,,,unresolved,No lexical entry yet.
בִּקְרִיאָה,בקריאה,2,90,60,claim-9e5bb327c00bd7c9 | claim-29b87c3a8d1a7d06 | claim-b48c9e86c3c5c928,in reading | with reading | by reading | reading,Wikidata Lexeme | OpenScriptures HebrewLexicon,L67973 | H7150,CC0 | CC BY 4.0,safe_claims_min60,
בַּקְּרִיאָה,בקריאה,1,90,60,claim-9e5bb327c00bd7c9 | claim-29b87c3a8d1a7d06 | claim-b48c9e86c3c5c928,in reading | with reading | by reading | reading,Wikidata Lexeme | OpenScriptures HebrewLexicon,L67973 | H7150,CC0 | CC BY 4.0,safe_claims_min60,
בִּקְרִיאַת,בקריאת,1,89,60,claim-511c8effd77fa6d3 | claim-b48c9e86c3c5c928,in reading | with reading | by reading | reading,Wikidata Lexeme,L67973,CC0,safe_claims_min60,
בִּקְרִיאָתָהּ,בקריאתה,8,0,60,,,,,,unresolved,No lexical entry yet.
בִּקְרִיאָתוֹ,בקריאתו,1,0,60,,,,,,unresolved,No lexical entry yet.
בְּרָאשֵׁי,בראשי,1,95,60,claim-7fc890f012605a6e,the head (as most easily shaken) | whether literal | figurative (in many applications | of place | time | rank | itc.) | band,OpenScriptures morphHB,H7218,CC BY 4.0,safe_claims_min60,
בִּרְבִיעִי,ברביעי,1,0,60,,,,,,unresolved,No lexical entry yet.
בְּרוּחַ,ברוח,2,0,60,,,,,,unresolved,No lexical entry yet.
בָּרוּךְ,ברוכ,9,65,60,,,,,,claims_below_safe_min60,No strict claim >=60%.
בֵּרֵךְ,ברכ,1,65,60,,,,,,claims_below_safe_min60,No strict claim >=60%.
בְּרָכָה,ברכה,1,65,60,,,,,,claims_below_safe_min60,No strict claim >=60%.
בְּרָכוֹת,ברכות,2,93,60,claim-547c133c79a892c0,"blessing, rite that should bring persons or property share in divine power or grace | blessing | bracha | greeting",Wikidata Lexeme,L64386,CC0,safe_claims_min60,
בְּרִנָּה,ברנה,1,95,60,claim-e165ebd22c3582d5,properly | a creaking ( | shrill sound) | i.e. shout (of joy | grief) | cry | gladness | joy,OpenScriptures morphHB,H7440,CC BY 4.0,safe_claims_min60,
בִּרְשׁוּת,ברשות,1,0,60,,,,,,unresolved,No lexical entry yet.
בִּשְׁאָר,בשאר,2,65,60,,,,,,claims_below_safe_min60,No strict claim >=60%.
בְּשֶׁבַח,בשבח,1,0,60,,,,,,unresolved,No lexical entry yet.
בְּשַׁבָּת,בשבת,7,0,60,,,,,,unresolved,No lexical entry yet.
בְּשִׁכְרוּתוֹ,בשכרותו,1,0,60,,,,,,unresolved,No lexical entry yet.
בִּשְׁלִישִׁי,בשלישי,1,0,60,,,,,,unresolved,No lexical entry yet.
בַּשֶּׁמֶן,בשמנ,1,0,60,,,,,,unresolved,No lexical entry yet.
בַּשֵּׁנָה,בשנה,1,0,60,,,,,,unresolved,No lexical entry yet.
בַּשָּׁנָה,בשנה,1,0,60,,,,,,unresolved,No lexical entry yet.
בְּשֵׁנִי,בשני,8,65,60,,,,,,claims_below_safe_min60,No strict claim >=60%.
בִּשְׁנֵי,בשני,2,65,60,,,,,,claims_below_safe_min60,No strict claim >=60%.
בְּשֶׁנִּתְכַּוֵּן,בשנתכונ,1,0,60,,,,,,unresolved,No lexical entry yet.
בְּשָׁעָה,בשעה,1,65,60,,,,,,claims_below_safe_min60,No strict claim >=60%.
בִּשְׁעַת,בשעת,1,95,60,claim-a8cb39cc7e9d27b6,properly | a look | i.e. a moment | hour.,OpenScriptures HebrewLexicon,H8160,CC BY 4.0,safe_claims_min60,
בָּשָׂר,בשר,2,65,60,,,,,,claims_below_safe_min60,No strict claim >=60%.
בִּשְׁתֵּי,בשתי,1,0,60,,,,,,unresolved,No lexical entry yet.
בְּתוֹךְ,בתוכ,4,95,60,claim-c7f0350d527b1c41,a bisection | i.e. (by implication) the centre | among(-st) | × between | half | × (there- | where-) | in(-to),OpenScriptures morphHB,H8432,CC BY 4.0,safe_claims_min60,
בְּתוֹרָה,בתורה,1,95,60,claim-d9215ed7dd271d39,a precept | statute | especially the Decalogue | Pentateuch | law.,OpenScriptures HebrewLexicon,H8451,CC BY 4.0,safe_claims_min60,
ג,ג,1,52,60,,,,,,claims_below_safe_min60,No strict claim >=60%.
גָּדוֹל,גדול,3,65,60,,,,,,claims_below_safe_min60,No strict claim >=60%.
גְּדוֹלָה,גדולה,2,65,60,,,,,,claims_below_safe_min60,No strict claim >=60%.
גּוֹיִם,גוימ,2,93,60,claim-8ef596b2c79b662b,"goy, non-Jew | goy",Wikidata Lexeme,L64457,CC0,safe_claims_min60,
גּוֹמְרִין,גומרינ,2,0,60,,,,,,unresolved,No lexical entry yet.
גְּזֵרָה,גזרה,1,0,60,,,,,,unresolved,No lexical entry yet.
גָּזְרוּ,גזרו,1,0,60,,,,,,unresolved,No lexical entry yet.
גְּזֵרוֹת,גזרות,1,0,60,,,,,,unresolved,No lexical entry yet.
גְּמוּל,גמול,1,0,60,,,,,,unresolved,No lexical entry yet.
דָּבָר,דבר,4,95,60,claim-2a56c84fb2e25567,thing | matter | word,OpenScriptures morphHB,H1697,CC BY 4.0,safe_claims_min60,
דִּבְרֵיהֶם,דבריהמ,1,0,60,,,,,,unresolved,No lexical entry yet.
דְּבָרִים,דברימ,2,65,60,,,,,,claims_below_safe_min60,No strict claim >=60%.
דּוֹלֶקֶת,דולקת,3,0,60,,,,,,unresolved,No lexical entry yet.
דּוֹמֶה,דומה,2,65,60,,,,,,claims_below_safe_min60,No strict claim >=60%.
דּוֹרְשָׁהּ,דורשה,1,0,60,,,,,,unresolved,No lexical entry yet.
דַּיּוֹ,דיו,1,0,60,,,,,,unresolved,No lexical entry yet.
דִּין,דינ,1,65,60,,,,,,claims_below_safe_min60,No strict claim >=60%.
דִּינֵנוּ,דיננו,1,0,60,,,,,,unresolved,No lexical entry yet.
דִּלּוּג,דלוג,1,0,60,,,,,,unresolved,No lexical entry yet.
דָּלוּק,דלוק,1,0,60,,,,,,unresolved,No lexical entry yet.
דְּמַאי,דמאי,1,0,60,,,,,,unresolved,No lexical entry yet.
דַּעְתּוֹ,דעתו,1,0,60,,,,,,unresolved,No lexical entry yet.
דָּר,דר,1,0,60,,,,,,unresolved,No lexical entry yet.
דַּרְכּוֹ,דרכו,1,65,60,,,,,,claims_below_safe_min60,No strict claim >=60%.
דַרְכֵי,דרכי,1,93,60,claim-4c8c8ce38f91feda,"thoroughfare, transportation route connecting one location to another | thoroughfare",Wikidata Lexeme,L64752,CC0,safe_claims_min60,
דְּרָכֶיהָ,דרכיה,1,95,60,claim-d86d4189ee35463d,a road (as trodden ) | figuratively | a course of life | mode of action | often adverb | along | away | because of,OpenScriptures morphHB,H1870,CC BY 4.0,safe_claims_min60,
דָּתָם,דתמ,1,0,60,,,,,,unresolved,No lexical entry yet.
ה,ה,1,52,60,,,,,,claims_below_safe_min60,No strict claim >=60%.
ה׳,ה׳,21,0,60,,,,,,unresolved,No lexical entry yet.
הָאוּר,האור,1,95,60,claim-00e857a74a98d42c,illumination | (concrete) luminary (in every sense | including lightning | happiness | etc.) | bright | clear | day,OpenScriptures morphHB,H216,CC BY 4.0,safe_claims_min60,
הָאַחֲרוֹן,האחרונ,1,95,60,claim-905a083e04b58c92,hinder | generally | late | last | specifically (as facing the east) western | after (-ward) | to come | following,OpenScriptures morphHB,H314,CC BY 4.0,safe_claims_min60,
הָאֵל,האל,4,65,60,,,,,,claims_below_safe_min60,No strict claim >=60%.
הָאֵלֶּה,האלה,1,65,60,,,,,,claims_below_safe_min60,No strict claim >=60%.
הָאֵלּוּ,האלו,4,90,60,claim-1b7193bc98dc622f | claim-9cbcef6f2f397329 | claim-98ab1b0c978886a8 | claim-4aa57f5f6e508f30 | claim-9d30b53f9387f82f | claim-9f62584c83e09ff3,the this/that | the demonstrative pronoun | this/that | demonstrative pronoun,Wikidata Lexeme | OpenScriptures morphHB | OpenScriptures HebrewLexicon,L492094 | H352 | H413 | H431 | H432,CC0 | CC BY 4.0,safe_claims_min60,
הָאֻמְלָלִים,האמללימ,1,0,60,,,,,,unresolved,No lexical entry yet.
הַבָּא,הבא,2,65,60,,,,,,claims_below_safe_min60,No strict claim >=60%.
הַבִּירָה,הבירה,1,0,60,,,,,,unresolved,No lexical entry yet.
הַבַּיִת,הבית,6,65,60,,,,,,claims_below_safe_min60,No strict claim >=60%.
הַבָּתִּים,הבתימ,1,65,60,,,,,,claims_below_safe_min60,No strict claim >=60%.
הַגָּדוֹל,הגדול,1,95,60,claim-16597edd0137dd62,great (in any sense) | hence | older | also insolent | aloud | elder(-est) | exceeding(-ly) | far,OpenScriptures morphHB,H1419,CC BY 4.0,safe_claims_min60,
הַגְּדוֹלִים,הגדולימ,1,95,60,claim-16597edd0137dd62,great (in any sense) | hence | older | also insolent | aloud | elder(-est) | exceeding(-ly) | far,OpenScriptures morphHB,H1419,CC BY 4.0,safe_claims_min60,
הַגְּוִיל,הגויל,1,0,60,,,,,,unresolved,No lexical entry yet.
הַגּוֹיִם,הגוימ,1,95,60,claim-68bd7705849b619e,a foreign nation | hence | a Gentile | also (figuratively) a troop of animals | a flight of locusts | Gentile | heathen | nation,OpenScriptures morphHB,H1471,CC BY 4.0,safe_claims_min60,
הַדָּבָר,הדבר,1,65,60,,,,,,claims_below_safe_min60,No strict claim >=60%.
הַדּוֹר,הדור,1,65,60,,,,,,claims_below_safe_min60,No strict claim >=60%.
הִדְלִיק,הדליק,1,0,60,,,,,,unresolved,No lexical entry yet.
הִדְלִיקָהּ,הדליקה,1,0,60,,,,,,unresolved,No lexical entry yet.
הִדְלִיקוֹ,הדליקו,1,0,60,,,,,,unresolved,No lexical entry yet.
הַהַלֵּל,ההלל,21,0,60,,,,,,unresolved,No lexical entry yet.
הָהֵם,ההמ,1,65,60,,,,,,claims_below_safe_min60,No strict claim >=60%.
הַהַנָּחָה,ההנחה,1,65,60,,,,,,claims_below_safe_min60,No strict claim >=60%.
הוּא,הוא,8,99,60,claim-b95415320cdb6061,he | it | that is,Project-authored function word table,project-function-word:hu,project-authored / CC0,safe_claims_min60,
הוֹאִיל,הואיל,5,0,60,,,,,,unresolved,No lexical entry yet.
הוֹשִׁיעָה,הושיעה,2,93,60,claim-802bcddfae7413a9,to rescue/save,Wikidata Lexeme,L207475,CC0,safe_claims_min60,
הַזֶּה,הזה,3,65,60,,,,,,claims_below_safe_min60,No strict claim >=60%.
הֵזִיד,הזיד,1,0,60,,,,,,unresolved,No lexical entry yet.
הַזְּמַן,הזמנ,1,65,60,,,,,,claims_below_safe_min60,No strict claim >=60%.
הֶחָג,החג,2,0,60,,,,,,unresolved,No lexical entry yet.
הַחַמָּה,החמה,2,65,60,,,,,,claims_below_safe_min60,No strict claim >=60%.
הַחֻרְבָּן,החרבנ,1,93,60,claim-32ba57377f8edff2,sword,Wikidata Lexeme,L65358,CC0,safe_claims_min60,
הַטָּהֳרוֹת,הטהרות,1,0,60,,,,,,unresolved,No lexical entry yet.
הִיא,היא,7,93,60,claim-c4dfc16d847aca4a,female person or animal previously mentioned or implied,Wikidata Lexeme,L483507,CC0,safe_claims_min60,
הָיָה,היה,15,65,60,,,,,,claims_below_safe_min60,No strict claim >=60%.
הַיְּהוּדִים,היהודימ,1,0,60,,,,,,unresolved,No lexical entry yet.
הָיוּ,היו,3,95,60,claim-0c2fb56957476647,to exist | i.e. be | become | come to pass (always emphatic | and not a mere copula | auxiliary) | beacon | × altogether,OpenScriptures morphHB,H1961,CC BY 4.0,safe_claims_min60,
הַיּוֹם,היומ,7,65,60,,,,,,claims_below_safe_min60,No strict claim >=60%.
הַיָּחִיד,היחיד,1,95,60,claim-095c84e77319597f,properly | united | i.e. sole | by implication | beloved | also lonely | (feminine) the life (as not to be replaced) | darling,OpenScriptures morphHB,H3173,CC BY 4.0,safe_claims_min60,
הַיַּיִן,היינ,1,95,60,claim-f65d4cb827fbb610,wine (as fermented) | by implication | intoxication | banqueting | wine | wine(-bibber).,OpenScriptures morphHB,H3196,CC BY 4.0,safe_claims_min60,
הַיָּמִים,הימימ,7,65,60,,,,,,claims_below_safe_min60,No strict claim >=60%.
הַיְרִיעָה,היריעה,2,0,60,,,,,,unresolved,No lexical entry yet.
הַיְרִיעוֹת,היריעות,1,0,60,,,,,,unresolved,No lexical entry yet.
הָיְתָה,היתה,9,95,60,claim-0c2fb56957476647,to exist | i.e. be | become | come to pass (always emphatic | and not a mere copula | auxiliary) | beacon | × altogether,OpenScriptures morphHB,H1961,CC BY 4.0,safe_claims_min60,
הַכֹּהֲנִים,הכהנימ,2,91,60,claim-0860737d319f6ffe | claim-79ee0db7b41d911c,the priest | the chief ruler | the prince | literally one officiating | a priest | also (by courtesy) an acting priest (although a layman) | chief ruler | × own | priest | prince | principal officer.,OpenScriptures morphHB,H3548,CC BY 4.0,safe_claims_min60,
הַכּל,הכל,2,65,60,,,,,,claims_below_safe_min60,No strict claim >=60%.
הַכְּנִיסָה,הכניסה,4,0,60,,,,,,unresolved,No lexical entry yet.
הַכְּנֶסֶת,הכנסת,1,65,60,,,,,,claims_below_safe_min60,No strict claim >=60%.
הַכִּפּוּרִים,הכפורימ,1,0,60,,,,,,unresolved,No lexical entry yet.
הַכְּפָרִים,הכפרימ,2,0,60,,,,,,unresolved,No lexical entry yet.
הֶכֵּר,הכר,1,0,60,,,,,,unresolved,No lexical entry yet.
הַכְּתוּבָה,הכתובה,2,95,60,claim-eb3cd385d3fe0bc7,to grave | by implication | to write (describe | inscribe | prescribe | subscribe) | describe | record,OpenScriptures morphHB,H3789,CC BY 4.0,safe_claims_min60,
הַכְּתוּבִים,הכתובימ,2,95,60,claim-eb3cd385d3fe0bc7,to grave | by implication | to write (describe | inscribe | prescribe | subscribe) | describe | record,OpenScriptures morphHB,H3789,CC BY 4.0,safe_claims_min60,
הַלּוֹעֵז,הלועז,1,0,60,,,,,,unresolved,No lexical entry yet.
הַלַּיְלָה,הלילה,2,95,60,claim-31e106a703785bad,properly | a twist (away of the light) | i.e. night | figuratively | adversity | (mid-)night (season).,OpenScriptures morphHB,H3915,CC BY 4.0,safe_claims_min60,
הַלֵּילוֹת,הלילות,2,0,60,,,,,,unresolved,No lexical entry yet.
הַלֵּל,הלל,3,0,60,,,,,,unresolved,No lexical entry yet.
הַלְלוּ,הללו,4,95,60,claim-32dbeb81ff245e1f,to be clear (orig. of sound | but usually of color) | to shine | hence | to make a show | to boast | and thus to be (clamorously) foolish | to rave,OpenScriptures morphHB,H1984,CC BY 4.0,safe_claims_min60,
הַלְלוּיָהּ,הללויה,7,65,60,,,,,,claims_below_safe_min60,No strict claim >=60%.
"הַלְלוּיָהּ""","הללויה""",2,0,60,,,,,,unresolved,No lexical entry yet.
הַלָּשׁוֹן,הלשונ,2,95,60,claim-fa334d59d9175d69,the tongue (of man | animals) | used literally (as the instrument of licking | eating | speech) | and figuratively (speech | an ingot | a fork of flame,OpenScriptures HebrewLexicon,H3956,CC BY 4.0,safe_claims_min60,
הֵם,המ,1,65,60,,,,,,claims_below_safe_min60,No strict claim >=60%.
הַמֻּבְחָר,המבחר,1,0,60,,,,,,unresolved,No lexical entry yet.
הַמְּגִלָּה,המגלה,16,0,60,,,,,,unresolved,No lexical entry yet.
הַמַּדְלִיק,המדליק,1,0,60,,,,,,unresolved,No lexical entry yet.
הַמְהֻלָּל,המהלל,1,0,60,,,,,,unresolved,No lexical entry yet.
הַמּוֹשִׁיעַ,המושיע,1,0,60,,,,,,unresolved,No lexical entry yet.
הַמַּכִּיר,המכיר,1,0,60,,,,,,unresolved,No lexical entry yet.
הַמֶּלֶךְ,המלכ,1,0,60,,,,,,unresolved,No lexical entry yet.
הָמָן,המנ,1,0,60,,,,,,unresolved,No lexical entry yet.
הַמִּנְהָג,המנהג,3,0,60,,,,,,unresolved,No lexical entry yet.
הַמַּעֲרָכָה,המערכה,1,95,60,claim-8974cc567f0ada20,an arrangement | concretely | a pile | specifically a military array | army | fight | be set in order | ordered place,OpenScriptures morphHB,H4634,CC BY 4.0,safe_claims_min60,
הַמְפֹאָר,המפאר,1,0,60,,,,,,unresolved,No lexical entry yet.
הַמִּצְוָה,המצוה,2,95,60,claim-17120bc54227aaa1,a command | whether human | divine (collectively | the Law ) | (which was) commanded(-ment) | law | ordinance | precept.,OpenScriptures morphHB,H4687,CC BY 4.0,safe_claims_min60,
הַמֵּצַר,המצר,1,95,60,claim-4386e7e4526a60a5,something tight | i.e. (figuratively) trouble | distress | pain | strait.,OpenScriptures morphHB,H4712,CC BY 4.0,safe_claims_min60,
הַמָּקוֹם,המקומ,1,65,60,,,,,,claims_below_safe_min60,No strict claim >=60%.
הַמְּקוֹמוֹת,המקומות,1,90,60,claim-9c8d42bcf2726620 | claim-44c4447dddb5ece0 | claim-a10f88f79c71cf10,the place | place,Wikidata Lexeme | OpenScriptures morphHB,L66498 | H4725,CC0 | CC BY 4.0,safe_claims_min60,
הַמֻּקָּפִין,המקפינ,1,0,60,,,,,,unresolved,No lexical entry yet.
הַמַּקְרֵא,המקרא,1,0,60,,,,,,unresolved,No lexical entry yet.
הַמַּרְבֶּה,המרבה,1,0,60,,,,,,unresolved,No lexical entry yet.
הַמְשֻׁבָּח,המשבח,1,0,60,,,,,,unresolved,No lexical entry yet.
הַמָּשִׁיחַ,המשיח,1,91,60,claim-502f15beb6f9fb05 | claim-df76cf4088cc7c1f,the anointed | the priest | the Messiah | anointed | usually a consecrated person (as a king | priest | saint) | specifically | Messiah.,OpenScriptures morphHB,H4899,CC BY 4.0,safe_claims_min60,
הֵן,הנ,8,65,60,,,,,,claims_below_safe_min60,No strict claim >=60%.
הַנְּבִיאִים,הנביאימ,2,95,60,claim-47f960b493a12bc4,a prophet | (generally) inspired man | prophecy | that prophesy | prophet.,OpenScriptures morphHB,H5030,CC BY 4.0,safe_claims_min60,
הִנִּיחַ,הניח,1,0,60,,,,,,unresolved,No lexical entry yet.
הִנִּיחוֹ,הניחו,1,0,60,,,,,,unresolved,No lexical entry yet.
הֵנִיחוּ,הניחו,1,0,60,,,,,,unresolved,No lexical entry yet.
הַנְּיָר,הניר,1,0,60,,,,,,unresolved,No lexical entry yet.
הַנִּכְנָס,הנכנס,1,0,60,,,,,,unresolved,No lexical entry yet.
הַנֵּס,הנס,5,65,60,,,,,,claims_below_safe_min60,No strict claim >=60%.
הַנִּסִּים,הנסימ,1,65,60,,,,,,claims_below_safe_min60,No strict claim >=60%.
הַנִּפְרָע,הנפרע,1,0,60,,,,,,unresolved,No lexical entry yet.
הַנִּקְרָאִין,הנקראינ,1,0,60,,,,,,unresolved,No lexical entry yet.
הַנִּקְרֵאת,הנקראת,2,0,60,,,,,,unresolved,No lexical entry yet.
הַנֵּר,הנר,1,0,60,,,,,,unresolved,No lexical entry yet.
הַנִּרְאֶה,הנראה,1,95,60,claim-5335abdf69914831,to see | literally | figuratively (in numerous applications | direct and implied | transitive | intransitive and causative) | advise self | appear,OpenScriptures morphHB,H7200,CC BY 4.0,safe_claims_min60,
הַנֵּרוֹת,הנרות,2,0,60,,,,,,unresolved,No lexical entry yet.
הַסֵּדֶר,הסדר,3,65,60,,,,,,claims_below_safe_min60,No strict claim >=60%.
הַסּוֹפֵר,הסופר,1,0,60,,,,,,unresolved,No lexical entry yet.
הַסַּכָּנָה,הסכנה,1,89,60,claim-08bfea83d23f0b73 | claim-abc813aab91bccdb,the danger | danger,Wikidata Lexeme,L67040,CC0,safe_claims_min60,
הַסָּמוּךְ,הסמוכ,4,0,60,,,,,,unresolved,No lexical entry yet.
הַסְּמוּכָה,הסמוכה,1,0,60,,,,,,unresolved,No lexical entry yet.
הַסָּפֵק,הספק,2,93,60,claim-cb967c962911be80,power,Wikidata Lexeme,L64890,CC0,safe_claims_min60,
הָעוֹבְרִים,העוברימ,1,63,60,,,,,,claims_below_safe_min60,No strict claim >=60%.
הָעוֹבְרִין,העוברינ,1,0,60,,,,,,unresolved,No lexical entry yet.
הָעוֹלָם,העולמ,6,95,60,claim-4d4683c36583f3e4,properly | concealed | i.e. the vanishing point | generally | time out of mind (past | future) | i.e. (practically) eternity | frequentatively,OpenScriptures HebrewLexicon,H5769,CC BY 4.0,safe_claims_min60,
הָעוֹר,העור,1,65,60,,,,,,claims_below_safe_min60,No strict claim >=60%.
הָעוֹשֶׂה,העושה,1,95,60,claim-91a37b81bccac007,to do | make | in the broadest sense and widest application | accomplish | advance | appoint | apt | be at,OpenScriptures HebrewLexicon,H6213,CC BY 4.0,safe_claims_min60,
הָעָם,העמ,11,65,60,,,,,,claims_below_safe_min60,No strict claim >=60%.
הָעֵרוּב,הערוב,1,0,60,,,,,,unresolved,No lexical entry yet.
הַפּוּרִים,הפורימ,4,0,60,,,,,,unresolved,No lexical entry yet.
הַפּוֹשֵׁט,הפושט,1,0,60,,,,,,unresolved,No lexical entry yet.
הַפֶּסַח,הפסח,1,0,60,,,,,,unresolved,No lexical entry yet.
הַפֶּרֶק,הפרק,2,0,60,,,,,,unresolved,No lexical entry yet.
הַפָּשׁוּט,הפשוט,1,0,60,,,,,,unresolved,No lexical entry yet.
הַפְּתִילָה,הפתילה,1,0,60,,,,,,unresolved,No lexical entry yet.
הַפְּתִילוֹת,הפתילות,2,0,60,,,,,,unresolved,No lexical entry yet.
הַצִּבּוּר,הצבור,4,0,60,,,,,,unresolved,No lexical entry yet.
הַצְּדָקָה,הצדקה,1,0,60,,,,,,unresolved,No lexical entry yet.
הַצְלִיחָה,הצליחה,2,65,60,,,,,,claims_below_safe_min60,No strict claim >=60%.
הַצָּרוֹת,הצרות,2,95,60,claim-048507a0a26caa51,tightness (i.e. figuratively | trouble ) | transitively | a female rival | adversary | adversity | affliction | anguish,OpenScriptures morphHB,H6869,CC BY 4.0,safe_claims_min60,
הִקְדִּימוּ,הקדימו,1,0,60,,,,,,unresolved,No lexical entry yet.
הַקֹּדֶשׁ,הקדש,2,65,60,,,,,,claims_below_safe_min60,No strict claim >=60%.
הַקוֹרֵא,הקורא,1,65,60,,,,,,claims_below_safe_min60,No strict claim >=60%.
הַקּוֹרֵא,הקורא,11,65,60,,,,,,claims_below_safe_min60,No strict claim >=60%.
הַקּוֹרְאִין,הקוראינ,2,0,60,,,,,,unresolved,No lexical entry yet.
הַקָּטָן,הקטנ,1,65,60,,,,,,claims_below_safe_min60,No strict claim >=60%.
הַקְּטַנִּים,הקטנימ,1,95,60,claim-4db06c605342bda6,abbreviated | i.e. diminutive | literally (in quantity | size | number) | figuratively (in age | importance) | least,OpenScriptures morphHB,H6996,CC BY 4.0,safe_claims_min60,
הַקְּלָף,הקלפ,1,0,60,,,,,,unresolved,No lexical entry yet.
הֻקְּפָה,הקפה,1,0,60,,,,,,unresolved,No lexical entry yet.
הַקְּרִיאָה,הקריאה,1,95,60,claim-ef491128c9fd7930,a proclamation | preaching.,OpenScriptures HebrewLexicon,H7150,CC BY 4.0,safe_claims_min60,
הָרִאשׁוֹן,הראשונ,7,95,60,claim-7b28f15222fa89e1,first | in place | time | rank (as adjective | noun) | ancestor | (that were) before(-time) | beginning,OpenScriptures HebrewLexicon,H7223,CC BY 4.0,safe_claims_min60,
הָרִאשׁוֹנוֹת,הראשונות,1,0,60,,,,,,unresolved,No lexical entry yet.
הָרִאשׁוֹנִים,הראשונימ,1,95,60,claim-7b28f15222fa89e1,first | in place | time | rank (as adjective | noun) | ancestor | (that were) before(-time) | beginning,OpenScriptures HebrewLexicon,H7223,CC BY 4.0,safe_claims_min60,
הָרָב,הרב,1,65,60,,,,,,claims_below_safe_min60,No strict claim >=60%.
הַרְבֵּה,הרבה,1,65,60,,,,,,claims_below_safe_min60,No strict claim >=60%.
הָרַבִּים,הרבימ,2,65,60,,,,,,claims_below_safe_min60,No strict claim >=60%.
הָרוֹאֶה,הרואה,1,95,60,claim-5335abdf69914831,to see | literally | figuratively (in numerous applications | direct and implied | transitive | intransitive and causative) | advise self | appear,OpenScriptures morphHB,H7200,CC BY 4.0,safe_claims_min60,
הֲרֵי,הרי,4,65,60,,,,,,claims_below_safe_min60,No strict claim >=60%.
הַשַּׁבָּת,השבת,1,65,60,,,,,,claims_below_safe_min60,No strict claim >=60%.
הַשּׁוֹמֵעַ,השומע,4,65,60,,,,,,claims_below_safe_min60,No strict claim >=60%.
הַשּׁוּק,השוק,3,0,60,,,,,,unresolved,No lexical entry yet.
הַשָּׁלוֹם,השלומ,1,95,60,claim-3c669c71d26d6d0b,safe | i.e. (figuratively) well | happy | friendly | also (abstractly) welfare | i.e. health | prosperity | peace,OpenScriptures HebrewLexicon,H7965,CC BY 4.0,safe_claims_min60,
הַשֵּׁם,השמ,1,65,60,,,,,,claims_below_safe_min60,No strict claim >=60%.
הַשִּׂמְחָה,השמחה,1,95,60,claim-387d209ff64093d4,blithesomeness | glee | (religious | festival) | × exceeding(-ly) | gladness | joy(-fulness) | mirth,OpenScriptures morphHB,H8057,CC BY 4.0,safe_claims_min60,
הִשְׁמִיט,השמיט,1,0,60,,,,,,unresolved,No lexical entry yet.
הַשְּׁמָנִים,השמנימ,3,0,60,,,,,,unresolved,No lexical entry yet.
הַשָּׁנָה,השנה,2,95,60,claim-385c6d4ad1fee5f2,a year (as a revolution of time) | whole age | × long | old | year(× -ly).,OpenScriptures morphHB,H8141,CC BY 4.0,safe_claims_min60,
הַשֵּׁנִי,השני,4,65,60,,,,,,claims_below_safe_min60,No strict claim >=60%.
הַתּוֹרָה,התורה,1,95,60,claim-d9215ed7dd271d39,a precept | statute | especially the Decalogue | Pentateuch | law.,OpenScriptures HebrewLexicon,H8451,CC BY 4.0,safe_claims_min60,
הִתְחִיל,התחיל,1,91,60,claim-554dae19368a8400 | claim-7a0b2ce1304e34a7,the fear | properly | to twist | whirl (in a circular | spiral manner) | i.e. (specifically) to dance | to writhe in pain (especially of parturition) | fear | figuratively,OpenScriptures morphHB,H2342,CC BY 4.0,safe_claims_min60,
הִתְקִינוּ,התקינו,1,0,60,,,,,,unresolved,No lexical entry yet.
וְאִבְּדוּם,ואבדומ,1,0,60,,,,,,unresolved,No lexical entry yet.
וְאוֹמֵר,ואומר,7,65,60,,,,,,claims_below_safe_min60,No strict claim >=60%.
וְאוֹמְרִין,ואומרינ,4,0,60,,,,,,unresolved,No lexical entry yet.
וְאֶחָד,ואחד,3,95,60,claim-ad20f0370b460ed0,properly | united | i.e. one | (as an ordinal) first | alike | alone | altogether | and,OpenScriptures morphHB,H259,CC BY 4.0,safe_claims_min60,
וְאֶחֱזֹר,ואחזר,1,0,60,,,,,,unresolved,No lexical entry yet.
וְאַחַר,ואחר,2,65,60,,,,,,claims_below_safe_min60,No strict claim >=60%.
וְאֵין,ואינ,10,65,60,,,,,,claims_below_safe_min60,No strict claim >=60%.
וְאֵינָהּ,ואינה,1,0,60,,,,,,unresolved,No lexical entry yet.
וְאֵינוֹ,ואינו,2,0,60,,,,,,unresolved,No lexical entry yet.
וְאִלּוּ,ואלו,1,90,60,claim-430d18958cdc7984 | claim-76505de740656a5d | claim-58b109e939a40f41 | claim-e94cf009dc1121b5 | claim-59a3de257eab7cc3 | claim-9f62584c83e09ff3,and this/that | and demonstrative pronoun | this/that | demonstrative pronoun,Wikidata Lexeme | OpenScriptures morphHB | OpenScriptures HebrewLexicon,L492094 | H352 | H413 | H431 | H432,CC0 | CC BY 4.0,safe_claims_min60,
וְאֵלּוּ,ואלו,3,90,60,claim-430d18958cdc7984 | claim-76505de740656a5d | claim-58b109e939a40f41 | claim-e94cf009dc1121b5 | claim-59a3de257eab7cc3 | claim-9f62584c83e09ff3,and this/that | and demonstrative pronoun | this/that | demonstrative pronoun,Wikidata Lexeme | OpenScriptures morphHB | OpenScriptures HebrewLexicon,L492094 | H352 | H413 | H431 | H432,CC0 | CC BY 4.0,safe_claims_min60,
וְאַלְמָנוֹת,ואלמנות,1,0,60,,,,,,unresolved,No lexical entry yet.
וְאִם,ואמ,17,65,60,,,,,,claims_below_safe_min60,No strict claim >=60%.
וַאֲסוּרִין,ואסורינ,1,0,60,,,,,,unresolved,No lexical entry yet.
וְאַף,ואפ,4,65,60,,,,,,claims_below_safe_min60,No strict claim >=60%.
וַאֲפִלּוּ,ואפלו,9,0,60,,,,,,unresolved,No lexical entry yet.
וְאֶקְרָא,ואקרא,1,0,60,,,,,,unresolved,No lexical entry yet.
וּבָאֲדָר,ובאדר,1,0,60,,,,,,unresolved,No lexical entry yet.
וּבָאִין,ובאינ,1,95,60,claim-a5079f0b7fb0673a,a nonentity | generally used as a negative particle | else | except | fail | (father-) less | be gone | in(-curable),OpenScriptures morphHB,H369,CC BY 4.0,safe_claims_min60,
וּבִבְנוֹתֵיהֶם,ובבנותיהמ,1,0,60,,,,,,unresolved,No lexical entry yet.
וּבוֹ,ובו,1,0,60,,,,,,unresolved,No lexical entry yet.
וּבַזְּמַן,ובזמנ,1,0,60,,,,,,unresolved,No lexical entry yet.
וּבַחֲמִישִׁי,ובחמישי,2,0,60,,,,,,unresolved,No lexical entry yet.
וּבִטְּלוּ,ובטלו,1,65,60,,,,,,claims_below_safe_min60,No strict claim >=60%.
וּבַיּוֹם,וביומ,2,89,60,claim-abd27b764731e52f | claim-b35bd5308d6dd3d0,and in daylight | and with daylight | and by daylight | daylight,Wikidata Lexeme,L65548,CC0,safe_claims_min60,
וּבַיִת,ובית,1,65,60,,,,,,claims_below_safe_min60,No strict claim >=60%.
וּבִכְתַב,ובכתב,1,91,60,claim-e91f6943f8d1664f | claim-d36bd8e9da58956b,and something written | and record | and book | and register | something written | i.e. a writing | record | book | register | scripture | writing.,OpenScriptures morphHB,H3791,CC BY 4.0,safe_claims_min60,
וּבְלֵיל,ובליל,2,0,60,,,,,,unresolved,No lexical entry yet.
וּבְלֵילֵיהֶם,ובליליהמ,1,0,60,,,,,,unresolved,No lexical entry yet.
וּבְמִצְוֹת,ובמצות,1,95,60,claim-9fcbcfb693880c25,properly | sweetness | concretely | sweet (i.e. not soured | bittered with yeast) | specifically | an unfermented cake | loaf,OpenScriptures morphHB,H4682,CC BY 4.0,safe_claims_min60,
וּבְנֵי,ובני,4,65,60,,,,,,claims_below_safe_min60,No strict claim >=60%.
וּבַעֲנִיַּת,ובענית,1,0,60,,,,,,unresolved,No lexical entry yet.
וּבִשְׁאָר,ובשאר,1,0,60,,,,,,unresolved,No lexical entry yet.
וּבְשִׁלּוּחַ,ובשלוח,1,0,60,,,,,,unresolved,No lexical entry yet.
וְגָבְרוּ,וגברו,1,0,60,,,,,,unresolved,No lexical entry yet.
וְגֵרִים,וגרימ,2,0,60,,,,,,unresolved,No lexical entry yet.
וַדַּאי,ודאי,1,0,60,,,,,,unresolved,No lexical entry yet.
וְדָבָר,ודבר,1,65,60,,,,,,claims_below_safe_min60,No strict claim >=60%.
וְדוֹרְשִׁין,ודורשינ,1,0,60,,,,,,unresolved,No lexical entry yet.
וְהִגִּיעָנוּ,והגיענו,1,0,60,,,,,,unresolved,No lexical entry yet.
וְהַדְּבָרִים,והדברימ,1,65,60,,,,,,claims_below_safe_min60,No strict claim >=60%.
וְהִדְלִיקוּ,והדליקו,1,0,60,,,,,,unresolved,No lexical entry yet.
וְהַדְלָקַת,והדלקת,2,0,60,,,,,,unresolved,No lexical entry yet.
וְהַדָּן,והדנ,1,0,60,,,,,,unresolved,No lexical entry yet.
וְהוּא,והוא,4,65,60,,,,,,claims_below_safe_min60,No strict claim >=60%.
וְהוֹדָיָה,והודיה,1,0,60,,,,,,unresolved,No lexical entry yet.
וְהוֹלֵךְ,והולכ,2,65,60,,,,,,claims_below_safe_min60,No strict claim >=60%.
וְהוֹלְכִין,והולכינ,1,0,60,,,,,,unresolved,No lexical entry yet.
וְהוֹלֶכֶת,והולכת,1,65,60,,,,,,claims_below_safe_min60,No strict claim >=60%.
וְהוֹצִיאוֹ,והוציאו,1,0,60,,,,,,unresolved,No lexical entry yet.
וְהוֹצִיאוּ,והוציאו,1,0,60,,,,,,unresolved,No lexical entry yet.
וְהוֹשִׁיעוּ,והושיעו,1,0,60,,,,,,unresolved,No lexical entry yet.
וְהוֹשִׁיעָם,והושיעמ,1,91,60,claim-50530d57611221a6 | claim-7bc81c3643d29eca,and wide | and free | and causatively | and succor | properly | to be open | wide | free | i.e. (by implication) to be safe | causatively | to free | succor,OpenScriptures morphHB,H3467,CC BY 4.0,safe_claims_min60,
וְהָיוּ,והיו,1,95,60,claim-0c2fb56957476647,to exist | i.e. be | become | come to pass (always emphatic | and not a mere copula | auxiliary) | beacon | × altogether,OpenScriptures morphHB,H1961,CC BY 4.0,safe_claims_min60,
וְהַכּל,והכל,1,95,60,claim-ee88321f0eef4ad7,properly | the whole | hence | all | any | every (in the singular only | but often in a plural sense) | (in) all (manner,OpenScriptures morphHB,H3605,CC BY 4.0,safe_claims_min60,
וְהַלֵּל,והלל,1,0,60,,,,,,unresolved,No lexical entry yet.
וְהֵם,והמ,3,95,60,claim-d75b917fea4c1732,they (only used when emphatic) | it | like | × (how | so) many (soever | more as) they (be) | (the) same | × so,OpenScriptures morphHB,H1992,CC BY 4.0,safe_claims_min60,
וְהַמַּדְלִיק,והמדליק,1,0,60,,,,,,unresolved,No lexical entry yet.
וְהַמְהַדֵּר,והמהדר,2,0,60,,,,,,unresolved,No lexical entry yet.
וְהַמְשַׁלֵּם,והמשלמ,1,0,60,,,,,,unresolved,No lexical entry yet.
וְהַמִּשְׁתֶּה,והמשתה,1,0,60,,,,,,unresolved,No lexical entry yet.
וְהֵן,והנ,1,65,60,,,,,,claims_below_safe_min60,No strict claim >=60%.
וְהַנּוֹקֵם,והנוקמ,1,0,60,,,,,,unresolved,No lexical entry yet.
וְהִנִּיחוֹ,והניחו,1,0,60,,,,,,unresolved,No lexical entry yet.
וְהַנִּפְרָע,והנפרע,1,0,60,,,,,,unresolved,No lexical entry yet.
וְהֶעֱמִידוּ,והעמידו,1,0,60,,,,,,unresolved,No lexical entry yet.
וְהַפְּתִילוֹת,והפתילות,1,0,60,,,,,,unresolved,No lexical entry yet.
וְהִצִּילָם,והצילמ,1,0,60,,,,,,unresolved,No lexical entry yet.
וְהַקּוֹרֵא,והקורא,3,0,60,,,,,,unresolved,No lexical entry yet.
וְהִקִּיפָהּ,והקיפה,1,0,60,,,,,,unresolved,No lexical entry yet.
וַהֲרָגוּם,והרגומ,1,0,60,,,,,,unresolved,No lexical entry yet.
וְהָרוֹאֶה,והרואה,1,0,60,,,,,,unresolved,No lexical entry yet.
וַהֲרֵי,והרי,2,65,60,,,,,,claims_below_safe_min60,No strict claim >=60%.
וְהַשּׁוֹמְעִים,והשומעימ,1,0,60,,,,,,unresolved,No lexical entry yet.
וְזֶה,וזה,1,95,60,claim-2c153c1d677edecf,the masculine demonstrative pronoun | this | that | he | × hence | × here | it(-self) | × now,OpenScriptures morphHB,H2088,CC BY 4.0,safe_claims_min60,
וְזִכְרָם,וזכרמ,1,0,60,,,,,,unresolved,No lexical entry yet.
וְחוֹזֵר,וחוזר,3,0,60,,,,,,unresolved,No lexical entry yet.
וְחָזַר,וחזר,4,0,60,,,,,,unresolved,No lexical entry yet.
וְחָזְרָה,וחזרה,1,0,60,,,,,,unresolved,No lexical entry yet.
וְחַיָּב,וחיב,1,0,60,,,,,,unresolved,No lexical entry yet.
וַחֲמִישִׁי,וחמישי,1,0,60,,,,,,unresolved,No lexical entry yet.
וָחֹמֶר,וחמר,1,0,60,,,,,,unresolved,No lexical entry yet.
וַחֲסִידִים,וחסידימ,1,0,60,,,,,,unresolved,No lexical entry yet.
וְט״ו,וט״ו,2,0,60,,,,,,unresolved,No lexical entry yet.
וְטִמְּאוּ,וטמאו,1,0,60,,,,,,unresolved,No lexical entry yet.
וְטָעָה,וטעה,1,0,60,,,,,,unresolved,No lexical entry yet.
וְיִהְיֶה,ויהיה,1,95,60,claim-0c2fb56957476647,to exist | i.e. be | become | come to pass (always emphatic | and not a mere copula | auxiliary) | beacon | × altogether,OpenScriptures morphHB,H1961,CC BY 4.0,safe_claims_min60,
וְיוֹם,ויומ,4,95,60,claim-f540ffb1ca27e5ca,a day (as the warm hours) | whether literal (from sunrise to sunset | from one sunset to the next) | figurative (a space of time defined by an associated term) | (often used adverb) | age | always | chronicals,OpenScriptures morphHB,H3117,CC BY 4.0,safe_claims_min60,
וָיוֹם,ויומ,1,95,60,claim-f540ffb1ca27e5ca,a day (as the warm hours) | whether literal (from sunrise to sunset | from one sunset to the next) | figurative (a space of time defined by an associated term) | (often used adverb) | age | always | chronicals,OpenScriptures morphHB,H3117,CC BY 4.0,safe_claims_min60,
וְיוֹצֵא,ויוצא,1,95,60,claim-2ddc9365305f704e,to go (causatively | bring ) out | in a great variety of applications | literally and figuratively | direct and proxim. | × after | appear | × assuredly,OpenScriptures morphHB,H3318,CC BY 4.0,safe_claims_min60,
וְיָחִיד,ויחיד,1,95,60,claim-095c84e77319597f,properly | united | i.e. sole | by implication | beloved | also lonely | (feminine) the life (as not to be replaced) | darling,OpenScriptures morphHB,H3173,CC BY 4.0,safe_claims_min60,
וְיֵחָשְׁבוּ,ויחשבו,1,0,60,,,,,,unresolved,No lexical entry yet.
וְיֵלֵךְ,וילכ,1,0,60,,,,,,unresolved,No lexical entry yet.
וִימֵי,וימי,1,0,60,,,,,,unresolved,No lexical entry yet.
וְיָמִים,וימימ,2,0,60,,,,,,unresolved,No lexical entry yet.
וְיַעֲבִירֶנָּה,ויעבירנה,1,0,60,,,,,,unresolved,No lexical entry yet.
וְיִקְרָא,ויקרא,1,65,60,,,,,,claims_below_safe_min60,No strict claim >=60%.
וְיִרְאָה,ויראה,1,65,60,,,,,,claims_below_safe_min60,No strict claim >=60%.
וְיֵרָדֵם,וירדמ,1,0,60,,,,,,unresolved,No lexical entry yet.
וְיֵשׁ,ויש,1,95,60,claim-956a286c156cb6ba,there is | are ( | any other form of the verb to be | as may suit the connection) | (there) are | (he | it | shall,OpenScriptures HebrewLexicon,H3426,CC BY 4.0,safe_claims_min60,
וִיתוֹמִים,ויתומימ,1,0,60,,,,,,unresolved,No lexical entry yet.
וִיתַקֵּן,ויתקנ,1,0,60,,,,,,unresolved,No lexical entry yet.
וְכָבְתָה,וכבתה,1,0,60,,,,,,unresolved,No lexical entry yet.
וְכַהֲלָכוֹת,וכהלכות,1,0,60,,,,,,unresolved,No lexical entry yet.
וְכוּ׳,וכו׳,3,99,60,claim-d948bc07680f4713,etc. | and so forth,Project-authored abbreviation table,project-abbreviation:vav-kaf-vav,project-authored / CC0,safe_claims_min60,
וְכוֹרְכָהּ,וכורכה,1,0,60,,,,,,unresolved,No lexical entry yet.
וְכִי,וכי,1,95,60,claim-6b7c1e7e4366961e,(by implication) very widely used as a relative conjunction | adverb (as below) | often largely modified by other particles annexed | and | (forasmuch | inasmuch | where-) as | assured(-ly),OpenScriptures morphHB,H3588,CC BY 4.0,safe_claims_min60,
וְכֵיוָן,וכיונ,1,65,60,,,,,,claims_below_safe_min60,No strict claim >=60%.
וְכָל,וכל,20,65,60,,,,,,claims_below_safe_min60,No strict claim >=60%.
וְכַמָּה,וכמה,1,95,60,claim-08663bbcdd163d50,properly | interrogative what? (including how? why? when? ) | but also exclamation | what! (including how! ) | indefinitely what (including whatever | and even relatively | that which ) | often used with prefixes in various adverbial,OpenScriptures morphHB,H4100,CC BY 4.0,safe_claims_min60,
וְכֵן,וכנ,7,65,60,,,,,,claims_below_safe_min60,No strict claim >=60%.
וּכְרַךְ,וכרכ,1,0,60,,,,,,unresolved,No lexical entry yet.
וּכְשֶׁגָּבְרוּ,וכשגברו,1,0,60,,,,,,unresolved,No lexical entry yet.
וּכְשֶׁיִּגְמֹר,וכשיגמר,1,0,60,,,,,,unresolved,No lexical entry yet.
וְלֹא,ולא,12,65,60,,,,,,claims_below_safe_min60,No strict claim >=60%.
וּלְגַלּוֹת,ולגלות,1,65,60,,,,,,claims_below_safe_min60,No strict claim >=60%.
וּלְהוֹסִיף,ולהוסיפ,1,65,60,,,,,,claims_below_safe_min60,No strict claim >=60%.
וּלְהַחֲיוֹת,ולהחיות,1,91,60,claim-1b2c4ed9c3497d74 | claim-1f4a42331591793b,and causatively | to live | whether literally | figuratively | causatively | to revive | keep (leave | make) alive | × certainly,OpenScriptures morphHB,H2421,CC BY 4.0,safe_claims_min60,
וְלוֹקֵחַ,ולוקח,1,0,60,,,,,,unresolved,No lexical entry yet.
וּלְחָצוּם,ולחצומ,1,0,60,,,,,,unresolved,No lexical entry yet.
וְלַיְלָה,ולילה,2,90,60,claim-c2b5098d11ba9bb2 | claim-04351c74cbb817d1 | claim-51e405a127af4c62,"and night | night, period from sunset to sunrise in each twenty-four hours | night",Wikidata Lexeme | OpenScriptures morphHB,L65943 | H3915,CC0 | CC BY 4.0,safe_claims_min60,
וְלָמָּה,ולמה,2,0,60,,,,,,unresolved,No lexical entry yet.
וּלְפָנָיו,ולפניו,1,91,60,claim-2ba9102dc0cdd871 | claim-b6cf62d00d74f10a,and to accept | and for accept | and of accept | and to against | and for against | and of against | and to anger | and for anger | the face (as the part that turns) | used in a great variety of applications (literally and figuratively) | also (with prepositional prefix) as a preposition ( before | etc.) | accept | a-(be-) fore(-time) | against | anger,OpenScriptures morphHB,H6440,CC BY 4.0,safe_claims_min60,
וּמְבָרֵךְ,ומברכ,5,0,60,,,,,,unresolved,No lexical entry yet.
וּמְבָרְכִין,ומברכינ,1,0,60,,,,,,unresolved,No lexical entry yet.
וּמְדִינָה,ומדינה,2,95,60,claim-c0666fc0b555ecb7,properly | a judgeship | i.e. jurisdiction | by implication | a district (as ruled by a judge) | generally | a region | (× every) province.,OpenScriptures HebrewLexicon,H4082,CC BY 4.0,safe_claims_min60,
וּמְדַלֵּג,ומדלג,3,0,60,,,,,,unresolved,No lexical entry yet.
וּמַדְלִיק,ומדליק,1,0,60,,,,,,unresolved,No lexical entry yet.
וּמַדְלִיקָהּ,ומדליקה,1,0,60,,,,,,unresolved,No lexical entry yet.
וּמַדְלִיקִין,ומדליקינ,1,0,60,,,,,,unresolved,No lexical entry yet.
וּמוֹסִיף,ומוסיפ,1,0,60,,,,,,unresolved,No lexical entry yet.
וּמוֹסִיפִין,ומוסיפינ,1,0,60,,,,,,unresolved,No lexical entry yet.
וּמְחַנְּכִין,ומחנכינ,1,0,60,,,,,,unresolved,No lexical entry yet.
וּמִנְהַג,ומנהג,1,0,60,,,,,,unresolved,No lexical entry yet.
וּמִנְהָג,ומנהג,1,0,60,,,,,,unresolved,No lexical entry yet.
וּמֵעוֹלָם,ומעולמ,1,95,60,claim-4d4683c36583f3e4,properly | concealed | i.e. the vanishing point | generally | time out of mind (past | future) | i.e. (practically) eternity | frequentatively,OpenScriptures HebrewLexicon,H5769,CC BY 4.0,safe_claims_min60,
וּמְפֹאָרָה,ומפארה,1,0,60,,,,,,unresolved,No lexical entry yet.
וּמִפְּנֵי,ומפני,1,95,60,claim-b6cf62d00d74f10a,the face (as the part that turns) | used in a great variety of applications (literally and figuratively) | also (with prepositional prefix) as a preposition ( before | etc.) | accept | a-(be-) fore(-time) | against | anger,OpenScriptures morphHB,H6440,CC BY 4.0,safe_claims_min60,
וּמִצְוָה,ומצוה,1,95,60,claim-1e130fa5d742d31f,(intensively) to constitute | enjoin | appoint | (for-) bid | (give a) charge | (give a | give in | send with) command(-er,OpenScriptures morphHB,H6680,CC BY 4.0,safe_claims_min60,
וּמַקְדִּימִין,ומקדימינ,1,0,60,,,,,,unresolved,No lexical entry yet.
וּמָקוֹם,ומקומ,4,95,60,claim-2dd2ace5f333a49f,properly | a standing | i.e. a spot | but used widely of a locality (general | specific) | also (figuratively) of a condition (of body | mind) | country,OpenScriptures morphHB,H4725,CC BY 4.0,safe_claims_min60,
וּמִשְׁלוֹחַ,ומשלוח,3,0,60,,,,,,unresolved,No lexical entry yet.
וּמִשְׁתֶּה,ומשתה,1,0,60,,,,,,unresolved,No lexical entry yet.
וּמִשְׁתַּתֵּף,ומשתתפ,1,0,60,,,,,,unresolved,No lexical entry yet.
וּמַתָּנוֹת,ומתנות,2,0,60,,,,,,unresolved,No lexical entry yet.
וּמֻתָּר,ומתר,2,0,60,,,,,,unresolved,No lexical entry yet.
וְנֶהֶרְגוּ,ונהרגו,1,0,60,,,,,,unresolved,No lexical entry yet.
וְנוֹחַ,ונוח,1,0,60,,,,,,unresolved,No lexical entry yet.
וְנִכְנְסוּ,ונכנסו,2,0,60,,,,,,unresolved,No lexical entry yet.
וְנִמְצְאוּ,ונמצאו,1,0,60,,,,,,unresolved,No lexical entry yet.
וְנָעִים,ונעימ,1,95,60,claim-227647dfb6dc0af7,delightful (objective | subjective | literal | figurative) | pleasant(-ure) | sweet.,OpenScriptures morphHB,H5273,CC BY 4.0,safe_claims_min60,
וְנֵר,ונר,3,65,60,,,,,,claims_below_safe_min60,No strict claim >=60%.
וְנֵרוֹת,ונרות,1,0,60,,,,,,unresolved,No lexical entry yet.
וְנָשִׁים,ונשימ,1,0,60,,,,,,unresolved,No lexical entry yet.
וְנִתְעַכֵּב,ונתעכב,1,0,60,,,,,,unresolved,No lexical entry yet.
וּסְעֻדַּת,וסעדת,1,0,60,,,,,,unresolved,No lexical entry yet.
וַעֲבָדִים,ועבדימ,1,0,60,,,,,,unresolved,No lexical entry yet.
וְעַד,ועד,3,65,60,,,,,,claims_below_safe_min60,No strict claim >=60%.
וָעֶד,ועד,1,65,60,,,,,,claims_below_safe_min60,No strict claim >=60%.
וְעוֹשֶׂה,ועושה,1,65,60,,,,,,claims_below_safe_min60,No strict claim >=60%.
וַעֲיָרוֹת,ועירות,1,0,60,,,,,,unresolved,No lexical entry yet.
וְעַל,ועל,1,65,60,,,,,,claims_below_safe_min60,No strict claim >=60%.
וְעָמַד,ועמד,1,0,60,,,,,,unresolved,No lexical entry yet.
וְעִקַּר,ועקר,1,0,60,,,,,,unresolved,No lexical entry yet.
וְעֶשְׂרִים,ועשרימ,1,0,60,,,,,,unresolved,No lexical entry yet.
וַעֲשֶׂרֶת,ועשרת,1,0,60,,,,,,unresolved,No lexical entry yet.
וּפוֹשֵׁט,ופושט,1,0,60,,,,,,unresolved,No lexical entry yet.
וָפַחַד,ופחד,1,0,60,,,,,,unresolved,No lexical entry yet.
וּפָרְצוּ,ופרצו,1,0,60,,,,,,unresolved,No lexical entry yet.
וּפֶרֶק,ופרק,1,0,60,,,,,,unresolved,No lexical entry yet.
וּפָשְׁטוּ,ופשטו,1,0,60,,,,,,unresolved,No lexical entry yet.
וּפְתִילָה,ופתילה,1,0,60,,,,,,unresolved,No lexical entry yet.
וְצַדִּיקִים,וצדיקימ,1,95,60,claim-d31e7f302a204224,just | lawful | righteous (man).,OpenScriptures morphHB,H6662,CC BY 4.0,safe_claims_min60,
וְצִוָּנוּ,וצונו,4,0,60,,,,,,unresolved,No lexical entry yet.
וְצָר,וצר,1,0,60,,,,,,unresolved,No lexical entry yet.
וְצָרִיךְ,וצריכ,4,65,60,,,,,,claims_below_safe_min60,No strict claim >=60%.
וּצְרִיכָה,וצריכה,1,0,60,,,,,,unresolved,No lexical entry yet.
וְקִדּוּשׁ,וקדוש,1,95,60,claim-890b434c8eee4e6e,sacred (ceremonially | morally) | (as noun) God (by eminence) | an angel | a saint | a sanctuary | holy (One) | saint.,OpenScriptures morphHB,H6918,CC BY 4.0,safe_claims_min60,
וְקוֹרֵא,וקורא,2,95,60,claim-12935173f5aeb639,Kore | the name of two Israelites | Kore.,OpenScriptures HebrewLexicon,H6981,CC BY 4.0,safe_claims_min60,
וְקוֹרְאִים,וקוראימ,2,0,60,,,,,,unresolved,No lexical entry yet.
וְקוֹרְאִין,וקוראינ,10,0,60,,,,,,unresolved,No lexical entry yet.
וְקָטָן,וקטנ,1,0,60,,,,,,unresolved,No lexical entry yet.
וְקַיָּם,וקימ,1,65,60,,,,,,claims_below_safe_min60,No strict claim >=60%.
וְקִיְּמָנוּ,וקימנו,2,0,60,,,,,,unresolved,No lexical entry yet.
וְקַנְקַנְתּוֹם,וקנקנתומ,1,0,60,,,,,,unresolved,No lexical entry yet.
וְקָרָא,וקרא,7,0,60,,,,,,unresolved,No lexical entry yet.
וּקְרָאָהּ,וקראה,1,0,60,,,,,,unresolved,No lexical entry yet.
וְקָרְאוּ,וקראו,2,0,60,,,,,,unresolved,No lexical entry yet.
וּקְרָאָן,וקראנ,1,0,60,,,,,,unresolved,No lexical entry yet.
וְרִאשׁוֹן,וראשונ,1,89,60,claim-5acf836ef2a1db1c | claim-fbe5f00ae808ddcc,and first | first,Wikidata Lexeme,L68024,CC0,safe_claims_min60,
וְשָׁהָה,ושהה,2,0,60,,,,,,unresolved,No lexical entry yet.
וְשֶׁהֶחֱיָנוּ,ושהחינו,2,0,60,,,,,,unresolved,No lexical entry yet.
וְשׁוֹאֲלִין,ושואלינ,1,0,60,,,,,,unresolved,No lexical entry yet.
וְשׁוֹתֶה,ושותה,1,0,60,,,,,,unresolved,No lexical entry yet.
וְשָׁכַח,ושכח,1,0,60,,,,,,unresolved,No lexical entry yet.
וְשָׁלֹשׁ,ושלש,3,0,60,,,,,,unresolved,No lexical entry yet.
וּשְׁמוֹנָה,ושמונה,2,0,60,,,,,,unresolved,No lexical entry yet.
וּשְׁמוֹנַת,ושמונת,1,0,60,,,,,,unresolved,No lexical entry yet.
וּשְׁמָעָהּ,ושמעה,1,0,60,,,,,,unresolved,No lexical entry yet.
וּשְׁנֵי,ושני,3,65,60,,,,,,claims_below_safe_min60,No strict claim >=60%.
וּשְׁנֵיהֶם,ושניהמ,1,65,60,,,,,,claims_below_safe_min60,No strict claim >=60%.
וְשֶׁעָשָׂה,ושעשה,1,0,60,,,,,,unresolved,No lexical entry yet.
וְתַעֲנִית,ותענית,5,0,60,,,,,,unresolved,No lexical entry yet.
זֶה,זה,10,99,60,claim-1a71b35e57d430be,this | this one,Project-authored function word table,project-function-word:zeh,project-authored / CC0,safe_claims_min60,
זֶהוּ,זהו,1,52,60,,,,,,claims_below_safe_min60,No strict claim >=60%.
זוֹ,זו,6,99,60,claim-66e70c1f43d1f13a,this | this one,Project-authored function word table,project-function-word:zu,project-authored / CC0,safe_claims_min60,
זֵיתִים,זיתימ,1,0,60,,,,,,unresolved,No lexical entry yet.
זִכְרוֹן,זכרונ,2,93,60,claim-3974c84dfd789f4b,"memory, information stored in the mind, or the mental processes involved in receiving, storing, and retrieving this information | memory",Wikidata Lexeme,L65053,CC0,safe_claims_min60,
זִכָּרוֹן,זכרונ,1,93,60,claim-3974c84dfd789f4b,"memory, information stored in the mind, or the mental processes involved in receiving, storing, and retrieving this information | memory",Wikidata Lexeme,L65053,CC0,safe_claims_min60,
זְכָרָנוּ,זכרנו,1,0,60,,,,,,unresolved,No lexical entry yet.
זְמַן,זמנ,6,65,60,,,,,,claims_below_safe_min60,No strict claim >=60%.
זְמַנֵּי,זמני,1,0,60,,,,,,unresolved,No lexical entry yet.
זְמַנִּים,זמנימ,1,0,60,,,,,,unresolved,No lexical entry yet.
זְמַנָּם,זמנמ,1,0,60,,,,,,unresolved,No lexical entry yet.
זָקוּק,זקוק,1,0,60,,,,,,unresolved,No lexical entry yet.
ח,ח,1,52,60,,,,,,claims_below_safe_min60,No strict claim >=60%.
חֲבִיבָה,חביבה,1,0,60,,,,,,unresolved,No lexical entry yet.
חֲבֵרוֹ,חברו,1,65,60,,,,,,claims_below_safe_min60,No strict claim >=60%.
חֳדָשִׁים,חדשימ,2,65,60,,,,,,claims_below_safe_min60,No strict claim >=60%.
חוֹבַת,חובת,1,93,60,claim-0a3e1db9ba3bcc92,duty/obligation | obligation,Wikidata Lexeme,L65150,CC0,safe_claims_min60,
חוֹבָתוֹ,חובתו,8,0,60,,,,,,unresolved,No lexical entry yet.
חוֹזֵר,חוזר,2,0,60,,,,,,unresolved,No lexical entry yet.
חוֹזְרִים,חוזרימ,1,52,60,,,,,,claims_below_safe_min60,No strict claim >=60%.
חוֹזְרִין,חוזרינ,4,0,60,,,,,,unresolved,No lexical entry yet.
חוֹמָה,חומה,6,0,60,,,,,,unresolved,No lexical entry yet.
חוּץ,חוצ,3,93,60,claim-d517da73c6d0e86a,exterior,Wikidata Lexeme,L65195,CC0,safe_claims_min60,
חָזַר,חזר,1,0,60,,,,,,unresolved,No lexical entry yet.
חַי,חי,1,65,60,,,,,,claims_below_safe_min60,No strict claim >=60%.
חַיָּב,חיב,4,0,60,,,,,,unresolved,No lexical entry yet.
חַיָּבִים,חיבימ,2,52,60,,,,,,claims_below_safe_min60,No strict claim >=60%.
חֲכָמִים,חכמימ,4,93,60,claim-22409976b4b41e0c,hakham | wise man | wise (adj.),Wikidata Lexeme,L65269,CC0,safe_claims_min60,
חָל,חל,7,65,60,,,,,,claims_below_safe_min60,No strict claim >=60%.
חַלָּמִישׁ,חלמיש,1,0,60,,,,,,unresolved,No lexical entry yet.
חִלְּקוּ,חלקו,1,65,60,,,,,,claims_below_safe_min60,No strict claim >=60%.
חֻמְּשֵׁי,חמשי,1,0,60,,,,,,unresolved,No lexical entry yet.
חֲנֻכָּה,חנכה,23,0,60,,,,,,unresolved,No lexical entry yet.
חֲסֵרָה,חסרה,2,65,60,,,,,,claims_below_safe_min60,No strict claim >=60%.
חֲצִי,חצי,1,0,60,,,,,,unresolved,No lexical entry yet.
חֶצְיָהּ,חציה,3,0,60,,,,,,unresolved,No lexical entry yet.
חָצֵר,חצר,1,0,60,,,,,,unresolved,No lexical entry yet.
חֲרֵבָה,חרבה,1,0,60,,,,,,unresolved,No lexical entry yet.
חֲרֵבִין,חרבינ,1,0,60,,,,,,unresolved,No lexical entry yet.
חֵרֵשׁ,חרש,1,65,60,,,,,,claims_below_safe_min60,No strict claim >=60%.
חָשׁוּב,חשוב,1,95,60,claim-d72b9447a8dda95a,Chashshub | the name of two | three Israelites | Hashub | Hasshub.,OpenScriptures HebrewLexicon,H2815,CC BY 4.0,safe_claims_min60,
חַשְׁמוֹנַאי,חשמונאי,1,0,60,,,,,,unresolved,No lexical entry yet.
ט,ט,5,52,60,,,,,,claims_below_safe_min60,No strict claim >=60%.
ט״ו,ט״ו,4,0,60,,,,,,unresolved,No lexical entry yet.
טָהוֹר,טהור,2,65,60,,,,,,claims_below_safe_min60,No strict claim >=60%.
טו,טו,1,52,60,,,,,,claims_below_safe_min60,No strict claim >=60%.
טוֹב,טוב,3,65,60,,,,,,claims_below_safe_min60,No strict claim >=60%.
טז,טז,1,0,60,,,,,,unresolved,No lexical entry yet.
י״א,י״א,1,0,60,,,,,,unresolved,No lexical entry yet.
י״ב,י״ב,1,0,60,,,,,,unresolved,No lexical entry yet.
י״ג,י״ג,1,0,60,,,,,,unresolved,No lexical entry yet.
י״ד,י״ד,9,0,60,,,,,,unresolved,No lexical entry yet.
יֹּאכַל,יאכל,1,0,60,,,,,,unresolved,No lexical entry yet.
יֹאמַר,יאמר,1,93,60,claim-b466e54df6a2e08f,to communicate something by speech; to say,Wikidata Lexeme,L205030,CC0,safe_claims_min60,
יֹאמְרוּ,יאמרו,1,93,60,claim-b466e54df6a2e08f,to communicate something by speech; to say,Wikidata Lexeme,L205030,CC0,safe_claims_min60,
יב,יב,2,0,60,,,,,,unresolved,No lexical entry yet.
יְבֻטַּל,יבטל,1,0,60,,,,,,unresolved,No lexical entry yet.
יִבָּטְלוּ,יבטלו,1,0,60,,,,,,unresolved,No lexical entry yet.
"יְבָרֵךְ""","יברכ""",1,0,60,,,,,,unresolved,No lexical entry yet.
יָדוֹ,ידו,2,65,60,,,,,,claims_below_safe_min60,No strict claim >=60%.
יָדוּעַ,ידוע,1,65,60,,,,,,claims_below_safe_min60,No strict claim >=60%.
יְדוּעִים,ידועימ,1,63,60,,,,,,claims_below_safe_min60,No strict claim >=60%.
יְדֵי,ידי,8,65,60,,,,,,claims_below_safe_min60,No strict claim >=60%.
יָדָם,ידמ,1,65,60,,,,,,claims_below_safe_min60,No strict claim >=60%.
"יָהּ""","יה""",1,0,60,,,,,,unresolved,No lexical entry yet.
יְהוֹשֻׁעַ,יהושע,6,93,60,claim-dc823c3fac5a2165,biblical character | Joshua | male given name | Yoshua,Wikidata Lexeme,L490082,CC0,safe_claims_min60,
יְהִי,יהי,1,65,60,,,,,,claims_below_safe_min60,No strict claim >=60%.
יְהַלְלוּךָ,יהללוכ,1,0,60,,,,,,unresolved,No lexical entry yet.
יוֹדוּ,יודו,1,0,60,,,,,,unresolved,No lexical entry yet.
יוֹדֵעַ,יודע,1,65,60,,,,,,claims_below_safe_min60,No strict claim >=60%.
יוֹם,יומ,17,93,60,claim-b35bd5308d6dd3d0,daylight,Wikidata Lexeme,L65548,CC0,safe_claims_min60,
יָוָן,יונ,1,0,60,,,,,,unresolved,No lexical entry yet.
יְוָנִית,יונית,1,0,60,,,,,,unresolved,No lexical entry yet.
יוֹצֵא,יוצא,1,65,60,,,,,,claims_below_safe_min60,No strict claim >=60%.
יוֹשֵׁב,יושב,2,65,60,,,,,,claims_below_safe_min60,No strict claim >=60%.
יוֹתֵר,יותר,1,65,60,,,,,,claims_below_safe_min60,No strict claim >=60%.
יז,יז,1,0,60,,,,,,unresolved,No lexical entry yet.
יְזַלְזְלוּ,יזלזלו,1,0,60,,,,,,unresolved,No lexical entry yet.
יח,יח,2,0,60,,,,,,unresolved,No lexical entry yet.
יָחִיד,יחיד,1,65,60,,,,,,claims_below_safe_min60,No strict claim >=60%.
יט,יט,2,95,60,claim-4bba025895fe0095,to stretch | spread out | by implication | to bend away (including moral deflection) | used in a great variety of application (as follows) | afternoon | apply | bow (down,OpenScriptures morphHB,H5186,CC BY 4.0,safe_claims_min60,
יִטּל,יטל,1,0,60,,,,,,unresolved,No lexical entry yet.
יַיִן,יינ,1,0,60,,,,,,unresolved,No lexical entry yet.
יִכְפּל,יכפל,1,0,60,,,,,,unresolved,No lexical entry yet.
יְמֵי,ימי,10,65,60,,,,,,claims_below_safe_min60,No strict claim >=60%.
יָמִים,ימימ,5,65,60,,,,,,claims_below_safe_min60,No strict claim >=60%.
יִמְלוֹךְ,ימלוכ,1,65,60,,,,,,claims_below_safe_min60,No strict claim >=60%.
יָסוּף,יסופ,1,95,60,claim-1716b60480ee33de,to snatch away | i.e. terminate | consume | have an end | perish | × be utterly.,OpenScriptures HebrewLexicon,H5486,CC BY 4.0,safe_claims_min60,
יַעַבְרוּ,יעברו,1,0,60,,,,,,unresolved,No lexical entry yet.
יַעֲקֹב,יעקב,1,93,60,claim-62a7f0dcf52c330e,Jacob | Yaacov,Wikidata Lexeme,L78289,CC0,safe_claims_min60,
יָפֶה,יפה,1,65,60,,,,,,claims_below_safe_min60,No strict claim >=60%.
יַפְסִיק,יפסיק,1,0,60,,,,,,unresolved,No lexical entry yet.
יָצָא,יצא,26,65,60,,,,,,claims_below_safe_min60,No strict claim >=60%.
יָצְאוּ,יצאו,3,65,60,,,,,,claims_below_safe_min60,No strict claim >=60%.
יִקְרָא,יקרא,2,65,60,,,,,,claims_below_safe_min60,No strict claim >=60%.
יֵשׁ,יש,2,95,60,claim-956a286c156cb6ba,there is | are ( | any other form of the verb to be | as may suit the connection) | (there) are | (he | it | shall,OpenScriptures HebrewLexicon,H3426,CC BY 4.0,safe_claims_min60,
יַשְׁלִים,ישלימ,1,95,60,claim-a14f29045dcfec63,to be safe (in mind | body | estate) | figuratively | to be (causatively | make ) completed | by implication | to be friendly,OpenScriptures morphHB,H7999,CC BY 4.0,safe_claims_min60,
יִשְׁמַע,ישמע,2,93,60,claim-61ebef4d9811e478,to hear/listen,Wikidata Lexeme,L219738,CC0,safe_claims_min60,
ישעיה,ישעיה,2,0,60,,,,,,unresolved,No lexical entry yet.
יִשְׂרָאֵל,ישראל,9,95,60,claim-f1f097ae423048bc,Israel,OpenScriptures HebrewLexicon,H3479,CC BY 4.0,safe_claims_min60,
יֶתֶר,יתר,3,65,60,,,,,,claims_below_safe_min60,No strict claim >=60%.
יְתֵרָה,יתרה,3,65,60,,,,,,claims_below_safe_min60,No strict claim >=60%.
כ״ה,כ״ה,1,0,60,,,,,,unresolved,No lexical entry yet.
כא,כא,1,0,60,,,,,,unresolved,No lexical entry yet.
כְּאִגֶּרֶת,כאגרת,1,0,60,,,,,,unresolved,No lexical entry yet.
כְּאֶחָד,כאחד,2,95,60,claim-ad20f0370b460ed0,properly | united | i.e. one | (as an ordinal) first | alike | alone | altogether | and,OpenScriptures morphHB,H259,CC BY 4.0,safe_claims_min60,
כְּאִלּוּ,כאלו,1,90,60,claim-cd917648078fc5d9 | claim-26b8fa4482fe7208 | claim-40c3a84d4dc24d5d | claim-f303af2fe5552d24 | claim-70271a3f7b184f91 | claim-9f62584c83e09ff3,as this/that | like this/that | as demonstrative pronoun | like demonstrative pronoun | this/that | demonstrative pronoun,Wikidata Lexeme | OpenScriptures morphHB | OpenScriptures HebrewLexicon,L492094 | H352 | H413 | H431 | H432,CC0 | CC BY 4.0,safe_claims_min60,
כְּאַנְשֵׁי,כאנשי,1,90,60,claim-2241336c7362e860 | claim-fa723aafe83de573 | claim-596bc8cfde01bcca,"as person, human, man | like person, human, man | as man | like man | person, human, man | man",Wikidata Lexeme | OpenScriptures morphHB,L63920 | H376,CC0 | CC BY 4.0,safe_claims_min60,
כב,כב,1,0,60,,,,,,unresolved,No lexical entry yet.
כְּבוֹד,כבוד,1,93,60,claim-6ccf2a14fa35d710,"respect, feeling of regard for someone or something | respect",Wikidata Lexeme,L65667,CC0,safe_claims_min60,
כָּבוֹד,כבוד,1,93,60,claim-6ccf2a14fa35d710,"respect, feeling of regard for someone or something | respect",Wikidata Lexeme,L65667,CC0,safe_claims_min60,
כִּבְנֵי,כבני,1,0,60,,,,,,unresolved,No lexical entry yet.
כְּגוֹן,כגונ,1,0,60,,,,,,unresolved,No lexical entry yet.
כְּדֵי,כדי,12,65,60,,,,,,claims_below_safe_min60,No strict claim >=60%.
כְּדֶרֶךְ,כדרכ,2,89,60,claim-de1743f267703d13 | claim-4c8c8ce38f91feda,"as thoroughfare | like thoroughfare | thoroughfare, transportation route connecting one location to another | thoroughfare",Wikidata Lexeme,L64752,CC0,safe_claims_min60,
כֹּהֲנִים,כהנימ,1,95,60,claim-79ee0db7b41d911c,literally one officiating | a priest | also (by courtesy) an acting priest (although a layman) | chief ruler | × own | priest | prince | principal officer.,OpenScriptures morphHB,H3548,CC BY 4.0,safe_claims_min60,
כוּ׳,כו׳,1,99,60,claim-84c406203fafec18,etc. | and so forth,Project-authored abbreviation table,project-abbreviation:kaf-vav,project-authored / CC0,safe_claims_min60,
כִּוִּן,כונ,1,0,60,,,,,,unresolved,No lexical entry yet.
כִּוֵּן,כונ,1,0,60,,,,,,unresolved,No lexical entry yet.
כַּוָּנָה,כונה,1,0,60,,,,,,unresolved,No lexical entry yet.
כּוֹפְלִין,כופלינ,2,0,60,,,,,,unresolved,No lexical entry yet.
כּוֹתֵב,כותב,1,0,60,,,,,,unresolved,No lexical entry yet.
כּוֹתְבָהּ,כותבה,1,0,60,,,,,,unresolved,No lexical entry yet.
כּוֹתְבִין,כותבינ,1,0,60,,,,,,unresolved,No lexical entry yet.
כח,כח,1,95,60,claim-b433ec27bc95f265,vigor | literally (force | in a good | a bad sense) | figuratively (capacity | means | produce) | also (from its hardiness) a large lizard,OpenScriptures HebrewLexicon,H3581,CC BY 4.0,safe_claims_min60,
כַּחֲמִשָּׁה,כחמשה,1,0,60,,,,,,unresolved,No lexical entry yet.
כִּי,כי,5,99,60,claim-f99f3e948d4710fa,because | for | that | when,Project-authored function word table,project-function-word:ki,project-authored / CC0,safe_claims_min60,
כִּימֵי,כימי,1,95,60,claim-f540ffb1ca27e5ca,a day (as the warm hours) | whether literal (from sunrise to sunset | from one sunset to the next) | figurative (a space of time defined by an associated term) | (often used adverb) | age | always | chronicals,OpenScriptures morphHB,H3117,CC BY 4.0,safe_claims_min60,
כֵּיצַד,כיצד,10,0,60,,,,,,unresolved,No lexical entry yet.
כָּךְ,ככ,3,93,60,claim-2a4f212a40ac96a0,"thus; so, such; in that way",Wikidata Lexeme,L492026,CC0,safe_claims_min60,
כִּכְפָר,ככפר,1,0,60,,,,,,unresolved,No lexical entry yet.
כִּכְרַךְ,ככרכ,1,0,60,,,,,,unresolved,No lexical entry yet.
כָּל,כל,23,99,60,claim-1a08715721dea950,all | every | any,Project-authored function word table,project-function-word:kol,project-authored / CC0,safe_claims_min60,
כֻּלָּהּ,כלה,4,65,60,,,,,,claims_below_safe_min60,No strict claim >=60%.
כֻּלּוֹ,כלו,2,65,60,,,,,,claims_below_safe_min60,No strict claim >=60%.
כְּלוּם,כלומ,4,65,60,,,,,,claims_below_safe_min60,No strict claim >=60%.
כְּלִי,כלי,2,65,60,,,,,,claims_below_safe_min60,No strict claim >=60%.
כְּלָל,כלל,1,65,60,,,,,,claims_below_safe_min60,No strict claim >=60%.
כִּמְדוּרָה,כמדורה,1,0,60,,,,,,unresolved,No lexical entry yet.
כַּמָּה,כמה,1,65,60,,,,,,claims_below_safe_min60,No strict claim >=60%.
כְּמוֹ,כמו,1,65,60,,,,,,claims_below_safe_min60,No strict claim >=60%.
כְּמִנְיַן,כמנינ,1,0,60,,,,,,unresolved,No lexical entry yet.
כִּמְקוֹמוֹ,כמקומו,1,91,60,claim-65a5fc6878502510 | claim-2dd2ace5f333a49f,as a standing | like a standing | as country | like country | properly | a standing | i.e. a spot | but used widely of a locality (general | specific) | also (figuratively) of a condition (of body | mind) | country,OpenScriptures morphHB,H4725,CC BY 4.0,safe_claims_min60,
כֵן,כנ,1,99,60,claim-2fa8b304f205db7c,so | thus | yes,Project-authored function word table,project-function-word:ken,project-authored / CC0,safe_claims_min60,
כֵּן,כנ,2,99,60,claim-2fa8b304f205db7c,so | thus | yes,Project-authored function word table,project-function-word:ken,project-authored / CC0,safe_claims_min60,
כְּנֵסִיּוֹת,כנסיות,1,93,60,claim-516da1264eb068f1,gathering | The Knesset,Wikidata Lexeme,L65807,CC0,safe_claims_min60,
כְּנֵר,כנר,2,93,60,claim-c6b54d0629527131,violinist,Wikidata Lexeme,L78461,CC0,safe_claims_min60,
כְּסוּתוֹ,כסותו,1,0,60,,,,,,unresolved,No lexical entry yet.
כִּסְלֵו,כסלו,1,0,60,,,,,,unresolved,No lexical entry yet.
כְּסֵפֶר,כספר,3,0,60,,,,,,unresolved,No lexical entry yet.
כָּפָה,כפה,2,0,60,,,,,,unresolved,No lexical entry yet.
כְּפִי,כפי,1,65,60,,,,,,claims_below_safe_min60,No strict claim >=60%.
כְּפָר,כפר,1,0,60,,,,,,unresolved,No lexical entry yet.
כְּפָרִים,כפרימ,3,0,60,,,,,,unresolved,No lexical entry yet.
כִּקְרִיאַת,כקריאת,1,89,60,claim-5c2b8dfcb5db533c | claim-b48c9e86c3c5c928,as reading | like reading | reading,Wikidata Lexeme,L67973,CC0,safe_claims_min60,
כְּרָאשֵׁי,כראשי,1,0,60,,,,,,unresolved,No lexical entry yet.
כְּרַךְ,כרכ,2,63,60,,,,,,claims_below_safe_min60,No strict claim >=60%.
כְּרַכִּים,כרכימ,3,0,60,,,,,,unresolved,No lexical entry yet.
כְּרַכִּין,כרכינ,3,0,60,,,,,,unresolved,No lexical entry yet.
כְּשֶׁהוּא,כשהוא,1,93,60,claim-0147de2e5a5dfffc,male person or animal already known or implied,Wikidata Lexeme,L483496,CC0,safe_claims_min60,
כְּשֶׁהַקּוֹרֵא,כשהקורא,1,0,60,,,,,,unresolved,No lexical entry yet.
כְּשֶׁיֹּאמַר,כשיאמר,1,91,60,claim-86c86c8a0cb13014 | claim-b92b2c94e297b172,as answer | like answer | as appoint | like appoint | as avouch | like avouch | as bid | like bid | to say (used with great latitude) | answer | appoint | avouch | bid | boast self | call | certify,OpenScriptures morphHB,H559,CC BY 4.0,safe_claims_min60,
כְּשֶׁמַּלְכֵי,כשמלכי,1,0,60,,,,,,unresolved,No lexical entry yet.
כָּשֵׁר,כשר,3,0,60,,,,,,unresolved,No lexical entry yet.
כְּשֵׁרָה,כשרה,4,0,60,,,,,,unresolved,No lexical entry yet.
כְּשֵׁרוֹת,כשרות,1,0,60,,,,,,unresolved,No lexical entry yet.
כְּתָבָהּ,כתבה,2,0,60,,,,,,unresolved,No lexical entry yet.
כְּתוּבָה,כתובה,6,65,60,,,,,,claims_below_safe_min60,No strict claim >=60%.
כַּתּוֹרָה,כתורה,1,90,60,claim-5689dab399f2c221 | claim-112c69813b38bb1b | claim-7cd7d88ccc006230 | claim-dc80f5e51031619f,as Torah | like Torah | Torah,Wikidata Lexeme | OpenScriptures HebrewLexicon,L68591 | H8451 | H8452,CC0 | CC BY 4.0,safe_claims_min60,
לא,לא,1,99,60,claim-2f5c57cb53577edd,not | no,Project-authored function word table,project-function-word:lo,project-authored / CC0,safe_claims_min60,
לֹא,לא,34,99,60,claim-2f5c57cb53577edd,not | no,Project-authored function word table,project-function-word:lo,project-authored / CC0,safe_claims_min60,
לַאֲבוֹתֵינוּ,לאבותינו,3,91,60,claim-24a66881b604eae1 | claim-3ca6aa3292ae353f,to father | for father | of father | to chief | for chief | of chief | father | in a literal and immediate | figurative and remote application | chief | (fore-) father(-less) | × patrimony | principal. Compare names in 'Abi-'.,OpenScriptures morphHB,H1,CC BY 4.0,safe_claims_min60,
לָאֶבְיוֹנִים,לאביונימ,2,91,60,claim-545742a323a8d812 | claim-02667ffaf814ffdd,to destitute | for destitute | of destitute | to beggar | for beggar | of beggar | to needy | for needy | destitute | beggar | needy | poor (man).,OpenScriptures morphHB,H34,CC BY 4.0,safe_claims_min60,
"לָאֶבְיוֹנִים""","לאביונימ""",1,0,60,,,,,,unresolved,No lexical entry yet.
לָאָדָם,לאדמ,1,95,60,claim-68dfc66c12595a8e,ruddy i.e. a human being (an individual | the species | mankind | etc.) | × another | hypocrite | common sort | × low,OpenScriptures HebrewLexicon,H120,CC BY 4.0,safe_claims_min60,
לָאו,לאו,1,0,60,,,,,,unresolved,No lexical entry yet.
לְאוֹרָהּ,לאורה,1,65,60,,,,,,claims_below_safe_min60,No strict claim >=60%.
לְאוֹרוֹ,לאורו,1,95,60,claim-332a44d9bcdf19ba | claim-00e857a74a98d42c,to the nation | for the nation | belonging to the nation | of the nation | illumination | (concrete) luminary (in every sense | including lightning | happiness | etc.) | bright | clear | day,OpenScriptures morphHB,H216,CC BY 4.0,safe_claims_min60,
לְאֶחָד,לאחד,1,95,60,claim-ad20f0370b460ed0,properly | united | i.e. one | (as an ordinal) first | alike | alone | altogether | and,OpenScriptures morphHB,H259,CC BY 4.0,safe_claims_min60,
לְאַחַר,לאחר,1,65,60,,,,,,claims_below_safe_min60,No strict claim >=60%.
לְאִישׁ,לאיש,1,95,60,claim-8a0f44219fee9ac7,a man as an individual | a male person | often used as an adjunct to a more definite term (and in such cases frequently not expressed in translation) | also | another | any (man) | a certain | champion,OpenScriptures morphHB,H376,CC BY 4.0,safe_claims_min60,
לַאֲרָמִי,לארמי,1,0,60,,,,,,unresolved,No lexical entry yet.
לְאֶרֶץ,לארצ,2,95,60,claim-26ba20cd2ca80262,the earth (at large | partitively a land ) | × common | country | earth | field | ground | land,OpenScriptures morphHB,H776,CC BY 4.0,safe_claims_min60,
לָאָרֶץ,לארצ,1,95,60,claim-26ba20cd2ca80262,the earth (at large | partitively a land ) | × common | country | earth | field | ground | land,OpenScriptures morphHB,H776,CC BY 4.0,safe_claims_min60,
לְאִשְׁתּוֹ,לאשתו,1,0,60,,,,,,unresolved,No lexical entry yet.
לֵב,לב,3,65,60,,,,,,claims_below_safe_min60,No strict claim >=60%.
לִבְדֹּק,לבדק,1,0,60,,,,,,unresolved,No lexical entry yet.
לִבּוֹ,לבו,3,95,60,claim-fc4c943414cd6430,the heart | also used (figuratively) very widely for the feelings | the will and even the intellect | likewise for the centre of anything | care for | comfortably | consent | × considered,OpenScriptures morphHB,H3820,CC BY 4.0,safe_claims_min60,
לִבָּטֵל,לבטל,1,0,60,,,,,,unresolved,No lexical entry yet.
לַבַּיִת,לבית,1,65,60,,,,,,claims_below_safe_min60,No strict claim >=60%.
לִבְנֵי,לבני,4,65,60,,,,,,claims_below_safe_min60,No strict claim >=60%.
לְבָרֵךְ,לברכ,2,0,60,,,,,,unresolved,No lexical entry yet.
לִגְמֹר,לגמר,4,0,60,,,,,,unresolved,No lexical entry yet.
לָהּ,לה,4,65,60,,,,,,claims_below_safe_min60,No strict claim >=60%.
"לַה׳""","לה׳""",1,0,60,,,,,,unresolved,No lexical entry yet.
לְהַדְלִיק,להדליק,10,0,60,,,,,,unresolved,No lexical entry yet.
לְהַדְלִיקָהּ,להדליקה,1,0,60,,,,,,unresolved,No lexical entry yet.
לְהוֹדוֹת,להודות,1,95,60,claim-32df65448bfe8b7a,physically | to throw (a stone | an arrow) at | away | especially to revere | worship (with extended hands) | intensively | to bemoan (by wringing the hands),OpenScriptures morphHB,H3034,CC BY 4.0,safe_claims_min60,
לְהוֹדִיעַ,להודיע,2,95,60,claim-ab73bb72dc8c980f,to know (properly | to ascertain by seeing ) | used in a great variety of senses | figuratively | literally | euphemistically and inferentially (including observation | care | recognition,OpenScriptures morphHB,H3045,CC BY 4.0,safe_claims_min60,
לְהִזָּהֵר,להזהר,1,95,60,claim-579f5f824d5851c9,to gleam | figuratively | to enlighten (by caution) | admonish | shine | teach | (give) warn(-ing).,OpenScriptures morphHB,H2094,CC BY 4.0,safe_claims_min60,
לְהַזְכִּיר,להזכיר,1,0,60,,,,,,unresolved,No lexical entry yet.
לְהַחֲיוֹת,להחיות,1,95,60,claim-1f4a42331591793b,to live | whether literally | figuratively | causatively | to revive | keep (leave | make) alive | × certainly,OpenScriptures morphHB,H2421,CC BY 4.0,safe_claims_min60,
לִהְיוֹת,להיות,8,95,60,claim-0c2fb56957476647,to exist | i.e. be | become | come to pass (always emphatic | and not a mere copula | auxiliary) | beacon | × altogether,OpenScriptures morphHB,H1961,CC BY 4.0,safe_claims_min60,
לַהֵיכָל,להיכל,2,0,60,,,,,,unresolved,No lexical entry yet.
לָהֶם,להמ,4,65,60,,,,,,claims_below_safe_min60,No strict claim >=60%.
לְהַנִּיחוֹ,להניחו,1,0,60,,,,,,unresolved,No lexical entry yet.
לְהַפְסִיק,להפסיק,1,0,60,,,,,,unresolved,No lexical entry yet.
לְהַקְדִּים,להקדימ,1,65,60,,,,,,claims_below_safe_min60,No strict claim >=60%.
לְהַרְאוֹת,להראות,2,95,60,claim-5335abdf69914831,to see | literally | figuratively (in numerous applications | direct and implied | transitive | intransitive and causative) | advise self | appear,OpenScriptures morphHB,H7200,CC BY 4.0,safe_claims_min60,
לְהַרְבּוֹת,להרבות,1,95,60,claim-3ded9ded0169a1a6,to increase (in whatever respect) | (bring in) abundance (× -antly) | archer (by mistake for 7232 ) | be in authority | bring up | × continue | enlarge | excel,OpenScriptures morphHB,H7235,CC BY 4.0,safe_claims_min60,
לְהִשְׁתַּמֵּשׁ,להשתמש,3,0,60,,,,,,unresolved,No lexical entry yet.
לוֹ,לו,13,65,60,,,,,,claims_below_safe_min60,No strict claim >=60%.
לְזֶה,לזה,2,95,60,claim-2c153c1d677edecf,the masculine demonstrative pronoun | this | that | he | × hence | × here | it(-self) | × now,OpenScriptures morphHB,H2088,CC BY 4.0,safe_claims_min60,
לַזְּמַן,לזמנ,1,0,60,,,,,,unresolved,No lexical entry yet.
לְזַמֵּר,לזמר,1,0,60,,,,,,unresolved,No lexical entry yet.
לַחֲבֵרוֹ,לחברו,1,65,60,,,,,,claims_below_safe_min60,No strict claim >=60%.
לַחֲזֹר,לחזר,2,0,60,,,,,,unresolved,No lexical entry yet.
לְחַלֵּק,לחלק,1,65,60,,,,,,claims_below_safe_min60,No strict claim >=60%.
לַחֲלֹק,לחלק,1,65,60,,,,,,claims_below_safe_min60,No strict claim >=60%.
לַחַץ,לחצ,1,0,60,,,,,,unresolved,No lexical entry yet.
לִטּל,לטל,1,0,60,,,,,,unresolved,No lexical entry yet.
לְי״ד,לי״ד,1,0,60,,,,,,unresolved,No lexical entry yet.
לַיְלָה,לילה,3,93,60,claim-51e405a127af4c62,"night, period from sunset to sunrise in each twenty-four hours | night",Wikidata Lexeme,L65943,CC0,safe_claims_min60,
לֵילֵךְ,לילכ,1,0,60,,,,,,unresolved,No lexical entry yet.
לִימוֹת,לימות,1,0,60,,,,,,unresolved,No lexical entry yet.
לְיִשְׂרָאֵל,לישראל,4,65,60,,,,,,claims_below_safe_min60,No strict claim >=60%.
לְךָ,לכ,2,65,60,,,,,,claims_below_safe_min60,No strict claim >=60%.
לְכַבּוֹתָהּ,לכבותה,1,0,60,,,,,,unresolved,No lexical entry yet.
לְכָל,לכל,6,65,60,,,,,,claims_below_safe_min60,No strict claim >=60%.
לִכְפּל,לכפל,3,0,60,,,,,,unresolved,No lexical entry yet.
לַכְּרַךְ,לכרכ,1,0,60,,,,,,unresolved,No lexical entry yet.
לְכַתְּחִלָּה,לכתחלה,1,65,60,,,,,,claims_below_safe_min60,No strict claim >=60%.
לִמְדוּרָה,למדורה,1,0,60,,,,,,unresolved,No lexical entry yet.
לְמוֹצָאֵי,למוצאי,1,0,60,,,,,,unresolved,No lexical entry yet.
לִמְנוֹתָן,למנותנ,1,0,60,,,,,,unresolved,No lexical entry yet.
לְמַעְיְנוֹ,למעינו,1,91,60,claim-524c5c03b5974f43 | claim-9e6255d6561958fe,to fountain | for fountain | of fountain | to spring | for spring | of spring | to well | for well | a fountain (also collectively) | figuratively | a source (of satisfaction) | fountain | spring | well.,OpenScriptures morphHB,H4599,CC BY 4.0,safe_claims_min60,
לְמַעְלָה,למעלה,1,65,60,,,,,,claims_below_safe_min60,No strict claim >=60%.
לְמַפְרֵעַ,למפרע,4,0,60,,,,,,unresolved,No lexical entry yet.
לִמְקוֹמוֹ,למקומו,1,91,60,claim-57f521ceceb9b947 | claim-2dd2ace5f333a49f,to a standing | for a standing | of a standing | to country | for country | of country | properly | a standing | i.e. a spot | but used widely of a locality (general | specific) | also (figuratively) of a condition (of body | mind) | country,OpenScriptures morphHB,H4725,CC BY 4.0,safe_claims_min60,
לָנוּ,לנו,2,95,60,claim-ebc1de922b235b5c,to stop (usually over night) | by implication | to stay permanently | hence (in a bad sense) to be obstinate (especially in words | to complain) | abide (all night) | continue | dwell,OpenScriptures morphHB,H3885,CC BY 4.0,safe_claims_min60,
לְנֵר,לנר,2,0,60,,,,,,unresolved,No lexical entry yet.
לְסַלְּקָהּ,לסלקה,1,0,60,,,,,,unresolved,No lexical entry yet.
לְעַבֵּד,לעבד,1,65,60,,,,,,claims_below_safe_min60,No strict claim >=60%.
לְעוֹלָם,לעולמ,4,95,60,claim-4d4683c36583f3e4,properly | concealed | i.e. the vanishing point | generally | time out of mind (past | future) | i.e. (practically) eternity | frequentatively,OpenScriptures HebrewLexicon,H5769,CC BY 4.0,safe_claims_min60,
לֹעֵז,לעז,1,0,60,,,,,,unresolved,No lexical entry yet.
לָעִיר,לעיר,1,95,60,claim-1175b1f200e0af84,a city (a place guarded by waking | a watch) in the widest sense (even of a mere encampment | post ) | Ai (from margin) | city | court (from margin) | town.,OpenScriptures HebrewLexicon,H5892,CC BY 4.0,safe_claims_min60,
לָעֲנִיִּים,לעניימ,1,0,60,,,,,,unresolved,No lexical entry yet.
לַעֲסֹק,לעסק,1,0,60,,,,,,unresolved,No lexical entry yet.
לַעֲשׂוֹת,לעשות,3,95,60,claim-91a37b81bccac007,to do | make | in the broadest sense and widest application | accomplish | advance | appoint | apt | be at,OpenScriptures HebrewLexicon,H6213,CC BY 4.0,safe_claims_min60,
לְפוּרִים,לפורימ,1,0,60,,,,,,unresolved,No lexical entry yet.
לְפִי,לפי,4,93,60,claim-35935cca29e1d969,according to/per,Wikidata Lexeme,L212495,CC0,safe_claims_min60,
לְפִיכָךְ,לפיככ,3,93,60,claim-a8d2e6bd1ed9e740,therefore,Wikidata Lexeme,L492156,CC0,safe_claims_min60,
לְפָנָיו,לפניו,3,93,60,claim-b3b05c9f46e25838,before,Wikidata Lexeme,L491930,CC0,safe_claims_min60,
לְפֶרֶק,לפרק,1,0,60,,,,,,unresolved,No lexical entry yet.
לַפֶּתַח,לפתח,1,65,60,,,,,,claims_below_safe_min60,No strict claim >=60%.
לָצֵאת,לצאת,3,95,60,claim-2ddc9365305f704e,to go (causatively | bring ) out | in a great variety of applications | literally and figuratively | direct and proxim. | × after | appear | × assuredly,OpenScriptures morphHB,H3318,CC BY 4.0,safe_claims_min60,
לִצְדָקָה,לצדקה,1,0,60,,,,,,unresolved,No lexical entry yet.
לְצָרְכּוֹ,לצרכו,1,0,60,,,,,,unresolved,No lexical entry yet.
לְצָרְכֵי,לצרכי,1,0,60,,,,,,unresolved,No lexical entry yet.
לְקִדּוּשׁ,לקדוש,1,95,60,claim-890b434c8eee4e6e,sacred (ceremonially | morally) | (as noun) God (by eminence) | an angel | a saint | a sanctuary | holy (One) | saint.,OpenScriptures morphHB,H6918,CC BY 4.0,safe_claims_min60,
לְקַיֵּם,לקימ,1,95,60,claim-ac0e07442cf948f6,to rise (in various applications | literal | figurative | intensive and causative) | abide | accomplish | × be clearer | confirm,OpenScriptures HebrewLexicon,H6965,CC BY 4.0,safe_claims_min60,
לִקְנוֹת,לקנות,1,95,60,claim-6da5541c4d93d07e,to erect | i.e. create | by extension | to procure | especially by purchase (causatively | sell ) | by implication to own | attain,OpenScriptures morphHB,H7069,CC BY 4.0,safe_claims_min60,
לִקְרוֹת,לקרות,2,0,60,,,,,,unresolved,No lexical entry yet.
לִקְרוֹתָהּ,לקרותה,3,0,60,,,,,,unresolved,No lexical entry yet.
לִקְרִיאַת,לקריאת,3,89,60,claim-3350ff25fa144085 | claim-b48c9e86c3c5c928,to reading | for reading | of reading | reading,Wikidata Lexeme,L67973,CC0,safe_claims_min60,
לְרֹאשׁ,לראש,1,65,60,,,,,,claims_below_safe_min60,No strict claim >=60%.
לְרֹב,לרב,1,0,60,,,,,,unresolved,No lexical entry yet.
לְרֵעֵהוּ,לרעהו,1,91,60,claim-7d0c020068c8a3ef | claim-43e51a2c42e2511b,to brother | for brother | of brother | to companion | for companion | of companion | to fellow | for fellow | an associate (more | less close) | brother | companion | fellow | friend | husband | lover,OpenScriptures morphHB,H7453,CC BY 4.0,safe_claims_min60,
"לְרֵעֵהוּ""","לרעהו""",1,0,60,,,,,,unresolved,No lexical entry yet.
לְרֵעָיו,לרעיו,1,0,60,,,,,,unresolved,No lexical entry yet.
לְרֵעִים,לרעימ,2,0,60,,,,,,unresolved,No lexical entry yet.
לִרְשׁוּת,לרשות,1,0,60,,,,,,unresolved,No lexical entry yet.
לִשְׁאָר,לשאר,1,95,60,claim-8388df6a47283d20,a remainder | × other | remnant | residue | rest.,OpenScriptures morphHB,H7605,CC BY 4.0,safe_claims_min60,
לַשְּׁכִינָה,לשכינה,1,0,60,,,,,,unresolved,No lexical entry yet.
לִשְׁלֹחַ,לשלח,2,0,60,,,,,,unresolved,No lexical entry yet.
לִשְׁמָהּ,לשמה,1,95,60,claim-668eda95f1acc012 | claim-fbbc76e587b8d1f0,to the nation | for the nation | belonging to the nation | of the nation | ruin | by implication | consternation | astonishment | desolate(-ion) | waste | wonderful thing.,OpenScriptures morphHB,H8047,CC BY 4.0,safe_claims_min60,
לְשַׂמֵּחַ,לשמח,1,95,60,claim-d667378a28c57fe6,probably to brighten up | i.e. (figuratively) be (causatively | make) blithe | gleesome | cheer up | be (make) glad | (have | make) joy(-ful),OpenScriptures morphHB,H8055,CC BY 4.0,safe_claims_min60,
לְשִׁמְךָ,לשמכ,2,0,60,,,,,,unresolved,No lexical entry yet.
לִשְׁמֹעַ,לשמע,2,65,60,,,,,,claims_below_safe_min60,No strict claim >=60%.
לִשְׁנֵי,לשני,2,65,60,,,,,,claims_below_safe_min60,No strict claim >=60%.
לִתְפֹּר,לתפר,1,0,60,,,,,,unresolved,No lexical entry yet.
מֵ,מ,1,0,60,,,,,,unresolved,No lexical entry yet.
מְאֹד,מאד,2,65,60,,,,,,claims_below_safe_min60,No strict claim >=60%.
מֵאָה,מאה,1,0,60,,,,,,unresolved,No lexical entry yet.
מְאַחֲרִין,מאחרינ,1,0,60,,,,,,unresolved,No lexical entry yet.
מָאתַיִם,מאתימ,1,0,60,,,,,,unresolved,No lexical entry yet.
מִבַּחוּץ,מבחוצ,1,65,60,,,,,,claims_below_safe_min60,No strict claim >=60%.
מְבַטְּלִים,מבטלימ,1,0,60,,,,,,unresolved,No lexical entry yet.
מְבַטְּלִין,מבטלינ,1,0,60,,,,,,unresolved,No lexical entry yet.
מִבִּפְנִים,מבפנימ,2,65,60,,,,,,claims_below_safe_min60,No strict claim >=60%.
מְבָרֵךְ,מברכ,9,0,60,,,,,,unresolved,No lexical entry yet.
מְבֹרָךְ,מברכ,1,0,60,,,,,,unresolved,No lexical entry yet.
מְבָרְכִין,מברכינ,6,0,60,,,,,,unresolved,No lexical entry yet.
מַגִּיהָהּ,מגיהה,1,0,60,,,,,,unresolved,No lexical entry yet.
מַגִּיעַ,מגיע,1,65,60,,,,,,claims_below_safe_min60,No strict claim >=60%.
מְגִלָּה,מגלה,6,65,60,,,,,,claims_below_safe_min60,No strict claim >=60%.
מִדִּבְרֵי,מדברי,5,65,60,,,,,,claims_below_safe_min60,No strict claim >=60%.
מִדִּבְרֵיהֶם,מדבריהמ,1,95,60,claim-3fa46add6f3b0eef,a word | by implication | a matter (as spoken of) | thing | adverbially | a cause | act | advice,OpenScriptures morphHB,H1697,CC BY 4.0,safe_claims_min60,
מְדוּרָה,מדורה,1,0,60,,,,,,unresolved,No lexical entry yet.
מְדִינָה,מדינה,2,93,60,claim-8937bbc73bd44c05,"country, distinct region in geography; a broad term that can include political divisions or regions associated with distinct political characteristics | country | state",Wikidata Lexeme,L66055,CC0,safe_claims_min60,
מְדַלְּגִין,מדלגינ,2,0,60,,,,,,unresolved,No lexical entry yet.
מַדְלִיק,מדליק,10,0,60,,,,,,unresolved,No lexical entry yet.
מַדְלִיקִין,מדליקינ,2,0,60,,,,,,unresolved,No lexical entry yet.
מְדַקְדְּקִין,מדקדקינ,2,0,60,,,,,,unresolved,No lexical entry yet.
מַה,מה,4,99,60,claim-e5a0fd48343918ba,what | what which | how,Project-authored function word table,project-function-word:mah,project-authored / CC0,safe_claims_min60,
מָה,מה,1,99,60,claim-e5a0fd48343918ba,what | what which | how,Project-authored function word table,project-function-word:mah,project-authored / CC0,safe_claims_min60,
מֵהֶם,מהמ,1,65,60,,,,,,claims_below_safe_min60,No strict claim >=60%.
מֵהֶן,מהנ,1,65,60,,,,,,claims_below_safe_min60,No strict claim >=60%.
מוּטָב,מוטב,2,0,60,,,,,,unresolved,No lexical entry yet.
מוֹכֵר,מוכר,1,65,60,,,,,,claims_below_safe_min60,No strict claim >=60%.
מְזוּזָה,מזוזה,1,0,60,,,,,,unresolved,No lexical entry yet.
"מִזַּרְעָם""","מזרעמ""",1,0,60,,,,,,unresolved,No lexical entry yet.
מַחֲלִיף,מחליפ,1,0,60,,,,,,unresolved,No lexical entry yet.
מְטֻשְׁטָשׁוֹת,מטשטשות,1,0,60,,,,,,unresolved,No lexical entry yet.
מִי,מי,3,65,60,,,,,,claims_below_safe_min60,No strict claim >=60%.
מִיָּדָם,מידמ,2,95,60,claim-436709c331adfa2e,a hand (the open one [indicating power | means | direction | etc.] | in distinction from 3709 | the closed one) | used (as noun | adverb,OpenScriptures morphHB,H3027,CC BY 4.0,safe_claims_min60,
"מָיִם""","מימ""",1,93,60,claim-def169bff301cffc | claim-d5c2fe1463d56ffa,water | clear liquid H₂O | liquid water,Wikidata Lexeme,L66237,CC0,safe_claims_min60,
מִימֵי,מימי,1,65,60,,,,,,claims_below_safe_min60,No strict claim >=60%.
מִיָּמִין,מימינ,1,65,60,,,,,,claims_below_safe_min60,No strict claim >=60%.
מִינֵי,מיני,5,65,60,,,,,,claims_below_safe_min60,No strict claim >=60%.
מְכַבֶּה,מכבה,1,91,60,claim-c05d4221197d7732 | claim-942d26c6bdf7c39f,from light | of light | from quench | of quench | to expire | (causatively) to extinguish (fire | light | anger) | go (put) out | quench.,OpenScriptures HebrewLexicon,H3518,CC BY 4.0,safe_claims_min60,
מַכִּיר,מכיר,1,65,60,,,,,,claims_below_safe_min60,No strict claim >=60%.
מִכָּל,מכל,1,95,60,claim-ee88321f0eef4ad7,properly | the whole | hence | all | any | every (in the singular only | but often in a plural sense) | (in) all (manner,OpenScriptures morphHB,H3605,CC BY 4.0,safe_claims_min60,
מִלֵּא,מלא,1,65,60,,,,,,claims_below_safe_min60,No strict claim >=60%.
מְלָאכָה,מלאכה,3,65,60,,,,,,claims_below_safe_min60,No strict claim >=60%.
מִלָּה,מלה,2,93,60,claim-ca443cc85686ecb8,word,Wikidata Lexeme,L79178,CC0,safe_claims_min60,
מִלְּהַרְבּוֹת,מלהרבות,1,91,60,claim-a84e5720824006f2 | claim-3ded9ded0169a1a6,from bring up | of bring up | from enlarge | of enlarge | from excel | of excel | to increase (in whatever respect) | (bring in) abundance (× -antly) | archer (by mistake for 7232 ) | be in authority | bring up | × continue | enlarge | excel,OpenScriptures morphHB,H7235,CC BY 4.0,safe_claims_min60,
מֶלֶךְ,מלכ,6,65,60,,,,,,claims_below_safe_min60,No strict claim >=60%.
מַלְכוּת,מלכות,2,65,60,,,,,,claims_below_safe_min60,No strict claim >=60%.
מִלְּשׁוֹנוֹת,מלשונות,1,89,60,claim-125a872c41c360ea | claim-58d387440acda539,"from tongue, Muscular organ in the mouth | of tongue, Muscular organ in the mouth | from tongue | of tongue | tongue, Muscular organ in the mouth | tongue",Wikidata Lexeme,L65977,CC0,safe_claims_min60,
מִמְּגִלַּת,ממגלת,1,0,60,,,,,,unresolved,No lexical entry yet.
מִמֶּנּוּ,ממנו,4,65,60,,,,,,claims_below_safe_min60,No strict claim >=60%.
מִמִּצְרַיִם,ממצרימ,1,95,60,claim-f96ddb151d74228b,Mitsrajim | i.e. Upper and Lower Egypt | Egypt | Egyptians | Mizraim.,OpenScriptures morphHB,H4714,CC BY 4.0,safe_claims_min60,
מִמִּצְרָיִם,ממצרימ,1,95,60,claim-f96ddb151d74228b,Mitsrajim | i.e. Upper and Lower Egypt | Egypt | Egyptians | Mizraim.,OpenScriptures morphHB,H4714,CC BY 4.0,safe_claims_min60,
מִמֵּת,ממת,1,0,60,,,,,,unresolved,No lexical entry yet.
מִן,מנ,9,99,60,claim-44aef48b4386cce6,from | out of | than,Project-authored function word table,project-function-word:min,project-authored / CC0,safe_claims_min60,
מִנְהַג,מנהג,1,0,60,,,,,,unresolved,No lexical entry yet.
מִנְהָג,מנהג,2,0,60,,,,,,unresolved,No lexical entry yet.
מִנְהָגוֹת,מנהגות,1,0,60,,,,,,unresolved,No lexical entry yet.
מְנוֹת,מנות,1,0,60,,,,,,unresolved,No lexical entry yet.
מָנוֹת,מנות,5,0,60,,,,,,unresolved,No lexical entry yet.
מַנִּיחַ,מניח,1,0,60,,,,,,unresolved,No lexical entry yet.
מַנִּיחוֹ,מניחו,1,0,60,,,,,,unresolved,No lexical entry yet.
מִנֵּר,מנר,1,0,60,,,,,,unresolved,No lexical entry yet.
מִסֵּפֶר,מספר,1,0,60,,,,,,unresolved,No lexical entry yet.
מְעֻבָּד,מעבד,1,0,60,,,,,,unresolved,No lexical entry yet.
מָעוֹת,מעות,4,0,60,,,,,,unresolved,No lexical entry yet.
מְעַט,מעט,1,65,60,,,,,,claims_below_safe_min60,No strict claim >=60%.
"מֵעֵינִי""","מעיני""",1,0,60,,,,,,unresolved,No lexical entry yet.
מֵעַם,מעמ,1,0,60,,,,,,unresolved,No lexical entry yet.
מַעֲשֶׂיךָ,מעשיכ,1,95,60,claim-bc8af92e7ef283c4,an action (good | bad) | generally | a transaction | abstractly | activity | by implication | a product (specifically,OpenScriptures morphHB,H4639,CC BY 4.0,safe_claims_min60,
מַעֲשֵׂר,מעשר,1,0,60,,,,,,unresolved,No lexical entry yet.
מֵעֲשָׂרָה,מעשרה,1,0,60,,,,,,unresolved,No lexical entry yet.
מֵעֶשְׂרִים,מעשרימ,1,0,60,,,,,,unresolved,No lexical entry yet.
מֵעַתָּה,מעתה,1,95,60,claim-37cf57708d2864c5,at this time | whether adverb | conjunction | expletive | henceforth | now | straightway | this time,OpenScriptures morphHB,H6258,CC BY 4.0,safe_claims_min60,
מִפִּי,מפי,1,65,60,,,,,,claims_below_safe_min60,No strict claim >=60%.
מִפְּנֵי,מפני,7,65,60,,,,,,claims_below_safe_min60,No strict claim >=60%.
מִפְּנֵיהֶם,מפניהמ,1,91,60,claim-e35e01907d655dd7 | claim-b6cf62d00d74f10a,from accept | of accept | from against | of against | from anger | of anger | the face (as the part that turns) | used in a great variety of applications (literally and figuratively) | also (with prepositional prefix) as a preposition ( before | etc.) | accept | a-(be-) fore(-time) | against | anger,OpenScriptures morphHB,H6440,CC BY 4.0,safe_claims_min60,
מִפָּנָיו,מפניו,1,91,60,claim-8dff7da959c243ee | claim-b6cf62d00d74f10a,from accept | of accept | from against | of against | from anger | of anger | the face (as the part that turns) | used in a great variety of applications (literally and figuratively) | also (with prepositional prefix) as a preposition ( before | etc.) | accept | a-(be-) fore(-time) | against | anger,OpenScriptures morphHB,H6440,CC BY 4.0,safe_claims_min60,
מִפָּסוּק,מפסוק,1,0,60,,,,,,unresolved,No lexical entry yet.
מָצָא,מצא,1,65,60,,,,,,claims_below_safe_min60,No strict claim >=60%.
מָצְאוּ,מצאו,1,0,60,,,,,,unresolved,No lexical entry yet.
מִצְוָה,מצוה,9,93,60,claim-ac72a9d85f37944f,mitzvah,Wikidata Lexeme,L66474,CC0,safe_claims_min60,
מִצְוַת,מצות,3,65,60,,,,,,claims_below_safe_min60,No strict claim >=60%.
מִצְוֹת,מצות,1,65,60,,,,,,claims_below_safe_min60,No strict claim >=60%.
מִצְוָתָהּ,מצותה,1,0,60,,,,,,unresolved,No lexical entry yet.
מִצָּרֵינוּ,מצרינו,1,0,60,,,,,,unresolved,No lexical entry yet.
מַקְדִּים,מקדימ,1,0,60,,,,,,unresolved,No lexical entry yet.
מַקְדִּימִין,מקדימינ,7,0,60,,,,,,unresolved,No lexical entry yet.
מָקוֹם,מקומ,1,65,60,,,,,,claims_below_safe_min60,No strict claim >=60%.
מְקוֹמוֹת,מקומות,2,93,60,claim-a10f88f79c71cf10,place,Wikidata Lexeme,L66498,CC0,safe_claims_min60,
מֻקָּפִין,מקפינ,1,0,60,,,,,,unresolved,No lexical entry yet.
מֻקֶּפֶת,מקפת,5,52,60,,,,,,claims_below_safe_min60,No strict claim >=60%.
מִקְרָא,מקרא,5,0,60,,,,,,unresolved,No lexical entry yet.
מְקֹרָעוֹת,מקרעות,1,0,60,,,,,,unresolved,No lexical entry yet.
מְרֻבִּים,מרבימ,1,0,60,,,,,,unresolved,No lexical entry yet.
מְרֻבִּין,מרבינ,1,0,60,,,,,,unresolved,No lexical entry yet.
מְשֻׁבָּח,משבח,1,0,60,,,,,,unresolved,No lexical entry yet.
מְשֻׁבֶּשֶׁת,משבשת,1,0,60,,,,,,unresolved,No lexical entry yet.
מִשּׁוּם,משומ,1,65,60,,,,,,claims_below_safe_min60,No strict claim >=60%.
מְשֻׁחְרָרִים,משחררימ,1,0,60,,,,,,unresolved,No lexical entry yet.
משלי,משלי,1,93,60,claim-b4c8da96b82ee2f5,fable,Wikidata Lexeme,L66585,CC0,safe_claims_min60,
מִשְּׂמֹאל,משמאל,1,95,60,claim-063cbfad88f25cd2,properly | dark (as enveloped ) | i.e. the north | hence (by orientation) | the left hand | left (hand | side).,OpenScriptures morphHB,H8040,CC BY 4.0,safe_claims_min60,
מִשְּׁמוֹנַת,משמונת,2,0,60,,,,,,unresolved,No lexical entry yet.
מְשֻׁנּוֹת,משנות,1,90,60,claim-983271107c621cc3 | claim-1c78f8a96755688f | claim-a2fdc17a660def33 | claim-c83c9f370ae1f031 | claim-bb9fdc7aca87d930,from year | of year | year,Wikidata Lexeme | OpenScriptures morphHB,L68440 | H8138 | H8141 | H8142,CC0 | CC BY 4.0,safe_claims_min60,
מִשְּׁנֵי,משני,1,65,60,,,,,,claims_below_safe_min60,No strict claim >=60%.
מִשֵּׁנִי,משני,1,65,60,,,,,,claims_below_safe_min60,No strict claim >=60%.
מְשַׁנִּין,משנינ,1,0,60,,,,,,unresolved,No lexical entry yet.
מִתּוֹךְ,מתוכ,1,65,60,,,,,,claims_below_safe_min60,No strict claim >=60%.
מַתְחִיל,מתחיל,2,65,60,,,,,,claims_below_safe_min60,No strict claim >=60%.
מַתְחִילִין,מתחילינ,1,0,60,,,,,,unresolved,No lexical entry yet.
מִתְּחִלָּה,מתחלה,1,0,60,,,,,,unresolved,No lexical entry yet.
מִתְּחִלַּת,מתחלת,1,95,60,claim-23f9f5536d17def3,a commencement | relatively original (adverb | -ly) | begin(-ning) | first (time).,OpenScriptures HebrewLexicon,H8462,CC BY 4.0,safe_claims_min60,
מַתָּנָה,מתנה,1,0,60,,,,,,unresolved,No lexical entry yet.
מַתָּנוֹת,מתנות,1,65,60,,,,,,claims_below_safe_min60,No strict claim >=60%.
מִתְנַמְנֵם,מתנמנמ,1,0,60,,,,,,unresolved,No lexical entry yet.
מִתְקַבְּצִים,מתקבצימ,1,0,60,,,,,,unresolved,No lexical entry yet.
מֻתָּר,מתר,1,0,60,,,,,,unresolved,No lexical entry yet.
מֻתָּרִים,מתרימ,1,0,60,,,,,,unresolved,No lexical entry yet.
נָּא,נא,4,65,60,,,,,,claims_below_safe_min60,No strict claim >=60%.
נָאָה,נאה,1,65,60,,,,,,claims_below_safe_min60,No strict claim >=60%.
נִדְחִין,נדחינ,1,0,60,,,,,,unresolved,No lexical entry yet.
"נִדְכָּאִים""","נדכאימ""",1,0,60,,,,,,unresolved,No lexical entry yet.
נוּן,נונ,3,0,60,,,,,,unresolved,No lexical entry yet.
נוֹתֵן,נותנ,1,65,60,,,,,,claims_below_safe_min60,No strict claim >=60%.
נוֹתְנִין,נותנינ,1,0,60,,,,,,unresolved,No lexical entry yet.
נז,נז,1,0,60,,,,,,unresolved,No lexical entry yet.
נֶחְשֶׁבֶת,נחשבת,2,52,60,,,,,,claims_below_safe_min60,No strict claim >=60%.
נִכְנָסִין,נכנסינ,1,0,60,,,,,,unresolved,No lexical entry yet.
נִכָּר,נכר,3,65,60,,,,,,claims_below_safe_min60,No strict claim >=60%.
נִמְחָק,נמחק,1,0,60,,,,,,unresolved,No lexical entry yet.
נִמְשָׁכִים,נמשכימ,1,0,60,,,,,,unresolved,No lexical entry yet.
נִסִּים,נסימ,3,0,60,,,,,,unresolved,No lexical entry yet.
נִסְתְּרוּ,נסתרו,1,0,60,,,,,,unresolved,No lexical entry yet.
נֹעַם,נעמ,1,65,60,,,,,,claims_below_safe_min60,No strict claim >=60%.
נַעֲשֵׂית,נעשית,1,0,60,,,,,,unresolved,No lexical entry yet.
נַפְשֵׁנוּ,נפשנו,1,65,60,,,,,,claims_below_safe_min60,No strict claim >=60%.
נִקְמָתֵנוּ,נקמתנו,1,0,60,,,,,,unresolved,No lexical entry yet.
נֵר,נר,25,65,60,,,,,,claims_below_safe_min60,No strict claim >=60%.
נִרְדַּם,נרדמ,1,0,60,,,,,,unresolved,No lexical entry yet.
נֵרוֹת,נרות,8,0,60,,,,,,unresolved,No lexical entry yet.
נִשְׁאֲרָה,נשארה,1,65,60,,,,,,claims_below_safe_min60,No strict claim >=60%.
נָשִׁים,נשימ,1,65,60,,,,,,claims_below_safe_min60,No strict claim >=60%.
נִשְׁכְּחוּ,נשכחו,1,65,60,,,,,,claims_below_safe_min60,No strict claim >=60%.
נְתִיבֹתֶיהָ,נתיבתיה,1,0,60,,,,,,unresolved,No lexical entry yet.
נִתְכַּוֵּן,נתכונ,1,0,60,,,,,,unresolved,No lexical entry yet.
נִתְלוּ,נתלו,1,0,60,,,,,,unresolved,No lexical entry yet.
נִתְלֵית,נתלית,1,0,60,,,,,,unresolved,No lexical entry yet.
נִתְּנָה,נתנה,1,65,60,,,,,,claims_below_safe_min60,No strict claim >=60%.
נִתְפֶּרֶת,נתפרת,1,0,60,,,,,,unresolved,No lexical entry yet.
סה,סה,1,0,60,,,,,,unresolved,No lexical entry yet.
סוֹף,סופ,3,93,60,claim-d2952ae5ee668067,end,Wikidata Lexeme,L66964,CC0,safe_claims_min60,
סוֹפְרִים,סופרימ,6,65,60,,,,,,claims_below_safe_min60,No strict claim >=60%.
סִימַן,סימנ,1,93,60,claim-fadfebeb587c5ec9,sign,Wikidata Lexeme,L67010,CC0,safe_claims_min60,
סִימָן,סימנ,1,93,60,claim-fadfebeb587c5ec9,sign,Wikidata Lexeme,L67010,CC0,safe_claims_min60,
סְעֻדָּה,סעדה,2,0,60,,,,,,unresolved,No lexical entry yet.
סְעֻדָּתוֹ,סעדתו,2,0,60,,,,,,unresolved,No lexical entry yet.
סָפֵק,ספק,1,65,60,,,,,,claims_below_safe_min60,No strict claim >=60%.
סִפְרֵי,ספרי,1,0,60,,,,,,unresolved,No lexical entry yet.
עֶבֶד,עבד,1,65,60,,,,,,claims_below_safe_min60,No strict claim >=60%.
עַבְדֵי,עבדי,1,65,60,,,,,,claims_below_safe_min60,No strict claim >=60%.
עֲבוֹדָתָן,עבודתנ,1,0,60,,,,,,unresolved,No lexical entry yet.
עָבַר,עבר,1,65,60,,,,,,claims_below_safe_min60,No strict claim >=60%.
עִבְּרוּ,עברו,1,65,60,,,,,,claims_below_safe_min60,No strict claim >=60%.
עִבְרִי,עברי,2,0,60,,,,,,unresolved,No lexical entry yet.
עַד,עד,19,99,60,claim-38cda01993b0e640,until | up to | as far as,Project-authored function word table,project-function-word:ad,project-authored / CC0,safe_claims_min60,
עוֹלֶה,עולה,1,65,60,,,,,,claims_below_safe_min60,No strict claim >=60%.
עוֹלָם,עולמ,2,65,60,,,,,,claims_below_safe_min60,No strict claim >=60%.
עוֹמֵד,עומד,2,65,60,,,,,,claims_below_safe_min60,No strict claim >=60%.
עוֹנָה,עונה,1,65,60,,,,,,claims_below_safe_min60,No strict claim >=60%.
עוֹנִים,עונימ,1,0,60,,,,,,unresolved,No lexical entry yet.
עוֹנִין,עונינ,7,0,60,,,,,,unresolved,No lexical entry yet.
עוֹר,עור,1,0,60,,,,,,unresolved,No lexical entry yet.
עוֹרוֹתֶיהָ,עורותיה,1,0,60,,,,,,unresolved,No lexical entry yet.
עוֹשֶׂה,עושה,2,65,60,,,,,,claims_below_safe_min60,No strict claim >=60%.
עוֹשֵׂי,עושי,1,65,60,,,,,,claims_below_safe_min60,No strict claim >=60%.
עוֹשִׂין,עושינ,3,0,60,,,,,,unresolved,No lexical entry yet.
עִיר,עיר,5,65,60,,,,,,claims_below_safe_min60,No strict claim >=60%.
עֲיָרוֹת,עירות,4,0,60,,,,,,unresolved,No lexical entry yet.
עַכּוּ״ם,עכו״מ,2,0,60,,,,,,unresolved,No lexical entry yet.
עַכְשָׁו,עכשו,1,0,60,,,,,,unresolved,No lexical entry yet.
עַל,על,44,99,60,claim-8a19e15ec64e63b8,on | upon | over | concerning | about,Project-authored function word table,project-function-word:al,project-authored / CC0,safe_claims_min60,
עָלֶיהָ,עליה,2,65,60,,,,,,claims_below_safe_min60,No strict claim >=60%.
עֲלֵיהֶם,עליהמ,1,65,60,,,,,,claims_below_safe_min60,No strict claim >=60%.
עָלָיו,עליו,8,65,60,,,,,,claims_below_safe_min60,No strict claim >=60%.
עִם,עמ,6,99,60,claim-67cc0fd2ce2d6b15,with,Project-authored function word table,project-function-word:im-with,project-authored / CC0,safe_claims_min60,
עִמָּהֶן,עמהנ,1,0,60,,,,,,unresolved,No lexical entry yet.
עִמּוֹ,עמו,1,65,60,,,,,,claims_below_safe_min60,No strict claim >=60%.
עַמְּךָ,עמכ,1,65,60,,,,,,claims_below_safe_min60,No strict claim >=60%.
עֲנִיִּים,עניימ,3,0,60,,,,,,unresolved,No lexical entry yet.
"עֲנִיתָנִי""","עניתני""",1,0,60,,,,,,unresolved,No lexical entry yet.
עַפְּצָא,עפצא,1,0,60,,,,,,unresolved,No lexical entry yet.
עַצְמָהּ,עצמה,1,65,60,,,,,,claims_below_safe_min60,No strict claim >=60%.
עַצְמוֹ,עצמו,1,65,60,,,,,,claims_below_safe_min60,No strict claim >=60%.
עֲצֶרֶת,עצרת,2,0,60,,,,,,unresolved,No lexical entry yet.
עָרֵינוּ,ערינו,1,0,60,,,,,,unresolved,No lexical entry yet.
עֲשֵׂה,עשה,1,65,60,,,,,,claims_below_safe_min60,No strict claim >=60%.
עָשָׂה,עשה,4,65,60,,,,,,claims_below_safe_min60,No strict claim >=60%.
עֲשִׂיָּתָן,עשיתנ,1,0,60,,,,,,unresolved,No lexical entry yet.
עָשָׂר,עשר,6,65,60,,,,,,claims_below_safe_min60,No strict claim >=60%.
עֲשָׂרָה,עשרה,5,65,60,,,,,,claims_below_safe_min60,No strict claim >=60%.
עֶשְׂרִים,עשרימ,2,0,60,,,,,,unresolved,No lexical entry yet.
עֲשֶׂרֶת,עשרת,1,0,60,,,,,,unresolved,No lexical entry yet.
עֲשָׁשִׁית,עששית,1,0,60,,,,,,unresolved,No lexical entry yet.
עַתָּה,עתה,2,65,60,,,,,,claims_below_safe_min60,No strict claim >=60%.
עֲתִידִין,עתידינ,1,0,60,,,,,,unresolved,No lexical entry yet.
פֶּה,פה,4,65,60,,,,,,claims_below_safe_min60,No strict claim >=60%.
פּוֹחֲתִין,פוחתינ,1,0,60,,,,,,unresolved,No lexical entry yet.
פּוֹסֵק,פוסק,1,0,60,,,,,,unresolved,No lexical entry yet.
פּוּרִים,פורימ,6,0,60,,,,,,unresolved,No lexical entry yet.
פִּי,פי,15,65,60,,,,,,claims_below_safe_min60,No strict claim >=60%.
פִּיּוֹת,פיות,1,0,60,,,,,,unresolved,No lexical entry yet.
פַּךְ,פכ,1,0,60,,,,,,unresolved,No lexical entry yet.
פְּסוּלָה,פסולה,4,93,60,claim-949325e6ab8bc07b,invalid (unfit),Wikidata Lexeme,L217003,CC0,safe_claims_min60,
פָּסוּק,פסוק,5,0,60,,,,,,unresolved,No lexical entry yet.
פְּסוּקִים,פסוקימ,1,0,60,,,,,,unresolved,No lexical entry yet.
פֶּסַח,פסח,2,65,60,,,,,,claims_below_safe_min60,No strict claim >=60%.
פַּעַם,פעמ,1,65,60,,,,,,claims_below_safe_min60,No strict claim >=60%.
פְּעָמִים,פעמימ,2,95,60,claim-2fcc77a6be72a1bc,a stroke | literally | figuratively (in various applications | as follow) | anvil | corner | foot(-step) | going,OpenScriptures morphHB,H6471,CC BY 4.0,safe_claims_min60,
פְּרוּטָה,פרוטה,1,0,60,,,,,,unresolved,No lexical entry yet.
פְּרָצוֹת,פרצות,1,95,60,claim-e2f42fc515a09341,a break (literally | figuratively) | breach | breaking forth (in) | × forth | gap.,OpenScriptures morphHB,H6556,CC BY 4.0,safe_claims_min60,
פֶּרֶק,פרק,3,65,60,,,,,,claims_below_safe_min60,No strict claim >=60%.
פָּשׁוּט,פשוט,1,0,60,,,,,,unresolved,No lexical entry yet.
פֶּתַח,פתח,2,65,60,,,,,,claims_below_safe_min60,No strict claim >=60%.
פִּתְחֵי,פתחי,1,65,60,,,,,,claims_below_safe_min60,No strict claim >=60%.
פְּתָחִים,פתחימ,1,65,60,,,,,,claims_below_safe_min60,No strict claim >=60%.
פְּתִילָה,פתילה,1,0,60,,,,,,unresolved,No lexical entry yet.
פְּתִילוֹת,פתילות,1,0,60,,,,,,unresolved,No lexical entry yet.
צִבּוּר,צבור,2,0,60,,,,,,unresolved,No lexical entry yet.
צִבְעוֹנִין,צבעונינ,1,0,60,,,,,,unresolved,No lexical entry yet.
צָרֵיהֶם,צריהמ,1,0,60,,,,,,unresolved,No lexical entry yet.
צָרִיךְ,צריכ,7,65,60,,,,,,claims_below_safe_min60,No strict claim >=60%.
צְרִיכָה,צריכה,2,0,60,,,,,,unresolved,No lexical entry yet.
קְבוּעִין,קבועינ,1,0,60,,,,,,unresolved,No lexical entry yet.
קִדּוּשׁ,קדוש,1,65,60,,,,,,claims_below_safe_min60,No strict claim >=60%.
קֹדֶם,קדמ,4,65,60,,,,,,claims_below_safe_min60,No strict claim >=60%.
קִדְּשָׁנוּ,קדשנו,4,0,60,,,,,,unresolved,No lexical entry yet.
קוֹבְרוֹ,קוברו,1,0,60,,,,,,unresolved,No lexical entry yet.
קוֹבְרִין,קוברינ,1,0,60,,,,,,unresolved,No lexical entry yet.
קוֹדֵם,קודמ,1,0,60,,,,,,unresolved,No lexical entry yet.
קוֹלִי,קולי,1,0,60,,,,,,unresolved,No lexical entry yet.
קוֹרֵא,קורא,8,93,60,claim-d79106983fe81024,Ammoperdix,Wikidata Lexeme,L67832,CC0,safe_claims_min60,
קוֹרְאִים,קוראימ,1,93,60,claim-d79106983fe81024,Ammoperdix,Wikidata Lexeme,L67832,CC0,safe_claims_min60,
קוֹרְאִין,קוראינ,20,0,60,,,,,,unresolved,No lexical entry yet.
קוֹרִין,קורינ,2,0,60,,,,,,unresolved,No lexical entry yet.
קטו,קטו,2,0,60,,,,,,unresolved,No lexical entry yet.
קטז,קטז,2,0,60,,,,,,unresolved,No lexical entry yet.
קָטָן,קטנ,2,65,60,,,,,,claims_below_safe_min60,No strict claim >=60%.
קיד,קיד,1,0,60,,,,,,unresolved,No lexical entry yet.
קיח,קיח,2,0,60,,,,,,unresolved,No lexical entry yet.
קַיֶּמֶת,קימת,1,65,60,,,,,,claims_below_safe_min60,No strict claim >=60%.
קַל,קל,1,65,60,,,,,,claims_below_safe_min60,No strict claim >=60%.
קַלְקָלָתוֹ,קלקלתו,1,0,60,,,,,,unresolved,No lexical entry yet.
קְעָרָה,קערה,1,0,60,,,,,,unresolved,No lexical entry yet.
קָרָא,קרא,5,65,60,,,,,,claims_below_safe_min60,No strict claim >=60%.
קְרָאָהּ,קראה,1,0,60,,,,,,unresolved,No lexical entry yet.
קָרְאוּ,קראו,1,0,60,,,,,,unresolved,No lexical entry yet.
קְרָאוּהָ,קראוה,1,0,60,,,,,,unresolved,No lexical entry yet.
קָרָאתִי,קראתי,1,65,60,,,,,,claims_below_safe_min60,No strict claim >=60%.
קְרִיאָה,קריאה,3,93,60,claim-b48c9e86c3c5c928,reading,Wikidata Lexeme,L67973,CC0,safe_claims_min60,
קְרִיאַת,קריאת,4,93,60,claim-b48c9e86c3c5c928,reading,Wikidata Lexeme,L67973,CC0,safe_claims_min60,
קְרִיאָתָהּ,קריאתה,7,0,60,,,,,,unresolved,No lexical entry yet.
קְרִיאָתָן,קריאתנ,1,0,60,,,,,,unresolved,No lexical entry yet.
רָאוּי,ראוי,2,52,60,,,,,,claims_below_safe_min60,No strict claim >=60%.
רָאִיתִי,ראיתי,1,95,60,claim-5335abdf69914831,to see | literally | figuratively (in numerous applications | direct and implied | transitive | intransitive and causative) | advise self | appear,OpenScriptures morphHB,H7200,CC BY 4.0,safe_claims_min60,
רֹאשׁ,ראש,2,93,60,claim-ef31bc1e3e9b8bda,head,Wikidata Lexeme,L81872,CC0,safe_claims_min60,
רִאשׁוֹן,ראשונ,2,93,60,claim-fbe5f00ae808ddcc,first,Wikidata Lexeme,L68024,CC0,safe_claims_min60,
רֻבָּהּ,רבה,2,65,60,,,,,,claims_below_safe_min60,No strict claim >=60%.
רֶגֶל,רגל,3,65,60,,,,,,claims_below_safe_min60,No strict claim >=60%.
רוֹאֶה,רואה,1,65,60,,,,,,claims_below_safe_min60,No strict claim >=60%.
רוּחַ,רוח,1,65,60,,,,,,claims_below_safe_min60,No strict claim >=60%.
רוּחוֹת,רוחות,1,93,60,claim-f162e4cb636e41e7,wind,Wikidata Lexeme,L68068,CC0,safe_claims_min60,
רִיבֵנוּ,ריבנו,1,0,60,,,,,,unresolved,No lexical entry yet.
רָצָה,רצה,1,0,60,,,,,,unresolved,No lexical entry yet.
רְצוֹנֶךָ,רצונכ,1,0,60,,,,,,unresolved,No lexical entry yet.
רִשּׁוּמָן,רשומנ,2,0,60,,,,,,unresolved,No lexical entry yet.
שֶׁאֵין,שאינ,12,95,60,claim-a5079f0b7fb0673a,a nonentity | generally used as a negative particle | else | except | fail | (father-) less | be gone | in(-curable),OpenScriptures morphHB,H369,CC BY 4.0,safe_claims_min60,
שֶׁאֵינוֹ,שאינו,6,0,60,,,,,,unresolved,No lexical entry yet.
שֶׁאֵינָם,שאינמ,1,65,60,,,,,,claims_below_safe_min60,No strict claim >=60%.
שֶׁאֵינָן,שאיננ,1,65,60,,,,,,claims_below_safe_min60,No strict claim >=60%.
שֶּׁאָמַר,שאמר,1,65,60,,,,,,claims_below_safe_min60,No strict claim >=60%.
שֶׁאָסוּר,שאסור,2,0,60,,,,,,unresolved,No lexical entry yet.
שְׁאָר,שאר,1,65,60,,,,,,claims_below_safe_min60,No strict claim >=60%.
שֶׁבְּאוֹתוֹ,שבאותו,1,0,60,,,,,,unresolved,No lexical entry yet.
שֶׁבָּהּ,שבה,1,65,60,,,,,,claims_below_safe_min60,No strict claim >=60%.
שֶׁבְּעַל,שבעל,1,65,60,,,,,,claims_below_safe_min60,No strict claim >=60%.
שַׁבָּת,שבת,6,65,60,,,,,,claims_below_safe_min60,No strict claim >=60%.
שֶׁבְּתוֹךְ,שבתוכ,1,65,60,,,,,,claims_below_safe_min60,No strict claim >=60%.
שֶׁגּוֹמְרִין,שגומרינ,3,0,60,,,,,,unresolved,No lexical entry yet.
שֶׁהִדְלִיקוֹ,שהדליקו,1,0,60,,,,,,unresolved,No lexical entry yet.
שֶׁהַהַדְלָקָה,שההדלקה,1,0,60,,,,,,unresolved,No lexical entry yet.
שֶׁהוּא,שהוא,14,95,60,claim-62812c1c2a1441d5,he ( she | it ) | only expressed when emphatic | without a verb | also (intensively) self | (especially with the article) the same | sometimes (as demonstrative) this | that,OpenScriptures morphHB,H1931,CC BY 4.0,safe_claims_min60,
שֶׁהֶחֱיָנוּ,שהחינו,3,0,60,,,,,,unresolved,No lexical entry yet.
שֶׁהִיא,שהיא,3,65,60,,,,,,claims_below_safe_min60,No strict claim >=60%.
שֶׁהָיָה,שהיה,1,65,60,,,,,,claims_below_safe_min60,No strict claim >=60%.
שֶׁהָיוּ,שהיו,3,95,60,claim-0c2fb56957476647,to exist | i.e. be | become | come to pass (always emphatic | and not a mere copula | auxiliary) | beacon | × altogether,OpenScriptures morphHB,H1961,CC BY 4.0,safe_claims_min60,
שֶׁהָיְתָה,שהיתה,3,95,60,claim-0c2fb56957476647,to exist | i.e. be | become | come to pass (always emphatic | and not a mere copula | auxiliary) | beacon | × altogether,OpenScriptures morphHB,H1961,CC BY 4.0,safe_claims_min60,
שֶׁהַכּל,שהכל,1,65,60,,,,,,claims_below_safe_min60,No strict claim >=60%.
שֶׁהָלַךְ,שהלכ,2,65,60,,,,,,claims_below_safe_min60,No strict claim >=60%.
שֶׁהַמְכַוֵּן,שהמכונ,1,0,60,,,,,,unresolved,No lexical entry yet.
שֶׁהַמְשַׂמֵּחַ,שהמשמח,1,0,60,,,,,,unresolved,No lexical entry yet.
שֶׁהֵן,שהנ,6,99,60,claim-4fbd1595295cfe94,that they are | which are,Workspace grammar rule,grammar-form:שהן,N/A - project lexical rule,safe_claims_min60,
שֶּׁהֵן,שהנ,1,99,60,claim-4fbd1595295cfe94,that they are | which are,Workspace grammar rule,grammar-form:שהן,N/A - project lexical rule,safe_claims_min60,
שֶׁהִנִּיחוֹ,שהניחו,1,0,60,,,,,,unresolved,No lexical entry yet.
שֶׁהַפּוֹגֵעַ,שהפוגע,1,0,60,,,,,,unresolved,No lexical entry yet.
שֶׁהִקְדִּימוּ,שהקדימו,1,0,60,,,,,,unresolved,No lexical entry yet.
שֶׁהַקּוֹרֵא,שהקורא,1,0,60,,,,,,unresolved,No lexical entry yet.
שֶׁהָרוֹאֶה,שהרואה,1,0,60,,,,,,unresolved,No lexical entry yet.
שֶׁהֲרֵי,שהרי,1,65,60,,,,,,claims_below_safe_min60,No strict claim >=60%.
שׁוֹאֵל,שואל,1,0,60,,,,,,unresolved,No lexical entry yet.
שׁוֹטֶה,שוטה,2,0,60,,,,,,unresolved,No lexical entry yet.
שׁוֹלֵחַ,שולח,2,0,60,,,,,,unresolved,No lexical entry yet.
שׁוּשַׁן,שושנ,1,0,60,,,,,,unresolved,No lexical entry yet.
שׁוּשָׁן,שושנ,1,0,60,,,,,,unresolved,No lexical entry yet.
שֶׁזֶּה,שזה,1,0,60,,,,,,unresolved,No lexical entry yet.
שֶׁחַיָּב,שחיב,1,0,60,,,,,,unresolved,No lexical entry yet.
שֶׁחָל,שחל,1,0,60,,,,,,unresolved,No lexical entry yet.
שֶׁיֹּאכַל,שיאכל,1,0,60,,,,,,unresolved,No lexical entry yet.
שֶׁיֹּאמַר,שיאמר,1,95,60,claim-b92b2c94e297b172,to say (used with great latitude) | answer | appoint | avouch | bid | boast self | call | certify,OpenScriptures morphHB,H559,CC BY 4.0,safe_claims_min60,
שֶׁיַּדְלִיקֶנּוּ,שידליקנו,2,0,60,,,,,,unresolved,No lexical entry yet.
שֶׁיְּהֵא,שיהא,1,0,60,,,,,,unresolved,No lexical entry yet.
שֶׁיִּהְיֶה,שיהיה,1,95,60,claim-0c2fb56957476647,to exist | i.e. be | become | come to pass (always emphatic | and not a mere copula | auxiliary) | beacon | × altogether,OpenScriptures morphHB,H1961,CC BY 4.0,safe_claims_min60,
שֶׁיִּהְיוּ,שיהיו,5,95,60,claim-0c2fb56957476647,to exist | i.e. be | become | come to pass (always emphatic | and not a mere copula | auxiliary) | beacon | × altogether,OpenScriptures morphHB,H1961,CC BY 4.0,safe_claims_min60,
שֶׁיֵּשׁ,שיש,4,65,60,,,,,,claims_below_safe_min60,No strict claim >=60%.
שֶׁיִּשְׁמַע,שישמע,1,0,60,,,,,,unresolved,No lexical entry yet.
שֶׁיִּשְׁתַּכֵּר,שישתכר,1,0,60,,,,,,unresolved,No lexical entry yet.
שֶׁיִּתֵּן,שיתנ,1,95,60,claim-6726506cb6a027e6,to give | used with greatest latitude of application ( put | make | etc.) | add | apply | appoint | ascribe,OpenScriptures morphHB,H5414,CC BY 4.0,safe_claims_min60,
שָׁכַח,שכח,1,65,60,,,,,,claims_below_safe_min60,No strict claim >=60%.
שֶׁכָּל,שכל,3,65,60,,,,,,claims_below_safe_min60,No strict claim >=60%.
שֶׁכֻּלָּהּ,שכלה,1,65,60,,,,,,claims_below_safe_min60,No strict claim >=60%.
שֶׁכֻּלָּם,שכלמ,1,0,60,,,,,,unresolved,No lexical entry yet.
שֶׁכֻּלָּן,שכלנ,1,0,60,,,,,,unresolved,No lexical entry yet.
שֶׁכָּלְתָה,שכלתה,1,0,60,,,,,,unresolved,No lexical entry yet.
שֶׁכָּתַב,שכתב,1,0,60,,,,,,unresolved,No lexical entry yet.
שֶׁכְּתָבָהּ,שכתבה,1,0,60,,,,,,unresolved,No lexical entry yet.
שֶׁכָּתְשׁוּ,שכתשו,1,0,60,,,,,,unresolved,No lexical entry yet.
שֶׁל,של,9,99,60,claim-da8745b6f2ffc4cd,of | belonging to,Workspace grammar rule,grammar-particle:של,N/A - project lexical rule,safe_claims_min60,
שֶׁלֹּא,שלא,7,95,60,claim-66b1bdfa8656b749,not (the simple | abs. negation) | by implication | no | often used with other particles | × before | or else | ere,OpenScriptures morphHB,H3808,CC BY 4.0,safe_claims_min60,
שֶׁלָּהּ,שלה,1,65,60,,,,,,claims_below_safe_min60,No strict claim >=60%.
שְׁלוֹם,שלומ,1,93,60,claim-8cb9543719a1981b,"hello, salutation or greeting | hello | peace",Wikidata Lexeme,L384,CC0,safe_claims_min60,
שָׁלוֹם,שלומ,2,93,60,claim-8cb9543719a1981b,"hello, salutation or greeting | hello | peace",Wikidata Lexeme,L384,CC0,safe_claims_min60,
"שָׁלוֹם""","שלומ""",1,93,60,claim-21f6c6a4e2d9d2de | claim-8cb9543719a1981b,"peace | hello, salutation or greeting | hello",Wikidata Lexeme,L384,CC0,safe_claims_min60,
שֻׁלְחָנוֹ,שלחנו,1,0,60,,,,,,unresolved,No lexical entry yet.
שְׁלִישִׁי,שלישי,2,0,60,,,,,,unresolved,No lexical entry yet.
שָׁלֵם,שלמ,1,65,60,,,,,,claims_below_safe_min60,No strict claim >=60%.
שָׁלֹשׁ,שלש,3,0,60,,,,,,unresolved,No lexical entry yet.
שְׁלֹשִׁים,שלשימ,1,0,60,,,,,,unresolved,No lexical entry yet.
שֵׁם,שמ,2,65,60,,,,,,claims_below_safe_min60,No strict claim >=60%.
שָׁם,שמ,4,65,60,,,,,,claims_below_safe_min60,No strict claim >=60%.
שֶׁמָּא,שמא,2,65,60,,,,,,claims_below_safe_min60,No strict claim >=60%.
שְׂמֹאל,שמאל,1,91,60,claim-e07edcfdff82baef | claim-d62aa805d1d7df4a,that strength | which strength | who strength | that as adjective | which as adjective | who as adjective | that mighty | which mighty | strength | as adjective | mighty | especially the Almighty (but used also of any deity ) | God (god) | × goodly | × great | idol,OpenScriptures morphHB,H410,CC BY 4.0,safe_claims_min60,
שֶׁמְּבָרֵךְ,שמברכ,2,0,60,,,,,,unresolved,No lexical entry yet.
שֶׁמִּדִּבְרֵי,שמדברי,1,0,60,,,,,,unresolved,No lexical entry yet.
שֶׁמַּדְלִיקִין,שמדליקינ,2,0,60,,,,,,unresolved,No lexical entry yet.
שְׁמוֹנָה,שמונה,2,0,60,,,,,,unresolved,No lexical entry yet.
שְׁמוֹנִים,שמונימ,1,0,60,,,,,,unresolved,No lexical entry yet.
שְׁמוֹנַת,שמונת,2,0,60,,,,,,unresolved,No lexical entry yet.
שִׂמְחָה,שמחה,4,65,60,,,,,,claims_below_safe_min60,No strict claim >=60%.
שְׁמִינִי,שמיני,2,0,60,,,,,,unresolved,No lexical entry yet.
שֶׁמֶן,שמנ,6,0,60,,,,,,unresolved,No lexical entry yet.
שֶׁמַּעְתִּיק,שמעתיק,1,0,60,,,,,,unresolved,No lexical entry yet.
שֶׁמַּקְדִּימִין,שמקדימינ,3,0,60,,,,,,unresolved,No lexical entry yet.
שֶׁמַּקְרֵא,שמקרא,1,0,60,,,,,,unresolved,No lexical entry yet.
שֶׁנֶּאֱמַר,שנאמר,8,65,60,,,,,,claims_below_safe_min60,No strict claim >=60%.
שֶׁנִּדְחֶה,שנדחה,1,91,60,claim-2b8013b29c758c55 | claim-45176605f3e96442,that used in a great variety of applications | which used in a great variety of applications | who used in a great variety of applications | that mislead | which mislead | who mislead | that strike | which strike | to push off | used in a great variety of applications | literally and figuratively (to expel | mislead | strike | inflict | etc.) | banish,OpenScriptures morphHB,H5080,CC BY 4.0,safe_claims_min60,
שָׁנָה,שנה,1,65,60,,,,,,claims_below_safe_min60,No strict claim >=60%.
שֶׁנָּהֲגוּ,שנהגו,5,0,60,,,,,,unresolved,No lexical entry yet.
שְׁנוֹתָיו,שנותיו,1,90,60,claim-62780fc7c056b336 | claim-0da65ca7780d41f8 | claim-17fb21a15fbdee49 | claim-bba613ccab1947f6 | claim-bb9fdc7aca87d930,his year | its year | year,Wikidata Lexeme | OpenScriptures morphHB,L68440 | H8138 | H8141 | H8142,CC0 | CC BY 4.0,safe_claims_min60,
שְׁנֵי,שני,5,65,60,,,,,,claims_below_safe_min60,No strict claim >=60%.
שֵׁנִי,שני,5,65,60,,,,,,claims_below_safe_min60,No strict claim >=60%.
שְׁנַיִם,שנימ,1,65,60,,,,,,claims_below_safe_min60,No strict claim >=60%.
שֶׁנִּמְצָא,שנמצא,3,65,60,,,,,,claims_below_safe_min60,No strict claim >=60%.
שֶׁנִּמְצְאוּ,שנמצאו,1,0,60,,,,,,unresolved,No lexical entry yet.
שֶׁנִּקְרֵאת,שנקראת,1,0,60,,,,,,unresolved,No lexical entry yet.
שֶׁנִּתְאָרֵחַ,שנתארח,2,0,60,,,,,,unresolved,No lexical entry yet.
שָׁעָה,שעה,1,65,60,,,,,,claims_below_safe_min60,No strict claim >=60%.
שֶׁעוֹשִׂין,שעושינ,1,0,60,,,,,,unresolved,No lexical entry yet.
שֶׁעֲשָׂאָהּ,שעשאה,1,0,60,,,,,,unresolved,No lexical entry yet.
שֶׁעָשָׂה,שעשה,3,65,60,,,,,,claims_below_safe_min60,No strict claim >=60%.
שְׁפָלִים,שפלימ,1,0,60,,,,,,unresolved,No lexical entry yet.
שֶׁקָּדְמוּ,שקדמו,1,65,60,,,,,,claims_below_safe_min60,No strict claim >=60%.
שֶׁקּוֹרֵא,שקורא,1,0,60,,,,,,unresolved,No lexical entry yet.
שֶׁקּוֹרְאִין,שקוראינ,2,0,60,,,,,,unresolved,No lexical entry yet.
שְׁקִיעַת,שקיעת,1,0,60,,,,,,unresolved,No lexical entry yet.
שְׁקִיעָתָהּ,שקיעתה,1,0,60,,,,,,unresolved,No lexical entry yet.
שֶׁקָּרָא,שקרא,1,0,60,,,,,,unresolved,No lexical entry yet.
שֶׁקָּרְאוּ,שקראו,1,0,60,,,,,,unresolved,No lexical entry yet.
שֶׁקְּרִיאַת,שקריאת,2,89,60,claim-93fb0b6e92b1c692 | claim-b48c9e86c3c5c928,that reading | which reading | who reading | reading,Wikidata Lexeme,L67973,CC0,safe_claims_min60,
שֶׁרִחֵם,שרחמ,1,0,60,,,,,,unresolved,No lexical entry yet.
שִׂרְטוּט,שרטוט,1,0,60,,,,,,unresolved,No lexical entry yet.
שֶׁשָּׁהָה,ששהה,2,0,60,,,,,,unresolved,No lexical entry yet.
שֶׁשָּׁכַח,ששכח,2,0,60,,,,,,unresolved,No lexical entry yet.
שֶׁשָּׁמַע,ששמע,1,65,60,,,,,,claims_below_safe_min60,No strict claim >=60%.
שֶׁתְּהֵא,שתהא,1,0,60,,,,,,unresolved,No lexical entry yet.
שֶׁתִּהְיֶה,שתהיה,3,95,60,claim-0c2fb56957476647,to exist | i.e. be | become | come to pass (always emphatic | and not a mere copula | auxiliary) | beacon | × altogether,OpenScriptures morphHB,H1961,CC BY 4.0,safe_claims_min60,
שֶׁתְּחִלָּתָן,שתחלתנ,1,0,60,,,,,,unresolved,No lexical entry yet.
שְׁתֵּי,שתי,6,65,60,,,,,,claims_below_safe_min60,No strict claim >=60%.
שְׁתַּיִם,שתימ,2,65,60,,,,,,claims_below_safe_min60,No strict claim >=60%.
שֶׁתִּכְלֶה,שתכלה,2,0,60,,,,,,unresolved,No lexical entry yet.
שֶׁתִּשְׁקַע,שתשקע,1,0,60,,,,,,unresolved,No lexical entry yet.
תַּבְשִׁיל,תבשיל,2,0,60,,,,,,unresolved,No lexical entry yet.
תהילים,תהילימ,7,0,60,,,,,,unresolved,No lexical entry yet.
תּוֹרָה,תורה,7,93,60,claim-dc80f5e51031619f,Torah,Wikidata Lexeme,L68591,CC0,safe_claims_min60,
תְּחִלָּה,תחלה,1,0,60,,,,,,unresolved,No lexical entry yet.
תַּחֲנוּנָי,תחנוני,1,0,60,,,,,,unresolved,No lexical entry yet.
תָּלוּ,תלו,1,0,60,,,,,,unresolved,No lexical entry yet.
תַּלְמוּד,תלמוד,1,93,60,claim-54e3aa06e352a42c,Talmud,Wikidata Lexeme,L68658,CC0,safe_claims_min60,
תָּמִיד,תמיד,1,65,60,,,,,,claims_below_safe_min60,No strict claim >=60%.
תִּמְצָא,תמצא,1,65,60,,,,,,claims_below_safe_min60,No strict claim >=60%.
תְּפוּרָה,תפורה,1,0,60,,,,,,unresolved,No lexical entry yet.
תְּפִירוֹת,תפירות,1,0,60,,,,,,unresolved,No lexical entry yet.
תָּפַר,תפר,1,0,60,,,,,,unresolved,No lexical entry yet.
תְּפָרָהּ,תפרה,1,0,60,,,,,,unresolved,No lexical entry yet.
תִּקְּנוּ,תקנו,3,0,60,,,,,,unresolved,No lexical entry yet.
תִּקְּנוּהוּ,תקנוהו,1,0,60,,,,,,unresolved,No lexical entry yet.
תַּקָּנַת,תקנת,1,0,60,,,,,,unresolved,No lexical entry yet.
תַּקָּנָתוֹ,תקנתו,1,0,60,,,,,,unresolved,No lexical entry yet.
תַּרְגּוּם,תרגומ,1,0,60,,,,,,unresolved,No lexical entry yet.
תְּשׁוּבָה,תשובה,1,93,60,claim-95c2b2b0d4014229,Repentance in Judaism | answer | reply,Wikidata Lexeme,L68762,CC0,safe_claims_min60,
תִּשְׁעָה,תשעה,1,0,60,,,,,,unresolved,No lexical entry yet.
