"work_id","work_title","token_index_id","surface_word","normalized_word","status","strict_renderings","notes","not_a_translation","occurrence_count","example_refs"
"brief-commentary-on-kilayim","Brief Commentary on Kilayim","tok-0682389eae38","א׳","א׳","Unresolved","","No lexical entry yet","true","4","Brief Commentary on Kilayim 2:16:5; Brief Commentary on Kilayim 3:5:2; Brief Commentary on Kilayim 4:10:4; Brief Commentary on Kilayim 5:15:1"
"brief-commentary-on-kilayim","Brief Commentary on Kilayim","tok-a56a8a43e409","א״י","א״י","Unresolved","","No lexical entry yet","true","1","Brief Commentary on Kilayim 2:16:5"
"brief-commentary-on-kilayim","Brief Commentary on Kilayim","tok-5519bb5387d0","אבדו","אבדו","Unresolved","","No lexical entry yet","true","1","Brief Commentary on Kilayim 5:19:1"
"brief-commentary-on-kilayim","Brief Commentary on Kilayim","tok-3a1361778e80","אביו","אביו","Unresolved","","No lexical entry yet","true","2","Brief Commentary on Kilayim 5:3:1; Brief Commentary on Kilayim 5:21:2"
"brief-commentary-on-kilayim","Brief Commentary on Kilayim","tok-a8bc051a657f","אגוז","אגוז","Unresolved","","No lexical entry yet","true","1","Brief Commentary on Kilayim 2:15:1"
"brief-commentary-on-kilayim","Brief Commentary on Kilayim","tok-962b2f6b3b99","אגס","אגס","Unresolved","","No lexical entry yet","true","1","Brief Commentary on Kilayim 2:15:1"
"brief-commentary-on-kilayim","Brief Commentary on Kilayim","tok-1b8ca16c343b","אודם","אודמ","Unresolved","","No lexical entry yet","true","1","Brief Commentary on Kilayim 4:10:6"
"brief-commentary-on-kilayim","Brief Commentary on Kilayim","tok-b12bb5223ac5","אוזרד","אוזרד","Unresolved","","No lexical entry yet","true","1","Brief Commentary on Kilayim 1:3:1"
"brief-commentary-on-kilayim","Brief Commentary on Kilayim","tok-01e6e2f4d39f","אוזרר","אוזרר","Unresolved","","No lexical entry yet","true","1","Brief Commentary on Kilayim 1:3:1"
"brief-commentary-on-kilayim","Brief Commentary on Kilayim","tok-1119c1a82adb","אוכלים","אוכלימ","Unresolved","","No lexical entry yet","true","1","Brief Commentary on Kilayim 1:5:1"
"brief-commentary-on-kilayim","Brief Commentary on Kilayim","tok-4befe133ec88","אומ׳","אומ׳","Unresolved","","No lexical entry yet","true","3","Brief Commentary on Kilayim 3:1:4; Brief Commentary on Kilayim 3:3:1; Brief Commentary on Kilayim 3:16:1"
"brief-commentary-on-kilayim","Brief Commentary on Kilayim","tok-a377b14250bb","אוסר","אוסר","Unresolved","","No lexical entry yet","true","3","Brief Commentary on Kilayim 3:11:4; Brief Commentary on Kilayim 4:8:3; Brief Commentary on Kilayim 5:17:3"
"brief-commentary-on-kilayim","Brief Commentary on Kilayim","tok-d75a77de7fdf","אוסרים","אוסרימ","Unresolved","","No lexical entry yet","true","1","Brief Commentary on Kilayim 1:16:2"
"brief-commentary-on-kilayim","Brief Commentary on Kilayim","tok-98eb6236d730","אטו","אטו","Unresolved","","No lexical entry yet","true","1","Brief Commentary on Kilayim 3:11:5"
"brief-commentary-on-kilayim","Brief Commentary on Kilayim","tok-4965e3668eb5","איל","איל","Unresolved","","No lexical entry yet","true","1","Brief Commentary on Kilayim 5:4:1"
"brief-commentary-on-kilayim","Brief Commentary on Kilayim","tok-a391ef7e8832","אילו","אילו","Unresolved","","No lexical entry yet","true","3","Brief Commentary on Kilayim 1:2:1; Brief Commentary on Kilayim 2:5:2; Brief Commentary on Kilayim 4:10:7"
"brief-commentary-on-kilayim","Brief Commentary on Kilayim","tok-5dc4f9a3d78b","אימרא","אימרא","Unresolved","","No lexical entry yet","true","4","Brief Commentary on Kilayim 5:19:3; Brief Commentary on Kilayim 5:24:2"
"brief-commentary-on-kilayim","Brief Commentary on Kilayim","tok-8c9fc7cdab18","איסור","איסור","Unresolved","","No lexical entry yet","true","3","Brief Commentary on Kilayim 1:6:2; Brief Commentary on Kilayim 2:1:1; Brief Commentary on Kilayim 5:26:1"
"brief-commentary-on-kilayim","Brief Commentary on Kilayim","tok-40820d925151","איסטפלינית","איסטפלינית","Unresolved","","No lexical entry yet","true","1","Brief Commentary on Kilayim 5:25:1"
"brief-commentary-on-kilayim","Brief Commentary on Kilayim","tok-b530b6f13c5d","איספלנית","איספלנית","Unresolved","","No lexical entry yet","true","1","Brief Commentary on Kilayim 5:25:1"
"brief-commentary-on-kilayim","Brief Commentary on Kilayim","tok-99924153357d","אליעזר","אליעזר","Unresolved","","No lexical entry yet","true","1","Brief Commentary on Kilayim 2:3:1"
"brief-commentary-on-kilayim","Brief Commentary on Kilayim","tok-356998aab694","אלעזר","אלעזר","Unresolved","","No lexical entry yet","true","2","Brief Commentary on Kilayim 3:11:4; Brief Commentary on Kilayim 4:7:3"
"brief-commentary-on-kilayim","Brief Commentary on Kilayim","tok-3207d9c25d91","אמות","אמות","Unresolved","","No lexical entry yet","true","11","Brief Commentary on Kilayim 3:1:5; Brief Commentary on Kilayim 3:5:1; Brief Commentary on Kilayim 3:6:3; Brief Commentary on Kilayim 3:11:1; Brief Commentary on Kilayim 4:1:1"
"brief-commentary-on-kilayim","Brief Commentary on Kilayim","tok-28e73e723bc3","אמות""","אמות""","Unresolved","","No lexical entry yet","true","1","Brief Commentary on Kilayim 4:11:4"
"brief-commentary-on-kilayim","Brief Commentary on Kilayim","tok-c76d3652b1a1","אמצעיתה","אמצעיתה","Unresolved","","No lexical entry yet","true","1","Brief Commentary on Kilayim 2:6:2"
"brief-commentary-on-kilayim","Brief Commentary on Kilayim","tok-2f1473609422","אסור","אסור","Unresolved","","No lexical entry yet","true","7","Brief Commentary on Kilayim 3:1:1; Brief Commentary on Kilayim 4:7:2; Brief Commentary on Kilayim 4:7:3; Brief Commentary on Kilayim 4:10:1; Brief Commentary on Kilayim 5:12:3"
"brief-commentary-on-kilayim","Brief Commentary on Kilayim","tok-169054b21fe2","אסורים","אסורימ","Unresolved","","No lexical entry yet","true","2","Brief Commentary on Kilayim 2:16:1; Brief Commentary on Kilayim 5:19:4"
"brief-commentary-on-kilayim","Brief Commentary on Kilayim","tok-719a0bd98126","אסורין","אסורינ","Unresolved","","No lexical entry yet","true","3","Brief Commentary on Kilayim 4:12:2; Brief Commentary on Kilayim 5:5:3"
"brief-commentary-on-kilayim","Brief Commentary on Kilayim","tok-c5f425124753","אעפ״י","אעפ״י","Unresolved","","No lexical entry yet","true","5","Brief Commentary on Kilayim 1:1:2; Brief Commentary on Kilayim 2:6:3; Brief Commentary on Kilayim 2:16:2; Brief Commentary on Kilayim 4:6:1; Brief Commentary on Kilayim 5:5:1"
"brief-commentary-on-kilayim","Brief Commentary on Kilayim","tok-11b0da5238ac","ארבעה","ארבעה","Unresolved","","No lexical entry yet","true","2","Brief Commentary on Kilayim 3:1:2; Brief Commentary on Kilayim 3:6:2"
"brief-commentary-on-kilayim","Brief Commentary on Kilayim","tok-a85e70b3a13b","ארבעים","ארבעימ","Unresolved","","No lexical entry yet","true","1","Brief Commentary on Kilayim 3:11:1"
"brief-commentary-on-kilayim","Brief Commentary on Kilayim","tok-6a766686dd4e","ב׳","ב׳","Unresolved","","No lexical entry yet","true","1","Brief Commentary on Kilayim 5:6:1"
"brief-commentary-on-kilayim","Brief Commentary on Kilayim","tok-fad1986b32fc","ב״ש","ב״ש","Unresolved","","No lexical entry yet","true","1","Brief Commentary on Kilayim 3:17:1"
"brief-commentary-on-kilayim","Brief Commentary on Kilayim","tok-63c0bc558f3c","בא״י","בא״י","Unresolved","","No lexical entry yet","true","1","Brief Commentary on Kilayim 2:16:4"
"brief-commentary-on-kilayim","Brief Commentary on Kilayim","tok-b34c02384a5d","באו״ז","באו״ז","Unresolved","","No lexical entry yet","true","1","Brief Commentary on Kilayim 2:16:1"
"brief-commentary-on-kilayim","Brief Commentary on Kilayim","tok-5bbec2eb9366","באוהל","באוהל","Unresolved","","No lexical entry yet","true","1","Brief Commentary on Kilayim 5:26:1"
"brief-commentary-on-kilayim","Brief Commentary on Kilayim","tok-ea950c36714b","באחו","באחו","Unresolved","","No lexical entry yet","true","1","Brief Commentary on Kilayim 3:14:2"
"brief-commentary-on-kilayim","Brief Commentary on Kilayim","tok-400b9067691f","באכילה","באכילה","Unresolved","","No lexical entry yet","true","2","Brief Commentary on Kilayim 4:12:2; Brief Commentary on Kilayim 4:12:4"
"brief-commentary-on-kilayim","Brief Commentary on Kilayim","tok-e3b6728f49d0","באלכסון","באלכסונ","Unresolved","","No lexical entry yet","true","1","Brief Commentary on Kilayim 3:11:1"
"brief-commentary-on-kilayim","Brief Commentary on Kilayim","tok-ce96f02a8bbe","באלף","באלפ","Unresolved","","No lexical entry yet","true","1","Brief Commentary on Kilayim 1:6:2"
"brief-commentary-on-kilayim","Brief Commentary on Kilayim","tok-cb07f619b78e","באפר","באפר","Unresolved","","No lexical entry yet","true","1","Brief Commentary on Kilayim 3:14:2"
"brief-commentary-on-kilayim","Brief Commentary on Kilayim","tok-9eecf1743643","באריג","באריג","Unresolved","","No lexical entry yet","true","1","Brief Commentary on Kilayim 5:26:2"
"brief-commentary-on-kilayim","Brief Commentary on Kilayim","tok-4e2323ee6c76","באשגרא","באשגרא","Unresolved","","No lexical entry yet","true","2","Brief Commentary on Kilayim 1:14:2; Brief Commentary on Kilayim 2:13:5"
"brief-commentary-on-kilayim","Brief Commentary on Kilayim","tok-4d9e4a3da69f","באשגרה","באשגרה","Unresolved","","No lexical entry yet","true","1","Brief Commentary on Kilayim 2:10:1"
"brief-commentary-on-kilayim","Brief Commentary on Kilayim","tok-612a777dc1f4","בבאור","בבאור","Unresolved","","No lexical entry yet","true","1","Brief Commentary on Kilayim 3:12:2"
"brief-commentary-on-kilayim","Brief Commentary on Kilayim","tok-35fadde3ab8a","בבגד","בבגד","Unresolved","","No lexical entry yet","true","1","Brief Commentary on Kilayim 5:19:1"
"brief-commentary-on-kilayim","Brief Commentary on Kilayim","tok-bf8aef1f40ee","בבגדים","בבגדימ","Unresolved","","No lexical entry yet","true","1","Brief Commentary on Kilayim 5:27:1"
"brief-commentary-on-kilayim","Brief Commentary on Kilayim","tok-bdefab07b19f","בבה״א","בבה״א","Unresolved","","No lexical entry yet","true","75","Brief Commentary on Kilayim 1:1:2; Brief Commentary on Kilayim 1:2:1; Brief Commentary on Kilayim 1:2:2; Brief Commentary on Kilayim 1:13:1; Brief Commentary on Kilayim 1:16:2"
"brief-commentary-on-kilayim","Brief Commentary on Kilayim","tok-110c44f6a4f3","בגד","בגד","Unresolved","","No lexical entry yet","true","1","Brief Commentary on Kilayim 5:19:3"
"brief-commentary-on-kilayim","Brief Commentary on Kilayim","tok-76b61b3aa4e4","בגופו","בגופו","Unresolved","","No lexical entry yet","true","1","Brief Commentary on Kilayim 5:26:1"
"brief-commentary-on-kilayim","Brief Commentary on Kilayim","tok-fd74e2e93aec","בגזיזה","בגזיזה","Unresolved","","No lexical entry yet","true","1","Brief Commentary on Kilayim 4:10:4"
"brief-commentary-on-kilayim","Brief Commentary on Kilayim","tok-d71b18f2d579","בד","בד","Unresolved","","No lexical entry yet","true","2","Brief Commentary on Kilayim 3:3:4; Brief Commentary on Kilayim 4:7:3"
"brief-commentary-on-kilayim","Brief Commentary on Kilayim","tok-ceb9aa2e0f81","בד״א","בד״א","Unresolved","","No lexical entry yet","true","1","Brief Commentary on Kilayim 5:12:1"
"brief-commentary-on-kilayim","Brief Commentary on Kilayim","tok-c9beee1a5ae3","בדלעת","בדלעת","Unresolved","","No lexical entry yet","true","1","Brief Commentary on Kilayim 1:6:1"
"brief-commentary-on-kilayim","Brief Commentary on Kilayim","tok-096eba2d65aa","בהוצ׳","בהוצ׳","Unresolved","","No lexical entry yet","true","1","Brief Commentary on Kilayim 3:15:1"
"brief-commentary-on-kilayim","Brief Commentary on Kilayim","tok-71be6fac1940","בהחלפת","בהחלפת","Unresolved","","No lexical entry yet","true","1","Brief Commentary on Kilayim 5:21:2"
"brief-commentary-on-kilayim","Brief Commentary on Kilayim","tok-4e004ce6b28f","בהנאה","בהנאה","Unresolved","","No lexical entry yet","true","5","Brief Commentary on Kilayim 2:16:1; Brief Commentary on Kilayim 4:12:1; Brief Commentary on Kilayim 4:12:2; Brief Commentary on Kilayim 4:12:4; Brief Commentary on Kilayim 5:19:4"
"brief-commentary-on-kilayim","Brief Commentary on Kilayim","tok-4139021eeb3e","בהפסק","בהפסק","Unresolved","","No lexical entry yet","true","1","Brief Commentary on Kilayim 2:4:2"
"brief-commentary-on-kilayim","Brief Commentary on Kilayim","tok-ff28a9ed9f81","בהרחקת","בהרחקת","Unresolved","","No lexical entry yet","true","1","Brief Commentary on Kilayim 4:1:1"
"brief-commentary-on-kilayim","Brief Commentary on Kilayim","tok-cf4e2d65ca88","בהשרשתו","בהשרשתו","Unresolved","","No lexical entry yet","true","1","Brief Commentary on Kilayim 1:16:6"
"brief-commentary-on-kilayim","Brief Commentary on Kilayim","tok-e87fcbc5e843","בוודאי","בוודאי","Unresolved","","No lexical entry yet","true","1","Brief Commentary on Kilayim 2:5:4"
"brief-commentary-on-kilayim","Brief Commentary on Kilayim","tok-ad7b8588abec","בזוגות","בזוגות","Unresolved","","No lexical entry yet","true","1","Brief Commentary on Kilayim 1:2:2"
"brief-commentary-on-kilayim","Brief Commentary on Kilayim","tok-60b3de613aa6","בזרעים","בזרעימ","Unresolved","","No lexical entry yet","true","2","Brief Commentary on Kilayim 1:6:1; Brief Commentary on Kilayim 3:7:1"
"brief-commentary-on-kilayim","Brief Commentary on Kilayim","tok-edc564bf7708","בחרישה","בחרישה","Unresolved","","No lexical entry yet","true","1","Brief Commentary on Kilayim 2:13:6"
"brief-commentary-on-kilayim","Brief Commentary on Kilayim","tok-4c203d4e94b1","בחרישתו","בחרישתו","Unresolved","","No lexical entry yet","true","1","Brief Commentary on Kilayim 1:19:2"
"brief-commentary-on-kilayim","Brief Commentary on Kilayim","tok-6d8bad1e66cc","בטהרת","בטהרת","Unresolved","","No lexical entry yet","true","1","Brief Commentary on Kilayim 4:13:3"
"brief-commentary-on-kilayim","Brief Commentary on Kilayim","tok-aa8bdd936cf0","בטיבו","בטיבו","Unresolved","","No lexical entry yet","true","1","Brief Commentary on Kilayim 5:4:1"
"brief-commentary-on-kilayim","Brief Commentary on Kilayim","tok-121ee75fc3cb","ביבמות","ביבמות","Unresolved","","No lexical entry yet","true","1","Brief Commentary on Kilayim 5:6:1"
"brief-commentary-on-kilayim","Brief Commentary on Kilayim","tok-984112287491","בינו","בינו","Unresolved","","No lexical entry yet","true","1","Brief Commentary on Kilayim 4:13:3"
"brief-commentary-on-kilayim","Brief Commentary on Kilayim","tok-f3b8b3871dd1","ביצה","ביצה","Unresolved","","No lexical entry yet","true","1","Brief Commentary on Kilayim 4:10:4"
"brief-commentary-on-kilayim","Brief Commentary on Kilayim","tok-b3bf185e465f","בירושלמי","בירושלמי","Unresolved","","No lexical entry yet","true","1","Brief Commentary on Kilayim 1:16:1"
"brief-commentary-on-kilayim","Brief Commentary on Kilayim","tok-da1e43dce2c6","בירידה","בירידה","Unresolved","","No lexical entry yet","true","2","Brief Commentary on Kilayim 5:4:5"
"brief-commentary-on-kilayim","Brief Commentary on Kilayim","tok-f0d77911ae1c","בירק","בירק","Unresolved","","No lexical entry yet","true","1","Brief Commentary on Kilayim 2:13:1"
"brief-commentary-on-kilayim","Brief Commentary on Kilayim","tok-9c6ea05d4cbc","בכוונה","בכוונה","Unresolved","","No lexical entry yet","true","1","Brief Commentary on Kilayim 2:1:5"
"brief-commentary-on-kilayim","Brief Commentary on Kilayim","tok-e85eb684a296","בכי״ע","בכי״ע","Unresolved","","No lexical entry yet","true","5","Brief Commentary on Kilayim 2:1:6; Brief Commentary on Kilayim 2:2:2; Brief Commentary on Kilayim 4:2:1; Brief Commentary on Kilayim 4:4:2; Brief Commentary on Kilayim 4:11:4"
"brief-commentary-on-kilayim","Brief Commentary on Kilayim","tok-02d2158b9a83","בכיסוח","בכיסוח","Unresolved","","No lexical entry yet","true","1","Brief Commentary on Kilayim 1:19:4"
"brief-commentary-on-kilayim","Brief Commentary on Kilayim","tok-13fe3c9cb495","בכלאים","בכלאימ","Unresolved","","No lexical entry yet","true","1","Brief Commentary on Kilayim 5:5:1"
"brief-commentary-on-kilayim","Brief Commentary on Kilayim","tok-5f292f0f66db","בכרם","בכרמ","Unresolved","","No lexical entry yet","true","7","Brief Commentary on Kilayim 3:11:1; Brief Commentary on Kilayim 3:11:4; Brief Commentary on Kilayim 3:11:5; Brief Commentary on Kilayim 3:12:3; Brief Commentary on Kilayim 4:1:2"
"brief-commentary-on-kilayim","Brief Commentary on Kilayim","tok-c584812a5e6c","בלארי","בלארי","Unresolved","","No lexical entry yet","true","1","Brief Commentary on Kilayim 5:16:1"
"brief-commentary-on-kilayim","Brief Commentary on Kilayim","tok-7f73e7a7aa71","בלולאה","בלולאה","Unresolved","","No lexical entry yet","true","1","Brief Commentary on Kilayim 5:14:1"
"brief-commentary-on-kilayim","Brief Commentary on Kilayim","tok-43e1485d94e9","במדריגה","במדריגה","Unresolved","","No lexical entry yet","true","1","Brief Commentary on Kilayim 3:7:1"
"brief-commentary-on-kilayim","Brief Commentary on Kilayim","tok-5f0e741def10","במחרישה","במחרישה","Unresolved","","No lexical entry yet","true","1","Brief Commentary on Kilayim 2:1:5"
"brief-commentary-on-kilayim","Brief Commentary on Kilayim","tok-347d729d6b46","במידת","במידת","Unresolved","","No lexical entry yet","true","1","Brief Commentary on Kilayim 2:6:3"
"brief-commentary-on-kilayim","Brief Commentary on Kilayim","tok-29c45b3d23af","במינו","במינו","Unresolved","","No lexical entry yet","true","1","Brief Commentary on Kilayim 1:16:4"
"brief-commentary-on-kilayim","Brief Commentary on Kilayim","tok-6d001390aca1","במלגז","במלגז","Unresolved","","No lexical entry yet","true","1","Brief Commentary on Kilayim 5:21:1"
"brief-commentary-on-kilayim","Brief Commentary on Kilayim","tok-c057b1fb8dd5","במקל","במקל","Unresolved","","No lexical entry yet","true","1","Brief Commentary on Kilayim 5:11:2"
"brief-commentary-on-kilayim","Brief Commentary on Kilayim","tok-5eb6bcfb2f8d","במקרה","במקרה","Unresolved","","No lexical entry yet","true","1","Brief Commentary on Kilayim 3:15:1"
"brief-commentary-on-kilayim","Brief Commentary on Kilayim","tok-0fc0d045c11c","במשנתנו","במשנתנו","Unresolved","","No lexical entry yet","true","4","Brief Commentary on Kilayim 1:1:1; Brief Commentary on Kilayim 1:19:4; Brief Commentary on Kilayim 2:6:3; Brief Commentary on Kilayim 3:1:1"
"brief-commentary-on-kilayim","Brief Commentary on Kilayim","tok-f0ddd9d2ff70","בנופל","בנופל","Unresolved","","No lexical entry yet","true","1","Brief Commentary on Kilayim 1:16:4"
"brief-commentary-on-kilayim","Brief Commentary on Kilayim","tok-73462789ba7d","בניגוד","בניגוד","Unresolved","","No lexical entry yet","true","2","Brief Commentary on Kilayim 1:17:2; Brief Commentary on Kilayim 2:8:1"
"brief-commentary-on-kilayim","Brief Commentary on Kilayim","tok-9c95f2b0d9e3","בניין","בניינ","Unresolved","","No lexical entry yet","true","1","Brief Commentary on Kilayim 1:18:2"
"brief-commentary-on-kilayim","Brief Commentary on Kilayim","tok-e3cc5ef7e0a7","בנתים","בנתימ","Unresolved","","No lexical entry yet","true","2","Brief Commentary on Kilayim 4:1:1; Brief Commentary on Kilayim 4:8:3"
"brief-commentary-on-kilayim","Brief Commentary on Kilayim","tok-146481359d0e","בסאה","בסאה","Unresolved","","No lexical entry yet","true","1","Brief Commentary on Kilayim 1:16:1"
"brief-commentary-on-kilayim","Brief Commentary on Kilayim","tok-952ad68755a1","בסיכוך","בסיכוכ","Unresolved","","No lexical entry yet","true","1","Brief Commentary on Kilayim 1:6:1"
"brief-commentary-on-kilayim","Brief Commentary on Kilayim","tok-aa389f45a9eb","בעה״ב","בעה״ב","Unresolved","","No lexical entry yet","true","1","Brief Commentary on Kilayim 5:2:1"
"brief-commentary-on-kilayim","Brief Commentary on Kilayim","tok-fc509ae0e681","בעומד","בעומד","Unresolved","","No lexical entry yet","true","1","Brief Commentary on Kilayim 4:6:1"
"brief-commentary-on-kilayim","Brief Commentary on Kilayim","tok-285ba772edee","בענף","בענפ","Unresolved","","No lexical entry yet","true","1","Brief Commentary on Kilayim 1:10:1"
"brief-commentary-on-kilayim","Brief Commentary on Kilayim","tok-ee1471a2a882","בעפר","בעפר","Unresolved","","No lexical entry yet","true","2","Brief Commentary on Kilayim 1:15:1; Brief Commentary on Kilayim 1:17:3"
"brief-commentary-on-kilayim","Brief Commentary on Kilayim","tok-12044173af77","בערבוביא","בערבוביא","Unresolved","","No lexical entry yet","true","1","Brief Commentary on Kilayim 2:1:1"
"brief-commentary-on-kilayim","Brief Commentary on Kilayim","tok-01d65af59414","בערוגה","בערוגה","Unresolved","","No lexical entry yet","true","2","Brief Commentary on Kilayim 2:8:1; Brief Commentary on Kilayim 2:8:3"
"brief-commentary-on-kilayim","Brief Commentary on Kilayim","tok-1697e811c0e8","בעריס","בעריס","Unresolved","","No lexical entry yet","true","1","Brief Commentary on Kilayim 4:5:1"
"brief-commentary-on-kilayim","Brief Commentary on Kilayim","tok-c9dffce1803b","בערלה","בערלה","Unresolved","","No lexical entry yet","true","1","Brief Commentary on Kilayim 3:17:1"
"brief-commentary-on-kilayim","Brief Commentary on Kilayim","tok-cf832b550d54","בפשתן","בפשתנ","Unresolved","","No lexical entry yet","true","1","Brief Commentary on Kilayim 2:4:1"
"brief-commentary-on-kilayim","Brief Commentary on Kilayim","tok-7bfa1c4ae881","בצבע","בצבע","Unresolved","","No lexical entry yet","true","1","Brief Commentary on Kilayim 5:24:1"
"brief-commentary-on-kilayim","Brief Commentary on Kilayim","tok-6d947faac6cb","בצלים","בצלימ","Unresolved","","No lexical entry yet","true","2","Brief Commentary on Kilayim 2:12:1"
"brief-commentary-on-kilayim","Brief Commentary on Kilayim","tok-79021f900bb1","בצמר","בצמר","Unresolved","","No lexical entry yet","true","1","Brief Commentary on Kilayim 5:12:1"
"brief-commentary-on-kilayim","Brief Commentary on Kilayim","tok-a7197876847d","בצעים","בצעימ","Unresolved","","No lexical entry yet","true","1","Brief Commentary on Kilayim 1:14:1"
"brief-commentary-on-kilayim","Brief Commentary on Kilayim","tok-33df33ac1689","בקושטא","בקושטא","Unresolved","","No lexical entry yet","true","1","Brief Commentary on Kilayim 1:16:2"
"brief-commentary-on-kilayim","Brief Commentary on Kilayim","tok-7e260af7b763","בקרון","בקרונ","Unresolved","","No lexical entry yet","true","1","Brief Commentary on Kilayim 5:11:1"
"brief-commentary-on-kilayim","Brief Commentary on Kilayim","tok-12c12f438eba","בקרחת","בקרחת","Unresolved","","No lexical entry yet","true","1","Brief Commentary on Kilayim 3:1:1"
"brief-commentary-on-kilayim","Brief Commentary on Kilayim","tok-8fa57d90c189","בקרס","בקרס","Unresolved","","No lexical entry yet","true","1","Brief Commentary on Kilayim 5:14:1"
"brief-commentary-on-kilayim","Brief Commentary on Kilayim","tok-e94773c419fd","בר״ג","בר״ג","Unresolved","","No lexical entry yet","true","1","Brief Commentary on Kilayim 3:11:4"
"brief-commentary-on-kilayim","Brief Commentary on Kilayim","tok-48cb7c4eeb60","ברגיל","ברגיל","Unresolved","","No lexical entry yet","true","1","Brief Commentary on Kilayim 5:4:4"
"brief-commentary-on-kilayim","Brief Commentary on Kilayim","tok-391abf41a4d4","ברגליו","ברגליו","Unresolved","","No lexical entry yet","true","2","Brief Commentary on Kilayim 5:8:2; Brief Commentary on Kilayim 5:11:2"
"brief-commentary-on-kilayim","Brief Commentary on Kilayim","tok-175e60e0250e","ברוב","ברוב","Unresolved","","No lexical entry yet","true","1","Brief Commentary on Kilayim 5:12:2"
"brief-commentary-on-kilayim","Brief Commentary on Kilayim","tok-159890680800","ברובע","ברובע","Unresolved","","No lexical entry yet","true","1","Brief Commentary on Kilayim 1:16:2"
"brief-commentary-on-kilayim","Brief Commentary on Kilayim","tok-61bd978e07ff","ברמץ","ברמצ","Unresolved","","No lexical entry yet","true","1","Brief Commentary on Kilayim 1:5:1"
"brief-commentary-on-kilayim","Brief Commentary on Kilayim","tok-db7f1359e5be","ברציפות","ברציפות","Unresolved","","No lexical entry yet","true","1","Brief Commentary on Kilayim 2:2:1"
"brief-commentary-on-kilayim","Brief Commentary on Kilayim","tok-4566e2564359","ברשותו","ברשותו","Unresolved","","No lexical entry yet","true","1","Brief Commentary on Kilayim 2:16:3"
"brief-commentary-on-kilayim","Brief Commentary on Kilayim","tok-6d2c83323cc0","בשדהו","בשדהו","Unresolved","","No lexical entry yet","true","2","Brief Commentary on Kilayim 1:19:1; Brief Commentary on Kilayim 2:16:4"
"brief-commentary-on-kilayim","Brief Commentary on Kilayim","tok-f8a55679b642","בשוקי","בשוקי","Unresolved","","No lexical entry yet","true","1","Brief Commentary on Kilayim 1:4:1"
"brief-commentary-on-kilayim","Brief Commentary on Kilayim","tok-83af1b231f0c","בשל","בשל","Unresolved","","No lexical entry yet","true","1","Brief Commentary on Kilayim 5:1:1"
"brief-commentary-on-kilayim","Brief Commentary on Kilayim","tok-c93597cf24a8","בשלשתן","בשלשתנ","Unresolved","","No lexical entry yet","true","1","Brief Commentary on Kilayim 5:17:3"
"brief-commentary-on-kilayim","Brief Commentary on Kilayim","tok-2da60307bd40","בשמונה","בשמונה","Unresolved","","No lexical entry yet","true","1","Brief Commentary on Kilayim 3:1:1"
"brief-commentary-on-kilayim","Brief Commentary on Kilayim","tok-83ed23ee899d","בשנו״ס","בשנו״ס","Unresolved","","No lexical entry yet","true","2","Brief Commentary on Kilayim 1:5:1; Brief Commentary on Kilayim 2:2:2"
"brief-commentary-on-kilayim","Brief Commentary on Kilayim","tok-a03f4ff001e8","בשעור","בשעור","Unresolved","","No lexical entry yet","true","1","Brief Commentary on Kilayim 2:9:1"
"brief-commentary-on-kilayim","Brief Commentary on Kilayim","tok-036d10ad620f","בתבואה","בתבואה","Unresolved","","No lexical entry yet","true","2","Brief Commentary on Kilayim 2:13:4; Brief Commentary on Kilayim 2:13:7"
"brief-commentary-on-kilayim","Brief Commentary on Kilayim","tok-f84e34e74fc6","בתחילה","בתחילה","Unresolved","","No lexical entry yet","true","1","Brief Commentary on Kilayim 1:16:5"
"brief-commentary-on-kilayim","Brief Commentary on Kilayim","tok-26217e7605c9","בתלם","בתלמ","Unresolved","","No lexical entry yet","true","1","Brief Commentary on Kilayim 2:3:1"
"brief-commentary-on-kilayim","Brief Commentary on Kilayim","tok-5b8d4d3fb5b6","בתשה״ג","בתשה״ג","Unresolved","","No lexical entry yet","true","1","Brief Commentary on Kilayim 2:10:1"
"brief-commentary-on-kilayim","Brief Commentary on Kilayim","tok-1730ed90af77","ג׳","ג׳","Unresolved","","No lexical entry yet","true","5","Brief Commentary on Kilayim 1:16:2; Brief Commentary on Kilayim 2:6:1; Brief Commentary on Kilayim 2:9:1; Brief Commentary on Kilayim 4:6:1"
"brief-commentary-on-kilayim","Brief Commentary on Kilayim","tok-f94e14eacf64","גדר","גדר","Unresolved","","No lexical entry yet","true","2","Brief Commentary on Kilayim 2:6:2; Brief Commentary on Kilayim 3:1:4"
"brief-commentary-on-kilayim","Brief Commentary on Kilayim","tok-99e4a11b64b7","גורע","גורע","Unresolved","","No lexical entry yet","true","2","Brief Commentary on Kilayim 1:18:2"
"brief-commentary-on-kilayim","Brief Commentary on Kilayim","tok-458d09eab3b9","גי׳","גי׳","Unresolved","","No lexical entry yet","true","2","Brief Commentary on Kilayim 2:1:3; Brief Commentary on Kilayim 2:14:1"
"brief-commentary-on-kilayim","Brief Commentary on Kilayim","tok-1f831cef7d75","גיזי","גיזי","Unresolved","","No lexical entry yet","true","1","Brief Commentary on Kilayim 5:23:1"
"brief-commentary-on-kilayim","Brief Commentary on Kilayim","tok-854231be717a","גיטין","גיטינ","Unresolved","","No lexical entry yet","true","1","Brief Commentary on Kilayim 2:16:5"
"brief-commentary-on-kilayim","Brief Commentary on Kilayim","tok-f0943f623ad5","גמישות","גמישות","Unresolved","","No lexical entry yet","true","1","Brief Commentary on Kilayim 4:4:1"
"brief-commentary-on-kilayim","Brief Commentary on Kilayim","tok-211107ad0db7","גמלים","גמלימ","Unresolved","","No lexical entry yet","true","3","Brief Commentary on Kilayim 5:12:1; Brief Commentary on Kilayim 5:12:2"
"brief-commentary-on-kilayim","Brief Commentary on Kilayim","tok-117c436602e1","גנאי","גנאי","Unresolved","","No lexical entry yet","true","1","Brief Commentary on Kilayim 5:6:1"
"brief-commentary-on-kilayim","Brief Commentary on Kilayim","tok-fc08e9164087","גנה","גנה","Unresolved","","No lexical entry yet","true","1","Brief Commentary on Kilayim 1:16:3"
"brief-commentary-on-kilayim","Brief Commentary on Kilayim","tok-d3f43f0fbca1","גפנו","גפנו","Unresolved","","No lexical entry yet","true","1","Brief Commentary on Kilayim 4:7:2"
"brief-commentary-on-kilayim","Brief Commentary on Kilayim","tok-a61045dd9ed0","גפני","גפני","Unresolved","","No lexical entry yet","true","1","Brief Commentary on Kilayim 3:6:3"
"brief-commentary-on-kilayim","Brief Commentary on Kilayim","tok-05fd658f5389","גפנים","גפנימ","Unresolved","","No lexical entry yet","true","13","Brief Commentary on Kilayim 3:3:3; Brief Commentary on Kilayim 3:5:1; Brief Commentary on Kilayim 3:11:1; Brief Commentary on Kilayim 3:11:2; Brief Commentary on Kilayim 3:11:4"
"brief-commentary-on-kilayim","Brief Commentary on Kilayim","tok-ce540000a190","גרסו","גרסו","Unresolved","","No lexical entry yet","true","1","Brief Commentary on Kilayim 4:9:1"
"brief-commentary-on-kilayim","Brief Commentary on Kilayim","tok-2eb8b952580b","גרע","גרע","Unresolved","","No lexical entry yet","true","1","Brief Commentary on Kilayim 1:18:2"
"brief-commentary-on-kilayim","Brief Commentary on Kilayim","tok-b83fdfb1e47c","דווקא","דווקא","Unresolved","","No lexical entry yet","true","2","Brief Commentary on Kilayim 4:12:4; Brief Commentary on Kilayim 5:5:4"
"brief-commentary-on-kilayim","Brief Commentary on Kilayim","tok-d0e8bc474f85","דומיא","דומיא","Unresolved","","No lexical entry yet","true","1","Brief Commentary on Kilayim 2:16:5"
"brief-commentary-on-kilayim","Brief Commentary on Kilayim","tok-a6772ae43f3d","דיין","דיינ","Unresolved","","No lexical entry yet","true","1","Brief Commentary on Kilayim 2:1:2"
"brief-commentary-on-kilayim","Brief Commentary on Kilayim","tok-a598531fc72b","דילועים","דילועימ","Unresolved","","No lexical entry yet","true","1","Brief Commentary on Kilayim 2:12:1"
"brief-commentary-on-kilayim","Brief Commentary on Kilayim","tok-5c58c4defa20","דילועין","דילועינ","Unresolved","","No lexical entry yet","true","1","Brief Commentary on Kilayim 2:13:4"
"brief-commentary-on-kilayim","Brief Commentary on Kilayim","tok-484abc04859b","דינו","דינו","Unresolved","","No lexical entry yet","true","3","Brief Commentary on Kilayim 3:11:3; Brief Commentary on Kilayim 4:13:1; Brief Commentary on Kilayim 4:13:3"
"brief-commentary-on-kilayim","Brief Commentary on Kilayim","tok-be70a3f849cd","דינם","דינמ","Unresolved","","No lexical entry yet","true","2","Brief Commentary on Kilayim 2:14:2; Brief Commentary on Kilayim 4:4:2"
"brief-commentary-on-kilayim","Brief Commentary on Kilayim","tok-916cfc690cb1","דיקרן","דיקרנ","Unresolved","","No lexical entry yet","true","1","Brief Commentary on Kilayim 4:5:1"
"brief-commentary-on-kilayim","Brief Commentary on Kilayim","tok-68e17f1d4410","דל","דל","Unresolved","","No lexical entry yet","true","1","Brief Commentary on Kilayim 3:3:3"
"brief-commentary-on-kilayim","Brief Commentary on Kilayim","tok-8ac45bcfcc1d","דלעת","דלעת","Unresolved","","No lexical entry yet","true","2","Brief Commentary on Kilayim 1:5:1; Brief Commentary on Kilayim 1:6:2"
"brief-commentary-on-kilayim","Brief Commentary on Kilayim","tok-62483376e95c","דמקיף","דמקיפ","Unresolved","","No lexical entry yet","true","1","Brief Commentary on Kilayim 4:5:2"
"brief-commentary-on-kilayim","Brief Commentary on Kilayim","tok-cdc10aa329b3","דרישא","דרישא","Unresolved","","No lexical entry yet","true","1","Brief Commentary on Kilayim 2:16:5"
"brief-commentary-on-kilayim","Brief Commentary on Kilayim","tok-2819642047d6","דש","דש","Unresolved","","No lexical entry yet","true","1","Brief Commentary on Kilayim 5:11:1"
"brief-commentary-on-kilayim","Brief Commentary on Kilayim","tok-ee745f2e0592","ה׳","ה׳","Unresolved","","No lexical entry yet","true","2","Brief Commentary on Kilayim 3:11:2"
"brief-commentary-on-kilayim","Brief Commentary on Kilayim","tok-d837a8be3f16","האירוס","האירוס","Unresolved","","No lexical entry yet","true","1","Brief Commentary on Kilayim 3:13:1"
"brief-commentary-on-kilayim","Brief Commentary on Kilayim","tok-37bfc1c7b1c2","האמות","האמות","Unresolved","","No lexical entry yet","true","1","Brief Commentary on Kilayim 3:1:1"
"brief-commentary-on-kilayim","Brief Commentary on Kilayim","tok-73ccf7539ed8","האמצעיות","האמצעיות","Unresolved","","No lexical entry yet","true","1","Brief Commentary on Kilayim 3:1:1"
"brief-commentary-on-kilayim","Brief Commentary on Kilayim","tok-066a5e80ab96","האמצעית","האמצעית","Unresolved","","No lexical entry yet","true","3","Brief Commentary on Kilayim 3:11:1"
"brief-commentary-on-kilayim","Brief Commentary on Kilayim","tok-e2cd657d6221","האסורות","האסורות","Unresolved","","No lexical entry yet","true","1","Brief Commentary on Kilayim 3:11:5"
"brief-commentary-on-kilayim","Brief Commentary on Kilayim","tok-dbf79aaea5bb","הבגד","הבגד","Unresolved","","No lexical entry yet","true","2","Brief Commentary on Kilayim 5:19:3"
"brief-commentary-on-kilayim","Brief Commentary on Kilayim","tok-0c84d215c647","הבדים","הבדימ","Unresolved","","No lexical entry yet","true","1","Brief Commentary on Kilayim 4:7:3"
"brief-commentary-on-kilayim","Brief Commentary on Kilayim","tok-7d18e8722176","הבוקע","הבוקע","Unresolved","","No lexical entry yet","true","1","Brief Commentary on Kilayim 1:13:1"
"brief-commentary-on-kilayim","Brief Commentary on Kilayim","tok-ed1444f41725","הבנתים","הבנתימ","Unresolved","","No lexical entry yet","true","1","Brief Commentary on Kilayim 3:6:3"
"brief-commentary-on-kilayim","Brief Commentary on Kilayim","tok-2a5082cdeaed","הבר","הבר","Unresolved","","No lexical entry yet","true","1","Brief Commentary on Kilayim 5:4:1"
"brief-commentary-on-kilayim","Brief Commentary on Kilayim","tok-3bd8e9d0cd7f","הברייתא","הברייתא","Unresolved","","No lexical entry yet","true","2","Brief Commentary on Kilayim 1:17:1; Brief Commentary on Kilayim 3:3:3"
"brief-commentary-on-kilayim","Brief Commentary on Kilayim","tok-603c339b90f5","הבריכה","הבריכה","Unresolved","","No lexical entry yet","true","2","Brief Commentary on Kilayim 4:11:3"
"brief-commentary-on-kilayim","Brief Commentary on Kilayim","tok-78cb37893477","הגדר","הגדר","Unresolved","","No lexical entry yet","true","7","Brief Commentary on Kilayim 2:6:1; Brief Commentary on Kilayim 2:6:2; Brief Commentary on Kilayim 3:5:1; Brief Commentary on Kilayim 4:1:1; Brief Commentary on Kilayim 4:1:2"
"brief-commentary-on-kilayim","Brief Commentary on Kilayim","tok-6536f0779dae","הגירסא","הגירסא","Unresolved","","No lexical entry yet","true","1","Brief Commentary on Kilayim 1:18:2"
"brief-commentary-on-kilayim","Brief Commentary on Kilayim","tok-53b076a4960a","הגמלים","הגמלימ","Unresolved","","No lexical entry yet","true","1","Brief Commentary on Kilayim 5:12:1"
"brief-commentary-on-kilayim","Brief Commentary on Kilayim","tok-c11d0601492e","הגסים","הגסימ","Unresolved","","No lexical entry yet","true","1","Brief Commentary on Kilayim 1:19:4"
"brief-commentary-on-kilayim","Brief Commentary on Kilayim","tok-28376f2af414","הגפנים","הגפנימ","Unresolved","","No lexical entry yet","true","5","Brief Commentary on Kilayim 1:18:1; Brief Commentary on Kilayim 3:1:3; Brief Commentary on Kilayim 3:11:1; Brief Commentary on Kilayim 4:12:1; Brief Commentary on Kilayim 4:12:3"
"brief-commentary-on-kilayim","Brief Commentary on Kilayim","tok-434cf2057748","הגר״א","הגר״א","Unresolved","","No lexical entry yet","true","3","Brief Commentary on Kilayim 1:2:2; Brief Commentary on Kilayim 2:14:2; Brief Commentary on Kilayim 3:11:4"
"brief-commentary-on-kilayim","Brief Commentary on Kilayim","tok-ce564ad87b17","הגריד","הגריד","Unresolved","","No lexical entry yet","true","1","Brief Commentary on Kilayim 1:16:8"
"brief-commentary-on-kilayim","Brief Commentary on Kilayim","tok-a323fdbfdabe","הגריר","הגריר","Unresolved","","No lexical entry yet","true","1","Brief Commentary on Kilayim 1:16:8"
"brief-commentary-on-kilayim","Brief Commentary on Kilayim","tok-348fdf986bc9","הגשמים","הגשמימ","Unresolved","","No lexical entry yet","true","1","Brief Commentary on Kilayim 5:26:1"
"brief-commentary-on-kilayim","Brief Commentary on Kilayim","tok-a45277212d89","הדילועים","הדילועימ","Unresolved","","No lexical entry yet","true","1","Brief Commentary on Kilayim 2:12:1"
"brief-commentary-on-kilayim","Brief Commentary on Kilayim","tok-390fb524fce0","הדלה","הדלה","Unresolved","","No lexical entry yet","true","1","Brief Commentary on Kilayim 4:7:3"
"brief-commentary-on-kilayim","Brief Commentary on Kilayim","tok-4328dcd1a498","הדלעת","הדלעת","Unresolved","","No lexical entry yet","true","1","Brief Commentary on Kilayim 1:13:1"
"brief-commentary-on-kilayim","Brief Commentary on Kilayim","tok-d540f87d761c","ההפיכה","ההפיכה","Unresolved","","No lexical entry yet","true","1","Brief Commentary on Kilayim 1:17:1"
"brief-commentary-on-kilayim","Brief Commentary on Kilayim","tok-fe9a6221bd71","ההפסק","ההפסק","Unresolved","","No lexical entry yet","true","1","Brief Commentary on Kilayim 2:12:1"
"brief-commentary-on-kilayim","Brief Commentary on Kilayim","tok-8e5b1bc14e20","הואיל","הואיל","Unresolved","","No lexical entry yet","true","2","Brief Commentary on Kilayim 3:11:1; Brief Commentary on Kilayim 3:11:2"
"brief-commentary-on-kilayim","Brief Commentary on Kilayim","tok-d3cc992d5a1a","הוילון","הוילונ","Unresolved","","No lexical entry yet","true","1","Brief Commentary on Kilayim 5:26:5"
"brief-commentary-on-kilayim","Brief Commentary on Kilayim","tok-36bfbd49deff","הופך","הופכ","Unresolved","","No lexical entry yet","true","1","Brief Commentary on Kilayim 1:19:2"
"brief-commentary-on-kilayim","Brief Commentary on Kilayim","tok-172ccde85315","הותרו","הותרו","Unresolved","","No lexical entry yet","true","1","Brief Commentary on Kilayim 5:27:1"
"brief-commentary-on-kilayim","Brief Commentary on Kilayim","tok-66e302b8c81f","הזבל","הזבל","Unresolved","","No lexical entry yet","true","1","Brief Commentary on Kilayim 5:18:1"
"brief-commentary-on-kilayim","Brief Commentary on Kilayim","tok-3d7d90379338","הזורע","הזורע","Unresolved","","No lexical entry yet","true","1","Brief Commentary on Kilayim 3:11:1"
"brief-commentary-on-kilayim","Brief Commentary on Kilayim","tok-38104503bbca","הזמורה","הזמורה","Unresolved","","No lexical entry yet","true","3","Brief Commentary on Kilayim 4:10:1; Brief Commentary on Kilayim 4:10:2"
"brief-commentary-on-kilayim","Brief Commentary on Kilayim","tok-59c5de461949","הזריעה","הזריעה","Unresolved","","No lexical entry yet","true","1","Brief Commentary on Kilayim 2:1:1"
"brief-commentary-on-kilayim","Brief Commentary on Kilayim","tok-47e7c181b193","הזרעים","הזרעימ","Unresolved","","No lexical entry yet","true","3","Brief Commentary on Kilayim 1:15:1; Brief Commentary on Kilayim 1:19:2; Brief Commentary on Kilayim 3:3:1"
"brief-commentary-on-kilayim","Brief Commentary on Kilayim","tok-f7d6e8351c28","החוסם","החוסמ","Unresolved","","No lexical entry yet","true","1","Brief Commentary on Kilayim 5:11:1"
"brief-commentary-on-kilayim","Brief Commentary on Kilayim","tok-65d8379b88db","החללים","החללימ","Unresolved","","No lexical entry yet","true","2","Brief Commentary on Kilayim 3:1:3; Brief Commentary on Kilayim 3:6:3"
"brief-commentary-on-kilayim","Brief Commentary on Kilayim","tok-d7b51b5d4340","החרישה","החרישה","Unresolved","","No lexical entry yet","true","1","Brief Commentary on Kilayim 2:1:5"
"brief-commentary-on-kilayim","Brief Commentary on Kilayim","tok-497de3abb5b6","החשיפה","החשיפה","Unresolved","","No lexical entry yet","true","1","Brief Commentary on Kilayim 3:14:1"
"brief-commentary-on-kilayim","Brief Commentary on Kilayim","tok-d41b71ae8bd9","הטינה","הטינה","Unresolved","","No lexical entry yet","true","1","Brief Commentary on Kilayim 1:16:8"
"brief-commentary-on-kilayim","Brief Commentary on Kilayim","tok-9ce025d213bb","הטינוף","הטינופ","Unresolved","","No lexical entry yet","true","1","Brief Commentary on Kilayim 5:18:1"
"brief-commentary-on-kilayim","Brief Commentary on Kilayim","tok-836025736514","הירודין","הירודינ","Unresolved","","No lexical entry yet","true","1","Brief Commentary on Kilayim 5:8:2"
"brief-commentary-on-kilayim","Brief Commentary on Kilayim","tok-dbe734479a9c","הירורין","הירורינ","Unresolved","","No lexical entry yet","true","1","Brief Commentary on Kilayim 5:8:2"
"brief-commentary-on-kilayim","Brief Commentary on Kilayim","tok-c62d4ce526bb","הירק","הירק","Unresolved","","No lexical entry yet","true","1","Brief Commentary on Kilayim 3:11:1"
"brief-commentary-on-kilayim","Brief Commentary on Kilayim","tok-2449bbdaf235","הכא","הכא","Unresolved","","No lexical entry yet","true","1","Brief Commentary on Kilayim 1:19:4"
"brief-commentary-on-kilayim","Brief Commentary on Kilayim","tok-fff493e8a025","הכהנים","הכהנימ","Unresolved","","No lexical entry yet","true","1","Brief Commentary on Kilayim 2:16:1"
"brief-commentary-on-kilayim","Brief Commentary on Kilayim","tok-952bb85c1efa","הכובים","הכובימ","Unresolved","","No lexical entry yet","true","1","Brief Commentary on Kilayim 1:19:3"
"brief-commentary-on-kilayim","Brief Commentary on Kilayim","tok-33460ba2fbca","הכוונה","הכוונה","Unresolved","","No lexical entry yet","true","2","Brief Commentary on Kilayim 2:10:1; Brief Commentary on Kilayim 5:20:1"
"brief-commentary-on-kilayim","Brief Commentary on Kilayim","tok-283fd5d3267d","הכוורות","הכוורות","Unresolved","","No lexical entry yet","true","1","Brief Commentary on Kilayim 3:1:3"
"brief-commentary-on-kilayim","Brief Commentary on Kilayim","tok-0b74f491f087","הכלאים","הכלאימ","Unresolved","","No lexical entry yet","true","2","Brief Commentary on Kilayim 2:16:1; Brief Commentary on Kilayim 5:19:1"
"brief-commentary-on-kilayim","Brief Commentary on Kilayim","tok-27b4703ddf50","הכניס","הכניס","Unresolved","","No lexical entry yet","true","1","Brief Commentary on Kilayim 2:1:5"
"brief-commentary-on-kilayim","Brief Commentary on Kilayim","tok-9447353d2104","הכרם","הכרמ","Unresolved","","No lexical entry yet","true","18","Brief Commentary on Kilayim 2:16:6; Brief Commentary on Kilayim 3:1:1; Brief Commentary on Kilayim 3:1:3; Brief Commentary on Kilayim 3:1:4; Brief Commentary on Kilayim 3:3:1"
"brief-commentary-on-kilayim","Brief Commentary on Kilayim","tok-d7d9c2a6f800","הכרמים","הכרמימ","Unresolved","","No lexical entry yet","true","1","Brief Commentary on Kilayim 3:1:3"
"brief-commentary-on-kilayim","Brief Commentary on Kilayim","tok-b6e037c19fba","הלבן","הלבנ","Unresolved","","No lexical entry yet","true","1","Brief Commentary on Kilayim 4:12:3"
"brief-commentary-on-kilayim","Brief Commentary on Kilayim","tok-d4560ea993b5","הלוף","הלופ","Unresolved","","No lexical entry yet","true","1","Brief Commentary on Kilayim 2:5:2"
"brief-commentary-on-kilayim","Brief Commentary on Kilayim","tok-aaf22efcba98","הלפדקים","הלפדקימ","Unresolved","","No lexical entry yet","true","1","Brief Commentary on Kilayim 5:4:3"
"brief-commentary-on-kilayim","Brief Commentary on Kilayim","tok-08e3159ef034","הלשישות","הלשישות","Unresolved","","No lexical entry yet","true","1","Brief Commentary on Kilayim 3:12:2"
"brief-commentary-on-kilayim","Brief Commentary on Kilayim","tok-4ef14eeac246","המבריך","המבריכ","Unresolved","","No lexical entry yet","true","1","Brief Commentary on Kilayim 4:11:1"
"brief-commentary-on-kilayim","Brief Commentary on Kilayim","tok-aa84bc45674d","המגונין","המגונינ","Unresolved","","No lexical entry yet","true","1","Brief Commentary on Kilayim 4:7:1"
"brief-commentary-on-kilayim","Brief Commentary on Kilayim","tok-b4e878b3caee","המדברת","המדברת","Unresolved","","No lexical entry yet","true","1","Brief Commentary on Kilayim 2:12:1"
"brief-commentary-on-kilayim","Brief Commentary on Kilayim","tok-444512fa99d0","המובלעות","המובלעות","Unresolved","","No lexical entry yet","true","2","Brief Commentary on Kilayim 2:16:5"
"brief-commentary-on-kilayim","Brief Commentary on Kilayim","tok-1f4e5fa48c62","המודלות","המודלות","Unresolved","","No lexical entry yet","true","1","Brief Commentary on Kilayim 3:5:1"
"brief-commentary-on-kilayim","Brief Commentary on Kilayim","tok-19986088c0e0","המוקף","המוקפ","Unresolved","","No lexical entry yet","true","1","Brief Commentary on Kilayim 2:5:1"
"brief-commentary-on-kilayim","Brief Commentary on Kilayim","tok-c847c0952e16","המושך","המושכ","Unresolved","","No lexical entry yet","true","1","Brief Commentary on Kilayim 5:11:2"
"brief-commentary-on-kilayim","Brief Commentary on Kilayim","tok-3d3fcaf7997c","המזיק","המזיק","Unresolved","","No lexical entry yet","true","1","Brief Commentary on Kilayim 3:3:1"
"brief-commentary-on-kilayim","Brief Commentary on Kilayim","tok-bcfce7314deb","המחרישה","המחרישה","Unresolved","","No lexical entry yet","true","2","Brief Commentary on Kilayim 1:17:3; Brief Commentary on Kilayim 1:19:4"
"brief-commentary-on-kilayim","Brief Commentary on Kilayim","tok-53ca590ba3ca","המינים","המינימ","Unresolved","","No lexical entry yet","true","2","Brief Commentary on Kilayim 1:1:2; Brief Commentary on Kilayim 3:12:2"
"brief-commentary-on-kilayim","Brief Commentary on Kilayim","tok-c67856521370","המליצה","המליצה","Unresolved","","No lexical entry yet","true","1","Brief Commentary on Kilayim 5:6:1"
"brief-commentary-on-kilayim","Brief Commentary on Kilayim","tok-5a1bd8402019","המנהיג","המנהיג","Unresolved","","No lexical entry yet","true","1","Brief Commentary on Kilayim 5:11:2"
"brief-commentary-on-kilayim","Brief Commentary on Kilayim","tok-0e611c74c09b","המעביר","המעביר","Unresolved","","No lexical entry yet","true","1","Brief Commentary on Kilayim 4:13:1"
"brief-commentary-on-kilayim","Brief Commentary on Kilayim","tok-87d355542d89","המפרש","המפרש","Unresolved","","No lexical entry yet","true","1","Brief Commentary on Kilayim 5:21:1"
"brief-commentary-on-kilayim","Brief Commentary on Kilayim","tok-60639a8461d1","המפרשים","המפרשימ","Unresolved","","No lexical entry yet","true","1","Brief Commentary on Kilayim 2:8:2"
"brief-commentary-on-kilayim","Brief Commentary on Kilayim","tok-7541b0a9f4ed","המצמיח","המצמיח","Unresolved","","No lexical entry yet","true","1","Brief Commentary on Kilayim 1:14:2"
"brief-commentary-on-kilayim","Brief Commentary on Kilayim","tok-2f0e73252bbb","המצרי","המצרי","Unresolved","","No lexical entry yet","true","3","Brief Commentary on Kilayim 2:10:1; Brief Commentary on Kilayim 2:11:1; Brief Commentary on Kilayim 3:12:3"
"brief-commentary-on-kilayim","Brief Commentary on Kilayim","tok-9198da846e1b","המרחץ","המרחצ","Unresolved","","No lexical entry yet","true","1","Brief Commentary on Kilayim 5:16:1"
"brief-commentary-on-kilayim","Brief Commentary on Kilayim","tok-5ceb8272b825","המשיחה","המשיחה","Unresolved","","No lexical entry yet","true","1","Brief Commentary on Kilayim 5:15:1"
"brief-commentary-on-kilayim","Brief Commentary on Kilayim","tok-27448f375081","המשיחות","המשיחות","Unresolved","","No lexical entry yet","true","1","Brief Commentary on Kilayim 5:15:1"
"brief-commentary-on-kilayim","Brief Commentary on Kilayim","tok-0408a247d144","הנוהג","הנוהג","Unresolved","","No lexical entry yet","true","1","Brief Commentary on Kilayim 5:11:2"
"brief-commentary-on-kilayim","Brief Commentary on Kilayim","tok-f11f13b43237","הנופלים","הנופלימ","Unresolved","","No lexical entry yet","true","1","Brief Commentary on Kilayim 1:16:2"
"brief-commentary-on-kilayim","Brief Commentary on Kilayim","tok-9b97908b1db0","הנזרע","הנזרע","Unresolved","","No lexical entry yet","true","1","Brief Commentary on Kilayim 1:16:4"
"brief-commentary-on-kilayim","Brief Commentary on Kilayim","tok-ca95438edd55","הנטועים","הנטועימ","Unresolved","","No lexical entry yet","true","1","Brief Commentary on Kilayim 3:7:1"
"brief-commentary-on-kilayim","Brief Commentary on Kilayim","tok-492421a783f3","הסאה","הסאה","Unresolved","","No lexical entry yet","true","1","Brief Commentary on Kilayim 1:16:1"
"brief-commentary-on-kilayim","Brief Commentary on Kilayim","tok-1c33d12ebc65","הסחורה","הסחורה","Unresolved","","No lexical entry yet","true","1","Brief Commentary on Kilayim 5:20:1"
"brief-commentary-on-kilayim","Brief Commentary on Kilayim","tok-1535d2683594","הסיפא","הסיפא","Unresolved","","No lexical entry yet","true","1","Brief Commentary on Kilayim 2:13:5"
"brief-commentary-on-kilayim","Brief Commentary on Kilayim","tok-16490dcc5646","הסמוכה","הסמוכה","Unresolved","","No lexical entry yet","true","1","Brief Commentary on Kilayim 2:3:1"
"brief-commentary-on-kilayim","Brief Commentary on Kilayim","tok-6ce1cddf73af","הספרים","הספרימ","Unresolved","","No lexical entry yet","true","1","Brief Commentary on Kilayim 5:17:1"
"brief-commentary-on-kilayim","Brief Commentary on Kilayim","tok-c0a86a97c187","הע׳","הע׳","Unresolved","","No lexical entry yet","true","1","Brief Commentary on Kilayim 2:13:6"
"brief-commentary-on-kilayim","Brief Commentary on Kilayim","tok-29805e1cb2f0","העוקץ","העוקצ","Unresolved","","No lexical entry yet","true","1","Brief Commentary on Kilayim 1:6:1"
"brief-commentary-on-kilayim","Brief Commentary on Kilayim","tok-ffe4fbcace3b","העיט","העיט","Unresolved","","No lexical entry yet","true","1","Brief Commentary on Kilayim 5:20:2"
"brief-commentary-on-kilayim","Brief Commentary on Kilayim","tok-abf713c46bab","העמידוהו","העמידוהו","Unresolved","","No lexical entry yet","true","1","Brief Commentary on Kilayim 3:11:3"
"brief-commentary-on-kilayim","Brief Commentary on Kilayim","tok-08f3b490085e","העץ","העצ","Unresolved","","No lexical entry yet","true","1","Brief Commentary on Kilayim 4:10:2"
"brief-commentary-on-kilayim","Brief Commentary on Kilayim","tok-f9fc355fff69","הערוגה","הערוגה","Unresolved","","No lexical entry yet","true","4","Brief Commentary on Kilayim 2:7:2; Brief Commentary on Kilayim 2:7:3"
"brief-commentary-on-kilayim","Brief Commentary on Kilayim","tok-3606ec9f1001","הפואה","הפואה","Unresolved","","No lexical entry yet","true","1","Brief Commentary on Kilayim 4:10:6"
"brief-commentary-on-kilayim","Brief Commentary on Kilayim","tok-909b1a4dfae2","הפוקרית","הפוקרית","Unresolved","","No lexical entry yet","true","1","Brief Commentary on Kilayim 5:23:1"
"brief-commentary-on-kilayim","Brief Commentary on Kilayim","tok-fa1db1a5f412","הפיצולים","הפיצולימ","Unresolved","","No lexical entry yet","true","1","Brief Commentary on Kilayim 4:5:1"
"brief-commentary-on-kilayim","Brief Commentary on Kilayim","tok-db5aa6a145b4","הפירוש","הפירוש","Unresolved","","No lexical entry yet","true","1","Brief Commentary on Kilayim 3:3:4"
"brief-commentary-on-kilayim","Brief Commentary on Kilayim","tok-dd3a86ed155e","הפרד","הפרד","Unresolved","","No lexical entry yet","true","1","Brief Commentary on Kilayim 1:8:1"
"brief-commentary-on-kilayim","Brief Commentary on Kilayim","tok-723ee342b1b6","הפשתן","הפשתנ","Unresolved","","No lexical entry yet","true","1","Brief Commentary on Kilayim 5:21:1"
"brief-commentary-on-kilayim","Brief Commentary on Kilayim","tok-e6344e03ced0","הצביה","הצביה","Unresolved","","No lexical entry yet","true","1","Brief Commentary on Kilayim 5:4:1"
"brief-commentary-on-kilayim","Brief Commentary on Kilayim","tok-0151aca3aad1","הצבע","הצבע","Unresolved","","No lexical entry yet","true","1","Brief Commentary on Kilayim 5:19:3"
"brief-commentary-on-kilayim","Brief Commentary on Kilayim","tok-8375b7d74c4b","הצבעים","הצבעימ","Unresolved","","No lexical entry yet","true","1","Brief Commentary on Kilayim 4:10:6"
"brief-commentary-on-kilayim","Brief Commentary on Kilayim","tok-c1bad55a5f09","הצדדין","הצדדינ","Unresolved","","No lexical entry yet","true","1","Brief Commentary on Kilayim 2:7:3"
"brief-commentary-on-kilayim","Brief Commentary on Kilayim","tok-4985d1604af5","הצינה","הצינה","Unresolved","","No lexical entry yet","true","1","Brief Commentary on Kilayim 5:26:1"
"brief-commentary-on-kilayim","Brief Commentary on Kilayim","tok-27b20640bdc8","הצלף","הצלפ","Unresolved","","No lexical entry yet","true","1","Brief Commentary on Kilayim 3:17:1"
"brief-commentary-on-kilayim","Brief Commentary on Kilayim","tok-7293549fa601","הצמר","הצמר","Unresolved","","No lexical entry yet","true","2","Brief Commentary on Kilayim 5:21:1"
"brief-commentary-on-kilayim","Brief Commentary on Kilayim","tok-604d4947b189","הקב","הקב","Unresolved","","No lexical entry yet","true","1","Brief Commentary on Kilayim 1:16:1"
"brief-commentary-on-kilayim","Brief Commentary on Kilayim","tok-88e0e3a9fb28","הקוצים","הקוצימ","Unresolved","","No lexical entry yet","true","2","Brief Commentary on Kilayim 1:19:3; Brief Commentary on Kilayim 1:19:4"
"brief-commentary-on-kilayim","Brief Commentary on Kilayim","tok-cdf9b5574ae3","הקורות","הקורות","Unresolved","","No lexical entry yet","true","3","Brief Commentary on Kilayim 3:1:3; Brief Commentary on Kilayim 3:4:1; Brief Commentary on Kilayim 4:7:3"
"brief-commentary-on-kilayim","Brief Commentary on Kilayim","tok-02d51226f9a3","הקנים","הקנימ","Unresolved","","No lexical entry yet","true","1","Brief Commentary on Kilayim 4:5:1"
"brief-commentary-on-kilayim","Brief Commentary on Kilayim","tok-a604453b87b6","הקפה","הקפה","Unresolved","","No lexical entry yet","true","1","Brief Commentary on Kilayim 2:4:2"
"brief-commentary-on-kilayim","Brief Commentary on Kilayim","tok-4b3e679e59a2","הקרון","הקרונ","Unresolved","","No lexical entry yet","true","1","Brief Commentary on Kilayim 5:4:2"
"brief-commentary-on-kilayim","Brief Commentary on Kilayim","tok-092292e3d7ba","הקרנות","הקרנות","Unresolved","","No lexical entry yet","true","2","Brief Commentary on Kilayim 2:10:1; Brief Commentary on Kilayim 3:11:1"
"brief-commentary-on-kilayim","Brief Commentary on Kilayim","tok-db07abd83672","הקרעים","הקרעימ","Unresolved","","No lexical entry yet","true","1","Brief Commentary on Kilayim 5:14:1"
"brief-commentary-on-kilayim","Brief Commentary on Kilayim","tok-798ef545bd7c","הקרקע","הקרקע","Unresolved","","No lexical entry yet","true","5","Brief Commentary on Kilayim 1:13:1; Brief Commentary on Kilayim 1:16:6; Brief Commentary on Kilayim 4:11:1; Brief Commentary on Kilayim 4:13:2; Brief Commentary on Kilayim 4:13:3"
"brief-commentary-on-kilayim","Brief Commentary on Kilayim","tok-aa4fca667e54","הר״מ","הר״מ","Unresolved","","No lexical entry yet","true","1","Brief Commentary on Kilayim 5:15:1"
"brief-commentary-on-kilayim","Brief Commentary on Kilayim","tok-c5f8397ed64f","הראב״ד","הראב״ד","Unresolved","","No lexical entry yet","true","2","Brief Commentary on Kilayim 4:5:1; Brief Commentary on Kilayim 5:26:5"
"brief-commentary-on-kilayim","Brief Commentary on Kilayim","tok-21fe5b2d7813","הרביעה","הרביעה","Unresolved","","No lexical entry yet","true","2","Brief Commentary on Kilayim 1:17:2"
"brief-commentary-on-kilayim","Brief Commentary on Kilayim","tok-7dc570d76dfc","הרביעית","הרביעית","Unresolved","","No lexical entry yet","true","1","Brief Commentary on Kilayim 3:11:1"
"brief-commentary-on-kilayim","Brief Commentary on Kilayim","tok-79f39ff40bd8","הרובע","הרובע","Unresolved","","No lexical entry yet","true","1","Brief Commentary on Kilayim 1:16:1"
"brief-commentary-on-kilayim","Brief Commentary on Kilayim","tok-36f523dcc969","הרוצה","הרוצה","Unresolved","","No lexical entry yet","true","2","Brief Commentary on Kilayim 2:1:1; Brief Commentary on Kilayim 2:6:3"
"brief-commentary-on-kilayim","Brief Commentary on Kilayim","tok-5eb5e9a5512a","הרחלים","הרחלימ","Unresolved","","No lexical entry yet","true","2","Brief Commentary on Kilayim 5:12:1; Brief Commentary on Kilayim 5:12:2"
"brief-commentary-on-kilayim","Brief Commentary on Kilayim","tok-229eec4d4302","הרחקתם","הרחקתמ","Unresolved","","No lexical entry yet","true","1","Brief Commentary on Kilayim 2:9:1"
"brief-commentary-on-kilayim","Brief Commentary on Kilayim","tok-8920fe7f1119","הריח","הריח","Unresolved","","No lexical entry yet","true","1","Brief Commentary on Kilayim 5:18:1"
"brief-commentary-on-kilayim","Brief Commentary on Kilayim","tok-36ad441fc1f0","הריפין","הריפינ","Unresolved","","No lexical entry yet","true","2","Brief Commentary on Kilayim 4:4:2"
"brief-commentary-on-kilayim","Brief Commentary on Kilayim","tok-1df8ba93525a","הרישא","הרישא","Unresolved","","No lexical entry yet","true","2","Brief Commentary on Kilayim 1:14:2; Brief Commentary on Kilayim 2:13:5"
"brief-commentary-on-kilayim","Brief Commentary on Kilayim","tok-30c6564ba124","הרמוסה","הרמוסה","Unresolved","","No lexical entry yet","true","2","Brief Commentary on Kilayim 1:5:1"
"brief-commentary-on-kilayim","Brief Commentary on Kilayim","tok-7340872d9160","הרש״ס","הרש״ס","Unresolved","","No lexical entry yet","true","2","Brief Commentary on Kilayim 1:18:2; Brief Commentary on Kilayim 2:12:1"
"brief-commentary-on-kilayim","Brief Commentary on Kilayim","tok-b0214ca68dd0","השופין","השופינ","Unresolved","","No lexical entry yet","true","1","Brief Commentary on Kilayim 2:8:1"
"brief-commentary-on-kilayim","Brief Commentary on Kilayim","tok-f4a6e2937a42","השורות","השורות","Unresolved","","No lexical entry yet","true","3","Brief Commentary on Kilayim 2:6:2; Brief Commentary on Kilayim 2:12:1; Brief Commentary on Kilayim 3:11:1"
"brief-commentary-on-kilayim","Brief Commentary on Kilayim","tok-cf2509cbe807","השלחין","השלחינ","Unresolved","","No lexical entry yet","true","1","Brief Commentary on Kilayim 1:4:1"
"brief-commentary-on-kilayim","Brief Commentary on Kilayim","tok-960e0fc37a26","השפופין","השפופינ","Unresolved","","No lexical entry yet","true","1","Brief Commentary on Kilayim 2:8:1"
"brief-commentary-on-kilayim","Brief Commentary on Kilayim","tok-119ed794500b","הת״ק","הת״ק","Unresolved","","No lexical entry yet","true","1","Brief Commentary on Kilayim 3:11:4"
"brief-commentary-on-kilayim","Brief Commentary on Kilayim","tok-ab744d7a09fe","התבואה","התבואה","Unresolved","","No lexical entry yet","true","4","Brief Commentary on Kilayim 2:5:3; Brief Commentary on Kilayim 4:10:1; Brief Commentary on Kilayim 4:10:3; Brief Commentary on Kilayim 4:12:2"
"brief-commentary-on-kilayim","Brief Commentary on Kilayim","tok-d2876bc16e42","התוספתא","התוספתא","Unresolved","","No lexical entry yet","true","2","Brief Commentary on Kilayim 2:6:3; Brief Commentary on Kilayim 5:12:1"
"brief-commentary-on-kilayim","Brief Commentary on Kilayim","tok-75e95519ff90","התורמוס","התורמוס","Unresolved","","No lexical entry yet","true","1","Brief Commentary on Kilayim 1:13:1"
"brief-commentary-on-kilayim","Brief Commentary on Kilayim","tok-35db186706c1","התיש","התיש","Unresolved","","No lexical entry yet","true","1","Brief Commentary on Kilayim 5:4:1"
"brief-commentary-on-kilayim","Brief Commentary on Kilayim","tok-bd75048c6098","התכריכים","התכריכימ","Unresolved","","No lexical entry yet","true","1","Brief Commentary on Kilayim 5:19:4"
"brief-commentary-on-kilayim","Brief Commentary on Kilayim","tok-9a1c8e9369a0","התלם","התלמ","Unresolved","","No lexical entry yet","true","3","Brief Commentary on Kilayim 1:17:3; Brief Commentary on Kilayim 2:10:1"
"brief-commentary-on-kilayim","Brief Commentary on Kilayim","tok-df714ed2a59c","התלמים","התלמימ","Unresolved","","No lexical entry yet","true","1","Brief Commentary on Kilayim 2:1:3"
"brief-commentary-on-kilayim","Brief Commentary on Kilayim","tok-640588fcfecc","ו׳","ו׳","Unresolved","","No lexical entry yet","true","1","Brief Commentary on Kilayim 4:1:1"
"brief-commentary-on-kilayim","Brief Commentary on Kilayim","tok-15380996fd59","ואביו","ואביו","Unresolved","","No lexical entry yet","true","1","Brief Commentary on Kilayim 5:3:2"
"brief-commentary-on-kilayim","Brief Commentary on Kilayim","tok-b5e1bf4d4a6a","ואו״ז","ואו״ז","Unresolved","","No lexical entry yet","true","1","Brief Commentary on Kilayim 2:16:2"
"brief-commentary-on-kilayim","Brief Commentary on Kilayim","tok-45f503667263","ואוסר","ואוסר","Unresolved","","No lexical entry yet","true","1","Brief Commentary on Kilayim 3:3:1"
"brief-commentary-on-kilayim","Brief Commentary on Kilayim","tok-23068e17204c","ואוסרת","ואוסרת","Unresolved","","No lexical entry yet","true","1","Brief Commentary on Kilayim 4:12:1"
"brief-commentary-on-kilayim","Brief Commentary on Kilayim","tok-746f4aeae2c8","ואחת","ואחת","Unresolved","","No lexical entry yet","true","1","Brief Commentary on Kilayim 2:14:1"
"brief-commentary-on-kilayim","Brief Commentary on Kilayim","tok-cccddb6db6c2","ואילון","ואילונ","Unresolved","","No lexical entry yet","true","1","Brief Commentary on Kilayim 5:26:5"
"brief-commentary-on-kilayim","Brief Commentary on Kilayim","tok-a06d357e1036","ואילך","ואילכ","Unresolved","","No lexical entry yet","true","2","Brief Commentary on Kilayim 2:16:6; Brief Commentary on Kilayim 3:16:1"
"brief-commentary-on-kilayim","Brief Commentary on Kilayim","tok-b772037a0425","ואמרו","ואמרו","Unresolved","","No lexical entry yet","true","1","Brief Commentary on Kilayim 2:5:2"
"brief-commentary-on-kilayim","Brief Commentary on Kilayim","tok-c8a90bf87f4f","ואסור","ואסור","Unresolved","","No lexical entry yet","true","2","Brief Commentary on Kilayim 2:16:2; Brief Commentary on Kilayim 5:4:1"
"brief-commentary-on-kilayim","Brief Commentary on Kilayim","tok-9bee48f210af","ואעפ״י","ואעפ״י","Unresolved","","No lexical entry yet","true","6","Brief Commentary on Kilayim 1:19:4; Brief Commentary on Kilayim 3:11:2; Brief Commentary on Kilayim 4:8:3; Brief Commentary on Kilayim 5:4:3; Brief Commentary on Kilayim 5:12:3"
"brief-commentary-on-kilayim","Brief Commentary on Kilayim","tok-d53c61cae6de","וב״ש","וב״ש","Unresolved","","No lexical entry yet","true","1","Brief Commentary on Kilayim 4:11:4"
"brief-commentary-on-kilayim","Brief Commentary on Kilayim","tok-ea724f74f72d","ובבה״א","ובבה״א","Unresolved","","No lexical entry yet","true","1","Brief Commentary on Kilayim 1:5:1"
"brief-commentary-on-kilayim","Brief Commentary on Kilayim","tok-4d92aa24a3ba","ובהפסק","ובהפסק","Unresolved","","No lexical entry yet","true","1","Brief Commentary on Kilayim 2:10:1"
"brief-commentary-on-kilayim","Brief Commentary on Kilayim","tok-533bdea897b9","ובו","ובו","Unresolved","","No lexical entry yet","true","1","Brief Commentary on Kilayim 4:7:1"
"brief-commentary-on-kilayim","Brief Commentary on Kilayim","tok-c54a230d0fa5","וביניהן","וביניהנ","Unresolved","","No lexical entry yet","true","1","Brief Commentary on Kilayim 2:3:2"
"brief-commentary-on-kilayim","Brief Commentary on Kilayim","tok-0cb9d0dfd335","ובירושלמי","ובירושלמי","Unresolved","","No lexical entry yet","true","1","Brief Commentary on Kilayim 2:15:1"
"brief-commentary-on-kilayim","Brief Commentary on Kilayim","tok-437283e76357","ובכי״ע","ובכי״ע","Unresolved","","No lexical entry yet","true","1","Brief Commentary on Kilayim 2:15:1"
"brief-commentary-on-kilayim","Brief Commentary on Kilayim","tok-558e89b4f321","ובמ״י","ובמ״י","Unresolved","","No lexical entry yet","true","1","Brief Commentary on Kilayim 2:6:3"
"brief-commentary-on-kilayim","Brief Commentary on Kilayim","tok-054215ebfd4c","ובר״ח","ובר״ח","Unresolved","","No lexical entry yet","true","1","Brief Commentary on Kilayim 2:10:1"
"brief-commentary-on-kilayim","Brief Commentary on Kilayim","tok-2fa4bdae7f74","וברוצה","וברוצה","Unresolved","","No lexical entry yet","true","1","Brief Commentary on Kilayim 4:1:2"
"brief-commentary-on-kilayim","Brief Commentary on Kilayim","tok-44f8d16865f9","ובריבמ״ץ","ובריבמ״צ","Unresolved","","No lexical entry yet","true","1","Brief Commentary on Kilayim 3:3:4"
"brief-commentary-on-kilayim","Brief Commentary on Kilayim","tok-85f19ea6f612","וגומם","וגוממ","Unresolved","","No lexical entry yet","true","1","Brief Commentary on Kilayim 1:18:1"
"brief-commentary-on-kilayim","Brief Commentary on Kilayim","tok-96683b5c029d","וגזעי","וגזעי","Unresolved","","No lexical entry yet","true","1","Brief Commentary on Kilayim 3:1:3"
"brief-commentary-on-kilayim","Brief Commentary on Kilayim","tok-cea7c1bd59af","וגפניה","וגפניה","Unresolved","","No lexical entry yet","true","1","Brief Commentary on Kilayim 3:6:3"
"brief-commentary-on-kilayim","Brief Commentary on Kilayim","tok-488905b301e0","ודינה","ודינה","Unresolved","","No lexical entry yet","true","1","Brief Commentary on Kilayim 3:6:3"
"brief-commentary-on-kilayim","Brief Commentary on Kilayim","tok-bdd3ee818aa8","ודינו","ודינו","Unresolved","","No lexical entry yet","true","1","Brief Commentary on Kilayim 2:5:6"
"brief-commentary-on-kilayim","Brief Commentary on Kilayim","tok-c2aebe8a45a6","ודינם","ודינמ","Unresolved","","No lexical entry yet","true","1","Brief Commentary on Kilayim 2:8:1"
"brief-commentary-on-kilayim","Brief Commentary on Kilayim","tok-e4222a370b48","ודינן","ודיננ","Unresolved","","No lexical entry yet","true","1","Brief Commentary on Kilayim 2:16:5"
"brief-commentary-on-kilayim","Brief Commentary on Kilayim","tok-cbadef3382b3","ודן","ודנ","Unresolved","","No lexical entry yet","true","1","Brief Commentary on Kilayim 5:6:1"
"brief-commentary-on-kilayim","Brief Commentary on Kilayim","tok-b5760962c7ca","והאכסילון","והאכסילונ","Unresolved","","No lexical entry yet","true","1","Brief Commentary on Kilayim 5:26:2"
"brief-commentary-on-kilayim","Brief Commentary on Kilayim","tok-d0cb96c1411f","והאסטמא","והאסטמא","Unresolved","","No lexical entry yet","true","1","Brief Commentary on Kilayim 5:26:4"
"brief-commentary-on-kilayim","Brief Commentary on Kilayim","tok-2ae0444b47b6","והבצלים","והבצלימ","Unresolved","","No lexical entry yet","true","1","Brief Commentary on Kilayim 2:5:2"
"brief-commentary-on-kilayim","Brief Commentary on Kilayim","tok-8776de949c6f","והברייתא","והברייתא","Unresolved","","No lexical entry yet","true","2","Brief Commentary on Kilayim 1:1:2; Brief Commentary on Kilayim 2:12:1"
"brief-commentary-on-kilayim","Brief Commentary on Kilayim","tok-edf46e709f6d","והגזעים","והגזעימ","Unresolved","","No lexical entry yet","true","1","Brief Commentary on Kilayim 3:4:1"
"brief-commentary-on-kilayim","Brief Commentary on Kilayim","tok-217944d623ba","והגרגס","והגרגס","Unresolved","","No lexical entry yet","true","1","Brief Commentary on Kilayim 5:26:3"
"brief-commentary-on-kilayim","Brief Commentary on Kilayim","tok-ba7cdc5567c7","והודה","והודה","Unresolved","","No lexical entry yet","true","1","Brief Commentary on Kilayim 2:12:2"
"brief-commentary-on-kilayim","Brief Commentary on Kilayim","tok-0e5003909bec","והוורד","והוורד","Unresolved","","No lexical entry yet","true","1","Brief Commentary on Kilayim 3:15:1"
"brief-commentary-on-kilayim","Brief Commentary on Kilayim","tok-ccd9c3ce9265","והורה","והורה","Unresolved","","No lexical entry yet","true","1","Brief Commentary on Kilayim 2:12:2"
"brief-commentary-on-kilayim","Brief Commentary on Kilayim","tok-03f8775dee2e","והזורד","והזורד","Unresolved","","No lexical entry yet","true","1","Brief Commentary on Kilayim 3:15:1"
"brief-commentary-on-kilayim","Brief Commentary on Kilayim","tok-efead93ecbc6","והזרעים","והזרעימ","Unresolved","","No lexical entry yet","true","1","Brief Commentary on Kilayim 2:16:1"
"brief-commentary-on-kilayim","Brief Commentary on Kilayim","tok-596b1d507125","והטמינה","והטמינה","Unresolved","","No lexical entry yet","true","1","Brief Commentary on Kilayim 4:11:1"
"brief-commentary-on-kilayim","Brief Commentary on Kilayim","tok-5d445cc9ce97","והיקף","והיקפ","Unresolved","","No lexical entry yet","true","1","Brief Commentary on Kilayim 4:5:1"
"brief-commentary-on-kilayim","Brief Commentary on Kilayim","tok-4ce420aa0695","והכוונה","והכוונה","Unresolved","","No lexical entry yet","true","3","Brief Commentary on Kilayim 3:1:4; Brief Commentary on Kilayim 5:6:1; Brief Commentary on Kilayim 5:16:1"
"brief-commentary-on-kilayim","Brief Commentary on Kilayim","tok-8d9ff466ff1e","והמחפה","והמחפה","Unresolved","","No lexical entry yet","true","1","Brief Commentary on Kilayim 1:15:1"
"brief-commentary-on-kilayim","Brief Commentary on Kilayim","tok-607e92129ae2","והמנפח","והמנפח","Unresolved","","No lexical entry yet","true","1","Brief Commentary on Kilayim 1:15:1"
"brief-commentary-on-kilayim","Brief Commentary on Kilayim","tok-d8792fb6f47a","והעביר","והעביר","Unresolved","","No lexical entry yet","true","1","Brief Commentary on Kilayim 4:5:1"
"brief-commentary-on-kilayim","Brief Commentary on Kilayim","tok-cb0d0ca787d7","והעריס","והעריס","Unresolved","","No lexical entry yet","true","1","Brief Commentary on Kilayim 3:5:1"
"brief-commentary-on-kilayim","Brief Commentary on Kilayim","tok-77fccd134a2c","והקפלוטות","והקפלוטות","Unresolved","","No lexical entry yet","true","1","Brief Commentary on Kilayim 2:5:2"
"brief-commentary-on-kilayim","Brief Commentary on Kilayim","tok-5f3dc339cf86","והר״ש","והר״ש","Unresolved","","No lexical entry yet","true","1","Brief Commentary on Kilayim 5:6:1"
"brief-commentary-on-kilayim","Brief Commentary on Kilayim","tok-0078781761c1","והשיפון","והשיפונ","Unresolved","","No lexical entry yet","true","1","Brief Commentary on Kilayim 2:8:1"
"brief-commentary-on-kilayim","Brief Commentary on Kilayim","tok-a09efbcbd8e9","והתבואה","והתבואה","Unresolved","","No lexical entry yet","true","1","Brief Commentary on Kilayim 4:10:5"
"brief-commentary-on-kilayim","Brief Commentary on Kilayim","tok-54a8ca2da41c","ווילון","ווילונ","Unresolved","","No lexical entry yet","true","1","Brief Commentary on Kilayim 5:26:5"
"brief-commentary-on-kilayim","Brief Commentary on Kilayim","tok-5f6ce77ba812","וזורע","וזורע","Unresolved","","No lexical entry yet","true","2","Brief Commentary on Kilayim 2:6:3; Brief Commentary on Kilayim 3:4:2"
"brief-commentary-on-kilayim","Brief Commentary on Kilayim","tok-e229875476a3","וחודה","וחודה","Unresolved","","No lexical entry yet","true","1","Brief Commentary on Kilayim 4:11:1"
"brief-commentary-on-kilayim","Brief Commentary on Kilayim","tok-a6e3f207fb1d","וחייבין","וחייבינ","Unresolved","","No lexical entry yet","true","1","Brief Commentary on Kilayim 5:2:1"
"brief-commentary-on-kilayim","Brief Commentary on Kilayim","tok-275971f70048","וחמש","וחמש","Unresolved","","No lexical entry yet","true","1","Brief Commentary on Kilayim 3:11:1"
"brief-commentary-on-kilayim","Brief Commentary on Kilayim","tok-2ad034422f69","וחמשה","וחמשה","Unresolved","","No lexical entry yet","true","1","Brief Commentary on Kilayim 3:1:2"
"brief-commentary-on-kilayim","Brief Commentary on Kilayim","tok-9745aa200f79","וחריע","וחריע","Unresolved","","No lexical entry yet","true","1","Brief Commentary on Kilayim 2:5:3"
"brief-commentary-on-kilayim","Brief Commentary on Kilayim","tok-4e3ec6ea4a5d","ויוכיח","ויוכיח","Unresolved","","No lexical entry yet","true","1","Brief Commentary on Kilayim 1:16:6"
"brief-commentary-on-kilayim","Brief Commentary on Kilayim","tok-2c42c4c02080","ויוצאות","ויוצאות","Unresolved","","No lexical entry yet","true","1","Brief Commentary on Kilayim 2:6:2"
"brief-commentary-on-kilayim","Brief Commentary on Kilayim","tok-2e448232b7a3","ויטווה","ויטווה","Unresolved","","No lexical entry yet","true","1","Brief Commentary on Kilayim 5:21:1"
"brief-commentary-on-kilayim","Brief Commentary on Kilayim","tok-304ad93ecd55","וינענע","וינענע","Unresolved","","No lexical entry yet","true","1","Brief Commentary on Kilayim 1:16:6"
"brief-commentary-on-kilayim","Brief Commentary on Kilayim","tok-202377d95dc9","ויעקר","ויעקר","Unresolved","","No lexical entry yet","true","1","Brief Commentary on Kilayim 1:16:6"
"brief-commentary-on-kilayim","Brief Commentary on Kilayim","tok-1b4e7382be66","ויקשרן","ויקשרנ","Unresolved","","No lexical entry yet","true","1","Brief Commentary on Kilayim 5:15:1"
"brief-commentary-on-kilayim","Brief Commentary on Kilayim","tok-2c4cceb43cef","וירקות","וירקות","Unresolved","","No lexical entry yet","true","1","Brief Commentary on Kilayim 3:7:1"
"brief-commentary-on-kilayim","Brief Commentary on Kilayim","tok-a70be4f9971c","וישחת","וישחת","Unresolved","","No lexical entry yet","true","1","Brief Commentary on Kilayim 1:16:7"
"brief-commentary-on-kilayim","Brief Commentary on Kilayim","tok-cf0717166385","ויתחברו","ויתחברו","Unresolved","","No lexical entry yet","true","1","Brief Commentary on Kilayim 2:5:1"
"brief-commentary-on-kilayim","Brief Commentary on Kilayim","tok-49e69bb54a76","ויתנה","ויתנה","Unresolved","","No lexical entry yet","true","1","Brief Commentary on Kilayim 5:19:3"
"brief-commentary-on-kilayim","Brief Commentary on Kilayim","tok-9288dec31408","וכ״ה","וכ״ה","Unresolved","","No lexical entry yet","true","1","Brief Commentary on Kilayim 3:3:4"
"brief-commentary-on-kilayim","Brief Commentary on Kilayim","tok-2eda8a13a28a","וכאן","וכאנ","Unresolved","","No lexical entry yet","true","2","Brief Commentary on Kilayim 2:10:1; Brief Commentary on Kilayim 3:11:3"
"brief-commentary-on-kilayim","Brief Commentary on Kilayim","tok-bfb4944773b0","וכבירושלמי","וכבירושלמי","Unresolved","","No lexical entry yet","true","1","Brief Commentary on Kilayim 2:8:1"
"brief-commentary-on-kilayim","Brief Commentary on Kilayim","tok-fd66660c1015","וכהכשרם","וכהכשרמ","Unresolved","","No lexical entry yet","true","1","Brief Commentary on Kilayim 2:8:3"
"brief-commentary-on-kilayim","Brief Commentary on Kilayim","tok-b3479282e3ca","וכנראה","וכנראה","Unresolved","","No lexical entry yet","true","1","Brief Commentary on Kilayim 2:10:1"
"brief-commentary-on-kilayim","Brief Commentary on Kilayim","tok-7f1ffacfcd35","וכשיצמח","וכשיצמח","Unresolved","","No lexical entry yet","true","1","Brief Commentary on Kilayim 1:16:7"
"brief-commentary-on-kilayim","Brief Commentary on Kilayim","tok-0d59f7809f47","ולהלן","ולהלנ","Unresolved","","No lexical entry yet","true","1","Brief Commentary on Kilayim 3:6:1"
"brief-commentary-on-kilayim","Brief Commentary on Kilayim","tok-0e9cee909154","ולהתפשט","ולהתפשט","Unresolved","","No lexical entry yet","true","1","Brief Commentary on Kilayim 4:7:3"
"brief-commentary-on-kilayim","Brief Commentary on Kilayim","tok-e7bdd4e019b8","ולחיסית","ולחיסית","Unresolved","","No lexical entry yet","true","1","Brief Commentary on Kilayim 2:5:2"
"brief-commentary-on-kilayim","Brief Commentary on Kilayim","tok-9d72ed8189c4","ולמי״ד","ולמי״ד","Unresolved","","No lexical entry yet","true","1","Brief Commentary on Kilayim 5:21:2"
"brief-commentary-on-kilayim","Brief Commentary on Kilayim","tok-aec78ec715a4","ולפ״ז","ולפ״ז","Unresolved","","No lexical entry yet","true","1","Brief Commentary on Kilayim 3:11:1"
"brief-commentary-on-kilayim","Brief Commentary on Kilayim","tok-319616a204a6","ומבקש","ומבקש","Unresolved","","No lexical entry yet","true","1","Brief Commentary on Kilayim 2:12:1"
"brief-commentary-on-kilayim","Brief Commentary on Kilayim","tok-b898bf72c7c3","ומגדע","ומגדע","Unresolved","","No lexical entry yet","true","1","Brief Commentary on Kilayim 1:18:1"
"brief-commentary-on-kilayim","Brief Commentary on Kilayim","tok-6d70309fbb94","ומוכח","ומוכח","Unresolved","","No lexical entry yet","true","1","Brief Commentary on Kilayim 2:4:1"
"brief-commentary-on-kilayim","Brief Commentary on Kilayim","tok-0d7ee1c55b02","ומוכים","ומוכימ","Unresolved","","No lexical entry yet","true","1","Brief Commentary on Kilayim 5:23:1"
"brief-commentary-on-kilayim","Brief Commentary on Kilayim","tok-4450be85622f","ומותרין","ומותרינ","Unresolved","","No lexical entry yet","true","1","Brief Commentary on Kilayim 4:12:4"
"brief-commentary-on-kilayim","Brief Commentary on Kilayim","tok-473e314e9dbb","ומחצה","ומחצה","Unresolved","","No lexical entry yet","true","1","Brief Commentary on Kilayim 2:9:1"
"brief-commentary-on-kilayim","Brief Commentary on Kilayim","tok-9d691e502d5f","ומכיון","ומכיונ","Unresolved","","No lexical entry yet","true","1","Brief Commentary on Kilayim 2:1:4"
"brief-commentary-on-kilayim","Brief Commentary on Kilayim","tok-97fba5612073","ומכניס","ומכניס","Unresolved","","No lexical entry yet","true","1","Brief Commentary on Kilayim 2:1:5"
"brief-commentary-on-kilayim","Brief Commentary on Kilayim","tok-7347ac7c98b1","ומכסה","ומכסה","Unresolved","","No lexical entry yet","true","1","Brief Commentary on Kilayim 1:19:3"
"brief-commentary-on-kilayim","Brief Commentary on Kilayim","tok-8ea5b106f428","ומסתבכים","ומסתבכימ","Unresolved","","No lexical entry yet","true","1","Brief Commentary on Kilayim 1:6:1"
"brief-commentary-on-kilayim","Brief Commentary on Kilayim","tok-fb8c837df103","ומפסיק","ומפסיק","Unresolved","","No lexical entry yet","true","1","Brief Commentary on Kilayim 4:5:1"
"brief-commentary-on-kilayim","Brief Commentary on Kilayim","tok-9f71fb049507","ומפסיקים","ומפסיקימ","Unresolved","","No lexical entry yet","true","1","Brief Commentary on Kilayim 4:4:2"
"brief-commentary-on-kilayim","Brief Commentary on Kilayim","tok-8463b2b90bd2","ומפרשת","ומפרשת","Unresolved","","No lexical entry yet","true","1","Brief Commentary on Kilayim 5:12:1"
"brief-commentary-on-kilayim","Brief Commentary on Kilayim","tok-0a4a824e2cd2","ומקדשין","ומקדשינ","Unresolved","","No lexical entry yet","true","1","Brief Commentary on Kilayim 4:12:2"
"brief-commentary-on-kilayim","Brief Commentary on Kilayim","tok-0957d701bbbf","ומקדשת","ומקדשת","Unresolved","","No lexical entry yet","true","1","Brief Commentary on Kilayim 4:12:1"
"brief-commentary-on-kilayim","Brief Commentary on Kilayim","tok-fa4aa8d093f8","ומקצת","ומקצת","Unresolved","","No lexical entry yet","true","1","Brief Commentary on Kilayim 1:16:9"
"brief-commentary-on-kilayim","Brief Commentary on Kilayim","tok-3c4e450bc217","ומרחיק","ומרחיק","Unresolved","","No lexical entry yet","true","1","Brief Commentary on Kilayim 3:4:2"
"brief-commentary-on-kilayim","Brief Commentary on Kilayim","tok-4715074a9db7","ומש״ש","ומש״ש","Unresolved","","No lexical entry yet","true","1","Brief Commentary on Kilayim 2:11:1"
"brief-commentary-on-kilayim","Brief Commentary on Kilayim","tok-84b5c274ef69","ומשלימה","ומשלימה","Unresolved","","No lexical entry yet","true","1","Brief Commentary on Kilayim 2:6:3"
"brief-commentary-on-kilayim","Brief Commentary on Kilayim","tok-2d648694f5f4","ומתקדשת","ומתקדשת","Unresolved","","No lexical entry yet","true","1","Brief Commentary on Kilayim 4:12:1"
"brief-commentary-on-kilayim","Brief Commentary on Kilayim","tok-9b884d296b57","ונוטעם","ונוטעמ","Unresolved","","No lexical entry yet","true","1","Brief Commentary on Kilayim 2:10:1"
"brief-commentary-on-kilayim","Brief Commentary on Kilayim","tok-7590f6f033a6","ונותנין","ונותנינ","Unresolved","","No lexical entry yet","true","1","Brief Commentary on Kilayim 2:7:3"
"brief-commentary-on-kilayim","Brief Commentary on Kilayim","tok-a69cc719a27a","ונזרעים","ונזרעימ","Unresolved","","No lexical entry yet","true","1","Brief Commentary on Kilayim 1:16:3"
"brief-commentary-on-kilayim","Brief Commentary on Kilayim","tok-73156a70ae59","ונחלקו","ונחלקו","Unresolved","","No lexical entry yet","true","2","Brief Commentary on Kilayim 2:9:1; Brief Commentary on Kilayim 2:12:1"
"brief-commentary-on-kilayim","Brief Commentary on Kilayim","tok-1bfa4c4af099","ונטועות","ונטועות","Unresolved","","No lexical entry yet","true","1","Brief Commentary on Kilayim 3:3:3"
"brief-commentary-on-kilayim","Brief Commentary on Kilayim","tok-fac6c19dc924","ונקט","ונקט","Unresolved","","No lexical entry yet","true","1","Brief Commentary on Kilayim 4:10:6"
"brief-commentary-on-kilayim","Brief Commentary on Kilayim","tok-59505da9159f","ונתרשל","ונתרשל","Unresolved","","No lexical entry yet","true","1","Brief Commentary on Kilayim 3:3:2"
"brief-commentary-on-kilayim","Brief Commentary on Kilayim","tok-6eed7a13c520","וסובר","וסובר","Unresolved","","No lexical entry yet","true","2","Brief Commentary on Kilayim 2:5:2; Brief Commentary on Kilayim 3:1:3"
"brief-commentary-on-kilayim","Brief Commentary on Kilayim","tok-37014c856e90","וסומך","וסומכ","Unresolved","","No lexical entry yet","true","1","Brief Commentary on Kilayim 2:5:6"
"brief-commentary-on-kilayim","Brief Commentary on Kilayim","tok-909a79a26a0b","וסופה","וסופה","Unresolved","","No lexical entry yet","true","1","Brief Commentary on Kilayim 2:6:2"
"brief-commentary-on-kilayim","Brief Commentary on Kilayim","tok-17f1aa93695e","וסופו","וסופו","Unresolved","","No lexical entry yet","true","2","Brief Commentary on Kilayim 1:19:1; Brief Commentary on Kilayim 2:5:2"
"brief-commentary-on-kilayim","Brief Commentary on Kilayim","tok-6fc2ecab767b","וסתם","וסתמ","Unresolved","","No lexical entry yet","true","1","Brief Commentary on Kilayim 3:11:2"
"brief-commentary-on-kilayim","Brief Commentary on Kilayim","tok-724dd7ba9e9c","ועיין","ועיינ","Unresolved","","No lexical entry yet","true","34","Brief Commentary on Kilayim 1:2:2; Brief Commentary on Kilayim 1:19:3; Brief Commentary on Kilayim 2:1:1; Brief Commentary on Kilayim 2:2:1; Brief Commentary on Kilayim 2:2:2"
"brief-commentary-on-kilayim","Brief Commentary on Kilayim","tok-e8ad94f6d6b2","ופול","ופול","Unresolved","","No lexical entry yet","true","2","Brief Commentary on Kilayim 2:10:1; Brief Commentary on Kilayim 3:12:3"
"brief-commentary-on-kilayim","Brief Commentary on Kilayim","tok-1edfdbe4e9c4","ופחות","ופחות","Unresolved","","No lexical entry yet","true","1","Brief Commentary on Kilayim 3:6:3"
"brief-commentary-on-kilayim","Brief Commentary on Kilayim","tok-66f9c7e3afe9","ופירשו","ופירשו","Unresolved","","No lexical entry yet","true","1","Brief Commentary on Kilayim 1:16:1"
"brief-commentary-on-kilayim","Brief Commentary on Kilayim","tok-b4fcbf30c9f3","וצ״ל","וצ״ל","Unresolved","","No lexical entry yet","true","1","Brief Commentary on Kilayim 4:11:4"
"brief-commentary-on-kilayim","Brief Commentary on Kilayim","tok-029b8ca5ec43","וצמר","וצמר","Unresolved","","No lexical entry yet","true","3","Brief Commentary on Kilayim 5:12:1"
"brief-commentary-on-kilayim","Brief Commentary on Kilayim","tok-b782a3ff1e9c","וקלע","וקלע","Unresolved","","No lexical entry yet","true","2","Brief Commentary on Kilayim 5:26:5"
"brief-commentary-on-kilayim","Brief Commentary on Kilayim","tok-1a1d2eefe30a","ור׳","ור׳","Unresolved","","No lexical entry yet","true","2","Brief Commentary on Kilayim 2:12:1; Brief Commentary on Kilayim 3:11:4"
"brief-commentary-on-kilayim","Brief Commentary on Kilayim","tok-75a0377f79d3","ור״א","ור״א","Unresolved","","No lexical entry yet","true","1","Brief Commentary on Kilayim 2:2:1"
"brief-commentary-on-kilayim","Brief Commentary on Kilayim","tok-0d31269e7377","ור״ש","ור״ש","Unresolved","","No lexical entry yet","true","1","Brief Commentary on Kilayim 4:7:3"
"brief-commentary-on-kilayim","Brief Commentary on Kilayim","tok-a69e88c12a14","וראשונים","וראשונימ","Unresolved","","No lexical entry yet","true","3","Brief Commentary on Kilayim 2:13:3; Brief Commentary on Kilayim 5:5:3; Brief Commentary on Kilayim 5:25:1"
"brief-commentary-on-kilayim","Brief Commentary on Kilayim","tok-fed356e01de0","ורוה","ורוה","Unresolved","","No lexical entry yet","true","1","Brief Commentary on Kilayim 1:16:8"
"brief-commentary-on-kilayim","Brief Commentary on Kilayim","tok-e42acded92f0","ורחבו","ורחבו","Unresolved","","No lexical entry yet","true","1","Brief Commentary on Kilayim 2:13:3"
"brief-commentary-on-kilayim","Brief Commentary on Kilayim","tok-4bf88479866e","ורמוסה","ורמוסה","Unresolved","","No lexical entry yet","true","1","Brief Commentary on Kilayim 1:5:1"
"brief-commentary-on-kilayim","Brief Commentary on Kilayim","tok-f2c036929c8e","ורשאי","ורשאי","Unresolved","","No lexical entry yet","true","1","Brief Commentary on Kilayim 4:8:3"
"brief-commentary-on-kilayim","Brief Commentary on Kilayim","tok-61a4d72c236c","ורתם","ורתמ","Unresolved","","No lexical entry yet","true","1","Brief Commentary on Kilayim 5:11:1"
"brief-commentary-on-kilayim","Brief Commentary on Kilayim","tok-0ca4aee8618c","ושלש","ושלש","Unresolved","","No lexical entry yet","true","1","Brief Commentary on Kilayim 3:11:1"
"brief-commentary-on-kilayim","Brief Commentary on Kilayim","tok-549ae87a9215","ושעוה","ושעוה","Unresolved","","No lexical entry yet","true","1","Brief Commentary on Kilayim 5:25:1"
"brief-commentary-on-kilayim","Brief Commentary on Kilayim","tok-5faf0acd1e41","ותנא","ותנא","Unresolved","","No lexical entry yet","true","1","Brief Commentary on Kilayim 5:7:1"
"brief-commentary-on-kilayim","Brief Commentary on Kilayim","tok-ac8273b0792d","זורעין","זורעינ","Unresolved","","No lexical entry yet","true","5","Brief Commentary on Kilayim 2:8:2; Brief Commentary on Kilayim 2:8:3"
"brief-commentary-on-kilayim","Brief Commentary on Kilayim","tok-5d55f69440ab","זיווג","זיווג","Unresolved","","No lexical entry yet","true","1","Brief Commentary on Kilayim 5:11:1"
"brief-commentary-on-kilayim","Brief Commentary on Kilayim","tok-0f6a230df6a4","זמורה","זמורה","Unresolved","","No lexical entry yet","true","1","Brief Commentary on Kilayim 4:11:1"
"brief-commentary-on-kilayim","Brief Commentary on Kilayim","tok-2e8ffe181750","זמורת","זמורת","Unresolved","","No lexical entry yet","true","1","Brief Commentary on Kilayim 4:11:3"
"brief-commentary-on-kilayim","Brief Commentary on Kilayim","tok-49773c4aa21d","זרועה","זרועה","Unresolved","","No lexical entry yet","true","2","Brief Commentary on Kilayim 2:1:1; Brief Commentary on Kilayim 2:12:1"
"brief-commentary-on-kilayim","Brief Commentary on Kilayim","tok-cf70f20591b5","זרעוני","זרעוני","Unresolved","","No lexical entry yet","true","1","Brief Commentary on Kilayim 1:16:3"
"brief-commentary-on-kilayim","Brief Commentary on Kilayim","tok-e801c7803a29","זרעונים","זרעונימ","Unresolved","","No lexical entry yet","true","1","Brief Commentary on Kilayim 1:16:2"
"brief-commentary-on-kilayim","Brief Commentary on Kilayim","tok-08c6a6c4f223","חבירו","חבירו","Unresolved","","No lexical entry yet","true","1","Brief Commentary on Kilayim 5:1:1"
"brief-commentary-on-kilayim","Brief Commentary on Kilayim","tok-468688fdce04","חבר","חבר","Unresolved","","No lexical entry yet","true","1","Brief Commentary on Kilayim 2:16:1"
"brief-commentary-on-kilayim","Brief Commentary on Kilayim","tok-c4be8e3a3698","חובש","חובש","Unresolved","","No lexical entry yet","true","1","Brief Commentary on Kilayim 2:15:1"
"brief-commentary-on-kilayim","Brief Commentary on Kilayim","tok-15225c409b89","חוזרר","חוזרר","Unresolved","","No lexical entry yet","true","1","Brief Commentary on Kilayim 1:3:1"
"brief-commentary-on-kilayim","Brief Commentary on Kilayim","tok-587a343b730f","חולות","חולות","Unresolved","","No lexical entry yet","true","1","Brief Commentary on Kilayim 1:14:1"
"brief-commentary-on-kilayim","Brief Commentary on Kilayim","tok-8932f33539ae","חולק","חולק","Unresolved","","No lexical entry yet","true","2","Brief Commentary on Kilayim 3:1:3; Brief Commentary on Kilayim 3:11:4"
"brief-commentary-on-kilayim","Brief Commentary on Kilayim","tok-7b1bccddccf0","חוסית","חוסית","Unresolved","","No lexical entry yet","true","1","Brief Commentary on Kilayim 2:5:2"
"brief-commentary-on-kilayim","Brief Commentary on Kilayim","tok-cee1d6a5035e","חורש","חורש","Unresolved","","No lexical entry yet","true","3","Brief Commentary on Kilayim 1:19:2; Brief Commentary on Kilayim 2:1:5"
"brief-commentary-on-kilayim","Brief Commentary on Kilayim","tok-fb4bf91b7178","חוששים","חוששימ","Unresolved","","No lexical entry yet","true","1","Brief Commentary on Kilayim 5:19:1"
"brief-commentary-on-kilayim","Brief Commentary on Kilayim","tok-d666dd761fc1","חטים","חטימ","Unresolved","","No lexical entry yet","true","1","Brief Commentary on Kilayim 2:1:5"
"brief-commentary-on-kilayim","Brief Commentary on Kilayim","tok-f24eb1944271","חיזרר","חיזרר","Unresolved","","No lexical entry yet","true","1","Brief Commentary on Kilayim 1:3:1"
"brief-commentary-on-kilayim","Brief Commentary on Kilayim","tok-43b661de6942","חייב","חייב","Unresolved","","No lexical entry yet","true","1","Brief Commentary on Kilayim 5:27:1"
"brief-commentary-on-kilayim","Brief Commentary on Kilayim","tok-6fdca68904a7","חיפוי","חיפוי","Unresolved","","No lexical entry yet","true","1","Brief Commentary on Kilayim 5:19:3"
"brief-commentary-on-kilayim","Brief Commentary on Kilayim","tok-461ea62a6bc6","חמור","חמור","Unresolved","","No lexical entry yet","true","3","Brief Commentary on Kilayim 5:3:1; Brief Commentary on Kilayim 5:4:3; Brief Commentary on Kilayim 5:5:3"
"brief-commentary-on-kilayim","Brief Commentary on Kilayim","tok-cc024cd12318","חמורה","חמורה","Unresolved","","No lexical entry yet","true","1","Brief Commentary on Kilayim 5:5:3"
"brief-commentary-on-kilayim","Brief Commentary on Kilayim","tok-256532aa08f3","חמש","חמש","Unresolved","","No lexical entry yet","true","10","Brief Commentary on Kilayim 3:5:1; Brief Commentary on Kilayim 3:11:2; Brief Commentary on Kilayim 3:11:4; Brief Commentary on Kilayim 3:11:5; Brief Commentary on Kilayim 4:1:1"
"brief-commentary-on-kilayim","Brief Commentary on Kilayim","tok-a7d8529e0040","חמשה","חמשה","Unresolved","","No lexical entry yet","true","2","Brief Commentary on Kilayim 3:1:2"
"brief-commentary-on-kilayim","Brief Commentary on Kilayim","tok-85cf336bb7dc","חסם","חסמ","Unresolved","","No lexical entry yet","true","1","Brief Commentary on Kilayim 5:11:1"
"brief-commentary-on-kilayim","Brief Commentary on Kilayim","tok-a13f412d38d8","חצי","חצי","Unresolved","","No lexical entry yet","true","1","Brief Commentary on Kilayim 1:16:3"
"brief-commentary-on-kilayim","Brief Commentary on Kilayim","tok-cf9401a6b112","חרדל","חרדל","Unresolved","","No lexical entry yet","true","2","Brief Commentary on Kilayim 2:4:2; Brief Commentary on Kilayim 2:5:3"
"brief-commentary-on-kilayim","Brief Commentary on Kilayim","tok-85c687b750bf","חריע","חריע","Unresolved","","No lexical entry yet","true","1","Brief Commentary on Kilayim 2:4:2"
"brief-commentary-on-kilayim","Brief Commentary on Kilayim","tok-a7741f3980b7","חריץ","חריצ","Unresolved","","No lexical entry yet","true","2","Brief Commentary on Kilayim 4:4:1; Brief Commentary on Kilayim 4:8:1"
"brief-commentary-on-kilayim","Brief Commentary on Kilayim","tok-2c4b30ebed8d","חרץ","חרצ","Unresolved","","No lexical entry yet","true","2","Brief Commentary on Kilayim 3:5:1"
"brief-commentary-on-kilayim","Brief Commentary on Kilayim","tok-013291700762","טבלה","טבלה","Unresolved","","No lexical entry yet","true","3","Brief Commentary on Kilayim 2:7:2; Brief Commentary on Kilayim 3:11:5"
"brief-commentary-on-kilayim","Brief Commentary on Kilayim","tok-765eb78d14e2","טיב","טיב","Unresolved","","No lexical entry yet","true","1","Brief Commentary on Kilayim 3:12:2"
"brief-commentary-on-kilayim","Brief Commentary on Kilayim","tok-b4cd79eeb18f","טיבם","טיבמ","Unresolved","","No lexical entry yet","true","2","Brief Commentary on Kilayim 3:13:1; Brief Commentary on Kilayim 3:14:1"
"brief-commentary-on-kilayim","Brief Commentary on Kilayim","tok-d7e1866838de","טלאי","טלאי","Unresolved","","No lexical entry yet","true","1","Brief Commentary on Kilayim 5:19:2"
"brief-commentary-on-kilayim","Brief Commentary on Kilayim","tok-d35ae1eb343f","טפח","טפח","Unresolved","","No lexical entry yet","true","2","Brief Commentary on Kilayim 1:6:1; Brief Commentary on Kilayim 2:9:1"
"brief-commentary-on-kilayim","Brief Commentary on Kilayim","tok-c758cf784c41","טפחים","טפחימ","Unresolved","","No lexical entry yet","true","20","Brief Commentary on Kilayim 2:6:1; Brief Commentary on Kilayim 2:6:2; Brief Commentary on Kilayim 2:7:1; Brief Commentary on Kilayim 2:9:1; Brief Commentary on Kilayim 2:13:2"
"brief-commentary-on-kilayim","Brief Commentary on Kilayim","tok-64bed4bb2b6d","יאחז","יאחז","Unresolved","","No lexical entry yet","true","1","Brief Commentary on Kilayim 5:21:1"
"brief-commentary-on-kilayim","Brief Commentary on Kilayim","tok-d69ab3ce9f60","ידעתי","ידעתי","Unresolved","","No lexical entry yet","true","1","Brief Commentary on Kilayim 5:26:3"
"brief-commentary-on-kilayim","Brief Commentary on Kilayim","tok-87ffe4d9d993","יהא","יהא","Unresolved","","No lexical entry yet","true","2","Brief Commentary on Kilayim 1:16:7; Brief Commentary on Kilayim 2:10:2"
"brief-commentary-on-kilayim","Brief Commentary on Kilayim","tok-79e7dbedc9c6","יונה","יונה","Unresolved","","No lexical entry yet","true","1","Brief Commentary on Kilayim 3:11:4"
"brief-commentary-on-kilayim","Brief Commentary on Kilayim","tok-e1ba0e608ee1","יוצאין","יוצאינ","Unresolved","","No lexical entry yet","true","1","Brief Commentary on Kilayim 4:10:6"
"brief-commentary-on-kilayim","Brief Commentary on Kilayim","tok-c58d12bed169","יחדו""","יחדו""","Unresolved","","No lexical entry yet","true","1","Brief Commentary on Kilayim 5:4:4"
"brief-commentary-on-kilayim","Brief Commentary on Kilayim","tok-f18295bae1fd","יטרוף","יטרופ","Unresolved","","No lexical entry yet","true","1","Brief Commentary on Kilayim 5:15:1"
"brief-commentary-on-kilayim","Brief Commentary on Kilayim","tok-29944dfd2c6b","יכרוך","יכרוכ","Unresolved","","No lexical entry yet","true","1","Brief Commentary on Kilayim 5:15:1"
"brief-commentary-on-kilayim","Brief Commentary on Kilayim","tok-10f7696af4c1","ימכרנה","ימכרנה","Unresolved","","No lexical entry yet","true","1","Brief Commentary on Kilayim 5:19:3"
"brief-commentary-on-kilayim","Brief Commentary on Kilayim","tok-5cdd4ea34a3e","ימכרנו","ימכרנו","Unresolved","","No lexical entry yet","true","2","Brief Commentary on Kilayim 5:19:1; Brief Commentary on Kilayim 5:24:1"
"brief-commentary-on-kilayim","Brief Commentary on Kilayim","tok-a9b504a37e7f","ימתין","ימתינ","Unresolved","","No lexical entry yet","true","1","Brief Commentary on Kilayim 1:16:7"
"brief-commentary-on-kilayim","Brief Commentary on Kilayim","tok-110858bb4404","יסירנה","יסירנה","Unresolved","","No lexical entry yet","true","1","Brief Commentary on Kilayim 5:19:3"
"brief-commentary-on-kilayim","Brief Commentary on Kilayim","tok-86ca521d425f","יספר","יספר","Unresolved","","No lexical entry yet","true","1","Brief Commentary on Kilayim 4:10:4"
"brief-commentary-on-kilayim","Brief Commentary on Kilayim","tok-9af204737ba9","יעכבו","יעכבו","Unresolved","","No lexical entry yet","true","1","Brief Commentary on Kilayim 1:19:4"
"brief-commentary-on-kilayim","Brief Commentary on Kilayim","tok-2b4adb3706c9","יעקור","יעקור","Unresolved","","No lexical entry yet","true","1","Brief Commentary on Kilayim 1:16:6"
"brief-commentary-on-kilayim","Brief Commentary on Kilayim","tok-0a1fa94538e4","יעקרנו","יעקרנו","Unresolved","","No lexical entry yet","true","1","Brief Commentary on Kilayim 1:16:7"
"brief-commentary-on-kilayim","Brief Commentary on Kilayim","tok-f8f631176025","יקשור","יקשור","Unresolved","","No lexical entry yet","true","1","Brief Commentary on Kilayim 5:5:1"
"brief-commentary-on-kilayim","Brief Commentary on Kilayim","tok-a94616975833","ירק","ירק","Unresolved","","No lexical entry yet","true","6","Brief Commentary on Kilayim 1:6:1; Brief Commentary on Kilayim 2:7:3; Brief Commentary on Kilayim 2:13:2; Brief Commentary on Kilayim 3:11:1; Brief Commentary on Kilayim 4:10:4"
"brief-commentary-on-kilayim","Brief Commentary on Kilayim","tok-91ec6f0361fa","ירקות","ירקות","Unresolved","","No lexical entry yet","true","1","Brief Commentary on Kilayim 3:12:3"
"brief-commentary-on-kilayim","Brief Commentary on Kilayim","tok-cc55a180a222","ישמעאל","ישמעאל","Unresolved","","No lexical entry yet","true","1","Brief Commentary on Kilayim 2:12:1"
"brief-commentary-on-kilayim","Brief Commentary on Kilayim","tok-85788087f2c8","יתד","יתד","Unresolved","","No lexical entry yet","true","1","Brief Commentary on Kilayim 3:11:4"
"brief-commentary-on-kilayim","Brief Commentary on Kilayim","tok-66820b2c306d","יתליע","יתליע","Unresolved","","No lexical entry yet","true","1","Brief Commentary on Kilayim 1:16:7"
"brief-commentary-on-kilayim","Brief Commentary on Kilayim","tok-6e7826f02d9c","כ״ד","כ״ד","Unresolved","","No lexical entry yet","true","1","Brief Commentary on Kilayim 1:16:5"
"brief-commentary-on-kilayim","Brief Commentary on Kilayim","tok-e03fcf892b93","כאורכו","כאורכו","Unresolved","","No lexical entry yet","true","1","Brief Commentary on Kilayim 2:13:2"
"brief-commentary-on-kilayim","Brief Commentary on Kilayim","tok-78cbdfcede34","כאילן","כאילנ","Unresolved","","No lexical entry yet","true","1","Brief Commentary on Kilayim 3:17:1"
"brief-commentary-on-kilayim","Brief Commentary on Kilayim","tok-06cdc57e9ecf","כאיסי","כאיסי","Unresolved","","No lexical entry yet","true","1","Brief Commentary on Kilayim 5:5:4"
"brief-commentary-on-kilayim","Brief Commentary on Kilayim","tok-18a9d643a196","כבמשנה","כבמשנה","Unresolved","","No lexical entry yet","true","1","Brief Commentary on Kilayim 2:8:1"
"brief-commentary-on-kilayim","Brief Commentary on Kilayim","tok-f141ce8cb8f4","כגדר","כגדר","Unresolved","","No lexical entry yet","true","1","Brief Commentary on Kilayim 2:5:6"
"brief-commentary-on-kilayim","Brief Commentary on Kilayim","tok-ea562044a5e5","כגי׳","כגי׳","Unresolved","","No lexical entry yet","true","19","Brief Commentary on Kilayim 1:15:1; Brief Commentary on Kilayim 1:19:4; Brief Commentary on Kilayim 2:3:1; Brief Commentary on Kilayim 2:5:5; Brief Commentary on Kilayim 2:7:3"
"brief-commentary-on-kilayim","Brief Commentary on Kilayim","tok-076b8fecf1d5","כדרכו","כדרכו","Unresolved","","No lexical entry yet","true","1","Brief Commentary on Kilayim 1:19:2"
"brief-commentary-on-kilayim","Brief Commentary on Kilayim","tok-db768a49e4b9","כהגהת","כהגהת","Unresolved","","No lexical entry yet","true","1","Brief Commentary on Kilayim 2:14:2"
"brief-commentary-on-kilayim","Brief Commentary on Kilayim","tok-0989445fb71e","כהכשר","כהכשר","Unresolved","","No lexical entry yet","true","1","Brief Commentary on Kilayim 2:8:1"
"brief-commentary-on-kilayim","Brief Commentary on Kilayim","tok-b2254032bc55","כהלכתו","כהלכתו","Unresolved","","No lexical entry yet","true","1","Brief Commentary on Kilayim 3:5:1"
"brief-commentary-on-kilayim","Brief Commentary on Kilayim","tok-f7b1b9474387","כהלכתן","כהלכתנ","Unresolved","","No lexical entry yet","true","1","Brief Commentary on Kilayim 3:3:3"
"brief-commentary-on-kilayim","Brief Commentary on Kilayim","tok-7a57bff306a5","כוונתו","כוונתו","Unresolved","","No lexical entry yet","true","2","Brief Commentary on Kilayim 1:19:4; Brief Commentary on Kilayim 4:10:7"
"brief-commentary-on-kilayim","Brief Commentary on Kilayim","tok-d1ee1184d543","כוורת","כוורת","Unresolved","","No lexical entry yet","true","1","Brief Commentary on Kilayim 3:4:1"
"brief-commentary-on-kilayim","Brief Commentary on Kilayim","tok-ed7fffc2830c","כוי","כוי","Unresolved","","No lexical entry yet","true","1","Brief Commentary on Kilayim 5:4:1"
"brief-commentary-on-kilayim","Brief Commentary on Kilayim","tok-ecbbda5fd4a5","כופרין","כופרינ","Unresolved","","No lexical entry yet","true","1","Brief Commentary on Kilayim 5:8:1"
"brief-commentary-on-kilayim","Brief Commentary on Kilayim","tok-ca471f7f6024","כזורע","כזורע","Unresolved","","No lexical entry yet","true","1","Brief Commentary on Kilayim 4:13:1"
"brief-commentary-on-kilayim","Brief Commentary on Kilayim","tok-5eff1969c443","כזרועה","כזרועה","Unresolved","","No lexical entry yet","true","1","Brief Commentary on Kilayim 2:7:3"
"brief-commentary-on-kilayim","Brief Commentary on Kilayim","tok-a2efbb544352","כזרעים","כזרעימ","Unresolved","","No lexical entry yet","true","1","Brief Commentary on Kilayim 2:8:1"
"brief-commentary-on-kilayim","Brief Commentary on Kilayim","tok-db2620f016a0","כחו״ל","כחו״ל","Unresolved","","No lexical entry yet","true","1","Brief Commentary on Kilayim 2:16:5"
"brief-commentary-on-kilayim","Brief Commentary on Kilayim","tok-9431fda28712","כחלק","כחלק","Unresolved","","No lexical entry yet","true","1","Brief Commentary on Kilayim 2:7:2"
"brief-commentary-on-kilayim","Brief Commentary on Kilayim","tok-dd1316205b51","כי״ע","כי״ע","Unresolved","","No lexical entry yet","true","12","Brief Commentary on Kilayim 1:15:1; Brief Commentary on Kilayim 2:5:3; Brief Commentary on Kilayim 2:7:3; Brief Commentary on Kilayim 2:12:2; Brief Commentary on Kilayim 2:13:3"
"brief-commentary-on-kilayim","Brief Commentary on Kilayim","tok-8393f010d033","כיסח","כיסח","Unresolved","","No lexical entry yet","true","1","Brief Commentary on Kilayim 1:19:4"
"brief-commentary-on-kilayim","Brief Commentary on Kilayim","tok-485e692bdddf","כירק","כירק","Unresolved","","No lexical entry yet","true","3","Brief Commentary on Kilayim 2:13:1; Brief Commentary on Kilayim 3:16:1"
"brief-commentary-on-kilayim","Brief Commentary on Kilayim","tok-3830ac31baaa","כלאי","כלאי","Unresolved","","No lexical entry yet","true","2","Brief Commentary on Kilayim 2:1:1; Brief Commentary on Kilayim 5:1:1"
"brief-commentary-on-kilayim","Brief Commentary on Kilayim","tok-7d4880163b51","כלאים","כלאימ","Unresolved","","No lexical entry yet","true","17","Brief Commentary on Kilayim 1:1:1; Brief Commentary on Kilayim 1:1:2; Brief Commentary on Kilayim 1:2:1; Brief Commentary on Kilayim 1:5:1; Brief Commentary on Kilayim 2:14:2"
"brief-commentary-on-kilayim","Brief Commentary on Kilayim","tok-bc2a39d62f98","כלב","כלב","Unresolved","","No lexical entry yet","true","2","Brief Commentary on Kilayim 5:7:1"
"brief-commentary-on-kilayim","Brief Commentary on Kilayim","tok-9a4f0eb06815","כלעיל","כלעיל","Unresolved","","No lexical entry yet","true","2","Brief Commentary on Kilayim 2:6:2; Brief Commentary on Kilayim 2:13:3"
"brief-commentary-on-kilayim","Brief Commentary on Kilayim","tok-f19f19ff83ef","כמגדל","כמגדל","Unresolved","","No lexical entry yet","true","1","Brief Commentary on Kilayim 3:5:2"
"brief-commentary-on-kilayim","Brief Commentary on Kilayim","tok-037c679f54c5","כמחובר","כמחובר","Unresolved","","No lexical entry yet","true","1","Brief Commentary on Kilayim 4:13:3"
"brief-commentary-on-kilayim","Brief Commentary on Kilayim","tok-83b6015556bd","כמחיצה","כמחיצה","Unresolved","","No lexical entry yet","true","2","Brief Commentary on Kilayim 4:4:2; Brief Commentary on Kilayim 4:5:3"
"brief-commentary-on-kilayim","Brief Commentary on Kilayim","tok-ddaa2451fa93","כמפורש","כמפורש","Unresolved","","No lexical entry yet","true","2","Brief Commentary on Kilayim 3:16:1; Brief Commentary on Kilayim 4:5:3"
"brief-commentary-on-kilayim","Brief Commentary on Kilayim","tok-656ae7a8aabd","כנגד","כנגד","Unresolved","","No lexical entry yet","true","7","Brief Commentary on Kilayim 2:6:1; Brief Commentary on Kilayim 3:1:3; Brief Commentary on Kilayim 3:4:1; Brief Commentary on Kilayim 3:5:3; Brief Commentary on Kilayim 4:6:1"
"brief-commentary-on-kilayim","Brief Commentary on Kilayim","tok-0b2ecb48763b","כנגדה","כנגדה","Unresolved","","No lexical entry yet","true","1","Brief Commentary on Kilayim 4:11:4"
"brief-commentary-on-kilayim","Brief Commentary on Kilayim","tok-13d772207ccf","כנוגע","כנוגע","Unresolved","","No lexical entry yet","true","1","Brief Commentary on Kilayim 1:6:1"
"brief-commentary-on-kilayim","Brief Commentary on Kilayim","tok-44b48193dce3","כנראה","כנראה","Unresolved","","No lexical entry yet","true","2","Brief Commentary on Kilayim 1:18:2; Brief Commentary on Kilayim 5:8:2"
"brief-commentary-on-kilayim","Brief Commentary on Kilayim","tok-5e9ad7f7a725","כסתום","כסתומ","Unresolved","","No lexical entry yet","true","1","Brief Commentary on Kilayim 4:6:1"
"brief-commentary-on-kilayim","Brief Commentary on Kilayim","tok-57a34f9a5694","כסתם","כסתמ","Unresolved","","No lexical entry yet","true","2","Brief Commentary on Kilayim 3:11:2; Brief Commentary on Kilayim 3:11:3"
"brief-commentary-on-kilayim","Brief Commentary on Kilayim","tok-3222d7c968d4","כעומדות","כעומדות","Unresolved","","No lexical entry yet","true","1","Brief Commentary on Kilayim 3:11:5"
"brief-commentary-on-kilayim","Brief Commentary on Kilayim","tok-2f86bbb8e28e","כפול","כפול","Unresolved","","No lexical entry yet","true","1","Brief Commentary on Kilayim 4:12:3"
"brief-commentary-on-kilayim","Brief Commentary on Kilayim","tok-730475f06086","כציון","כציונ","Unresolved","","No lexical entry yet","true","1","Brief Commentary on Kilayim 2:16:2"
"brief-commentary-on-kilayim","Brief Commentary on Kilayim","tok-887388d5691d","כראשי","כראשי","Unresolved","","No lexical entry yet","true","1","Brief Commentary on Kilayim 2:7:2"
"brief-commentary-on-kilayim","Brief Commentary on Kilayim","tok-42de8a09981f","כרכום","כרכומ","Unresolved","","No lexical entry yet","true","1","Brief Commentary on Kilayim 2:4:2"
"brief-commentary-on-kilayim","Brief Commentary on Kilayim","tok-647491b4de97","כרם","כרמ","Unresolved","","No lexical entry yet","true","7","Brief Commentary on Kilayim 3:3:3; Brief Commentary on Kilayim 3:4:2; Brief Commentary on Kilayim 3:11:2; Brief Commentary on Kilayim 3:11:5; Brief Commentary on Kilayim 3:12:1"
"brief-commentary-on-kilayim","Brief Commentary on Kilayim","tok-4d76205da8a8","כרמים","כרמימ","Unresolved","","No lexical entry yet","true","2","Brief Commentary on Kilayim 3:11:2; Brief Commentary on Kilayim 3:11:3"
"brief-commentary-on-kilayim","Brief Commentary on Kilayim","tok-698a22274c1c","כרמך","כרמכ","Unresolved","","No lexical entry yet","true","1","Brief Commentary on Kilayim 4:10:3"
"brief-commentary-on-kilayim","Brief Commentary on Kilayim","tok-4887a692afbb","כשדות","כשדות","Unresolved","","No lexical entry yet","true","1","Brief Commentary on Kilayim 2:1:1"
"brief-commentary-on-kilayim","Brief Commentary on Kilayim","tok-c92988dc5565","כשזרעו","כשזרעו","Unresolved","","No lexical entry yet","true","1","Brief Commentary on Kilayim 2:11:1"
"brief-commentary-on-kilayim","Brief Commentary on Kilayim","tok-d795afba0f75","כשיטת","כשיטת","Unresolved","","No lexical entry yet","true","1","Brief Commentary on Kilayim 4:5:1"
"brief-commentary-on-kilayim","Brief Commentary on Kilayim","tok-41cd105515e6","כשמתחילים","כשמתחילימ","Unresolved","","No lexical entry yet","true","1","Brief Commentary on Kilayim 2:13:6"
"brief-commentary-on-kilayim","Brief Commentary on Kilayim","tok-95aed482abec","כשרוכב","כשרוכב","Unresolved","","No lexical entry yet","true","1","Brief Commentary on Kilayim 5:11:2"
"brief-commentary-on-kilayim","Brief Commentary on Kilayim","tok-27cc43092407","כתוב","כתוב","Unresolved","","No lexical entry yet","true","2","Brief Commentary on Kilayim 4:10:3"
"brief-commentary-on-kilayim","Brief Commentary on Kilayim","tok-3a22cbad510a","כתיב","כתיב","Unresolved","","No lexical entry yet","true","1","Brief Commentary on Kilayim 1:5:1"
"brief-commentary-on-kilayim","Brief Commentary on Kilayim","tok-374b836ee46d","כתלמי","כתלמי","Unresolved","","No lexical entry yet","true","1","Brief Commentary on Kilayim 1:17:2"
"brief-commentary-on-kilayim","Brief Commentary on Kilayim","tok-5ccab4ad1dc5","כתפיו","כתפיו","Unresolved","","No lexical entry yet","true","1","Brief Commentary on Kilayim 5:15:1"
"brief-commentary-on-kilayim","Brief Commentary on Kilayim","tok-bcb51bc0b048","ל״ד","ל״ד","Unresolved","","No lexical entry yet","true","1","Brief Commentary on Kilayim 4:10:4"
"brief-commentary-on-kilayim","Brief Commentary on Kilayim","tok-4b9f233a0e23","ל״ז","ל״ז","Unresolved","","No lexical entry yet","true","1","Brief Commentary on Kilayim 3:11:4"
"brief-commentary-on-kilayim","Brief Commentary on Kilayim","tok-e2c8a159fb6a","לאו","לאו","Unresolved","","No lexical entry yet","true","1","Brief Commentary on Kilayim 4:12:4"
"brief-commentary-on-kilayim","Brief Commentary on Kilayim","tok-a21f5f94296d","לבגדו","לבגדו","Unresolved","","No lexical entry yet","true","1","Brief Commentary on Kilayim 5:19:2"
"brief-commentary-on-kilayim","Brief Commentary on Kilayim","tok-d9708f6b91c8","לבדיקה","לבדיקה","Unresolved","","No lexical entry yet","true","1","Brief Commentary on Kilayim 2:5:4"
"brief-commentary-on-kilayim","Brief Commentary on Kilayim","tok-250cc6b92e9f","לבדיקת","לבדיקת","Unresolved","","No lexical entry yet","true","2","Brief Commentary on Kilayim 2:4:1; Brief Commentary on Kilayim 2:5:2"
"brief-commentary-on-kilayim","Brief Commentary on Kilayim","tok-83b5b731d1f7","לגזור","לגזור","Unresolved","","No lexical entry yet","true","1","Brief Commentary on Kilayim 3:11:5"
"brief-commentary-on-kilayim","Brief Commentary on Kilayim","tok-310310681de2","לגמלונין","לגמלונינ","Unresolved","","No lexical entry yet","true","1","Brief Commentary on Kilayim 2:8:1"
"brief-commentary-on-kilayim","Brief Commentary on Kilayim","tok-5df5a0615bf1","לגפן","לגפנ","Unresolved","","No lexical entry yet","true","1","Brief Commentary on Kilayim 3:11:1"
"brief-commentary-on-kilayim","Brief Commentary on Kilayim","tok-4b970fddfb01","לגפנים","לגפנימ","Unresolved","","No lexical entry yet","true","1","Brief Commentary on Kilayim 3:11:5"
"brief-commentary-on-kilayim","Brief Commentary on Kilayim","tok-1d07655d8ee0","להגזז","להגזז","Unresolved","","No lexical entry yet","true","1","Brief Commentary on Kilayim 4:10:4"
"brief-commentary-on-kilayim","Brief Commentary on Kilayim","tok-4e9280d4b840","להדלותן","להדלותנ","Unresolved","","No lexical entry yet","true","1","Brief Commentary on Kilayim 4:1:1"
"brief-commentary-on-kilayim","Brief Commentary on Kilayim","tok-616d640b72e8","להכשירו","להכשירו","Unresolved","","No lexical entry yet","true","1","Brief Commentary on Kilayim 5:21:1"
"brief-commentary-on-kilayim","Brief Commentary on Kilayim","tok-92b39b43c70c","להלביש","להלביש","Unresolved","","No lexical entry yet","true","1","Brief Commentary on Kilayim 5:26:1"
"brief-commentary-on-kilayim","Brief Commentary on Kilayim","tok-76c120c71dcb","להלן","להלנ","Unresolved","","No lexical entry yet","true","8","Brief Commentary on Kilayim 2:8:1; Brief Commentary on Kilayim 2:8:3; Brief Commentary on Kilayim 2:14:1; Brief Commentary on Kilayim 2:16:2; Brief Commentary on Kilayim 3:3:4"
"brief-commentary-on-kilayim","Brief Commentary on Kilayim","tok-4f6ea7ab0b3b","להמתין","להמתינ","Unresolved","","No lexical entry yet","true","1","Brief Commentary on Kilayim 1:16:8"
"brief-commentary-on-kilayim","Brief Commentary on Kilayim","tok-45d836034136","להניחם","להניחמ","Unresolved","","No lexical entry yet","true","1","Brief Commentary on Kilayim 2:16:1"
"brief-commentary-on-kilayim","Brief Commentary on Kilayim","tok-546950c489f8","להפסיע","להפסיע","Unresolved","","No lexical entry yet","true","1","Brief Commentary on Kilayim 4:7:3"
"brief-commentary-on-kilayim","Brief Commentary on Kilayim","tok-c7dd3323e811","להר״מ","להר״מ","Unresolved","","No lexical entry yet","true","1","Brief Commentary on Kilayim 2:1:1"
"brief-commentary-on-kilayim","Brief Commentary on Kilayim","tok-da7f23553444","להרביעו","להרביעו","Unresolved","","No lexical entry yet","true","2","Brief Commentary on Kilayim 5:3:1; Brief Commentary on Kilayim 5:4:1"
"brief-commentary-on-kilayim","Brief Commentary on Kilayim","tok-656b5c948807","להרחיק","להרחיק","Unresolved","","No lexical entry yet","true","2","Brief Commentary on Kilayim 3:5:1; Brief Commentary on Kilayim 5:21:2"
"brief-commentary-on-kilayim","Brief Commentary on Kilayim","tok-dae370e4f849","להרכבה","להרכבה","Unresolved","","No lexical entry yet","true","1","Brief Commentary on Kilayim 1:13:1"
"brief-commentary-on-kilayim","Brief Commentary on Kilayim","tok-4bfadb4cbf0a","לובי","לובי","Unresolved","","No lexical entry yet","true","1","Brief Commentary on Kilayim 5:4:3"
"brief-commentary-on-kilayim","Brief Commentary on Kilayim","tok-a6928fccab44","לוגז","לוגז","Unresolved","","No lexical entry yet","true","1","Brief Commentary on Kilayim 5:21:1"
"brief-commentary-on-kilayim","Brief Commentary on Kilayim","tok-3d397d1457b6","לזורעה","לזורעה","Unresolved","","No lexical entry yet","true","1","Brief Commentary on Kilayim 2:1:5"
"brief-commentary-on-kilayim","Brief Commentary on Kilayim","tok-30bc60372dd2","לזרוע","לזרוע","Unresolved","","No lexical entry yet","true","8","Brief Commentary on Kilayim 1:16:7; Brief Commentary on Kilayim 1:19:1; Brief Commentary on Kilayim 2:3:1; Brief Commentary on Kilayim 3:1:1; Brief Commentary on Kilayim 4:1:1"
"brief-commentary-on-kilayim","Brief Commentary on Kilayim","tok-6ae54880ee57","לחבירו","לחבירו","Unresolved","","No lexical entry yet","true","2","Brief Commentary on Kilayim 4:5:3; Brief Commentary on Kilayim 4:6:1"
"brief-commentary-on-kilayim","Brief Commentary on Kilayim","tok-561d77b95aab","לחה","לחה","Unresolved","","No lexical entry yet","true","1","Brief Commentary on Kilayim 1:16:8"
"brief-commentary-on-kilayim","Brief Commentary on Kilayim","tok-f84f9c3098fb","לחיסית","לחיסית","Unresolved","","No lexical entry yet","true","2","Brief Commentary on Kilayim 2:5:2"
"brief-commentary-on-kilayim","Brief Commentary on Kilayim","tok-d79c4fb7bab1","לחמור","לחמור","Unresolved","","No lexical entry yet","true","1","Brief Commentary on Kilayim 5:5:2"
"brief-commentary-on-kilayim","Brief Commentary on Kilayim","tok-d84a44c37155","לחשוש","לחשוש","Unresolved","","No lexical entry yet","true","4","Brief Commentary on Kilayim 5:19:3; Brief Commentary on Kilayim 5:21:1; Brief Commentary on Kilayim 5:24:1"
"brief-commentary-on-kilayim","Brief Commentary on Kilayim","tok-1b18887fb2a4","לטוייה","לטוייה","Unresolved","","No lexical entry yet","true","1","Brief Commentary on Kilayim 5:21:1"
"brief-commentary-on-kilayim","Brief Commentary on Kilayim","tok-292c1098d746","ליגוז","ליגוז","Unresolved","","No lexical entry yet","true","1","Brief Commentary on Kilayim 5:21:1"
"brief-commentary-on-kilayim","Brief Commentary on Kilayim","tok-054425f61c39","ליטע","ליטע","Unresolved","","No lexical entry yet","true","1","Brief Commentary on Kilayim 2:12:1"
"brief-commentary-on-kilayim","Brief Commentary on Kilayim","tok-e8b47d042549","לירק","לירק","Unresolved","","No lexical entry yet","true","3","Brief Commentary on Kilayim 2:5:4; Brief Commentary on Kilayim 2:8:2; Brief Commentary on Kilayim 2:11:1"
"brief-commentary-on-kilayim","Brief Commentary on Kilayim","tok-c986a0fe2d60","לכאן","לכאנ","Unresolved","","No lexical entry yet","true","3","Brief Commentary on Kilayim 2:10:1; Brief Commentary on Kilayim 5:4:3"
"brief-commentary-on-kilayim","Brief Commentary on Kilayim","tok-7e158899b279","לכלים","לכלימ","Unresolved","","No lexical entry yet","true","1","Brief Commentary on Kilayim 5:16:1"
"brief-commentary-on-kilayim","Brief Commentary on Kilayim","tok-bc0e44655cb0","לכרם","לכרמ","Unresolved","","No lexical entry yet","true","3","Brief Commentary on Kilayim 3:1:4; Brief Commentary on Kilayim 3:6:3; Brief Commentary on Kilayim 4:1:2"
"brief-commentary-on-kilayim","Brief Commentary on Kilayim","tok-08a90943900c","לכתחילה","לכתחילה","Unresolved","","No lexical entry yet","true","1","Brief Commentary on Kilayim 2:2:1"
"brief-commentary-on-kilayim","Brief Commentary on Kilayim","tok-f9ee194a361f","ללקט","ללקט","Unresolved","","No lexical entry yet","true","1","Brief Commentary on Kilayim 3:3:3"
"brief-commentary-on-kilayim","Brief Commentary on Kilayim","tok-2ccb8e0644b1","למדינה","למדינה","Unresolved","","No lexical entry yet","true","1","Brief Commentary on Kilayim 5:27:1"
"brief-commentary-on-kilayim","Brief Commentary on Kilayim","tok-5580bddf187c","למדריגה","למדריגה","Unresolved","","No lexical entry yet","true","1","Brief Commentary on Kilayim 3:7:1"
"brief-commentary-on-kilayim","Brief Commentary on Kilayim","tok-5ac893afc500","למוחקה","למוחקה","Unresolved","","No lexical entry yet","true","1","Brief Commentary on Kilayim 2:13:5"
"brief-commentary-on-kilayim","Brief Commentary on Kilayim","tok-f36103fc417c","למטפחת","למטפחת","Unresolved","","No lexical entry yet","true","1","Brief Commentary on Kilayim 5:20:1"
"brief-commentary-on-kilayim","Brief Commentary on Kilayim","tok-1fd0c3a68788","למינהו","למינהו","Unresolved","","No lexical entry yet","true","1","Brief Commentary on Kilayim 2:3:1"
"brief-commentary-on-kilayim","Brief Commentary on Kilayim","tok-ae1b264b855e","למינו","למינו","Unresolved","","No lexical entry yet","true","1","Brief Commentary on Kilayim 1:16:4"
"brief-commentary-on-kilayim","Brief Commentary on Kilayim","tok-e95bceb98519","לנהוג","לנהוג","Unresolved","","No lexical entry yet","true","1","Brief Commentary on Kilayim 5:5:1"
"brief-commentary-on-kilayim","Brief Commentary on Kilayim","tok-baf1ac80223a","לנטוע","לנטוע","Unresolved","","No lexical entry yet","true","1","Brief Commentary on Kilayim 2:13:4"
"brief-commentary-on-kilayim","Brief Commentary on Kilayim","tok-fbc9566b3551","לנטועים","לנטועימ","Unresolved","","No lexical entry yet","true","1","Brief Commentary on Kilayim 3:7:1"
"brief-commentary-on-kilayim","Brief Commentary on Kilayim","tok-75610c7c9722","לנכון","לנכונ","Unresolved","","No lexical entry yet","true","1","Brief Commentary on Kilayim 4:2:1"
"brief-commentary-on-kilayim","Brief Commentary on Kilayim","tok-6942a4ad62e4","לעוקרו","לעוקרו","Unresolved","","No lexical entry yet","true","1","Brief Commentary on Kilayim 2:4:1"
"brief-commentary-on-kilayim","Brief Commentary on Kilayim","tok-49f6722d0fad","לעוקרם","לעוקרמ","Unresolved","","No lexical entry yet","true","3","Brief Commentary on Kilayim 1:19:1; Brief Commentary on Kilayim 2:5:2; Brief Commentary on Kilayim 2:16:2"
"brief-commentary-on-kilayim","Brief Commentary on Kilayim","tok-60b9262d7188","לעיל","לעיל","Unresolved","","No lexical entry yet","true","10","Brief Commentary on Kilayim 2:2:1; Brief Commentary on Kilayim 2:5:2; Brief Commentary on Kilayim 2:8:3; Brief Commentary on Kilayim 2:11:1; Brief Commentary on Kilayim 3:12:1"
"brief-commentary-on-kilayim","Brief Commentary on Kilayim","tok-79882e571f3e","לעניין","לעניינ","Unresolved","","No lexical entry yet","true","1","Brief Commentary on Kilayim 4:13:3"
"brief-commentary-on-kilayim","Brief Commentary on Kilayim","tok-181afb9b240c","לעקרם","לעקרמ","Unresolved","","No lexical entry yet","true","1","Brief Commentary on Kilayim 5:1:1"
"brief-commentary-on-kilayim","Brief Commentary on Kilayim","tok-38c850fcfef3","לערוד","לערוד","Unresolved","","No lexical entry yet","true","1","Brief Commentary on Kilayim 5:5:2"
"brief-commentary-on-kilayim","Brief Commentary on Kilayim","tok-df7da41c0d80","לפתוח","לפתוח","Unresolved","","No lexical entry yet","true","1","Brief Commentary on Kilayim 2:13:6"
"brief-commentary-on-kilayim","Brief Commentary on Kilayim","tok-6bf750a86e66","לצדדין","לצדדינ","Unresolved","","No lexical entry yet","true","1","Brief Commentary on Kilayim 1:17:3"
"brief-commentary-on-kilayim","Brief Commentary on Kilayim","tok-ab7915cc62df","לצידי","לצידי","Unresolved","","No lexical entry yet","true","1","Brief Commentary on Kilayim 5:4:2"
"brief-commentary-on-kilayim","Brief Commentary on Kilayim","tok-4ef6730ee8d2","לרבות","לרבות","Unresolved","","No lexical entry yet","true","1","Brief Commentary on Kilayim 2:16:6"
"brief-commentary-on-kilayim","Brief Commentary on Kilayim","tok-6fdd710bc9ee","לרכוב","לרכוב","Unresolved","","No lexical entry yet","true","1","Brief Commentary on Kilayim 5:5:4"
"brief-commentary-on-kilayim","Brief Commentary on Kilayim","tok-5353aa4f13ab","לרמוצה","לרמוצה","Unresolved","","No lexical entry yet","true","1","Brief Commentary on Kilayim 1:5:1"
"brief-commentary-on-kilayim","Brief Commentary on Kilayim","tok-ed9fab2de67e","לשביעית","לשביעית","Unresolved","","No lexical entry yet","true","1","Brief Commentary on Kilayim 2:10:2"
"brief-commentary-on-kilayim","Brief Commentary on Kilayim","tok-144fff504dfd","לשועל","לשועל","Unresolved","","No lexical entry yet","true","1","Brief Commentary on Kilayim 5:8:1"
"brief-commentary-on-kilayim","Brief Commentary on Kilayim","tok-66e92692100d","לשורשי","לשורשי","Unresolved","","No lexical entry yet","true","1","Brief Commentary on Kilayim 2:5:5"
"brief-commentary-on-kilayim","Brief Commentary on Kilayim","tok-20e39cb0a1df","לתבואה","לתבואה","Unresolved","","No lexical entry yet","true","2","Brief Commentary on Kilayim 2:4:1; Brief Commentary on Kilayim 2:5:3"
"brief-commentary-on-kilayim","Brief Commentary on Kilayim","tok-5198c966f279","לתו״כ","לתו״כ","Unresolved","","No lexical entry yet","true","1","Brief Commentary on Kilayim 5:21:1"
"brief-commentary-on-kilayim","Brief Commentary on Kilayim","tok-68eebad51505","לתלמי","לתלמי","Unresolved","","No lexical entry yet","true","1","Brief Commentary on Kilayim 1:17:2"
"brief-commentary-on-kilayim","Brief Commentary on Kilayim","tok-5d7548912ceb","לתקוע","לתקוע","Unresolved","","No lexical entry yet","true","1","Brief Commentary on Kilayim 5:6:1"
"brief-commentary-on-kilayim","Brief Commentary on Kilayim","tok-c112f673a2d6","מ״א","מ״א","Unresolved","","No lexical entry yet","true","1","Brief Commentary on Kilayim 1:1:1"
"brief-commentary-on-kilayim","Brief Commentary on Kilayim","tok-f5a90f26bb68","מ״ב","מ״ב","Unresolved","","No lexical entry yet","true","1","Brief Commentary on Kilayim 3:1:4"
"brief-commentary-on-kilayim","Brief Commentary on Kilayim","tok-cd778bd43212","מ״ג","מ״ג","Unresolved","","No lexical entry yet","true","1","Brief Commentary on Kilayim 1:2:1"
"brief-commentary-on-kilayim","Brief Commentary on Kilayim","tok-33208f4c7654","מ״ה","מ״ה","Unresolved","","No lexical entry yet","true","2","Brief Commentary on Kilayim 1:19:4; Brief Commentary on Kilayim 3:11:1"
"brief-commentary-on-kilayim","Brief Commentary on Kilayim","tok-c1b0f6f83646","מ״ו","מ״ו","Unresolved","","No lexical entry yet","true","1","Brief Commentary on Kilayim 2:12:1"
"brief-commentary-on-kilayim","Brief Commentary on Kilayim","tok-5272e2f1ed22","מ״ט","מ״ט","Unresolved","","No lexical entry yet","true","2","Brief Commentary on Kilayim 2:6:3; Brief Commentary on Kilayim 3:11:1"
"brief-commentary-on-kilayim","Brief Commentary on Kilayim","tok-015fadec9a20","מ״ש","מ״ש","Unresolved","","No lexical entry yet","true","5","Brief Commentary on Kilayim 2:1:1; Brief Commentary on Kilayim 2:2:1; Brief Commentary on Kilayim 2:10:2; Brief Commentary on Kilayim 4:8:1; Brief Commentary on Kilayim 5:24:2"
"brief-commentary-on-kilayim","Brief Commentary on Kilayim","tok-9e9897294fa0","מאה","מאה","Unresolved","","No lexical entry yet","true","2","Brief Commentary on Kilayim 4:10:1"
"brief-commentary-on-kilayim","Brief Commentary on Kilayim","tok-361004ec3600","מאחורי","מאחורי","Unresolved","","No lexical entry yet","true","1","Brief Commentary on Kilayim 4:1:2"
"brief-commentary-on-kilayim","Brief Commentary on Kilayim","tok-b16525130b69","מאליהם","מאליהמ","Unresolved","","No lexical entry yet","true","1","Brief Commentary on Kilayim 5:1:1"
"brief-commentary-on-kilayim","Brief Commentary on Kilayim","tok-e58604c16b44","מבארת","מבארת","Unresolved","","No lexical entry yet","true","2","Brief Commentary on Kilayim 1:17:1; Brief Commentary on Kilayim 2:12:1"
"brief-commentary-on-kilayim","Brief Commentary on Kilayim","tok-64de8ff0327f","מבגד","מבגד","Unresolved","","No lexical entry yet","true","1","Brief Commentary on Kilayim 5:19:3"
"brief-commentary-on-kilayim","Brief Commentary on Kilayim","tok-d0ee125d40a1","מבואר","מבואר","Unresolved","","No lexical entry yet","true","1","Brief Commentary on Kilayim 3:1:1"
"brief-commentary-on-kilayim","Brief Commentary on Kilayim","tok-5fe40f09068f","מבורץ","מבורצ","Unresolved","","No lexical entry yet","true","1","Brief Commentary on Kilayim 3:10:2"
"brief-commentary-on-kilayim","Brief Commentary on Kilayim","tok-72e52b49fdbc","מבחינה","מבחינה","Unresolved","","No lexical entry yet","true","2","Brief Commentary on Kilayim 3:11:2; Brief Commentary on Kilayim 3:11:3"
"brief-commentary-on-kilayim","Brief Commentary on Kilayim","tok-e54081b7ae10","מבכנפיו","מבכנפיו","Unresolved","","No lexical entry yet","true","1","Brief Commentary on Kilayim 5:8:2"
"brief-commentary-on-kilayim","Brief Commentary on Kilayim","tok-471bd71c1754","מבנתים","מבנתימ","Unresolved","","No lexical entry yet","true","1","Brief Commentary on Kilayim 3:6:3"
"brief-commentary-on-kilayim","Brief Commentary on Kilayim","tok-0335301f6746","מג׳","מג׳","Unresolved","","No lexical entry yet","true","3","Brief Commentary on Kilayim 4:6:1; Brief Commentary on Kilayim 4:10:7; Brief Commentary on Kilayim 4:11:2"
"brief-commentary-on-kilayim","Brief Commentary on Kilayim","tok-447f6c8236d1","מגיה","מגיה","Unresolved","","No lexical entry yet","true","2","Brief Commentary on Kilayim 1:2:2; Brief Commentary on Kilayim 3:11:4"
"brief-commentary-on-kilayim","Brief Commentary on Kilayim","tok-cf9e51932af1","מגין","מגינ","Unresolved","","No lexical entry yet","true","1","Brief Commentary on Kilayim 4:5:2"
"brief-commentary-on-kilayim","Brief Commentary on Kilayim","tok-af16ea42b3d4","מגן","מגנ","Unresolved","","No lexical entry yet","true","1","Brief Commentary on Kilayim 5:26:1"
"brief-commentary-on-kilayim","Brief Commentary on Kilayim","tok-1020060de0e3","מגפן","מגפנ","Unresolved","","No lexical entry yet","true","1","Brief Commentary on Kilayim 3:11:1"
"brief-commentary-on-kilayim","Brief Commentary on Kilayim","tok-a1771498842d","מגריע","מגריע","Unresolved","","No lexical entry yet","true","1","Brief Commentary on Kilayim 1:18:1"
"brief-commentary-on-kilayim","Brief Commentary on Kilayim","tok-4b96f720573f","מגרע","מגרע","Unresolved","","No lexical entry yet","true","1","Brief Commentary on Kilayim 1:18:1"
"brief-commentary-on-kilayim","Brief Commentary on Kilayim","tok-9f2b2cdc0ab2","מדוקרנין","מדוקרנינ","Unresolved","","No lexical entry yet","true","1","Brief Commentary on Kilayim 4:5:1"
"brief-commentary-on-kilayim","Brief Commentary on Kilayim","tok-e57094d742ff","מובלעת","מובלעת","Unresolved","","No lexical entry yet","true","1","Brief Commentary on Kilayim 2:3:2"
"brief-commentary-on-kilayim","Brief Commentary on Kilayim","tok-6e0f09b12b7c","מודד","מודד","Unresolved","","No lexical entry yet","true","1","Brief Commentary on Kilayim 3:11:1"
"brief-commentary-on-kilayim","Brief Commentary on Kilayim","tok-918de2d667a7","מוטב","מוטב","Unresolved","","No lexical entry yet","true","1","Brief Commentary on Kilayim 4:1:1"
"brief-commentary-on-kilayim","Brief Commentary on Kilayim","tok-9056a7a01abc","מושך","מושכ","Unresolved","","No lexical entry yet","true","2","Brief Commentary on Kilayim 5:4:3"
"brief-commentary-on-kilayim","Brief Commentary on Kilayim","tok-52ecb7029428","מותח","מותח","Unresolved","","No lexical entry yet","true","1","Brief Commentary on Kilayim 5:21:1"
"brief-commentary-on-kilayim","Brief Commentary on Kilayim","tok-9af66093eb56","מותרי׳","מותרי׳","Unresolved","","No lexical entry yet","true","1","Brief Commentary on Kilayim 5:1:1"
"brief-commentary-on-kilayim","Brief Commentary on Kilayim","tok-370e469cfb8e","מותרים","מותרימ","Unresolved","","No lexical entry yet","true","2","Brief Commentary on Kilayim 2:7:2; Brief Commentary on Kilayim 4:10:7"
"brief-commentary-on-kilayim","Brief Commentary on Kilayim","tok-2eeb3b3a795a","מותרין","מותרינ","Unresolved","","No lexical entry yet","true","2","Brief Commentary on Kilayim 4:12:4"
"brief-commentary-on-kilayim","Brief Commentary on Kilayim","tok-1d2b0f35d3b3","מזיקים","מזיקימ","Unresolved","","No lexical entry yet","true","3","Brief Commentary on Kilayim 2:5:2; Brief Commentary on Kilayim 2:5:3; Brief Commentary on Kilayim 2:5:4"
"brief-commentary-on-kilayim","Brief Commentary on Kilayim","tok-2743e18f0b14","מזלג","מזלג","Unresolved","","No lexical entry yet","true","1","Brief Commentary on Kilayim 5:21:1"
"brief-commentary-on-kilayim","Brief Commentary on Kilayim","tok-18ce88ea904c","מח׳","מח׳","Unresolved","","No lexical entry yet","true","1","Brief Commentary on Kilayim 3:6:3"
"brief-commentary-on-kilayim","Brief Commentary on Kilayim","tok-041cbc8f9a7f","מחבר","מחבר","Unresolved","","No lexical entry yet","true","1","Brief Commentary on Kilayim 5:14:1"
"brief-commentary-on-kilayim","Brief Commentary on Kilayim","tok-7f85a0cd7729","מחברם","מחברמ","Unresolved","","No lexical entry yet","true","1","Brief Commentary on Kilayim 5:12:3"
"brief-commentary-on-kilayim","Brief Commentary on Kilayim","tok-71ff97a7b422","מחול","מחול","Unresolved","","No lexical entry yet","true","3","Brief Commentary on Kilayim 3:1:3; Brief Commentary on Kilayim 3:1:4"
"brief-commentary-on-kilayim","Brief Commentary on Kilayim","tok-de71182016f2","מחייבין","מחייבינ","Unresolved","","No lexical entry yet","true","1","Brief Commentary on Kilayim 1:17:1"
"brief-commentary-on-kilayim","Brief Commentary on Kilayim","tok-804a07905d60","מחיצה","מחיצה","Unresolved","","No lexical entry yet","true","2","Brief Commentary on Kilayim 2:14:1; Brief Commentary on Kilayim 2:14:2"
"brief-commentary-on-kilayim","Brief Commentary on Kilayim","tok-7a832ce417cb","מחלק","מחלק","Unresolved","","No lexical entry yet","true","1","Brief Commentary on Kilayim 4:7:3"
"brief-commentary-on-kilayim","Brief Commentary on Kilayim","tok-4e42edd3d7d7","מחפה","מחפה","Unresolved","","No lexical entry yet","true","1","Brief Commentary on Kilayim 1:19:2"
"brief-commentary-on-kilayim","Brief Commentary on Kilayim","tok-70f896c551ef","מט״ז","מט״ז","Unresolved","","No lexical entry yet","true","2","Brief Commentary on Kilayim 3:11:1"
"brief-commentary-on-kilayim","Brief Commentary on Kilayim","tok-ec351669cccd","מטע","מטע","Unresolved","","No lexical entry yet","true","2","Brief Commentary on Kilayim 3:11:2"
"brief-commentary-on-kilayim","Brief Commentary on Kilayim","tok-fcaf059def10","מטעתה","מטעתה","Unresolved","","No lexical entry yet","true","1","Brief Commentary on Kilayim 3:3:3"
"brief-commentary-on-kilayim","Brief Commentary on Kilayim","tok-6c37732eadde","מטפח","מטפח","Unresolved","","No lexical entry yet","true","1","Brief Commentary on Kilayim 1:6:1"
"brief-commentary-on-kilayim","Brief Commentary on Kilayim","tok-6013db7e95a7","מיוחדות","מיוחדות","Unresolved","","No lexical entry yet","true","1","Brief Commentary on Kilayim 2:1:1"
"brief-commentary-on-kilayim","Brief Commentary on Kilayim","tok-522b3185aa51","מין""","מינ""","Unresolved","","No lexical entry yet","true","1","Brief Commentary on Kilayim 5:3:1"
"brief-commentary-on-kilayim","Brief Commentary on Kilayim","tok-164ff64be74b","מינו","מינו","Unresolved","","No lexical entry yet","true","1","Brief Commentary on Kilayim 5:7:1"
"brief-commentary-on-kilayim","Brief Commentary on Kilayim","tok-02f0fde5d570","מינים","מינימ","Unresolved","","No lexical entry yet","true","2","Brief Commentary on Kilayim 2:3:1; Brief Commentary on Kilayim 2:10:1"
"brief-commentary-on-kilayim","Brief Commentary on Kilayim","tok-13275fe44f19","מכ״ד","מכ״ד","Unresolved","","No lexical entry yet","true","2","Brief Commentary on Kilayim 1:16:1; Brief Commentary on Kilayim 1:16:2"
"brief-commentary-on-kilayim","Brief Commentary on Kilayim","tok-5594f4a35a27","מכבכב","מכבכב","Unresolved","","No lexical entry yet","true","1","Brief Commentary on Kilayim 1:19:3"
"brief-commentary-on-kilayim","Brief Commentary on Kilayim","tok-d386aef7ce3f","מכוונות","מכוונות","Unresolved","","No lexical entry yet","true","1","Brief Commentary on Kilayim 3:1:3"
"brief-commentary-on-kilayim","Brief Commentary on Kilayim","tok-c46b7924079c","מכוונים","מכוונימ","Unresolved","","No lexical entry yet","true","2","Brief Commentary on Kilayim 3:1:3; Brief Commentary on Kilayim 3:4:1"
"brief-commentary-on-kilayim","Brief Commentary on Kilayim","tok-2848079ee137","מכוונת","מכוונת","Unresolved","","No lexical entry yet","true","1","Brief Commentary on Kilayim 3:6:3"
"brief-commentary-on-kilayim","Brief Commentary on Kilayim","tok-71d6066b1d87","מכיון","מכיונ","Unresolved","","No lexical entry yet","true","1","Brief Commentary on Kilayim 2:7:1"
"brief-commentary-on-kilayim","Brief Commentary on Kilayim","tok-b766def70def","מכלאים","מכלאימ","Unresolved","","No lexical entry yet","true","2","Brief Commentary on Kilayim 5:3:2; Brief Commentary on Kilayim 5:26:1"
"brief-commentary-on-kilayim","Brief Commentary on Kilayim","tok-f80ac27dd912","מכנגדו","מכנגדו","Unresolved","","No lexical entry yet","true","1","Brief Commentary on Kilayim 4:8:3"
"brief-commentary-on-kilayim","Brief Commentary on Kilayim","tok-79b99b0a2ee7","מכסח","מכסח","Unresolved","","No lexical entry yet","true","1","Brief Commentary on Kilayim 1:19:4"
"brief-commentary-on-kilayim","Brief Commentary on Kilayim","tok-6c48eec43c97","מכשיעור","מכשיעור","Unresolved","","No lexical entry yet","true","1","Brief Commentary on Kilayim 4:10:1"
"brief-commentary-on-kilayim","Brief Commentary on Kilayim","tok-be35244cffb5","מלביש","מלביש","Unresolved","","No lexical entry yet","true","1","Brief Commentary on Kilayim 5:26:1"
"brief-commentary-on-kilayim","Brief Commentary on Kilayim","tok-02025159091c","מלהלן","מלהלנ","Unresolved","","No lexical entry yet","true","1","Brief Commentary on Kilayim 2:10:1"
"brief-commentary-on-kilayim","Brief Commentary on Kilayim","tok-664f67d3355d","מלמטה","מלמטה","Unresolved","","No lexical entry yet","true","1","Brief Commentary on Kilayim 5:19:3"
"brief-commentary-on-kilayim","Brief Commentary on Kilayim","tok-b9591cb49937","מלמעלה","מלמעלה","Unresolved","","No lexical entry yet","true","2","Brief Commentary on Kilayim 4:5:1; Brief Commentary on Kilayim 5:19:3"
"brief-commentary-on-kilayim","Brief Commentary on Kilayim","tok-19bb9f690eb3","ממינו","ממינו","Unresolved","","No lexical entry yet","true","2","Brief Commentary on Kilayim 5:4:1"
"brief-commentary-on-kilayim","Brief Commentary on Kilayim","tok-f3de1078b3b5","ממקומו","ממקומו","Unresolved","","No lexical entry yet","true","1","Brief Commentary on Kilayim 1:16:6"
"brief-commentary-on-kilayim","Brief Commentary on Kilayim","tok-2d57b2d16361","ממשנתנו","ממשנתנו","Unresolved","","No lexical entry yet","true","3","Brief Commentary on Kilayim 1:2:1; Brief Commentary on Kilayim 3:1:4; Brief Commentary on Kilayim 5:12:1"
"brief-commentary-on-kilayim","Brief Commentary on Kilayim","tok-33e58312d4ee","ממשפחה","ממשפחה","Unresolved","","No lexical entry yet","true","1","Brief Commentary on Kilayim 1:1:2"
"brief-commentary-on-kilayim","Brief Commentary on Kilayim","tok-884eed0ec067","ממתקים","ממתקימ","Unresolved","","No lexical entry yet","true","1","Brief Commentary on Kilayim 1:5:1"
"brief-commentary-on-kilayim","Brief Commentary on Kilayim","tok-f77df538cfb7","מסביב","מסביב","Unresolved","","No lexical entry yet","true","1","Brief Commentary on Kilayim 3:11:1"
"brief-commentary-on-kilayim","Brief Commentary on Kilayim","tok-c513fe0879f1","מסיר","מסיר","Unresolved","","No lexical entry yet","true","1","Brief Commentary on Kilayim 1:19:3"
"brief-commentary-on-kilayim","Brief Commentary on Kilayim","tok-2a483b827406","מסמיכין","מסמיכינ","Unresolved","","No lexical entry yet","true","1","Brief Commentary on Kilayim 2:5:1"
"brief-commentary-on-kilayim","Brief Commentary on Kilayim","tok-ab2fe1eef828","מסרק","מסרק","Unresolved","","No lexical entry yet","true","1","Brief Commentary on Kilayim 5:26:2"
"brief-commentary-on-kilayim","Brief Commentary on Kilayim","tok-c0c53f947fc8","מעצי","מעצי","Unresolved","","No lexical entry yet","true","1","Brief Commentary on Kilayim 4:4:1"
"brief-commentary-on-kilayim","Brief Commentary on Kilayim","tok-f3237a43a396","מפולש","מפולש","Unresolved","","No lexical entry yet","true","1","Brief Commentary on Kilayim 3:10:2"
"brief-commentary-on-kilayim","Brief Commentary on Kilayim","tok-25925b73288d","מפולשים","מפולשימ","Unresolved","","No lexical entry yet","true","1","Brief Commentary on Kilayim 2:1:2"
"brief-commentary-on-kilayim","Brief Commentary on Kilayim","tok-976e693bc60e","מפוצלים","מפוצלימ","Unresolved","","No lexical entry yet","true","1","Brief Commentary on Kilayim 4:5:1"
"brief-commentary-on-kilayim","Brief Commentary on Kilayim","tok-816a08625ee7","מפורסמת","מפורסמת","Unresolved","","No lexical entry yet","true","1","Brief Commentary on Kilayim 5:19:3"
"brief-commentary-on-kilayim","Brief Commentary on Kilayim","tok-2537e18efa07","מפורץ","מפורצ","Unresolved","","No lexical entry yet","true","1","Brief Commentary on Kilayim 3:10:2"
"brief-commentary-on-kilayim","Brief Commentary on Kilayim","tok-255034dc144f","מפסיד","מפסיד","Unresolved","","No lexical entry yet","true","1","Brief Commentary on Kilayim 4:10:4"
"brief-commentary-on-kilayim","Brief Commentary on Kilayim","tok-87b0755e64ec","מפסיקים","מפסיקימ","Unresolved","","No lexical entry yet","true","1","Brief Commentary on Kilayim 2:6:3"
"brief-commentary-on-kilayim","Brief Commentary on Kilayim","tok-456db35b66de","מפציע","מפציע","Unresolved","","No lexical entry yet","true","1","Brief Commentary on Kilayim 4:7:3"
"brief-commentary-on-kilayim","Brief Commentary on Kilayim","tok-7e4c69091318","מפרשת","מפרשת","Unresolved","","No lexical entry yet","true","1","Brief Commentary on Kilayim 3:3:3"
"brief-commentary-on-kilayim","Brief Commentary on Kilayim","tok-425a1bd3c2fd","מצילה","מצילה","Unresolved","","No lexical entry yet","true","1","Brief Commentary on Kilayim 5:18:1"
"brief-commentary-on-kilayim","Brief Commentary on Kilayim","tok-6503012ecdf2","מקדשת","מקדשת","Unresolved","","No lexical entry yet","true","1","Brief Commentary on Kilayim 4:12:1"
"brief-commentary-on-kilayim","Brief Commentary on Kilayim","tok-42a0a941d353","מקיים","מקיימ","Unresolved","","No lexical entry yet","true","3","Brief Commentary on Kilayim 2:14:2; Brief Commentary on Kilayim 2:16:1"
"brief-commentary-on-kilayim","Brief Commentary on Kilayim","tok-cb6fe53d7f1e","מקיפין","מקיפינ","Unresolved","","No lexical entry yet","true","3","Brief Commentary on Kilayim 2:5:1; Brief Commentary on Kilayim 2:5:3; Brief Commentary on Kilayim 2:5:4"
"brief-commentary-on-kilayim","Brief Commentary on Kilayim","tok-1f1c08b87679","מקצת","מקצת","Unresolved","","No lexical entry yet","true","1","Brief Commentary on Kilayim 4:12:3"
"brief-commentary-on-kilayim","Brief Commentary on Kilayim","tok-37c9fa3b65ef","מקצתן","מקצתנ","Unresolved","","No lexical entry yet","true","1","Brief Commentary on Kilayim 4:12:3"
"brief-commentary-on-kilayim","Brief Commentary on Kilayim","tok-ce11f3dc2810","מקרחת","מקרחת","Unresolved","","No lexical entry yet","true","1","Brief Commentary on Kilayim 2:6:3"
"brief-commentary-on-kilayim","Brief Commentary on Kilayim","tok-7f9989b4d686","מראית","מראית","Unresolved","","No lexical entry yet","true","1","Brief Commentary on Kilayim 5:24:2"
"brief-commentary-on-kilayim","Brief Commentary on Kilayim","tok-d49ce1f0e897","מרדעת","מרדעת","Unresolved","","No lexical entry yet","true","1","Brief Commentary on Kilayim 5:19:2"
"brief-commentary-on-kilayim","Brief Commentary on Kilayim","tok-1060283c8297","מרה","מרה","Unresolved","","No lexical entry yet","true","1","Brief Commentary on Kilayim 1:5:1"
"brief-commentary-on-kilayim","Brief Commentary on Kilayim","tok-6ab98fd77460","מרובעת","מרובעת","Unresolved","","No lexical entry yet","true","1","Brief Commentary on Kilayim 2:7:2"
"brief-commentary-on-kilayim","Brief Commentary on Kilayim","tok-f59f509862c2","מרוחק","מרוחק","Unresolved","","No lexical entry yet","true","1","Brief Commentary on Kilayim 4:10:1"
"brief-commentary-on-kilayim","Brief Commentary on Kilayim","tok-b0bcbd2a2a1a","משבצים","משבצימ","Unresolved","","No lexical entry yet","true","1","Brief Commentary on Kilayim 5:26:2"
"brief-commentary-on-kilayim","Brief Commentary on Kilayim","tok-57b1ec1de9ed","משוכות","משוכות","Unresolved","","No lexical entry yet","true","1","Brief Commentary on Kilayim 2:6:1"
"brief-commentary-on-kilayim","Brief Commentary on Kilayim","tok-582231d5280c","משמשים","משמשימ","Unresolved","","No lexical entry yet","true","1","Brief Commentary on Kilayim 2:16:1"
"brief-commentary-on-kilayim","Brief Commentary on Kilayim","tok-c8c8dd60f6ec","משנתנו","משנתנו","Unresolved","","No lexical entry yet","true","2","Brief Commentary on Kilayim 2:12:1; Brief Commentary on Kilayim 3:3:3"
"brief-commentary-on-kilayim","Brief Commentary on Kilayim","tok-274db0d71187","מששה","מששה","Unresolved","","No lexical entry yet","true","1","Brief Commentary on Kilayim 4:11:1"
"brief-commentary-on-kilayim","Brief Commentary on Kilayim","tok-123cf6be7a9c","מתיר","מתיר","Unresolved","","No lexical entry yet","true","3","Brief Commentary on Kilayim 2:2:1; Brief Commentary on Kilayim 2:3:1; Brief Commentary on Kilayim 5:4:4"
"brief-commentary-on-kilayim","Brief Commentary on Kilayim","tok-8ab352c2bf1a","מתכוין","מתכוינ","Unresolved","","No lexical entry yet","true","1","Brief Commentary on Kilayim 1:13:1"
"brief-commentary-on-kilayim","Brief Commentary on Kilayim","tok-af6eb0ec86cb","מתליע","מתליע","Unresolved","","No lexical entry yet","true","1","Brief Commentary on Kilayim 1:16:8"
"brief-commentary-on-kilayim","Brief Commentary on Kilayim","tok-04e2ae0376fe","מתקדש","מתקדש","Unresolved","","No lexical entry yet","true","1","Brief Commentary on Kilayim 4:13:1"
"brief-commentary-on-kilayim","Brief Commentary on Kilayim","tok-7db4ec998fa6","מתקדשין","מתקדשינ","Unresolved","","No lexical entry yet","true","1","Brief Commentary on Kilayim 4:12:4"
"brief-commentary-on-kilayim","Brief Commentary on Kilayim","tok-c7433822b77b","מתקוע","מתקוע","Unresolved","","No lexical entry yet","true","1","Brief Commentary on Kilayim 5:6:1"
"brief-commentary-on-kilayim","Brief Commentary on Kilayim","tok-c7a287b34d9c","נ״ד","נ״ד","Unresolved","","No lexical entry yet","true","1","Brief Commentary on Kilayim 5:15:1"
"brief-commentary-on-kilayim","Brief Commentary on Kilayim","tok-7f9a41e6b14e","נאסרו","נאסרו","Unresolved","","No lexical entry yet","true","1","Brief Commentary on Kilayim 3:12:1"
"brief-commentary-on-kilayim","Brief Commentary on Kilayim","tok-f561a7c4ec11","נהג","נהג","Unresolved","","No lexical entry yet","true","1","Brief Commentary on Kilayim 5:11:1"
"brief-commentary-on-kilayim","Brief Commentary on Kilayim","tok-b9abde8152c1","נו״ן","נו״נ","Unresolved","","No lexical entry yet","true","1","Brief Commentary on Kilayim 5:21:2"
"brief-commentary-on-kilayim","Brief Commentary on Kilayim","tok-2b21c0006736","נותנין","נותנינ","Unresolved","","No lexical entry yet","true","1","Brief Commentary on Kilayim 2:7:3"
"brief-commentary-on-kilayim","Brief Commentary on Kilayim","tok-29d73cf5d0b0","נזרעו","נזרעו","Unresolved","","No lexical entry yet","true","1","Brief Commentary on Kilayim 2:5:4"
"brief-commentary-on-kilayim","Brief Commentary on Kilayim","tok-1e0d4cad5a5e","נזרעים","נזרעימ","Unresolved","","No lexical entry yet","true","2","Brief Commentary on Kilayim 1:16:2; Brief Commentary on Kilayim 2:8:1"
"brief-commentary-on-kilayim","Brief Commentary on Kilayim","tok-230f659ea732","נטועים","נטועימ","Unresolved","","No lexical entry yet","true","1","Brief Commentary on Kilayim 3:11:2"
"brief-commentary-on-kilayim","Brief Commentary on Kilayim","tok-1538c883ebb6","ניכרים","ניכרימ","Unresolved","","No lexical entry yet","true","1","Brief Commentary on Kilayim 5:19:1"
"brief-commentary-on-kilayim","Brief Commentary on Kilayim","tok-75c6706fe5f2","ניכרת","ניכרת","Unresolved","","No lexical entry yet","true","2","Brief Commentary on Kilayim 2:4:2; Brief Commentary on Kilayim 5:19:3"
"brief-commentary-on-kilayim","Brief Commentary on Kilayim","tok-ec87aea34abd","נכש","נכש","Unresolved","","No lexical entry yet","true","1","Brief Commentary on Kilayim 1:19:4"
"brief-commentary-on-kilayim","Brief Commentary on Kilayim","tok-4012b697a762","נראות","נראות","Unresolved","","No lexical entry yet","true","2","Brief Commentary on Kilayim 2:2:1; Brief Commentary on Kilayim 3:11:5"
"brief-commentary-on-kilayim","Brief Commentary on Kilayim","tok-fb5cb48ebd95","נראין","נראינ","Unresolved","","No lexical entry yet","true","1","Brief Commentary on Kilayim 3:6:3"
"brief-commentary-on-kilayim","Brief Commentary on Kilayim","tok-cca0f12a9f92","נראית","נראית","Unresolved","","No lexical entry yet","true","1","Brief Commentary on Kilayim 2:7:1"
"brief-commentary-on-kilayim","Brief Commentary on Kilayim","tok-a66728c3b7fe","נתבאר","נתבאר","Unresolved","","No lexical entry yet","true","3","Brief Commentary on Kilayim 3:12:2; Brief Commentary on Kilayim 3:13:1; Brief Commentary on Kilayim 3:14:1"
"brief-commentary-on-kilayim","Brief Commentary on Kilayim","tok-fefc3ee401a7","נתבארו","נתבארו","Unresolved","","No lexical entry yet","true","1","Brief Commentary on Kilayim 1:1:2"
"brief-commentary-on-kilayim","Brief Commentary on Kilayim","tok-e5feb46295e3","נתברר","נתברר","Unresolved","","No lexical entry yet","true","1","Brief Commentary on Kilayim 5:20:1"
"brief-commentary-on-kilayim","Brief Commentary on Kilayim","tok-c9fee04d0c57","נתיאש","נתיאש","Unresolved","","No lexical entry yet","true","1","Brief Commentary on Kilayim 3:3:2"
"brief-commentary-on-kilayim","Brief Commentary on Kilayim","tok-f2e0ddddecc1","נתכוין","נתכוינ","Unresolved","","No lexical entry yet","true","1","Brief Commentary on Kilayim 2:5:2"
"brief-commentary-on-kilayim","Brief Commentary on Kilayim","tok-e0c30249c6c9","נתקדשו","נתקדשו","Unresolved","","No lexical entry yet","true","1","Brief Commentary on Kilayim 3:11:1"
"brief-commentary-on-kilayim","Brief Commentary on Kilayim","tok-c41e6ad250bb","נתרפה","נתרפה","Unresolved","","No lexical entry yet","true","1","Brief Commentary on Kilayim 3:3:2"
"brief-commentary-on-kilayim","Brief Commentary on Kilayim","tok-e50cac4b7b11","סאה","סאה","Unresolved","","No lexical entry yet","true","5","Brief Commentary on Kilayim 1:16:2; Brief Commentary on Kilayim 1:16:3; Brief Commentary on Kilayim 1:16:4; Brief Commentary on Kilayim 3:3:3"
"brief-commentary-on-kilayim","Brief Commentary on Kilayim","tok-72e8483001b6","סדן","סדנ","Unresolved","","No lexical entry yet","true","1","Brief Commentary on Kilayim 4:7:1"
"brief-commentary-on-kilayim","Brief Commentary on Kilayim","tok-416607120b6d","סובר","סובר","Unresolved","","No lexical entry yet","true","2","Brief Commentary on Kilayim 2:5:3; Brief Commentary on Kilayim 5:7:1"
"brief-commentary-on-kilayim","Brief Commentary on Kilayim","tok-a81a5c8ab67b","סוברים","סוברימ","Unresolved","","No lexical entry yet","true","2","Brief Commentary on Kilayim 3:16:1; Brief Commentary on Kilayim 4:11:4"
"brief-commentary-on-kilayim","Brief Commentary on Kilayim","tok-ed9351e30f9e","סוס","סוס","Unresolved","","No lexical entry yet","true","4","Brief Commentary on Kilayim 5:3:1; Brief Commentary on Kilayim 5:5:3"
"brief-commentary-on-kilayim","Brief Commentary on Kilayim","tok-cb1aca7f974b","סוסה","סוסה","Unresolved","","No lexical entry yet","true","2","Brief Commentary on Kilayim 5:5:3"
"brief-commentary-on-kilayim","Brief Commentary on Kilayim","tok-ba275383d741","סורק","סורק","Unresolved","","No lexical entry yet","true","1","Brief Commentary on Kilayim 5:21:1"
"brief-commentary-on-kilayim","Brief Commentary on Kilayim","tok-e4852a600e60","סיגנון","סיגנונ","Unresolved","","No lexical entry yet","true","1","Brief Commentary on Kilayim 2:10:2"
"brief-commentary-on-kilayim","Brief Commentary on Kilayim","tok-ef0813ba035e","סלע","סלע","Unresolved","","No lexical entry yet","true","1","Brief Commentary on Kilayim 4:11:3"
"brief-commentary-on-kilayim","Brief Commentary on Kilayim","tok-ce89b4420322","סמיכות","סמיכות","Unresolved","","No lexical entry yet","true","1","Brief Commentary on Kilayim 2:4:2"
"brief-commentary-on-kilayim","Brief Commentary on Kilayim","tok-be2d8fc84b7a","סרוקה","סרוקה","Unresolved","","No lexical entry yet","true","1","Brief Commentary on Kilayim 5:22:1"
"brief-commentary-on-kilayim","Brief Commentary on Kilayim","tok-3e9908613b56","סריגות","סריגות","Unresolved","","No lexical entry yet","true","1","Brief Commentary on Kilayim 4:4:1"
"brief-commentary-on-kilayim","Brief Commentary on Kilayim","tok-50d415ce6d9d","סרק","סרק","Unresolved","","No lexical entry yet","true","2","Brief Commentary on Kilayim 4:7:3; Brief Commentary on Kilayim 5:22:1"
"brief-commentary-on-kilayim","Brief Commentary on Kilayim","tok-168b265778b3","ע״ג","ע״ג","Unresolved","","No lexical entry yet","true","1","Brief Commentary on Kilayim 1:14:1"
"brief-commentary-on-kilayim","Brief Commentary on Kilayim","tok-9c34966e8528","עבודתה","עבודתה","Unresolved","","No lexical entry yet","true","1","Brief Commentary on Kilayim 3:10:1"
"brief-commentary-on-kilayim","Brief Commentary on Kilayim","tok-6d41ada7f163","עגול","עגול","Unresolved","","No lexical entry yet","true","2","Brief Commentary on Kilayim 3:5:2"
"brief-commentary-on-kilayim","Brief Commentary on Kilayim","tok-b7a5c1f489c7","עובש","עובש","Unresolved","","No lexical entry yet","true","1","Brief Commentary on Kilayim 2:15:1"
"brief-commentary-on-kilayim","Brief Commentary on Kilayim","tok-1952f718da01","עוגס","עוגס","Unresolved","","No lexical entry yet","true","1","Brief Commentary on Kilayim 2:15:1"
"brief-commentary-on-kilayim","Brief Commentary on Kilayim","tok-58ef5efcac14","עומקה","עומקה","Unresolved","","No lexical entry yet","true","1","Brief Commentary on Kilayim 2:4:2"
"brief-commentary-on-kilayim","Brief Commentary on Kilayim","tok-fa2ae140581c","עוקרין","עוקרינ","Unresolved","","No lexical entry yet","true","2","Brief Commentary on Kilayim 2:16:3"
"brief-commentary-on-kilayim","Brief Commentary on Kilayim","tok-9addeed9d084","עיט","עיט","Unresolved","","No lexical entry yet","true","1","Brief Commentary on Kilayim 5:20:1"
"brief-commentary-on-kilayim","Brief Commentary on Kilayim","tok-16d42fbbe950","עיי״ש","עיי״ש","Unresolved","","No lexical entry yet","true","1","Brief Commentary on Kilayim 5:26:2"
"brief-commentary-on-kilayim","Brief Commentary on Kilayim","tok-105c9b2e73e2","עיין","עיינ","Unresolved","","No lexical entry yet","true","54","Brief Commentary on Kilayim 1:2:1; Brief Commentary on Kilayim 1:5:1; Brief Commentary on Kilayim 1:13:1; Brief Commentary on Kilayim 1:16:2; Brief Commentary on Kilayim 1:16:6"
"brief-commentary-on-kilayim","Brief Commentary on Kilayim","tok-ee20ec9eebb7","עיירות","עיירות","Unresolved","","No lexical entry yet","true","1","Brief Commentary on Kilayim 2:16:5"
"brief-commentary-on-kilayim","Brief Commentary on Kilayim","tok-2e7df08c4e23","עלו","עלו","Unresolved","","No lexical entry yet","true","1","Brief Commentary on Kilayim 5:1:1"
"brief-commentary-on-kilayim","Brief Commentary on Kilayim","tok-bbee9acdc197","עמ׳","עמ׳","Unresolved","","No lexical entry yet","true","1","Brief Commentary on Kilayim 1:17:2"
"brief-commentary-on-kilayim","Brief Commentary on Kilayim","tok-13869aec094d","עסיקינן","עסיקיננ","Unresolved","","No lexical entry yet","true","2","Brief Commentary on Kilayim 2:16:1; Brief Commentary on Kilayim 2:16:5"
"brief-commentary-on-kilayim","Brief Commentary on Kilayim","tok-29844f4bed41","עקור","עקור","Unresolved","","No lexical entry yet","true","1","Brief Commentary on Kilayim 1:19:4"
"brief-commentary-on-kilayim","Brief Commentary on Kilayim","tok-37e75470b3d2","עקיבה","עקיבה","Unresolved","","No lexical entry yet","true","1","Brief Commentary on Kilayim 2:12:1"
"brief-commentary-on-kilayim","Brief Commentary on Kilayim","tok-1bd4d5ab00fd","עקר","עקר","Unresolved","","No lexical entry yet","true","1","Brief Commentary on Kilayim 5:2:1"
"brief-commentary-on-kilayim","Brief Commentary on Kilayim","tok-a31dbd438c72","עקרם","עקרמ","Unresolved","","No lexical entry yet","true","1","Brief Commentary on Kilayim 3:12:1"
"brief-commentary-on-kilayim","Brief Commentary on Kilayim","tok-56a0bd7e53e6","ערבוביא","ערבוביא","Unresolved","","No lexical entry yet","true","2","Brief Commentary on Kilayim 2:1:4; Brief Commentary on Kilayim 2:7:1"
"brief-commentary-on-kilayim","Brief Commentary on Kilayim","tok-55498fa5caaf","ערוגה","ערוגה","Unresolved","","No lexical entry yet","true","2","Brief Commentary on Kilayim 2:7:1; Brief Commentary on Kilayim 2:8:1"
"brief-commentary-on-kilayim","Brief Commentary on Kilayim","tok-40125ad5745e","עריס","עריס","Unresolved","","No lexical entry yet","true","4","Brief Commentary on Kilayim 3:5:1; Brief Commentary on Kilayim 4:4:1; Brief Commentary on Kilayim 4:8:1; Brief Commentary on Kilayim 4:8:3"
"brief-commentary-on-kilayim","Brief Commentary on Kilayim","tok-045b94e47883","עריסים","עריסימ","Unresolved","","No lexical entry yet","true","1","Brief Commentary on Kilayim 4:8:3"
"brief-commentary-on-kilayim","Brief Commentary on Kilayim","tok-bc741f63332e","ערס","ערס","Unresolved","","No lexical entry yet","true","1","Brief Commentary on Kilayim 3:5:1"
"brief-commentary-on-kilayim","Brief Commentary on Kilayim","tok-5845f85e58d4","עשאוהו","עשאוהו","Unresolved","","No lexical entry yet","true","1","Brief Commentary on Kilayim 3:11:2"
"brief-commentary-on-kilayim","Brief Commentary on Kilayim","tok-6f1ed8fc44b3","עשב","עשב","Unresolved","","No lexical entry yet","true","2","Brief Commentary on Kilayim 4:10:6"
"brief-commentary-on-kilayim","Brief Commentary on Kilayim","tok-8b66c3c35c95","עשבים","עשבימ","Unresolved","","No lexical entry yet","true","2","Brief Commentary on Kilayim 1:19:1"
"brief-commentary-on-kilayim","Brief Commentary on Kilayim","tok-aa2c667c92cc","עשויים","עשויימ","Unresolved","","No lexical entry yet","true","1","Brief Commentary on Kilayim 4:5:1"
"brief-commentary-on-kilayim","Brief Commentary on Kilayim","tok-f8520d5563cf","פ״א","פ״א","Unresolved","","No lexical entry yet","true","4","Brief Commentary on Kilayim 1:1:1; Brief Commentary on Kilayim 1:2:1; Brief Commentary on Kilayim 2:15:2; Brief Commentary on Kilayim 3:16:1"
"brief-commentary-on-kilayim","Brief Commentary on Kilayim","tok-ab32593954ff","פ״ב","פ״ב","Unresolved","","No lexical entry yet","true","4","Brief Commentary on Kilayim 1:19:4; Brief Commentary on Kilayim 2:6:3; Brief Commentary on Kilayim 3:12:1; Brief Commentary on Kilayim 4:10:4"
"brief-commentary-on-kilayim","Brief Commentary on Kilayim","tok-5ddaef931c75","פ״ג","פ״ג","Unresolved","","No lexical entry yet","true","3","Brief Commentary on Kilayim 2:12:1; Brief Commentary on Kilayim 2:16:6; Brief Commentary on Kilayim 4:4:1"
"brief-commentary-on-kilayim","Brief Commentary on Kilayim","tok-e0afde61163e","פ״ד","פ״ד","Unresolved","","No lexical entry yet","true","1","Brief Commentary on Kilayim 3:1:4"
"brief-commentary-on-kilayim","Brief Commentary on Kilayim","tok-6e76006db303","פ״ו","פ״ו","Unresolved","","No lexical entry yet","true","1","Brief Commentary on Kilayim 2:10:2"
"brief-commentary-on-kilayim","Brief Commentary on Kilayim","tok-869afdce15fe","פ״ט","פ״ט","Unresolved","","No lexical entry yet","true","1","Brief Commentary on Kilayim 2:5:2"
"brief-commentary-on-kilayim","Brief Commentary on Kilayim","tok-0cac26a17241","פגומים","פגומימ","Unresolved","","No lexical entry yet","true","1","Brief Commentary on Kilayim 2:7:2"
"brief-commentary-on-kilayim","Brief Commentary on Kilayim","tok-e1a24afab9f7","פוחת","פוחת","Unresolved","","No lexical entry yet","true","1","Brief Commentary on Kilayim 1:16:1"
"brief-commentary-on-kilayim","Brief Commentary on Kilayim","tok-da04260a6415","פול","פול","Unresolved","","No lexical entry yet","true","1","Brief Commentary on Kilayim 2:11:1"
"brief-commentary-on-kilayim","Brief Commentary on Kilayim","tok-9be239759c7c","פטור","פטור","Unresolved","","No lexical entry yet","true","1","Brief Commentary on Kilayim 1:14:2"
"brief-commentary-on-kilayim","Brief Commentary on Kilayim","tok-95a03cf92df7","פיאה","פיאה","Unresolved","","No lexical entry yet","true","4","Brief Commentary on Kilayim 4:5:1; Brief Commentary on Kilayim 4:5:2; Brief Commentary on Kilayim 4:10:6"
"brief-commentary-on-kilayim","Brief Commentary on Kilayim","tok-f6c7dbc7c95e","פיה״מ","פיה״מ","Unresolved","","No lexical entry yet","true","1","Brief Commentary on Kilayim 2:1:1"
"brief-commentary-on-kilayim","Brief Commentary on Kilayim","tok-f7e39289432f","פיסקא","פיסקא","Unresolved","","No lexical entry yet","true","3","Brief Commentary on Kilayim 1:2:1; Brief Commentary on Kilayim 1:14:2; Brief Commentary on Kilayim 5:12:1"
"brief-commentary-on-kilayim","Brief Commentary on Kilayim","tok-efeb03f95ffe","פירושו","פירושו","Unresolved","","No lexical entry yet","true","3","Brief Commentary on Kilayim 4:4:2; Brief Commentary on Kilayim 5:20:1; Brief Commentary on Kilayim 5:26:3"
"brief-commentary-on-kilayim","Brief Commentary on Kilayim","tok-2280a1e9f153","פירצה","פירצה","Unresolved","","No lexical entry yet","true","1","Brief Commentary on Kilayim 4:6:1"
"brief-commentary-on-kilayim","Brief Commentary on Kilayim","tok-e31dfef2da62","פירש","פירש","Unresolved","","No lexical entry yet","true","2","Brief Commentary on Kilayim 2:16:1; Brief Commentary on Kilayim 5:6:1"
"brief-commentary-on-kilayim","Brief Commentary on Kilayim","tok-a93fa2c5b290","פסולים","פסולימ","Unresolved","","No lexical entry yet","true","1","Brief Commentary on Kilayim 5:3:2"
"brief-commentary-on-kilayim","Brief Commentary on Kilayim","tok-d4a2ee8cb91a","פרד","פרד","Unresolved","","No lexical entry yet","true","1","Brief Commentary on Kilayim 1:8:1"
"brief-commentary-on-kilayim","Brief Commentary on Kilayim","tok-3f3c2c956c32","פרדה","פרדה","Unresolved","","No lexical entry yet","true","1","Brief Commentary on Kilayim 1:8:1"
"brief-commentary-on-kilayim","Brief Commentary on Kilayim","tok-fe4c29e23c91","פשטה","פשטה","Unresolved","","No lexical entry yet","true","1","Brief Commentary on Kilayim 4:7:2"
"brief-commentary-on-kilayim","Brief Commentary on Kilayim","tok-5b90d3102b2b","פשתן","פשתנ","Unresolved","","No lexical entry yet","true","2","Brief Commentary on Kilayim 5:19:3; Brief Commentary on Kilayim 5:22:1"
"brief-commentary-on-kilayim","Brief Commentary on Kilayim","tok-e831555df250","פתיח","פתיח","Unresolved","","No lexical entry yet","true","2","Brief Commentary on Kilayim 1:17:2; Brief Commentary on Kilayim 2:13:6"
"brief-commentary-on-kilayim","Brief Commentary on Kilayim","tok-29a68f38e6c9","צ״ל","צ״ל","Unresolved","","No lexical entry yet","true","27","Brief Commentary on Kilayim 1:3:1; Brief Commentary on Kilayim 1:5:1; Brief Commentary on Kilayim 1:15:1; Brief Commentary on Kilayim 2:1:3; Brief Commentary on Kilayim 2:3:1"
"brief-commentary-on-kilayim","Brief Commentary on Kilayim","tok-e1833b2d5714","צוקרמנדל","צוקרמנדל","Unresolved","","No lexical entry yet","true","1","Brief Commentary on Kilayim 3:15:1"
"brief-commentary-on-kilayim","Brief Commentary on Kilayim","tok-d7a03a69eec3","צמר","צמר","Unresolved","","No lexical entry yet","true","8","Brief Commentary on Kilayim 5:12:1; Brief Commentary on Kilayim 5:12:2; Brief Commentary on Kilayim 5:19:3; Brief Commentary on Kilayim 5:23:1; Brief Commentary on Kilayim 5:24:1"
"brief-commentary-on-kilayim","Brief Commentary on Kilayim","tok-9a689001e188","ק״ט","ק״ט","Unresolved","","No lexical entry yet","true","1","Brief Commentary on Kilayim 5:6:1"
"brief-commentary-on-kilayim","Brief Commentary on Kilayim","tok-6232ca057075","קב","קב","Unresolved","","No lexical entry yet","true","3","Brief Commentary on Kilayim 1:16:2; Brief Commentary on Kilayim 1:16:3"
"brief-commentary-on-kilayim","Brief Commentary on Kilayim","tok-f4c657653efe","קבורה","קבורה","Unresolved","","No lexical entry yet","true","1","Brief Commentary on Kilayim 4:11:4"
"brief-commentary-on-kilayim","Brief Commentary on Kilayim","tok-0f0283263c4a","קבים","קבימ","Unresolved","","No lexical entry yet","true","2","Brief Commentary on Kilayim 1:16:2"
"brief-commentary-on-kilayim","Brief Commentary on Kilayim","tok-8944c5483f42","קבר","קבר","Unresolved","","No lexical entry yet","true","1","Brief Commentary on Kilayim 2:16:1"
"brief-commentary-on-kilayim","Brief Commentary on Kilayim","tok-4755805242bd","קברות","קברות","Unresolved","","No lexical entry yet","true","1","Brief Commentary on Kilayim 2:16:1"
"brief-commentary-on-kilayim","Brief Commentary on Kilayim","tok-76d61e44cbd7","קטועה","קטועה","Unresolved","","No lexical entry yet","true","1","Brief Commentary on Kilayim 5:12:1"
"brief-commentary-on-kilayim","Brief Commentary on Kilayim","tok-a4553637e8cb","קיצור","קיצור","Unresolved","","No lexical entry yet","true","1","Brief Commentary on Kilayim 3:1:4"
"brief-commentary-on-kilayim","Brief Commentary on Kilayim","tok-809bbdd57d47","קלח","קלח","Unresolved","","No lexical entry yet","true","2","Brief Commentary on Kilayim 2:7:3"
"brief-commentary-on-kilayim","Brief Commentary on Kilayim","tok-4aa503c1ec73","קלע","קלע","Unresolved","","No lexical entry yet","true","1","Brief Commentary on Kilayim 5:26:5"
"brief-commentary-on-kilayim","Brief Commentary on Kilayim","tok-78993400b860","קניין","קניינ","Unresolved","","No lexical entry yet","true","1","Brief Commentary on Kilayim 2:16:4"
"brief-commentary-on-kilayim","Brief Commentary on Kilayim","tok-d512b0088cba","קצב","קצב","Unresolved","","No lexical entry yet","true","1","Brief Commentary on Kilayim 2:12:1"
"brief-commentary-on-kilayim","Brief Commentary on Kilayim","tok-1c4a4d31f7cc","קרו","קרו","Unresolved","","No lexical entry yet","true","1","Brief Commentary on Kilayim 4:5:2"
"brief-commentary-on-kilayim","Brief Commentary on Kilayim","tok-ce4dddeed15b","קרחת","קרחת","Unresolved","","No lexical entry yet","true","5","Brief Commentary on Kilayim 2:6:3; Brief Commentary on Kilayim 3:1:1; Brief Commentary on Kilayim 3:1:3"
"brief-commentary-on-kilayim","Brief Commentary on Kilayim","tok-5c1363db9cf4","קשים","קשימ","Unresolved","","No lexical entry yet","true","1","Brief Commentary on Kilayim 1:19:1"
"brief-commentary-on-kilayim","Brief Commentary on Kilayim","tok-44b3e5e0b0f4","קשרם","קשרמ","Unresolved","","No lexical entry yet","true","1","Brief Commentary on Kilayim 5:20:2"
"brief-commentary-on-kilayim","Brief Commentary on Kilayim","tok-4d556abfe74e","ר״מ","ר״מ","Unresolved","","No lexical entry yet","true","2","Brief Commentary on Kilayim 5:4:5; Brief Commentary on Kilayim 5:5:1"
"brief-commentary-on-kilayim","Brief Commentary on Kilayim","tok-327704662c25","ר״ע","ר״ע","Unresolved","","No lexical entry yet","true","1","Brief Commentary on Kilayim 1:2:1"
"brief-commentary-on-kilayim","Brief Commentary on Kilayim","tok-abd2bbe5b839","ראויים","ראויימ","Unresolved","","No lexical entry yet","true","1","Brief Commentary on Kilayim 5:27:1"
"brief-commentary-on-kilayim","Brief Commentary on Kilayim","tok-647a2a5d1ca6","ראשונה","ראשונה","Unresolved","","No lexical entry yet","true","1","Brief Commentary on Kilayim 2:13:6"
"brief-commentary-on-kilayim","Brief Commentary on Kilayim","tok-a2f8efb7291d","ראשי","ראשי","Unresolved","","No lexical entry yet","true","1","Brief Commentary on Kilayim 5:20:2"
"brief-commentary-on-kilayim","Brief Commentary on Kilayim","tok-a0dbb967b319","ראשיו","ראשיו","Unresolved","","No lexical entry yet","true","1","Brief Commentary on Kilayim 5:20:2"
"brief-commentary-on-kilayim","Brief Commentary on Kilayim","tok-766de75b7144","רגיל","רגיל","Unresolved","","No lexical entry yet","true","1","Brief Commentary on Kilayim 3:11:1"
"brief-commentary-on-kilayim","Brief Commentary on Kilayim","tok-c7b2626de8f3","רובע","רובע","Unresolved","","No lexical entry yet","true","6","Brief Commentary on Kilayim 1:16:1; Brief Commentary on Kilayim 2:6:3"
"brief-commentary-on-kilayim","Brief Commentary on Kilayim","tok-d6811010e605","רוחבם","רוחבמ","Unresolved","","No lexical entry yet","true","1","Brief Commentary on Kilayim 2:1:3"
"brief-commentary-on-kilayim","Brief Commentary on Kilayim","tok-afa9d8d9b35e","רחבו","רחבו","Unresolved","","No lexical entry yet","true","1","Brief Commentary on Kilayim 2:1:3"
"brief-commentary-on-kilayim","Brief Commentary on Kilayim","tok-806e5dee6408","רחבן","רחבנ","Unresolved","","No lexical entry yet","true","1","Brief Commentary on Kilayim 2:1:3"
"brief-commentary-on-kilayim","Brief Commentary on Kilayim","tok-aba8d6a22868","רחלים","רחלימ","Unresolved","","No lexical entry yet","true","2","Brief Commentary on Kilayim 5:12:1"
"brief-commentary-on-kilayim","Brief Commentary on Kilayim","tok-8c991abbf5fb","ריבתה","ריבתה","Unresolved","","No lexical entry yet","true","1","Brief Commentary on Kilayim 4:13:3"
"brief-commentary-on-kilayim","Brief Commentary on Kilayim","tok-a99c65d45c45","ריוח","ריוח","Unresolved","","No lexical entry yet","true","1","Brief Commentary on Kilayim 4:5:3"
"brief-commentary-on-kilayim","Brief Commentary on Kilayim","tok-0d78fa5b1690","ריפין","ריפינ","Unresolved","","No lexical entry yet","true","1","Brief Commentary on Kilayim 4:4:1"
"brief-commentary-on-kilayim","Brief Commentary on Kilayim","tok-ba46f827226e","רפ״ג","רפ״ג","Unresolved","","No lexical entry yet","true","1","Brief Commentary on Kilayim 2:1:1"
"brief-commentary-on-kilayim","Brief Commentary on Kilayim","tok-0d565e374d0e","רפ״ד","רפ״ד","Unresolved","","No lexical entry yet","true","1","Brief Commentary on Kilayim 3:1:1"
"brief-commentary-on-kilayim","Brief Commentary on Kilayim","tok-ed1ee7a5b296","רפ״ה","רפ״ה","Unresolved","","No lexical entry yet","true","1","Brief Commentary on Kilayim 3:3:3"
"brief-commentary-on-kilayim","Brief Commentary on Kilayim","tok-de16ac5a9cc8","רפ״ט","רפ״ט","Unresolved","","No lexical entry yet","true","1","Brief Commentary on Kilayim 5:12:1"
"brief-commentary-on-kilayim","Brief Commentary on Kilayim","tok-aa4a5a3d160b","רפפות","רפפות","Unresolved","","No lexical entry yet","true","1","Brief Commentary on Kilayim 4:4:1"
"brief-commentary-on-kilayim","Brief Commentary on Kilayim","tok-2974864add7a","רצה","רצה","Unresolved","","No lexical entry yet","true","1","Brief Commentary on Kilayim 2:13:4"
"brief-commentary-on-kilayim","Brief Commentary on Kilayim","tok-465d86d7bd78","רצועת","רצועת","Unresolved","","No lexical entry yet","true","1","Brief Commentary on Kilayim 5:22:1"
"brief-commentary-on-kilayim","Brief Commentary on Kilayim","tok-ee35819b2595","ש״אפילו""","ש״אפילו""","Unresolved","","No lexical entry yet","true","1","Brief Commentary on Kilayim 4:10:7"
"brief-commentary-on-kilayim","Brief Commentary on Kilayim","tok-dd1914c6c407","שאביהם","שאביהמ","Unresolved","","No lexical entry yet","true","2","Brief Commentary on Kilayim 5:5:3"
"brief-commentary-on-kilayim","Brief Commentary on Kilayim","tok-36ab8b79d248","שאמותיהן","שאמותיהנ","Unresolved","","No lexical entry yet","true","1","Brief Commentary on Kilayim 1:8:1"
"brief-commentary-on-kilayim","Brief Commentary on Kilayim","tok-4c8c48814212","שאמרו","שאמרו","Unresolved","","No lexical entry yet","true","1","Brief Commentary on Kilayim 1:19:4"
"brief-commentary-on-kilayim","Brief Commentary on Kilayim","tok-dbe58911d792","שאסור","שאסור","Unresolved","","No lexical entry yet","true","2","Brief Commentary on Kilayim 4:13:1; Brief Commentary on Kilayim 5:5:1"
"brief-commentary-on-kilayim","Brief Commentary on Kilayim","tok-60fa5ef0b51a","שביעית","שביעית","Unresolved","","No lexical entry yet","true","1","Brief Commentary on Kilayim 4:10:4"
"brief-commentary-on-kilayim","Brief Commentary on Kilayim","tok-25e2da1f9713","שבכגון","שבכגונ","Unresolved","","No lexical entry yet","true","1","Brief Commentary on Kilayim 2:5:4"
"brief-commentary-on-kilayim","Brief Commentary on Kilayim","tok-27cf39c5a909","שבכרם","שבכרמ","Unresolved","","No lexical entry yet","true","1","Brief Commentary on Kilayim 4:10:6"
"brief-commentary-on-kilayim","Brief Commentary on Kilayim","tok-24a2ef79e627","שבנטיעה","שבנטיעה","Unresolved","","No lexical entry yet","true","1","Brief Commentary on Kilayim 3:11:2"
"brief-commentary-on-kilayim","Brief Commentary on Kilayim","tok-ad40ff6bc342","שבע","שבע","Unresolved","","No lexical entry yet","true","2","Brief Commentary on Kilayim 3:11:1"
"brief-commentary-on-kilayim","Brief Commentary on Kilayim","tok-1bbef5467eb2","שבקרנות","שבקרנות","Unresolved","","No lexical entry yet","true","1","Brief Commentary on Kilayim 3:11:1"
"brief-commentary-on-kilayim","Brief Commentary on Kilayim","tok-da16304c4c83","שבשמים","שבשמימ","Unresolved","","No lexical entry yet","true","1","Brief Commentary on Kilayim 5:21:2"
"brief-commentary-on-kilayim","Brief Commentary on Kilayim","tok-eb41427315e3","שבשני","שבשני","Unresolved","","No lexical entry yet","true","1","Brief Commentary on Kilayim 3:1:3"
"brief-commentary-on-kilayim","Brief Commentary on Kilayim","tok-1401d7af9601","שבתבואה","שבתבואה","Unresolved","","No lexical entry yet","true","1","Brief Commentary on Kilayim 4:10:3"
"brief-commentary-on-kilayim","Brief Commentary on Kilayim","tok-d13fdfaad09f","שגורם","שגורמ","Unresolved","","No lexical entry yet","true","1","Brief Commentary on Kilayim 5:21:2"
"brief-commentary-on-kilayim","Brief Commentary on Kilayim","tok-d19578605f9e","שגרעין","שגרעינ","Unresolved","","No lexical entry yet","true","1","Brief Commentary on Kilayim 1:13:1"
"brief-commentary-on-kilayim","Brief Commentary on Kilayim","tok-452f10bf4fc7","שדהו","שדהו","Unresolved","","No lexical entry yet","true","2","Brief Commentary on Kilayim 2:6:3; Brief Commentary on Kilayim 2:16:1"
"brief-commentary-on-kilayim","Brief Commentary on Kilayim","tok-581a91b1cc8f","שדות","שדות","Unresolved","","No lexical entry yet","true","3","Brief Commentary on Kilayim 2:1:4; Brief Commentary on Kilayim 2:3:1"
"brief-commentary-on-kilayim","Brief Commentary on Kilayim","tok-df28bc2dce64","שדך","שדכ","Unresolved","","No lexical entry yet","true","1","Brief Commentary on Kilayim 4:10:3"
"brief-commentary-on-kilayim","Brief Commentary on Kilayim","tok-9a46554d674b","שדרכם","שדרכמ","Unresolved","","No lexical entry yet","true","1","Brief Commentary on Kilayim 4:10:7"
"brief-commentary-on-kilayim","Brief Commentary on Kilayim","tok-6aa26afd0e6d","שהאימרא","שהאימרא","Unresolved","","No lexical entry yet","true","1","Brief Commentary on Kilayim 5:24:2"
"brief-commentary-on-kilayim","Brief Commentary on Kilayim","tok-56acaa58c3d8","שהגיהו","שהגיהו","Unresolved","","No lexical entry yet","true","1","Brief Commentary on Kilayim 2:8:2"
"brief-commentary-on-kilayim","Brief Commentary on Kilayim","tok-56256ccbd210","שהדלה","שהדלה","Unresolved","","No lexical entry yet","true","1","Brief Commentary on Kilayim 4:4:1"
"brief-commentary-on-kilayim","Brief Commentary on Kilayim","tok-a3ff26e5ed70","שהו","שהו","Unresolved","","No lexical entry yet","true","1","Brief Commentary on Kilayim 4:11:2"
"brief-commentary-on-kilayim","Brief Commentary on Kilayim","tok-3ba706d2c181","שהזרעים","שהזרעימ","Unresolved","","No lexical entry yet","true","1","Brief Commentary on Kilayim 3:3:1"
"brief-commentary-on-kilayim","Brief Commentary on Kilayim","tok-553cb85ea0b0","שהחזיקו","שהחזיקו","Unresolved","","No lexical entry yet","true","1","Brief Commentary on Kilayim 4:13:1"
"brief-commentary-on-kilayim","Brief Commentary on Kilayim","tok-9adf5d7936f3","שהכלאים","שהכלאימ","Unresolved","","No lexical entry yet","true","1","Brief Commentary on Kilayim 2:16:6"
"brief-commentary-on-kilayim","Brief Commentary on Kilayim","tok-e9d6b79b8536","שהמרדעת","שהמרדעת","Unresolved","","No lexical entry yet","true","1","Brief Commentary on Kilayim 5:18:1"
"brief-commentary-on-kilayim","Brief Commentary on Kilayim","tok-6eb045cbe1b1","שהנוף","שהנופ","Unresolved","","No lexical entry yet","true","1","Brief Commentary on Kilayim 2:5:6"
"brief-commentary-on-kilayim","Brief Commentary on Kilayim","tok-1a5d2b612fb9","שהפיאה","שהפיאה","Unresolved","","No lexical entry yet","true","1","Brief Commentary on Kilayim 4:5:3"
"brief-commentary-on-kilayim","Brief Commentary on Kilayim","tok-2a864aea0dcc","שהפרוץ","שהפרוצ","Unresolved","","No lexical entry yet","true","1","Brief Commentary on Kilayim 4:6:1"
"brief-commentary-on-kilayim","Brief Commentary on Kilayim","tok-f89f2b7be542","שהשורות","שהשורות","Unresolved","","No lexical entry yet","true","1","Brief Commentary on Kilayim 2:6:1"
"brief-commentary-on-kilayim","Brief Commentary on Kilayim","tok-b02dad838162","שו׳","שו׳","Unresolved","","No lexical entry yet","true","22","Brief Commentary on Kilayim 1:17:1; Brief Commentary on Kilayim 1:17:2; Brief Commentary on Kilayim 2:2:1; Brief Commentary on Kilayim 2:5:2; Brief Commentary on Kilayim 2:6:2"
"brief-commentary-on-kilayim","Brief Commentary on Kilayim","tok-c40006429199","שו״ת","שו״ת","Unresolved","","No lexical entry yet","true","1","Brief Commentary on Kilayim 5:6:1"
"brief-commentary-on-kilayim","Brief Commentary on Kilayim","tok-435fef0462b2","שואל","שואל","Unresolved","","No lexical entry yet","true","1","Brief Commentary on Kilayim 5:6:1"
"brief-commentary-on-kilayim","Brief Commentary on Kilayim","tok-db29084122c8","שוות","שוות","Unresolved","","No lexical entry yet","true","1","Brief Commentary on Kilayim 1:8:1"
"brief-commentary-on-kilayim","Brief Commentary on Kilayim","tok-5c4268112736","שורות","שורות","Unresolved","","No lexical entry yet","true","5","Brief Commentary on Kilayim 2:3:1; Brief Commentary on Kilayim 2:12:1; Brief Commentary on Kilayim 3:11:1"
"brief-commentary-on-kilayim","Brief Commentary on Kilayim","tok-c4ba27a12090","שורשי","שורשי","Unresolved","","No lexical entry yet","true","1","Brief Commentary on Kilayim 2:5:5"
"brief-commentary-on-kilayim","Brief Commentary on Kilayim","tok-0a377699ab7c","שזה","שזה","Unresolved","","No lexical entry yet","true","1","Brief Commentary on Kilayim 5:4:3"
"brief-commentary-on-kilayim","Brief Commentary on Kilayim","tok-9181c595f0b8","שזו","שזו","Unresolved","","No lexical entry yet","true","1","Brief Commentary on Kilayim 5:6:1"
"brief-commentary-on-kilayim","Brief Commentary on Kilayim","tok-29aa2f19d310","שחור","שחור","Unresolved","","No lexical entry yet","true","1","Brief Commentary on Kilayim 5:24:1"
"brief-commentary-on-kilayim","Brief Commentary on Kilayim","tok-cd409a444b19","שחייב","שחייב","Unresolved","","No lexical entry yet","true","1","Brief Commentary on Kilayim 3:17:1"
"brief-commentary-on-kilayim","Brief Commentary on Kilayim","tok-1685df15c69b","שטח","שטח","Unresolved","","No lexical entry yet","true","1","Brief Commentary on Kilayim 2:1:1"
"brief-commentary-on-kilayim","Brief Commentary on Kilayim","tok-ac19600714a9","שטענז","שטענז","Unresolved","","No lexical entry yet","true","1","Brief Commentary on Kilayim 5:21:2"
"brief-commentary-on-kilayim","Brief Commentary on Kilayim","tok-0a5f0b703ac3","שטרפן","שטרפנ","Unresolved","","No lexical entry yet","true","2","Brief Commentary on Kilayim 5:12:1; Brief Commentary on Kilayim 5:12:2"
"brief-commentary-on-kilayim","Brief Commentary on Kilayim","tok-fe6a2d951208","שיגעו","שיגעו","Unresolved","","No lexical entry yet","true","1","Brief Commentary on Kilayim 2:5:1"
"brief-commentary-on-kilayim","Brief Commentary on Kilayim","tok-f2601e97c088","שיהא","שיהא","Unresolved","","No lexical entry yet","true","1","Brief Commentary on Kilayim 2:10:2"
"brief-commentary-on-kilayim","Brief Commentary on Kilayim","tok-8b527d9a546e","שיהו","שיהו","Unresolved","","No lexical entry yet","true","1","Brief Commentary on Kilayim 2:1:2"
"brief-commentary-on-kilayim","Brief Commentary on Kilayim","tok-5c31c77961b6","שיחשבו","שיחשבו","Unresolved","","No lexical entry yet","true","1","Brief Commentary on Kilayim 5:24:2"
"brief-commentary-on-kilayim","Brief Commentary on Kilayim","tok-991c448459bb","שייפך","שייפכ","Unresolved","","No lexical entry yet","true","1","Brief Commentary on Kilayim 1:16:6"
"brief-commentary-on-kilayim","Brief Commentary on Kilayim","tok-bd64ef6486da","שילדה","שילדה","Unresolved","","No lexical entry yet","true","1","Brief Commentary on Kilayim 5:3:1"
"brief-commentary-on-kilayim","Brief Commentary on Kilayim","tok-0ed942490c70","שיניחנו","שיניחנו","Unresolved","","No lexical entry yet","true","1","Brief Commentary on Kilayim 4:13:2"
"brief-commentary-on-kilayim","Brief Commentary on Kilayim","tok-9b919d07c235","שירחיקן","שירחיקנ","Unresolved","","No lexical entry yet","true","1","Brief Commentary on Kilayim 4:1:1"
"brief-commentary-on-kilayim","Brief Commentary on Kilayim","tok-4e65666ed892","שכפף","שכפפ","Unresolved","","No lexical entry yet","true","1","Brief Commentary on Kilayim 4:11:1"
"brief-commentary-on-kilayim","Brief Commentary on Kilayim","tok-c079af404239","שכרם","שכרמ","Unresolved","","No lexical entry yet","true","1","Brief Commentary on Kilayim 3:11:3"
"brief-commentary-on-kilayim","Brief Commentary on Kilayim","tok-f1109ee22e0b","שכשות","שכשות","Unresolved","","No lexical entry yet","true","1","Brief Commentary on Kilayim 3:16:1"
"brief-commentary-on-kilayim","Brief Commentary on Kilayim","tok-c6ae2db2084e","שלהלן","שלהלנ","Unresolved","","No lexical entry yet","true","1","Brief Commentary on Kilayim 2:8:1"
"brief-commentary-on-kilayim","Brief Commentary on Kilayim","tok-81c7ece8f2f4","שלחומרא","שלחומרא","Unresolved","","No lexical entry yet","true","1","Brief Commentary on Kilayim 3:17:1"
"brief-commentary-on-kilayim","Brief Commentary on Kilayim","tok-528d25604f6a","שלעיל","שלעיל","Unresolved","","No lexical entry yet","true","1","Brief Commentary on Kilayim 1:17:1"
"brief-commentary-on-kilayim","Brief Commentary on Kilayim","tok-6b13074dea80","שלש","שלש","Unresolved","","No lexical entry yet","true","3","Brief Commentary on Kilayim 3:5:3; Brief Commentary on Kilayim 3:11:1"
"brief-commentary-on-kilayim","Brief Commentary on Kilayim","tok-8ed107a8866f","שמונה","שמונה","Unresolved","","No lexical entry yet","true","1","Brief Commentary on Kilayim 3:5:1"
"brief-commentary-on-kilayim","Brief Commentary on Kilayim","tok-ecc3881f1254","שמחפה","שמחפה","Unresolved","","No lexical entry yet","true","1","Brief Commentary on Kilayim 1:15:1"
"brief-commentary-on-kilayim","Brief Commentary on Kilayim","tok-f88477841f13","שמחפים","שמחפימ","Unresolved","","No lexical entry yet","true","1","Brief Commentary on Kilayim 5:17:1"
"brief-commentary-on-kilayim","Brief Commentary on Kilayim","tok-a5cf426c6adf","שמיליז","שמיליז","Unresolved","","No lexical entry yet","true","1","Brief Commentary on Kilayim 5:21:2"
"brief-commentary-on-kilayim","Brief Commentary on Kilayim","tok-67ab9e36fe00","שמנגבים","שמנגבימ","Unresolved","","No lexical entry yet","true","1","Brief Commentary on Kilayim 5:17:2"
"brief-commentary-on-kilayim","Brief Commentary on Kilayim","tok-dadeb70abfd3","שמנה","שמנה","Unresolved","","No lexical entry yet","true","3","Brief Commentary on Kilayim 3:11:2; Brief Commentary on Kilayim 4:8:2"
"brief-commentary-on-kilayim","Brief Commentary on Kilayim","tok-9a111d917f11","שמנו","שמנו","Unresolved","","No lexical entry yet","true","1","Brief Commentary on Kilayim 1:1:1"
"brief-commentary-on-kilayim","Brief Commentary on Kilayim","tok-233a73488f64","שמסתפגים","שמסתפגימ","Unresolved","","No lexical entry yet","true","1","Brief Commentary on Kilayim 5:16:1"
"brief-commentary-on-kilayim","Brief Commentary on Kilayim","tok-baf4300d3b5b","שמעון","שמעונ","Unresolved","","No lexical entry yet","true","2","Brief Commentary on Kilayim 2:5:3; Brief Commentary on Kilayim 3:11:4"
"brief-commentary-on-kilayim","Brief Commentary on Kilayim","tok-bebc64a3b712","שמקצת","שמקצת","Unresolved","","No lexical entry yet","true","1","Brief Commentary on Kilayim 1:16:9"
"brief-commentary-on-kilayim","Brief Commentary on Kilayim","tok-2cc86c3a04d3","שמשתמש","שמשתמש","Unresolved","","No lexical entry yet","true","1","Brief Commentary on Kilayim 5:8:2"
"brief-commentary-on-kilayim","Brief Commentary on Kilayim","tok-1168ea62e7fc","שמתחת","שמתחת","Unresolved","","No lexical entry yet","true","1","Brief Commentary on Kilayim 3:7:1"
"brief-commentary-on-kilayim","Brief Commentary on Kilayim","tok-4394a8469eb6","שנותנים","שנותנימ","Unresolved","","No lexical entry yet","true","3","Brief Commentary on Kilayim 4:11:5; Brief Commentary on Kilayim 5:19:3; Brief Commentary on Kilayim 5:26:4"
"brief-commentary-on-kilayim","Brief Commentary on Kilayim","tok-f4e5871cdcee","שנזכרה","שנזכרה","Unresolved","","No lexical entry yet","true","1","Brief Commentary on Kilayim 5:6:1"
"brief-commentary-on-kilayim","Brief Commentary on Kilayim","tok-5e90b8a9156e","שנזרע","שנזרע","Unresolved","","No lexical entry yet","true","1","Brief Commentary on Kilayim 1:16:5"
"brief-commentary-on-kilayim","Brief Commentary on Kilayim","tok-7c5854ae5aa6","שנטועה","שנטועה","Unresolved","","No lexical entry yet","true","1","Brief Commentary on Kilayim 3:7:1"
"brief-commentary-on-kilayim","Brief Commentary on Kilayim","tok-df678c87c1fa","שניפרס","שניפרס","Unresolved","","No lexical entry yet","true","1","Brief Commentary on Kilayim 5:14:1"
"brief-commentary-on-kilayim","Brief Commentary on Kilayim","tok-64e2b8185474","שנפל","שנפל","Unresolved","","No lexical entry yet","true","2","Brief Commentary on Kilayim 1:16:5; Brief Commentary on Kilayim 1:17:3"
"brief-commentary-on-kilayim","Brief Commentary on Kilayim","tok-238c2a65a556","שנפלו","שנפלו","Unresolved","","No lexical entry yet","true","1","Brief Commentary on Kilayim 1:16:5"
"brief-commentary-on-kilayim","Brief Commentary on Kilayim","tok-8681ab90646e","שנפרם","שנפרמ","Unresolved","","No lexical entry yet","true","1","Brief Commentary on Kilayim 5:14:1"
"brief-commentary-on-kilayim","Brief Commentary on Kilayim","tok-35fb0006bf5b","שנקרע","שנקרע","Unresolved","","No lexical entry yet","true","1","Brief Commentary on Kilayim 5:14:1"
"brief-commentary-on-kilayim","Brief Commentary on Kilayim","tok-63fceae8066a","שנראה","שנראה","Unresolved","","No lexical entry yet","true","2","Brief Commentary on Kilayim 2:1:4; Brief Commentary on Kilayim 5:3:2"
"brief-commentary-on-kilayim","Brief Commentary on Kilayim","tok-e09fb8e1b08f","שנשתבש","שנשתבש","Unresolved","","No lexical entry yet","true","1","Brief Commentary on Kilayim 3:15:1"
"brief-commentary-on-kilayim","Brief Commentary on Kilayim","tok-f439aa14b585","שעבר","שעבר","Unresolved","","No lexical entry yet","true","1","Brief Commentary on Kilayim 3:12:1"
"brief-commentary-on-kilayim","Brief Commentary on Kilayim","tok-30cc63c4cb5d","שעדיין","שעדיינ","Unresolved","","No lexical entry yet","true","1","Brief Commentary on Kilayim 4:7:2"
"brief-commentary-on-kilayim","Brief Commentary on Kilayim","tok-a850654c9df8","שעוטה","שעוטה","Unresolved","","No lexical entry yet","true","1","Brief Commentary on Kilayim 5:20:1"
"brief-commentary-on-kilayim","Brief Commentary on Kilayim","tok-077ca4253263","שעטלז","שעטלז","Unresolved","","No lexical entry yet","true","1","Brief Commentary on Kilayim 5:21:2"
"brief-commentary-on-kilayim","Brief Commentary on Kilayim","tok-95bfde456844","שעטנז","שעטנז","Unresolved","","No lexical entry yet","true","1","Brief Commentary on Kilayim 5:19:3"
"brief-commentary-on-kilayim","Brief Commentary on Kilayim","tok-24f51baf1acf","שעכשיו","שעכשיו","Unresolved","","No lexical entry yet","true","1","Brief Commentary on Kilayim 5:19:3"
"brief-commentary-on-kilayim","Brief Commentary on Kilayim","tok-602565ffc3d1","שעפרה","שעפרה","Unresolved","","No lexical entry yet","true","1","Brief Commentary on Kilayim 1:17:3"
"brief-commentary-on-kilayim","Brief Commentary on Kilayim","tok-146977099c6b","שערתי","שערתי","Unresolved","","No lexical entry yet","true","1","Brief Commentary on Kilayim 4:10:7"
"brief-commentary-on-kilayim","Brief Commentary on Kilayim","tok-1771574dacf5","שפזרה","שפזרה","Unresolved","","No lexical entry yet","true","1","Brief Commentary on Kilayim 1:17:3"
"brief-commentary-on-kilayim","Brief Commentary on Kilayim","tok-6a7624ca8f57","שפחות","שפחות","Unresolved","","No lexical entry yet","true","1","Brief Commentary on Kilayim 4:6:1"
"brief-commentary-on-kilayim","Brief Commentary on Kilayim","tok-80f84c8bb7e4","שצובעים","שצובעימ","Unresolved","","No lexical entry yet","true","1","Brief Commentary on Kilayim 5:24:1"
"brief-commentary-on-kilayim","Brief Commentary on Kilayim","tok-8fc51b9fe3dd","שקיא","שקיא","Unresolved","","No lexical entry yet","true","1","Brief Commentary on Kilayim 1:4:1"
"brief-commentary-on-kilayim","Brief Commentary on Kilayim","tok-08d9b5452cfe","שקמה","שקמה","Unresolved","","No lexical entry yet","true","1","Brief Commentary on Kilayim 4:7:3"
"brief-commentary-on-kilayim","Brief Commentary on Kilayim","tok-2e63d62e3f51","שקמתו","שקמתו","Unresolved","","No lexical entry yet","true","1","Brief Commentary on Kilayim 4:7:2"
"brief-commentary-on-kilayim","Brief Commentary on Kilayim","tok-62c743277cd9","שרגיל","שרגיל","Unresolved","","No lexical entry yet","true","1","Brief Commentary on Kilayim 5:6:1"
"brief-commentary-on-kilayim","Brief Commentary on Kilayim","tok-ef4c04663609","שרצה","שרצה","Unresolved","","No lexical entry yet","true","1","Brief Commentary on Kilayim 2:1:5"
"brief-commentary-on-kilayim","Brief Commentary on Kilayim","tok-adfedf1e5a77","שרשים","שרשימ","Unresolved","","No lexical entry yet","true","2","Brief Commentary on Kilayim 1:16:7; Brief Commentary on Kilayim 4:10:7"
"brief-commentary-on-kilayim","Brief Commentary on Kilayim","tok-1311aaa28090","שרשין","שרשינ","Unresolved","","No lexical entry yet","true","1","Brief Commentary on Kilayim 4:10:5"
"brief-commentary-on-kilayim","Brief Commentary on Kilayim","tok-14f0fa60809c","שש","שש","Unresolved","","No lexical entry yet","true","5","Brief Commentary on Kilayim 2:6:2; Brief Commentary on Kilayim 3:1:1; Brief Commentary on Kilayim 3:11:3"
"brief-commentary-on-kilayim","Brief Commentary on Kilayim","tok-534a055fef88","ששה","ששה","Unresolved","","No lexical entry yet","true","10","Brief Commentary on Kilayim 1:16:2; Brief Commentary on Kilayim 2:7:1; Brief Commentary on Kilayim 2:13:2; Brief Commentary on Kilayim 2:13:3; Brief Commentary on Kilayim 3:4:2"
"brief-commentary-on-kilayim","Brief Commentary on Kilayim","tok-f619e9e8b764","שתבקע","שתבקע","Unresolved","","No lexical entry yet","true","1","Brief Commentary on Kilayim 1:13:1"
"brief-commentary-on-kilayim","Brief Commentary on Kilayim","tok-c153dfd4b03d","שתולין","שתולינ","Unresolved","","No lexical entry yet","true","1","Brief Commentary on Kilayim 5:26:5"
"brief-commentary-on-kilayim","Brief Commentary on Kilayim","tok-d59799511d45","שתחב","שתחב","Unresolved","","No lexical entry yet","true","1","Brief Commentary on Kilayim 5:20:2"
"brief-commentary-on-kilayim","Brief Commentary on Kilayim","tok-45779bfdd9e3","שתחילתה","שתחילתה","Unresolved","","No lexical entry yet","true","1","Brief Commentary on Kilayim 2:6:2"
"brief-commentary-on-kilayim","Brief Commentary on Kilayim","tok-2b1cb01483ba","שתתליע","שתתליע","Unresolved","","No lexical entry yet","true","1","Brief Commentary on Kilayim 1:16:7"
"brief-commentary-on-kilayim","Brief Commentary on Kilayim","tok-bf1373895c56","תבואה","תבואה","Unresolved","","No lexical entry yet","true","4","Brief Commentary on Kilayim 2:13:4; Brief Commentary on Kilayim 2:13:7; Brief Commentary on Kilayim 4:10:1"
"brief-commentary-on-kilayim","Brief Commentary on Kilayim","tok-cc323321c648","תוקע","תוקע","Unresolved","","No lexical entry yet","true","2","Brief Commentary on Kilayim 3:11:4"
"brief-commentary-on-kilayim","Brief Commentary on Kilayim","tok-f16652637dca","תורמין","תורמינ","Unresolved","","No lexical entry yet","true","1","Brief Commentary on Kilayim 2:5:1"
"brief-commentary-on-kilayim","Brief Commentary on Kilayim","tok-2f157bf47f75","תזרע","תזרע","Unresolved","","No lexical entry yet","true","1","Brief Commentary on Kilayim 4:10:3"
"brief-commentary-on-kilayim","Brief Commentary on Kilayim","tok-54e6ac7dfeeb","תחבושת","תחבושת","Unresolved","","No lexical entry yet","true","1","Brief Commentary on Kilayim 5:25:1"
"brief-commentary-on-kilayim","Brief Commentary on Kilayim","tok-e996cd684e7c","תטע","תטע","Unresolved","","No lexical entry yet","true","1","Brief Commentary on Kilayim 4:10:3"
"brief-commentary-on-kilayim","Brief Commentary on Kilayim","tok-bdaaa59e943d","תיבה","תיבה","Unresolved","","No lexical entry yet","true","1","Brief Commentary on Kilayim 5:17:1"
"brief-commentary-on-kilayim","Brief Commentary on Kilayim","tok-70b31e2fb7e7","תיבות","תיבות","Unresolved","","No lexical entry yet","true","1","Brief Commentary on Kilayim 5:17:1"
"brief-commentary-on-kilayim","Brief Commentary on Kilayim","tok-77eb7a987e86","תיו״ט","תיו״ט","Unresolved","","No lexical entry yet","true","1","Brief Commentary on Kilayim 3:11:2"
"brief-commentary-on-kilayim","Brief Commentary on Kilayim","tok-b1a58b4ffe77","תכריך","תכריכ","Unresolved","","No lexical entry yet","true","1","Brief Commentary on Kilayim 5:19:4"
"brief-commentary-on-kilayim","Brief Commentary on Kilayim","tok-cfc62e8f27d3","תכשיט","תכשיט","Unresolved","","No lexical entry yet","true","1","Brief Commentary on Kilayim 5:26:2"
"brief-commentary-on-kilayim","Brief Commentary on Kilayim","tok-82643cd4a4f8","תלמים","תלמימ","Unresolved","","No lexical entry yet","true","2","Brief Commentary on Kilayim 1:17:2; Brief Commentary on Kilayim 2:13:6"
"brief-commentary-on-kilayim","Brief Commentary on Kilayim","tok-9135104d6dc7","תפוח","תפוח","Unresolved","","No lexical entry yet","true","2","Brief Commentary on Kilayim 1:3:1; Brief Commentary on Kilayim 2:15:1"
"brief-commentary-on-kilayim","Brief Commentary on Kilayim","tok-29c3adee1434","תקוע","תקוע","Unresolved","","No lexical entry yet","true","1","Brief Commentary on Kilayim 5:6:1"
"brief-commentary-on-kilayim","Brief Commentary on Kilayim","tok-e1208375cbfc","תרומות","תרומות","Unresolved","","No lexical entry yet","true","1","Brief Commentary on Kilayim 2:5:2"
"brief-commentary-on-kilayim","Brief Commentary on Kilayim","tok-5df256aced8a","תשמישי","תשמישי","Unresolved","","No lexical entry yet","true","1","Brief Commentary on Kilayim 5:16:1"
