"work_id","work_title","token_index_id","surface_word","normalized_word","status","strict_renderings","notes","not_a_translation","occurrence_count","example_refs"
"mishneh-torah-service-on-the-day-of-atonement","Mishneh Torah, Service on the Day of Atonement","tok-829c9c43bf80","אוֹכֵל","אוכל","Unresolved","","No lexical entry yet","true","1","Mishneh Torah, Service on the Day of Atonement 3:7"
"mishneh-torah-service-on-the-day-of-atonement","Mishneh Torah, Service on the Day of Atonement","tok-790d94807218","אוֹמְרִין","אומרינ","Unresolved","","No lexical entry yet","true","2","Mishneh Torah, Service on the Day of Atonement 1:7; Mishneh Torah, Service on the Day of Atonement 3:7"
"mishneh-torah-service-on-the-day-of-atonement","Mishneh Torah, Service on the Day of Atonement","tok-39bc54f35906","אֶחָיו","אחיו","Unresolved","","No lexical entry yet","true","1","Mishneh Torah, Service on the Day of Atonement 5:13"
"mishneh-torah-service-on-the-day-of-atonement","Mishneh Torah, Service on the Day of Atonement","tok-0b3b34711083","אַחֲרוֹנָה","אחרונה","Unresolved","","No lexical entry yet","true","1","Mishneh Torah, Service on the Day of Atonement 5:10"
"mishneh-torah-service-on-the-day-of-atonement","Mishneh Torah, Service on the Day of Atonement","tok-fdbebe89404c","אֵיבְרֵי","איברי","Unresolved","","No lexical entry yet","true","3","Mishneh Torah, Service on the Day of Atonement 1:5; Mishneh Torah, Service on the Day of Atonement 2:2; Mishneh Torah, Service on the Day of Atonement 4:1"
"mishneh-torah-service-on-the-day-of-atonement","Mishneh Torah, Service on the Day of Atonement","tok-2c39c557cf89","אֵיבָרִים","איברימ","Unresolved","","No lexical entry yet","true","2","Mishneh Torah, Service on the Day of Atonement 3:7"
"mishneh-torah-service-on-the-day-of-atonement","Mishneh Torah, Service on the Day of Atonement","tok-5ec78d9100ab","אֵיל","איל","Unresolved","","No lexical entry yet","true","2","Mishneh Torah, Service on the Day of Atonement 1:1; Mishneh Torah, Service on the Day of Atonement 5:3"
"mishneh-torah-service-on-the-day-of-atonement","Mishneh Torah, Service on the Day of Atonement","tok-bf951042f08b","אֵילוֹ","אילו","Unresolved","","No lexical entry yet","true","1","Mishneh Torah, Service on the Day of Atonement 4:2"
"mishneh-torah-service-on-the-day-of-atonement","Mishneh Torah, Service on the Day of Atonement","tok-17a8645cd188","אֵילִים","אילימ","Unresolved","","No lexical entry yet","true","1","Mishneh Torah, Service on the Day of Atonement 1:1"
"mishneh-torah-service-on-the-day-of-atonement","Mishneh Torah, Service on the Day of Atonement","tok-41087f441026","אֵימוּרֵי","אימורי","Unresolved","","No lexical entry yet","true","3","Mishneh Torah, Service on the Day of Atonement 2:2; Mishneh Torah, Service on the Day of Atonement 4:2"
"mishneh-torah-service-on-the-day-of-atonement","Mishneh Torah, Service on the Day of Atonement","tok-a2fd2b9f16d1","אֵימוּרֵיהֶן","אימוריהנ","Unresolved","","No lexical entry yet","true","1","Mishneh Torah, Service on the Day of Atonement 3:7"
"mishneh-torah-service-on-the-day-of-atonement","Mishneh Torah, Service on the Day of Atonement","tok-f777ef05e21d","אֶמְצָעוֹ","אמצעו","Unresolved","","No lexical entry yet","true","1","Mishneh Torah, Service on the Day of Atonement 3:5"
"mishneh-torah-service-on-the-day-of-atonement","Mishneh Torah, Service on the Day of Atonement","tok-c493ff63f9a5","אָנָּא","אנא","Unresolved","","No lexical entry yet","true","8","Mishneh Torah, Service on the Day of Atonement 2:6; Mishneh Torah, Service on the Day of Atonement 4:1; Mishneh Torah, Service on the Day of Atonement 4:2"
"mishneh-torah-service-on-the-day-of-atonement","Mishneh Torah, Service on the Day of Atonement","tok-7c52960f4fd3","אֶצְבָּעוֹ","אצבעו","Unresolved","","No lexical entry yet","true","1","Mishneh Torah, Service on the Day of Atonement 3:6"
"mishneh-torah-service-on-the-day-of-atonement","Mishneh Torah, Service on the Day of Atonement","tok-343f2024d5bc","אֶצְבְּעוֹתָיו","אצבעותיו","Unresolved","","No lexical entry yet","true","2","Mishneh Torah, Service on the Day of Atonement 4:1; Mishneh Torah, Service on the Day of Atonement 5:28"
"mishneh-torah-service-on-the-day-of-atonement","Mishneh Torah, Service on the Day of Atonement","tok-c2eda3da74fc","אֶקְרָא","אקרא","Unresolved","","No lexical entry yet","true","1","Mishneh Torah, Service on the Day of Atonement 2:7"
"mishneh-torah-service-on-the-day-of-atonement","Mishneh Torah, Service on the Day of Atonement","tok-11679065798a","אֵרָאֶה","אראה","Unresolved","","No lexical entry yet","true","2","Mishneh Torah, Service on the Day of Atonement 1:7; Mishneh Torah, Service on the Day of Atonement 5:25"
"mishneh-torah-service-on-the-day-of-atonement","Mishneh Torah, Service on the Day of Atonement","tok-3d562860d018","אַרְבָּעָה","ארבעה","Unresolved","","No lexical entry yet","true","1","Mishneh Torah, Service on the Day of Atonement 2:5"
"mishneh-torah-service-on-the-day-of-atonement","Mishneh Torah, Service on the Day of Atonement","tok-d703db71ef78","אַרְבָּעִים","ארבעימ","Unresolved","","No lexical entry yet","true","1","Mishneh Torah, Service on the Day of Atonement 3:5"
"mishneh-torah-service-on-the-day-of-atonement","Mishneh Torah, Service on the Day of Atonement","tok-3fd637592e1f","אָרוֹן","ארונ","Unresolved","","No lexical entry yet","true","1","Mishneh Torah, Service on the Day of Atonement 4:1"
"mishneh-torah-service-on-the-day-of-atonement","Mishneh Torah, Service on the Day of Atonement","tok-6a80a6b50180","אִשְׁתּוֹ","אשתו","Unresolved","","No lexical entry yet","true","2","Mishneh Torah, Service on the Day of Atonement 1:2; Mishneh Torah, Service on the Day of Atonement 1:3"
"mishneh-torah-service-on-the-day-of-atonement","Mishneh Torah, Service on the Day of Atonement","tok-d725a9949453","בְּאֹהֶל","באהל","Unresolved","","No lexical entry yet","true","1","Mishneh Torah, Service on the Day of Atonement 5:23"
"mishneh-torah-service-on-the-day-of-atonement","Mishneh Torah, Service on the Day of Atonement","tok-e82fa1e345a0","בְּאֶצְבַּע","באצבע","Unresolved","","No lexical entry yet","true","1","Mishneh Torah, Service on the Day of Atonement 1:8"
"mishneh-torah-service-on-the-day-of-atonement","Mishneh Torah, Service on the Day of Atonement","tok-29db91270e13","בֵּאַרְנוּ","בארנו","Unresolved","","No lexical entry yet","true","1","Mishneh Torah, Service on the Day of Atonement 4:1"
"mishneh-torah-service-on-the-day-of-atonement","Mishneh Torah, Service on the Day of Atonement","tok-066fc1a4649b","בְּבִגְדֵי","בבגדי","Unresolved","","No lexical entry yet","true","7","Mishneh Torah, Service on the Day of Atonement 2:1; Mishneh Torah, Service on the Day of Atonement 3:9; Mishneh Torah, Service on the Day of Atonement 4:1; Mishneh Torah, Service on the Day of Atonement 5:1"
"mishneh-torah-service-on-the-day-of-atonement","Mishneh Torah, Service on the Day of Atonement","tok-3453ac40378c","בִּבְגָדִים","בבגדימ","Unresolved","","No lexical entry yet","true","1","Mishneh Torah, Service on the Day of Atonement 1:2"
"mishneh-torah-service-on-the-day-of-atonement","Mishneh Torah, Service on the Day of Atonement","tok-87b2d25b4565","בְּבִיאָה","בביאה","Unresolved","","No lexical entry yet","true","1","Mishneh Torah, Service on the Day of Atonement 5:25"
"mishneh-torah-service-on-the-day-of-atonement","Mishneh Torah, Service on the Day of Atonement","tok-e7e6cdd65269","בֶּגֶד","בגד","Unresolved","","No lexical entry yet","true","1","Mishneh Torah, Service on the Day of Atonement 2:3"
"mishneh-torah-service-on-the-day-of-atonement","Mishneh Torah, Service on the Day of Atonement","tok-ec0f55cf9972","בְּגוּדָלוֹ","בגודלו","Unresolved","","No lexical entry yet","true","1","Mishneh Torah, Service on the Day of Atonement 4:1"
"mishneh-torah-service-on-the-day-of-atonement","Mishneh Torah, Service on the Day of Atonement","tok-801fb871f904","בְּהִלְכוֹת","בהלכות","Unresolved","","No lexical entry yet","true","1","Mishneh Torah, Service on the Day of Atonement 4:2"
"mishneh-torah-service-on-the-day-of-atonement","Mishneh Torah, Service on the Day of Atonement","tok-388caa9f1cc4","בַּהֲנָיָה","בהניה","Unresolved","","No lexical entry yet","true","1","Mishneh Torah, Service on the Day of Atonement 5:22"
"mishneh-torah-service-on-the-day-of-atonement","Mishneh Torah, Service on the Day of Atonement","tok-1abdba3a609d","בּוּץ","בוצ","Unresolved","","No lexical entry yet","true","3","Mishneh Torah, Service on the Day of Atonement 4:1"
"mishneh-torah-service-on-the-day-of-atonement","Mishneh Torah, Service on the Day of Atonement","tok-94e2ee1cdd53","בְּזָר","בזר","Unresolved","","No lexical entry yet","true","3","Mishneh Torah, Service on the Day of Atonement 3:3; Mishneh Torah, Service on the Day of Atonement 3:8"
"mishneh-torah-service-on-the-day-of-atonement","Mishneh Torah, Service on the Day of Atonement","tok-4b45d3faf68b","בְּחֵיקוֹ","בחיקו","Unresolved","","No lexical entry yet","true","1","Mishneh Torah, Service on the Day of Atonement 3:10"
"mishneh-torah-service-on-the-day-of-atonement","Mishneh Torah, Service on the Day of Atonement","tok-2ba71e6544d5","בְּחֹל","בחל","Unresolved","","No lexical entry yet","true","1","Mishneh Torah, Service on the Day of Atonement 2:3"
"mishneh-torah-service-on-the-day-of-atonement","Mishneh Torah, Service on the Day of Atonement","tok-8e5abeb61d68","בְּחֻמַּשׁ","בחמש","Unresolved","","No lexical entry yet","true","1","Mishneh Torah, Service on the Day of Atonement 1:1"
"mishneh-torah-service-on-the-day-of-atonement","Mishneh Torah, Service on the Day of Atonement","tok-3d11c19b289a","בִּטְבִילָה","בטבילה","Unresolved","","No lexical entry yet","true","1","Mishneh Torah, Service on the Day of Atonement 2:3"
"mishneh-torah-service-on-the-day-of-atonement","Mishneh Torah, Service on the Day of Atonement","tok-8b28d520b85d","בְּטֶפַח","בטפח","Unresolved","","No lexical entry yet","true","1","Mishneh Torah, Service on the Day of Atonement 3:5"
"mishneh-torah-service-on-the-day-of-atonement","Mishneh Torah, Service on the Day of Atonement","tok-cdf7b53a106e","בִּיאָתוֹ","ביאתו","Unresolved","","No lexical entry yet","true","1","Mishneh Torah, Service on the Day of Atonement 5:25"
"mishneh-torah-service-on-the-day-of-atonement","Mishneh Torah, Service on the Day of Atonement","tok-9681e322fea7","בֵּיתוֹ""","ביתו""","Unresolved","","No lexical entry yet","true","1","Mishneh Torah, Service on the Day of Atonement 1:2"
"mishneh-torah-service-on-the-day-of-atonement","Mishneh Torah, Service on the Day of Atonement","tok-36dd771d3449","בְּכִתְבֵי","בכתבי","Unresolved","","No lexical entry yet","true","1","Mishneh Torah, Service on the Day of Atonement 1:8"
"mishneh-torah-service-on-the-day-of-atonement","Mishneh Torah, Service on the Day of Atonement","tok-bd10e2256751","בְּמִזְרַח","במזרח","Unresolved","","No lexical entry yet","true","1","Mishneh Torah, Service on the Day of Atonement 3:2"
"mishneh-torah-service-on-the-day-of-atonement","Mishneh Torah, Service on the Day of Atonement","tok-0f1d26bc76fb","בַּמִּזְרָח","במזרח","Unresolved","","No lexical entry yet","true","1","Mishneh Torah, Service on the Day of Atonement 4:1"
"mishneh-torah-service-on-the-day-of-atonement","Mishneh Torah, Service on the Day of Atonement","tok-c3ba676f2c39","בְּמִזְרָחוֹ","במזרחו","Unresolved","","No lexical entry yet","true","1","Mishneh Torah, Service on the Day of Atonement 2:5"
"mishneh-torah-service-on-the-day-of-atonement","Mishneh Torah, Service on the Day of Atonement","tok-66f5028563af","בְּמַחְתָּה","במחתה","Unresolved","","No lexical entry yet","true","2","Mishneh Torah, Service on the Day of Atonement 2:5"
"mishneh-torah-service-on-the-day-of-atonement","Mishneh Torah, Service on the Day of Atonement","tok-c5f9d5a19758","בַּמַּחְתָּה","במחתה","Unresolved","","No lexical entry yet","true","2","Mishneh Torah, Service on the Day of Atonement 2:5; Mishneh Torah, Service on the Day of Atonement 4:1"
"mishneh-torah-service-on-the-day-of-atonement","Mishneh Torah, Service on the Day of Atonement","tok-a2e4932a8615","בְּמִי","במי","Unresolved","","No lexical entry yet","true","1","Mishneh Torah, Service on the Day of Atonement 1:7"
"mishneh-torah-service-on-the-day-of-atonement","Mishneh Torah, Service on the Day of Atonement","tok-a52e75b47a2a","בְּמֵי","במי","Unresolved","","No lexical entry yet","true","1","Mishneh Torah, Service on the Day of Atonement 2:4"
"mishneh-torah-service-on-the-day-of-atonement","Mishneh Torah, Service on the Day of Atonement","tok-6ecf000751f7","בְּמַעֲרָבוֹ","במערבו","Unresolved","","No lexical entry yet","true","1","Mishneh Torah, Service on the Day of Atonement 2:5"
"mishneh-torah-service-on-the-day-of-atonement","Mishneh Torah, Service on the Day of Atonement","tok-f5458ef4a7f0","בְּמַתָּנָה","במתנה","Unresolved","","No lexical entry yet","true","1","Mishneh Torah, Service on the Day of Atonement 5:10"
"mishneh-torah-service-on-the-day-of-atonement","Mishneh Torah, Service on the Day of Atonement","tok-ca56ccba5321","בְּמַתָּנוֹת","במתנות","Unresolved","","No lexical entry yet","true","2","Mishneh Torah, Service on the Day of Atonement 5:4; Mishneh Torah, Service on the Day of Atonement 5:6"
"mishneh-torah-service-on-the-day-of-atonement","Mishneh Torah, Service on the Day of Atonement","tok-0202cdb5e3ab","בְּסוּדָרִין","בסודרינ","Unresolved","","No lexical entry yet","true","1","Mishneh Torah, Service on the Day of Atonement 3:7"
"mishneh-torah-service-on-the-day-of-atonement","Mishneh Torah, Service on the Day of Atonement","tok-dce986272aca","בַּסֶּלַע","בסלע","Unresolved","","No lexical entry yet","true","1","Mishneh Torah, Service on the Day of Atonement 3:7"
"mishneh-torah-service-on-the-day-of-atonement","Mishneh Torah, Service on the Day of Atonement","tok-d523533f3269","בְּעוֹרָן","בעורנ","Unresolved","","No lexical entry yet","true","1","Mishneh Torah, Service on the Day of Atonement 3:7"
"mishneh-torah-service-on-the-day-of-atonement","Mishneh Torah, Service on the Day of Atonement","tok-3f80716a9bf1","בָּעֲזָרָה","בעזרה","Unresolved","","No lexical entry yet","true","3","Mishneh Torah, Service on the Day of Atonement 2:7; Mishneh Torah, Service on the Day of Atonement 5:2"
"mishneh-torah-service-on-the-day-of-atonement","Mishneh Torah, Service on the Day of Atonement","tok-e8bf01198f84","בְּעֶזְרַת","בעזרת","Unresolved","","No lexical entry yet","true","1","Mishneh Torah, Service on the Day of Atonement 3:10"
"mishneh-torah-service-on-the-day-of-atonement","Mishneh Torah, Service on the Day of Atonement","tok-9160fb6c2024","בֶּעָנָן","בעננ","Unresolved","","No lexical entry yet","true","2","Mishneh Torah, Service on the Day of Atonement 1:7; Mishneh Torah, Service on the Day of Atonement 5:25"
"mishneh-torah-service-on-the-day-of-atonement","Mishneh Torah, Service on the Day of Atonement","tok-593fca687bb6","בֶּעָשׂוֹר""","בעשור""","Unresolved","","No lexical entry yet","true","1","Mishneh Torah, Service on the Day of Atonement 3:10"
"mishneh-torah-service-on-the-day-of-atonement","Mishneh Torah, Service on the Day of Atonement","tok-d81c14673be2","בְּפָרָשַׁת","בפרשת","Unresolved","","No lexical entry yet","true","1","Mishneh Torah, Service on the Day of Atonement 1:1"
"mishneh-torah-service-on-the-day-of-atonement","Mishneh Torah, Service on the Day of Atonement","tok-27d16b4cc3ed","בִּקְדֻשָּׁה","בקדשה","Unresolved","","No lexical entry yet","true","1","Mishneh Torah, Service on the Day of Atonement 2:7"
"mishneh-torah-service-on-the-day-of-atonement","Mishneh Torah, Service on the Day of Atonement","tok-1d0b678d9a09","בִּקְטֹרֶת","בקטרת","Unresolved","","No lexical entry yet","true","2","Mishneh Torah, Service on the Day of Atonement 5:25"
"mishneh-torah-service-on-the-day-of-atonement","Mishneh Torah, Service on the Day of Atonement","tok-53c7cf0bd7f1","בַּקְּטֹרֶת","בקטרת","Unresolved","","No lexical entry yet","true","1","Mishneh Torah, Service on the Day of Atonement 5:24"
"mishneh-torah-service-on-the-day-of-atonement","Mishneh Torah, Service on the Day of Atonement","tok-84b153288e7d","בַּקַּלְפִּי","בקלפי","Unresolved","","No lexical entry yet","true","1","Mishneh Torah, Service on the Day of Atonement 3:3"
"mishneh-torah-service-on-the-day-of-atonement","Mishneh Torah, Service on the Day of Atonement","tok-97a1955c9142","בָּקָר","בקר","Unresolved","","No lexical entry yet","true","1","Mishneh Torah, Service on the Day of Atonement 1:1"
"mishneh-torah-service-on-the-day-of-atonement","Mishneh Torah, Service on the Day of Atonement","tok-eca4f7bddd28","בִּקֵּשׁ","בקש","Unresolved","","No lexical entry yet","true","1","Mishneh Torah, Service on the Day of Atonement 1:8"
"mishneh-torah-service-on-the-day-of-atonement","Mishneh Torah, Service on the Day of Atonement","tok-8049b0231473","בָּרִאשׁוֹנָה","בראשונה","Unresolved","","No lexical entry yet","true","1","Mishneh Torah, Service on the Day of Atonement 2:6"
"mishneh-torah-service-on-the-day-of-atonement","Mishneh Torah, Service on the Day of Atonement","tok-1711a83253e4","בְּרַחֲמִים","ברחמימ","Unresolved","","No lexical entry yet","true","1","Mishneh Torah, Service on the Day of Atonement 3:11"
"mishneh-torah-service-on-the-day-of-atonement","Mishneh Torah, Service on the Day of Atonement","tok-c44b2064f313","בַּשְּׁבִיעִי","בשביעי","Unresolved","","No lexical entry yet","true","1","Mishneh Torah, Service on the Day of Atonement 1:4"
"mishneh-torah-service-on-the-day-of-atonement","Mishneh Torah, Service on the Day of Atonement","tok-c7178b3110e9","בְּשִׁבְעַת","בשבעת","Unresolved","","No lexical entry yet","true","1","Mishneh Torah, Service on the Day of Atonement 1:4"
"mishneh-torah-service-on-the-day-of-atonement","Mishneh Torah, Service on the Day of Atonement","tok-0198b348836d","בְּשַׁבָּת","בשבת","Unresolved","","No lexical entry yet","true","1","Mishneh Torah, Service on the Day of Atonement 5:19"
"mishneh-torah-service-on-the-day-of-atonement","Mishneh Torah, Service on the Day of Atonement","tok-ff64fba2bbc1","בַּשַּׁחַר","בשחר","Unresolved","","No lexical entry yet","true","1","Mishneh Torah, Service on the Day of Atonement 1:1"
"mishneh-torah-service-on-the-day-of-atonement","Mishneh Torah, Service on the Day of Atonement","tok-95f1d2624f61","בְּשַׁחֲרִית","בשחרית","Unresolved","","No lexical entry yet","true","1","Mishneh Torah, Service on the Day of Atonement 1:5"
"mishneh-torah-service-on-the-day-of-atonement","Mishneh Torah, Service on the Day of Atonement","tok-3c512a9e434d","בַּשְּׁלִישִׁי","בשלישי","Unresolved","","No lexical entry yet","true","2","Mishneh Torah, Service on the Day of Atonement 1:4"
"mishneh-torah-service-on-the-day-of-atonement","Mishneh Torah, Service on the Day of Atonement","tok-f263cfeb5f95","בִּשְׂמֹאל","בשמאל","Unresolved","","No lexical entry yet","true","2","Mishneh Torah, Service on the Day of Atonement 3:3; Mishneh Torah, Service on the Day of Atonement 4:1"
"mishneh-torah-service-on-the-day-of-atonement","Mishneh Torah, Service on the Day of Atonement","tok-74d5062ddf8f","בִּשְׂמֹאלוֹ","בשמאלו","Unresolved","","No lexical entry yet","true","3","Mishneh Torah, Service on the Day of Atonement 4:1"
"mishneh-torah-service-on-the-day-of-atonement","Mishneh Torah, Service on the Day of Atonement","tok-f9a5ade77293","בְּשֶׁמֶן","בשמנ","Unresolved","","No lexical entry yet","true","1","Mishneh Torah, Service on the Day of Atonement 1:2"
"mishneh-torah-service-on-the-day-of-atonement","Mishneh Torah, Service on the Day of Atonement","tok-0bcb3b219919","בְּשִׁנָּיו","בשניו","Unresolved","","No lexical entry yet","true","1","Mishneh Torah, Service on the Day of Atonement 4:1"
"mishneh-torah-service-on-the-day-of-atonement","Mishneh Torah, Service on the Day of Atonement","tok-765e7a736d4f","בְּשָׂעִיר","בשעיר","Unresolved","","No lexical entry yet","true","1","Mishneh Torah, Service on the Day of Atonement 5:17"
"mishneh-torah-service-on-the-day-of-atonement","Mishneh Torah, Service on the Day of Atonement","tok-dcc819f35110","בְּשַׁעֲרֵי","בשערי","Unresolved","","No lexical entry yet","true","1","Mishneh Torah, Service on the Day of Atonement 1:5"
"mishneh-torah-service-on-the-day-of-atonement","Mishneh Torah, Service on the Day of Atonement","tok-7d1f27b9edcd","בְּשָׂרוֹ","בשרו","Unresolved","","No lexical entry yet","true","2","Mishneh Torah, Service on the Day of Atonement 2:2; Mishneh Torah, Service on the Day of Atonement 2:3"
"mishneh-torah-service-on-the-day-of-atonement","Mishneh Torah, Service on the Day of Atonement","tok-d3a8e97c20ee","בְּשָׂרָן","בשרנ","Unresolved","","No lexical entry yet","true","1","Mishneh Torah, Service on the Day of Atonement 3:7"
"mishneh-torah-service-on-the-day-of-atonement","Mishneh Torah, Service on the Day of Atonement","tok-d96081be4903","בִּשְׁתֵּי","בשתי","Unresolved","","No lexical entry yet","true","3","Mishneh Torah, Service on the Day of Atonement 3:3; Mishneh Torah, Service on the Day of Atonement 5:12"
"mishneh-torah-service-on-the-day-of-atonement","Mishneh Torah, Service on the Day of Atonement","tok-b78252036b3a","בְּתָמִיד","בתמיד","Unresolved","","No lexical entry yet","true","1","Mishneh Torah, Service on the Day of Atonement 4:1"
"mishneh-torah-service-on-the-day-of-atonement","Mishneh Torah, Service on the Day of Atonement","tok-34150ab2db8e","גְּדוּשׁוֹת","גדושות","Unresolved","","No lexical entry yet","true","1","Mishneh Torah, Service on the Day of Atonement 4:1"
"mishneh-torah-service-on-the-day-of-atonement","Mishneh Torah, Service on the Day of Atonement","tok-44ef887e7f27","גּוֹלְלִין","גוללינ","Unresolved","","No lexical entry yet","true","1","Mishneh Torah, Service on the Day of Atonement 3:10"
"mishneh-torah-service-on-the-day-of-atonement","Mishneh Torah, Service on the Day of Atonement","tok-8773d173b918","גְּשׁוּמָה","גשומה","Unresolved","","No lexical entry yet","true","1","Mishneh Torah, Service on the Day of Atonement 4:1"
"mishneh-torah-service-on-the-day-of-atonement","Mishneh Torah, Service on the Day of Atonement","tok-be00dc0ed0d9","דּוֹחִין","דוחינ","Unresolved","","No lexical entry yet","true","1","Mishneh Torah, Service on the Day of Atonement 1:4"
"mishneh-torah-service-on-the-day-of-atonement","Mishneh Torah, Service on the Day of Atonement","tok-e10ee1cac83b","דְּחָפוֹ","דחפו","Unresolved","","No lexical entry yet","true","1","Mishneh Torah, Service on the Day of Atonement 5:22"
"mishneh-torah-service-on-the-day-of-atonement","Mishneh Torah, Service on the Day of Atonement","tok-7b37f2a5e706","דָּמוֹ","דמו","Unresolved","","No lexical entry yet","true","6","Mishneh Torah, Service on the Day of Atonement 3:5; Mishneh Torah, Service on the Day of Atonement 4:1; Mishneh Torah, Service on the Day of Atonement 4:2; Mishneh Torah, Service on the Day of Atonement 5:2; Mishneh Torah, Service on the Day of Atonement 5:8"
"mishneh-torah-service-on-the-day-of-atonement","Mishneh Torah, Service on the Day of Atonement","tok-e32e3525735c","דְּמֵיהֶן","דמיהנ","Unresolved","","No lexical entry yet","true","2","Mishneh Torah, Service on the Day of Atonement 5:16"
"mishneh-torah-service-on-the-day-of-atonement","Mishneh Torah, Service on the Day of Atonement","tok-67234aaf90fc","דַּקָּה","דקה","Unresolved","","No lexical entry yet","true","1","Mishneh Torah, Service on the Day of Atonement 4:1"
"mishneh-torah-service-on-the-day-of-atonement","Mishneh Torah, Service on the Day of Atonement","tok-0c342df24dab","דְּרוֹמִית","דרומית","Unresolved","","No lexical entry yet","true","1","Mishneh Torah, Service on the Day of Atonement 4:2"
"mishneh-torah-service-on-the-day-of-atonement","Mishneh Torah, Service on the Day of Atonement","tok-b8c2ddbba329","ה׳","ה׳","Unresolved","","No lexical entry yet","true","12","Mishneh Torah, Service on the Day of Atonement 2:6; Mishneh Torah, Service on the Day of Atonement 2:7; Mishneh Torah, Service on the Day of Atonement 3:11; Mishneh Torah, Service on the Day of Atonement 4:1"
"mishneh-torah-service-on-the-day-of-atonement","Mishneh Torah, Service on the Day of Atonement","tok-ab58b9bc627c","ה׳""","ה׳""","Unresolved","","No lexical entry yet","true","2","Mishneh Torah, Service on the Day of Atonement 1:7; Mishneh Torah, Service on the Day of Atonement 4:1"
"mishneh-torah-service-on-the-day-of-atonement","Mishneh Torah, Service on the Day of Atonement","tok-738c070f88dc","הָאוּלָם","האולמ","Unresolved","","No lexical entry yet","true","3","Mishneh Torah, Service on the Day of Atonement 4:1; Mishneh Torah, Service on the Day of Atonement 4:2"
"mishneh-torah-service-on-the-day-of-atonement","Mishneh Torah, Service on the Day of Atonement","tok-f24454bd9a06","הָאַיִל","האיל","Unresolved","","No lexical entry yet","true","1","Mishneh Torah, Service on the Day of Atonement 1:1"
"mishneh-torah-service-on-the-day-of-atonement","Mishneh Torah, Service on the Day of Atonement","tok-8e9ab4079c12","הָאֵימוּרִין","האימורינ","Unresolved","","No lexical entry yet","true","1","Mishneh Torah, Service on the Day of Atonement 4:2"
"mishneh-torah-service-on-the-day-of-atonement","Mishneh Torah, Service on the Day of Atonement","tok-8d1822997022","הָאָמוּר","האמור","Unresolved","","No lexical entry yet","true","2","Mishneh Torah, Service on the Day of Atonement 1:1"
"mishneh-torah-service-on-the-day-of-atonement","Mishneh Torah, Service on the Day of Atonement","tok-3c7b4ee73496","הָאַרְבָּעִים","הארבעימ","Unresolved","","No lexical entry yet","true","1","Mishneh Torah, Service on the Day of Atonement 3:6"
"mishneh-torah-service-on-the-day-of-atonement","Mishneh Torah, Service on the Day of Atonement","tok-5526996bf076","הָאָרוֹן","הארונ","Unresolved","","No lexical entry yet","true","8","Mishneh Torah, Service on the Day of Atonement 1:7; Mishneh Torah, Service on the Day of Atonement 3:5; Mishneh Torah, Service on the Day of Atonement 4:1; Mishneh Torah, Service on the Day of Atonement 4:2"
"mishneh-torah-service-on-the-day-of-atonement","Mishneh Torah, Service on the Day of Atonement","tok-f579a0189e95","הַבָּד""","הבד""","Unresolved","","No lexical entry yet","true","1","Mishneh Torah, Service on the Day of Atonement 2:2"
"mishneh-torah-service-on-the-day-of-atonement","Mishneh Torah, Service on the Day of Atonement","tok-f6555b3d4c2b","הַבַּדִּים","הבדימ","Unresolved","","No lexical entry yet","true","1","Mishneh Torah, Service on the Day of Atonement 4:1"
"mishneh-torah-service-on-the-day-of-atonement","Mishneh Torah, Service on the Day of Atonement","tok-b5c5aab1df42","הַבְּהֵמוֹת","הבהמות","Unresolved","","No lexical entry yet","true","1","Mishneh Torah, Service on the Day of Atonement 1:1"
"mishneh-torah-service-on-the-day-of-atonement","Mishneh Torah, Service on the Day of Atonement","tok-230b19b6bec6","הַגּוֹרָלוֹת","הגורלות","Unresolved","","No lexical entry yet","true","5","Mishneh Torah, Service on the Day of Atonement 3:1; Mishneh Torah, Service on the Day of Atonement 3:3"
"mishneh-torah-service-on-the-day-of-atonement","Mishneh Torah, Service on the Day of Atonement","tok-c941974bb4e5","הַגֶּחָלִים","הגחלימ","Unresolved","","No lexical entry yet","true","3","Mishneh Torah, Service on the Day of Atonement 4:1; Mishneh Torah, Service on the Day of Atonement 4:2; Mishneh Torah, Service on the Day of Atonement 5:27"
"mishneh-torah-service-on-the-day-of-atonement","Mishneh Torah, Service on the Day of Atonement","tok-46d244c17878","הִגְרִיל","הגריל","Unresolved","","No lexical entry yet","true","1","Mishneh Torah, Service on the Day of Atonement 5:15"
"mishneh-torah-service-on-the-day-of-atonement","Mishneh Torah, Service on the Day of Atonement","tok-5cff02443624","הַדָּרוֹם","הדרומ","Unresolved","","No lexical entry yet","true","1","Mishneh Torah, Service on the Day of Atonement 4:2"
"mishneh-torah-service-on-the-day-of-atonement","Mishneh Torah, Service on the Day of Atonement","tok-f74664d775a6","הַדֶּשֶׁן","הדשנ","Unresolved","","No lexical entry yet","true","4","Mishneh Torah, Service on the Day of Atonement 3:8; Mishneh Torah, Service on the Day of Atonement 4:1; Mishneh Torah, Service on the Day of Atonement 4:2; Mishneh Torah, Service on the Day of Atonement 5:9"
"mishneh-torah-service-on-the-day-of-atonement","Mishneh Torah, Service on the Day of Atonement","tok-adfa6f56f053","הַהַגְרָלָה","ההגרלה","Unresolved","","No lexical entry yet","true","1","Mishneh Torah, Service on the Day of Atonement 2:2"
"mishneh-torah-service-on-the-day-of-atonement","Mishneh Torah, Service on the Day of Atonement","tok-67e25e922da0","הַהַזָּיוֹת","ההזיות","Unresolved","","No lexical entry yet","true","3","Mishneh Torah, Service on the Day of Atonement 3:5; Mishneh Torah, Service on the Day of Atonement 5:10; Mishneh Torah, Service on the Day of Atonement 5:12"
"mishneh-torah-service-on-the-day-of-atonement","Mishneh Torah, Service on the Day of Atonement","tok-89b67902908c","הָהָר","ההר","Unresolved","","No lexical entry yet","true","1","Mishneh Torah, Service on the Day of Atonement 3:7"
"mishneh-torah-service-on-the-day-of-atonement","Mishneh Torah, Service on the Day of Atonement","tok-5f08cd3ad5e0","הַוִּדּוּיִּים","הודויימ","Unresolved","","No lexical entry yet","true","2","Mishneh Torah, Service on the Day of Atonement 2:2; Mishneh Torah, Service on the Day of Atonement 2:7"
"mishneh-torah-service-on-the-day-of-atonement","Mishneh Torah, Service on the Day of Atonement","tok-9da218187587","הוֹשַׁע","הושע","Unresolved","","No lexical entry yet","true","1","Mishneh Torah, Service on the Day of Atonement 3:11"
"mishneh-torah-service-on-the-day-of-atonement","Mishneh Torah, Service on the Day of Atonement","tok-e787a931349a","הַזָּיָה","הזיה","Unresolved","","No lexical entry yet","true","3","Mishneh Torah, Service on the Day of Atonement 3:5; Mishneh Torah, Service on the Day of Atonement 3:6"
"mishneh-torah-service-on-the-day-of-atonement","Mishneh Torah, Service on the Day of Atonement","tok-f232efc1b083","הַזָּיוֹת","הזיות","Unresolved","","No lexical entry yet","true","12","Mishneh Torah, Service on the Day of Atonement 3:5; Mishneh Torah, Service on the Day of Atonement 3:6; Mishneh Torah, Service on the Day of Atonement 4:2; Mishneh Torah, Service on the Day of Atonement 5:6"
"mishneh-torah-service-on-the-day-of-atonement","Mishneh Torah, Service on the Day of Atonement","tok-770c968a77a2","הִזְכִּיר","הזכיר","Unresolved","","No lexical entry yet","true","1","Mishneh Torah, Service on the Day of Atonement 2:6"
"mishneh-torah-service-on-the-day-of-atonement","Mishneh Torah, Service on the Day of Atonement","tok-20992e0552b5","הַחֲבִיתִין","החביתינ","Unresolved","","No lexical entry yet","true","1","Mishneh Torah, Service on the Day of Atonement 2:2"
"mishneh-torah-service-on-the-day-of-atonement","Mishneh Torah, Service on the Day of Atonement","tok-d72d646c54ac","הַחֲסֵרָה","החסרה","Unresolved","","No lexical entry yet","true","1","Mishneh Torah, Service on the Day of Atonement 5:25"
"mishneh-torah-service-on-the-day-of-atonement","Mishneh Torah, Service on the Day of Atonement","tok-8419bef9a5a2","הַטְּבִילוֹת","הטבילות","Unresolved","","No lexical entry yet","true","1","Mishneh Torah, Service on the Day of Atonement 2:3"
"mishneh-torah-service-on-the-day-of-atonement","Mishneh Torah, Service on the Day of Atonement","tok-dfa1f8e03cf1","הֵיכָל","היכל","Unresolved","","No lexical entry yet","true","2","Mishneh Torah, Service on the Day of Atonement 4:1; Mishneh Torah, Service on the Day of Atonement 5:23"
"mishneh-torah-service-on-the-day-of-atonement","Mishneh Torah, Service on the Day of Atonement","tok-78be85474443","הֵיכָן","היכנ","Unresolved","","No lexical entry yet","true","1","Mishneh Torah, Service on the Day of Atonement 3:2"
"mishneh-torah-service-on-the-day-of-atonement","Mishneh Torah, Service on the Day of Atonement","tok-cc5291721ccd","הֵילָךְ","הילכ","Unresolved","","No lexical entry yet","true","1","Mishneh Torah, Service on the Day of Atonement 4:2"
"mishneh-torah-service-on-the-day-of-atonement","Mishneh Torah, Service on the Day of Atonement","tok-bb69889a6e33","הַכְּבָשִׂים","הכבשימ","Unresolved","","No lexical entry yet","true","1","Mishneh Torah, Service on the Day of Atonement 4:1"
"mishneh-torah-service-on-the-day-of-atonement","Mishneh Torah, Service on the Day of Atonement","tok-646418e67100","הַכּוֹסוֹת","הכוסות","Unresolved","","No lexical entry yet","true","4","Mishneh Torah, Service on the Day of Atonement 5:11; Mishneh Torah, Service on the Day of Atonement 5:12"
"mishneh-torah-service-on-the-day-of-atonement","Mishneh Torah, Service on the Day of Atonement","tok-26d82f8376cd","הַכִּיּוֹר","הכיור","Unresolved","","No lexical entry yet","true","1","Mishneh Torah, Service on the Day of Atonement 2:5"
"mishneh-torah-service-on-the-day-of-atonement","Mishneh Torah, Service on the Day of Atonement","tok-4ec6ba2f6ed1","הַכַּף","הכפ","Unresolved","","No lexical entry yet","true","5","Mishneh Torah, Service on the Day of Atonement 2:2; Mishneh Torah, Service on the Day of Atonement 4:1; Mishneh Torah, Service on the Day of Atonement 4:2"
"mishneh-torah-service-on-the-day-of-atonement","Mishneh Torah, Service on the Day of Atonement","tok-857718ab21ec","הַכִּפּוּרִים","הכפורימ","Unresolved","","No lexical entry yet","true","14","Mishneh Torah, Service on the Day of Atonement 1:3; Mishneh Torah, Service on the Day of Atonement 1:4; Mishneh Torah, Service on the Day of Atonement 1:5; Mishneh Torah, Service on the Day of Atonement 1:6; Mishneh Torah, Service on the Day of Atonement 1:7"
"mishneh-torah-service-on-the-day-of-atonement","Mishneh Torah, Service on the Day of Atonement","tok-985471926a7b","הַכַּפָּרָה","הכפרה","Unresolved","","No lexical entry yet","true","1","Mishneh Torah, Service on the Day of Atonement 5:9"
"mishneh-torah-service-on-the-day-of-atonement","Mishneh Torah, Service on the Day of Atonement","tok-955d4a8f53da","הַכַּפֹּרֶת","הכפרת","Unresolved","","No lexical entry yet","true","2","Mishneh Torah, Service on the Day of Atonement 3:5"
"mishneh-torah-service-on-the-day-of-atonement","Mishneh Torah, Service on the Day of Atonement","tok-7bc71602ed25","הַכַּפֹּרֶת""","הכפרת""","Unresolved","","No lexical entry yet","true","3","Mishneh Torah, Service on the Day of Atonement 1:7; Mishneh Torah, Service on the Day of Atonement 3:5; Mishneh Torah, Service on the Day of Atonement 5:25"
"mishneh-torah-service-on-the-day-of-atonement","Mishneh Torah, Service on the Day of Atonement","tok-e6e40c2f03cf","הַמְבָרְכִין","המברכינ","Unresolved","","No lexical entry yet","true","1","Mishneh Torah, Service on the Day of Atonement 2:7"
"mishneh-torah-service-on-the-day-of-atonement","Mishneh Torah, Service on the Day of Atonement","tok-48e2f05f0cd9","הַמִּדְבָּרָה""","המדברה""","Unresolved","","No lexical entry yet","true","1","Mishneh Torah, Service on the Day of Atonement 5:21"
"mishneh-torah-service-on-the-day-of-atonement","Mishneh Torah, Service on the Day of Atonement","tok-76ec179d3cbc","הַמּוּם","המומ","Unresolved","","No lexical entry yet","true","1","Mishneh Torah, Service on the Day of Atonement 5:17"
"mishneh-torah-service-on-the-day-of-atonement","Mishneh Torah, Service on the Day of Atonement","tok-1b9b2f2006b8","הַמּוּסָפִין","המוספינ","Unresolved","","No lexical entry yet","true","1","Mishneh Torah, Service on the Day of Atonement 5:3"
"mishneh-torah-service-on-the-day-of-atonement","Mishneh Torah, Service on the Day of Atonement","tok-0ea7b13122c5","הַמִּזְרָח","המזרח","Unresolved","","No lexical entry yet","true","1","Mishneh Torah, Service on the Day of Atonement 1:5"
"mishneh-torah-service-on-the-day-of-atonement","Mishneh Torah, Service on the Day of Atonement","tok-48677d6c8631","הַמַּחְתָּה","המחתה","Unresolved","","No lexical entry yet","true","7","Mishneh Torah, Service on the Day of Atonement 2:2; Mishneh Torah, Service on the Day of Atonement 4:1; Mishneh Torah, Service on the Day of Atonement 4:2"
"mishneh-torah-service-on-the-day-of-atonement","Mishneh Torah, Service on the Day of Atonement","tok-27e3a16ca026","הַמְיֻחָדוֹת","המיחדות","Unresolved","","No lexical entry yet","true","1","Mishneh Torah, Service on the Day of Atonement 2:1"
"mishneh-torah-service-on-the-day-of-atonement","Mishneh Torah, Service on the Day of Atonement","tok-40e3b413a6ed","הַמְיֻחֶדֶת","המיחדת","Unresolved","","No lexical entry yet","true","1","Mishneh Torah, Service on the Day of Atonement 2:1"
"mishneh-torah-service-on-the-day-of-atonement","Mishneh Torah, Service on the Day of Atonement","tok-7edaaf114ab6","הַמְפֹרָשׁ","המפרש","Unresolved","","No lexical entry yet","true","2","Mishneh Torah, Service on the Day of Atonement 2:6; Mishneh Torah, Service on the Day of Atonement 2:7"
"mishneh-torah-service-on-the-day-of-atonement","Mishneh Torah, Service on the Day of Atonement","tok-8d629099241c","הַמִּקְוֶה","המקוה","Unresolved","","No lexical entry yet","true","1","Mishneh Torah, Service on the Day of Atonement 2:4"
"mishneh-torah-service-on-the-day-of-atonement","Mishneh Torah, Service on the Day of Atonement","tok-74116d310095","הַמְרֻבֶּה","המרבה","Unresolved","","No lexical entry yet","true","1","Mishneh Torah, Service on the Day of Atonement 1:2"
"mishneh-torah-service-on-the-day-of-atonement","Mishneh Torah, Service on the Day of Atonement","tok-8bf25d118752","הַמַּרְגִּילִין","המרגילינ","Unresolved","","No lexical entry yet","true","1","Mishneh Torah, Service on the Day of Atonement 1:6"
"mishneh-torah-service-on-the-day-of-atonement","Mishneh Torah, Service on the Day of Atonement","tok-c8b1be31aacb","הַמָּשׁוּחַ","המשוח","Unresolved","","No lexical entry yet","true","1","Mishneh Torah, Service on the Day of Atonement 1:2"
"mishneh-torah-service-on-the-day-of-atonement","Mishneh Torah, Service on the Day of Atonement","tok-a4f5e30b16ad","הַמִּשְׁחָה","המשחה","Unresolved","","No lexical entry yet","true","1","Mishneh Torah, Service on the Day of Atonement 1:2"
"mishneh-torah-service-on-the-day-of-atonement","Mishneh Torah, Service on the Day of Atonement","tok-39c84f2f28a0","הַמְשַׁלֵּחַ","המשלח","Unresolved","","No lexical entry yet","true","2","Mishneh Torah, Service on the Day of Atonement 5:20; Mishneh Torah, Service on the Day of Atonement 5:21"
"mishneh-torah-service-on-the-day-of-atonement","Mishneh Torah, Service on the Day of Atonement","tok-5816ba329f8a","הַמִּשְׁתַּלֵּחַ","המשתלח","Unresolved","","No lexical entry yet","true","7","Mishneh Torah, Service on the Day of Atonement 1:1; Mishneh Torah, Service on the Day of Atonement 2:1; Mishneh Torah, Service on the Day of Atonement 2:6; Mishneh Torah, Service on the Day of Atonement 3:4; Mishneh Torah, Service on the Day of Atonement 4:1"
"mishneh-torah-service-on-the-day-of-atonement","Mishneh Torah, Service on the Day of Atonement","tok-888c6b09fafd","הַמֵּת","המת","Unresolved","","No lexical entry yet","true","1","Mishneh Torah, Service on the Day of Atonement 5:15"
"mishneh-torah-service-on-the-day-of-atonement","Mishneh Torah, Service on the Day of Atonement","tok-11937d0c43c3","הַמַּתֶּכֶת","המתכת","Unresolved","","No lexical entry yet","true","1","Mishneh Torah, Service on the Day of Atonement 3:1"
"mishneh-torah-service-on-the-day-of-atonement","Mishneh Torah, Service on the Day of Atonement","tok-d6cef3797985","הַמַּתָּנוֹת","המתנות","Unresolved","","No lexical entry yet","true","1","Mishneh Torah, Service on the Day of Atonement 5:8"
"mishneh-torah-service-on-the-day-of-atonement","Mishneh Torah, Service on the Day of Atonement","tok-8e00f3233865","הַנֵּרוֹת","הנרות","Unresolved","","No lexical entry yet","true","6","Mishneh Torah, Service on the Day of Atonement 1:2; Mishneh Torah, Service on the Day of Atonement 1:5; Mishneh Torah, Service on the Day of Atonement 2:2; Mishneh Torah, Service on the Day of Atonement 4:1; Mishneh Torah, Service on the Day of Atonement 4:2"
"mishneh-torah-service-on-the-day-of-atonement","Mishneh Torah, Service on the Day of Atonement","tok-16ff59cc18f2","הַנִּשְׂרָפִים","הנשרפימ","Unresolved","","No lexical entry yet","true","2","Mishneh Torah, Service on the Day of Atonement 2:2; Mishneh Torah, Service on the Day of Atonement 2:7"
"mishneh-torah-service-on-the-day-of-atonement","Mishneh Torah, Service on the Day of Atonement","tok-7ee39a745cb3","הַנִּשְׂרָפִין","הנשרפינ","Unresolved","","No lexical entry yet","true","3","Mishneh Torah, Service on the Day of Atonement 2:2; Mishneh Torah, Service on the Day of Atonement 3:8; Mishneh Torah, Service on the Day of Atonement 4:2"
"mishneh-torah-service-on-the-day-of-atonement","Mishneh Torah, Service on the Day of Atonement","tok-d02492265f4e","הַסְּגָן","הסגנ","Unresolved","","No lexical entry yet","true","1","Mishneh Torah, Service on the Day of Atonement 3:3"
"mishneh-torah-service-on-the-day-of-atonement","Mishneh Torah, Service on the Day of Atonement","tok-364d8665bf04","הַסֻּכָּה","הסכה","Unresolved","","No lexical entry yet","true","1","Mishneh Torah, Service on the Day of Atonement 3:7"
"mishneh-torah-service-on-the-day-of-atonement","Mishneh Torah, Service on the Day of Atonement","tok-c0d61e6ec064","הַסָּמוּךְ","הסמוכ","Unresolved","","No lexical entry yet","true","1","Mishneh Torah, Service on the Day of Atonement 4:1"
"mishneh-torah-service-on-the-day-of-atonement","Mishneh Torah, Service on the Day of Atonement","tok-0238b3bfde1c","הַסַּמִּים""","הסמימ""","Unresolved","","No lexical entry yet","true","1","Mishneh Torah, Service on the Day of Atonement 5:24"
"mishneh-torah-service-on-the-day-of-atonement","Mishneh Torah, Service on the Day of Atonement","tok-7874f313e907","הָעֲזָרָה","העזרה","Unresolved","","No lexical entry yet","true","1","Mishneh Torah, Service on the Day of Atonement 3:2"
"mishneh-torah-service-on-the-day-of-atonement","Mishneh Torah, Service on the Day of Atonement","tok-74fa90356f1c","הָעָם""","העמ""","Unresolved","","No lexical entry yet","true","1","Mishneh Torah, Service on the Day of Atonement 4:2"
"mishneh-torah-service-on-the-day-of-atonement","Mishneh Torah, Service on the Day of Atonement","tok-bf2f91529c81","הָעַרְבַּיִם","הערבימ","Unresolved","","No lexical entry yet","true","7","Mishneh Torah, Service on the Day of Atonement 1:1; Mishneh Torah, Service on the Day of Atonement 2:2; Mishneh Torah, Service on the Day of Atonement 4:2"
"mishneh-torah-service-on-the-day-of-atonement","Mishneh Torah, Service on the Day of Atonement","tok-ef638be371f5","הַפְּקוּדִים","הפקודימ","Unresolved","","No lexical entry yet","true","2","Mishneh Torah, Service on the Day of Atonement 1:1; Mishneh Torah, Service on the Day of Atonement 3:10"
"mishneh-torah-service-on-the-day-of-atonement","Mishneh Torah, Service on the Day of Atonement","tok-83fd693efb23","הִפְקִיר","הפקיר","Unresolved","","No lexical entry yet","true","1","Mishneh Torah, Service on the Day of Atonement 5:13"
"mishneh-torah-service-on-the-day-of-atonement","Mishneh Torah, Service on the Day of Atonement","tok-24e8824e40f6","הַפָּר","הפר","Unresolved","","No lexical entry yet","true","33","Mishneh Torah, Service on the Day of Atonement 2:1; Mishneh Torah, Service on the Day of Atonement 2:2; Mishneh Torah, Service on the Day of Atonement 3:5; Mishneh Torah, Service on the Day of Atonement 3:7; Mishneh Torah, Service on the Day of Atonement 3:8"
"mishneh-torah-service-on-the-day-of-atonement","Mishneh Torah, Service on the Day of Atonement","tok-60d0216ee2ff","הַפָּר""","הפר""","Unresolved","","No lexical entry yet","true","1","Mishneh Torah, Service on the Day of Atonement 3:5"
"mishneh-torah-service-on-the-day-of-atonement","Mishneh Torah, Service on the Day of Atonement","tok-5853065bb7d4","הַפָּרָה","הפרה","Unresolved","","No lexical entry yet","true","1","Mishneh Torah, Service on the Day of Atonement 1:4"
"mishneh-torah-service-on-the-day-of-atonement","Mishneh Torah, Service on the Day of Atonement","tok-9ddad3c5b2ef","הַפָּרִים","הפרימ","Unresolved","","No lexical entry yet","true","1","Mishneh Torah, Service on the Day of Atonement 2:7"
"mishneh-torah-service-on-the-day-of-atonement","Mishneh Torah, Service on the Day of Atonement","tok-e50b020a9b73","הַפָּרֹכֶת","הפרכת","Unresolved","","No lexical entry yet","true","7","Mishneh Torah, Service on the Day of Atonement 3:5; Mishneh Torah, Service on the Day of Atonement 4:1; Mishneh Torah, Service on the Day of Atonement 4:2; Mishneh Torah, Service on the Day of Atonement 5:4"
"mishneh-torah-service-on-the-day-of-atonement","Mishneh Torah, Service on the Day of Atonement","tok-78cc5ceb3296","הַצְּדָדִין","הצדדינ","Unresolved","","No lexical entry yet","true","1","Mishneh Torah, Service on the Day of Atonement 5:28"
"mishneh-torah-service-on-the-day-of-atonement","Mishneh Torah, Service on the Day of Atonement","tok-8087769a8e3f","הַצְּדוֹקִין","הצדוקינ","Unresolved","","No lexical entry yet","true","1","Mishneh Torah, Service on the Day of Atonement 1:7"
"mishneh-torah-service-on-the-day-of-atonement","Mishneh Torah, Service on the Day of Atonement","tok-5c5f2baef17a","הַצּוֹם","הצומ","Unresolved","","No lexical entry yet","true","1","Mishneh Torah, Service on the Day of Atonement 1:1"
"mishneh-torah-service-on-the-day-of-atonement","Mishneh Torah, Service on the Day of Atonement","tok-5750ba8098a4","הִקְטִיר","הקטיר","Unresolved","","No lexical entry yet","true","2","Mishneh Torah, Service on the Day of Atonement 5:26; Mishneh Torah, Service on the Day of Atonement 5:28"
"mishneh-torah-service-on-the-day-of-atonement","Mishneh Torah, Service on the Day of Atonement","tok-db2e335e35b3","הַקְטָרָה","הקטרה","Unresolved","","No lexical entry yet","true","1","Mishneh Torah, Service on the Day of Atonement 4:2"
"mishneh-torah-service-on-the-day-of-atonement","Mishneh Torah, Service on the Day of Atonement","tok-1e821399bbec","הַקְטָרַת","הקטרת","Unresolved","","No lexical entry yet","true","2","Mishneh Torah, Service on the Day of Atonement 1:2; Mishneh Torah, Service on the Day of Atonement 4:2"
"mishneh-torah-service-on-the-day-of-atonement","Mishneh Torah, Service on the Day of Atonement","tok-7eb987648871","הַקְּטֹרֶת","הקטרת","Unresolved","","No lexical entry yet","true","17","Mishneh Torah, Service on the Day of Atonement 1:2; Mishneh Torah, Service on the Day of Atonement 1:5; Mishneh Torah, Service on the Day of Atonement 1:7; Mishneh Torah, Service on the Day of Atonement 2:1; Mishneh Torah, Service on the Day of Atonement 2:2"
"mishneh-torah-service-on-the-day-of-atonement","Mishneh Torah, Service on the Day of Atonement","tok-ce8fab760ce3","הַקַּלְפִּי","הקלפי","Unresolved","","No lexical entry yet","true","2","Mishneh Torah, Service on the Day of Atonement 3:2; Mishneh Torah, Service on the Day of Atonement 3:3"
"mishneh-torah-service-on-the-day-of-atonement","Mishneh Torah, Service on the Day of Atonement","tok-084eb2984fd0","הַקְּרֵבִים","הקרבימ","Unresolved","","No lexical entry yet","true","1","Mishneh Torah, Service on the Day of Atonement 1:1"
"mishneh-torah-service-on-the-day-of-atonement","Mishneh Torah, Service on the Day of Atonement","tok-91bb6083a591","הַקְּרֵבִין","הקרבינ","Unresolved","","No lexical entry yet","true","1","Mishneh Torah, Service on the Day of Atonement 1:2"
"mishneh-torah-service-on-the-day-of-atonement","Mishneh Torah, Service on the Day of Atonement","tok-43bb029470da","הַקְּרָנוֹת","הקרנות","Unresolved","","No lexical entry yet","true","1","Mishneh Torah, Service on the Day of Atonement 4:2"
"mishneh-torah-service-on-the-day-of-atonement","Mishneh Torah, Service on the Day of Atonement","tok-c991e550632d","הָרֹבֶד","הרבד","Unresolved","","No lexical entry yet","true","2","Mishneh Torah, Service on the Day of Atonement 4:1"
"mishneh-torah-service-on-the-day-of-atonement","Mishneh Torah, Service on the Day of Atonement","tok-fa7a7f03caa1","הָרְבִיעִי","הרביעי","Unresolved","","No lexical entry yet","true","1","Mishneh Torah, Service on the Day of Atonement 4:1"
"mishneh-torah-service-on-the-day-of-atonement","Mishneh Torah, Service on the Day of Atonement","tok-83745e6fdaa6","הֻרְצָה","הרצה","Unresolved","","No lexical entry yet","true","1","Mishneh Torah, Service on the Day of Atonement 5:28"
"mishneh-torah-service-on-the-day-of-atonement","Mishneh Torah, Service on the Day of Atonement","tok-18221ca8fbcb","הָרִצְפָּה","הרצפה","Unresolved","","No lexical entry yet","true","1","Mishneh Torah, Service on the Day of Atonement 1:8"
"mishneh-torah-service-on-the-day-of-atonement","Mishneh Torah, Service on the Day of Atonement","tok-ae800a304c9a","הַשְּׁאָר","השאר","Unresolved","","No lexical entry yet","true","1","Mishneh Torah, Service on the Day of Atonement 4:2"
"mishneh-torah-service-on-the-day-of-atonement","Mishneh Torah, Service on the Day of Atonement","tok-4daf4ede73b1","הַשֶּׁבַע","השבע","Unresolved","","No lexical entry yet","true","1","Mishneh Torah, Service on the Day of Atonement 3:5"
"mishneh-torah-service-on-the-day-of-atonement","Mishneh Torah, Service on the Day of Atonement","tok-90ac74f74f8d","הַשְּׁחִיטָה","השחיטה","Unresolved","","No lexical entry yet","true","1","Mishneh Torah, Service on the Day of Atonement 4:1"
"mishneh-torah-service-on-the-day-of-atonement","Mishneh Torah, Service on the Day of Atonement","tok-6ebd77c58b81","הַשַּׁחַר","השחר","Unresolved","","No lexical entry yet","true","1","Mishneh Torah, Service on the Day of Atonement 1:8"
"mishneh-torah-service-on-the-day-of-atonement","Mishneh Torah, Service on the Day of Atonement","tok-e101264575fe","הַשְּׁמוּעָה","השמועה","Unresolved","","No lexical entry yet","true","3","Mishneh Torah, Service on the Day of Atonement 1:7; Mishneh Torah, Service on the Day of Atonement 2:6; Mishneh Torah, Service on the Day of Atonement 3:5"
"mishneh-torah-service-on-the-day-of-atonement","Mishneh Torah, Service on the Day of Atonement","tok-66c776504b3b","הַשְּׁנִיִּים","השניימ","Unresolved","","No lexical entry yet","true","1","Mishneh Torah, Service on the Day of Atonement 5:16"
"mishneh-torah-service-on-the-day-of-atonement","Mishneh Torah, Service on the Day of Atonement","tok-e1c1a68e30a3","הַשָּׂעִיר","השעיר","Unresolved","","No lexical entry yet","true","24","Mishneh Torah, Service on the Day of Atonement 2:2; Mishneh Torah, Service on the Day of Atonement 3:4; Mishneh Torah, Service on the Day of Atonement 3:5; Mishneh Torah, Service on the Day of Atonement 3:7; Mishneh Torah, Service on the Day of Atonement 4:2"
"mishneh-torah-service-on-the-day-of-atonement","Mishneh Torah, Service on the Day of Atonement","tok-5d5d7b39092f","הַשְּׂעִירִים","השעירימ","Unresolved","","No lexical entry yet","true","5","Mishneh Torah, Service on the Day of Atonement 2:1; Mishneh Torah, Service on the Day of Atonement 3:2; Mishneh Torah, Service on the Day of Atonement 3:3; Mishneh Torah, Service on the Day of Atonement 4:1"
"mishneh-torah-service-on-the-day-of-atonement","Mishneh Torah, Service on the Day of Atonement","tok-081c0da43c09","הַשְּׂרֵפָה","השרפה","Unresolved","","No lexical entry yet","true","1","Mishneh Torah, Service on the Day of Atonement 3:7"
"mishneh-torah-service-on-the-day-of-atonement","Mishneh Torah, Service on the Day of Atonement","tok-3d85663c4dd9","הַשְּׁתִיָּה","השתיה","Unresolved","","No lexical entry yet","true","1","Mishneh Torah, Service on the Day of Atonement 4:1"
"mishneh-torah-service-on-the-day-of-atonement","Mishneh Torah, Service on the Day of Atonement","tok-b1b05a259360","הַתְּחוּם","התחומ","Unresolved","","No lexical entry yet","true","1","Mishneh Torah, Service on the Day of Atonement 3:7"
"mishneh-torah-service-on-the-day-of-atonement","Mishneh Torah, Service on the Day of Atonement","tok-1b5f0405517b","הַתָּמִיד","התמיד","Unresolved","","No lexical entry yet","true","7","Mishneh Torah, Service on the Day of Atonement 2:2; Mishneh Torah, Service on the Day of Atonement 4:1"
"mishneh-torah-service-on-the-day-of-atonement","Mishneh Torah, Service on the Day of Atonement","tok-dc1771292f3f","הַתְּמִידִין","התמידינ","Unresolved","","No lexical entry yet","true","1","Mishneh Torah, Service on the Day of Atonement 2:1"
"mishneh-torah-service-on-the-day-of-atonement","Mishneh Torah, Service on the Day of Atonement","tok-4c775664a41f","הַתַּעֲרֹבֶת","התערבת","Unresolved","","No lexical entry yet","true","2","Mishneh Torah, Service on the Day of Atonement 4:2"
"mishneh-torah-service-on-the-day-of-atonement","Mishneh Torah, Service on the Day of Atonement","tok-2242ae1f00ad","וְאוֹחֵז","ואוחז","Unresolved","","No lexical entry yet","true","1","Mishneh Torah, Service on the Day of Atonement 4:1"
"mishneh-torah-service-on-the-day-of-atonement","Mishneh Torah, Service on the Day of Atonement","tok-79e24ac6056c","וְאוֹמְרִים","ואומרימ","Unresolved","","No lexical entry yet","true","3","Mishneh Torah, Service on the Day of Atonement 1:7; Mishneh Torah, Service on the Day of Atonement 1:8; Mishneh Torah, Service on the Day of Atonement 2:7"
"mishneh-torah-service-on-the-day-of-atonement","Mishneh Torah, Service on the Day of Atonement","tok-e24cd5ea5d86","וְאוֹמְרִין","ואומרינ","Unresolved","","No lexical entry yet","true","1","Mishneh Torah, Service on the Day of Atonement 1:5"
"mishneh-torah-service-on-the-day-of-atonement","Mishneh Torah, Service on the Day of Atonement","tok-35d6bab746da","וַאֲחוֹרֵיהֶם","ואחוריהמ","Unresolved","","No lexical entry yet","true","1","Mishneh Torah, Service on the Day of Atonement 3:2"
"mishneh-torah-service-on-the-day-of-atonement","Mishneh Torah, Service on the Day of Atonement","tok-5e8aa8e89371","וַאֲחוֹרָיו","ואחוריו","Unresolved","","No lexical entry yet","true","1","Mishneh Torah, Service on the Day of Atonement 4:1"
"mishneh-torah-service-on-the-day-of-atonement","Mishneh Torah, Service on the Day of Atonement","tok-3bcc87ab279e","וְאַחַת","ואחת","Unresolved","","No lexical entry yet","true","1","Mishneh Torah, Service on the Day of Atonement 3:5"
"mishneh-torah-service-on-the-day-of-atonement","Mishneh Torah, Service on the Day of Atonement","tok-1422e665d862","וְאֵיבְרֵי","ואיברי","Unresolved","","No lexical entry yet","true","1","Mishneh Torah, Service on the Day of Atonement 5:22"
"mishneh-torah-service-on-the-day-of-atonement","Mishneh Torah, Service on the Day of Atonement","tok-2d1a958623e2","וְאֵיל","ואיל","Unresolved","","No lexical entry yet","true","2","Mishneh Torah, Service on the Day of Atonement 2:2; Mishneh Torah, Service on the Day of Atonement 4:2"
"mishneh-torah-service-on-the-day-of-atonement","Mishneh Torah, Service on the Day of Atonement","tok-b8cb4ef415e3","וְאַיִל","ואיל","Unresolved","","No lexical entry yet","true","3","Mishneh Torah, Service on the Day of Atonement 1:1"
"mishneh-torah-service-on-the-day-of-atonement","Mishneh Torah, Service on the Day of Atonement","tok-ed4ba379c2f8","וְאֵילוֹ","ואילו","Unresolved","","No lexical entry yet","true","1","Mishneh Torah, Service on the Day of Atonement 2:2"
"mishneh-torah-service-on-the-day-of-atonement","Mishneh Torah, Service on the Day of Atonement","tok-f322ca3d2d32","וְאֵילִים","ואילימ","Unresolved","","No lexical entry yet","true","1","Mishneh Torah, Service on the Day of Atonement 1:5"
"mishneh-torah-service-on-the-day-of-atonement","Mishneh Torah, Service on the Day of Atonement","tok-548ac80e93d3","וַאֲסָפָהּ","ואספה","Unresolved","","No lexical entry yet","true","1","Mishneh Torah, Service on the Day of Atonement 5:28"
"mishneh-torah-service-on-the-day-of-atonement","Mishneh Torah, Service on the Day of Atonement","tok-e280126610ef","וַאֲפִלּוּ","ואפלו","Unresolved","","No lexical entry yet","true","1","Mishneh Torah, Service on the Day of Atonement 5:19"
"mishneh-torah-service-on-the-day-of-atonement","Mishneh Torah, Service on the Day of Atonement","tok-b16af467723a","וְאַרְבַּע","וארבע","Unresolved","","No lexical entry yet","true","1","Mishneh Torah, Service on the Day of Atonement 3:5"
"mishneh-torah-service-on-the-day-of-atonement","Mishneh Torah, Service on the Day of Atonement","tok-d29438ba23b9","וּבְבַיִת","ובבית","Unresolved","","No lexical entry yet","true","2","Mishneh Torah, Service on the Day of Atonement 3:1; Mishneh Torah, Service on the Day of Atonement 4:1"
"mishneh-torah-service-on-the-day-of-atonement","Mishneh Torah, Service on the Day of Atonement","tok-3f7df252e957","וּבְדָמִים","ובדמימ","Unresolved","","No lexical entry yet","true","1","Mishneh Torah, Service on the Day of Atonement 5:14"
"mishneh-torah-service-on-the-day-of-atonement","Mishneh Torah, Service on the Day of Atonement","tok-44a6d8ff4ede","וּבָהּ","ובה","Unresolved","","No lexical entry yet","true","1","Mishneh Torah, Service on the Day of Atonement 2:5"
"mishneh-torah-service-on-the-day-of-atonement","Mishneh Torah, Service on the Day of Atonement","tok-566d51c99b6a","וּבוֹכִין","ובוכינ","Unresolved","","No lexical entry yet","true","1","Mishneh Torah, Service on the Day of Atonement 1:7"
"mishneh-torah-service-on-the-day-of-atonement","Mishneh Torah, Service on the Day of Atonement","tok-22c7f682b42f","וּבִזְמַן","ובזמנ","Unresolved","","No lexical entry yet","true","1","Mishneh Torah, Service on the Day of Atonement 3:8"
"mishneh-torah-service-on-the-day-of-atonement","Mishneh Torah, Service on the Day of Atonement","tok-7f120ecfa764","וּבְטָהֳרָה","ובטהרה","Unresolved","","No lexical entry yet","true","1","Mishneh Torah, Service on the Day of Atonement 2:7"
"mishneh-torah-service-on-the-day-of-atonement","Mishneh Torah, Service on the Day of Atonement","tok-07c08059dde2","וּבְיָדוֹ","ובידו","Unresolved","","No lexical entry yet","true","1","Mishneh Torah, Service on the Day of Atonement 5:28"
"mishneh-torah-service-on-the-day-of-atonement","Mishneh Torah, Service on the Day of Atonement","tok-088c79725f89","וּבֵיתִי","וביתי","Unresolved","","No lexical entry yet","true","4","Mishneh Torah, Service on the Day of Atonement 4:1"
"mishneh-torah-service-on-the-day-of-atonement","Mishneh Torah, Service on the Day of Atonement","tok-ea1929a9a26f","וּבְכֻלָּם","ובכלמ","Unresolved","","No lexical entry yet","true","1","Mishneh Torah, Service on the Day of Atonement 2:6"
"mishneh-torah-service-on-the-day-of-atonement","Mishneh Torah, Service on the Day of Atonement","tok-9bd7b6250baa","וּבַמֶּה","ובמה","Unresolved","","No lexical entry yet","true","1","Mishneh Torah, Service on the Day of Atonement 1:8"
"mishneh-torah-service-on-the-day-of-atonement","Mishneh Torah, Service on the Day of Atonement","tok-63f0999af4f8","וּבֶעָשׂוֹר","ובעשור","Unresolved","","No lexical entry yet","true","1","Mishneh Torah, Service on the Day of Atonement 3:10"
"mishneh-torah-service-on-the-day-of-atonement","Mishneh Torah, Service on the Day of Atonement","tok-d9bc55895d5c","וּבְקוֹמָה","ובקומה","Unresolved","","No lexical entry yet","true","1","Mishneh Torah, Service on the Day of Atonement 5:14"
"mishneh-torah-service-on-the-day-of-atonement","Mishneh Torah, Service on the Day of Atonement","tok-0f7032febdaf","וּבַקָּשָׁה","ובקשה","Unresolved","","No lexical entry yet","true","1","Mishneh Torah, Service on the Day of Atonement 3:11"
"mishneh-torah-service-on-the-day-of-atonement","Mishneh Torah, Service on the Day of Atonement","tok-08ea6b4911a9","וּבַשְּׁבִיעִי","ובשביעי","Unresolved","","No lexical entry yet","true","1","Mishneh Torah, Service on the Day of Atonement 1:4"
"mishneh-torah-service-on-the-day-of-atonement","Mishneh Torah, Service on the Day of Atonement","tok-d4ff8968a18a","וּבִשְׁלֹשֶׁת","ובשלשת","Unresolved","","No lexical entry yet","true","1","Mishneh Torah, Service on the Day of Atonement 2:7"
"mishneh-torah-service-on-the-day-of-atonement","Mishneh Torah, Service on the Day of Atonement","tok-30ee0ce3f946","וְגוֹלֵל","וגולל","Unresolved","","No lexical entry yet","true","1","Mishneh Torah, Service on the Day of Atonement 3:10"
"mishneh-torah-service-on-the-day-of-atonement","Mishneh Torah, Service on the Day of Atonement","tok-c4679eb734c3","וְדוֹחֲפוֹ","ודוחפו","Unresolved","","No lexical entry yet","true","1","Mishneh Torah, Service on the Day of Atonement 3:7"
"mishneh-torah-service-on-the-day-of-atonement","Mishneh Torah, Service on the Day of Atonement","tok-c2077faa0683","וִדּוּי","ודוי","Unresolved","","No lexical entry yet","true","5","Mishneh Torah, Service on the Day of Atonement 2:6; Mishneh Torah, Service on the Day of Atonement 4:1"
"mishneh-torah-service-on-the-day-of-atonement","Mishneh Torah, Service on the Day of Atonement","tok-bb8e1e07ba45","וִדּוּיִים","ודויימ","Unresolved","","No lexical entry yet","true","1","Mishneh Torah, Service on the Day of Atonement 2:6"
"mishneh-torah-service-on-the-day-of-atonement","Mishneh Torah, Service on the Day of Atonement","tok-ae6c8eca66e9","וְדַרְכִיּוֹת","ודרכיות","Unresolved","","No lexical entry yet","true","1","Mishneh Torah, Service on the Day of Atonement 3:7"
"mishneh-torah-service-on-the-day-of-atonement","Mishneh Torah, Service on the Day of Atonement","tok-cacaec869057","וְהָאֵפֶר","והאפר","Unresolved","","No lexical entry yet","true","1","Mishneh Torah, Service on the Day of Atonement 4:2"
"mishneh-torah-service-on-the-day-of-atonement","Mishneh Torah, Service on the Day of Atonement","tok-36a7e691927c","וְהַהַגְרָלָה","וההגרלה","Unresolved","","No lexical entry yet","true","1","Mishneh Torah, Service on the Day of Atonement 3:3"
"mishneh-torah-service-on-the-day-of-atonement","Mishneh Torah, Service on the Day of Atonement","tok-7a7eda5aecad","וְהַוִּדּוּי","והודוי","Unresolved","","No lexical entry yet","true","1","Mishneh Torah, Service on the Day of Atonement 2:6"
"mishneh-torah-service-on-the-day-of-atonement","Mishneh Torah, Service on the Day of Atonement","tok-e639ba50b49d","וְהֵזִיד","והזיד","Unresolved","","No lexical entry yet","true","1","Mishneh Torah, Service on the Day of Atonement 5:25"
"mishneh-torah-service-on-the-day-of-atonement","Mishneh Torah, Service on the Day of Atonement","tok-1a4848f1c15d","וְהַחֲבִיתִין","והחביתינ","Unresolved","","No lexical entry yet","true","1","Mishneh Torah, Service on the Day of Atonement 4:1"
"mishneh-torah-service-on-the-day-of-atonement","Mishneh Torah, Service on the Day of Atonement","tok-73c2a0cda062","וְהֵילָךְ","והילכ","Unresolved","","No lexical entry yet","true","1","Mishneh Torah, Service on the Day of Atonement 4:2"
"mishneh-torah-service-on-the-day-of-atonement","Mishneh Torah, Service on the Day of Atonement","tok-94fac8f71282","וְהַמּוּסָפִין","והמוספינ","Unresolved","","No lexical entry yet","true","1","Mishneh Torah, Service on the Day of Atonement 2:1"
"mishneh-torah-service-on-the-day-of-atonement","Mishneh Torah, Service on the Day of Atonement","tok-155f5a102e80","וְהַמְּנוֹרָה","והמנורה","Unresolved","","No lexical entry yet","true","1","Mishneh Torah, Service on the Day of Atonement 4:2"
"mishneh-torah-service-on-the-day-of-atonement","Mishneh Torah, Service on the Day of Atonement","tok-d0a804ebcea5","וְהַנְּסָכִים","והנסכימ","Unresolved","","No lexical entry yet","true","2","Mishneh Torah, Service on the Day of Atonement 2:2; Mishneh Torah, Service on the Day of Atonement 4:1"
"mishneh-torah-service-on-the-day-of-atonement","Mishneh Torah, Service on the Day of Atonement","tok-48c6fc853943","וְהַסְּגָן","והסגנ","Unresolved","","No lexical entry yet","true","2","Mishneh Torah, Service on the Day of Atonement 3:2; Mishneh Torah, Service on the Day of Atonement 3:10"
"mishneh-torah-service-on-the-day-of-atonement","Mishneh Torah, Service on the Day of Atonement","tok-a8c275499f3c","וְהֶעֱלָה","והעלה","Unresolved","","No lexical entry yet","true","1","Mishneh Torah, Service on the Day of Atonement 3:3"
"mishneh-torah-service-on-the-day-of-atonement","Mishneh Torah, Service on the Day of Atonement","tok-01dac6385822","וְהַעֲלָיַת","והעלית","Unresolved","","No lexical entry yet","true","1","Mishneh Torah, Service on the Day of Atonement 3:3"
"mishneh-torah-service-on-the-day-of-atonement","Mishneh Torah, Service on the Day of Atonement","tok-1a46d273e53f","וְהִפְרִישׁ","והפריש","Unresolved","","No lexical entry yet","true","1","Mishneh Torah, Service on the Day of Atonement 5:16"
"mishneh-torah-service-on-the-day-of-atonement","Mishneh Torah, Service on the Day of Atonement","tok-d5fca52a1f5f","וְהִצְטַנֵּן","והצטננ","Unresolved","","No lexical entry yet","true","1","Mishneh Torah, Service on the Day of Atonement 1:8"
"mishneh-torah-service-on-the-day-of-atonement","Mishneh Torah, Service on the Day of Atonement","tok-9314a6979b62","וְהַקִּדּוּשִׁין","והקדושינ","Unresolved","","No lexical entry yet","true","1","Mishneh Torah, Service on the Day of Atonement 2:3"
"mishneh-torah-service-on-the-day-of-atonement","Mishneh Torah, Service on the Day of Atonement","tok-660a67929eb9","וְהַקָּטָן","והקטנ","Unresolved","","No lexical entry yet","true","1","Mishneh Torah, Service on the Day of Atonement 4:1"
"mishneh-torah-service-on-the-day-of-atonement","Mishneh Torah, Service on the Day of Atonement","tok-c55bf6a04067","וְהַקְטָרַת","והקטרת","Unresolved","","No lexical entry yet","true","2","Mishneh Torah, Service on the Day of Atonement 2:1; Mishneh Torah, Service on the Day of Atonement 2:2"
"mishneh-torah-service-on-the-day-of-atonement","Mishneh Torah, Service on the Day of Atonement","tok-dec1c6f63311","וְהַשֵּׁנִי","והשני","Unresolved","","No lexical entry yet","true","4","Mishneh Torah, Service on the Day of Atonement 1:1; Mishneh Torah, Service on the Day of Atonement 1:3; Mishneh Torah, Service on the Day of Atonement 5:15"
"mishneh-torah-service-on-the-day-of-atonement","Mishneh Torah, Service on the Day of Atonement","tok-7326c58effa6","וְהַשָּׂעִיר","והשעיר","Unresolved","","No lexical entry yet","true","3","Mishneh Torah, Service on the Day of Atonement 2:2; Mishneh Torah, Service on the Day of Atonement 3:7; Mishneh Torah, Service on the Day of Atonement 3:8"
"mishneh-torah-service-on-the-day-of-atonement","Mishneh Torah, Service on the Day of Atonement","tok-35117ba4e6bb","וְזוֹרְקוֹ","וזורקו","Unresolved","","No lexical entry yet","true","1","Mishneh Torah, Service on the Day of Atonement 4:1"
"mishneh-torah-service-on-the-day-of-atonement","Mishneh Torah, Service on the Day of Atonement","tok-7fca34567834","וּזְרִיקַת","וזריקת","Unresolved","","No lexical entry yet","true","1","Mishneh Torah, Service on the Day of Atonement 2:2"
"mishneh-torah-service-on-the-day-of-atonement","Mishneh Torah, Service on the Day of Atonement","tok-c8dbcbdbfaa6","וְחוֹפֵן","וחופנ","Unresolved","","No lexical entry yet","true","1","Mishneh Torah, Service on the Day of Atonement 4:1"
"mishneh-torah-service-on-the-day-of-atonement","Mishneh Torah, Service on the Day of Atonement","tok-7615afd9b686","וְחוֹתֶה","וחותה","Unresolved","","No lexical entry yet","true","2","Mishneh Torah, Service on the Day of Atonement 4:1; Mishneh Torah, Service on the Day of Atonement 4:2"
"mishneh-torah-service-on-the-day-of-atonement","Mishneh Torah, Service on the Day of Atonement","tok-16788e37c9a2","וְחַזַּן","וחזנ","Unresolved","","No lexical entry yet","true","1","Mishneh Torah, Service on the Day of Atonement 3:10"
"mishneh-torah-service-on-the-day-of-atonement","Mishneh Torah, Service on the Day of Atonement","tok-43c07bfb3c9f","וְחָלָב","וחלב","Unresolved","","No lexical entry yet","true","1","Mishneh Torah, Service on the Day of Atonement 1:6"
"mishneh-torah-service-on-the-day-of-atonement","Mishneh Torah, Service on the Day of Atonement","tok-bf0b9dd1da06","וְחָמֵשׁ","וחמש","Unresolved","","No lexical entry yet","true","2","Mishneh Torah, Service on the Day of Atonement 2:2; Mishneh Torah, Service on the Day of Atonement 3:5"
"mishneh-torah-service-on-the-day-of-atonement","Mishneh Torah, Service on the Day of Atonement","tok-a238b3778f07","וְחֶצְיוֹ","וחציו","Unresolved","","No lexical entry yet","true","1","Mishneh Torah, Service on the Day of Atonement 3:7"
"mishneh-torah-service-on-the-day-of-atonement","Mishneh Torah, Service on the Day of Atonement","tok-b37f488a6a55","וְטוֹבֵל","וטובל","Unresolved","","No lexical entry yet","true","10","Mishneh Torah, Service on the Day of Atonement 2:2; Mishneh Torah, Service on the Day of Atonement 4:1; Mishneh Torah, Service on the Day of Atonement 4:2"
"mishneh-torah-service-on-the-day-of-atonement","Mishneh Torah, Service on the Day of Atonement","tok-12a428a930d9","וִיבָרְכֵם","ויברכמ","Unresolved","","No lexical entry yet","true","1","Mishneh Torah, Service on the Day of Atonement 3:11"
"mishneh-torah-service-on-the-day-of-atonement","Mishneh Torah, Service on the Day of Atonement","tok-d75a30c66df7","וְיַגְרִיל","ויגריל","Unresolved","","No lexical entry yet","true","1","Mishneh Torah, Service on the Day of Atonement 5:15"
"mishneh-torah-service-on-the-day-of-atonement","Mishneh Torah, Service on the Day of Atonement","tok-bee0c342afd4","וְיוֹרְדִין","ויורדינ","Unresolved","","No lexical entry yet","true","2","Mishneh Torah, Service on the Day of Atonement 2:5"
"mishneh-torah-service-on-the-day-of-atonement","Mishneh Torah, Service on the Day of Atonement","tok-16d1bffabfab","וְיוֹשֵׁב","ויושב","Unresolved","","No lexical entry yet","true","1","Mishneh Torah, Service on the Day of Atonement 3:7"
"mishneh-torah-service-on-the-day-of-atonement","Mishneh Torah, Service on the Day of Atonement","tok-0145d5758090","וְיַזֶּה","ויזה","Unresolved","","No lexical entry yet","true","4","Mishneh Torah, Service on the Day of Atonement 5:4; Mishneh Torah, Service on the Day of Atonement 5:5; Mishneh Torah, Service on the Day of Atonement 5:8"
"mishneh-torah-service-on-the-day-of-atonement","Mishneh Torah, Service on the Day of Atonement","tok-bb3a0de4944f","וְיַחְזֹר","ויחזר","Unresolved","","No lexical entry yet","true","1","Mishneh Torah, Service on the Day of Atonement 5:5"
"mishneh-torah-service-on-the-day-of-atonement","Mishneh Torah, Service on the Day of Atonement","tok-d51cde64f685","וְיַחֲפֹן","ויחפנ","Unresolved","","No lexical entry yet","true","1","Mishneh Torah, Service on the Day of Atonement 5:8"
"mishneh-torah-service-on-the-day-of-atonement","Mishneh Torah, Service on the Day of Atonement","tok-22eed139f87b","וִימִיתֶנּוּ","וימיתנו","Unresolved","","No lexical entry yet","true","1","Mishneh Torah, Service on the Day of Atonement 5:22"
"mishneh-torah-service-on-the-day-of-atonement","Mishneh Torah, Service on the Day of Atonement","tok-3dd4aa9dc94b","וְיִמָּכֵר","וימכר","Unresolved","","No lexical entry yet","true","1","Mishneh Torah, Service on the Day of Atonement 5:15"
"mishneh-torah-service-on-the-day-of-atonement","Mishneh Torah, Service on the Day of Atonement","tok-0837d0051e78","וְיִמָּכְרוּ","וימכרו","Unresolved","","No lexical entry yet","true","1","Mishneh Torah, Service on the Day of Atonement 5:16"
"mishneh-torah-service-on-the-day-of-atonement","Mishneh Torah, Service on the Day of Atonement","tok-7494ec52cb48","וְיִמְנֶה","וימנה","Unresolved","","No lexical entry yet","true","1","Mishneh Torah, Service on the Day of Atonement 3:5"
"mishneh-torah-service-on-the-day-of-atonement","Mishneh Torah, Service on the Day of Atonement","tok-b687e821619d","וְיִפְּלוּ","ויפלו","Unresolved","","No lexical entry yet","true","3","Mishneh Torah, Service on the Day of Atonement 5:15; Mishneh Torah, Service on the Day of Atonement 5:16"
"mishneh-torah-service-on-the-day-of-atonement","Mishneh Torah, Service on the Day of Atonement","tok-f6791ea1548b","וְיִפָּסֵל","ויפסל","Unresolved","","No lexical entry yet","true","1","Mishneh Torah, Service on the Day of Atonement 5:4"
"mishneh-torah-service-on-the-day-of-atonement","Mishneh Torah, Service on the Day of Atonement","tok-b3ed14e32f6f","וְיִפְשֹׁט","ויפשט","Unresolved","","No lexical entry yet","true","1","Mishneh Torah, Service on the Day of Atonement 2:2"
"mishneh-torah-service-on-the-day-of-atonement","Mishneh Torah, Service on the Day of Atonement","tok-5289e5585ebe","וְיָצְאוּ","ויצאו","Unresolved","","No lexical entry yet","true","1","Mishneh Torah, Service on the Day of Atonement 1:7"
"mishneh-torah-service-on-the-day-of-atonement","Mishneh Torah, Service on the Day of Atonement","tok-d3d5fa5aab06","וְיַקְטִיר","ויקטיר","Unresolved","","No lexical entry yet","true","1","Mishneh Torah, Service on the Day of Atonement 5:8"
"mishneh-torah-service-on-the-day-of-atonement","Mishneh Torah, Service on the Day of Atonement","tok-6adebf511819","וְיִרְעוּ","וירעו","Unresolved","","No lexical entry yet","true","1","Mishneh Torah, Service on the Day of Atonement 5:16"
"mishneh-torah-service-on-the-day-of-atonement","Mishneh Torah, Service on the Day of Atonement","tok-026b4e3199af","וְיִשְׁחֹט","וישחט","Unresolved","","No lexical entry yet","true","1","Mishneh Torah, Service on the Day of Atonement 5:4"
"mishneh-torah-service-on-the-day-of-atonement","Mishneh Torah, Service on the Day of Atonement","tok-cb5d0f048ef1","וּכְבָשִׂים","וכבשימ","Unresolved","","No lexical entry yet","true","1","Mishneh Torah, Service on the Day of Atonement 1:5"
"mishneh-torah-service-on-the-day-of-atonement","Mishneh Torah, Service on the Day of Atonement","tok-73a3575505d9","וְכָךְ","וככ","Unresolved","","No lexical entry yet","true","5","Mishneh Torah, Service on the Day of Atonement 3:5; Mishneh Torah, Service on the Day of Atonement 4:1; Mishneh Torah, Service on the Day of Atonement 4:2"
"mishneh-torah-service-on-the-day-of-atonement","Mishneh Torah, Service on the Day of Atonement","tok-f90f450fe752","וְכַף","וכפ","Unresolved","","No lexical entry yet","true","2","Mishneh Torah, Service on the Day of Atonement 4:1"
"mishneh-torah-service-on-the-day-of-atonement","Mishneh Torah, Service on the Day of Atonement","tok-44021117aeb6","וּכְשֶׁיַּעֲלֶה","וכשיעלה","Unresolved","","No lexical entry yet","true","1","Mishneh Torah, Service on the Day of Atonement 1:7"
"mishneh-torah-service-on-the-day-of-atonement","Mishneh Torah, Service on the Day of Atonement","tok-53998e61760e","וְלָבַשׁ","ולבש","Unresolved","","No lexical entry yet","true","1","Mishneh Torah, Service on the Day of Atonement 2:2"
"mishneh-torah-service-on-the-day-of-atonement","Mishneh Torah, Service on the Day of Atonement","tok-fc489124b1bb","וְלוֹבֵשׁ","ולובש","Unresolved","","No lexical entry yet","true","13","Mishneh Torah, Service on the Day of Atonement 2:2; Mishneh Torah, Service on the Day of Atonement 4:1; Mishneh Torah, Service on the Day of Atonement 4:2"
"mishneh-torah-service-on-the-day-of-atonement","Mishneh Torah, Service on the Day of Atonement","tok-5ef9ff871a76","וּלְוִדּוּי","ולודוי","Unresolved","","No lexical entry yet","true","1","Mishneh Torah, Service on the Day of Atonement 2:7"
"mishneh-torah-service-on-the-day-of-atonement","Mishneh Torah, Service on the Day of Atonement","tok-be4a3cb1acda","וְלָמָּה","ולמה","Unresolved","","No lexical entry yet","true","4","Mishneh Torah, Service on the Day of Atonement 3:5; Mishneh Torah, Service on the Day of Atonement 3:10; Mishneh Torah, Service on the Day of Atonement 4:1"
"mishneh-torah-service-on-the-day-of-atonement","Mishneh Torah, Service on the Day of Atonement","tok-c189e16b90b1","וְלַמִּזְבֵּחַ","ולמזבח","Unresolved","","No lexical entry yet","true","3","Mishneh Torah, Service on the Day of Atonement 4:1; Mishneh Torah, Service on the Day of Atonement 4:2"
"mishneh-torah-service-on-the-day-of-atonement","Mishneh Torah, Service on the Day of Atonement","tok-8d488870ab3f","וּלְמָחָר","ולמחר","Unresolved","","No lexical entry yet","true","1","Mishneh Torah, Service on the Day of Atonement 2:4"
"mishneh-torah-service-on-the-day-of-atonement","Mishneh Torah, Service on the Day of Atonement","tok-70c727e24b80","וְלַנִּשְׁחָט","ולנשחט","Unresolved","","No lexical entry yet","true","2","Mishneh Torah, Service on the Day of Atonement 3:4; Mishneh Torah, Service on the Day of Atonement 4:1"
"mishneh-torah-service-on-the-day-of-atonement","Mishneh Torah, Service on the Day of Atonement","tok-3bef252b87aa","וְלָעֲווֹנוֹת","ולעוונות","Unresolved","","No lexical entry yet","true","1","Mishneh Torah, Service on the Day of Atonement 2:6"
"mishneh-torah-service-on-the-day-of-atonement","Mishneh Torah, Service on the Day of Atonement","tok-3e58d0fdf3c9","וּלְעַטְּרוֹ","ולעטרו","Unresolved","","No lexical entry yet","true","1","Mishneh Torah, Service on the Day of Atonement 2:5"
"mishneh-torah-service-on-the-day-of-atonement","Mishneh Torah, Service on the Day of Atonement","tok-8cabcf29eea2","וְלַפְּשָׁעִים","ולפשעימ","Unresolved","","No lexical entry yet","true","4","Mishneh Torah, Service on the Day of Atonement 2:6; Mishneh Torah, Service on the Day of Atonement 4:1; Mishneh Torah, Service on the Day of Atonement 4:2"
"mishneh-torah-service-on-the-day-of-atonement","Mishneh Torah, Service on the Day of Atonement","tok-a737b202561a","וּלְקִיחָתָן","ולקיחתנ","Unresolved","","No lexical entry yet","true","1","Mishneh Torah, Service on the Day of Atonement 5:14"
"mishneh-torah-service-on-the-day-of-atonement","Mishneh Torah, Service on the Day of Atonement","tok-56541388d0ce","וּמַבְלִיעוֹ","ומבליעו","Unresolved","","No lexical entry yet","true","1","Mishneh Torah, Service on the Day of Atonement 2:6"
"mishneh-torah-service-on-the-day-of-atonement","Mishneh Torah, Service on the Day of Atonement","tok-e67ae60aeaca","וּמְבָרֵךְ","ומברכ","Unresolved","","No lexical entry yet","true","3","Mishneh Torah, Service on the Day of Atonement 3:11"
"mishneh-torah-service-on-the-day-of-atonement","Mishneh Torah, Service on the Day of Atonement","tok-1450b5be2d13","וּמְדַשְּׁנִין","ומדשנינ","Unresolved","","No lexical entry yet","true","1","Mishneh Torah, Service on the Day of Atonement 4:1"
"mishneh-torah-service-on-the-day-of-atonement","Mishneh Torah, Service on the Day of Atonement","tok-506f5a74c6cf","וּמְהַלֵּךְ","ומהלכ","Unresolved","","No lexical entry yet","true","1","Mishneh Torah, Service on the Day of Atonement 4:1"
"mishneh-torah-service-on-the-day-of-atonement","Mishneh Torah, Service on the Day of Atonement","tok-8a3decf002ef","וּמוֹנֶה","ומונה","Unresolved","","No lexical entry yet","true","3","Mishneh Torah, Service on the Day of Atonement 3:5"
"mishneh-torah-service-on-the-day-of-atonement","Mishneh Torah, Service on the Day of Atonement","tok-fa37a6661a34","וּמוֹסִיף","ומוסיפ","Unresolved","","No lexical entry yet","true","1","Mishneh Torah, Service on the Day of Atonement 3:11"
"mishneh-torah-service-on-the-day-of-atonement","Mishneh Torah, Service on the Day of Atonement","tok-01890c483816","וּמוֹסְרִין","ומוסרינ","Unresolved","","No lexical entry yet","true","1","Mishneh Torah, Service on the Day of Atonement 1:5"
"mishneh-torah-service-on-the-day-of-atonement","Mishneh Torah, Service on the Day of Atonement","tok-b512da44a4c8","וּמוֹצִיאִין","ומוציאינ","Unresolved","","No lexical entry yet","true","1","Mishneh Torah, Service on the Day of Atonement 4:1"
"mishneh-torah-service-on-the-day-of-atonement","Mishneh Torah, Service on the Day of Atonement","tok-af780592c9b0","וּמַזְכִּיר","ומזכיר","Unresolved","","No lexical entry yet","true","1","Mishneh Torah, Service on the Day of Atonement 2:6"
"mishneh-torah-service-on-the-day-of-atonement","Mishneh Torah, Service on the Day of Atonement","tok-47aff9263d2d","וּמַחֲזִיר","ומחזיר","Unresolved","","No lexical entry yet","true","1","Mishneh Torah, Service on the Day of Atonement 4:2"
"mishneh-torah-service-on-the-day-of-atonement","Mishneh Torah, Service on the Day of Atonement","tok-c9f1e0e554db","וּמְחַתֵּךְ","ומחתכ","Unresolved","","No lexical entry yet","true","1","Mishneh Torah, Service on the Day of Atonement 3:7"
"mishneh-torah-service-on-the-day-of-atonement","Mishneh Torah, Service on the Day of Atonement","tok-cfff893c05f2","וּמֵיטִיב","ומיטיב","Unresolved","","No lexical entry yet","true","5","Mishneh Torah, Service on the Day of Atonement 1:5; Mishneh Torah, Service on the Day of Atonement 2:2; Mishneh Torah, Service on the Day of Atonement 4:1; Mishneh Torah, Service on the Day of Atonement 4:2"
"mishneh-torah-service-on-the-day-of-atonement","Mishneh Torah, Service on the Day of Atonement","tok-7ab91263abc1","וּמַכְנִיס","ומכניס","Unresolved","","No lexical entry yet","true","1","Mishneh Torah, Service on the Day of Atonement 3:5"
"mishneh-torah-service-on-the-day-of-atonement","Mishneh Torah, Service on the Day of Atonement","tok-a5ccccbb7d2b","וּמְלַמְּדִין","ומלמדינ","Unresolved","","No lexical entry yet","true","1","Mishneh Torah, Service on the Day of Atonement 1:5"
"mishneh-torah-service-on-the-day-of-atonement","Mishneh Torah, Service on the Day of Atonement","tok-cdf00566fd47","וּמַמְתִּין","וממתינ","Unresolved","","No lexical entry yet","true","1","Mishneh Torah, Service on the Day of Atonement 4:1"
"mishneh-torah-service-on-the-day-of-atonement","Mishneh Torah, Service on the Day of Atonement","tok-49647a5113fe","וּמַנִּיחַ","ומניח","Unresolved","","No lexical entry yet","true","2","Mishneh Torah, Service on the Day of Atonement 4:1; Mishneh Torah, Service on the Day of Atonement 4:2"
"mishneh-torah-service-on-the-day-of-atonement","Mishneh Torah, Service on the Day of Atonement","tok-ce2ac52b0740","וּמַנִּיחָהּ","ומניחה","Unresolved","","No lexical entry yet","true","3","Mishneh Torah, Service on the Day of Atonement 3:10; Mishneh Torah, Service on the Day of Atonement 4:1"
"mishneh-torah-service-on-the-day-of-atonement","Mishneh Torah, Service on the Day of Atonement","tok-c5a78345f5ae","וּמַנִּיחוֹ","ומניחו","Unresolved","","No lexical entry yet","true","2","Mishneh Torah, Service on the Day of Atonement 4:2"
"mishneh-torah-service-on-the-day-of-atonement","Mishneh Torah, Service on the Day of Atonement","tok-3dbcecd19f9a","וּמַנִּיחִין","ומניחינ","Unresolved","","No lexical entry yet","true","1","Mishneh Torah, Service on the Day of Atonement 3:1"
"mishneh-torah-service-on-the-day-of-atonement","Mishneh Torah, Service on the Day of Atonement","tok-30c79d1b4bbe","וּמְנִיפִין","ומניפינ","Unresolved","","No lexical entry yet","true","1","Mishneh Torah, Service on the Day of Atonement 3:7"
"mishneh-torah-service-on-the-day-of-atonement","Mishneh Torah, Service on the Day of Atonement","tok-3b2a4e1ecf08","וּמְנַתְּחִין","ומנתחינ","Unresolved","","No lexical entry yet","true","1","Mishneh Torah, Service on the Day of Atonement 3:7"
"mishneh-torah-service-on-the-day-of-atonement","Mishneh Torah, Service on the Day of Atonement","tok-4972bc0a300b","וּמְסַדְּרִין","ומסדרינ","Unresolved","","No lexical entry yet","true","1","Mishneh Torah, Service on the Day of Atonement 4:1"
"mishneh-torah-service-on-the-day-of-atonement","Mishneh Torah, Service on the Day of Atonement","tok-3755a9645fb2","וּמִסְתַּפֵּג","ומסתפג","Unresolved","","No lexical entry yet","true","5","Mishneh Torah, Service on the Day of Atonement 2:2"
"mishneh-torah-service-on-the-day-of-atonement","Mishneh Torah, Service on the Day of Atonement","tok-291b00a978f7","וּמַעֲבִירִין","ומעבירינ","Unresolved","","No lexical entry yet","true","1","Mishneh Torah, Service on the Day of Atonement 1:5"
"mishneh-torah-service-on-the-day-of-atonement","Mishneh Torah, Service on the Day of Atonement","tok-a866629a5428","וּמַעֲמִידוֹ","ומעמידו","Unresolved","","No lexical entry yet","true","2","Mishneh Torah, Service on the Day of Atonement 3:4; Mishneh Torah, Service on the Day of Atonement 4:1"
"mishneh-torah-service-on-the-day-of-atonement","Mishneh Torah, Service on the Day of Atonement","tok-0e7c24cef1cc","וּמַעֲמִידִין","ומעמידינ","Unresolved","","No lexical entry yet","true","1","Mishneh Torah, Service on the Day of Atonement 3:2"
"mishneh-torah-service-on-the-day-of-atonement","Mishneh Torah, Service on the Day of Atonement","tok-986dcbaa8174","וּמְעָרֶה","ומערה","Unresolved","","No lexical entry yet","true","2","Mishneh Torah, Service on the Day of Atonement 2:5; Mishneh Torah, Service on the Day of Atonement 4:1"
"mishneh-torah-service-on-the-day-of-atonement","Mishneh Torah, Service on the Day of Atonement","tok-dd6067e10a27","וּמַפְרִישִׁין","ומפרישינ","Unresolved","","No lexical entry yet","true","1","Mishneh Torah, Service on the Day of Atonement 1:3"
"mishneh-torah-service-on-the-day-of-atonement","Mishneh Torah, Service on the Day of Atonement","tok-73c02cf1abff","וּמְקַבֵּל","ומקבל","Unresolved","","No lexical entry yet","true","4","Mishneh Torah, Service on the Day of Atonement 3:10; Mishneh Torah, Service on the Day of Atonement 4:1; Mishneh Torah, Service on the Day of Atonement 4:2"
"mishneh-torah-service-on-the-day-of-atonement","Mishneh Torah, Service on the Day of Atonement","tok-6e6506809d54","וּמַקְטִיר","ומקטיר","Unresolved","","No lexical entry yet","true","10","Mishneh Torah, Service on the Day of Atonement 1:5; Mishneh Torah, Service on the Day of Atonement 2:2; Mishneh Torah, Service on the Day of Atonement 4:1; Mishneh Torah, Service on the Day of Atonement 4:2"
"mishneh-torah-service-on-the-day-of-atonement","Mishneh Torah, Service on the Day of Atonement","tok-7e60782ba53a","וּמַקְטִירָן","ומקטירנ","Unresolved","","No lexical entry yet","true","1","Mishneh Torah, Service on the Day of Atonement 3:7"
"mishneh-torah-service-on-the-day-of-atonement","Mishneh Torah, Service on the Day of Atonement","tok-027a3cd768de","וּמַקְרִיב","ומקריב","Unresolved","","No lexical entry yet","true","5","Mishneh Torah, Service on the Day of Atonement 2:2; Mishneh Torah, Service on the Day of Atonement 4:2"
"mishneh-torah-service-on-the-day-of-atonement","Mishneh Torah, Service on the Day of Atonement","tok-490a1d3a35d2","וּמַקְרִיבִין","ומקריבינ","Unresolved","","No lexical entry yet","true","1","Mishneh Torah, Service on the Day of Atonement 1:1"
"mishneh-torah-service-on-the-day-of-atonement","Mishneh Torah, Service on the Day of Atonement","tok-428dd43e5ae4","וּמְשַׁלֵּחַ","ומשלח","Unresolved","","No lexical entry yet","true","1","Mishneh Torah, Service on the Day of Atonement 4:2"
"mishneh-torah-service-on-the-day-of-atonement","Mishneh Torah, Service on the Day of Atonement","tok-37da89527b00","וּמְשַׁלְּחָן","ומשלחנ","Unresolved","","No lexical entry yet","true","1","Mishneh Torah, Service on the Day of Atonement 3:7"
"mishneh-torah-service-on-the-day-of-atonement","Mishneh Torah, Service on the Day of Atonement","tok-795e59b902b4","וּמִשְׁתַּחֲוִים","ומשתחוימ","Unresolved","","No lexical entry yet","true","1","Mishneh Torah, Service on the Day of Atonement 2:7"
"mishneh-torah-service-on-the-day-of-atonement","Mishneh Torah, Service on the Day of Atonement","tok-f64847505c1b","וּמֵת","ומת","Unresolved","","No lexical entry yet","true","2","Mishneh Torah, Service on the Day of Atonement 5:13; Mishneh Torah, Service on the Day of Atonement 5:28"
"mishneh-torah-service-on-the-day-of-atonement","Mishneh Torah, Service on the Day of Atonement","tok-40b6a1f0e6e2","וּמִתְוַדֶּה","ומתודה","Unresolved","","No lexical entry yet","true","3","Mishneh Torah, Service on the Day of Atonement 4:1; Mishneh Torah, Service on the Day of Atonement 4:2"
"mishneh-torah-service-on-the-day-of-atonement","Mishneh Torah, Service on the Day of Atonement","tok-a151c44c3988","וּמַתְחִיל","ומתחיל","Unresolved","","No lexical entry yet","true","4","Mishneh Torah, Service on the Day of Atonement 1:3; Mishneh Torah, Service on the Day of Atonement 4:2; Mishneh Torah, Service on the Day of Atonement 5:7"
"mishneh-torah-service-on-the-day-of-atonement","Mishneh Torah, Service on the Day of Atonement","tok-a5e86b260068","וּמִתְעַסְּקִין","ומתעסקינ","Unresolved","","No lexical entry yet","true","1","Mishneh Torah, Service on the Day of Atonement 1:8"
"mishneh-torah-service-on-the-day-of-atonement","Mishneh Torah, Service on the Day of Atonement","tok-bb1e88156c6f","וּמַתְקִינִין","ומתקינינ","Unresolved","","No lexical entry yet","true","1","Mishneh Torah, Service on the Day of Atonement 1:3"
"mishneh-torah-service-on-the-day-of-atonement","Mishneh Torah, Service on the Day of Atonement","tok-22309e65b7fa","וְנֶאֱכַל","ונאכל","Unresolved","","No lexical entry yet","true","1","Mishneh Torah, Service on the Day of Atonement 1:1"
"mishneh-torah-service-on-the-day-of-atonement","Mishneh Torah, Service on the Day of Atonement","tok-2a9f4e47ab3e","וְנוֹטֵל","ונוטל","Unresolved","","No lexical entry yet","true","2","Mishneh Torah, Service on the Day of Atonement 4:1; Mishneh Torah, Service on the Day of Atonement 4:2"
"mishneh-torah-service-on-the-day-of-atonement","Mishneh Torah, Service on the Day of Atonement","tok-0911d0303e3e","וְנוֹטְלוֹ","ונוטלו","Unresolved","","No lexical entry yet","true","1","Mishneh Torah, Service on the Day of Atonement 5:21"
"mishneh-torah-service-on-the-day-of-atonement","Mishneh Torah, Service on the Day of Atonement","tok-d3bdd6fef2d7","וְנוֹפְלִים","ונופלימ","Unresolved","","No lexical entry yet","true","1","Mishneh Torah, Service on the Day of Atonement 2:7"
"mishneh-torah-service-on-the-day-of-atonement","Mishneh Torah, Service on the Day of Atonement","tok-ffb9b4f551cf","וְנוֹתְנוֹ","ונותנו","Unresolved","","No lexical entry yet","true","2","Mishneh Torah, Service on the Day of Atonement 3:10; Mishneh Torah, Service on the Day of Atonement 4:1"
"mishneh-torah-service-on-the-day-of-atonement","Mishneh Torah, Service on the Day of Atonement","tok-06b970132b44","וְנוֹתְנָם","ונותנמ","Unresolved","","No lexical entry yet","true","1","Mishneh Torah, Service on the Day of Atonement 3:7"
"mishneh-torah-service-on-the-day-of-atonement","Mishneh Torah, Service on the Day of Atonement","tok-15ccb5db9d9d","וְנוֹתְנָן","ונותננ","Unresolved","","No lexical entry yet","true","1","Mishneh Torah, Service on the Day of Atonement 4:2"
"mishneh-torah-service-on-the-day-of-atonement","Mishneh Torah, Service on the Day of Atonement","tok-fbe69d51769d","וְנִכְנַס","ונכנס","Unresolved","","No lexical entry yet","true","1","Mishneh Torah, Service on the Day of Atonement 5:28"
"mishneh-torah-service-on-the-day-of-atonement","Mishneh Torah, Service on the Day of Atonement","tok-02ddfa0a8ed9","וְנִכְנָס","ונכנס","Unresolved","","No lexical entry yet","true","4","Mishneh Torah, Service on the Day of Atonement 2:2; Mishneh Torah, Service on the Day of Atonement 4:2"
"mishneh-torah-service-on-the-day-of-atonement","Mishneh Torah, Service on the Day of Atonement","tok-57a7e2293f8d","וְנִמְצְאוּ","ונמצאו","Unresolved","","No lexical entry yet","true","1","Mishneh Torah, Service on the Day of Atonement 5:16"
"mishneh-torah-service-on-the-day-of-atonement","Mishneh Torah, Service on the Day of Atonement","tok-55b6876783ee","וְנָפַל","ונפל","Unresolved","","No lexical entry yet","true","1","Mishneh Torah, Service on the Day of Atonement 5:22"
"mishneh-torah-service-on-the-day-of-atonement","Mishneh Torah, Service on the Day of Atonement","tok-26ef23e9a520","וְנִשְׁפַּךְ","ונשפכ","Unresolved","","No lexical entry yet","true","2","Mishneh Torah, Service on the Day of Atonement 5:6; Mishneh Torah, Service on the Day of Atonement 5:7"
"mishneh-torah-service-on-the-day-of-atonement","Mishneh Torah, Service on the Day of Atonement","tok-1eb811798f74","וְנִשְׂרָף","ונשרפ","Unresolved","","No lexical entry yet","true","1","Mishneh Torah, Service on the Day of Atonement 1:1"
"mishneh-torah-service-on-the-day-of-atonement","Mishneh Torah, Service on the Day of Atonement","tok-7812f6a354f1","וְנִתְעָרְבוּ","ונתערבו","Unresolved","","No lexical entry yet","true","1","Mishneh Torah, Service on the Day of Atonement 5:12"
"mishneh-torah-service-on-the-day-of-atonement","Mishneh Torah, Service on the Day of Atonement","tok-489f2fd917a6","וְסִדּוּרָהּ","וסדורה","Unresolved","","No lexical entry yet","true","1","Mishneh Torah, Service on the Day of Atonement 1:5"
"mishneh-torah-service-on-the-day-of-atonement","Mishneh Torah, Service on the Day of Atonement","tok-3cb2259d4b5c","וְסוֹמֵךְ","וסומכ","Unresolved","","No lexical entry yet","true","3","Mishneh Torah, Service on the Day of Atonement 4:1; Mishneh Torah, Service on the Day of Atonement 4:2"
"mishneh-torah-service-on-the-day-of-atonement","Mishneh Torah, Service on the Day of Atonement","tok-ed245feb483a","וְסֻכָּה","וסכה","Unresolved","","No lexical entry yet","true","2","Mishneh Torah, Service on the Day of Atonement 3:7"
"mishneh-torah-service-on-the-day-of-atonement","Mishneh Torah, Service on the Day of Atonement","tok-5181af95d6ed","וְסֻכּוֹת","וסכות","Unresolved","","No lexical entry yet","true","1","Mishneh Torah, Service on the Day of Atonement 3:7"
"mishneh-torah-service-on-the-day-of-atonement","Mishneh Torah, Service on the Day of Atonement","tok-319a4e2420c7","וְעָבַד","ועבד","Unresolved","","No lexical entry yet","true","1","Mishneh Torah, Service on the Day of Atonement 2:3"
"mishneh-torah-service-on-the-day-of-atonement","Mishneh Torah, Service on the Day of Atonement","tok-4cee6c46b04f","וַעֲבוֹדָתָם","ועבודתמ","Unresolved","","No lexical entry yet","true","1","Mishneh Torah, Service on the Day of Atonement 3:11"
"mishneh-torah-service-on-the-day-of-atonement","Mishneh Torah, Service on the Day of Atonement","tok-39ce1df7aa07","וְעֶרֶב","וערב","Unresolved","","No lexical entry yet","true","1","Mishneh Torah, Service on the Day of Atonement 1:5"
"mishneh-torah-service-on-the-day-of-atonement","Mishneh Torah, Service on the Day of Atonement","tok-7d5358222d25","וְעָשָׂה","ועשה","Unresolved","","No lexical entry yet","true","2","Mishneh Torah, Service on the Day of Atonement 3:5; Mishneh Torah, Service on the Day of Atonement 4:2"
"mishneh-torah-service-on-the-day-of-atonement","Mishneh Torah, Service on the Day of Atonement","tok-9347bc2623dd","וּפוֹשֵׁט","ופושט","Unresolved","","No lexical entry yet","true","11","Mishneh Torah, Service on the Day of Atonement 2:2; Mishneh Torah, Service on the Day of Atonement 4:1; Mishneh Torah, Service on the Day of Atonement 4:2"
"mishneh-torah-service-on-the-day-of-atonement","Mishneh Torah, Service on the Day of Atonement","tok-88272115f835","וּפוֹתֵחַ","ופותח","Unresolved","","No lexical entry yet","true","1","Mishneh Torah, Service on the Day of Atonement 3:3"
"mishneh-torah-service-on-the-day-of-atonement","Mishneh Torah, Service on the Day of Atonement","tok-6ccf03a76da5","וּפַר","ופר","Unresolved","","No lexical entry yet","true","2","Mishneh Torah, Service on the Day of Atonement 1:1"
"mishneh-torah-service-on-the-day-of-atonement","Mishneh Torah, Service on the Day of Atonement","tok-9aeae55ed6bf","וּפָרוֹ","ופרו","Unresolved","","No lexical entry yet","true","1","Mishneh Torah, Service on the Day of Atonement 4:1"
"mishneh-torah-service-on-the-day-of-atonement","Mishneh Torah, Service on the Day of Atonement","tok-9536e3adb61a","וּפָשַׁט","ופשט","Unresolved","","No lexical entry yet","true","1","Mishneh Torah, Service on the Day of Atonement 2:2"
"mishneh-torah-service-on-the-day-of-atonement","Mishneh Torah, Service on the Day of Atonement","tok-962a32f32925","וּפָשְׁעוּ","ופשעו","Unresolved","","No lexical entry yet","true","1","Mishneh Torah, Service on the Day of Atonement 4:2"
"mishneh-torah-service-on-the-day-of-atonement","Mishneh Torah, Service on the Day of Atonement","tok-2502ae12a49f","וּפָשַׁעְתִּי","ופשעתי","Unresolved","","No lexical entry yet","true","1","Mishneh Torah, Service on the Day of Atonement 2:6"
"mishneh-torah-service-on-the-day-of-atonement","Mishneh Torah, Service on the Day of Atonement","tok-5adc4cfb45b6","וְצוֹבֵר","וצובר","Unresolved","","No lexical entry yet","true","1","Mishneh Torah, Service on the Day of Atonement 4:1"
"mishneh-torah-service-on-the-day-of-atonement","Mishneh Torah, Service on the Day of Atonement","tok-b7e6cb6a902c","וְקִבֵּל","וקבל","Unresolved","","No lexical entry yet","true","1","Mishneh Torah, Service on the Day of Atonement 5:12"
"mishneh-torah-service-on-the-day-of-atonement","Mishneh Torah, Service on the Day of Atonement","tok-9f7870cd5c91","וְקוֹרְאִים","וקוראימ","Unresolved","","No lexical entry yet","true","1","Mishneh Torah, Service on the Day of Atonement 1:5"
"mishneh-torah-service-on-the-day-of-atonement","Mishneh Torah, Service on the Day of Atonement","tok-74b7a874f7ce","וְקוֹרְעָן","וקורענ","Unresolved","","No lexical entry yet","true","1","Mishneh Torah, Service on the Day of Atonement 3:7"
"mishneh-torah-service-on-the-day-of-atonement","Mishneh Torah, Service on the Day of Atonement","tok-d18473156e03","וְקוֹשֵׁר","וקושר","Unresolved","","No lexical entry yet","true","2","Mishneh Torah, Service on the Day of Atonement 3:4; Mishneh Torah, Service on the Day of Atonement 4:1"
"mishneh-torah-service-on-the-day-of-atonement","Mishneh Torah, Service on the Day of Atonement","tok-2afaeb21a2bd","וְקַלְפִּי","וקלפי","Unresolved","","No lexical entry yet","true","1","Mishneh Torah, Service on the Day of Atonement 3:1"
"mishneh-torah-service-on-the-day-of-atonement","Mishneh Torah, Service on the Day of Atonement","tok-e9457b517bce","וְקָרַב","וקרב","Unresolved","","No lexical entry yet","true","1","Mishneh Torah, Service on the Day of Atonement 5:28"
"mishneh-torah-service-on-the-day-of-atonement","Mishneh Torah, Service on the Day of Atonement","tok-52c4c0394d20","וְרוֹאִין","ורואינ","Unresolved","","No lexical entry yet","true","1","Mishneh Torah, Service on the Day of Atonement 3:7"
"mishneh-torah-service-on-the-day-of-atonement","Mishneh Torah, Service on the Day of Atonement","tok-5e85acd7dbbc","וּרְחוֹקָה","ורחוקה","Unresolved","","No lexical entry yet","true","1","Mishneh Torah, Service on the Day of Atonement 4:1"
"mishneh-torah-service-on-the-day-of-atonement","Mishneh Torah, Service on the Day of Atonement","tok-f39b7b5b332d","וְרָחַץ","ורחצ","Unresolved","","No lexical entry yet","true","2","Mishneh Torah, Service on the Day of Atonement 2:2; Mishneh Torah, Service on the Day of Atonement 2:3"
"mishneh-torah-service-on-the-day-of-atonement","Mishneh Torah, Service on the Day of Atonement","tok-fec1a314ac66","וְרִנָּה","ורנה","Unresolved","","No lexical entry yet","true","1","Mishneh Torah, Service on the Day of Atonement 3:11"
"mishneh-torah-service-on-the-day-of-atonement","Mishneh Torah, Service on the Day of Atonement","tok-292374f84e0e","וְשִׁבְעָה","ושבעה","Unresolved","","No lexical entry yet","true","3","Mishneh Torah, Service on the Day of Atonement 1:1; Mishneh Torah, Service on the Day of Atonement 2:2"
"mishneh-torah-service-on-the-day-of-atonement","Mishneh Torah, Service on the Day of Atonement","tok-7b070504ded6","וְשִׁבְעַת","ושבעת","Unresolved","","No lexical entry yet","true","1","Mishneh Torah, Service on the Day of Atonement 4:1"
"mishneh-torah-service-on-the-day-of-atonement","Mishneh Torah, Service on the Day of Atonement","tok-a1913690c222","וְשׁוֹבֵת","ושובת","Unresolved","","No lexical entry yet","true","1","Mishneh Torah, Service on the Day of Atonement 3:7"
"mishneh-torah-service-on-the-day-of-atonement","Mishneh Torah, Service on the Day of Atonement","tok-fbab6fcdd1ba","וְשׁוֹחֵט","ושוחט","Unresolved","","No lexical entry yet","true","4","Mishneh Torah, Service on the Day of Atonement 2:2; Mishneh Torah, Service on the Day of Atonement 3:4; Mishneh Torah, Service on the Day of Atonement 4:1; Mishneh Torah, Service on the Day of Atonement 4:2"
"mishneh-torah-service-on-the-day-of-atonement","Mishneh Torah, Service on the Day of Atonement","tok-fca02fa6964e","וְשׁוֹפֵךְ","ושופכ","Unresolved","","No lexical entry yet","true","1","Mishneh Torah, Service on the Day of Atonement 4:2"
"mishneh-torah-service-on-the-day-of-atonement","Mishneh Torah, Service on the Day of Atonement","tok-89c4b32f30d0","וְשׁוֹפַךְ","ושופכ","Unresolved","","No lexical entry yet","true","1","Mishneh Torah, Service on the Day of Atonement 5:12"
"mishneh-torah-service-on-the-day-of-atonement","Mishneh Torah, Service on the Day of Atonement","tok-248abc8df244","וּשְׁיָרֵי","ושירי","Unresolved","","No lexical entry yet","true","1","Mishneh Torah, Service on the Day of Atonement 3:6"
"mishneh-torah-service-on-the-day-of-atonement","Mishneh Torah, Service on the Day of Atonement","tok-28ae5841ce10","וּשְׁכִינָה","ושכינה","Unresolved","","No lexical entry yet","true","1","Mishneh Torah, Service on the Day of Atonement 3:11"
"mishneh-torah-service-on-the-day-of-atonement","Mishneh Torah, Service on the Day of Atonement","tok-fc1551cc311b","וּשְׁלִיחַ","ושליח","Unresolved","","No lexical entry yet","true","1","Mishneh Torah, Service on the Day of Atonement 1:7"
"mishneh-torah-service-on-the-day-of-atonement","Mishneh Torah, Service on the Day of Atonement","tok-aacbd5ba2764","וְשָׁלֹשׁ","ושלש","Unresolved","","No lexical entry yet","true","3","Mishneh Torah, Service on the Day of Atonement 3:5; Mishneh Torah, Service on the Day of Atonement 3:6"
"mishneh-torah-service-on-the-day-of-atonement","Mishneh Torah, Service on the Day of Atonement","tok-6d070c536014","וְשֶׁעָווּ","ושעוו","Unresolved","","No lexical entry yet","true","1","Mishneh Torah, Service on the Day of Atonement 4:2"
"mishneh-torah-service-on-the-day-of-atonement","Mishneh Torah, Service on the Day of Atonement","tok-16b8f169a219","וְשֶׁעָוִיתִי","ושעויתי","Unresolved","","No lexical entry yet","true","3","Mishneh Torah, Service on the Day of Atonement 2:6; Mishneh Torah, Service on the Day of Atonement 4:1"
"mishneh-torah-service-on-the-day-of-atonement","Mishneh Torah, Service on the Day of Atonement","tok-ff9426c664da","וְשָׂעִיר","ושעיר","Unresolved","","No lexical entry yet","true","6","Mishneh Torah, Service on the Day of Atonement 1:1; Mishneh Torah, Service on the Day of Atonement 2:2; Mishneh Torah, Service on the Day of Atonement 3:8; Mishneh Torah, Service on the Day of Atonement 4:2; Mishneh Torah, Service on the Day of Atonement 5:16"
"mishneh-torah-service-on-the-day-of-atonement","Mishneh Torah, Service on the Day of Atonement","tok-e805ed3f7213","וּשְׂעִיר","ושעיר","Unresolved","","No lexical entry yet","true","1","Mishneh Torah, Service on the Day of Atonement 5:3"
"mishneh-torah-service-on-the-day-of-atonement","Mishneh Torah, Service on the Day of Atonement","tok-2a0cfcb860a4","וְשֶׁפָּשְׁעוּ","ושפשעו","Unresolved","","No lexical entry yet","true","1","Mishneh Torah, Service on the Day of Atonement 4:2"
"mishneh-torah-service-on-the-day-of-atonement","Mishneh Torah, Service on the Day of Atonement","tok-732c4039dd82","וְשֶׁפָּשַׁעְתִּי","ושפשעתי","Unresolved","","No lexical entry yet","true","3","Mishneh Torah, Service on the Day of Atonement 2:6; Mishneh Torah, Service on the Day of Atonement 4:1"
"mishneh-torah-service-on-the-day-of-atonement","Mishneh Torah, Service on the Day of Atonement","tok-005c4a713366","וּשְׂרֵפָתָן","ושרפתנ","Unresolved","","No lexical entry yet","true","1","Mishneh Torah, Service on the Day of Atonement 3:8"
"mishneh-torah-service-on-the-day-of-atonement","Mishneh Torah, Service on the Day of Atonement","tok-1130438affd3","וְשֵׁשׁ","ושש","Unresolved","","No lexical entry yet","true","1","Mishneh Torah, Service on the Day of Atonement 3:5"
"mishneh-torah-service-on-the-day-of-atonement","Mishneh Torah, Service on the Day of Atonement","tok-b578b66580ce","וּשְׁתַּיִם","ושתימ","Unresolved","","No lexical entry yet","true","1","Mishneh Torah, Service on the Day of Atonement 3:5"
"mishneh-torah-service-on-the-day-of-atonement","Mishneh Torah, Service on the Day of Atonement","tok-ac7e22f20a3c","וּתְחִנָּה","ותחנה","Unresolved","","No lexical entry yet","true","1","Mishneh Torah, Service on the Day of Atonement 3:11"
"mishneh-torah-service-on-the-day-of-atonement","Mishneh Torah, Service on the Day of Atonement","tok-e140bb783873","זְהוֹרִית","זהורית","Unresolved","","No lexical entry yet","true","3","Mishneh Torah, Service on the Day of Atonement 3:4; Mishneh Torah, Service on the Day of Atonement 3:7; Mishneh Torah, Service on the Day of Atonement 4:1"
"mishneh-torah-service-on-the-day-of-atonement","Mishneh Torah, Service on the Day of Atonement","tok-4b61f3213c67","זוּג","זוג","Unresolved","","No lexical entry yet","true","1","Mishneh Torah, Service on the Day of Atonement 5:15"
"mishneh-torah-service-on-the-day-of-atonement","Mishneh Torah, Service on the Day of Atonement","tok-b63b168c4589","זוֹרֵק","זורק","Unresolved","","No lexical entry yet","true","1","Mishneh Torah, Service on the Day of Atonement 1:5"
"mishneh-torah-service-on-the-day-of-atonement","Mishneh Torah, Service on the Day of Atonement","tok-073f9bf05665","זָקֵן","זקנ","Unresolved","","No lexical entry yet","true","1","Mishneh Torah, Service on the Day of Atonement 2:4"
"mishneh-torah-service-on-the-day-of-atonement","Mishneh Torah, Service on the Day of Atonement","tok-02df6c9e80dc","זְקֵנִים","זקנימ","Unresolved","","No lexical entry yet","true","1","Mishneh Torah, Service on the Day of Atonement 1:5"
"mishneh-torah-service-on-the-day-of-atonement","Mishneh Torah, Service on the Day of Atonement","tok-da07b1f8e4c8","חֲבֵרָיו","חבריו","Unresolved","","No lexical entry yet","true","1","Mishneh Torah, Service on the Day of Atonement 2:6"
"mishneh-torah-service-on-the-day-of-atonement","Mishneh Torah, Service on the Day of Atonement","tok-9e222aa23f75","חוֹלֶה","חולה","Unresolved","","No lexical entry yet","true","1","Mishneh Torah, Service on the Day of Atonement 2:4"
"mishneh-torah-service-on-the-day-of-atonement","Mishneh Torah, Service on the Day of Atonement","tok-3da9bfb84e05","חוֹלֵק","חולק","Unresolved","","No lexical entry yet","true","1","Mishneh Torah, Service on the Day of Atonement 3:7"
"mishneh-torah-service-on-the-day-of-atonement","Mishneh Torah, Service on the Day of Atonement","tok-5f3b3106e5fa","חוֹשְׁשִׁין","חוששינ","Unresolved","","No lexical entry yet","true","1","Mishneh Torah, Service on the Day of Atonement 1:7"
"mishneh-torah-service-on-the-day-of-atonement","Mishneh Torah, Service on the Day of Atonement","tok-f4b9fb3404be","חוֹתֶה","חותה","Unresolved","","No lexical entry yet","true","2","Mishneh Torah, Service on the Day of Atonement 2:5"
"mishneh-torah-service-on-the-day-of-atonement","Mishneh Torah, Service on the Day of Atonement","tok-ffeaa110bf0a","חָזְרוּ","חזרו","Unresolved","","No lexical entry yet","true","1","Mishneh Torah, Service on the Day of Atonement 2:6"
"mishneh-torah-service-on-the-day-of-atonement","Mishneh Torah, Service on the Day of Atonement","tok-14bcc71edc71","חָטָאנוּ","חטאנו","Unresolved","","No lexical entry yet","true","1","Mishneh Torah, Service on the Day of Atonement 3:11"
"mishneh-torah-service-on-the-day-of-atonement","Mishneh Torah, Service on the Day of Atonement","tok-14dcf06329e2","חָטָאתִי","חטאתי","Unresolved","","No lexical entry yet","true","3","Mishneh Torah, Service on the Day of Atonement 2:6; Mishneh Torah, Service on the Day of Atonement 4:1"
"mishneh-torah-service-on-the-day-of-atonement","Mishneh Torah, Service on the Day of Atonement","tok-087c2e5e99a8","חַטֹּאתֵיכֶם","חטאתיכמ","Unresolved","","No lexical entry yet","true","2","Mishneh Torah, Service on the Day of Atonement 2:6; Mishneh Torah, Service on the Day of Atonement 4:1"
"mishneh-torah-service-on-the-day-of-atonement","Mishneh Torah, Service on the Day of Atonement","tok-4a631cd478ce","חַי""","חי""","Unresolved","","No lexical entry yet","true","1","Mishneh Torah, Service on the Day of Atonement 5:18"
"mishneh-torah-service-on-the-day-of-atonement","Mishneh Torah, Service on the Day of Atonement","tok-161197e233b4","חַיָּב","חיב","Unresolved","","No lexical entry yet","true","4","Mishneh Torah, Service on the Day of Atonement 5:25; Mishneh Torah, Service on the Day of Atonement 5:26"
"mishneh-torah-service-on-the-day-of-atonement","Mishneh Torah, Service on the Day of Atonement","tok-2c7c4f4feea4","חָלָה","חלה","Unresolved","","No lexical entry yet","true","2","Mishneh Torah, Service on the Day of Atonement 5:19; Mishneh Torah, Service on the Day of Atonement 5:20"
"mishneh-torah-service-on-the-day-of-atonement","Mishneh Torah, Service on the Day of Atonement","tok-e7f9ed422ec6","חַם","חמ","Unresolved","","No lexical entry yet","true","1","Mishneh Torah, Service on the Day of Atonement 1:6"
"mishneh-torah-service-on-the-day-of-atonement","Mishneh Torah, Service on the Day of Atonement","tok-36e7bbbe0bf5","חַמִּין","חמינ","Unresolved","","No lexical entry yet","true","1","Mishneh Torah, Service on the Day of Atonement 2:4"
"mishneh-torah-service-on-the-day-of-atonement","Mishneh Torah, Service on the Day of Atonement","tok-6c396ca85304","חֲמֵשׁ","חמש","Unresolved","","No lexical entry yet","true","2","Mishneh Torah, Service on the Day of Atonement 1:1; Mishneh Torah, Service on the Day of Atonement 1:2"
"mishneh-torah-service-on-the-day-of-atonement","Mishneh Torah, Service on the Day of Atonement","tok-2a9a62c3a361","חֲפִינַת","חפינת","Unresolved","","No lexical entry yet","true","1","Mishneh Torah, Service on the Day of Atonement 5:27"
"mishneh-torah-service-on-the-day-of-atonement","Mishneh Torah, Service on the Day of Atonement","tok-9fe20777185b","חָפַן","חפנ","Unresolved","","No lexical entry yet","true","1","Mishneh Torah, Service on the Day of Atonement 5:28"
"mishneh-torah-service-on-the-day-of-atonement","Mishneh Torah, Service on the Day of Atonement","tok-28fdc9822130","חָפְנָיו","חפניו","Unresolved","","No lexical entry yet","true","3","Mishneh Torah, Service on the Day of Atonement 4:1"
"mishneh-torah-service-on-the-day-of-atonement","Mishneh Torah, Service on the Day of Atonement","tok-d1669984cd9f","חֶצְיוֹ","חציו","Unresolved","","No lexical entry yet","true","1","Mishneh Torah, Service on the Day of Atonement 3:7"
"mishneh-torah-service-on-the-day-of-atonement","Mishneh Torah, Service on the Day of Atonement","tok-21684feed04c","חֲשֵׁכָה","חשכה","Unresolved","","No lexical entry yet","true","1","Mishneh Torah, Service on the Day of Atonement 1:6"
"mishneh-torah-service-on-the-day-of-atonement","Mishneh Torah, Service on the Day of Atonement","tok-124622655fe7","חֲתִיכוֹת","חתיכות","Unresolved","","No lexical entry yet","true","1","Mishneh Torah, Service on the Day of Atonement 3:7"
"mishneh-torah-service-on-the-day-of-atonement","Mishneh Torah, Service on the Day of Atonement","tok-fc206e0afa36","חֲתִיַּת","חתית","Unresolved","","No lexical entry yet","true","1","Mishneh Torah, Service on the Day of Atonement 5:27"
"mishneh-torah-service-on-the-day-of-atonement","Mishneh Torah, Service on the Day of Atonement","tok-358f0f4cdc08","טְבִילָה","טבילה","Unresolved","","No lexical entry yet","true","2","Mishneh Torah, Service on the Day of Atonement 2:2; Mishneh Torah, Service on the Day of Atonement 3:6"
"mishneh-torah-service-on-the-day-of-atonement","Mishneh Torah, Service on the Day of Atonement","tok-40373584ca93","טְבִילוֹת","טבילות","Unresolved","","No lexical entry yet","true","1","Mishneh Torah, Service on the Day of Atonement 2:2"
"mishneh-torah-service-on-the-day-of-atonement","Mishneh Torah, Service on the Day of Atonement","tok-8bce3fe769ec","טָבַל","טבל","Unresolved","","No lexical entry yet","true","1","Mishneh Torah, Service on the Day of Atonement 2:3"
"mishneh-torah-service-on-the-day-of-atonement","Mishneh Torah, Service on the Day of Atonement","tok-f035b1a62c62","טָהֳרוֹ","טהרו","Unresolved","","No lexical entry yet","true","1","Mishneh Torah, Service on the Day of Atonement 4:2"
"mishneh-torah-service-on-the-day-of-atonement","Mishneh Torah, Service on the Day of Atonement","tok-c39f31c70d5b","טוֹבֵל","טובל","Unresolved","","No lexical entry yet","true","2","Mishneh Torah, Service on the Day of Atonement 2:2; Mishneh Torah, Service on the Day of Atonement 3:6"
"mishneh-torah-service-on-the-day-of-atonement","Mishneh Torah, Service on the Day of Atonement","tok-f16dc95f48cf","טז","טז","Unresolved","","No lexical entry yet","true","26","Mishneh Torah, Service on the Day of Atonement 1:1; Mishneh Torah, Service on the Day of Atonement 1:2; Mishneh Torah, Service on the Day of Atonement 1:7; Mishneh Torah, Service on the Day of Atonement 2:2; Mishneh Torah, Service on the Day of Atonement 2:3"
"mishneh-torah-service-on-the-day-of-atonement","Mishneh Torah, Service on the Day of Atonement","tok-1f8815a2b491","טָעוּן","טעונ","Unresolved","","No lexical entry yet","true","1","Mishneh Torah, Service on the Day of Atonement 2:2"
"mishneh-torah-service-on-the-day-of-atonement","Mishneh Torah, Service on the Day of Atonement","tok-df8ce42bd358","טְפוּפוֹת","טפופות","Unresolved","","No lexical entry yet","true","1","Mishneh Torah, Service on the Day of Atonement 4:1"
"mishneh-torah-service-on-the-day-of-atonement","Mishneh Torah, Service on the Day of Atonement","tok-08ffc5fa65b4","טָרַף","טרפ","Unresolved","","No lexical entry yet","true","1","Mishneh Torah, Service on the Day of Atonement 3:3"
"mishneh-torah-service-on-the-day-of-atonement","Mishneh Torah, Service on the Day of Atonement","tok-484f41f3729f","טְרֵפָה","טרפה","Unresolved","","No lexical entry yet","true","1","Mishneh Torah, Service on the Day of Atonement 5:18"
"mishneh-torah-service-on-the-day-of-atonement","Mishneh Torah, Service on the Day of Atonement","tok-794bc8f87b03","יֶאֱרַע","יארע","Unresolved","","No lexical entry yet","true","1","Mishneh Torah, Service on the Day of Atonement 1:3"
"mishneh-torah-service-on-the-day-of-atonement","Mishneh Torah, Service on the Day of Atonement","tok-55f5c2b2f2bf","יב","יב","Unresolved","","No lexical entry yet","true","1","Mishneh Torah, Service on the Day of Atonement 4:1"
"mishneh-torah-service-on-the-day-of-atonement","Mishneh Torah, Service on the Day of Atonement","tok-84c652fc21d3","יג","יג","Unresolved","","No lexical entry yet","true","1","Mishneh Torah, Service on the Day of Atonement 1:7"
"mishneh-torah-service-on-the-day-of-atonement","Mishneh Torah, Service on the Day of Atonement","tok-7d1b1735ba77","יז","יז","Unresolved","","No lexical entry yet","true","3","Mishneh Torah, Service on the Day of Atonement 1:2; Mishneh Torah, Service on the Day of Atonement 2:6; Mishneh Torah, Service on the Day of Atonement 5:23"
"mishneh-torah-service-on-the-day-of-atonement","Mishneh Torah, Service on the Day of Atonement","tok-21e47fa7b0d9","יַזֶּה","יזה","Unresolved","","No lexical entry yet","true","3","Mishneh Torah, Service on the Day of Atonement 3:5; Mishneh Torah, Service on the Day of Atonement 5:4; Mishneh Torah, Service on the Day of Atonement 5:24"
"mishneh-torah-service-on-the-day-of-atonement","Mishneh Torah, Service on the Day of Atonement","tok-abcb94243c0b","יַזֶּה""","יזה""","Unresolved","","No lexical entry yet","true","1","Mishneh Torah, Service on the Day of Atonement 3:5"
"mishneh-torah-service-on-the-day-of-atonement","Mishneh Torah, Service on the Day of Atonement","tok-c5ff532fa7a9","יַחְזֹר","יחזר","Unresolved","","No lexical entry yet","true","1","Mishneh Torah, Service on the Day of Atonement 5:4"
"mishneh-torah-service-on-the-day-of-atonement","Mishneh Torah, Service on the Day of Atonement","tok-9af349ace189","יִיגַע","ייגע","Unresolved","","No lexical entry yet","true","1","Mishneh Torah, Service on the Day of Atonement 2:5"
"mishneh-torah-service-on-the-day-of-atonement","Mishneh Torah, Service on the Day of Atonement","tok-255007765e82","יִישַׁן","יישנ","Unresolved","","No lexical entry yet","true","1","Mishneh Torah, Service on the Day of Atonement 1:8"
"mishneh-torah-service-on-the-day-of-atonement","Mishneh Torah, Service on the Day of Atonement","tok-558c5669f383","יִכָּוֶה","יכוה","Unresolved","","No lexical entry yet","true","1","Mishneh Torah, Service on the Day of Atonement 4:1"
"mishneh-torah-service-on-the-day-of-atonement","Mishneh Torah, Service on the Day of Atonement","tok-3d34347546ff","יְכַפֵּר","יכפר","Unresolved","","No lexical entry yet","true","3","Mishneh Torah, Service on the Day of Atonement 2:6; Mishneh Torah, Service on the Day of Atonement 4:1; Mishneh Torah, Service on the Day of Atonement 4:2"
"mishneh-torah-service-on-the-day-of-atonement","Mishneh Torah, Service on the Day of Atonement","tok-416dcdee6de8","יָמוּת","ימות","Unresolved","","No lexical entry yet","true","1","Mishneh Torah, Service on the Day of Atonement 5:25"
"mishneh-torah-service-on-the-day-of-atonement","Mishneh Torah, Service on the Day of Atonement","tok-57ed68960836","יָסוּר","יסור","Unresolved","","No lexical entry yet","true","2","Mishneh Torah, Service on the Day of Atonement 3:11; Mishneh Torah, Service on the Day of Atonement 4:1"
"mishneh-torah-service-on-the-day-of-atonement","Mishneh Torah, Service on the Day of Atonement","tok-93cfcfea58f2","יַעֲבֹד","יעבד","Unresolved","","No lexical entry yet","true","1","Mishneh Torah, Service on the Day of Atonement 1:3"
"mishneh-torah-service-on-the-day-of-atonement","Mishneh Torah, Service on the Day of Atonement","tok-6ba0afcf0793","יִפְרשׁ","יפרש","Unresolved","","No lexical entry yet","true","1","Mishneh Torah, Service on the Day of Atonement 2:3"
"mishneh-torah-service-on-the-day-of-atonement","Mishneh Torah, Service on the Day of Atonement","tok-507844d1c3bf","יַקְטִיר","יקטיר","Unresolved","","No lexical entry yet","true","1","Mishneh Torah, Service on the Day of Atonement 5:28"
"mishneh-torah-service-on-the-day-of-atonement","Mishneh Torah, Service on the Day of Atonement","tok-434516251138","יִקָּרְבוּ","יקרבו","Unresolved","","No lexical entry yet","true","1","Mishneh Torah, Service on the Day of Atonement 5:16"
"mishneh-torah-service-on-the-day-of-atonement","Mishneh Torah, Service on the Day of Atonement","tok-2a9df311e097","יִקָּרֵשׁ","יקרש","Unresolved","","No lexical entry yet","true","1","Mishneh Torah, Service on the Day of Atonement 4:1"
"mishneh-torah-service-on-the-day-of-atonement","Mishneh Torah, Service on the Day of Atonement","tok-03f5150e1d14","יִשְׁחֲטוּ","ישחטו","Unresolved","","No lexical entry yet","true","1","Mishneh Torah, Service on the Day of Atonement 1:8"
"mishneh-torah-service-on-the-day-of-atonement","Mishneh Torah, Service on the Day of Atonement","tok-c88f0bfed96a","יִשָּׁפְכוּ","ישפכו","Unresolved","","No lexical entry yet","true","1","Mishneh Torah, Service on the Day of Atonement 5:12"
"mishneh-torah-service-on-the-day-of-atonement","Mishneh Torah, Service on the Day of Atonement","tok-44a9cad5c1ed","יִתְכַּוֵּן","יתכונ","Unresolved","","No lexical entry yet","true","1","Mishneh Torah, Service on the Day of Atonement 3:1"
"mishneh-torah-service-on-the-day-of-atonement","Mishneh Torah, Service on the Day of Atonement","tok-d0cd419ef13a","יִתְלַכְלְכוּ","יתלכלכו","Unresolved","","No lexical entry yet","true","1","Mishneh Torah, Service on the Day of Atonement 4:2"
"mishneh-torah-service-on-the-day-of-atonement","Mishneh Torah, Service on the Day of Atonement","tok-9c138dee3c96","יִתְקַיֵּם","יתקימ","Unresolved","","No lexical entry yet","true","2","Mishneh Torah, Service on the Day of Atonement 5:15"
"mishneh-torah-service-on-the-day-of-atonement","Mishneh Torah, Service on the Day of Atonement","tok-b0cacff45bfe","כא","כא","Unresolved","","No lexical entry yet","true","1","Mishneh Torah, Service on the Day of Atonement 5:21"
"mishneh-torah-service-on-the-day-of-atonement","Mishneh Torah, Service on the Day of Atonement","tok-ee02e92fd80a","כְּאַחַת","כאחת","Unresolved","","No lexical entry yet","true","1","Mishneh Torah, Service on the Day of Atonement 5:14"
"mishneh-torah-service-on-the-day-of-atonement","Mishneh Torah, Service on the Day of Atonement","tok-0e9bc0788554","כְּבֵדָה","כבדה","Unresolved","","No lexical entry yet","true","1","Mishneh Torah, Service on the Day of Atonement 2:5"
"mishneh-torah-service-on-the-day-of-atonement","Mishneh Torah, Service on the Day of Atonement","tok-e96b34fbd4c5","כֶּבֶשׁ","כבש","Unresolved","","No lexical entry yet","true","1","Mishneh Torah, Service on the Day of Atonement 2:5"
"mishneh-torah-service-on-the-day-of-atonement","Mishneh Torah, Service on the Day of Atonement","tok-c1af0436d98a","כְּבָשִׂים","כבשימ","Unresolved","","No lexical entry yet","true","3","Mishneh Torah, Service on the Day of Atonement 1:1; Mishneh Torah, Service on the Day of Atonement 2:2"
"mishneh-torah-service-on-the-day-of-atonement","Mishneh Torah, Service on the Day of Atonement","tok-d6ed9a043ec0","כג","כג","Unresolved","","No lexical entry yet","true","2","Mishneh Torah, Service on the Day of Atonement 2:2; Mishneh Torah, Service on the Day of Atonement 3:10"
"mishneh-torah-service-on-the-day-of-atonement","Mishneh Torah, Service on the Day of Atonement","tok-84029e12e2bf","כְּגוֹן","כגונ","Unresolved","","No lexical entry yet","true","3","Mishneh Torah, Service on the Day of Atonement 1:2; Mishneh Torah, Service on the Day of Atonement 1:6; Mishneh Torah, Service on the Day of Atonement 5:17"
"mishneh-torah-service-on-the-day-of-atonement","Mishneh Torah, Service on the Day of Atonement","tok-8dae5ca4640f","כד","כד","Unresolved","","No lexical entry yet","true","3","Mishneh Torah, Service on the Day of Atonement 2:2; Mishneh Torah, Service on the Day of Atonement 2:3; Mishneh Torah, Service on the Day of Atonement 4:2"
"mishneh-torah-service-on-the-day-of-atonement","Mishneh Torah, Service on the Day of Atonement","tok-1197c7e37bb4","כְּהֻנָּה","כהנה","Unresolved","","No lexical entry yet","true","2","Mishneh Torah, Service on the Day of Atonement 1:3; Mishneh Torah, Service on the Day of Atonement 3:9"
"mishneh-torah-service-on-the-day-of-atonement","Mishneh Torah, Service on the Day of Atonement","tok-10b0f4dbe3ee","כַּוָּנָתוֹ","כונתו","Unresolved","","No lexical entry yet","true","1","Mishneh Torah, Service on the Day of Atonement 2:3"
"mishneh-torah-service-on-the-day-of-atonement","Mishneh Torah, Service on the Day of Atonement","tok-fae3a85e0311","כּוֹסוֹת","כוסות","Unresolved","","No lexical entry yet","true","2","Mishneh Torah, Service on the Day of Atonement 5:12"
"mishneh-torah-service-on-the-day-of-atonement","Mishneh Torah, Service on the Day of Atonement","tok-fbcf165b09a7","כּוֹרְעִים","כורעימ","Unresolved","","No lexical entry yet","true","1","Mishneh Torah, Service on the Day of Atonement 2:7"
"mishneh-torah-service-on-the-day-of-atonement","Mishneh Torah, Service on the Day of Atonement","tok-35698b2444ac","כז","כז","Unresolved","","No lexical entry yet","true","1","Mishneh Torah, Service on the Day of Atonement 3:10"
"mishneh-torah-service-on-the-day-of-atonement","Mishneh Torah, Service on the Day of Atonement","tok-5149a4200bea","כַּחֲצוֹת","כחצות","Unresolved","","No lexical entry yet","true","1","Mishneh Torah, Service on the Day of Atonement 4:1"
"mishneh-torah-service-on-the-day-of-atonement","Mishneh Torah, Service on the Day of Atonement","tok-d6b51ce6750c","כֵּיצַד","כיצד","Unresolved","","No lexical entry yet","true","4","Mishneh Torah, Service on the Day of Atonement 2:2; Mishneh Torah, Service on the Day of Atonement 2:6; Mishneh Torah, Service on the Day of Atonement 3:7; Mishneh Torah, Service on the Day of Atonement 3:10"
"mishneh-torah-service-on-the-day-of-atonement","Mishneh Torah, Service on the Day of Atonement","tok-75fd3aa88193","כִּכְתָבוֹ","ככתבו","Unresolved","","No lexical entry yet","true","1","Mishneh Torah, Service on the Day of Atonement 2:6"
"mishneh-torah-service-on-the-day-of-atonement","Mishneh Torah, Service on the Day of Atonement","tok-0a4f51aebd22","כַּכָּתוּב","ככתוב","Unresolved","","No lexical entry yet","true","3","Mishneh Torah, Service on the Day of Atonement 4:1; Mishneh Torah, Service on the Day of Atonement 4:2"
"mishneh-torah-service-on-the-day-of-atonement","Mishneh Torah, Service on the Day of Atonement","tok-2aad86949954","כֵּלָיו","כליו","Unresolved","","No lexical entry yet","true","1","Mishneh Torah, Service on the Day of Atonement 4:2"
"mishneh-torah-service-on-the-day-of-atonement","Mishneh Torah, Service on the Day of Atonement","tok-6f7d32dec89e","כֻּלָּם","כלמ","Unresolved","","No lexical entry yet","true","2","Mishneh Torah, Service on the Day of Atonement 1:1"
"mishneh-torah-service-on-the-day-of-atonement","Mishneh Torah, Service on the Day of Atonement","tok-bed7086a4adc","כֻּלָּן","כלנ","Unresolved","","No lexical entry yet","true","2","Mishneh Torah, Service on the Day of Atonement 2:3; Mishneh Torah, Service on the Day of Atonement 4:2"
"mishneh-torah-service-on-the-day-of-atonement","Mishneh Torah, Service on the Day of Atonement","tok-a1fccd2d2ae7","כְּמִצְוָתוֹ","כמצותו","Unresolved","","No lexical entry yet","true","3","Mishneh Torah, Service on the Day of Atonement 4:1; Mishneh Torah, Service on the Day of Atonement 5:4"
"mishneh-torah-service-on-the-day-of-atonement","Mishneh Torah, Service on the Day of Atonement","tok-9b9a0c4e3511","כְּמִצְוָתָן","כמצותנ","Unresolved","","No lexical entry yet","true","1","Mishneh Torah, Service on the Day of Atonement 5:12"
"mishneh-torah-service-on-the-day-of-atonement","Mishneh Torah, Service on the Day of Atonement","tok-c8e6d6328055","כְּמַצְלִיף","כמצליפ","Unresolved","","No lexical entry yet","true","1","Mishneh Torah, Service on the Day of Atonement 3:5"
"mishneh-torah-service-on-the-day-of-atonement","Mishneh Torah, Service on the Day of Atonement","tok-59d2e802eb78","כֶּסֶף","כספ","Unresolved","","No lexical entry yet","true","2","Mishneh Torah, Service on the Day of Atonement 2:5; Mishneh Torah, Service on the Day of Atonement 3:1"
"mishneh-torah-service-on-the-day-of-atonement","Mishneh Torah, Service on the Day of Atonement","tok-6e90a08cbfa8","כַּפֵּר","כפר","Unresolved","","No lexical entry yet","true","4","Mishneh Torah, Service on the Day of Atonement 2:6; Mishneh Torah, Service on the Day of Atonement 4:1; Mishneh Torah, Service on the Day of Atonement 4:2"
"mishneh-torah-service-on-the-day-of-atonement","Mishneh Torah, Service on the Day of Atonement","tok-d841bf0ae08a","כַּפָּרָה","כפרה","Unresolved","","No lexical entry yet","true","1","Mishneh Torah, Service on the Day of Atonement 5:7"
"mishneh-torah-service-on-the-day-of-atonement","Mishneh Torah, Service on the Day of Atonement","tok-1c7a35f4d628","כְּקָרְבָּן","כקרבנ","Unresolved","","No lexical entry yet","true","1","Mishneh Torah, Service on the Day of Atonement 5:27"
"mishneh-torah-service-on-the-day-of-atonement","Mishneh Torah, Service on the Day of Atonement","tok-80433ed40e1b","כִּשְׁאָר","כשאר","Unresolved","","No lexical entry yet","true","2","Mishneh Torah, Service on the Day of Atonement 2:5; Mishneh Torah, Service on the Day of Atonement 4:2"
"mishneh-torah-service-on-the-day-of-atonement","Mishneh Torah, Service on the Day of Atonement","tok-3298799db62f","כְּשֶׁיַּגִּיעוּ","כשיגיעו","Unresolved","","No lexical entry yet","true","1","Mishneh Torah, Service on the Day of Atonement 4:1"
"mishneh-torah-service-on-the-day-of-atonement","Mishneh Torah, Service on the Day of Atonement","tok-0402ecba032f","כָּשֵׁר","כשר","Unresolved","","No lexical entry yet","true","1","Mishneh Torah, Service on the Day of Atonement 2:7"
"mishneh-torah-service-on-the-day-of-atonement","Mishneh Torah, Service on the Day of Atonement","tok-76ba36441a16","כְּשֵׁרָה","כשרה","Unresolved","","No lexical entry yet","true","4","Mishneh Torah, Service on the Day of Atonement 1:3; Mishneh Torah, Service on the Day of Atonement 2:3; Mishneh Torah, Service on the Day of Atonement 3:3; Mishneh Torah, Service on the Day of Atonement 3:8"
"mishneh-torah-service-on-the-day-of-atonement","Mishneh Torah, Service on the Day of Atonement","tok-054a2c71857b","כְּשֵׁרִים","כשרימ","Unresolved","","No lexical entry yet","true","3","Mishneh Torah, Service on the Day of Atonement 3:1; Mishneh Torah, Service on the Day of Atonement 3:7; Mishneh Torah, Service on the Day of Atonement 5:14"
"mishneh-torah-service-on-the-day-of-atonement","Mishneh Torah, Service on the Day of Atonement","tok-1076821a0cf9","כְּשֵׁרִין","כשרינ","Unresolved","","No lexical entry yet","true","1","Mishneh Torah, Service on the Day of Atonement 5:14"
"mishneh-torah-service-on-the-day-of-atonement","Mishneh Torah, Service on the Day of Atonement","tok-c815ffd6ba26","כָּתוּב","כתוב","Unresolved","","No lexical entry yet","true","3","Mishneh Torah, Service on the Day of Atonement 3:1; Mishneh Torah, Service on the Day of Atonement 3:10"
"mishneh-torah-service-on-the-day-of-atonement","Mishneh Torah, Service on the Day of Atonement","tok-16aefce6f08e","כְּתֵפוֹ","כתפו","Unresolved","","No lexical entry yet","true","1","Mishneh Torah, Service on the Day of Atonement 5:19"
"mishneh-torah-service-on-the-day-of-atonement","Mishneh Torah, Service on the Day of Atonement","tok-c2e50dc24383","כְּתִקְנָן","כתקננ","Unresolved","","No lexical entry yet","true","1","Mishneh Torah, Service on the Day of Atonement 3:11"
"mishneh-torah-service-on-the-day-of-atonement","Mishneh Torah, Service on the Day of Atonement","tok-dafdf221ca1a","לָאו","לאו","Unresolved","","No lexical entry yet","true","1","Mishneh Torah, Service on the Day of Atonement 1:8"
"mishneh-torah-service-on-the-day-of-atonement","Mishneh Torah, Service on the Day of Atonement","tok-59c443fbc349","לַאֲחוֹרָיו","לאחוריו","Unresolved","","No lexical entry yet","true","1","Mishneh Torah, Service on the Day of Atonement 3:7"
"mishneh-torah-service-on-the-day-of-atonement","Mishneh Torah, Service on the Day of Atonement","tok-f3ec67cd7b99","לֶאֱכל","לאכל","Unresolved","","No lexical entry yet","true","2","Mishneh Torah, Service on the Day of Atonement 1:6; Mishneh Torah, Service on the Day of Atonement 3:7"
"mishneh-torah-service-on-the-day-of-atonement","Mishneh Torah, Service on the Day of Atonement","tok-5da7569edf09","לְאָמְרוֹ","לאמרו","Unresolved","","No lexical entry yet","true","1","Mishneh Torah, Service on the Day of Atonement 2:6"
"mishneh-torah-service-on-the-day-of-atonement","Mishneh Torah, Service on the Day of Atonement","tok-2022fa6c49b3","לְבֶגֶד","לבגד","Unresolved","","No lexical entry yet","true","1","Mishneh Torah, Service on the Day of Atonement 2:3"
"mishneh-torah-service-on-the-day-of-atonement","Mishneh Torah, Service on the Day of Atonement","tok-9574cfd2e99e","לִבְגָדִים","לבגדימ","Unresolved","","No lexical entry yet","true","1","Mishneh Torah, Service on the Day of Atonement 2:3"
"mishneh-torah-service-on-the-day-of-atonement","Mishneh Torah, Service on the Day of Atonement","tok-ba865e0fd409","לָבוּשׁ","לבוש","Unresolved","","No lexical entry yet","true","1","Mishneh Torah, Service on the Day of Atonement 2:1"
"mishneh-torah-service-on-the-day-of-atonement","Mishneh Torah, Service on the Day of Atonement","tok-9e313017d686","לְבֵיתוֹ","לביתו","Unresolved","","No lexical entry yet","true","1","Mishneh Torah, Service on the Day of Atonement 4:2"
"mishneh-torah-service-on-the-day-of-atonement","Mishneh Torah, Service on the Day of Atonement","tok-5809fb8362a8","לִגְמֹר","לגמר","Unresolved","","No lexical entry yet","true","2","Mishneh Torah, Service on the Day of Atonement 2:7; Mishneh Torah, Service on the Day of Atonement 4:1"
"mishneh-torah-service-on-the-day-of-atonement","Mishneh Torah, Service on the Day of Atonement","tok-2fb0b57a72dd","לַדָּרוֹם","לדרומ","Unresolved","","No lexical entry yet","true","1","Mishneh Torah, Service on the Day of Atonement 4:1"
"mishneh-torah-service-on-the-day-of-atonement","Mishneh Torah, Service on the Day of Atonement","tok-96ca2cb132e7","לִדְרוֹמִית","לדרומית","Unresolved","","No lexical entry yet","true","1","Mishneh Torah, Service on the Day of Atonement 4:2"
"mishneh-torah-service-on-the-day-of-atonement","Mishneh Torah, Service on the Day of Atonement","tok-6a7740a8a481","לְהַבְעִית","להבעית","Unresolved","","No lexical entry yet","true","1","Mishneh Torah, Service on the Day of Atonement 4:1"
"mishneh-torah-service-on-the-day-of-atonement","Mishneh Torah, Service on the Day of Atonement","tok-9316132da9a6","לְהַדֵּר","להדר","Unresolved","","No lexical entry yet","true","1","Mishneh Torah, Service on the Day of Atonement 2:5"
"mishneh-torah-service-on-the-day-of-atonement","Mishneh Torah, Service on the Day of Atonement","tok-70174a23f451","לְהַדְּרוֹ","להדרו","Unresolved","","No lexical entry yet","true","1","Mishneh Torah, Service on the Day of Atonement 2:5"
"mishneh-torah-service-on-the-day-of-atonement","Mishneh Torah, Service on the Day of Atonement","tok-4c949b014392","לְהוֹלִיכוֹ","להוליכו","Unresolved","","No lexical entry yet","true","3","Mishneh Torah, Service on the Day of Atonement 3:7"
"mishneh-torah-service-on-the-day-of-atonement","Mishneh Torah, Service on the Day of Atonement","tok-3035f194130b","לְהוֹסִיף","להוסיפ","Unresolved","","No lexical entry yet","true","1","Mishneh Torah, Service on the Day of Atonement 2:3"
"mishneh-torah-service-on-the-day-of-atonement","Mishneh Torah, Service on the Day of Atonement","tok-ff600872784b","לְהוֹצִיאָן","להוציאנ","Unresolved","","No lexical entry yet","true","1","Mishneh Torah, Service on the Day of Atonement 3:7"
"mishneh-torah-service-on-the-day-of-atonement","Mishneh Torah, Service on the Day of Atonement","tok-eacf3a0663f6","לְהִוָּשַׁע","להושע","Unresolved","","No lexical entry yet","true","1","Mishneh Torah, Service on the Day of Atonement 3:11"
"mishneh-torah-service-on-the-day-of-atonement","Mishneh Torah, Service on the Day of Atonement","tok-c3af56783210","לְהַזּוֹת","להזות","Unresolved","","No lexical entry yet","true","2","Mishneh Torah, Service on the Day of Atonement 3:5; Mishneh Torah, Service on the Day of Atonement 4:2"
"mishneh-torah-service-on-the-day-of-atonement","Mishneh Torah, Service on the Day of Atonement","tok-51bb5793b92c","לַהֵיכָל","להיכל","Unresolved","","No lexical entry yet","true","4","Mishneh Torah, Service on the Day of Atonement 2:5; Mishneh Torah, Service on the Day of Atonement 3:5; Mishneh Torah, Service on the Day of Atonement 4:1"
"mishneh-torah-service-on-the-day-of-atonement","Mishneh Torah, Service on the Day of Atonement","tok-f1cf8626c876","לְהַלֵּךְ","להלכ","Unresolved","","No lexical entry yet","true","1","Mishneh Torah, Service on the Day of Atonement 5:19"
"mishneh-torah-service-on-the-day-of-atonement","Mishneh Torah, Service on the Day of Atonement","tok-f37b43148f4b","לֵהָנוֹת","להנות","Unresolved","","No lexical entry yet","true","1","Mishneh Torah, Service on the Day of Atonement 3:9"
"mishneh-torah-service-on-the-day-of-atonement","Mishneh Torah, Service on the Day of Atonement","tok-a39cfb844c84","לְהָפִיג","להפיג","Unresolved","","No lexical entry yet","true","1","Mishneh Torah, Service on the Day of Atonement 2:4"
"mishneh-torah-service-on-the-day-of-atonement","Mishneh Torah, Service on the Day of Atonement","tok-4ad1e2079e1f","לְהַפְרָשָׁתוֹ","להפרשתו","Unresolved","","No lexical entry yet","true","1","Mishneh Torah, Service on the Day of Atonement 1:4"
"mishneh-torah-service-on-the-day-of-atonement","Mishneh Torah, Service on the Day of Atonement","tok-9adc5921f9f7","לַהַשֵּׁם","להשמ","Unresolved","","No lexical entry yet","true","2","Mishneh Torah, Service on the Day of Atonement 2:6; Mishneh Torah, Service on the Day of Atonement 3:1"
"mishneh-torah-service-on-the-day-of-atonement","Mishneh Torah, Service on the Day of Atonement","tok-ba40c3fb2f4e","לְהִתְנַמְנֵם","להתנמנמ","Unresolved","","No lexical entry yet","true","1","Mishneh Torah, Service on the Day of Atonement 1:8"
"mishneh-torah-service-on-the-day-of-atonement","Mishneh Torah, Service on the Day of Atonement","tok-d221b6f5f596","לוֹ""","לו""","Unresolved","","No lexical entry yet","true","1","Mishneh Torah, Service on the Day of Atonement 5:13"
"mishneh-torah-service-on-the-day-of-atonement","Mishneh Torah, Service on the Day of Atonement","tok-e010d7e58fac","לְוִדּוּי","לודוי","Unresolved","","No lexical entry yet","true","1","Mishneh Torah, Service on the Day of Atonement 2:7"
"mishneh-torah-service-on-the-day-of-atonement","Mishneh Torah, Service on the Day of Atonement","tok-ef3be9f6bf1d","לְוִיָּה","לויה","Unresolved","","No lexical entry yet","true","1","Mishneh Torah, Service on the Day of Atonement 1:8"
"mishneh-torah-service-on-the-day-of-atonement","Mishneh Torah, Service on the Day of Atonement","tok-b75149d941cb","לָזוֹ","לזו","Unresolved","","No lexical entry yet","true","1","Mishneh Torah, Service on the Day of Atonement 5:28"
"mishneh-torah-service-on-the-day-of-atonement","Mishneh Torah, Service on the Day of Atonement","tok-882888948f8e","לְחוֹלֶה","לחולה","Unresolved","","No lexical entry yet","true","1","Mishneh Torah, Service on the Day of Atonement 5:17"
"mishneh-torah-service-on-the-day-of-atonement","Mishneh Torah, Service on the Day of Atonement","tok-ec78e7dfd073","לְחַטָּאת","לחטאת","Unresolved","","No lexical entry yet","true","2","Mishneh Torah, Service on the Day of Atonement 1:1"
"mishneh-torah-service-on-the-day-of-atonement","Mishneh Torah, Service on the Day of Atonement","tok-1e4121e11c87","לְחָפְנָיו","לחפניו","Unresolved","","No lexical entry yet","true","1","Mishneh Torah, Service on the Day of Atonement 5:28"
"mishneh-torah-service-on-the-day-of-atonement","Mishneh Torah, Service on the Day of Atonement","tok-69f3590a0de2","לַחֲצִי","לחצי","Unresolved","","No lexical entry yet","true","1","Mishneh Torah, Service on the Day of Atonement 3:7"
"mishneh-torah-service-on-the-day-of-atonement","Mishneh Torah, Service on the Day of Atonement","tok-d0a55d66bcb4","לִטְבּל","לטבל","Unresolved","","No lexical entry yet","true","1","Mishneh Torah, Service on the Day of Atonement 2:3"
"mishneh-torah-service-on-the-day-of-atonement","Mishneh Torah, Service on the Day of Atonement","tok-7c83e13a3e92","לְיַגְּעוֹ","ליגעו","Unresolved","","No lexical entry yet","true","1","Mishneh Torah, Service on the Day of Atonement 2:5"
"mishneh-torah-service-on-the-day-of-atonement","Mishneh Torah, Service on the Day of Atonement","tok-a00dcbaceb79","לֵילֵי","לילי","Unresolved","","No lexical entry yet","true","1","Mishneh Torah, Service on the Day of Atonement 1:8"
"mishneh-torah-service-on-the-day-of-atonement","Mishneh Torah, Service on the Day of Atonement","tok-86f9c35c7ff7","לִישֹׁן","לישנ","Unresolved","","No lexical entry yet","true","1","Mishneh Torah, Service on the Day of Atonement 1:6"
"mishneh-torah-service-on-the-day-of-atonement","Mishneh Torah, Service on the Day of Atonement","tok-ae94a8a6b39e","לְכָךְ","לככ","Unresolved","","No lexical entry yet","true","1","Mishneh Torah, Service on the Day of Atonement 3:7"
"mishneh-torah-service-on-the-day-of-atonement","Mishneh Torah, Service on the Day of Atonement","tok-8734564d592f","לַכַּפֹּרֶת","לכפרת","Unresolved","","No lexical entry yet","true","1","Mishneh Torah, Service on the Day of Atonement 3:5"
"mishneh-torah-service-on-the-day-of-atonement","Mishneh Torah, Service on the Day of Atonement","tok-9ce8df3e2bf0","לְלִשְׁכָּתוֹ","ללשכתו","Unresolved","","No lexical entry yet","true","1","Mishneh Torah, Service on the Day of Atonement 1:3"
"mishneh-torah-service-on-the-day-of-atonement","Mishneh Torah, Service on the Day of Atonement","tok-ef2f6f75ef4f","לָמְדוּ","למדו","Unresolved","","No lexical entry yet","true","3","Mishneh Torah, Service on the Day of Atonement 1:7; Mishneh Torah, Service on the Day of Atonement 2:6; Mishneh Torah, Service on the Day of Atonement 3:5"
"mishneh-torah-service-on-the-day-of-atonement","Mishneh Torah, Service on the Day of Atonement","tok-e9f3f5a304b3","לַמִּזְרָח","למזרח","Unresolved","","No lexical entry yet","true","1","Mishneh Torah, Service on the Day of Atonement 3:2"
"mishneh-torah-service-on-the-day-of-atonement","Mishneh Torah, Service on the Day of Atonement","tok-2eded4d64d01","לַמִּזְרָק","למזרק","Unresolved","","No lexical entry yet","true","1","Mishneh Torah, Service on the Day of Atonement 4:2"
"mishneh-torah-service-on-the-day-of-atonement","Mishneh Torah, Service on the Day of Atonement","tok-f5a00c249abb","לְמָחָר","למחר","Unresolved","","No lexical entry yet","true","1","Mishneh Torah, Service on the Day of Atonement 5:14"
"mishneh-torah-service-on-the-day-of-atonement","Mishneh Torah, Service on the Day of Atonement","tok-0cd47f0fb411","לְמַחְתָּה","למחתה","Unresolved","","No lexical entry yet","true","1","Mishneh Torah, Service on the Day of Atonement 2:5"
"mishneh-torah-service-on-the-day-of-atonement","Mishneh Torah, Service on the Day of Atonement","tok-4d79a935e6f9","לְמַטָּן","למטנ","Unresolved","","No lexical entry yet","true","1","Mishneh Torah, Service on the Day of Atonement 4:2"
"mishneh-torah-service-on-the-day-of-atonement","Mishneh Torah, Service on the Day of Atonement","tok-94c9347e16df","לְמַעְלָן","למעלנ","Unresolved","","No lexical entry yet","true","1","Mishneh Torah, Service on the Day of Atonement 4:2"
"mishneh-torah-service-on-the-day-of-atonement","Mishneh Torah, Service on the Day of Atonement","tok-241bd0120223","לַמַּעֲרָב","למערב","Unresolved","","No lexical entry yet","true","4","Mishneh Torah, Service on the Day of Atonement 3:2; Mishneh Torah, Service on the Day of Atonement 4:1"
"mishneh-torah-service-on-the-day-of-atonement","Mishneh Torah, Service on the Day of Atonement","tok-3001f45c4aeb","לְמַעֲרָבִית","למערבית","Unresolved","","No lexical entry yet","true","1","Mishneh Torah, Service on the Day of Atonement 4:2"
"mishneh-torah-service-on-the-day-of-atonement","Mishneh Torah, Service on the Day of Atonement","tok-3d37f3bbfd8a","לַמִּקְדָּשׁ","למקדש","Unresolved","","No lexical entry yet","true","1","Mishneh Torah, Service on the Day of Atonement 5:21"
"mishneh-torah-service-on-the-day-of-atonement","Mishneh Torah, Service on the Day of Atonement","tok-5b860e4ab7ce","לַמְשַׁלְּחוֹ","למשלחו","Unresolved","","No lexical entry yet","true","1","Mishneh Torah, Service on the Day of Atonement 2:2"
"mishneh-torah-service-on-the-day-of-atonement","Mishneh Torah, Service on the Day of Atonement","tok-797f153f4729","לִנְדָבָה","לנדבה","Unresolved","","No lexical entry yet","true","3","Mishneh Torah, Service on the Day of Atonement 5:15; Mishneh Torah, Service on the Day of Atonement 5:16"
"mishneh-torah-service-on-the-day-of-atonement","Mishneh Torah, Service on the Day of Atonement","tok-699c49e3fb9d","לְסָבְלָהּ","לסבלה","Unresolved","","No lexical entry yet","true","1","Mishneh Torah, Service on the Day of Atonement 4:1"
"mishneh-torah-service-on-the-day-of-atonement","Mishneh Torah, Service on the Day of Atonement","tok-c59e5345cf07","לַסְּגָן","לסגנ","Unresolved","","No lexical entry yet","true","1","Mishneh Torah, Service on the Day of Atonement 3:10"
"mishneh-torah-service-on-the-day-of-atonement","Mishneh Torah, Service on the Day of Atonement","tok-57e57d8d8a9f","לְסֻכָּה","לסכה","Unresolved","","No lexical entry yet","true","1","Mishneh Torah, Service on the Day of Atonement 3:7"
"mishneh-torah-service-on-the-day-of-atonement","Mishneh Torah, Service on the Day of Atonement","tok-64644f1a02cb","לְעוֹלָה","לעולה","Unresolved","","No lexical entry yet","true","1","Mishneh Torah, Service on the Day of Atonement 1:1"
"mishneh-torah-service-on-the-day-of-atonement","Mishneh Torah, Service on the Day of Atonement","tok-0981bf073993","לַעֲזָאזֵל","לעזאזל","Unresolved","","No lexical entry yet","true","4","Mishneh Torah, Service on the Day of Atonement 2:2; Mishneh Torah, Service on the Day of Atonement 3:1; Mishneh Torah, Service on the Day of Atonement 5:15; Mishneh Torah, Service on the Day of Atonement 5:17"
"mishneh-torah-service-on-the-day-of-atonement","Mishneh Torah, Service on the Day of Atonement","tok-383df4ecaf1c","לְעֶזְרַת","לעזרת","Unresolved","","No lexical entry yet","true","2","Mishneh Torah, Service on the Day of Atonement 3:8; Mishneh Torah, Service on the Day of Atonement 4:2"
"mishneh-torah-service-on-the-day-of-atonement","Mishneh Torah, Service on the Day of Atonement","tok-1289828cf85f","לָעֶרֶב","לערב","Unresolved","","No lexical entry yet","true","2","Mishneh Torah, Service on the Day of Atonement 1:1"
"mishneh-torah-service-on-the-day-of-atonement","Mishneh Torah, Service on the Day of Atonement","tok-45f543b598d8","לַעֲשׂוֹתָן","לעשותנ","Unresolved","","No lexical entry yet","true","1","Mishneh Torah, Service on the Day of Atonement 5:1"
"mishneh-torah-service-on-the-day-of-atonement","Mishneh Torah, Service on the Day of Atonement","tok-47c9f7940802","לִפְנֵיכֶם","לפניכמ","Unresolved","","No lexical entry yet","true","1","Mishneh Torah, Service on the Day of Atonement 3:10"
"mishneh-torah-service-on-the-day-of-atonement","Mishneh Torah, Service on the Day of Atonement","tok-3ca9d77070bc","לַפָּרֹכֶת","לפרכת","Unresolved","","No lexical entry yet","true","1","Mishneh Torah, Service on the Day of Atonement 1:7"
"mishneh-torah-service-on-the-day-of-atonement","Mishneh Torah, Service on the Day of Atonement","tok-1dd3547ec8fb","לְפַרְנָסָה","לפרנסה","Unresolved","","No lexical entry yet","true","1","Mishneh Torah, Service on the Day of Atonement 4:1"
"mishneh-torah-service-on-the-day-of-atonement","Mishneh Torah, Service on the Day of Atonement","tok-639d20dc6720","לִצְפוֹנִית","לצפונית","Unresolved","","No lexical entry yet","true","1","Mishneh Torah, Service on the Day of Atonement 4:2"
"mishneh-torah-service-on-the-day-of-atonement","Mishneh Torah, Service on the Day of Atonement","tok-4c87f0d05872","לַקְּטֹרֶת","לקטרת","Unresolved","","No lexical entry yet","true","1","Mishneh Torah, Service on the Day of Atonement 5:27"
"mishneh-torah-service-on-the-day-of-atonement","Mishneh Torah, Service on the Day of Atonement","tok-cd3df8048684","לִקְרוֹת","לקרות","Unresolved","","No lexical entry yet","true","3","Mishneh Torah, Service on the Day of Atonement 3:8; Mishneh Torah, Service on the Day of Atonement 3:9"
"mishneh-torah-service-on-the-day-of-atonement","Mishneh Torah, Service on the Day of Atonement","tok-22326ee4885c","לִשְׁחֹט","לשחט","Unresolved","","No lexical entry yet","true","1","Mishneh Torah, Service on the Day of Atonement 4:1"
"mishneh-torah-service-on-the-day-of-atonement","Mishneh Torah, Service on the Day of Atonement","tok-7a8f7d9fb990","לִשְׁחִיטַת","לשחיטת","Unresolved","","No lexical entry yet","true","1","Mishneh Torah, Service on the Day of Atonement 4:1"
"mishneh-torah-service-on-the-day-of-atonement","Mishneh Torah, Service on the Day of Atonement","tok-77091dde4cdf","לְשִׁכְבַת","לשכבת","Unresolved","","No lexical entry yet","true","1","Mishneh Torah, Service on the Day of Atonement 1:6"
"mishneh-torah-service-on-the-day-of-atonement","Mishneh Torah, Service on the Day of Atonement","tok-f0f43bac0185","לִשְׂמֹאלוֹ","לשמאלו","Unresolved","","No lexical entry yet","true","1","Mishneh Torah, Service on the Day of Atonement 3:2"
"mishneh-torah-service-on-the-day-of-atonement","Mishneh Torah, Service on the Day of Atonement","tok-c419824349cf","לִשְׂרֵפָה","לשרפה","Unresolved","","No lexical entry yet","true","2","Mishneh Torah, Service on the Day of Atonement 2:2; Mishneh Torah, Service on the Day of Atonement 4:2"
"mishneh-torah-service-on-the-day-of-atonement","Mishneh Torah, Service on the Day of Atonement","tok-801cdff3cfce","לִתֵּן","לתנ","Unresolved","","No lexical entry yet","true","1","Mishneh Torah, Service on the Day of Atonement 5:7"
"mishneh-torah-service-on-the-day-of-atonement","Mishneh Torah, Service on the Day of Atonement","tok-307228aeed06","לִתְרוּמַת","לתרומת","Unresolved","","No lexical entry yet","true","1","Mishneh Torah, Service on the Day of Atonement 4:1"
"mishneh-torah-service-on-the-day-of-atonement","Mishneh Torah, Service on the Day of Atonement","tok-1d95932dd73e","מַאֲכִילִין","מאכילינ","Unresolved","","No lexical entry yet","true","1","Mishneh Torah, Service on the Day of Atonement 1:6"
"mishneh-torah-service-on-the-day-of-atonement","Mishneh Torah, Service on the Day of Atonement","tok-23f7c2217e33","מַאֲמִינִין","מאמינינ","Unresolved","","No lexical entry yet","true","1","Mishneh Torah, Service on the Day of Atonement 1:7"
"mishneh-torah-service-on-the-day-of-atonement","Mishneh Torah, Service on the Day of Atonement","tok-7d8723427785","מֵאֵפֶר","מאפר","Unresolved","","No lexical entry yet","true","1","Mishneh Torah, Service on the Day of Atonement 1:4"
"mishneh-torah-service-on-the-day-of-atonement","Mishneh Torah, Service on the Day of Atonement","tok-7251a5974c28","מֵאִשְׁתּוֹ","מאשתו","Unresolved","","No lexical entry yet","true","1","Mishneh Torah, Service on the Day of Atonement 1:3"
"mishneh-torah-service-on-the-day-of-atonement","Mishneh Torah, Service on the Day of Atonement","tok-8afd1bd6f3db","מְבִיאִין","מביאינ","Unresolved","","No lexical entry yet","true","1","Mishneh Torah, Service on the Day of Atonement 1:1"
"mishneh-torah-service-on-the-day-of-atonement","Mishneh Torah, Service on the Day of Atonement","tok-f58dc2d6621c","מִבֵּיתוֹ","מביתו","Unresolved","","No lexical entry yet","true","1","Mishneh Torah, Service on the Day of Atonement 1:3"
"mishneh-torah-service-on-the-day-of-atonement","Mishneh Torah, Service on the Day of Atonement","tok-6bac2d9a0b8e","מִבָּעֶרֶב","מבערב","Unresolved","","No lexical entry yet","true","1","Mishneh Torah, Service on the Day of Atonement 2:4"
"mishneh-torah-service-on-the-day-of-atonement","Mishneh Torah, Service on the Day of Atonement","tok-bd136011637f","מְבָרֵךְ","מברכ","Unresolved","","No lexical entry yet","true","1","Mishneh Torah, Service on the Day of Atonement 3:11"
"mishneh-torah-service-on-the-day-of-atonement","Mishneh Torah, Service on the Day of Atonement","tok-8de1686641c4","מַגְבִּיהַּ","מגביה","Unresolved","","No lexical entry yet","true","1","Mishneh Torah, Service on the Day of Atonement 2:6"
"mishneh-torah-service-on-the-day-of-atonement","Mishneh Torah, Service on the Day of Atonement","tok-f7da8590f62d","מַגְרִיל","מגריל","Unresolved","","No lexical entry yet","true","2","Mishneh Torah, Service on the Day of Atonement 3:2; Mishneh Torah, Service on the Day of Atonement 4:1"
"mishneh-torah-service-on-the-day-of-atonement","Mishneh Torah, Service on the Day of Atonement","tok-bbd4813fdc67","מִדַּם","מדמ","Unresolved","","No lexical entry yet","true","11","Mishneh Torah, Service on the Day of Atonement 3:5; Mishneh Torah, Service on the Day of Atonement 4:2; Mishneh Torah, Service on the Day of Atonement 5:4; Mishneh Torah, Service on the Day of Atonement 5:11"
"mishneh-torah-service-on-the-day-of-atonement","Mishneh Torah, Service on the Day of Atonement","tok-51c52fc36606","מִדָּמוֹ","מדמו","Unresolved","","No lexical entry yet","true","1","Mishneh Torah, Service on the Day of Atonement 5:4"
"mishneh-torah-service-on-the-day-of-atonement","Mishneh Torah, Service on the Day of Atonement","tok-5b8f2ac9218a","מוֹחֵל","מוחל","Unresolved","","No lexical entry yet","true","1","Mishneh Torah, Service on the Day of Atonement 3:11"
"mishneh-torah-service-on-the-day-of-atonement","Mishneh Torah, Service on the Day of Atonement","tok-4b3033032a20","מוֹלִיכוֹ","מוליכו","Unresolved","","No lexical entry yet","true","1","Mishneh Torah, Service on the Day of Atonement 3:7"
"mishneh-torah-service-on-the-day-of-atonement","Mishneh Torah, Service on the Day of Atonement","tok-16b4af8bb970","מוֹנְעִין","מונעינ","Unresolved","","No lexical entry yet","true","1","Mishneh Torah, Service on the Day of Atonement 1:6"
"mishneh-torah-service-on-the-day-of-atonement","Mishneh Torah, Service on the Day of Atonement","tok-f0fffcbe8262","מוֹסִיפִין","מוסיפינ","Unresolved","","No lexical entry yet","true","1","Mishneh Torah, Service on the Day of Atonement 2:5"
"mishneh-torah-service-on-the-day-of-atonement","Mishneh Torah, Service on the Day of Atonement","tok-51be6f0f930c","מוֹעֵד""","מועד""","Unresolved","","No lexical entry yet","true","1","Mishneh Torah, Service on the Day of Atonement 5:23"
"mishneh-torah-service-on-the-day-of-atonement","Mishneh Torah, Service on the Day of Atonement","tok-0387eca437f3","מוֹעֲדוֹת","מועדות","Unresolved","","No lexical entry yet","true","1","Mishneh Torah, Service on the Day of Atonement 3:10"
"mishneh-torah-service-on-the-day-of-atonement","Mishneh Torah, Service on the Day of Atonement","tok-5939b8baacf3","מוֹת""","מות""","Unresolved","","No lexical entry yet","true","2","Mishneh Torah, Service on the Day of Atonement 1:1; Mishneh Torah, Service on the Day of Atonement 3:10"
"mishneh-torah-service-on-the-day-of-atonement","Mishneh Torah, Service on the Day of Atonement","tok-8744181aec2a","מַזְכִּיר","מזכיר","Unresolved","","No lexical entry yet","true","2","Mishneh Torah, Service on the Day of Atonement 2:6"
"mishneh-torah-service-on-the-day-of-atonement","Mishneh Torah, Service on the Day of Atonement","tok-0af122aa7220","מִזִּקְנֵי","מזקני","Unresolved","","No lexical entry yet","true","1","Mishneh Torah, Service on the Day of Atonement 1:5"
"mishneh-torah-service-on-the-day-of-atonement","Mishneh Torah, Service on the Day of Atonement","tok-3932b6077f23","מִזְרָחִית","מזרחית","Unresolved","","No lexical entry yet","true","2","Mishneh Torah, Service on the Day of Atonement 4:2"
"mishneh-torah-service-on-the-day-of-atonement","Mishneh Torah, Service on the Day of Atonement","tok-d1f7865978b4","מְחוּקוֹת","מחוקות","Unresolved","","No lexical entry yet","true","1","Mishneh Torah, Service on the Day of Atonement 4:1"
"mishneh-torah-service-on-the-day-of-atonement","Mishneh Torah, Service on the Day of Atonement","tok-4a21d0952d6c","מְחַנַּכְתּוֹ","מחנכתו","Unresolved","","No lexical entry yet","true","1","Mishneh Torah, Service on the Day of Atonement 1:3"
"mishneh-torah-service-on-the-day-of-atonement","Mishneh Torah, Service on the Day of Atonement","tok-8a1ddb50cccd","מְחֻסַּר","מחסר","Unresolved","","No lexical entry yet","true","1","Mishneh Torah, Service on the Day of Atonement 5:17"
"mishneh-torah-service-on-the-day-of-atonement","Mishneh Torah, Service on the Day of Atonement","tok-e0c175367f36","מַחְתָּה","מחתה","Unresolved","","No lexical entry yet","true","1","Mishneh Torah, Service on the Day of Atonement 2:5"
"mishneh-torah-service-on-the-day-of-atonement","Mishneh Torah, Service on the Day of Atonement","tok-953d5634e93a","מִטְּבִילָה","מטבילה","Unresolved","","No lexical entry yet","true","2","Mishneh Torah, Service on the Day of Atonement 2:3; Mishneh Torah, Service on the Day of Atonement 3:6"
"mishneh-torah-service-on-the-day-of-atonement","Mishneh Torah, Service on the Day of Atonement","tok-06ed38016647","מְטִילִין","מטילינ","Unresolved","","No lexical entry yet","true","1","Mishneh Torah, Service on the Day of Atonement 2:4"
"mishneh-torah-service-on-the-day-of-atonement","Mishneh Torah, Service on the Day of Atonement","tok-862d873f0b5d","מִיָּדוֹ","מידו","Unresolved","","No lexical entry yet","true","1","Mishneh Torah, Service on the Day of Atonement 5:28"
"mishneh-torah-service-on-the-day-of-atonement","Mishneh Torah, Service on the Day of Atonement","tok-8106612a902e","מִימִינוֹ","מימינו","Unresolved","","No lexical entry yet","true","1","Mishneh Torah, Service on the Day of Atonement 3:2"
"mishneh-torah-service-on-the-day-of-atonement","Mishneh Torah, Service on the Day of Atonement","tok-95dfcc043fd7","מִינוּת","מינות","Unresolved","","No lexical entry yet","true","1","Mishneh Torah, Service on the Day of Atonement 1:7"
"mishneh-torah-service-on-the-day-of-atonement","Mishneh Torah, Service on the Day of Atonement","tok-754da5f4bf38","מִירוּשָׁלַיִם","מירושלימ","Unresolved","","No lexical entry yet","true","1","Mishneh Torah, Service on the Day of Atonement 3:7"
"mishneh-torah-service-on-the-day-of-atonement","Mishneh Torah, Service on the Day of Atonement","tok-ff354a32d7b2","מַכִּין","מכינ","Unresolved","","No lexical entry yet","true","1","Mishneh Torah, Service on the Day of Atonement 1:8"
"mishneh-torah-service-on-the-day-of-atonement","Mishneh Torah, Service on the Day of Atonement","tok-12fc7da7185b","מַכְנִיס","מכניס","Unresolved","","No lexical entry yet","true","1","Mishneh Torah, Service on the Day of Atonement 1:7"
"mishneh-torah-service-on-the-day-of-atonement","Mishneh Torah, Service on the Day of Atonement","tok-975a81b85052","מְלַבְּנִין","מלבנינ","Unresolved","","No lexical entry yet","true","1","Mishneh Torah, Service on the Day of Atonement 2:4"
"mishneh-torah-service-on-the-day-of-atonement","Mishneh Torah, Service on the Day of Atonement","tok-632def3067ba","מְלַוִּין","מלוינ","Unresolved","","No lexical entry yet","true","2","Mishneh Torah, Service on the Day of Atonement 3:7; Mishneh Torah, Service on the Day of Atonement 4:2"
"mishneh-torah-service-on-the-day-of-atonement","Mishneh Torah, Service on the Day of Atonement","tok-b97969992256","מִלְּמַטָּן","מלמטנ","Unresolved","","No lexical entry yet","true","1","Mishneh Torah, Service on the Day of Atonement 4:2"
"mishneh-torah-service-on-the-day-of-atonement","Mishneh Torah, Service on the Day of Atonement","tok-aef56a4f71b8","מִלְּמַעְלָן","מלמעלנ","Unresolved","","No lexical entry yet","true","1","Mishneh Torah, Service on the Day of Atonement 4:2"
"mishneh-torah-service-on-the-day-of-atonement","Mishneh Torah, Service on the Day of Atonement","tok-2eebd950d26c","מִמַּה","ממה","Unresolved","","No lexical entry yet","true","1","Mishneh Torah, Service on the Day of Atonement 3:10"
"mishneh-torah-service-on-the-day-of-atonement","Mishneh Torah, Service on the Day of Atonement","tok-f58461fb2699","מָמוֹנוֹ","ממונו","Unresolved","","No lexical entry yet","true","1","Mishneh Torah, Service on the Day of Atonement 5:13"
"mishneh-torah-service-on-the-day-of-atonement","Mishneh Torah, Service on the Day of Atonement","tok-9eeb4bff4ff3","מִמִּזְבַּח","ממזבח","Unresolved","","No lexical entry yet","true","1","Mishneh Torah, Service on the Day of Atonement 4:2"
"mishneh-torah-service-on-the-day-of-atonement","Mishneh Torah, Service on the Day of Atonement","tok-89e3f8685281","מִמּשֶׁה","ממשה","Unresolved","","No lexical entry yet","true","1","Mishneh Torah, Service on the Day of Atonement 1:3"
"mishneh-torah-service-on-the-day-of-atonement","Mishneh Torah, Service on the Day of Atonement","tok-b1439670218e","מְנַדְנְדוֹ","מנדנדו","Unresolved","","No lexical entry yet","true","2","Mishneh Torah, Service on the Day of Atonement 4:1; Mishneh Torah, Service on the Day of Atonement 4:2"
"mishneh-torah-service-on-the-day-of-atonement","Mishneh Torah, Service on the Day of Atonement","tok-e2d1eb221bc7","מַנִּיחָהּ","מניחה","Unresolved","","No lexical entry yet","true","1","Mishneh Torah, Service on the Day of Atonement 4:1"
"mishneh-torah-service-on-the-day-of-atonement","Mishneh Torah, Service on the Day of Atonement","tok-b1ea15cea51c","מַנִּיחִים","מניחימ","Unresolved","","No lexical entry yet","true","1","Mishneh Torah, Service on the Day of Atonement 3:7"
"mishneh-torah-service-on-the-day-of-atonement","Mishneh Torah, Service on the Day of Atonement","tok-2268d4dcdafa","מַנִּיחִין","מניחינ","Unresolved","","No lexical entry yet","true","4","Mishneh Torah, Service on the Day of Atonement 1:6; Mishneh Torah, Service on the Day of Atonement 1:7; Mishneh Torah, Service on the Day of Atonement 3:2"
"mishneh-torah-service-on-the-day-of-atonement","Mishneh Torah, Service on the Day of Atonement","tok-aee74eadd698","מִסֻּכָּה","מסכה","Unresolved","","No lexical entry yet","true","1","Mishneh Torah, Service on the Day of Atonement 3:7"
"mishneh-torah-service-on-the-day-of-atonement","Mishneh Torah, Service on the Day of Atonement","tok-b050bdda277a","מִסַּמָּנֶיהָ","מסמניה","Unresolved","","No lexical entry yet","true","1","Mishneh Torah, Service on the Day of Atonement 5:25"
"mishneh-torah-service-on-the-day-of-atonement","Mishneh Torah, Service on the Day of Atonement","tok-84d3f2e40636","מַעֲמִידִין","מעמידינ","Unresolved","","No lexical entry yet","true","1","Mishneh Torah, Service on the Day of Atonement 1:5"
"mishneh-torah-service-on-the-day-of-atonement","Mishneh Torah, Service on the Day of Atonement","tok-ecd932dacb68","מְעָרֵב","מערב","Unresolved","","No lexical entry yet","true","1","Mishneh Torah, Service on the Day of Atonement 3:5"
"mishneh-torah-service-on-the-day-of-atonement","Mishneh Torah, Service on the Day of Atonement","tok-d8d7737503f4","מַעֲרָבִי","מערבי","Unresolved","","No lexical entry yet","true","2","Mishneh Torah, Service on the Day of Atonement 3:6; Mishneh Torah, Service on the Day of Atonement 4:2"
"mishneh-torah-service-on-the-day-of-atonement","Mishneh Torah, Service on the Day of Atonement","tok-e7be6467af05","מְעָרְבִין","מערבינ","Unresolved","","No lexical entry yet","true","1","Mishneh Torah, Service on the Day of Atonement 2:4"
"mishneh-torah-service-on-the-day-of-atonement","Mishneh Torah, Service on the Day of Atonement","tok-719fa3f1256e","מַעֲרָבִית","מערבית","Unresolved","","No lexical entry yet","true","1","Mishneh Torah, Service on the Day of Atonement 4:2"
"mishneh-torah-service-on-the-day-of-atonement","Mishneh Torah, Service on the Day of Atonement","tok-d4df004a7410","מְעָרֶה","מערה","Unresolved","","No lexical entry yet","true","1","Mishneh Torah, Service on the Day of Atonement 4:2"
"mishneh-torah-service-on-the-day-of-atonement","Mishneh Torah, Service on the Day of Atonement","tok-461f011aa3ff","מְעֹרוֹת","מערות","Unresolved","","No lexical entry yet","true","1","Mishneh Torah, Service on the Day of Atonement 3:7"
"mishneh-torah-service-on-the-day-of-atonement","Mishneh Torah, Service on the Day of Atonement","tok-580e63179ef7","מַעֲשֵׂיהֶם","מעשיהמ","Unresolved","","No lexical entry yet","true","1","Mishneh Torah, Service on the Day of Atonement 3:11"
"mishneh-torah-service-on-the-day-of-atonement","Mishneh Torah, Service on the Day of Atonement","tok-7ba814569739","מְפִיסִין","מפיסינ","Unresolved","","No lexical entry yet","true","1","Mishneh Torah, Service on the Day of Atonement 4:1"
"mishneh-torah-service-on-the-day-of-atonement","Mishneh Torah, Service on the Day of Atonement","tok-03c8cc2518f6","מַפְרִישִׁין","מפרישינ","Unresolved","","No lexical entry yet","true","1","Mishneh Torah, Service on the Day of Atonement 1:3"
"mishneh-torah-service-on-the-day-of-atonement","Mishneh Torah, Service on the Day of Atonement","tok-1ad698f6a286","מְפָרֵק","מפרק","Unresolved","","No lexical entry yet","true","1","Mishneh Torah, Service on the Day of Atonement 3:7"
"mishneh-torah-service-on-the-day-of-atonement","Mishneh Torah, Service on the Day of Atonement","tok-9b1df226fdcd","מִצְוָתָן","מצותנ","Unresolved","","No lexical entry yet","true","1","Mishneh Torah, Service on the Day of Atonement 5:14"
"mishneh-torah-service-on-the-day-of-atonement","Mishneh Torah, Service on the Day of Atonement","tok-76ef346f933a","מִקִּיתוֹן","מקיתונ","Unresolved","","No lexical entry yet","true","1","Mishneh Torah, Service on the Day of Atonement 2:5"
"mishneh-torah-service-on-the-day-of-atonement","Mishneh Torah, Service on the Day of Atonement","tok-8d5cef455300","מִקְצָת","מקצת","Unresolved","","No lexical entry yet","true","1","Mishneh Torah, Service on the Day of Atonement 5:12"
"mishneh-torah-service-on-the-day-of-atonement","Mishneh Torah, Service on the Day of Atonement","tok-61719b1fc674","מַקְרִיב","מקריב","Unresolved","","No lexical entry yet","true","2","Mishneh Torah, Service on the Day of Atonement 1:2; Mishneh Torah, Service on the Day of Atonement 4:1"
"mishneh-torah-service-on-the-day-of-atonement","Mishneh Torah, Service on the Day of Atonement","tok-6d97d67f1150","מַקְרִיבִין","מקריבינ","Unresolved","","No lexical entry yet","true","2","Mishneh Torah, Service on the Day of Atonement 1:1"
"mishneh-torah-service-on-the-day-of-atonement","Mishneh Torah, Service on the Day of Atonement","tok-b28315aa933d","מַרְגִּילִין","מרגילינ","Unresolved","","No lexical entry yet","true","1","Mishneh Torah, Service on the Day of Atonement 1:5"
"mishneh-torah-service-on-the-day-of-atonement","Mishneh Torah, Service on the Day of Atonement","tok-a3a09ddef70b","מַרְכִּיבוֹ","מרכיבו","Unresolved","","No lexical entry yet","true","1","Mishneh Torah, Service on the Day of Atonement 5:19"
"mishneh-torah-service-on-the-day-of-atonement","Mishneh Torah, Service on the Day of Atonement","tok-05e5d7fa9ec3","מַשְׁבִּיעִין","משביעינ","Unresolved","","No lexical entry yet","true","2","Mishneh Torah, Service on the Day of Atonement 1:7"
"mishneh-torah-service-on-the-day-of-atonement","Mishneh Torah, Service on the Day of Atonement","tok-6ff593327748","מִשֶּׁהִגְרִיל","משהגריל","Unresolved","","No lexical entry yet","true","1","Mishneh Torah, Service on the Day of Atonement 5:15"
"mishneh-torah-service-on-the-day-of-atonement","Mishneh Torah, Service on the Day of Atonement","tok-5cae1fe269b0","מְשַׁלֵּחַ","משלח","Unresolved","","No lexical entry yet","true","2","Mishneh Torah, Service on the Day of Atonement 3:7; Mishneh Torah, Service on the Day of Atonement 4:2"
"mishneh-torah-service-on-the-day-of-atonement","Mishneh Torah, Service on the Day of Atonement","tok-a52003c6539a","מְשַׁלְּחוֹ","משלחו","Unresolved","","No lexical entry yet","true","1","Mishneh Torah, Service on the Day of Atonement 5:20"
"mishneh-torah-service-on-the-day-of-atonement","Mishneh Torah, Service on the Day of Atonement","tok-d744f4391b99","מִשְּׂמֹאלוֹ","משמאלו","Unresolved","","No lexical entry yet","true","1","Mishneh Torah, Service on the Day of Atonement 3:2"
"mishneh-torah-service-on-the-day-of-atonement","Mishneh Torah, Service on the Day of Atonement","tok-48f3d67ef735","מִשְּׁנֵיהֶם","משניהמ","Unresolved","","No lexical entry yet","true","1","Mishneh Torah, Service on the Day of Atonement 3:5"
"mishneh-torah-service-on-the-day-of-atonement","Mishneh Torah, Service on the Day of Atonement","tok-b0072edbc3cb","מִתְגַּלְגֵּל","מתגלגל","Unresolved","","No lexical entry yet","true","1","Mishneh Torah, Service on the Day of Atonement 3:7"
"mishneh-torah-service-on-the-day-of-atonement","Mishneh Torah, Service on the Day of Atonement","tok-3ae2610c3387","מִתְוַדֶּה","מתודה","Unresolved","","No lexical entry yet","true","1","Mishneh Torah, Service on the Day of Atonement 2:6"
"mishneh-torah-service-on-the-day-of-atonement","Mishneh Torah, Service on the Day of Atonement","tok-914be8f01b49","מִתְכַּוֵּן","מתכונ","Unresolved","","No lexical entry yet","true","2","Mishneh Torah, Service on the Day of Atonement 2:7; Mishneh Torah, Service on the Day of Atonement 3:5"
"mishneh-torah-service-on-the-day-of-atonement","Mishneh Torah, Service on the Day of Atonement","tok-674aa2eefa7e","מִתְכַּפְּרִין","מתכפרינ","Unresolved","","No lexical entry yet","true","1","Mishneh Torah, Service on the Day of Atonement 5:13"
"mishneh-torah-service-on-the-day-of-atonement","Mishneh Torah, Service on the Day of Atonement","tok-8ebf4f2b7724","מִתְמַנֶּה","מתמנה","Unresolved","","No lexical entry yet","true","1","Mishneh Torah, Service on the Day of Atonement 1:3"
"mishneh-torah-service-on-the-day-of-atonement","Mishneh Torah, Service on the Day of Atonement","tok-a3a085bb6adc","מִתְפַּלֵּל","מתפלל","Unresolved","","No lexical entry yet","true","1","Mishneh Torah, Service on the Day of Atonement 4:1"
"mishneh-torah-service-on-the-day-of-atonement","Mishneh Torah, Service on the Day of Atonement","tok-f6fd2465f6de","מֻתָּרִין","מתרינ","Unresolved","","No lexical entry yet","true","1","Mishneh Torah, Service on the Day of Atonement 5:22"
"mishneh-torah-service-on-the-day-of-atonement","Mishneh Torah, Service on the Day of Atonement","tok-6ca7daf9802f","נֶאֱכָל","נאכל","Unresolved","","No lexical entry yet","true","1","Mishneh Torah, Service on the Day of Atonement 1:1"
"mishneh-torah-service-on-the-day-of-atonement","Mishneh Torah, Service on the Day of Atonement","tok-33c7d6285bad","נִדָּה","נדה","Unresolved","","No lexical entry yet","true","1","Mishneh Torah, Service on the Day of Atonement 1:3"
"mishneh-torah-service-on-the-day-of-atonement","Mishneh Torah, Service on the Day of Atonement","tok-863a111186ad","נוֹתְנוֹ","נותנו","Unresolved","","No lexical entry yet","true","2","Mishneh Torah, Service on the Day of Atonement 3:10"
"mishneh-torah-service-on-the-day-of-atonement","Mishneh Torah, Service on the Day of Atonement","tok-bc354665b527","נִמְצְאוּ","נמצאו","Unresolved","","No lexical entry yet","true","2","Mishneh Torah, Service on the Day of Atonement 1:1; Mishneh Torah, Service on the Day of Atonement 5:16"
"mishneh-torah-service-on-the-day-of-atonement","Mishneh Torah, Service on the Day of Atonement","tok-77bf2b74ab78","נַעֲשִׂים","נעשימ","Unresolved","","No lexical entry yet","true","1","Mishneh Torah, Service on the Day of Atonement 2:1"
"mishneh-torah-service-on-the-day-of-atonement","Mishneh Torah, Service on the Day of Atonement","tok-f6538a907cd7","נִפְחֲתָה","נפחתה","Unresolved","","No lexical entry yet","true","1","Mishneh Torah, Service on the Day of Atonement 5:23"
"mishneh-torah-service-on-the-day-of-atonement","Mishneh Torah, Service on the Day of Atonement","tok-15ae3c890b41","נִפְסָל","נפסל","Unresolved","","No lexical entry yet","true","1","Mishneh Torah, Service on the Day of Atonement 5:17"
"mishneh-torah-service-on-the-day-of-atonement","Mishneh Torah, Service on the Day of Atonement","tok-8a2d34df7edc","נִפְסֶלֶת","נפסלת","Unresolved","","No lexical entry yet","true","1","Mishneh Torah, Service on the Day of Atonement 5:27"
"mishneh-torah-service-on-the-day-of-atonement","Mishneh Torah, Service on the Day of Atonement","tok-d6aeb7ba2828","נָשׂוּי","נשוי","Unresolved","","No lexical entry yet","true","1","Mishneh Torah, Service on the Day of Atonement 1:2"
"mishneh-torah-service-on-the-day-of-atonement","Mishneh Torah, Service on the Day of Atonement","tok-842c71cd9e95","נִשְׁפַּךְ","נשפכ","Unresolved","","No lexical entry yet","true","2","Mishneh Torah, Service on the Day of Atonement 5:5; Mishneh Torah, Service on the Day of Atonement 5:8"
"mishneh-torah-service-on-the-day-of-atonement","Mishneh Torah, Service on the Day of Atonement","tok-abc76a23afcd","נִשְׂרָף","נשרפ","Unresolved","","No lexical entry yet","true","4","Mishneh Torah, Service on the Day of Atonement 1:1; Mishneh Torah, Service on the Day of Atonement 5:9"
"mishneh-torah-service-on-the-day-of-atonement","Mishneh Torah, Service on the Day of Atonement","tok-23b9485bf3c2","נִתְחַלְּפוּ","נתחלפו","Unresolved","","No lexical entry yet","true","1","Mishneh Torah, Service on the Day of Atonement 5:11"
"mishneh-torah-service-on-the-day-of-atonement","Mishneh Torah, Service on the Day of Atonement","tok-d5263e5fd456","נִתְחַנֵּךְ","נתחנכ","Unresolved","","No lexical entry yet","true","1","Mishneh Torah, Service on the Day of Atonement 5:24"
"mishneh-torah-service-on-the-day-of-atonement","Mishneh Torah, Service on the Day of Atonement","tok-b1c9823858ee","נִתְּנוּ","נתנו","Unresolved","","No lexical entry yet","true","1","Mishneh Torah, Service on the Day of Atonement 3:9"
"mishneh-torah-service-on-the-day-of-atonement","Mishneh Torah, Service on the Day of Atonement","tok-e2bc5266dfd0","נִתְעָרֵב","נתערב","Unresolved","","No lexical entry yet","true","1","Mishneh Torah, Service on the Day of Atonement 5:10"
"mishneh-torah-service-on-the-day-of-atonement","Mishneh Torah, Service on the Day of Atonement","tok-c840e81b7324","נִתְעָרְבוּ","נתערבו","Unresolved","","No lexical entry yet","true","2","Mishneh Torah, Service on the Day of Atonement 5:10; Mishneh Torah, Service on the Day of Atonement 5:12"
"mishneh-torah-service-on-the-day-of-atonement","Mishneh Torah, Service on the Day of Atonement","tok-22e9023a9286","סָדִין","סדינ","Unresolved","","No lexical entry yet","true","1","Mishneh Torah, Service on the Day of Atonement 4:1"
"mishneh-torah-service-on-the-day-of-atonement","Mishneh Torah, Service on the Day of Atonement","tok-46ad4a75b047","סֻכָּה","סכה","Unresolved","","No lexical entry yet","true","3","Mishneh Torah, Service on the Day of Atonement 3:7"
"mishneh-torah-service-on-the-day-of-atonement","Mishneh Torah, Service on the Day of Atonement","tok-44e675c71f41","סְלַח","סלח","Unresolved","","No lexical entry yet","true","1","Mishneh Torah, Service on the Day of Atonement 3:11"
"mishneh-torah-service-on-the-day-of-atonement","Mishneh Torah, Service on the Day of Atonement","tok-508f969e2861","סְפָרִים","ספרימ","Unresolved","","No lexical entry yet","true","1","Mishneh Torah, Service on the Day of Atonement 3:10"
"mishneh-torah-service-on-the-day-of-atonement","Mishneh Torah, Service on the Day of Atonement","tok-c3854346c6a2","סְתוּמִין","סתומינ","Unresolved","","No lexical entry yet","true","1","Mishneh Torah, Service on the Day of Atonement 1:7"
"mishneh-torah-service-on-the-day-of-atonement","Mishneh Torah, Service on the Day of Atonement","tok-2baa2ee9aedc","עוֹבְרֵי","עוברי","Unresolved","","No lexical entry yet","true","1","Mishneh Torah, Service on the Day of Atonement 4:1"
"mishneh-torah-service-on-the-day-of-atonement","Mishneh Torah, Service on the Day of Atonement","tok-c7296c640330","עָווּ","עוו","Unresolved","","No lexical entry yet","true","1","Mishneh Torah, Service on the Day of Atonement 4:2"
"mishneh-torah-service-on-the-day-of-atonement","Mishneh Torah, Service on the Day of Atonement","tok-a3581e80ab3f","עָוִיתִי","עויתי","Unresolved","","No lexical entry yet","true","3","Mishneh Torah, Service on the Day of Atonement 2:6; Mishneh Torah, Service on the Day of Atonement 4:1"
"mishneh-torah-service-on-the-day-of-atonement","Mishneh Torah, Service on the Day of Atonement","tok-d8bc058a12c0","עוֹמְדִין","עומדינ","Unresolved","","No lexical entry yet","true","2","Mishneh Torah, Service on the Day of Atonement 3:7; Mishneh Torah, Service on the Day of Atonement 3:10"
"mishneh-torah-service-on-the-day-of-atonement","Mishneh Torah, Service on the Day of Atonement","tok-672ce292d604","עוֹשִׂין","עושינ","Unresolved","","No lexical entry yet","true","2","Mishneh Torah, Service on the Day of Atonement 3:7"
"mishneh-torah-service-on-the-day-of-atonement","Mishneh Torah, Service on the Day of Atonement","tok-4aef94358274","עֲזָאזֵל","עזאזל","Unresolved","","No lexical entry yet","true","1","Mishneh Torah, Service on the Day of Atonement 5:15"
"mishneh-torah-service-on-the-day-of-atonement","Mishneh Torah, Service on the Day of Atonement","tok-6b45952183bb","עִכֵּב","עכב","Unresolved","","No lexical entry yet","true","1","Mishneh Torah, Service on the Day of Atonement 3:3"
"mishneh-torah-service-on-the-day-of-atonement","Mishneh Torah, Service on the Day of Atonement","tok-278cee96141d","עֲלֵיכֶם""","עליכמ""","Unresolved","","No lexical entry yet","true","1","Mishneh Torah, Service on the Day of Atonement 4:2"
"mishneh-torah-service-on-the-day-of-atonement","Mishneh Torah, Service on the Day of Atonement","tok-831cacc3ab25","עלַת","עלת","Unresolved","","No lexical entry yet","true","1","Mishneh Torah, Service on the Day of Atonement 4:2"
"mishneh-torah-service-on-the-day-of-atonement","Mishneh Torah, Service on the Day of Atonement","tok-68b7345c1cf6","עלָתוֹ","עלתו","Unresolved","","No lexical entry yet","true","1","Mishneh Torah, Service on the Day of Atonement 4:2"
"mishneh-torah-service-on-the-day-of-atonement","Mishneh Torah, Service on the Day of Atonement","tok-ecc4837d5443","עֲמֹד","עמד","Unresolved","","No lexical entry yet","true","1","Mishneh Torah, Service on the Day of Atonement 1:8"
"mishneh-torah-service-on-the-day-of-atonement","Mishneh Torah, Service on the Day of Atonement","tok-52061f78cd8c","עֲנַן","עננ","Unresolved","","No lexical entry yet","true","1","Mishneh Torah, Service on the Day of Atonement 1:7"
"mishneh-torah-service-on-the-day-of-atonement","Mishneh Torah, Service on the Day of Atonement","tok-507b57d3b73a","עֲשָׁנָהּ","עשנה","Unresolved","","No lexical entry yet","true","1","Mishneh Torah, Service on the Day of Atonement 1:7"
"mishneh-torah-service-on-the-day-of-atonement","Mishneh Torah, Service on the Day of Atonement","tok-c9081c534183","עֲשָׁשִׁיּוֹת","עששיות","Unresolved","","No lexical entry yet","true","1","Mishneh Torah, Service on the Day of Atonement 2:4"
"mishneh-torah-service-on-the-day-of-atonement","Mishneh Torah, Service on the Day of Atonement","tok-0132594fffe5","עִתִּי","עתי","Unresolved","","No lexical entry yet","true","1","Mishneh Torah, Service on the Day of Atonement 5:21"
"mishneh-torah-service-on-the-day-of-atonement","Mishneh Torah, Service on the Day of Atonement","tok-e5de08c3df03","פּוֹסֵל","פוסל","Unresolved","","No lexical entry yet","true","1","Mishneh Torah, Service on the Day of Atonement 5:17"
"mishneh-torah-service-on-the-day-of-atonement","Mishneh Torah, Service on the Day of Atonement","tok-108389f2cda9","פּוֹסֶלֶת","פוסלת","Unresolved","","No lexical entry yet","true","2","Mishneh Torah, Service on the Day of Atonement 4:1; Mishneh Torah, Service on the Day of Atonement 5:27"
"mishneh-torah-service-on-the-day-of-atonement","Mishneh Torah, Service on the Day of Atonement","tok-8d3e6c6a6897","פּוֹרְסִין","פורסינ","Unresolved","","No lexical entry yet","true","1","Mishneh Torah, Service on the Day of Atonement 4:1"
"mishneh-torah-service-on-the-day-of-atonement","Mishneh Torah, Service on the Day of Atonement","tok-57e96c022b67","פּוֹרְשִׁים","פורשימ","Unresolved","","No lexical entry yet","true","3","Mishneh Torah, Service on the Day of Atonement 4:2"
"mishneh-torah-service-on-the-day-of-atonement","Mishneh Torah, Service on the Day of Atonement","tok-abdad6e87b25","פּוֹרְשִׁין","פורשינ","Unresolved","","No lexical entry yet","true","1","Mishneh Torah, Service on the Day of Atonement 1:7"
"mishneh-torah-service-on-the-day-of-atonement","Mishneh Torah, Service on the Day of Atonement","tok-33352bda38d0","פּוֹשֵׁט","פושט","Unresolved","","No lexical entry yet","true","1","Mishneh Torah, Service on the Day of Atonement 2:2"
"mishneh-torah-service-on-the-day-of-atonement","Mishneh Torah, Service on the Day of Atonement","tok-0d188c98e53a","פְּנֵיהֶן","פניהנ","Unresolved","","No lexical entry yet","true","1","Mishneh Torah, Service on the Day of Atonement 3:2"
"mishneh-torah-service-on-the-day-of-atonement","Mishneh Torah, Service on the Day of Atonement","tok-102d3ddbd985","פַּר","פר","Unresolved","","No lexical entry yet","true","16","Mishneh Torah, Service on the Day of Atonement 1:1; Mishneh Torah, Service on the Day of Atonement 2:2; Mishneh Torah, Service on the Day of Atonement 2:6; Mishneh Torah, Service on the Day of Atonement 3:4; Mishneh Torah, Service on the Day of Atonement 3:8"
"mishneh-torah-service-on-the-day-of-atonement","Mishneh Torah, Service on the Day of Atonement","tok-b25f4e9f6385","פָּרוֹ","פרו","Unresolved","","No lexical entry yet","true","2","Mishneh Torah, Service on the Day of Atonement 4:1"
"mishneh-torah-service-on-the-day-of-atonement","Mishneh Torah, Service on the Day of Atonement","tok-adedc4b2a233","פְּרוּפָה","פרופה","Unresolved","","No lexical entry yet","true","1","Mishneh Torah, Service on the Day of Atonement 4:1"
"mishneh-torah-service-on-the-day-of-atonement","Mishneh Torah, Service on the Day of Atonement","tok-c51680c424d5","פְּרוּצִין","פרוצינ","Unresolved","","No lexical entry yet","true","1","Mishneh Torah, Service on the Day of Atonement 2:6"
"mishneh-torah-service-on-the-day-of-atonement","Mishneh Torah, Service on the Day of Atonement","tok-1cf50cbf5b3a","פִּרְחֵי","פרחי","Unresolved","","No lexical entry yet","true","1","Mishneh Torah, Service on the Day of Atonement 1:8"
"mishneh-torah-service-on-the-day-of-atonement","Mishneh Torah, Service on the Day of Atonement","tok-9a30a4f8acc0","פָּשַׁעְתִּי","פשעתי","Unresolved","","No lexical entry yet","true","2","Mishneh Torah, Service on the Day of Atonement 4:1"
"mishneh-torah-service-on-the-day-of-atonement","Mishneh Torah, Service on the Day of Atonement","tok-0c03816cd44a","צִנָּתָן","צנתנ","Unresolved","","No lexical entry yet","true","2","Mishneh Torah, Service on the Day of Atonement 2:4"
"mishneh-torah-service-on-the-day-of-atonement","Mishneh Torah, Service on the Day of Atonement","tok-6a7559c1c7dd","צְפוֹנִית","צפונית","Unresolved","","No lexical entry yet","true","1","Mishneh Torah, Service on the Day of Atonement 4:2"
"mishneh-torah-service-on-the-day-of-atonement","Mishneh Torah, Service on the Day of Atonement","tok-1f8c9951d398","צָץ","צצ","Unresolved","","No lexical entry yet","true","1","Mishneh Torah, Service on the Day of Atonement 1:7"
"mishneh-torah-service-on-the-day-of-atonement","Mishneh Torah, Service on the Day of Atonement","tok-34926710bf15","צְרֵדָה","צרדה","Unresolved","","No lexical entry yet","true","1","Mishneh Torah, Service on the Day of Atonement 1:8"
"mishneh-torah-service-on-the-day-of-atonement","Mishneh Torah, Service on the Day of Atonement","tok-a528a88cc8a9","צְרִיכִין","צריכינ","Unresolved","","No lexical entry yet","true","2","Mishneh Torah, Service on the Day of Atonement 3:11; Mishneh Torah, Service on the Day of Atonement 4:1"
"mishneh-torah-service-on-the-day-of-atonement","Mishneh Torah, Service on the Day of Atonement","tok-9572ba30aee9","צֹרֶךְ","צרכ","Unresolved","","No lexical entry yet","true","1","Mishneh Torah, Service on the Day of Atonement 5:2"
"mishneh-torah-service-on-the-day-of-atonement","Mishneh Torah, Service on the Day of Atonement","tok-db8c318cff60","קַבִּין","קבינ","Unresolved","","No lexical entry yet","true","2","Mishneh Torah, Service on the Day of Atonement 2:5"
"mishneh-torah-service-on-the-day-of-atonement","Mishneh Torah, Service on the Day of Atonement","tok-c223378b9d59","קֶבַע","קבע","Unresolved","","No lexical entry yet","true","1","Mishneh Torah, Service on the Day of Atonement 3:7"
"mishneh-torah-service-on-the-day-of-atonement","Mishneh Torah, Service on the Day of Atonement","tok-e3714c2b4752","קָדוֹשׁ""","קדוש""","Unresolved","","No lexical entry yet","true","1","Mishneh Torah, Service on the Day of Atonement 2:3"
"mishneh-torah-service-on-the-day-of-atonement","Mishneh Torah, Service on the Day of Atonement","tok-67bad1226a7c","קְדוֹשֶׁיךָ","קדושיכ","Unresolved","","No lexical entry yet","true","2","Mishneh Torah, Service on the Day of Atonement 4:1"
"mishneh-torah-service-on-the-day-of-atonement","Mishneh Torah, Service on the Day of Atonement","tok-c7750aa3ccca","קִדּוּשִׁין","קדושינ","Unresolved","","No lexical entry yet","true","1","Mishneh Torah, Service on the Day of Atonement 2:2"
"mishneh-torah-service-on-the-day-of-atonement","Mishneh Torah, Service on the Day of Atonement","tok-6326ea5fe7b8","קְהַל","קהל","Unresolved","","No lexical entry yet","true","1","Mishneh Torah, Service on the Day of Atonement 2:6"
"mishneh-torah-service-on-the-day-of-atonement","Mishneh Torah, Service on the Day of Atonement","tok-8e68c02c3867","קוֹרִין","קורינ","Unresolved","","No lexical entry yet","true","2","Mishneh Torah, Service on the Day of Atonement 1:8"
"mishneh-torah-service-on-the-day-of-atonement","Mishneh Torah, Service on the Day of Atonement","tok-6fd8af77b226","קוֹשֵׁר","קושר","Unresolved","","No lexical entry yet","true","2","Mishneh Torah, Service on the Day of Atonement 3:7"
"mishneh-torah-service-on-the-day-of-atonement","Mishneh Torah, Service on the Day of Atonement","tok-fc624d401a89","קְטֹרֶת","קטרת","Unresolved","","No lexical entry yet","true","9","Mishneh Torah, Service on the Day of Atonement 2:2; Mishneh Torah, Service on the Day of Atonement 4:1; Mishneh Torah, Service on the Day of Atonement 4:2; Mishneh Torah, Service on the Day of Atonement 5:2; Mishneh Torah, Service on the Day of Atonement 5:8"
"mishneh-torah-service-on-the-day-of-atonement","Mishneh Torah, Service on the Day of Atonement","tok-e8af2f6583d4","קְלִיעָה","קליעה","Unresolved","","No lexical entry yet","true","1","Mishneh Torah, Service on the Day of Atonement 3:7"
"mishneh-torah-service-on-the-day-of-atonement","Mishneh Torah, Service on the Day of Atonement","tok-43ba7af034db","קָרְבְּנוֹת","קרבנות","Unresolved","","No lexical entry yet","true","1","Mishneh Torah, Service on the Day of Atonement 4:2"
"mishneh-torah-service-on-the-day-of-atonement","Mishneh Torah, Service on the Day of Atonement","tok-cf56f973cc90","קֶרִי","קרי","Unresolved","","No lexical entry yet","true","1","Mishneh Torah, Service on the Day of Atonement 1:6"
"mishneh-torah-service-on-the-day-of-atonement","Mishneh Torah, Service on the Day of Atonement","tok-1f04243818dc","קְרִיאָתוֹ","קריאתו","Unresolved","","No lexical entry yet","true","1","Mishneh Torah, Service on the Day of Atonement 3:8"
"mishneh-torah-service-on-the-day-of-atonement","Mishneh Torah, Service on the Day of Atonement","tok-f23c29997553","קַרְנוֹת","קרנות","Unresolved","","No lexical entry yet","true","2","Mishneh Torah, Service on the Day of Atonement 3:5; Mishneh Torah, Service on the Day of Atonement 4:2"
"mishneh-torah-service-on-the-day-of-atonement","Mishneh Torah, Service on the Day of Atonement","tok-d56de77a19f3","קַרְנוֹתָיו","קרנותיו","Unresolved","","No lexical entry yet","true","1","Mishneh Torah, Service on the Day of Atonement 4:2"
"mishneh-torah-service-on-the-day-of-atonement","Mishneh Torah, Service on the Day of Atonement","tok-bb2f2331623d","רֹאשׁוֹ","ראשו","Unresolved","","No lexical entry yet","true","3","Mishneh Torah, Service on the Day of Atonement 4:1; Mishneh Torah, Service on the Day of Atonement 4:2"
"mishneh-torah-service-on-the-day-of-atonement","Mishneh Torah, Service on the Day of Atonement","tok-083894da29ec","רִאשׁוֹנָה","ראשונה","Unresolved","","No lexical entry yet","true","3","Mishneh Torah, Service on the Day of Atonement 2:3; Mishneh Torah, Service on the Day of Atonement 3:5"
"mishneh-torah-service-on-the-day-of-atonement","Mishneh Torah, Service on the Day of Atonement","tok-0afa487a4d9b","רָגִיל","רגיל","Unresolved","","No lexical entry yet","true","3","Mishneh Torah, Service on the Day of Atonement 1:5; Mishneh Torah, Service on the Day of Atonement 1:8; Mishneh Torah, Service on the Day of Atonement 3:11"
"mishneh-torah-service-on-the-day-of-atonement","Mishneh Torah, Service on the Day of Atonement","tok-de95be9a43d1","רְצֵה","רצה","Unresolved","","No lexical entry yet","true","1","Mishneh Torah, Service on the Day of Atonement 3:11"
"mishneh-torah-service-on-the-day-of-atonement","Mishneh Torah, Service on the Day of Atonement","tok-6685c5d50b55","רָצָה","רצה","Unresolved","","No lexical entry yet","true","2","Mishneh Torah, Service on the Day of Atonement 3:9"
"mishneh-torah-service-on-the-day-of-atonement","Mishneh Torah, Service on the Day of Atonement","tok-061b548ddf51","רַשַּׁאי","רשאי","Unresolved","","No lexical entry yet","true","1","Mishneh Torah, Service on the Day of Atonement 2:3"
"mishneh-torah-service-on-the-day-of-atonement","Mishneh Torah, Service on the Day of Atonement","tok-12d21d770995","שֶׁאָבְדוּ","שאבדו","Unresolved","","No lexical entry yet","true","1","Mishneh Torah, Service on the Day of Atonement 5:16"
"mishneh-torah-service-on-the-day-of-atonement","Mishneh Torah, Service on the Day of Atonement","tok-fc2ae20e34a5","שֶׁאֶחָד","שאחד","Unresolved","","No lexical entry yet","true","1","Mishneh Torah, Service on the Day of Atonement 2:1"
"mishneh-torah-service-on-the-day-of-atonement","Mishneh Torah, Service on the Day of Atonement","tok-93d9922d0e7c","שֶׁאָמַרְנוּ","שאמרנו","Unresolved","","No lexical entry yet","true","1","Mishneh Torah, Service on the Day of Atonement 1:7"
"mishneh-torah-service-on-the-day-of-atonement","Mishneh Torah, Service on the Day of Atonement","tok-a25e7d6c9a48","שְׁאֵרָן","שארנ","Unresolved","","No lexical entry yet","true","1","Mishneh Torah, Service on the Day of Atonement 2:2"
"mishneh-torah-service-on-the-day-of-atonement","Mishneh Torah, Service on the Day of Atonement","tok-529ad4fafdcb","שֶׁאֵרַע","שארע","Unresolved","","No lexical entry yet","true","2","Mishneh Torah, Service on the Day of Atonement 1:3"
"mishneh-torah-service-on-the-day-of-atonement","Mishneh Torah, Service on the Day of Atonement","tok-f7659b7452d3","שֶׁבֵּאַרְנוּ","שבארנו","Unresolved","","No lexical entry yet","true","7","Mishneh Torah, Service on the Day of Atonement 3:7; Mishneh Torah, Service on the Day of Atonement 3:8; Mishneh Torah, Service on the Day of Atonement 3:9; Mishneh Torah, Service on the Day of Atonement 4:1; Mishneh Torah, Service on the Day of Atonement 4:2"
"mishneh-torah-service-on-the-day-of-atonement","Mishneh Torah, Service on the Day of Atonement","tok-cf9349b0e600","שֶׁבִּגְדֵי","שבגדי","Unresolved","","No lexical entry yet","true","1","Mishneh Torah, Service on the Day of Atonement 3:9"
"mishneh-torah-service-on-the-day-of-atonement","Mishneh Torah, Service on the Day of Atonement","tok-90111c6f91ea","שֶׁבְּחֻמַּשׁ","שבחמש","Unresolved","","No lexical entry yet","true","1","Mishneh Torah, Service on the Day of Atonement 3:10"
"mishneh-torah-service-on-the-day-of-atonement","Mishneh Torah, Service on the Day of Atonement","tok-8343e73d1735","שֶׁבְּיוֹם","שביומ","Unresolved","","No lexical entry yet","true","1","Mishneh Torah, Service on the Day of Atonement 4:1"
"mishneh-torah-service-on-the-day-of-atonement","Mishneh Torah, Service on the Day of Atonement","tok-71a8e9b22e89","שֶׁבְּמִזְבַּח","שבמזבח","Unresolved","","No lexical entry yet","true","1","Mishneh Torah, Service on the Day of Atonement 4:2"
"mishneh-torah-service-on-the-day-of-atonement","Mishneh Torah, Service on the Day of Atonement","tok-d695e5304846","שֶׁבַע","שבע","Unresolved","","No lexical entry yet","true","3","Mishneh Torah, Service on the Day of Atonement 3:5; Mishneh Torah, Service on the Day of Atonement 3:11; Mishneh Torah, Service on the Day of Atonement 4:2"
"mishneh-torah-service-on-the-day-of-atonement","Mishneh Torah, Service on the Day of Atonement","tok-12bd769c35ff","שֶׁבָּעֲזָרָה","שבעזרה","Unresolved","","No lexical entry yet","true","1","Mishneh Torah, Service on the Day of Atonement 4:1"
"mishneh-torah-service-on-the-day-of-atonement","Mishneh Torah, Service on the Day of Atonement","tok-afe8d0945e0b","שֶׁבְּפָרָשַׁת","שבפרשת","Unresolved","","No lexical entry yet","true","1","Mishneh Torah, Service on the Day of Atonement 3:10"
"mishneh-torah-service-on-the-day-of-atonement","Mishneh Torah, Service on the Day of Atonement","tok-52854cb6ab20","שֶׁבְּקֹדֶשׁ","שבקדש","Unresolved","","No lexical entry yet","true","2","Mishneh Torah, Service on the Day of Atonement 5:5; Mishneh Torah, Service on the Day of Atonement 5:6"
"mishneh-torah-service-on-the-day-of-atonement","Mishneh Torah, Service on the Day of Atonement","tok-4ca1a4b964a0","שֶׁבְּקַרְנָיו","שבקרניו","Unresolved","","No lexical entry yet","true","1","Mishneh Torah, Service on the Day of Atonement 3:7"
"mishneh-torah-service-on-the-day-of-atonement","Mishneh Torah, Service on the Day of Atonement","tok-1de84a3eeed0","שָׁגַג","שגג","Unresolved","","No lexical entry yet","true","1","Mishneh Torah, Service on the Day of Atonement 5:25"
"mishneh-torah-service-on-the-day-of-atonement","Mishneh Torah, Service on the Day of Atonement","tok-36bfb7a83cd5","שֶׁדְּחִיָּתוֹ","שדחיתו","Unresolved","","No lexical entry yet","true","1","Mishneh Torah, Service on the Day of Atonement 5:17"
"mishneh-torah-service-on-the-day-of-atonement","Mishneh Torah, Service on the Day of Atonement","tok-10e0d5833099","שֶׁהִגְרִיל","שהגריל","Unresolved","","No lexical entry yet","true","1","Mishneh Torah, Service on the Day of Atonement 5:15"
"mishneh-torah-service-on-the-day-of-atonement","Mishneh Torah, Service on the Day of Atonement","tok-63fa0c0d3e6c","שֶׁהַהַנָּחָה","שההנחה","Unresolved","","No lexical entry yet","true","1","Mishneh Torah, Service on the Day of Atonement 3:3"
"mishneh-torah-service-on-the-day-of-atonement","Mishneh Torah, Service on the Day of Atonement","tok-a65dc1904bab","שֶׁהִזָּה","שהזה","Unresolved","","No lexical entry yet","true","2","Mishneh Torah, Service on the Day of Atonement 3:7; Mishneh Torah, Service on the Day of Atonement 5:12"
"mishneh-torah-service-on-the-day-of-atonement","Mishneh Torah, Service on the Day of Atonement","tok-8eccec3d8e3c","שֶׁהַחֲפִינָה","שהחפינה","Unresolved","","No lexical entry yet","true","1","Mishneh Torah, Service on the Day of Atonement 5:2"
"mishneh-torah-service-on-the-day-of-atonement","Mishneh Torah, Service on the Day of Atonement","tok-d24329406128","שֶׁהִכְנִיס","שהכניס","Unresolved","","No lexical entry yet","true","1","Mishneh Torah, Service on the Day of Atonement 4:2"
"mishneh-torah-service-on-the-day-of-atonement","Mishneh Torah, Service on the Day of Atonement","tok-4254764dd912","שֶׁהַמַּאֲכָל","שהמאכל","Unresolved","","No lexical entry yet","true","1","Mishneh Torah, Service on the Day of Atonement 1:6"
"mishneh-torah-service-on-the-day-of-atonement","Mishneh Torah, Service on the Day of Atonement","tok-062e0f291313","שֶׁהִקְרִיב","שהקריב","Unresolved","","No lexical entry yet","true","1","Mishneh Torah, Service on the Day of Atonement 1:3"
"mishneh-torah-service-on-the-day-of-atonement","Mishneh Torah, Service on the Day of Atonement","tok-2465fde2583c","שֶׁהַשְּׁחִיטָה","שהשחיטה","Unresolved","","No lexical entry yet","true","1","Mishneh Torah, Service on the Day of Atonement 5:2"
"mishneh-torah-service-on-the-day-of-atonement","Mishneh Torah, Service on the Day of Atonement","tok-dc1609e99511","שׁוֹחֵט","שוחט","Unresolved","","No lexical entry yet","true","2","Mishneh Torah, Service on the Day of Atonement 4:1; Mishneh Torah, Service on the Day of Atonement 5:13"
"mishneh-torah-service-on-the-day-of-atonement","Mishneh Torah, Service on the Day of Atonement","tok-098b365e2933","שׁוֹחֲטִין","שוחטינ","Unresolved","","No lexical entry yet","true","1","Mishneh Torah, Service on the Day of Atonement 1:8"
"mishneh-torah-service-on-the-day-of-atonement","Mishneh Torah, Service on the Day of Atonement","tok-a0f4be48a05a","שָׁוִין","שוינ","Unresolved","","No lexical entry yet","true","3","Mishneh Torah, Service on the Day of Atonement 3:1; Mishneh Torah, Service on the Day of Atonement 5:14"
"mishneh-torah-service-on-the-day-of-atonement","Mishneh Torah, Service on the Day of Atonement","tok-ebb128e34305","שׁוֹמֵעַ","שומע","Unresolved","","No lexical entry yet","true","1","Mishneh Torah, Service on the Day of Atonement 3:11"
"mishneh-torah-service-on-the-day-of-atonement","Mishneh Torah, Service on the Day of Atonement","tok-8710662d3a24","שׂוֹרְפִין","שורפינ","Unresolved","","No lexical entry yet","true","1","Mishneh Torah, Service on the Day of Atonement 3:8"
"mishneh-torah-service-on-the-day-of-atonement","Mishneh Torah, Service on the Day of Atonement","tok-33878e958a78","שֶׁזֶּה","שזה","Unresolved","","No lexical entry yet","true","2","Mishneh Torah, Service on the Day of Atonement 2:6; Mishneh Torah, Service on the Day of Atonement 3:5"
"mishneh-torah-service-on-the-day-of-atonement","Mishneh Torah, Service on the Day of Atonement","tok-25a5703a60d9","שְׁחוּנָה","שחונה","Unresolved","","No lexical entry yet","true","1","Mishneh Torah, Service on the Day of Atonement 4:1"
"mishneh-torah-service-on-the-day-of-atonement","Mishneh Torah, Service on the Day of Atonement","tok-8022ba29b736","שָׁחַט","שחט","Unresolved","","No lexical entry yet","true","1","Mishneh Torah, Service on the Day of Atonement 5:13"
"mishneh-torah-service-on-the-day-of-atonement","Mishneh Torah, Service on the Day of Atonement","tok-9604539eb51f","שֶׁחָטְאוּ","שחטאו","Unresolved","","No lexical entry yet","true","1","Mishneh Torah, Service on the Day of Atonement 4:2"
"mishneh-torah-service-on-the-day-of-atonement","Mishneh Torah, Service on the Day of Atonement","tok-d8674cab020a","שֶׁחָטָאתִי","שחטאתי","Unresolved","","No lexical entry yet","true","3","Mishneh Torah, Service on the Day of Atonement 2:6; Mishneh Torah, Service on the Day of Atonement 4:1"
"mishneh-torah-service-on-the-day-of-atonement","Mishneh Torah, Service on the Day of Atonement","tok-450014c5d7ff","שְׁחִיטָה","שחיטה","Unresolved","","No lexical entry yet","true","1","Mishneh Torah, Service on the Day of Atonement 1:8"
"mishneh-torah-service-on-the-day-of-atonement","Mishneh Torah, Service on the Day of Atonement","tok-8d271ebb9423","שְׁחִיטַת","שחיטת","Unresolved","","No lexical entry yet","true","2","Mishneh Torah, Service on the Day of Atonement 5:2; Mishneh Torah, Service on the Day of Atonement 5:8"
"mishneh-torah-service-on-the-day-of-atonement","Mishneh Torah, Service on the Day of Atonement","tok-79b238444738","שְׁחִיטָתוֹ","שחיטתו","Unresolved","","No lexical entry yet","true","3","Mishneh Torah, Service on the Day of Atonement 3:4; Mishneh Torah, Service on the Day of Atonement 4:1; Mishneh Torah, Service on the Day of Atonement 5:17"
"mishneh-torah-service-on-the-day-of-atonement","Mishneh Torah, Service on the Day of Atonement","tok-13ada704e60f","שֶׁחִסֵּר","שחסר","Unresolved","","No lexical entry yet","true","1","Mishneh Torah, Service on the Day of Atonement 3:3"
"mishneh-torah-service-on-the-day-of-atonement","Mishneh Torah, Service on the Day of Atonement","tok-8fef5aaea150","שֶׁחָפַן","שחפנ","Unresolved","","No lexical entry yet","true","3","Mishneh Torah, Service on the Day of Atonement 5:28"
"mishneh-torah-service-on-the-day-of-atonement","Mishneh Torah, Service on the Day of Atonement","tok-789c617744dc","שֶּׁחָפַן","שחפנ","Unresolved","","No lexical entry yet","true","1","Mishneh Torah, Service on the Day of Atonement 5:28"
"mishneh-torah-service-on-the-day-of-atonement","Mishneh Torah, Service on the Day of Atonement","tok-d03af9a9a801","שֶׁחֲפָנָהּ","שחפנה","Unresolved","","No lexical entry yet","true","1","Mishneh Torah, Service on the Day of Atonement 5:2"
"mishneh-torah-service-on-the-day-of-atonement","Mishneh Torah, Service on the Day of Atonement","tok-309dd2cc36a2","שַׁחַר","שחר","Unresolved","","No lexical entry yet","true","3","Mishneh Torah, Service on the Day of Atonement 1:3; Mishneh Torah, Service on the Day of Atonement 2:2; Mishneh Torah, Service on the Day of Atonement 4:1"
"mishneh-torah-service-on-the-day-of-atonement","Mishneh Torah, Service on the Day of Atonement","tok-f2cfd2cf240d","שֶׁחָשְׁדוּ","שחשדו","Unresolved","","No lexical entry yet","true","1","Mishneh Torah, Service on the Day of Atonement 1:7"
"mishneh-torah-service-on-the-day-of-atonement","Mishneh Torah, Service on the Day of Atonement","tok-f65d2af26e10","שֶׁחֲשָׁדוּהוּ","שחשדוהו","Unresolved","","No lexical entry yet","true","1","Mishneh Torah, Service on the Day of Atonement 1:7"
"mishneh-torah-service-on-the-day-of-atonement","Mishneh Torah, Service on the Day of Atonement","tok-a3654b6db4c7","שֶׁיַּגִּיעוּ","שיגיעו","Unresolved","","No lexical entry yet","true","1","Mishneh Torah, Service on the Day of Atonement 4:1"
"mishneh-torah-service-on-the-day-of-atonement","Mishneh Torah, Service on the Day of Atonement","tok-de490ccb25dc","שֶׁיֵּדְעוּ","שידעו","Unresolved","","No lexical entry yet","true","1","Mishneh Torah, Service on the Day of Atonement 3:7"
"mishneh-torah-service-on-the-day-of-atonement","Mishneh Torah, Service on the Day of Atonement","tok-dd03a3192bd4","שֶׁיּוֹלִיךְ","שיוליכ","Unresolved","","No lexical entry yet","true","1","Mishneh Torah, Service on the Day of Atonement 4:1"
"mishneh-torah-service-on-the-day-of-atonement","Mishneh Torah, Service on the Day of Atonement","tok-f8f9503bf230","שֶׁיּוֹשִׁיעַ","שיושיע","Unresolved","","No lexical entry yet","true","1","Mishneh Torah, Service on the Day of Atonement 3:11"
"mishneh-torah-service-on-the-day-of-atonement","Mishneh Torah, Service on the Day of Atonement","tok-8183d84f8667","שֶׁיַּזֶּה","שיזה","Unresolved","","No lexical entry yet","true","1","Mishneh Torah, Service on the Day of Atonement 3:6"
"mishneh-torah-service-on-the-day-of-atonement","Mishneh Torah, Service on the Day of Atonement","tok-f599eadaa296","שֶׁיַּכְנִיס","שיכניס","Unresolved","","No lexical entry yet","true","1","Mishneh Torah, Service on the Day of Atonement 3:1"
"mishneh-torah-service-on-the-day-of-atonement","Mishneh Torah, Service on the Day of Atonement","tok-9606048b48fe","שֶׁיְּכַפֵּר","שיכפר","Unresolved","","No lexical entry yet","true","1","Mishneh Torah, Service on the Day of Atonement 5:13"
"mishneh-torah-service-on-the-day-of-atonement","Mishneh Torah, Service on the Day of Atonement","tok-7c3f1fd3d6a3","שֶׁיִּסְתָּאֲבוּ","שיסתאבו","Unresolved","","No lexical entry yet","true","1","Mishneh Torah, Service on the Day of Atonement 5:16"
"mishneh-torah-service-on-the-day-of-atonement","Mishneh Torah, Service on the Day of Atonement","tok-d92b4e27ea20","שֶׁיַּעֲמֹד","שיעמד","Unresolved","","No lexical entry yet","true","1","Mishneh Torah, Service on the Day of Atonement 3:11"
"mishneh-torah-service-on-the-day-of-atonement","Mishneh Torah, Service on the Day of Atonement","tok-59fcc744e674","שֶׁיִּפּל","שיפל","Unresolved","","No lexical entry yet","true","2","Mishneh Torah, Service on the Day of Atonement 5:15; Mishneh Torah, Service on the Day of Atonement 5:16"
"mishneh-torah-service-on-the-day-of-atonement","Mishneh Torah, Service on the Day of Atonement","tok-5bb7b9473bb9","שֶׁיִּקָּרְבוּ","שיקרבו","Unresolved","","No lexical entry yet","true","1","Mishneh Torah, Service on the Day of Atonement 5:16"
"mishneh-torah-service-on-the-day-of-atonement","Mishneh Torah, Service on the Day of Atonement","tok-2cf0a9292a97","שְׁיָרֵי","שירי","Unresolved","","No lexical entry yet","true","2","Mishneh Torah, Service on the Day of Atonement 4:2; Mishneh Torah, Service on the Day of Atonement 5:12"
"mishneh-torah-service-on-the-day-of-atonement","Mishneh Torah, Service on the Day of Atonement","tok-120735727ef1","שֶׁיִּשָּׁחֵט","שישחט","Unresolved","","No lexical entry yet","true","1","Mishneh Torah, Service on the Day of Atonement 5:13"
"mishneh-torah-service-on-the-day-of-atonement","Mishneh Torah, Service on the Day of Atonement","tok-3e58346faf39","שֶׁיְּשַׁנֶּה","שישנה","Unresolved","","No lexical entry yet","true","1","Mishneh Torah, Service on the Day of Atonement 2:2"
"mishneh-torah-service-on-the-day-of-atonement","Mishneh Torah, Service on the Day of Atonement","tok-0b49ec9098ae","שֶׁיִּתְמַלֵּא","שיתמלא","Unresolved","","No lexical entry yet","true","1","Mishneh Torah, Service on the Day of Atonement 4:1"
"mishneh-torah-service-on-the-day-of-atonement","Mishneh Torah, Service on the Day of Atonement","tok-2d15a8ac35e9","שֶׁיִּתְעָרְבוּ","שיתערבו","Unresolved","","No lexical entry yet","true","1","Mishneh Torah, Service on the Day of Atonement 4:2"
"mishneh-torah-service-on-the-day-of-atonement","Mishneh Torah, Service on the Day of Atonement","tok-d825fdb57606","שֶׁכֻּלָּן","שכלנ","Unresolved","","No lexical entry yet","true","1","Mishneh Torah, Service on the Day of Atonement 5:7"
"mishneh-torah-service-on-the-day-of-atonement","Mishneh Torah, Service on the Day of Atonement","tok-71e34483b42d","שֶׁכָּתוּב","שכתוב","Unresolved","","No lexical entry yet","true","1","Mishneh Torah, Service on the Day of Atonement 1:7"
"mishneh-torah-service-on-the-day-of-atonement","Mishneh Torah, Service on the Day of Atonement","tok-b21684f54d58","שִׁלּוּחוֹ","שלוחו","Unresolved","","No lexical entry yet","true","2","Mishneh Torah, Service on the Day of Atonement 3:4; Mishneh Torah, Service on the Day of Atonement 4:1"
"mishneh-torah-service-on-the-day-of-atonement","Mishneh Torah, Service on the Day of Atonement","tok-7f38db12c4c3","שְׁלוּחֵנוּ","שלוחנו","Unresolved","","No lexical entry yet","true","1","Mishneh Torah, Service on the Day of Atonement 1:7"
"mishneh-torah-service-on-the-day-of-atonement","Mishneh Torah, Service on the Day of Atonement","tok-5761d82437c1","שְׁלִישִׁי","שלישי","Unresolved","","No lexical entry yet","true","1","Mishneh Torah, Service on the Day of Atonement 2:6"
"mishneh-torah-service-on-the-day-of-atonement","Mishneh Torah, Service on the Day of Atonement","tok-bf9587b71cf4","שָׁלֹשׁ","שלש","Unresolved","","No lexical entry yet","true","4","Mishneh Torah, Service on the Day of Atonement 2:5; Mishneh Torah, Service on the Day of Atonement 2:6; Mishneh Torah, Service on the Day of Atonement 3:11"
"mishneh-torah-service-on-the-day-of-atonement","Mishneh Torah, Service on the Day of Atonement","tok-57fa89d4a52d","שְׂמֹאלְךָ","שמאלכ","Unresolved","","No lexical entry yet","true","1","Mishneh Torah, Service on the Day of Atonement 3:3"
"mishneh-torah-service-on-the-day-of-atonement","Mishneh Torah, Service on the Day of Atonement","tok-a5914af78921","שֶׁמְּבָרְכִין","שמברכינ","Unresolved","","No lexical entry yet","true","1","Mishneh Torah, Service on the Day of Atonement 3:11"
"mishneh-torah-service-on-the-day-of-atonement","Mishneh Torah, Service on the Day of Atonement","tok-03c2cf25343e","שֶׁמַּגִּיעַ","שמגיע","Unresolved","","No lexical entry yet","true","1","Mishneh Torah, Service on the Day of Atonement 1:8"
"mishneh-torah-service-on-the-day-of-atonement","Mishneh Torah, Service on the Day of Atonement","tok-67dcd10152b7","שְׁמוֹנֶה","שמונה","Unresolved","","No lexical entry yet","true","8","Mishneh Torah, Service on the Day of Atonement 3:5; Mishneh Torah, Service on the Day of Atonement 4:2"
"mishneh-torah-service-on-the-day-of-atonement","Mishneh Torah, Service on the Day of Atonement","tok-bf4e993d6b3c","שֶׁמּוֹנֶה","שמונה","Unresolved","","No lexical entry yet","true","3","Mishneh Torah, Service on the Day of Atonement 3:5"
"mishneh-torah-service-on-the-day-of-atonement","Mishneh Torah, Service on the Day of Atonement","tok-850aeeb19a34","שֶׁמַּחְזִירָהּ","שמחזירה","Unresolved","","No lexical entry yet","true","1","Mishneh Torah, Service on the Day of Atonement 4:1"
"mishneh-torah-service-on-the-day-of-atonement","Mishneh Torah, Service on the Day of Atonement","tok-b1ba2b20e5f3","שֶׁמַּכִּירִין","שמכירינ","Unresolved","","No lexical entry yet","true","1","Mishneh Torah, Service on the Day of Atonement 1:8"
"mishneh-torah-service-on-the-day-of-atonement","Mishneh Torah, Service on the Day of Atonement","tok-4ecbd316c248","שֶׁמַּכְשִׁירֵי","שמכשירי","Unresolved","","No lexical entry yet","true","1","Mishneh Torah, Service on the Day of Atonement 5:27"
"mishneh-torah-service-on-the-day-of-atonement","Mishneh Torah, Service on the Day of Atonement","tok-0a255e0ea3c1","שֶׁמְּמִיתוֹ","שממיתו","Unresolved","","No lexical entry yet","true","1","Mishneh Torah, Service on the Day of Atonement 5:22"
"mishneh-torah-service-on-the-day-of-atonement","Mishneh Torah, Service on the Day of Atonement","tok-73f1020388eb","שֶׁמְּשַׁלֵּחַ","שמשלח","Unresolved","","No lexical entry yet","true","1","Mishneh Torah, Service on the Day of Atonement 3:7"
"mishneh-torah-service-on-the-day-of-atonement","Mishneh Torah, Service on the Day of Atonement","tok-63008992b0aa","שֶׁמֵּת","שמת","Unresolved","","No lexical entry yet","true","1","Mishneh Torah, Service on the Day of Atonement 5:15"
"mishneh-torah-service-on-the-day-of-atonement","Mishneh Torah, Service on the Day of Atonement","tok-b802b5f6badd","שֶׁמֵּתוּ","שמתו","Unresolved","","No lexical entry yet","true","1","Mishneh Torah, Service on the Day of Atonement 5:13"
"mishneh-torah-service-on-the-day-of-atonement","Mishneh Torah, Service on the Day of Atonement","tok-33e361136ac3","שְׁנֵיהֶן","שניהנ","Unresolved","","No lexical entry yet","true","1","Mishneh Torah, Service on the Day of Atonement 3:5"
"mishneh-torah-service-on-the-day-of-atonement","Mishneh Torah, Service on the Day of Atonement","tok-98987e69b983","שֶׁנִּשְׁחֲטָה","שנשחטה","Unresolved","","No lexical entry yet","true","1","Mishneh Torah, Service on the Day of Atonement 5:17"
"mishneh-torah-service-on-the-day-of-atonement","Mishneh Torah, Service on the Day of Atonement","tok-742ee6c6d99e","שֶׁנִּשְׁפַּךְ","שנשפכ","Unresolved","","No lexical entry yet","true","1","Mishneh Torah, Service on the Day of Atonement 5:8"
"mishneh-torah-service-on-the-day-of-atonement","Mishneh Torah, Service on the Day of Atonement","tok-fede6e4d3409","שֶׁנִּתְעָרְבוּ","שנתערבו","Unresolved","","No lexical entry yet","true","1","Mishneh Torah, Service on the Day of Atonement 5:12"
"mishneh-torah-service-on-the-day-of-atonement","Mishneh Torah, Service on the Day of Atonement","tok-2d7417956f3e","שֶׁנִּתְפַּזְּרָה","שנתפזרה","Unresolved","","No lexical entry yet","true","1","Mishneh Torah, Service on the Day of Atonement 5:28"
"mishneh-torah-service-on-the-day-of-atonement","Mishneh Torah, Service on the Day of Atonement","tok-d1590a7b4bf9","שֶׁעוֹבֵד","שעובד","Unresolved","","No lexical entry yet","true","1","Mishneh Torah, Service on the Day of Atonement 5:1"
"mishneh-torah-service-on-the-day-of-atonement","Mishneh Torah, Service on the Day of Atonement","tok-751b470b37cd","שֶׁעוֹמֵד","שעומד","Unresolved","","No lexical entry yet","true","1","Mishneh Torah, Service on the Day of Atonement 5:13"
"mishneh-torah-service-on-the-day-of-atonement","Mishneh Torah, Service on the Day of Atonement","tok-fcd06532a980","שֶׁעוֹשִׂין","שעושינ","Unresolved","","No lexical entry yet","true","1","Mishneh Torah, Service on the Day of Atonement 4:1"
"mishneh-torah-service-on-the-day-of-atonement","Mishneh Torah, Service on the Day of Atonement","tok-37dfc4f9df98","שְׂעִיר","שעיר","Unresolved","","No lexical entry yet","true","2","Mishneh Torah, Service on the Day of Atonement 2:2; Mishneh Torah, Service on the Day of Atonement 2:6"
"mishneh-torah-service-on-the-day-of-atonement","Mishneh Torah, Service on the Day of Atonement","tok-1d74db5b9ecd","שָׂעִיר","שעיר","Unresolved","","No lexical entry yet","true","12","Mishneh Torah, Service on the Day of Atonement 1:1; Mishneh Torah, Service on the Day of Atonement 2:1; Mishneh Torah, Service on the Day of Atonement 2:6; Mishneh Torah, Service on the Day of Atonement 3:4; Mishneh Torah, Service on the Day of Atonement 3:7"
"mishneh-torah-service-on-the-day-of-atonement","Mishneh Torah, Service on the Day of Atonement","tok-d88acc9524af","שְׂעִירֵי","שעירי","Unresolved","","No lexical entry yet","true","2","Mishneh Torah, Service on the Day of Atonement 1:1; Mishneh Torah, Service on the Day of Atonement 5:14"
"mishneh-torah-service-on-the-day-of-atonement","Mishneh Torah, Service on the Day of Atonement","tok-116e7a4c15c6","שְׂעִירִים","שעירימ","Unresolved","","No lexical entry yet","true","1","Mishneh Torah, Service on the Day of Atonement 1:1"
"mishneh-torah-service-on-the-day-of-atonement","Mishneh Torah, Service on the Day of Atonement","tok-13ad781a3273","שֶׁעָלָה","שעלה","Unresolved","","No lexical entry yet","true","4","Mishneh Torah, Service on the Day of Atonement 1:8; Mishneh Torah, Service on the Day of Atonement 3:4; Mishneh Torah, Service on the Day of Atonement 5:15"
"mishneh-torah-service-on-the-day-of-atonement","Mishneh Torah, Service on the Day of Atonement","tok-e03cdc8d4113","שֶׁעָלָיו","שעליו","Unresolved","","No lexical entry yet","true","1","Mishneh Torah, Service on the Day of Atonement 2:2"
"mishneh-torah-service-on-the-day-of-atonement","Mishneh Torah, Service on the Day of Atonement","tok-4c602278db70","שֶׁעַמְּךָ","שעמכ","Unresolved","","No lexical entry yet","true","1","Mishneh Torah, Service on the Day of Atonement 3:11"
"mishneh-torah-service-on-the-day-of-atonement","Mishneh Torah, Service on the Day of Atonement","tok-6b6ebffd9eac","שֶׁעָשׂוּ","שעשו","Unresolved","","No lexical entry yet","true","1","Mishneh Torah, Service on the Day of Atonement 3:7"
"mishneh-torah-service-on-the-day-of-atonement","Mishneh Torah, Service on the Day of Atonement","tok-8447326621ee","שֶׁפָּסַק","שפסק","Unresolved","","No lexical entry yet","true","1","Mishneh Torah, Service on the Day of Atonement 1:3"
"mishneh-torah-service-on-the-day-of-atonement","Mishneh Torah, Service on the Day of Atonement","tok-9f71fec355e4","שֶׁקּוֹרֵא","שקורא","Unresolved","","No lexical entry yet","true","1","Mishneh Torah, Service on the Day of Atonement 3:11"
"mishneh-torah-service-on-the-day-of-atonement","Mishneh Torah, Service on the Day of Atonement","tok-e43da4fd1134","שֶׁקְּטֹרֶת","שקטרת","Unresolved","","No lexical entry yet","true","1","Mishneh Torah, Service on the Day of Atonement 1:7"
"mishneh-torah-service-on-the-day-of-atonement","Mishneh Torah, Service on the Day of Atonement","tok-1a0cd7e00e91","שֶּׁקָּרָאתִי","שקראתי","Unresolved","","No lexical entry yet","true","1","Mishneh Torah, Service on the Day of Atonement 3:10"
"mishneh-torah-service-on-the-day-of-atonement","Mishneh Torah, Service on the Day of Atonement","tok-2a0fa459332c","שֶׁשְּׁחָטוֹ","ששחטו","Unresolved","","No lexical entry yet","true","1","Mishneh Torah, Service on the Day of Atonement 5:2"
"mishneh-torah-service-on-the-day-of-atonement","Mishneh Torah, Service on the Day of Atonement","tok-8d0b6242cf10","שֶׁשָּׁלְמוּ","ששלמו","Unresolved","","No lexical entry yet","true","1","Mishneh Torah, Service on the Day of Atonement 4:2"
"mishneh-torah-service-on-the-day-of-atonement","Mishneh Torah, Service on the Day of Atonement","tok-3df3d6429833","שֶׁתֶּחֱשַׁךְ","שתחשכ","Unresolved","","No lexical entry yet","true","1","Mishneh Torah, Service on the Day of Atonement 3:7"
"mishneh-torah-service-on-the-day-of-atonement","Mishneh Torah, Service on the Day of Atonement","tok-520704b9efae","שֶׁתָּמוּת","שתמות","Unresolved","","No lexical entry yet","true","1","Mishneh Torah, Service on the Day of Atonement 5:13"
"mishneh-torah-service-on-the-day-of-atonement","Mishneh Torah, Service on the Day of Atonement","tok-e298def7d4cd","שֻׁתָּפוּת","שתפות","Unresolved","","No lexical entry yet","true","1","Mishneh Torah, Service on the Day of Atonement 5:13"
"mishneh-torah-service-on-the-day-of-atonement","Mishneh Torah, Service on the Day of Atonement","tok-def3fdafab06","שֶׁתָּפִיג","שתפיג","Unresolved","","No lexical entry yet","true","1","Mishneh Torah, Service on the Day of Atonement 2:4"
"mishneh-torah-service-on-the-day-of-atonement","Mishneh Torah, Service on the Day of Atonement","tok-3403f5721977","תְּחִלָּה","תחלה","Unresolved","","No lexical entry yet","true","2","Mishneh Torah, Service on the Day of Atonement 2:6; Mishneh Torah, Service on the Day of Atonement 3:5"
"mishneh-torah-service-on-the-day-of-atonement","Mishneh Torah, Service on the Day of Atonement","tok-578a5bfda6f1","תְּחִלַּת","תחלת","Unresolved","","No lexical entry yet","true","1","Mishneh Torah, Service on the Day of Atonement 3:7"
"mishneh-torah-service-on-the-day-of-atonement","Mishneh Torah, Service on the Day of Atonement","tok-b0c3a329db3e","תַּחְתֵּיהֶן","תחתיהנ","Unresolved","","No lexical entry yet","true","1","Mishneh Torah, Service on the Day of Atonement 5:16"
"mishneh-torah-service-on-the-day-of-atonement","Mishneh Torah, Service on the Day of Atonement","tok-169a0739988e","תַּחְתָּיו","תחתיו","Unresolved","","No lexical entry yet","true","6","Mishneh Torah, Service on the Day of Atonement 1:3; Mishneh Torah, Service on the Day of Atonement 5:13; Mishneh Torah, Service on the Day of Atonement 5:15"
"mishneh-torah-service-on-the-day-of-atonement","Mishneh Torah, Service on the Day of Atonement","tok-12ea7e716e7b","תִּטְהָרוּ","תטהרו","Unresolved","","No lexical entry yet","true","1","Mishneh Torah, Service on the Day of Atonement 2:7"
"mishneh-torah-service-on-the-day-of-atonement","Mishneh Torah, Service on the Day of Atonement","tok-f9f79dbfa3c7","תִּטְהָרוּ""","תטהרו""","Unresolved","","No lexical entry yet","true","2","Mishneh Torah, Service on the Day of Atonement 2:6; Mishneh Torah, Service on the Day of Atonement 4:1"
"mishneh-torah-service-on-the-day-of-atonement","Mishneh Torah, Service on the Day of Atonement","tok-a10389e2ccd2","תִּישַׁן","תישנ","Unresolved","","No lexical entry yet","true","1","Mishneh Torah, Service on the Day of Atonement 1:8"
"mishneh-torah-service-on-the-day-of-atonement","Mishneh Torah, Service on the Day of Atonement","tok-48f5be6de1ee","תִּכָּנֵס","תכנס","Unresolved","","No lexical entry yet","true","1","Mishneh Torah, Service on the Day of Atonement 4:1"
"mishneh-torah-service-on-the-day-of-atonement","Mishneh Torah, Service on the Day of Atonement","tok-d9e79b1c0f47","תְּמִידִין","תמידינ","Unresolved","","No lexical entry yet","true","2","Mishneh Torah, Service on the Day of Atonement 1:1; Mishneh Torah, Service on the Day of Atonement 4:2"
"mishneh-torah-service-on-the-day-of-atonement","Mishneh Torah, Service on the Day of Atonement","tok-e49a6947ea4a","תְּפִלָּה","תפלה","Unresolved","","No lexical entry yet","true","3","Mishneh Torah, Service on the Day of Atonement 3:11; Mishneh Torah, Service on the Day of Atonement 4:1"
"mishneh-torah-service-on-the-day-of-atonement","Mishneh Torah, Service on the Day of Atonement","tok-f5c72c98556b","תִּקְרָה","תקרה","Unresolved","","No lexical entry yet","true","1","Mishneh Torah, Service on the Day of Atonement 5:23"
"mishneh-torah-service-on-the-day-of-atonement","Mishneh Torah, Service on the Day of Atonement","tok-0d2ac876c3fa","תְּשַׁנֶּה","תשנה","Unresolved","","No lexical entry yet","true","1","Mishneh Torah, Service on the Day of Atonement 1:7"
