"work_id","work_title","token_index_id","surface_word","normalized_word","status","strict_renderings","notes","not_a_translation","occurrence_count","example_refs"
"pesach-haggadah","Pesach Haggadah","tok-4cc7dbd33aae","אַבָּא","אבא","Unresolved","","No lexical entry yet","true","10","Pesach Haggadah, Nirtzah, Chad Gadya:1; Pesach Haggadah, Nirtzah, Chad Gadya:2; Pesach Haggadah, Nirtzah, Chad Gadya:3; Pesach Haggadah, Nirtzah, Chad Gadya:4; Pesach Haggadah, Nirtzah, Chad Gadya:5"
"pesach-haggadah","Pesach Haggadah","tok-ce0fa58244b8","אָבֹא־בָם","אבא־במ","Unresolved","","No lexical entry yet","true","1","Pesach Haggadah, Hallel, Second Half of Hallel:6"
"pesach-haggadah","Pesach Haggadah","tok-cd6fa57e9b35","אֹבֵד","אבד","Unresolved","","No lexical entry yet","true","1","Pesach Haggadah, Magid, First Fruits Declaration:2"
"pesach-haggadah","Pesach Haggadah","tok-28bb96687a79","אַבְהָתָנָא","אבהתנא","Unresolved","","No lexical entry yet","true","1","Pesach Haggadah, Magid, Ha Lachma Anya:3"
"pesach-haggadah","Pesach Haggadah","tok-006a25ca6679","אֲבוֹתֶיךָ","אבותיכ","Unresolved","","No lexical entry yet","true","1","Pesach Haggadah, Magid, First Fruits Declaration:4"
"pesach-haggadah","Pesach Haggadah","tok-4b116a9d87bd","אֲבוֹתֵיכֶם","אבותיכמ","Unresolved","","No lexical entry yet","true","1","Pesach Haggadah, Magid, In the Beginning Our Fathers Were Idol Worshipers:1"
"pesach-haggadah","Pesach Haggadah","tok-66549c86605e","אֲבִי","אבי","Unresolved","","No lexical entry yet","true","1","Pesach Haggadah, Magid, In the Beginning Our Fathers Were Idol Worshipers:1"
"pesach-haggadah","Pesach Haggadah","tok-db50548c704e","אָבִי","אבי","Unresolved","","No lexical entry yet","true","2","Pesach Haggadah, Magid, First Fruits Declaration:2; Pesach Haggadah, Barech, Birkat Hamazon:23"
"pesach-haggadah","Pesach Haggadah","tok-996ca10f98a0","אֶבְיוֹן","אביונ","Unresolved","","No lexical entry yet","true","1","Pesach Haggadah, Magid, First Half of Hallel:3"
"pesach-haggadah","Pesach Haggadah","tok-9090080ebbe6","אֲבֹתֵינוּ","אבתינו","Unresolved","","No lexical entry yet","true","2","Pesach Haggadah, Magid, First Fruits Declaration:11; Pesach Haggadah, Magid, First Fruits Declaration:12"
"pesach-haggadah","Pesach Haggadah","tok-07d490df6759","אֲגָגִי","אגגי","Unresolved","","No lexical entry yet","true","1","Pesach Haggadah, Nirtzah, And It Happened at Midnight:9"
"pesach-haggadah","Pesach Haggadah","tok-b98276b118d4","אֲגַם־מָיִם","אגמ־מימ","Unresolved","","No lexical entry yet","true","1","Pesach Haggadah, Magid, First Half of Hallel:4"
"pesach-haggadah","Pesach Haggadah","tok-7d08fade4434","אֲד","אד","Unresolved","","No lexical entry yet","true","1","Pesach Haggadah, Hallel, Songs of Praise and Thanks:2"
"pesach-haggadah","Pesach Haggadah","tok-79c985c3e768","אֲדַבֵּר","אדבר","Unresolved","","No lexical entry yet","true","1","Pesach Haggadah, Hallel, Second Half of Hallel:3"
"pesach-haggadah","Pesach Haggadah","tok-96f2d22989fa","אוֹדְךָ","אודכ","Unresolved","","No lexical entry yet","true","2","Pesach Haggadah, Hallel, Second Half of Hallel:7"
"pesach-haggadah","Pesach Haggadah","tok-c3647a9d8f1d","אִוּוּי","אווי","Unresolved","","No lexical entry yet","true","1","Pesach Haggadah, Nirtzah, And It Happened at Midnight:8"
"pesach-haggadah","Pesach Haggadah","tok-29f5083f72c2","אוחז","אוחז","Unresolved","","No lexical entry yet","true","2","Pesach Haggadah, Magid, Rabban Gamliel's Three Things:3; Pesach Haggadah, Magid, Rabban Gamliel's Three Things:5"
"pesach-haggadah","Pesach Haggadah","tok-bf9355701b04","אוכל","אוכל","Unresolved","","No lexical entry yet","true","1","Pesach Haggadah, Karpas:2"
"pesach-haggadah","Pesach Haggadah","tok-8710b474cdd2","אוכלים","אוכלימ","Unresolved","","No lexical entry yet","true","2","Pesach Haggadah, Korech:2; Pesach Haggadah, Shulchan Orech:2"
"pesach-haggadah","Pesach Haggadah","tok-c71eee7a6344","אוֹכְלִים","אוכלימ","Unresolved","","No lexical entry yet","true","3","Pesach Haggadah, Magid, Rabban Gamliel's Three Things:2; Pesach Haggadah, Magid, Rabban Gamliel's Three Things:4; Pesach Haggadah, Magid, Rabban Gamliel's Three Things:6"
"pesach-haggadah","Pesach Haggadah","tok-3d104f4e2228","אוֹכְלִין","אוכלינ","Unresolved","","No lexical entry yet","true","3","Pesach Haggadah, Magid, Four Questions:2"
"pesach-haggadah","Pesach Haggadah","tok-1444a3870bcb","אוֹתָךְ","אותכ","Unresolved","","No lexical entry yet","true","1","Pesach Haggadah, Barech, Birkat Hamazon:17"
"pesach-haggadah","Pesach Haggadah","tok-6d6ef36c0695","אָזְנוֹ","אזנו","Unresolved","","No lexical entry yet","true","1","Pesach Haggadah, Hallel, Second Half of Hallel:3"
"pesach-haggadah","Pesach Haggadah","tok-0d28e938aee6","אָזְנָיִם","אזנימ","Unresolved","","No lexical entry yet","true","1","Pesach Haggadah, Hallel, Second Half of Hallel:2"
"pesach-haggadah","Pesach Haggadah","tok-eedcde7aeaf2","אחרונה","אחרונה","Unresolved","","No lexical entry yet","true","3","Pesach Haggadah, Kadesh:13; Pesach Haggadah, Karpas:2; Pesach Haggadah, Barech, Third Cup of Wine:2"
"pesach-haggadah","Pesach Haggadah","tok-84f350d72eea","אַיֵּה־נָא","איה־נא","Unresolved","","No lexical entry yet","true","1","Pesach Haggadah, Hallel, Second Half of Hallel:2"
"pesach-haggadah","Pesach Haggadah","tok-cc5c440c7e0e","אכילת","אכילת","Unresolved","","No lexical entry yet","true","2","Pesach Haggadah, Motzi Matzah:2; Pesach Haggadah, Tzafun:3"
"pesach-haggadah","Pesach Haggadah","tok-1676bacd5591","אֲכִילַת","אכילת","Unresolved","","No lexical entry yet","true","3","Pesach Haggadah, Motzi Matzah:4; Pesach Haggadah, Maror:3; Pesach Haggadah, Barech, Birkat Hamazon:16"
"pesach-haggadah","Pesach Haggadah","tok-a56c8799b8dd","אָכַל","אכל","Unresolved","","No lexical entry yet","true","1","Pesach Haggadah, Barech, Pour Out Thy Wrath:2"
"pesach-haggadah","Pesach Haggadah","tok-9437f7fb8e7f","אכלו","אכלו","Unresolved","","No lexical entry yet","true","1","Pesach Haggadah, Korech:2"
"pesach-haggadah","Pesach Haggadah","tok-29c7514bfbdc","אֲכָלוּ","אכלו","Unresolved","","No lexical entry yet","true","1","Pesach Haggadah, Magid, Ha Lachma Anya:3"
"pesach-haggadah","Pesach Haggadah","tok-c225ad28b620","אֶל־הָאֱלֹהִים","אל־האלהימ","Unresolved","","No lexical entry yet","true","1","Pesach Haggadah, Magid, First Fruits Declaration:12"
"pesach-haggadah","Pesach Haggadah","tok-01d055891d3a","אֶל־הַגּוֹיִם","אל־הגוימ","Unresolved","","No lexical entry yet","true","1","Pesach Haggadah, Barech, Pour Out Thy Wrath:2"
"pesach-haggadah","Pesach Haggadah","tok-7a71d82e4a97","אֶל־יְיָ","אל־יי","Unresolved","","No lexical entry yet","true","2","Pesach Haggadah, Magid, First Fruits Declaration:11; Pesach Haggadah, Magid, First Fruits Declaration:12"
"pesach-haggadah","Pesach Haggadah","tok-05bf52283425","אֶל־כָּל־הָעָם","אל־כל־העמ","Unresolved","","No lexical entry yet","true","1","Pesach Haggadah, Magid, In the Beginning Our Fathers Were Idol Worshipers:1"
"pesach-haggadah","Pesach Haggadah","tok-9c5d62f94eec","אֶל־פַּרְעֹה","אל־פרעה","Unresolved","","No lexical entry yet","true","2","Pesach Haggadah, Magid, First Fruits Declaration:3; Pesach Haggadah, Magid, The Ten Plagues:18"
"pesach-haggadah","Pesach Haggadah","tok-f95970a1dc3b","אֱלוֹהַּ","אלוה","Unresolved","","No lexical entry yet","true","1","Pesach Haggadah, Magid, First Half of Hallel:4"
"pesach-haggadah","Pesach Haggadah","tok-b4f85493917c","אֱלוֹהַּ","אלוה","Unresolved","","No lexical entry yet","true","1","Pesach Haggadah, Hallel, Songs of Praise and Thanks:2"
"pesach-haggadah","Pesach Haggadah","tok-110f4f6ce254","אֱלִיעֶזֶר","אליעזר","Unresolved","","No lexical entry yet","true","2","Pesach Haggadah, Magid, Story of the Five Rabbis:1; Pesach Haggadah, Magid, The Ten Plagues:19"
"pesach-haggadah","Pesach Haggadah","tok-562cfba6b3c3","אֶלְעָזָר","אלעזר","Unresolved","","No lexical entry yet","true","2","Pesach Haggadah, Magid, Story of the Five Rabbis:1; Pesach Haggadah, Magid, Story of the Five Rabbis:2"
"pesach-haggadah","Pesach Haggadah","tok-96ffd5522b78","אֵם־הַבָּנִים","אמ־הבנימ","Unresolved","","No lexical entry yet","true","1","Pesach Haggadah, Magid, First Half of Hallel:3"
"pesach-haggadah","Pesach Haggadah","tok-b6eb821ca58e","אִמָּהוֹת","אמהות","Unresolved","","No lexical entry yet","true","10","Pesach Haggadah, Nirtzah, Echad Mi Yodea:1"
"pesach-haggadah","Pesach Haggadah","tok-c74d42d403f5","אָמוּת","אמות","Unresolved","","No lexical entry yet","true","1","Pesach Haggadah, Hallel, Second Half of Hallel:6"
"pesach-haggadah","Pesach Haggadah","tok-92ff936e9c96","אִמִּי","אמי","Unresolved","","No lexical entry yet","true","1","Pesach Haggadah, Barech, Birkat Hamazon:23"
"pesach-haggadah","Pesach Haggadah","tok-c68822d4e2e8","אֲמִילַם","אמילמ","Unresolved","","No lexical entry yet","true","3","Pesach Haggadah, Hallel, Second Half of Hallel:6"
"pesach-haggadah","Pesach Haggadah","tok-d85b8e4e4e56","אמירת","אמירת","Unresolved","","No lexical entry yet","true","1","Pesach Haggadah, Magid, We Were Slaves in Egypt:1"
"pesach-haggadah","Pesach Haggadah","tok-dda2ede47b22","אֶמְצָא","אמצא","Unresolved","","No lexical entry yet","true","1","Pesach Haggadah, Hallel, Second Half of Hallel:3"
"pesach-haggadah","Pesach Haggadah","tok-1381ef2771e4","אָנָּא","אנא","Unresolved","","No lexical entry yet","true","5","Pesach Haggadah, Hallel, Second Half of Hallel:3; Pesach Haggadah, Hallel, Second Half of Hallel:8"
"pesach-haggadah","Pesach Haggadah","tok-0e95c0b6735e","אָנָּה","אנה","Unresolved","","No lexical entry yet","true","1","Pesach Haggadah, Hallel, Second Half of Hallel:4"
"pesach-haggadah","Pesach Haggadah","tok-37b573ccdcae","אָנוּס","אנוס","Unresolved","","No lexical entry yet","true","1","Pesach Haggadah, Magid, First Fruits Declaration:3"
"pesach-haggadah","Pesach Haggadah","tok-0cebae09319d","אֲנִי־עַבְדְּךָ","אני־עבדכ","Unresolved","","No lexical entry yet","true","1","Pesach Haggadah, Hallel, Second Half of Hallel:4"
"pesach-haggadah","Pesach Haggadah","tok-7419840eba82","אֲסוּרִים","אסורימ","Unresolved","","No lexical entry yet","true","1","Pesach Haggadah, Hallel, Songs of Praise and Thanks:2"
"pesach-haggadah","Pesach Haggadah","tok-8a5999840a55","אִסְרוּ","אסרו","Unresolved","","No lexical entry yet","true","1","Pesach Haggadah, Hallel, Second Half of Hallel:9"
"pesach-haggadah","Pesach Haggadah","tok-ab70bfbf9a73","אִסְרוּ־חַג","אסרו־חג","Unresolved","","No lexical entry yet","true","1","Pesach Haggadah, Hallel, Second Half of Hallel:9"
"pesach-haggadah","Pesach Haggadah","tok-2098d8c0fce1","אֶעֱשֶׂה","אעשה","Unresolved","","No lexical entry yet","true","2","Pesach Haggadah, Magid, First Fruits Declaration:18; Pesach Haggadah, Magid, First Fruits Declaration:19"
"pesach-haggadah","Pesach Haggadah","tok-1e77414fdc81","אָפָה","אפה","Unresolved","","No lexical entry yet","true","1","Pesach Haggadah, Nirtzah, Zevach Pesach:4"
"pesach-haggadah","Pesach Haggadah","tok-ba15d4524c87","אַפּוֹ","אפו","Unresolved","","No lexical entry yet","true","3","Pesach Haggadah, Magid, The Ten Plagues:19; Pesach Haggadah, Magid, The Ten Plagues:20"
"pesach-haggadah","Pesach Haggadah","tok-274c760c7246","אֲפִיקוֹמָן","אפיקומנ","Unresolved","","No lexical entry yet","true","1","Pesach Haggadah, Magid, The Four Sons:2"
"pesach-haggadah","Pesach Haggadah","tok-bc85dbe7ba63","אַפְּךָ","אפכ","Unresolved","","No lexical entry yet","true","1","Pesach Haggadah, Barech, Pour Out Thy Wrath:2"
"pesach-haggadah","Pesach Haggadah","tok-6e605b9ad599","אֲפָפוּנִי","אפפוני","Unresolved","","No lexical entry yet","true","1","Pesach Haggadah, Hallel, Second Half of Hallel:3"
"pesach-haggadah","Pesach Haggadah","tok-a8640fe1bc19","אֶצְבַּע","אצבע","Unresolved","","No lexical entry yet","true","1","Pesach Haggadah, Magid, The Ten Plagues:18"
"pesach-haggadah","Pesach Haggadah","tok-e4657f07fe43","אֶקְרָא","אקרא","Unresolved","","No lexical entry yet","true","4","Pesach Haggadah, Hallel, Second Half of Hallel:3; Pesach Haggadah, Hallel, Second Half of Hallel:4"
"pesach-haggadah","Pesach Haggadah","tok-9c677fcc468c","אֶרְאֶה","אראה","Unresolved","","No lexical entry yet","true","1","Pesach Haggadah, Hallel, Second Half of Hallel:6"
"pesach-haggadah","Pesach Haggadah","tok-d81f6292d2c5","אַרְבֶּה","ארבה","Unresolved","","No lexical entry yet","true","1","Pesach Haggadah, Magid, The Ten Plagues:14"
"pesach-haggadah","Pesach Haggadah","tok-8c4e829c4340","אַרְבָּעָה","ארבעה","Unresolved","","No lexical entry yet","true","1","Pesach Haggadah, Magid, The Four Sons:1"
"pesach-haggadah","Pesach Haggadah","tok-9efa9e1aaa84","אַרְבָּעִים","ארבעימ","Unresolved","","No lexical entry yet","true","4","Pesach Haggadah, Magid, The Ten Plagues:19; Pesach Haggadah, Magid, Dayenu:9; Pesach Haggadah, Magid, Dayenu:10; Pesach Haggadah, Magid, Dayenu:16"
"pesach-haggadah","Pesach Haggadah","tok-538895568c75","אֲרוֹמְמֶךָּ","ארוממכ","Unresolved","","No lexical entry yet","true","2","Pesach Haggadah, Hallel, Second Half of Hallel:9"
"pesach-haggadah","Pesach Haggadah","tok-8fdf6207f0c7","אֲרָיוֹת","אריות","Unresolved","","No lexical entry yet","true","1","Pesach Haggadah, Nirtzah, And It Happened at Midnight:9"
"pesach-haggadah","Pesach Haggadah","tok-5150d1e131ee","אֲרַמִּי","ארמי","Unresolved","","No lexical entry yet","true","2","Pesach Haggadah, Magid, First Fruits Declaration:2; Pesach Haggadah, Nirtzah, And It Happened at Midnight:5"
"pesach-haggadah","Pesach Haggadah","tok-57a0497b6173","אַרְצָם","ארצמ","Unresolved","","No lexical entry yet","true","1","Pesach Haggadah, Hallel, Songs of Praise and Thanks:1"
"pesach-haggadah","Pesach Haggadah","tok-3c273e662668","אֶשָּׂא","אשא","Unresolved","","No lexical entry yet","true","1","Pesach Haggadah, Hallel, Second Half of Hallel:4"
"pesach-haggadah","Pesach Haggadah","tok-603cc915d20f","אֲשַׁלֵּם","אשלמ","Unresolved","","No lexical entry yet","true","2","Pesach Haggadah, Hallel, Second Half of Hallel:4"
"pesach-haggadah","Pesach Haggadah","tok-ddb0edc25df5","אַשְׁמוֹרֶת","אשמורת","Unresolved","","No lexical entry yet","true","1","Pesach Haggadah, Nirtzah, And It Happened at Midnight:3"
"pesach-haggadah","Pesach Haggadah","tok-082346040910","אֲשֶׁר־בֹּטֵחַ","אשר־בטח","Unresolved","","No lexical entry yet","true","1","Pesach Haggadah, Hallel, Second Half of Hallel:2"
"pesach-haggadah","Pesach Haggadah","tok-966913159bdb","אֲשֶׁר־חָפֵץ","אשר־חפצ","Unresolved","","No lexical entry yet","true","1","Pesach Haggadah, Hallel, Second Half of Hallel:2"
"pesach-haggadah","Pesach Haggadah","tok-5f34af5b17f9","אֲשֶׁר־עָבְדוּ","אשר־עבדו","Unresolved","","No lexical entry yet","true","1","Pesach Haggadah, Magid, Rabban Gamliel's Three Things:6"
"pesach-haggadah","Pesach Haggadah","tok-42fd33da5960","אֲשֶׁר־עָשָׂה","אשר־עשה","Unresolved","","No lexical entry yet","true","1","Pesach Haggadah, Magid, First Fruits Declaration:22"
"pesach-haggadah","Pesach Haggadah","tok-99c80b574484","אֶת־אֲבוֹתֵינוּ","את־אבותינו","Unresolved","","No lexical entry yet","true","2","Pesach Haggadah, Magid, Rabban Gamliel's Three Things:7; Pesach Haggadah, Magid, Second Cup of Wine:2"
"pesach-haggadah","Pesach Haggadah","tok-3c519e7d350c","אֶת־אֲבִיכֶם","את־אביכמ","Unresolved","","No lexical entry yet","true","1","Pesach Haggadah, Magid, In the Beginning Our Fathers Were Idol Worshipers:2"
"pesach-haggadah","Pesach Haggadah","tok-c722d77d90cc","אֶת־אַבְרָהָם","את־אברהמ","Unresolved","","No lexical entry yet","true","2","Pesach Haggadah, Magid, In the Beginning Our Fathers Were Idol Worshipers:2; Pesach Haggadah, Magid, First Fruits Declaration:13"
"pesach-haggadah","Pesach Haggadah","tok-9706ff99a5d0","אֶת־בֵּית","את־בית","Unresolved","","No lexical entry yet","true","2","Pesach Haggadah, Magid, Dayenu:15; Pesach Haggadah, Magid, Dayenu:16"
"pesach-haggadah","Pesach Haggadah","tok-a83f5bd76115","אֶת־בְּכוֹרֵיהֶם","את־בכוריהמ","Unresolved","","No lexical entry yet","true","3","Pesach Haggadah, Magid, Dayenu:4; Pesach Haggadah, Magid, Dayenu:5; Pesach Haggadah, Magid, Dayenu:16"
"pesach-haggadah","Pesach Haggadah","tok-8138b22d439d","אֶת־בְּנֵי","את־בני","Unresolved","","No lexical entry yet","true","1","Pesach Haggadah, Magid, First Fruits Declaration:9"
"pesach-haggadah","Pesach Haggadah","tok-cfa53aa39f45","אֶת־בְּרִיתוֹ","את־בריתו","Unresolved","","No lexical entry yet","true","1","Pesach Haggadah, Magid, First Fruits Declaration:13"
"pesach-haggadah","Pesach Haggadah","tok-1e3152f33a2d","אֶת־הָאָרֶץ","את־הארצ","Unresolved","","No lexical entry yet","true","1","Pesach Haggadah, Magid, Rabban Gamliel's Three Things:7"
"pesach-haggadah","Pesach Haggadah","tok-6dcce17faabd","אֶת־הָאֹתוֹת","את־האתות","Unresolved","","No lexical entry yet","true","1","Pesach Haggadah, Magid, First Fruits Declaration:23"
"pesach-haggadah","Pesach Haggadah","tok-8d745fc46b4b","אֶת־הַבָּצֵק","את־הבצק","Unresolved","","No lexical entry yet","true","1","Pesach Haggadah, Magid, Rabban Gamliel's Three Things:4"
"pesach-haggadah","Pesach Haggadah","tok-d3ef3636ae7e","אֶת־הַגּוֹי","את־הגוי","Unresolved","","No lexical entry yet","true","1","Pesach Haggadah, Magid, In the Beginning Our Fathers Were Idol Worshipers:3"
"pesach-haggadah","Pesach Haggadah","tok-6cd7a4ff1b63","אֶת־הַיָּד","את־היד","Unresolved","","No lexical entry yet","true","1","Pesach Haggadah, Magid, The Ten Plagues:18"
"pesach-haggadah","Pesach Haggadah","tok-1d4c1918ad93","אֶת־הַיָּם","את־הימ","Unresolved","","No lexical entry yet","true","3","Pesach Haggadah, Magid, Dayenu:6; Pesach Haggadah, Magid, Dayenu:7; Pesach Haggadah, Magid, Dayenu:16"
"pesach-haggadah","Pesach Haggadah","tok-bd75fd1b166b","אֶת־הַיָּרֵחַ","את־הירח","Unresolved","","No lexical entry yet","true","1","Pesach Haggadah, Hallel, Songs of Praise and Thanks:1"
"pesach-haggadah","Pesach Haggadah","tok-96107d7e04f2","אֶת־הַכֹּל","את־הכל","Unresolved","","No lexical entry yet","true","1","Pesach Haggadah, Magid, First Fruits Declaration:2"
"pesach-haggadah","Pesach Haggadah","tok-2d81ab79d405","אֶת־הַלַּחַץ","את־הלחצ","Unresolved","","No lexical entry yet","true","1","Pesach Haggadah, Magid, First Fruits Declaration:16"
"pesach-haggadah","Pesach Haggadah","tok-8cf406f6d8e6","אֶת־הַמָּן","את־המנ","Unresolved","","No lexical entry yet","true","3","Pesach Haggadah, Magid, Dayenu:10; Pesach Haggadah, Magid, Dayenu:11; Pesach Haggadah, Magid, Dayenu:16"
"pesach-haggadah","Pesach Haggadah","tok-0aea1a91bb48","אֶת־הַקֵּץ","את־הקצ","Unresolved","","No lexical entry yet","true","1","Pesach Haggadah, Magid, In the Beginning Our Fathers Were Idol Worshipers:3"
"pesach-haggadah","Pesach Haggadah","tok-1fa9480d9fe7","אֶת־הַר","את־הר","Unresolved","","No lexical entry yet","true","1","Pesach Haggadah, Magid, In the Beginning Our Fathers Were Idol Worshipers:2"
"pesach-haggadah","Pesach Haggadah","tok-f6090705e658","אֶת־הַשַּׁבָּת","את־השבת","Unresolved","","No lexical entry yet","true","2","Pesach Haggadah, Magid, Dayenu:11; Pesach Haggadah, Magid, Dayenu:12"
"pesach-haggadah","Pesach Haggadah","tok-b9215285e30a","אֶת־הַשַּׁבָּת","את־השבת","Unresolved","","No lexical entry yet","true","1","Pesach Haggadah, Magid, Dayenu:16"
"pesach-haggadah","Pesach Haggadah","tok-d82c4930b8d1","אֶת־הַשֶּׁמֶשׁ","את־השמש","Unresolved","","No lexical entry yet","true","1","Pesach Haggadah, Hallel, Songs of Praise and Thanks:1"
"pesach-haggadah","Pesach Haggadah","tok-8cd79210f451","אֶת־הַתּוֹרָה","את־התורה","Unresolved","","No lexical entry yet","true","3","Pesach Haggadah, Magid, Dayenu:13; Pesach Haggadah, Magid, Dayenu:14; Pesach Haggadah, Magid, Dayenu:16"
"pesach-haggadah","Pesach Haggadah","tok-4d25e5b712fe","אֶת־זַרְעוֹ","את־זרעו","Unresolved","","No lexical entry yet","true","1","Pesach Haggadah, Magid, In the Beginning Our Fathers Were Idol Worshipers:2"
"pesach-haggadah","Pesach Haggadah","tok-57862e2fba94","אֶת־חַיֵּי","את־חיי","Unresolved","","No lexical entry yet","true","1","Pesach Haggadah, Magid, Rabban Gamliel's Three Things:6"
"pesach-haggadah","Pesach Haggadah","tok-6a386cadd78e","אֶת־חַיֵּיהם","את־חייהמ","Unresolved","","No lexical entry yet","true","1","Pesach Haggadah, Magid, Rabban Gamliel's Three Things:6"
"pesach-haggadah","Pesach Haggadah","tok-5ae415ec78f4","אֶת־יוֹם","את־יומ","Unresolved","","No lexical entry yet","true","1","Pesach Haggadah, Kadesh:4"
"pesach-haggadah","Pesach Haggadah","tok-515b7660bf84","אֶת־יְיָ","את־יי","Unresolved","","No lexical entry yet","true","4","Pesach Haggadah, Magid, The Ten Plagues:18; Pesach Haggadah, Barech, Birkat Hamazon:17; Pesach Haggadah, Hallel, Second Half of Hallel:5; Pesach Haggadah, Hallel, Songs of Praise and Thanks:4"
"pesach-haggadah","Pesach Haggadah","tok-87d53897c7dc","אֶת־יַעֲקֹב","את־יעקב","Unresolved","","No lexical entry yet","true","2","Pesach Haggadah, Magid, In the Beginning Our Fathers Were Idol Worshipers:2; Pesach Haggadah, Barech, Pour Out Thy Wrath:2"
"pesach-haggadah","Pesach Haggadah","tok-622e86884b3f","אֶת־יִצְחָק","את־יצחק","Unresolved","","No lexical entry yet","true","2","Pesach Haggadah, Magid, In the Beginning Our Fathers Were Idol Worshipers:2; Pesach Haggadah, Magid, First Fruits Declaration:13"
"pesach-haggadah","Pesach Haggadah","tok-a3b391f259e6","אֶת־כָּל־הַנִסִּים","את־כל־הנסימ","Unresolved","","No lexical entry yet","true","1","Pesach Haggadah, Magid, First Half of Hallel:2"
"pesach-haggadah","Pesach Haggadah","tok-334c125db304","אֶת־מָמוֹנָם","את־ממונמ","Unresolved","","No lexical entry yet","true","3","Pesach Haggadah, Magid, Dayenu:5; Pesach Haggadah, Magid, Dayenu:6; Pesach Haggadah, Magid, Dayenu:16"
"pesach-haggadah","Pesach Haggadah","tok-dfeb906f8c16","אֶת־מִצְרַיִם","את־מצרימ","Unresolved","","No lexical entry yet","true","1","Pesach Haggadah, Magid, Rabban Gamliel's Three Things:2"
"pesach-haggadah","Pesach Haggadah","tok-774e4654f103","אֶת־נַאֲקָתָם","את־נאקתמ","Unresolved","","No lexical entry yet","true","1","Pesach Haggadah, Magid, First Fruits Declaration:13"
"pesach-haggadah","Pesach Haggadah","tok-ae4379ad3b51","אֶת־עֵינִי","את־עיני","Unresolved","","No lexical entry yet","true","1","Pesach Haggadah, Hallel, Second Half of Hallel:3"
"pesach-haggadah","Pesach Haggadah","tok-0cfb576965ee","אֶת־עַמְּךָ","את־עמכ","Unresolved","","No lexical entry yet","true","1","Pesach Haggadah, Kadesh:10"
"pesach-haggadah","Pesach Haggadah","tok-9029674fecfb","אֶת־עָנְיֵנוּ","את־ענינו","Unresolved","","No lexical entry yet","true","2","Pesach Haggadah, Magid, First Fruits Declaration:11; Pesach Haggadah, Magid, First Fruits Declaration:14"
"pesach-haggadah","Pesach Haggadah","tok-150dc23ec9c7","אֶת־עַצְמוֹ","את־עצמו","Unresolved","","No lexical entry yet","true","1","Pesach Haggadah, Magid, Rabban Gamliel's Three Things:7"
"pesach-haggadah","Pesach Haggadah","tok-0c26bae33192","אֶת־פִּתֹם","את־פתמ","Unresolved","","No lexical entry yet","true","1","Pesach Haggadah, Magid, First Fruits Declaration:8"
"pesach-haggadah","Pesach Haggadah","tok-616740494653","אֶת־קוֹלִי","את־קולי","Unresolved","","No lexical entry yet","true","1","Pesach Haggadah, Hallel, Second Half of Hallel:3"
"pesach-haggadah","Pesach Haggadah","tok-c0caa940e322","אֶת־קֹלֵנוּ","את־קלנו","Unresolved","","No lexical entry yet","true","2","Pesach Haggadah, Magid, First Fruits Declaration:11; Pesach Haggadah, Magid, First Fruits Declaration:13"
"pesach-haggadah","Pesach Haggadah","tok-e88a8c05d706","אֶת־רַגְלִי","את־רגלי","Unresolved","","No lexical entry yet","true","1","Pesach Haggadah, Hallel, Second Half of Hallel:3"
"pesach-haggadah","Pesach Haggadah","tok-de591e60b77f","אֶת־שְׁבִיתֵנוּ","את־שביתנו","Unresolved","","No lexical entry yet","true","1","Pesach Haggadah, Barech, Birkat Hamazon:3"
"pesach-haggadah","Pesach Haggadah","tok-bb746027483f","אֶת־שִׁיבַת","את־שיבת","Unresolved","","No lexical entry yet","true","1","Pesach Haggadah, Barech, Birkat Hamazon:3"
"pesach-haggadah","Pesach Haggadah","tok-ac7ac45d957c","אֶת־שֵׁם","את־שמ","Unresolved","","No lexical entry yet","true","1","Pesach Haggadah, Magid, First Half of Hallel:3"
"pesach-haggadah","Pesach Haggadah","tok-e45ee19a419c","אָתָא","אתא","Unresolved","","No lexical entry yet","true","1","Pesach Haggadah, Nirtzah, And It Happened at Midnight:10"
"pesach-haggadah","Pesach Haggadah","tok-5a3e7421deee","אֶתְהַלֵךְ","אתהלכ","Unresolved","","No lexical entry yet","true","1","Pesach Haggadah, Hallel, Second Half of Hallel:3"
"pesach-haggadah","Pesach Haggadah","tok-3052952a1146","בֹּא־יָבֹא","בא־יבא","Unresolved","","No lexical entry yet","true","1","Pesach Haggadah, Barech, Birkat Hamazon:3"
"pesach-haggadah","Pesach Haggadah","tok-875e690a2b34","באח״ב","באח״ב","Unresolved","","No lexical entry yet","true","1","Pesach Haggadah, Magid, The Ten Plagues:1"
"pesach-haggadah","Pesach Haggadah","tok-bab3c8c45a15","בְּאַחַ״ב","באח״ב","Unresolved","","No lexical entry yet","true","1","Pesach Haggadah, Magid, The Ten Plagues:17"
"pesach-haggadah","Pesach Haggadah","tok-1e29d41340b2","בְּאֶמֶשׁ","באמש","Unresolved","","No lexical entry yet","true","1","Pesach Haggadah, Nirtzah, And It Happened at Midnight:5"
"pesach-haggadah","Pesach Haggadah","tok-038ec92097cc","בָּאנוּ","באנו","Unresolved","","No lexical entry yet","true","1","Pesach Haggadah, Magid, First Fruits Declaration:3"
"pesach-haggadah","Pesach Haggadah","tok-5cc15c1a3e9a","בְּאַף","באפ","Unresolved","","No lexical entry yet","true","1","Pesach Haggadah, Barech, Pour Out Thy Wrath:2"
"pesach-haggadah","Pesach Haggadah","tok-4e5301d1401d","בְּאַפֵּינוּ","באפינו","Unresolved","","No lexical entry yet","true","1","Pesach Haggadah, Hallel, Songs of Praise and Thanks:4"
"pesach-haggadah","Pesach Haggadah","tok-95374af17dce","בְאֶצְבַּע","באצבע","Unresolved","","No lexical entry yet","true","1","Pesach Haggadah, Magid, The Ten Plagues:18"
"pesach-haggadah","Pesach Haggadah","tok-c67cebd73231","בְאֶרֶץ־מִצְרַיִם","בארצ־מצרימ","Unresolved","","No lexical entry yet","true","2","Pesach Haggadah, Magid, First Fruits Declaration:18; Pesach Haggadah, Magid, First Fruits Declaration:19"
"pesach-haggadah","Pesach Haggadah","tok-7cbc0bab896f","בְּאֶרֶץ־מִצְרַים","בארצ־מצרימ","Unresolved","","No lexical entry yet","true","1","Pesach Haggadah, Magid, First Fruits Declaration:19"
"pesach-haggadah","Pesach Haggadah","tok-cfa12f07fd67","בְּאֹתֹת","באתת","Unresolved","","No lexical entry yet","true","1","Pesach Haggadah, Magid, First Fruits Declaration:22"
"pesach-haggadah","Pesach Haggadah","tok-1a028c078a06","בִּבְכוֹרֵיהֶם","בבכוריהמ","Unresolved","","No lexical entry yet","true","1","Pesach Haggadah, Hallel, Songs of Praise and Thanks:1"
"pesach-haggadah","Pesach Haggadah","tok-e941774cc069","בִּבְנֵי־בְרַק","בבני־ברק","Unresolved","","No lexical entry yet","true","1","Pesach Haggadah, Magid, Story of the Five Rabbis:1"
"pesach-haggadah","Pesach Haggadah","tok-33cc8b65a3c9","בברכה","בברכה","Unresolved","","No lexical entry yet","true","2","Pesach Haggadah, Karpas:2"
"pesach-haggadah","Pesach Haggadah","tok-7621b49bb4e9","בִּבְרָכָה","בברכה","Unresolved","","No lexical entry yet","true","1","Pesach Haggadah, Barech, Birkat Hamazon:23"
"pesach-haggadah","Pesach Haggadah","tok-081d18366bf2","בַּגְּמַלִים","בגמלימ","Unresolved","","No lexical entry yet","true","1","Pesach Haggadah, Magid, First Fruits Declaration:20"
"pesach-haggadah","Pesach Haggadah","tok-6d428954f75f","בִּגְרוֹנָם","בגרונמ","Unresolved","","No lexical entry yet","true","1","Pesach Haggadah, Hallel, Second Half of Hallel:2"
"pesach-haggadah","Pesach Haggadah","tok-be5dd8aedc0b","בְּדָמַיִךְ","בדמיכ","Unresolved","","No lexical entry yet","true","2","Pesach Haggadah, Magid, First Fruits Declaration:6"
"pesach-haggadah","Pesach Haggadah","tok-4a4f3979c94c","בְּדָמָיִךְ","בדמיכ","Unresolved","","No lexical entry yet","true","1","Pesach Haggadah, Magid, First Fruits Declaration:6"
"pesach-haggadah","Pesach Haggadah","tok-d79f7b2b0ba1","בְּדִמְעָה","בדמעה","Unresolved","","No lexical entry yet","true","1","Pesach Haggadah, Barech, Birkat Hamazon:3"
"pesach-haggadah","Pesach Haggadah","tok-ae5a7d12247e","בהסבה","בהסבה","Unresolved","","No lexical entry yet","true","3","Pesach Haggadah, Motzi Matzah:2; Pesach Haggadah, Korech:2; Pesach Haggadah, Tzafun:2"
"pesach-haggadah","Pesach Haggadah","tok-d95d4c5c88c6","בהסבת","בהסבת","Unresolved","","No lexical entry yet","true","1","Pesach Haggadah, Magid, Second Cup of Wine:3"
"pesach-haggadah","Pesach Haggadah","tok-995d0805e05e","בהסיבה","בהסיבה","Unresolved","","No lexical entry yet","true","1","Pesach Haggadah, Barech, Third Cup of Wine:2"
"pesach-haggadah","Pesach Haggadah","tok-f0d8c44eff6b","בהסיבת","בהסיבת","Unresolved","","No lexical entry yet","true","2","Pesach Haggadah, Kadesh:13; Pesach Haggadah, Hallel, Fourth Cup of Wine:2"
"pesach-haggadah","Pesach Haggadah","tok-1d1a4540ade3","בּוֹרְאֵנוּ","בוראנו","Unresolved","","No lexical entry yet","true","1","Pesach Haggadah, Barech, Birkat Hamazon:22"
"pesach-haggadah","Pesach Haggadah","tok-cc0105177518","בחו״ל","בחו״ל","Unresolved","","No lexical entry yet","true","1","Pesach Haggadah, Nirtzah, Zevach Pesach:1"
"pesach-haggadah","Pesach Haggadah","tok-5564949d1687","בְּחוֹזֶק","בחוזק","Unresolved","","No lexical entry yet","true","1","Pesach Haggadah, Magid, The Four Sons:4"
"pesach-haggadah","Pesach Haggadah","tok-aff31c1a968b","בָּחוּר","בחור","Unresolved","","No lexical entry yet","true","2","Pesach Haggadah, Nirtzah, Ki Lo Na'e:2; Pesach Haggadah, Nirtzah, Adir Hu:2"
"pesach-haggadah","Pesach Haggadah","tok-fd96b2f48e71","בְּחֹמֶר","בחמר","Unresolved","","No lexical entry yet","true","1","Pesach Haggadah, Magid, Rabban Gamliel's Three Things:6"
"pesach-haggadah","Pesach Haggadah","tok-eab13e049d14","בַּחֲמֹרִים","בחמרימ","Unresolved","","No lexical entry yet","true","1","Pesach Haggadah, Magid, First Fruits Declaration:20"
"pesach-haggadah","Pesach Haggadah","tok-5072121c9fca","בְּחֵן","בחנ","Unresolved","","No lexical entry yet","true","1","Pesach Haggadah, Barech, Birkat Hamazon:15"
"pesach-haggadah","Pesach Haggadah","tok-ab2ade8f1ce1","בְחָפְזִי","בחפזי","Unresolved","","No lexical entry yet","true","1","Pesach Haggadah, Hallel, Second Half of Hallel:3"
"pesach-haggadah","Pesach Haggadah","tok-0a717ae9e7a1","בַּחֲצִי","בחצי","Unresolved","","No lexical entry yet","true","9","Pesach Haggadah, Nirtzah, And It Happened at Midnight:2; Pesach Haggadah, Nirtzah, And It Happened at Midnight:4; Pesach Haggadah, Nirtzah, And It Happened at Midnight:6; Pesach Haggadah, Nirtzah, And It Happened at Midnight:7; Pesach Haggadah, Nirtzah, And It Happened at Midnight:8"
"pesach-haggadah","Pesach Haggadah","tok-2f50b8421c10","בֶּחָרָבָה","בחרבה","Unresolved","","No lexical entry yet","true","3","Pesach Haggadah, Magid, Dayenu:7; Pesach Haggadah, Magid, Dayenu:8; Pesach Haggadah, Magid, Dayenu:16"
"pesach-haggadah","Pesach Haggadah","tok-668ff878efe5","בַחרוסת","בחרוסת","Unresolved","","No lexical entry yet","true","1","Pesach Haggadah, Maror:2"
"pesach-haggadah","Pesach Haggadah","tok-750a5e18f03e","בִּטְחוּ","בטחו","Unresolved","","No lexical entry yet","true","2","Pesach Haggadah, Hallel, Second Half of Hallel:2"
"pesach-haggadah","Pesach Haggadah","tok-c8a0a0ac0bf1","בְּיָדְךָ","בידכ","Unresolved","","No lexical entry yet","true","1","Pesach Haggadah, Magid, First Fruits Declaration:23"
"pesach-haggadah","Pesach Haggadah","tok-c9454d074a56","בַייָ","ביי","Unresolved","","No lexical entry yet","true","2","Pesach Haggadah, Hallel, Second Half of Hallel:2"
"pesach-haggadah","Pesach Haggadah","tok-8bb8e7911084","בַּיי","ביי","Unresolved","","No lexical entry yet","true","2","Pesach Haggadah, Barech, Birkat Hamazon:23; Pesach Haggadah, Hallel, Second Half of Hallel:6"
"pesach-haggadah","Pesach Haggadah","tok-a496314831c2","בַּייָ","ביי","Unresolved","","No lexical entry yet","true","4","Pesach Haggadah, Magid, The Ten Plagues:18; Pesach Haggadah, Hallel, Second Half of Hallel:2; Pesach Haggadah, Hallel, Second Half of Hallel:6; Pesach Haggadah, Hallel, Songs of Praise and Thanks:4"
"pesach-haggadah","Pesach Haggadah","tok-b2317a75ccc5","בְיַם־סוּף","בימ־סופ","Unresolved","","No lexical entry yet","true","1","Pesach Haggadah, Hallel, Songs of Praise and Thanks:1"
"pesach-haggadah","Pesach Haggadah","tok-ec21afaaefae","בִּיצִיאַת","ביציאת","Unresolved","","No lexical entry yet","true","3","Pesach Haggadah, Magid, We Were Slaves in Egypt:2; Pesach Haggadah, Magid, Story of the Five Rabbis:1"
"pesach-haggadah","Pesach Haggadah","tok-f1ea1f8e4349","בִּיקַד","ביקד","Unresolved","","No lexical entry yet","true","1","Pesach Haggadah, Nirtzah, Zevach Pesach:6"
"pesach-haggadah","Pesach Haggadah","tok-8608761e8b84","בֵית־אַהֲרֹן","בית־אהרנ","Unresolved","","No lexical entry yet","true","1","Pesach Haggadah, Hallel, Second Half of Hallel:5"
"pesach-haggadah","Pesach Haggadah","tok-5b32d71eb244","בֵיתְךָ","ביתכ","Unresolved","","No lexical entry yet","true","8","Pesach Haggadah, Nirtzah, Adir Hu:1; Pesach Haggadah, Nirtzah, Adir Hu:2; Pesach Haggadah, Nirtzah, Adir Hu:3; Pesach Haggadah, Nirtzah, Adir Hu:4; Pesach Haggadah, Nirtzah, Adir Hu:5"
"pesach-haggadah","Pesach Haggadah","tok-c71073934949","בֵּיתָם","ביתמ","Unresolved","","No lexical entry yet","true","1","Pesach Haggadah, Barech, Birkat Hamazon:23"
"pesach-haggadah","Pesach Haggadah","tok-9054a8113c71","בכוונה","בכוונה","Unresolved","","No lexical entry yet","true","2","Pesach Haggadah, Motzi Matzah:2"
"pesach-haggadah","Pesach Haggadah","tok-56e9a888ddd2","בְּכוֹכְבֵי","בכוכבי","Unresolved","","No lexical entry yet","true","1","Pesach Haggadah, Nirtzah, And It Happened at Midnight:7"
"pesach-haggadah","Pesach Haggadah","tok-f988bb75cddd","בְּכוֹרוֹת","בכורות","Unresolved","","No lexical entry yet","true","1","Pesach Haggadah, Magid, The Ten Plagues:16"
"pesach-haggadah","Pesach Haggadah","tok-247f1b2a2ecb","בְּכוֹרֵי","בכורי","Unresolved","","No lexical entry yet","true","1","Pesach Haggadah, Nirtzah, And It Happened at Midnight:7"
"pesach-haggadah","Pesach Haggadah","tok-43b2b2bb4ad5","בְּכָל־אֶרֶץ","בכל־ארצ","Unresolved","","No lexical entry yet","true","1","Pesach Haggadah, Magid, In the Beginning Our Fathers Were Idol Worshipers:2"
"pesach-haggadah","Pesach Haggadah","tok-81d5e8d5b803","בְּכָל־דּוֹר","בכל־דור","Unresolved","","No lexical entry yet","true","1","Pesach Haggadah, Magid, Rabban Gamliel's Three Things:7"
"pesach-haggadah","Pesach Haggadah","tok-4d3bea10b599","בַּלֵּילוֹת","בלילות","Unresolved","","No lexical entry yet","true","1","Pesach Haggadah, Magid, Story of the Five Rabbis:2"
"pesach-haggadah","Pesach Haggadah","tok-44ef3158c5c2","בִּמְאֹד","במאד","Unresolved","","No lexical entry yet","true","1","Pesach Haggadah, Magid, First Fruits Declaration:5"
"pesach-haggadah","Pesach Haggadah","tok-df3825e001de","בּמוצאי","במוצאי","Unresolved","","No lexical entry yet","true","1","Pesach Haggadah, Kadesh:9"
"pesach-haggadah","Pesach Haggadah","tok-19c3d3cc85a4","במי","במי","Unresolved","","No lexical entry yet","true","1","Pesach Haggadah, Karpas:2"
"pesach-haggadah","Pesach Haggadah","tok-22056b3f206d","בִּמְלוּכָה","במלוכה","Unresolved","","No lexical entry yet","true","8","Pesach Haggadah, Nirtzah, Ki Lo Na'e:2; Pesach Haggadah, Nirtzah, Ki Lo Na'e:3; Pesach Haggadah, Nirtzah, Ki Lo Na'e:4; Pesach Haggadah, Nirtzah, Ki Lo Na'e:5; Pesach Haggadah, Nirtzah, Ki Lo Na'e:6"
"pesach-haggadah","Pesach Haggadah","tok-44ab8461a612","במלח","במלח","Unresolved","","No lexical entry yet","true","1","Pesach Haggadah, Motzi Matzah:2"
"pesach-haggadah","Pesach Haggadah","tok-b69f34607858","בְּמַסֹּת","במסת","Unresolved","","No lexical entry yet","true","1","Pesach Haggadah, Magid, First Fruits Declaration:22"
"pesach-haggadah","Pesach Haggadah","tok-0c4e5cec37a6","בֶּן־אֲמָתֶךָ","בנ־אמתכ","Unresolved","","No lexical entry yet","true","1","Pesach Haggadah, Hallel, Second Half of Hallel:4"
"pesach-haggadah","Pesach Haggadah","tok-e359d3af495c","בֶּן־עֲזַרְיָה","בנ־עזריה","Unresolved","","No lexical entry yet","true","2","Pesach Haggadah, Magid, Story of the Five Rabbis:1; Pesach Haggadah, Magid, Story of the Five Rabbis:2"
"pesach-haggadah","Pesach Haggadah","tok-fa96b3ea1386","בְּנֹב","בנב","Unresolved","","No lexical entry yet","true","1","Pesach Haggadah, Nirtzah, Zevach Pesach:7"
"pesach-haggadah","Pesach Haggadah","tok-5f3549ddafa4","בַּנֶּגֶב","בנגב","Unresolved","","No lexical entry yet","true","1","Pesach Haggadah, Barech, Birkat Hamazon:3"
"pesach-haggadah","Pesach Haggadah","tok-18e5192fc344","בְּנָגְפּוֹ","בנגפו","Unresolved","","No lexical entry yet","true","1","Pesach Haggadah, Magid, Rabban Gamliel's Three Things:2"
"pesach-haggadah","Pesach Haggadah","tok-c3627576664d","בְּנֶדֶד","בנדד","Unresolved","","No lexical entry yet","true","1","Pesach Haggadah, Nirtzah, And It Happened at Midnight:10"
"pesach-haggadah","Pesach Haggadah","tok-a0a631653f45","בִּנְדִיבִים","בנדיבימ","Unresolved","","No lexical entry yet","true","1","Pesach Haggadah, Hallel, Second Half of Hallel:6"
"pesach-haggadah","Pesach Haggadah","tok-2f9b1139c7a9","בְּנוֹרְאוֹתֶיךָ","בנוראותיכ","Unresolved","","No lexical entry yet","true","1","Pesach Haggadah, Hallel, Songs of Praise and Thanks:4"
"pesach-haggadah","Pesach Haggadah","tok-b7f271560810","בְּנֶחָמַת","בנחמת","Unresolved","","No lexical entry yet","true","1","Pesach Haggadah, Barech, Birkat Hamazon:20"
"pesach-haggadah","Pesach Haggadah","tok-5c72c054ccbe","בְנֵי־יִשְׂרָאֵל","בני־ישראל","Unresolved","","No lexical entry yet","true","2","Pesach Haggadah, Magid, First Fruits Declaration:12; Pesach Haggadah, Magid, Rabban Gamliel's Three Things:2"
"pesach-haggadah","Pesach Haggadah","tok-466498c71800","בְּנֵי־יִשְׂרָאֵל","בני־ישראל","Unresolved","","No lexical entry yet","true","1","Pesach Haggadah, Magid, First Fruits Declaration:14"
"pesach-haggadah","Pesach Haggadah","tok-78c79912aea7","בְּנֵיכֶם","בניכמ","Unresolved","","No lexical entry yet","true","1","Pesach Haggadah, Hallel, Second Half of Hallel:2"
"pesach-haggadah","Pesach Haggadah","tok-e14c402f73ff","בְּסִבְלֹתָם","בסבלתמ","Unresolved","","No lexical entry yet","true","1","Pesach Haggadah, Magid, First Fruits Declaration:8"
"pesach-haggadah","Pesach Haggadah","tok-20ab0abf0785","בַּע","בע","Unresolved","","No lexical entry yet","true","1","Pesach Haggadah, Magid, Rabban Gamliel's Three Things:7"
"pesach-haggadah","Pesach Haggadah","tok-31417a8c6260","בַּעֲבֹדָה","בעבדה","Unresolved","","No lexical entry yet","true","1","Pesach Haggadah, Magid, Rabban Gamliel's Three Things:6"
"pesach-haggadah","Pesach Haggadah","tok-10d12f07c776","בַּעֲבוֹדָתֶךָ","בעבודתכ","Unresolved","","No lexical entry yet","true","1","Pesach Haggadah, Magid, Second Cup of Wine:2"
"pesach-haggadah","Pesach Haggadah","tok-591c185fada7","בְּעָבְרְךָ","בעברכ","Unresolved","","No lexical entry yet","true","1","Pesach Haggadah, Nirtzah, Zevach Pesach:4"
"pesach-haggadah","Pesach Haggadah","tok-4e6959be59ab","בַּעֲבֹתִים","בעבתימ","Unresolved","","No lexical entry yet","true","2","Pesach Haggadah, Hallel, Second Half of Hallel:9"
"pesach-haggadah","Pesach Haggadah","tok-a946d2e1f42f","בַּעֲדִי","בעדי","Unresolved","","No lexical entry yet","true","1","Pesach Haggadah, Magid, First Fruits Declaration:6"
"pesach-haggadah","Pesach Haggadah","tok-1366a5af2029","בְּעֹזְרָי","בעזרי","Unresolved","","No lexical entry yet","true","1","Pesach Haggadah, Hallel, Second Half of Hallel:6"
"pesach-haggadah","Pesach Haggadah","tok-2b608721e15b","בָּעֹמֶר","בעמר","Unresolved","","No lexical entry yet","true","1","Pesach Haggadah, Nirtzah, Sefirat HaOmer:2"
"pesach-haggadah","Pesach Haggadah","tok-739ef19d13cd","בְּעִקָּר","בעקר","Unresolved","","No lexical entry yet","true","1","Pesach Haggadah, Magid, The Four Sons:3"
"pesach-haggadah","Pesach Haggadah","tok-51b0add1b547","בְּעִתּוֹתֵי","בעתותי","Unresolved","","No lexical entry yet","true","1","Pesach Haggadah, Nirtzah, Zevach Pesach:6"
"pesach-haggadah","Pesach Haggadah","tok-f3bcf2b72f7c","בִּעֲתוּתֵי","בעתותי","Unresolved","","No lexical entry yet","true","1","Pesach Haggadah, Nirtzah, And It Happened at Midnight:9"
"pesach-haggadah","Pesach Haggadah","tok-cfc145523a94","בְּפִי","בפי","Unresolved","","No lexical entry yet","true","2","Pesach Haggadah, Barech, Birkat Hamazon:17; Pesach Haggadah, Hallel, Songs of Praise and Thanks:4"
"pesach-haggadah","Pesach Haggadah","tok-9da445cf4002","בְּפִינוּ","בפינו","Unresolved","","No lexical entry yet","true","1","Pesach Haggadah, Hallel, Songs of Praise and Thanks:4"
"pesach-haggadah","Pesach Haggadah","tok-e8d7936996c2","בַּפֶּסַח","בפסח","Unresolved","","No lexical entry yet","true","12","Pesach Haggadah, Magid, Rabban Gamliel's Three Things:1; Pesach Haggadah, Nirtzah, Zevach Pesach:2; Pesach Haggadah, Nirtzah, Zevach Pesach:3; Pesach Haggadah, Nirtzah, Zevach Pesach:4; Pesach Haggadah, Nirtzah, Zevach Pesach:5"
"pesach-haggadah","Pesach Haggadah","tok-9cf9064bd2bd","בְּפָרֶךְ","בפרכ","Unresolved","","No lexical entry yet","true","2","Pesach Haggadah, Magid, First Fruits Declaration:9; Pesach Haggadah, Magid, Rabban Gamliel's Three Things:6"
"pesach-haggadah","Pesach Haggadah","tok-829b867b9462","בְּצֵאת","בצאת","Unresolved","","No lexical entry yet","true","1","Pesach Haggadah, Magid, First Half of Hallel:4"
"pesach-haggadah","Pesach Haggadah","tok-fd8466c1adcd","בְּצֵאתִי","בצאתי","Unresolved","","No lexical entry yet","true","3","Pesach Haggadah, Magid, The Four Sons:3; Pesach Haggadah, Magid, The Four Sons:5; Pesach Haggadah, Magid, Rabban Gamliel's Three Things:7"
"pesach-haggadah","Pesach Haggadah","tok-895114b8771a","בִּצְלִיל","בצליל","Unresolved","","No lexical entry yet","true","1","Pesach Haggadah, Nirtzah, Zevach Pesach:6"
"pesach-haggadah","Pesach Haggadah","tok-1a1b0c8f52d8","בְּצֵקָם","בצקמ","Unresolved","","No lexical entry yet","true","1","Pesach Haggadah, Magid, Rabban Gamliel's Three Things:4"
"pesach-haggadah","Pesach Haggadah","tok-3bb3aec6461c","בִּקְדֻשָּׁה","בקדשה","Unresolved","","No lexical entry yet","true","1","Pesach Haggadah, Hallel, Fourth Cup of Wine:3"
"pesach-haggadah","Pesach Haggadah","tok-1fde9032c8f2","בִּקְדֻשָּׁתֶךָ","בקדשתכ","Unresolved","","No lexical entry yet","true","1","Pesach Haggadah, Kadesh:10"
"pesach-haggadah","Pesach Haggadah","tok-73c2f94aad0b","בְּקוּמָם","בקוממ","Unresolved","","No lexical entry yet","true","1","Pesach Haggadah, Nirtzah, And It Happened at Midnight:7"
"pesach-haggadah","Pesach Haggadah","tok-d2bbab526ea3","בְּקֵץ","בקצ","Unresolved","","No lexical entry yet","true","1","Pesach Haggadah, Nirtzah, Zevach Pesach:4"
"pesach-haggadah","Pesach Haggadah","tok-d26ae21c92de","בֹקֶר","בקר","Unresolved","","No lexical entry yet","true","1","Pesach Haggadah, Nirtzah, And It Happened at Midnight:10"
"pesach-haggadah","Pesach Haggadah","tok-355ebb4a8447","בְּקָרוֹב","בקרוב","Unresolved","","No lexical entry yet","true","25","Pesach Haggadah, Nirtzah, Chasal Siddur Pesach:2; Pesach Haggadah, Nirtzah, Adir Hu:1; Pesach Haggadah, Nirtzah, Adir Hu:2; Pesach Haggadah, Nirtzah, Adir Hu:3; Pesach Haggadah, Nirtzah, Adir Hu:4"
"pesach-haggadah","Pesach Haggadah","tok-13a1b52f0e66","בִּקֵּשׁ","בקש","Unresolved","","No lexical entry yet","true","2","Pesach Haggadah, Magid, First Fruits Declaration:2"
"pesach-haggadah","Pesach Haggadah","tok-2fe46d450f59","בְּרָאשֵׁיהֶם","בראשיהמ","Unresolved","","No lexical entry yet","true","1","Pesach Haggadah, Barech, Birkat Hamazon:23"
"pesach-haggadah","Pesach Haggadah","tok-9a84edff076f","בְרַבִּי","ברבי","Unresolved","","No lexical entry yet","true","1","Pesach Haggadah, Magid, Story of the Five Rabbis:1"
"pesach-haggadah","Pesach Haggadah","tok-9d9b5bbd2c85","בָּרָד","ברד","Unresolved","","No lexical entry yet","true","1","Pesach Haggadah, Magid, The Ten Plagues:13"
"pesach-haggadah","Pesach Haggadah","tok-5c290c309d0d","בְּרוּכִים","ברוכימ","Unresolved","","No lexical entry yet","true","1","Pesach Haggadah, Hallel, Second Half of Hallel:2"
"pesach-haggadah","Pesach Haggadah","tok-540c39d5f049","בְרַחֲמָיו","ברחמיו","Unresolved","","No lexical entry yet","true","1","Pesach Haggadah, Barech, Birkat Hamazon:21"
"pesach-haggadah","Pesach Haggadah","tok-53580bb403e0","בְּרַחֲמִים","ברחמימ","Unresolved","","No lexical entry yet","true","1","Pesach Haggadah, Hallel, Songs of Praise and Thanks:2"
"pesach-haggadah","Pesach Haggadah","tok-8e974532c192","בְּרִיּוֹת","בריות","Unresolved","","No lexical entry yet","true","1","Pesach Haggadah, Hallel, Songs of Praise and Thanks:2"
"pesach-haggadah","Pesach Haggadah","tok-984003da2448","בְּרִיּוֹתָיו","בריותיו","Unresolved","","No lexical entry yet","true","1","Pesach Haggadah, Barech, Birkat Hamazon:15"
"pesach-haggadah","Pesach Haggadah","tok-c8aa4d837d7d","בָּרְכִי","ברכי","Unresolved","","No lexical entry yet","true","1","Pesach Haggadah, Hallel, Songs of Praise and Thanks:4"
"pesach-haggadah","Pesach Haggadah","tok-894eddeeb80d","בֵּרַכְנוּכֶם","ברכנוכמ","Unresolved","","No lexical entry yet","true","2","Pesach Haggadah, Hallel, Second Half of Hallel:9"
"pesach-haggadah","Pesach Haggadah","tok-c738f0fa0396","בִּרְכֻשׁ","ברכש","Unresolved","","No lexical entry yet","true","1","Pesach Haggadah, Magid, In the Beginning Our Fathers Were Idol Worshipers:3"
"pesach-haggadah","Pesach Haggadah","tok-bdae7f642ee3","בְּרָעָב","ברעב","Unresolved","","No lexical entry yet","true","1","Pesach Haggadah, Hallel, Songs of Praise and Thanks:3"
"pesach-haggadah","Pesach Haggadah","tok-b6acf7b20d8a","בִּרְשׁוּת","ברשות","Unresolved","","No lexical entry yet","true","1","Pesach Haggadah, Barech, Birkat Hamazon:9"
"pesach-haggadah","Pesach Haggadah","tok-0dc1b34f76b6","בְּשִׁבְעִים","בשבעימ","Unresolved","","No lexical entry yet","true","1","Pesach Haggadah, Magid, First Fruits Declaration:4"
"pesach-haggadah","Pesach Haggadah","tok-3c5fe0e2d55c","בשבת","בשבת","Unresolved","","No lexical entry yet","true","4","Pesach Haggadah, Kadesh:3; Pesach Haggadah, Barech, Birkat Hamazon:19; Pesach Haggadah, Barech, Birkat Hamazon:23; Pesach Haggadah, Hallel, Fourth Cup of Wine:3"
"pesach-haggadah","Pesach Haggadah","tok-bbdd7e4f914d","בְּשׂוֹרוֹת","בשורות","Unresolved","","No lexical entry yet","true","1","Pesach Haggadah, Barech, Birkat Hamazon:23"
"pesach-haggadah","Pesach Haggadah","tok-66e8bc772162","בְּשִׁירֵי","בשירי","Unresolved","","No lexical entry yet","true","1","Pesach Haggadah, Hallel, Songs of Praise and Thanks:6"
"pesach-haggadah","Pesach Haggadah","tok-b3af5b0e842c","בְשׂנְאָי","בשנאי","Unresolved","","No lexical entry yet","true","1","Pesach Haggadah, Hallel, Second Half of Hallel:6"
"pesach-haggadah","Pesach Haggadah","tok-622383a5d005","בִּתְבוּנָה","בתבונה","Unresolved","","No lexical entry yet","true","1","Pesach Haggadah, Hallel, Songs of Praise and Thanks:1"
"pesach-haggadah","Pesach Haggadah","tok-0e8040d9f016","בְּתוֹכֵכִי","בתוככי","Unresolved","","No lexical entry yet","true","1","Pesach Haggadah, Hallel, Second Half of Hallel:4"
"pesach-haggadah","Pesach Haggadah","tok-aa55db56e879","בְּתַעֲצֻמוֹת","בתעצמות","Unresolved","","No lexical entry yet","true","1","Pesach Haggadah, Hallel, Songs of Praise and Thanks:4"
"pesach-haggadah","Pesach Haggadah","tok-db056a670d08","בִּתְרֵי","בתרי","Unresolved","","No lexical entry yet","true","10","Pesach Haggadah, Nirtzah, Chad Gadya:1; Pesach Haggadah, Nirtzah, Chad Gadya:2; Pesach Haggadah, Nirtzah, Chad Gadya:3; Pesach Haggadah, Nirtzah, Chad Gadya:4; Pesach Haggadah, Nirtzah, Chad Gadya:5"
"pesach-haggadah","Pesach Haggadah","tok-1199d8f33244","בַּתִּשְׁבָּחוֹת","בתשבחות","Unresolved","","No lexical entry yet","true","1","Pesach Haggadah, Hallel, Songs of Praise and Thanks:6"
"pesach-haggadah","Pesach Haggadah","tok-6c702549c1e5","גאל","גאל","Unresolved","","No lexical entry yet","true","1","Pesach Haggadah, Magid, Second Cup of Wine:1"
"pesach-haggadah","Pesach Haggadah","tok-359a9a887bfd","גָּאַל","גאל","Unresolved","","No lexical entry yet","true","3","Pesach Haggadah, Magid, Rabban Gamliel's Three Things:7; Pesach Haggadah, Magid, Second Cup of Wine:2"
"pesach-haggadah","Pesach Haggadah","tok-a7b5edb5107c","גְּאָלָנוּ","גאלנו","Unresolved","","No lexical entry yet","true","1","Pesach Haggadah, Magid, Second Cup of Wine:2"
"pesach-haggadah","Pesach Haggadah","tok-69fc5db55c78","גְּאַלְתָּנוּ","גאלתנו","Unresolved","","No lexical entry yet","true","1","Pesach Haggadah, Hallel, Songs of Praise and Thanks:3"
"pesach-haggadah","Pesach Haggadah","tok-1a1cf8fc3f86","גְּאֻלָּתֵנוּ","גאלתנו","Unresolved","","No lexical entry yet","true","1","Pesach Haggadah, Magid, Second Cup of Wine:2"
"pesach-haggadah","Pesach Haggadah","tok-b3b8ca9587ac","גְּבוּרוֹתֶיךָ","גבורותיכ","Unresolved","","No lexical entry yet","true","1","Pesach Haggadah, Nirtzah, Zevach Pesach:2"
"pesach-haggadah","Pesach Haggadah","tok-62a550401f54","גָבַר","גבר","Unresolved","","No lexical entry yet","true","1","Pesach Haggadah, Hallel, Second Half of Hallel:5"
"pesach-haggadah","Pesach Haggadah","tok-c1b3e0b0b00c","גְּדוּדָיו","גדודיו","Unresolved","","No lexical entry yet","true","1","Pesach Haggadah, Nirtzah, Ki Lo Na'e:2"
"pesach-haggadah","Pesach Haggadah","tok-56f012686e41","גַּדְיָא","גדיא","Unresolved","","No lexical entry yet","true","22","Pesach Haggadah, Nirtzah, Chad Gadya:1; Pesach Haggadah, Nirtzah, Chad Gadya:2; Pesach Haggadah, Nirtzah, Chad Gadya:3; Pesach Haggadah, Nirtzah, Chad Gadya:4; Pesach Haggadah, Nirtzah, Chad Gadya:5"
"pesach-haggadah","Pesach Haggadah","tok-e742cc3891b3","גְּדֹלִים","גדלימ","Unresolved","","No lexical entry yet","true","2","Pesach Haggadah, Hallel, Songs of Praise and Thanks:1"
"pesach-haggadah","Pesach Haggadah","tok-fa3d0f3bff12","גוֹמְלֵנוּ","גומלנו","Unresolved","","No lexical entry yet","true","1","Pesach Haggadah, Barech, Birkat Hamazon:22"
"pesach-haggadah","Pesach Haggadah","tok-e14c789aa6be","גָזַר","גזר","Unresolved","","No lexical entry yet","true","1","Pesach Haggadah, Magid, First Fruits Declaration:2"
"pesach-haggadah","Pesach Haggadah","tok-f2ae06ab19fc","גִּלִיתָ","גלית","Unresolved","","No lexical entry yet","true","1","Pesach Haggadah, Nirtzah, Zevach Pesach:2"
"pesach-haggadah","Pesach Haggadah","tok-bb30b083b618","גַּם־הוּא","גמ־הוא","Unresolved","","No lexical entry yet","true","1","Pesach Haggadah, Magid, First Fruits Declaration:7"
"pesach-haggadah","Pesach Haggadah","tok-7eba439a8a9b","גַם־סְבָבוּנִי","גמ־סבבוני","Unresolved","","No lexical entry yet","true","1","Pesach Haggadah, Hallel, Second Half of Hallel:6"
"pesach-haggadah","Pesach Haggadah","tok-0a1b712b4f4e","גָּמַל","גמל","Unresolved","","No lexical entry yet","true","1","Pesach Haggadah, Hallel, Second Half of Hallel:3"
"pesach-haggadah","Pesach Haggadah","tok-0ae738d1120d","גַּמְלִיאֵל","גמליאל","Unresolved","","No lexical entry yet","true","1","Pesach Haggadah, Magid, Rabban Gamliel's Three Things:1"
"pesach-haggadah","Pesach Haggadah","tok-c2b297324e3e","גְמָלָנוּ","גמלנו","Unresolved","","No lexical entry yet","true","1","Pesach Haggadah, Barech, Birkat Hamazon:22"
"pesach-haggadah","Pesach Haggadah","tok-803bbf401fc8","גָּעָה","געה","Unresolved","","No lexical entry yet","true","1","Pesach Haggadah, Nirtzah, Zevach Pesach:7"
"pesach-haggadah","Pesach Haggadah","tok-3ee37d7fda96","גֵר","גר","Unresolved","","No lexical entry yet","true","1","Pesach Haggadah, Nirtzah, And It Happened at Midnight:4"
"pesach-haggadah","Pesach Haggadah","tok-5808ce3f5f17","גְּרָר","גרר","Unresolved","","No lexical entry yet","true","1","Pesach Haggadah, Nirtzah, And It Happened at Midnight:5"
"pesach-haggadah","Pesach Haggadah","tok-ac77e4035365","גֹרְשׁוּ","גרשו","Unresolved","","No lexical entry yet","true","1","Pesach Haggadah, Magid, Rabban Gamliel's Three Things:4"
"pesach-haggadah","Pesach Haggadah","tok-fcb76f603f41","גֹּשֶן","גשנ","Unresolved","","No lexical entry yet","true","1","Pesach Haggadah, Magid, First Fruits Declaration:3"
"pesach-haggadah","Pesach Haggadah","tok-4845c4553a04","דְּאַָכְלָה","דאכלה","Unresolved","","No lexical entry yet","true","8","Pesach Haggadah, Nirtzah, Chad Gadya:3; Pesach Haggadah, Nirtzah, Chad Gadya:4; Pesach Haggadah, Nirtzah, Chad Gadya:5; Pesach Haggadah, Nirtzah, Chad Gadya:6; Pesach Haggadah, Nirtzah, Chad Gadya:7"
"pesach-haggadah","Pesach Haggadah","tok-82966a08e839","דִּבְּרָה","דברה","Unresolved","","No lexical entry yet","true","1","Pesach Haggadah, Magid, The Four Sons:1"
"pesach-haggadah","Pesach Haggadah","tok-81d3bbfe23db","דִבְּרַיָא","דבריא","Unresolved","","No lexical entry yet","true","4","Pesach Haggadah, Nirtzah, Echad Mi Yodea:1"
"pesach-haggadah","Pesach Haggadah","tok-993c7243836b","דָּגוּל","דגול","Unresolved","","No lexical entry yet","true","2","Pesach Haggadah, Nirtzah, Ki Lo Na'e:3; Pesach Haggadah, Nirtzah, Adir Hu:2"
"pesach-haggadah","Pesach Haggadah","tok-ec1d9c4c1aea","דְּהִכָּה","דהכה","Unresolved","","No lexical entry yet","true","6","Pesach Haggadah, Nirtzah, Chad Gadya:5; Pesach Haggadah, Nirtzah, Chad Gadya:6; Pesach Haggadah, Nirtzah, Chad Gadya:7; Pesach Haggadah, Nirtzah, Chad Gadya:8; Pesach Haggadah, Nirtzah, Chad Gadya:9"
"pesach-haggadah","Pesach Haggadah","tok-96afb74c8e4e","דְּזַבִּין","דזבינ","Unresolved","","No lexical entry yet","true","10","Pesach Haggadah, Nirtzah, Chad Gadya:1; Pesach Haggadah, Nirtzah, Chad Gadya:2; Pesach Haggadah, Nirtzah, Chad Gadya:3; Pesach Haggadah, Nirtzah, Chad Gadya:4; Pesach Haggadah, Nirtzah, Chad Gadya:5"
"pesach-haggadah","Pesach Haggadah","tok-7cbc3967a20a","דָּחֹה","דחה","Unresolved","","No lexical entry yet","true","1","Pesach Haggadah, Hallel, Second Half of Hallel:6"
"pesach-haggadah","Pesach Haggadah","tok-02fc93df007b","דְּחִיתַנִי","דחיתני","Unresolved","","No lexical entry yet","true","1","Pesach Haggadah, Hallel, Second Half of Hallel:6"
"pesach-haggadah","Pesach Haggadah","tok-6aa966fddafb","דַּיֵּנוּ","דינו","Unresolved","","No lexical entry yet","true","14","Pesach Haggadah, Magid, Dayenu:2; Pesach Haggadah, Magid, Dayenu:3; Pesach Haggadah, Magid, Dayenu:4; Pesach Haggadah, Magid, Dayenu:5; Pesach Haggadah, Magid, Dayenu:6"
"pesach-haggadah","Pesach Haggadah","tok-135aad72ac6f","דְיִשְׂרָאֵל","דישראל","Unresolved","","No lexical entry yet","true","1","Pesach Haggadah, Magid, Ha Lachma Anya:3"
"pesach-haggadah","Pesach Haggadah","tok-7832c1a52e7f","דְּכָבָה","דכבה","Unresolved","","No lexical entry yet","true","4","Pesach Haggadah, Nirtzah, Chad Gadya:7; Pesach Haggadah, Nirtzah, Chad Gadya:8; Pesach Haggadah, Nirtzah, Chad Gadya:9; Pesach Haggadah, Nirtzah, Chad Gadya:10"
"pesach-haggadah","Pesach Haggadah","tok-4c0759f48caa","דִכְפִין","דכפינ","Unresolved","","No lexical entry yet","true","1","Pesach Haggadah, Magid, Ha Lachma Anya:3"
"pesach-haggadah","Pesach Haggadah","tok-3ec7cc8817d5","דָּל","דל","Unresolved","","No lexical entry yet","true","1","Pesach Haggadah, Magid, First Half of Hallel:3"
"pesach-haggadah","Pesach Haggadah","tok-d9f313327524","דַּלוֹתִי","דלותי","Unresolved","","No lexical entry yet","true","1","Pesach Haggadah, Hallel, Second Half of Hallel:3"
"pesach-haggadah","Pesach Haggadah","tok-73497e49e451","דִּלִּיתָנוּ","דליתנו","Unresolved","","No lexical entry yet","true","1","Pesach Haggadah, Hallel, Songs of Praise and Thanks:3"
"pesach-haggadah","Pesach Haggadah","tok-b0b23960d0ad","דְּלָתָיו","דלתיו","Unresolved","","No lexical entry yet","true","1","Pesach Haggadah, Nirtzah, Zevach Pesach:3"
"pesach-haggadah","Pesach Haggadah","tok-7ae9e1d68eba","דָּמָם","דממ","Unresolved","","No lexical entry yet","true","1","Pesach Haggadah, Magid, Second Cup of Wine:2"
"pesach-haggadah","Pesach Haggadah","tok-f3015c0495af","דְמִצְרָיִם","דמצרימ","Unresolved","","No lexical entry yet","true","1","Pesach Haggadah, Magid, Ha Lachma Anya:3"
"pesach-haggadah","Pesach Haggadah","tok-7d50f68cd280","דָּן","דנ","Unresolved","","No lexical entry yet","true","1","Pesach Haggadah, Magid, In the Beginning Our Fathers Were Idol Worshipers:3"
"pesach-haggadah","Pesach Haggadah","tok-2a971d5a8f52","דְּנָשַׁךְ","דנשכ","Unresolved","","No lexical entry yet","true","7","Pesach Haggadah, Nirtzah, Chad Gadya:4; Pesach Haggadah, Nirtzah, Chad Gadya:5; Pesach Haggadah, Nirtzah, Chad Gadya:6; Pesach Haggadah, Nirtzah, Chad Gadya:7; Pesach Haggadah, Nirtzah, Chad Gadya:8"
"pesach-haggadah","Pesach Haggadah","tok-440f1aaecb05","דַּנְתָּ","דנת","Unresolved","","No lexical entry yet","true","1","Pesach Haggadah, Nirtzah, And It Happened at Midnight:5"
"pesach-haggadah","Pesach Haggadah","tok-bda29e33a8c0","דֹּעֲכוּ","דעכו","Unresolved","","No lexical entry yet","true","1","Pesach Haggadah, Hallel, Second Half of Hallel:6"
"pesach-haggadah","Pesach Haggadah","tok-86e4e62c571f","דָּפַקְתָּ","דפקת","Unresolved","","No lexical entry yet","true","1","Pesach Haggadah, Nirtzah, Zevach Pesach:3"
"pesach-haggadah","Pesach Haggadah","tok-fe35a57bd30a","דְּצַ״ךְ","דצ״כ","Unresolved","","No lexical entry yet","true","1","Pesach Haggadah, Magid, The Ten Plagues:17"
"pesach-haggadah","Pesach Haggadah","tok-63b91c8a2ea4","דִצְרִיךְ","דצריכ","Unresolved","","No lexical entry yet","true","1","Pesach Haggadah, Magid, Ha Lachma Anya:3"
"pesach-haggadah","Pesach Haggadah","tok-0a4289d31a33","דְּשָׁחַט","דשחט","Unresolved","","No lexical entry yet","true","3","Pesach Haggadah, Nirtzah, Chad Gadya:9; Pesach Haggadah, Nirtzah, Chad Gadya:10"
"pesach-haggadah","Pesach Haggadah","tok-92c998e3508b","דְּשָׂרַף","דשרפ","Unresolved","","No lexical entry yet","true","5","Pesach Haggadah, Nirtzah, Chad Gadya:6; Pesach Haggadah, Nirtzah, Chad Gadya:7; Pesach Haggadah, Nirtzah, Chad Gadya:8; Pesach Haggadah, Nirtzah, Chad Gadya:9; Pesach Haggadah, Nirtzah, Chad Gadya:10"
"pesach-haggadah","Pesach Haggadah","tok-5662349209d2","דְּשָׁתָה","דשתה","Unresolved","","No lexical entry yet","true","3","Pesach Haggadah, Nirtzah, Chad Gadya:8; Pesach Haggadah, Nirtzah, Chad Gadya:9; Pesach Haggadah, Nirtzah, Chad Gadya:10"
"pesach-haggadah","Pesach Haggadah","tok-e5caac18774a","דָתוֹ","דתו","Unresolved","","No lexical entry yet","true","1","Pesach Haggadah, Magid, In the Beginning Our Fathers Were Idol Worshipers:1"
"pesach-haggadah","Pesach Haggadah","tok-aef81c06c0c4","הָאֲדֹנִים","האדנימ","Unresolved","","No lexical entry yet","true","1","Pesach Haggadah, Hallel, Songs of Praise and Thanks:1"
"pesach-haggadah","Pesach Haggadah","tok-e93c47ab44bf","הֶאֱכִילָנוּ","האכילנו","Unresolved","","No lexical entry yet","true","2","Pesach Haggadah, Magid, Dayenu:10; Pesach Haggadah, Magid, Dayenu:11"
"pesach-haggadah","Pesach Haggadah","tok-c1c4e5fdb069","הֶאֱמַנְתִּי","האמנתי","Unresolved","","No lexical entry yet","true","1","Pesach Haggadah, Hallel, Second Half of Hallel:3"
"pesach-haggadah","Pesach Haggadah","tok-b99b48d018ec","האמצעית","האמצעית","Unresolved","","No lexical entry yet","true","1","Pesach Haggadah, Yachatz:2"
"pesach-haggadah","Pesach Haggadah","tok-beb73b89bc84","הָאֱמֹרִי","האמרי","Unresolved","","No lexical entry yet","true","1","Pesach Haggadah, Hallel, Songs of Praise and Thanks:1"
"pesach-haggadah","Pesach Haggadah","tok-1077276b4883","האפיקומן","האפיקומנ","Unresolved","","No lexical entry yet","true","1","Pesach Haggadah, Tzafun:3"
"pesach-haggadah","Pesach Haggadah","tok-b39386c7074b","הָאֲרַמִּי","הארמי","Unresolved","","No lexical entry yet","true","1","Pesach Haggadah, Magid, First Fruits Declaration:2"
"pesach-haggadah","Pesach Haggadah","tok-b42d23b83afe","הִבְדַּלְתָּ","הבדלת","Unresolved","","No lexical entry yet","true","2","Pesach Haggadah, Kadesh:10"
"pesach-haggadah","Pesach Haggadah","tok-035b6d4c2f99","הָבָה","הבה","Unresolved","","No lexical entry yet","true","1","Pesach Haggadah, Magid, First Fruits Declaration:7"
"pesach-haggadah","Pesach Haggadah","tok-1598e5d4c2e7","הַבּוֹנִים","הבונימ","Unresolved","","No lexical entry yet","true","2","Pesach Haggadah, Hallel, Second Half of Hallel:7"
"pesach-haggadah","Pesach Haggadah","tok-009238f3e656","הַבְּחִירָה","הבחירה","Unresolved","","No lexical entry yet","true","2","Pesach Haggadah, Magid, Dayenu:15; Pesach Haggadah, Magid, Dayenu:16"
"pesach-haggadah","Pesach Haggadah","tok-486436bdb83e","הַבְטָחָתוֹ","הבטחתו","Unresolved","","No lexical entry yet","true","1","Pesach Haggadah, Magid, In the Beginning Our Fathers Were Idol Worshipers:3"
"pesach-haggadah","Pesach Haggadah","tok-3b496cf19f82","הָבִיא","הביא","Unresolved","","No lexical entry yet","true","1","Pesach Haggadah, Magid, Rabban Gamliel's Three Things:7"
"pesach-haggadah","Pesach Haggadah","tok-6cbee99faa1b","הבן","הבנ","Unresolved","","No lexical entry yet","true","1","Pesach Haggadah, Magid, Four Questions:1"
"pesach-haggadah","Pesach Haggadah","tok-d920aa9355cf","הַבְּנוּיָה","הבנויה","Unresolved","","No lexical entry yet","true","1","Pesach Haggadah, Nirtzah, L'Shana HaBaa:1"
"pesach-haggadah","Pesach Haggadah","tok-9eba2d6da267","הַבָּשָׁן","הבשנ","Unresolved","","No lexical entry yet","true","1","Pesach Haggadah, Hallel, Songs of Praise and Thanks:1"
"pesach-haggadah","Pesach Haggadah","tok-a9fc8f7022a0","הַבְּתָרִים","הבתרימ","Unresolved","","No lexical entry yet","true","1","Pesach Haggadah, Magid, In the Beginning Our Fathers Were Idol Worshipers:3"
"pesach-haggadah","Pesach Haggadah","tok-6c72f2e9bdcf","הַגֶּבֶר","הגבר","Unresolved","","No lexical entry yet","true","1","Pesach Haggadah, Barech, Birkat Hamazon:23"
"pesach-haggadah","Pesach Haggadah","tok-abe2d68c6926","הַגָּד","הגד","Unresolved","","No lexical entry yet","true","1","Pesach Haggadah, Barech, Birkat Hamazon:20"
"pesach-haggadah","Pesach Haggadah","tok-4a783e909fff","הִגְדִּיל","הגדיל","Unresolved","","No lexical entry yet","true","2","Pesach Haggadah, Barech, Birkat Hamazon:3"
"pesach-haggadah","Pesach Haggadah","tok-518aff2035b1","הַגְּדֹלָה","הגדלה","Unresolved","","No lexical entry yet","true","1","Pesach Haggadah, Magid, The Ten Plagues:18"
"pesach-haggadah","Pesach Haggadah","tok-6196ea7b6683","הַגְּדֹלִים","הגדלימ","Unresolved","","No lexical entry yet","true","1","Pesach Haggadah, Hallel, Second Half of Hallel:2"
"pesach-haggadah","Pesach Haggadah","tok-e41e6b5e6195","הַגְּלִילִי","הגלילי","Unresolved","","No lexical entry yet","true","1","Pesach Haggadah, Magid, The Ten Plagues:18"
"pesach-haggadah","Pesach Haggadah","tok-f6eb25204b14","הַדְּחַק","הדחק","Unresolved","","No lexical entry yet","true","1","Pesach Haggadah, Magid, First Fruits Declaration:16"
"pesach-haggadah","Pesach Haggadah","tok-9d5ac3146fd0","הדלת","הדלת","Unresolved","","No lexical entry yet","true","1","Pesach Haggadah, Barech, Pour Out Thy Wrath:1"
"pesach-haggadah","Pesach Haggadah","tok-1806f9829686","הֲדַּסָּה","הדסה","Unresolved","","No lexical entry yet","true","1","Pesach Haggadah, Nirtzah, Zevach Pesach:8"
"pesach-haggadah","Pesach Haggadah","tok-fd7d8678e132","ההגדה","ההגדה","Unresolved","","No lexical entry yet","true","1","Pesach Haggadah, Magid, We Were Slaves in Egypt:1"
"pesach-haggadah","Pesach Haggadah","tok-5c6451588c0c","ההלל","ההלל","Unresolved","","No lexical entry yet","true","1","Pesach Haggadah, Hallel, Second Half of Hallel:1"
"pesach-haggadah","Pesach Haggadah","tok-0c295fb0cf79","הַהֹפְכִי","ההפכי","Unresolved","","No lexical entry yet","true","1","Pesach Haggadah, Magid, First Half of Hallel:4"
"pesach-haggadah","Pesach Haggadah","tok-23e65c4f05a6","הוֹבַשְׁתָּ","הובשת","Unresolved","","No lexical entry yet","true","1","Pesach Haggadah, Nirtzah, And It Happened at Midnight:8"
"pesach-haggadah","Pesach Haggadah","tok-80c7baa9472f","הוֹדַע","הודע","Unresolved","","No lexical entry yet","true","1","Pesach Haggadah, Nirtzah, And It Happened at Midnight:11"
"pesach-haggadah","Pesach Haggadah","tok-7f3b6ac6e450","הוֹצִיאוּ","הוציאו","Unresolved","","No lexical entry yet","true","1","Pesach Haggadah, Magid, Rabban Gamliel's Three Things:4"
"pesach-haggadah","Pesach Haggadah","tok-e0654603e062","הוֹצִיאָנוּ","הוציאנו","Unresolved","","No lexical entry yet","true","3","Pesach Haggadah, Magid, The Four Sons:4; Pesach Haggadah, Magid, Dayenu:2; Pesach Haggadah, Magid, First Half of Hallel:2"
"pesach-haggadah","Pesach Haggadah","tok-34692363f82b","הַזְּבָחִים","הזבחימ","Unresolved","","No lexical entry yet","true","1","Pesach Haggadah, Magid, Second Cup of Wine:2"
"pesach-haggadah","Pesach Haggadah","tok-25eaec90688a","הזיתים","הזיתימ","Unresolved","","No lexical entry yet","true","1","Pesach Haggadah, Motzi Matzah:2"
"pesach-haggadah","Pesach Haggadah","tok-03a266f86e1f","הַזְּכָרִים","הזכרימ","Unresolved","","No lexical entry yet","true","1","Pesach Haggadah, Magid, First Fruits Declaration:2"
"pesach-haggadah","Pesach Haggadah","tok-d2b78ebbb991","הַזָּן","הזנ","Unresolved","","No lexical entry yet","true","2","Pesach Haggadah, Barech, Birkat Hamazon:15"
"pesach-haggadah","Pesach Haggadah","tok-56d5694aaced","הַזֹּרְעִים","הזרעימ","Unresolved","","No lexical entry yet","true","1","Pesach Haggadah, Barech, Birkat Hamazon:3"
"pesach-haggadah","Pesach Haggadah","tok-e2725968c9e1","החרוסת","החרוסת","Unresolved","","No lexical entry yet","true","1","Pesach Haggadah, Maror:2"
"pesach-haggadah","Pesach Haggadah","tok-7d5dfcc089c6","הַחַרְטֻמִּם","החרטממ","Unresolved","","No lexical entry yet","true","1","Pesach Haggadah, Magid, The Ten Plagues:18"
"pesach-haggadah","Pesach Haggadah","tok-990171a51ff1","הֲטוּ","הטו","Unresolved","","No lexical entry yet","true","1","Pesach Haggadah, Nirtzah, Zevach Pesach:4"
"pesach-haggadah","Pesach Haggadah","tok-8a2e0b9701e1","הֵטִיב","הטיב","Unresolved","","No lexical entry yet","true","1","Pesach Haggadah, Barech, Birkat Hamazon:22"
"pesach-haggadah","Pesach Haggadah","tok-a249dfe8872c","הַיּ","הי","Unresolved","","No lexical entry yet","true","1","Pesach Haggadah, Hallel, Songs of Praise and Thanks:4"
"pesach-haggadah","Pesach Haggadah","tok-7090722bb936","הַיְאֹרָה","היארה","Unresolved","","No lexical entry yet","true","1","Pesach Haggadah, Magid, First Fruits Declaration:15"
"pesach-haggadah","Pesach Haggadah","tok-48285987bd54","הֵיכָלֶךָ","היכלכ","Unresolved","","No lexical entry yet","true","1","Pesach Haggadah, Hallel, Fourth Cup of Wine:3"
"pesach-haggadah","Pesach Haggadah","tok-32c589128d74","הַיַּרְדֵּן","הירדנ","Unresolved","","No lexical entry yet","true","2","Pesach Haggadah, Magid, First Half of Hallel:4"
"pesach-haggadah","Pesach Haggadah","tok-a61bff848e2f","הָכָא","הכא","Unresolved","","No lexical entry yet","true","1","Pesach Haggadah, Magid, Ha Lachma Anya:3"
"pesach-haggadah","Pesach Haggadah","tok-5fdd9f378896","הִכְנִיסָנוּ","הכניסנו","Unresolved","","No lexical entry yet","true","2","Pesach Haggadah, Magid, Dayenu:14; Pesach Haggadah, Magid, Dayenu:15"
"pesach-haggadah","Pesach Haggadah","tok-2549f305d43c","הכרפס","הכרפס","Unresolved","","No lexical entry yet","true","1","Pesach Haggadah, Karpas:2"
"pesach-haggadah","Pesach Haggadah","tok-9b63956ada80","הַלְוָאָתָם","הלואתמ","Unresolved","","No lexical entry yet","true","1","Pesach Haggadah, Barech, Birkat Hamazon:18"
"pesach-haggadah","Pesach Haggadah","tok-ab145818c903","הַלֵּילוֹת","הלילות","Unresolved","","No lexical entry yet","true","6","Pesach Haggadah, Magid, Four Questions:2; Pesach Haggadah, Magid, Story of the Five Rabbis:2"
"pesach-haggadah","Pesach Haggadah","tok-a4c2b898eefd","הִלֵּל","הלל","Unresolved","","No lexical entry yet","true","1","Pesach Haggadah, Korech:3"
"pesach-haggadah","Pesach Haggadah","tok-aaecdb3d86a2","הַלֵּל","הלל","Unresolved","","No lexical entry yet","true","1","Pesach Haggadah, Hallel, Second Half of Hallel:1"
"pesach-haggadah","Pesach Haggadah","tok-a84faf6b390e","הַלֵּל","הלל","Unresolved","","No lexical entry yet","true","1","Pesach Haggadah, Hallel, Songs of Praise and Thanks:6"
"pesach-haggadah","Pesach Haggadah","tok-580637357fc3","הַלְלוּ־יָהּ","הללו־יה","Unresolved","","No lexical entry yet","true","4","Pesach Haggadah, Magid, First Half of Hallel:3; Pesach Haggadah, Hallel, Second Half of Hallel:2; Pesach Haggadah, Hallel, Second Half of Hallel:4; Pesach Haggadah, Hallel, Second Half of Hallel:5"
"pesach-haggadah","Pesach Haggadah","tok-69323540157f","הַמַּגְבִּיהִי","המגביהי","Unresolved","","No lexical entry yet","true","1","Pesach Haggadah, Magid, First Half of Hallel:3"
"pesach-haggadah","Pesach Haggadah","tok-4491391250ae","הַמְּהֻלָּל","המהלל","Unresolved","","No lexical entry yet","true","1","Pesach Haggadah, Hallel, Songs of Praise and Thanks:2"
"pesach-haggadah","Pesach Haggadah","tok-56dfe1dd9846","הַמּוֹצִיא","המוציא","Unresolved","","No lexical entry yet","true","1","Pesach Haggadah, Motzi Matzah:3"
"pesach-haggadah","Pesach Haggadah","tok-291b46c27b85","המוציא""","המוציא""","Unresolved","","No lexical entry yet","true","1","Pesach Haggadah, Motzi Matzah:2"
"pesach-haggadah","Pesach Haggadah","tok-b0bd164278a7","הַמָּוְתָה","המותה","Unresolved","","No lexical entry yet","true","1","Pesach Haggadah, Hallel, Second Half of Hallel:4"
"pesach-haggadah","Pesach Haggadah","tok-5ab4764e9e93","המזמן","המזמנ","Unresolved","","No lexical entry yet","true","1","Pesach Haggadah, Barech, Birkat Hamazon:12"
"pesach-haggadah","Pesach Haggadah","tok-1044edc57aa3","הַמְזַמֵן","המזמנ","Unresolved","","No lexical entry yet","true","1","Pesach Haggadah, Barech, Birkat Hamazon:8"
"pesach-haggadah","Pesach Haggadah","tok-1c0f8128a128","המכות","המכות","Unresolved","","No lexical entry yet","true","1","Pesach Haggadah, Magid, The Ten Plagues:1"
"pesach-haggadah","Pesach Haggadah","tok-16ded4a1f83d","הַמֶלֶךְ","המלכ","Unresolved","","No lexical entry yet","true","1","Pesach Haggadah, Hallel, Songs of Praise and Thanks:6"
"pesach-haggadah","Pesach Haggadah","tok-a5c5ed636e5b","הַמֶּלֶךְ","המלכ","Unresolved","","No lexical entry yet","true","2","Pesach Haggadah, Barech, Birkat Hamazon:22; Pesach Haggadah, Hallel, Songs of Praise and Thanks:4"
"pesach-haggadah","Pesach Haggadah","tok-015ffb56f298","הַמְּנַהֵג","המנהג","Unresolved","","No lexical entry yet","true","1","Pesach Haggadah, Hallel, Songs of Praise and Thanks:2"
"pesach-haggadah","Pesach Haggadah","tok-ddec4bbfd032","המסבים","המסבימ","Unresolved","","No lexical entry yet","true","2","Pesach Haggadah, Barech, Birkat Hamazon:6; Pesach Haggadah, Barech, Birkat Hamazon:10"
"pesach-haggadah","Pesach Haggadah","tok-55863643ba17","המצה","המצה","Unresolved","","No lexical entry yet","true","4","Pesach Haggadah, Yachatz:2; Pesach Haggadah, Magid, In the Beginning Our Fathers Were Idol Worshipers:4; Pesach Haggadah, Magid, Rabban Gamliel's Three Things:3; Pesach Haggadah, Korech:2"
"pesach-haggadah","Pesach Haggadah","tok-c46dcba55a92","הַמַּרְבֶּה","המרבה","Unresolved","","No lexical entry yet","true","1","Pesach Haggadah, Magid, We Were Slaves in Egypt:2"
"pesach-haggadah","Pesach Haggadah","tok-de72082b6670","המרור","המרור","Unresolved","","No lexical entry yet","true","2","Pesach Haggadah, Karpas:2; Pesach Haggadah, Magid, Rabban Gamliel's Three Things:5"
"pesach-haggadah","Pesach Haggadah","tok-ed83ed358e36","הַמַּשְׁפִּילִי","המשפילי","Unresolved","","No lexical entry yet","true","1","Pesach Haggadah, Magid, First Half of Hallel:3"
"pesach-haggadah","Pesach Haggadah","tok-d6528c35d541","הָנֶאֱכַל","הנאכל","Unresolved","","No lexical entry yet","true","1","Pesach Haggadah, Tzafun:3"
"pesach-haggadah","Pesach Haggadah","tok-fc7d284faf50","הַנָּבִיא","הנביא","Unresolved","","No lexical entry yet","true","1","Pesach Haggadah, Barech, Birkat Hamazon:23"
"pesach-haggadah","Pesach Haggadah","tok-debe0e4e8972","הִנְחַלְתָּנוּ","הנחלתנו","Unresolved","","No lexical entry yet","true","1","Pesach Haggadah, Kadesh:7"
"pesach-haggadah","Pesach Haggadah","tok-99e396e448a4","הַנֶּחָמוֹת","הנחמות","Unresolved","","No lexical entry yet","true","1","Pesach Haggadah, Barech, Birkat Hamazon:20"
"pesach-haggadah","Pesach Haggadah","tok-594455b0424f","הָנִיחַ","הניח","Unresolved","","No lexical entry yet","true","1","Pesach Haggadah, Barech, Birkat Hamazon:20"
"pesach-haggadah","Pesach Haggadah","tok-621bb05f76e0","הֲנִסָּה","הנסה","Unresolved","","No lexical entry yet","true","1","Pesach Haggadah, Magid, First Fruits Declaration:22"
"pesach-haggadah","Pesach Haggadah","tok-da65edcd52ca","הנתח","הנתח","Unresolved","","No lexical entry yet","true","1","Pesach Haggadah, Yachatz:2"
"pesach-haggadah","Pesach Haggadah","tok-73b3cfaddd6a","הסעודה","הסעודה","Unresolved","","No lexical entry yet","true","1","Pesach Haggadah, Tzafun:2"
"pesach-haggadah","Pesach Haggadah","tok-95cd56b38192","הִסְעִיד","הסעיד","Unresolved","","No lexical entry yet","true","1","Pesach Haggadah, Nirtzah, Zevach Pesach:3"
"pesach-haggadah","Pesach Haggadah","tok-16cfb967006c","הִסְפִּיק","הספיק","Unresolved","","No lexical entry yet","true","1","Pesach Haggadah, Magid, Rabban Gamliel's Three Things:4"
"pesach-haggadah","Pesach Haggadah","tok-671e04d8d827","הָעֲבֹדָה","העבדה","Unresolved","","No lexical entry yet","true","1","Pesach Haggadah, Magid, First Fruits Declaration:12"
"pesach-haggadah","Pesach Haggadah","tok-2c13f78b4a61","הֶעֱבִירָנוּ","העבירנו","Unresolved","","No lexical entry yet","true","2","Pesach Haggadah, Magid, Dayenu:7; Pesach Haggadah, Magid, Dayenu:8"
"pesach-haggadah","Pesach Haggadah","tok-f650e98603c6","העמר","העמר","Unresolved","","No lexical entry yet","true","1","Pesach Haggadah, Nirtzah, Sefirat HaOmer:1"
"pesach-haggadah","Pesach Haggadah","tok-651faa300287","הָעֹמֶר","העמר","Unresolved","","No lexical entry yet","true","1","Pesach Haggadah, Nirtzah, Sefirat HaOmer:2"
"pesach-haggadah","Pesach Haggadah","tok-1d12a2a2f7a3","הִפְחַדְתָּ","הפחדת","Unresolved","","No lexical entry yet","true","1","Pesach Haggadah, Nirtzah, And It Happened at Midnight:5"
"pesach-haggadah","Pesach Haggadah","tok-b3216fad80e1","הִפְלֵאתָ","הפלאת","Unresolved","","No lexical entry yet","true","2","Pesach Haggadah, Nirtzah, And It Happened at Midnight:3; Pesach Haggadah, Nirtzah, Zevach Pesach:2"
"pesach-haggadah","Pesach Haggadah","tok-a0c5e06b50d4","הַפֶּסַח","הפסח","Unresolved","","No lexical entry yet","true","2","Pesach Haggadah, Magid, The Four Sons:2"
"pesach-haggadah","Pesach Haggadah","tok-61f0e5f69705","הַפְּסָחִים","הפסחימ","Unresolved","","No lexical entry yet","true","1","Pesach Haggadah, Magid, Second Cup of Wine:2"
"pesach-haggadah","Pesach Haggadah","tok-5c1de473db4c","הַפְקֵד","הפקד","Unresolved","","No lexical entry yet","true","1","Pesach Haggadah, Nirtzah, And It Happened at Midnight:11"
"pesach-haggadah","Pesach Haggadah","tok-c03a0adfa87a","הפרוסה","הפרוסה","Unresolved","","No lexical entry yet","true","3","Pesach Haggadah, Motzi Matzah:2"
"pesach-haggadah","Pesach Haggadah","tok-21d3e633b347","הַפְּתוּחָה","הפתוחה","Unresolved","","No lexical entry yet","true","1","Pesach Haggadah, Barech, Birkat Hamazon:18"
"pesach-haggadah","Pesach Haggadah","tok-adadf10bb50b","הַצּוּר","הצור","Unresolved","","No lexical entry yet","true","1","Pesach Haggadah, Magid, First Half of Hallel:4"
"pesach-haggadah","Pesach Haggadah","tok-2adb2c19ff0c","הִצִּיל","הציל","Unresolved","","No lexical entry yet","true","1","Pesach Haggadah, Magid, Rabban Gamliel's Three Things:2"
"pesach-haggadah","Pesach Haggadah","tok-d50d98b062ba","הַצָּלָה","הצלה","Unresolved","","No lexical entry yet","true","1","Pesach Haggadah, Barech, Birkat Hamazon:22"
"pesach-haggadah","Pesach Haggadah","tok-0eaa0bc99261","הַקְהֵה","הקהה","Unresolved","","No lexical entry yet","true","1","Pesach Haggadah, Magid, The Four Sons:3"
"pesach-haggadah","Pesach Haggadah","tok-429276229e82","הקערה","הקערה","Unresolved","","No lexical entry yet","true","3","Pesach Haggadah, Magid, Ha Lachma Anya:2; Pesach Haggadah, Magid, Four Questions:1; Pesach Haggadah, Magid, We Were Slaves in Egypt:1"
"pesach-haggadah","Pesach Haggadah","tok-7ccef705fd27","הָרַחֲמָן","הרחמנ","Unresolved","","No lexical entry yet","true","12","Pesach Haggadah, Barech, Birkat Hamazon:23"
"pesach-haggadah","Pesach Haggadah","tok-05fd3c40689c","הָרָעָב","הרעב","Unresolved","","No lexical entry yet","true","1","Pesach Haggadah, Magid, First Fruits Declaration:3"
"pesach-haggadah","Pesach Haggadah","tok-0d710ea35edb","הַשְּׁבִיעִי","השביעי","Unresolved","","No lexical entry yet","true","5","Pesach Haggadah, Kadesh:4; Pesach Haggadah, Kadesh:10"
"pesach-haggadah","Pesach Haggadah","tok-27f5edee2e49","הַשְּׁבִיעִי","השביעי","Unresolved","","No lexical entry yet","true","1","Pesach Haggadah, Barech, Birkat Hamazon:20"
"pesach-haggadah","Pesach Haggadah","tok-959a501f457c","הָשוֹׁבַע","השובע","Unresolved","","No lexical entry yet","true","1","Pesach Haggadah, Tzafun:3"
"pesach-haggadah","Pesach Haggadah","tok-d4bb54bb2dea","הַשׁוֹחֵט","השוחט","Unresolved","","No lexical entry yet","true","1","Pesach Haggadah, Nirtzah, Chad Gadya:8"
"pesach-haggadah","Pesach Haggadah","tok-8224f8df3055","השולחן","השולחנ","Unresolved","","No lexical entry yet","true","2","Pesach Haggadah, Magid, Four Questions:1; Pesach Haggadah, Magid, We Were Slaves in Egypt:1"
"pesach-haggadah","Pesach Haggadah","tok-9127397140dc","הַשֻּׁלְחָן","השלחנ","Unresolved","","No lexical entry yet","true","1","Pesach Haggadah, Nirtzah, Zevach Pesach:7"
"pesach-haggadah","Pesach Haggadah","tok-a31c8df1da7d","הַשָּׁלִיחַ","השליח","Unresolved","","No lexical entry yet","true","1","Pesach Haggadah, Magid, First Fruits Declaration:19"
"pesach-haggadah","Pesach Haggadah","tok-0c5b170ad02b","הֵשַׁמּוּ","השמו","Unresolved","","No lexical entry yet","true","1","Pesach Haggadah, Barech, Pour Out Thy Wrath:2"
"pesach-haggadah","Pesach Haggadah","tok-e8c5b3a8ea89","הַשִּׁשִּׁי","הששי","Unresolved","","No lexical entry yet","true","1","Pesach Haggadah, Kadesh:4"
"pesach-haggadah","Pesach Haggadah","tok-7569d183333e","הָשַּׁתָּא","השתא","Unresolved","","No lexical entry yet","true","2","Pesach Haggadah, Magid, Ha Lachma Anya:3"
"pesach-haggadah","Pesach Haggadah","tok-5803fef6cb3a","הִתְקַדֵּשׁ","התקדש","Unresolved","","No lexical entry yet","true","1","Pesach Haggadah, Nirtzah, Zevach Pesach:8"
"pesach-haggadah","Pesach Haggadah","tok-c579e4f42ea7","הַתִּשְׁבָּחוֹת","התשבחות","Unresolved","","No lexical entry yet","true","1","Pesach Haggadah, Hallel, Songs of Praise and Thanks:2"
"pesach-haggadah","Pesach Haggadah","tok-935c11e52db6","ו״על","ו״על","Unresolved","","No lexical entry yet","true","1","Pesach Haggadah, Motzi Matzah:2"
"pesach-haggadah","Pesach Haggadah","tok-fd33b08be749","וַאֲבִי","ואבי","Unresolved","","No lexical entry yet","true","1","Pesach Haggadah, Magid, In the Beginning Our Fathers Were Idol Worshipers:1"
"pesach-haggadah","Pesach Haggadah","tok-1beee18f54ff","וְאֶבְיוֹן","ואביונ","Unresolved","","No lexical entry yet","true","1","Pesach Haggadah, Hallel, Songs of Praise and Thanks:4"
"pesach-haggadah","Pesach Haggadah","tok-64929a9233dc","וְאוֹדֶךָּ","ואודכ","Unresolved","","No lexical entry yet","true","2","Pesach Haggadah, Hallel, Second Half of Hallel:9"
"pesach-haggadah","Pesach Haggadah","tok-55fb974ff602","ואוכל","ואוכל","Unresolved","","No lexical entry yet","true","2","Pesach Haggadah, Maror:2; Pesach Haggadah, Tzafun:2"
"pesach-haggadah","Pesach Haggadah","tok-09735a0c7303","וְאוֹכֵל","ואוכל","Unresolved","","No lexical entry yet","true","1","Pesach Haggadah, Korech:4"
"pesach-haggadah","Pesach Haggadah","tok-c4b9caf0d7bc","וָאוֹלֵךְ","ואולכ","Unresolved","","No lexical entry yet","true","1","Pesach Haggadah, Magid, In the Beginning Our Fathers Were Idol Worshipers:2"
"pesach-haggadah","Pesach Haggadah","tok-97d78b0f6861","וְאוֹתָנוּ","ואותנו","Unresolved","","No lexical entry yet","true","2","Pesach Haggadah, Kadesh:7; Pesach Haggadah, Magid, Rabban Gamliel's Three Things:7"
"pesach-haggadah","Pesach Haggadah","tok-111dd58b35ba","וְאַחֲרֵי־כֵן","ואחרי־כנ","Unresolved","","No lexical entry yet","true","1","Pesach Haggadah, Magid, In the Beginning Our Fathers Were Idol Worshipers:3"
"pesach-haggadah","Pesach Haggadah","tok-f8fc8d71475f","וְאַָכְלָה","ואכלה","Unresolved","","No lexical entry yet","true","1","Pesach Haggadah, Nirtzah, Chad Gadya:2"
"pesach-haggadah","Pesach Haggadah","tok-fe3d42f7e819","וְאָכַלְתָּ","ואכלת","Unresolved","","No lexical entry yet","true","1","Pesach Haggadah, Barech, Birkat Hamazon:17"
"pesach-haggadah","Pesach Haggadah","tok-978f2de267e4","וֶאֱמוֹר","ואמור","Unresolved","","No lexical entry yet","true","1","Pesach Haggadah, Magid, The Four Sons:3"
"pesach-haggadah","Pesach Haggadah","tok-e46aa4eadf26","וָאֹמַר","ואמר","Unresolved","","No lexical entry yet","true","2","Pesach Haggadah, Magid, First Fruits Declaration:6"
"pesach-haggadah","Pesach Haggadah","tok-136b7acada87","וְאִמְרוּ","ואמרו","Unresolved","","No lexical entry yet","true","1","Pesach Haggadah, Barech, Birkat Hamazon:23"
"pesach-haggadah","Pesach Haggadah","tok-e9470f877749","וְאָמְרוּ","ואמרו","Unresolved","","No lexical entry yet","true","1","Pesach Haggadah, Magid, Story of the Five Rabbis:1"
"pesach-haggadah","Pesach Haggadah","tok-bc08284708f1","וְאָמַרְתָּ","ואמרת","Unresolved","","No lexical entry yet","true","1","Pesach Haggadah, Magid, The Four Sons:4"
"pesach-haggadah","Pesach Haggadah","tok-e314168b9955","וַאֲמַרְתֶּם","ואמרתמ","Unresolved","","No lexical entry yet","true","9","Pesach Haggadah, Magid, Rabban Gamliel's Three Things:2; Pesach Haggadah, Nirtzah, Zevach Pesach:1; Pesach Haggadah, Nirtzah, Zevach Pesach:2; Pesach Haggadah, Nirtzah, Zevach Pesach:3; Pesach Haggadah, Nirtzah, Zevach Pesach:4"
"pesach-haggadah","Pesach Haggadah","tok-350e10312831","וַאֲנָחָה","ואנחה","Unresolved","","No lexical entry yet","true","1","Pesach Haggadah, Barech, Birkat Hamazon:20"
"pesach-haggadah","Pesach Haggadah","tok-160d0fb1d711","וַאֲסַפֵּר","ואספר","Unresolved","","No lexical entry yet","true","1","Pesach Haggadah, Hallel, Second Half of Hallel:6"
"pesach-haggadah","Pesach Haggadah","tok-626bcbfedde5","וָאֶעֱבֹר","ואעבר","Unresolved","","No lexical entry yet","true","1","Pesach Haggadah, Magid, First Fruits Declaration:6"
"pesach-haggadah","Pesach Haggadah","tok-aa23499c87e6","וָאֶקַּח","ואקח","Unresolved","","No lexical entry yet","true","1","Pesach Haggadah, Magid, In the Beginning Our Fathers Were Idol Worshipers:2"
"pesach-haggadah","Pesach Haggadah","tok-17a427e87cae","וָאֶרְאֵךְ","ואראכ","Unresolved","","No lexical entry yet","true","1","Pesach Haggadah, Magid, First Fruits Declaration:6"
"pesach-haggadah","Pesach Haggadah","tok-88e30aeadf5d","וָאַרְבֶּה","וארבה","Unresolved","","No lexical entry yet","true","1","Pesach Haggadah, Magid, In the Beginning Our Fathers Were Idol Worshipers:2"
"pesach-haggadah","Pesach Haggadah","tok-bea2d90b963e","וְאֶת־בָּתֵּינוּ","ואת־בתינו","Unresolved","","No lexical entry yet","true","1","Pesach Haggadah, Magid, Rabban Gamliel's Three Things:2"
"pesach-haggadah","Pesach Haggadah","tok-e1b7e44c044d","וְאֶת־הַמַּטֶּה","ואת־המטה","Unresolved","","No lexical entry yet","true","1","Pesach Haggadah, Magid, First Fruits Declaration:23"
"pesach-haggadah","Pesach Haggadah","tok-2178cb2e25aa","וְאֶת־יוֹם","ואת־יומ","Unresolved","","No lexical entry yet","true","1","Pesach Haggadah, Kadesh:10"
"pesach-haggadah","Pesach Haggadah","tok-62319f7263d1","וְאֶת־יַעֲקֹב","ואת־יעקב","Unresolved","","No lexical entry yet","true","1","Pesach Haggadah, Magid, First Fruits Declaration:13"
"pesach-haggadah","Pesach Haggadah","tok-003f582ebdc2","וְאֶת־לַחֲצֵנוּ","ואת־לחצנו","Unresolved","","No lexical entry yet","true","2","Pesach Haggadah, Magid, First Fruits Declaration:11; Pesach Haggadah, Magid, First Fruits Declaration:16"
"pesach-haggadah","Pesach Haggadah","tok-937bece187be","וְאֶת־נָוֵהוּ","ואת־נוהו","Unresolved","","No lexical entry yet","true","1","Pesach Haggadah, Barech, Pour Out Thy Wrath:2"
"pesach-haggadah","Pesach Haggadah","tok-da6c6fbc5fd7","וְאֶת־עֲמָלֵנוּ","ואת־עמלנו","Unresolved","","No lexical entry yet","true","2","Pesach Haggadah, Magid, First Fruits Declaration:11; Pesach Haggadah, Magid, First Fruits Declaration:15"
"pesach-haggadah","Pesach Haggadah","tok-8d5b2b1184ac","וְאֶת־עֵשָׂו","ואת־עשו","Unresolved","","No lexical entry yet","true","1","Pesach Haggadah, Magid, In the Beginning Our Fathers Were Idol Worshipers:2"
"pesach-haggadah","Pesach Haggadah","tok-46afdf1b9e6d","וְאֶת־רַעַמְסֵס","ואת־רעמסס","Unresolved","","No lexical entry yet","true","1","Pesach Haggadah, Magid, First Fruits Declaration:8"
"pesach-haggadah","Pesach Haggadah","tok-222de5c61722","וְאָתָא","ואתא","Unresolved","","No lexical entry yet","true","9","Pesach Haggadah, Nirtzah, Chad Gadya:2; Pesach Haggadah, Nirtzah, Chad Gadya:3; Pesach Haggadah, Nirtzah, Chad Gadya:4; Pesach Haggadah, Nirtzah, Chad Gadya:5; Pesach Haggadah, Nirtzah, Chad Gadya:6"
"pesach-haggadah","Pesach Haggadah","tok-f3138f83fa7f","וָאֶתֵּן","ואתנ","Unresolved","","No lexical entry yet","true","2","Pesach Haggadah, Magid, In the Beginning Our Fathers Were Idol Worshipers:2"
"pesach-haggadah","Pesach Haggadah","tok-8ec9d9b27447","וָאֶתֶּן־לוֹ","ואתנ־לו","Unresolved","","No lexical entry yet","true","1","Pesach Haggadah, Magid, In the Beginning Our Fathers Were Idol Worshipers:2"
"pesach-haggadah","Pesach Haggadah","tok-bb7086f04255","וּבְאֹתוֹת","ובאתות","Unresolved","","No lexical entry yet","true","3","Pesach Haggadah, Magid, First Fruits Declaration:17; Pesach Haggadah, Magid, First Fruits Declaration:23; Pesach Haggadah, Magid, The Ten Plagues:4"
"pesach-haggadah","Pesach Haggadah","tok-b61520115ed8","וּבְבִנְיַן","ובבנינ","Unresolved","","No lexical entry yet","true","1","Pesach Haggadah, Barech, Birkat Hamazon:20"
"pesach-haggadah","Pesach Haggadah","tok-15955adb05e6","וּבְטָהֳרָה","ובטהרה","Unresolved","","No lexical entry yet","true","1","Pesach Haggadah, Hallel, Fourth Cup of Wine:3"
"pesach-haggadah","Pesach Haggadah","tok-e155a72284cd","וּבָכֹה","ובכה","Unresolved","","No lexical entry yet","true","1","Pesach Haggadah, Barech, Birkat Hamazon:3"
"pesach-haggadah","Pesach Haggadah","tok-1e499f75efb1","וּבְכָל־אֱלֹהֵי","ובכל־אלהי","Unresolved","","No lexical entry yet","true","2","Pesach Haggadah, Magid, First Fruits Declaration:18; Pesach Haggadah, Magid, First Fruits Declaration:19"
"pesach-haggadah","Pesach Haggadah","tok-59b581a8e325","וּבְכָל־עֲבֹדָה","ובכל־עבדה","Unresolved","","No lexical entry yet","true","1","Pesach Haggadah, Magid, Rabban Gamliel's Three Things:6"
"pesach-haggadah","Pesach Haggadah","tok-5671485dfac2","וּבְכֵן","ובכנ","Unresolved","","No lexical entry yet","true","2","Pesach Haggadah, Nirtzah, And It Happened at Midnight:2; Pesach Haggadah, Nirtzah, Zevach Pesach:1"
"pesach-haggadah","Pesach Haggadah","tok-e888d78ee41f","וּבְמוֹרָא","ובמורא","Unresolved","","No lexical entry yet","true","1","Pesach Haggadah, Magid, First Fruits Declaration:22"
"pesach-haggadah","Pesach Haggadah","tok-a2961d24ac88","וּבְמוֹרָאִים","ובמוראימ","Unresolved","","No lexical entry yet","true","1","Pesach Haggadah, Magid, First Fruits Declaration:22"
"pesach-haggadah","Pesach Haggadah","tok-c88ae66928ba","וּבְמֹפְתִים","ובמפתימ","Unresolved","","No lexical entry yet","true","3","Pesach Haggadah, Magid, First Fruits Declaration:17; Pesach Haggadah, Magid, First Fruits Declaration:24; Pesach Haggadah, Magid, The Ten Plagues:4"
"pesach-haggadah","Pesach Haggadah","tok-bd5aaa287ec0","וּבְמַקְהֲלוֹת","ובמקהלות","Unresolved","","No lexical entry yet","true","1","Pesach Haggadah, Hallel, Songs of Praise and Thanks:5"
"pesach-haggadah","Pesach Haggadah","tok-a3c474deba24","וּבְמֹרָא","ובמרא","Unresolved","","No lexical entry yet","true","2","Pesach Haggadah, Magid, First Fruits Declaration:17; Pesach Haggadah, Magid, The Ten Plagues:4"
"pesach-haggadah","Pesach Haggadah","tok-f49e5c8cf9eb","וּבְמשֶׁה","ובמשה","Unresolved","","No lexical entry yet","true","1","Pesach Haggadah, Magid, The Ten Plagues:18"
"pesach-haggadah","Pesach Haggadah","tok-480735f099d9","וּבְנֵה","ובנה","Unresolved","","No lexical entry yet","true","2","Pesach Haggadah, Barech, Birkat Hamazon:21; Pesach Haggadah, Hallel, Fourth Cup of Wine:3"
"pesach-haggadah","Pesach Haggadah","tok-570c9649f3fa","וּבָנָה","ובנה","Unresolved","","No lexical entry yet","true","1","Pesach Haggadah, Magid, Dayenu:16"
"pesach-haggadah","Pesach Haggadah","tok-5aa5ea291abc","וּבָנָיו","ובניו","Unresolved","","No lexical entry yet","true","1","Pesach Haggadah, Magid, In the Beginning Our Fathers Were Idol Worshipers:2"
"pesach-haggadah","Pesach Haggadah","tok-4f6c258f45aa","וּבָנֵינוּ","ובנינו","Unresolved","","No lexical entry yet","true","1","Pesach Haggadah, Magid, We Were Slaves in Egypt:2"
"pesach-haggadah","Pesach Haggadah","tok-e13164f13f84","וּבַעַל","ובעל","Unresolved","","No lexical entry yet","true","1","Pesach Haggadah, Barech, Birkat Hamazon:20"
"pesach-haggadah","Pesach Haggadah","tok-270cd87b7d39","וּבְעַצְמוֹ","ובעצמו","Unresolved","","No lexical entry yet","true","1","Pesach Haggadah, Magid, First Fruits Declaration:18"
"pesach-haggadah","Pesach Haggadah","tok-c1d31f17eede","וּבַצֹּאן","ובצאנ","Unresolved","","No lexical entry yet","true","1","Pesach Haggadah, Magid, First Fruits Declaration:20"
"pesach-haggadah","Pesach Haggadah","tok-d09a8bddc134","וּבְקֶרֶב","ובקרב","Unresolved","","No lexical entry yet","true","1","Pesach Haggadah, Hallel, Songs of Praise and Thanks:4"
"pesach-haggadah","Pesach Haggadah","tok-182371d286bb","וּבְרִיּוֹתָיו","ובריותיו","Unresolved","","No lexical entry yet","true","1","Pesach Haggadah, Hallel, Songs of Praise and Thanks:2"
"pesach-haggadah","Pesach Haggadah","tok-f511ce3d41d0","וּבְשָׂבָע","ובשבע","Unresolved","","No lexical entry yet","true","1","Pesach Haggadah, Hallel, Songs of Praise and Thanks:3"
"pesach-haggadah","Pesach Haggadah","tok-0b1d3876fd5a","וּבְשֵׁם","ובשמ","Unresolved","","No lexical entry yet","true","3","Pesach Haggadah, Hallel, Second Half of Hallel:3; Pesach Haggadah, Hallel, Second Half of Hallel:4"
"pesach-haggadah","Pesach Haggadah","tok-96b4f9504996","וגומרין","וגומרינ","Unresolved","","No lexical entry yet","true","1","Pesach Haggadah, Hallel, Second Half of Hallel:1"
"pesach-haggadah","Pesach Haggadah","tok-066d744012fb","וְגַם־צֵדָה","וגמ־צדה","Unresolved","","No lexical entry yet","true","1","Pesach Haggadah, Magid, Rabban Gamliel's Three Things:4"
"pesach-haggadah","Pesach Haggadah","tok-8e1c45523c26","וְגַם־רָאִיתִי","וגמ־ראיתי","Unresolved","","No lexical entry yet","true","1","Pesach Haggadah, Magid, First Fruits Declaration:16"
"pesach-haggadah","Pesach Haggadah","tok-b02b24e44718","ודצ״ך","ודצ״כ","Unresolved","","No lexical entry yet","true","1","Pesach Haggadah, Magid, The Ten Plagues:1"
"pesach-haggadah","Pesach Haggadah","tok-b13862d0cb8f","וְדֹרְשֵׁי","ודרשי","Unresolved","","No lexical entry yet","true","1","Pesach Haggadah, Barech, Birkat Hamazon:23"
"pesach-haggadah","Pesach Haggadah","tok-8ceedb59795f","וְהֶאֱכִילָנוּ","והאכילנו","Unresolved","","No lexical entry yet","true","1","Pesach Haggadah, Magid, Dayenu:16"
"pesach-haggadah","Pesach Haggadah","tok-e4b71838de44","וְהִגַּדְתָּ","והגדת","Unresolved","","No lexical entry yet","true","2","Pesach Haggadah, Magid, The Four Sons:5; Pesach Haggadah, Magid, Rabban Gamliel's Three Things:7"
"pesach-haggadah","Pesach Haggadah","tok-ba8a00153039","וְהִגִּיעָנוּ","והגיענו","Unresolved","","No lexical entry yet","true","1","Pesach Haggadah, Kadesh:12"
"pesach-haggadah","Pesach Haggadah","tok-35226e6ef541","וְהִגִּיעָנוּ","והגיענו","Unresolved","","No lexical entry yet","true","1","Pesach Haggadah, Magid, Second Cup of Wine:2"
"pesach-haggadah","Pesach Haggadah","tok-1647d60b866b","וְהושִׁיעֵנוּ","והושיענו","Unresolved","","No lexical entry yet","true","1","Pesach Haggadah, Barech, Birkat Hamazon:21"
"pesach-haggadah","Pesach Haggadah","tok-7942b53dd841","וְהוֹשִׁיעֵנוּ","והושיענו","Unresolved","","No lexical entry yet","true","1","Pesach Haggadah, Barech, Birkat Hamazon:21"
"pesach-haggadah","Pesach Haggadah","tok-dc9588a5fe16","וְהַזּוֹקֵף","והזוקפ","Unresolved","","No lexical entry yet","true","1","Pesach Haggadah, Hallel, Songs of Praise and Thanks:2"
"pesach-haggadah","Pesach Haggadah","tok-63b70dce8ff0","וְהַזְּמַנִּים","והזמנימ","Unresolved","","No lexical entry yet","true","1","Pesach Haggadah, Kadesh:8"
"pesach-haggadah","Pesach Haggadah","tok-4f5f6b3f381a","וְהַחֲלִיצֵנוּ","והחליצנו","Unresolved","","No lexical entry yet","true","2","Pesach Haggadah, Barech, Birkat Hamazon:20; Pesach Haggadah, Hallel, Fourth Cup of Wine:3"
"pesach-haggadah","Pesach Haggadah","tok-dba00d7f5d4c","וְהִכֵּיתִי","והכיתי","Unresolved","","No lexical entry yet","true","2","Pesach Haggadah, Magid, First Fruits Declaration:18; Pesach Haggadah, Magid, First Fruits Declaration:19"
"pesach-haggadah","Pesach Haggadah","tok-23914c772dae","וְהִכְנִיסָנוּ","והכניסנו","Unresolved","","No lexical entry yet","true","1","Pesach Haggadah, Magid, Dayenu:16"
"pesach-haggadah","Pesach Haggadah","tok-e9e7a1962030","והמזַמן","והמזמנ","Unresolved","","No lexical entry yet","true","1","Pesach Haggadah, Barech, Birkat Hamazon:4"
"pesach-haggadah","Pesach Haggadah","tok-defdb7aeaa8c","וְהַמֵּטִיב","והמטיב","Unresolved","","No lexical entry yet","true","1","Pesach Haggadah, Barech, Birkat Hamazon:22"
"pesach-haggadah","Pesach Haggadah","tok-73987cf34755","וְהַמֵּקִיץ","והמקיצ","Unresolved","","No lexical entry yet","true","1","Pesach Haggadah, Hallel, Songs of Praise and Thanks:2"
"pesach-haggadah","Pesach Haggadah","tok-d356279be7a3","וְהַמַּתִּיר","והמתיר","Unresolved","","No lexical entry yet","true","1","Pesach Haggadah, Hallel, Songs of Praise and Thanks:2"
"pesach-haggadah","Pesach Haggadah","tok-3b741a455ece","וְהִנְחַלְתָּ","והנחלת","Unresolved","","No lexical entry yet","true","1","Pesach Haggadah, Hallel, Fourth Cup of Wine:3"
"pesach-haggadah","Pesach Haggadah","tok-5befe67fe547","וְהַסּוֹמֵךְ","והסומכ","Unresolved","","No lexical entry yet","true","1","Pesach Haggadah, Hallel, Songs of Praise and Thanks:2"
"pesach-haggadah","Pesach Haggadah","tok-bd2b47e93176","וְהֶעֱבִיר","והעביר","Unresolved","","No lexical entry yet","true","1","Pesach Haggadah, Hallel, Songs of Praise and Thanks:1"
"pesach-haggadah","Pesach Haggadah","tok-f153dcc771d9","וְהֶעֱבִירָנוּ","והעבירנו","Unresolved","","No lexical entry yet","true","1","Pesach Haggadah, Magid, Dayenu:16"
"pesach-haggadah","Pesach Haggadah","tok-506e97dd7f91","וְהַעֲלֵנוּ","והעלנו","Unresolved","","No lexical entry yet","true","1","Pesach Haggadah, Hallel, Fourth Cup of Wine:3"
"pesach-haggadah","Pesach Haggadah","tok-df086a1620ad","וְהַצְלָחָה","והצלחה","Unresolved","","No lexical entry yet","true","1","Pesach Haggadah, Barech, Birkat Hamazon:22"
"pesach-haggadah","Pesach Haggadah","tok-9b670ea7d474","וְהַרְאֵנוּ","והראנו","Unresolved","","No lexical entry yet","true","1","Pesach Haggadah, Barech, Birkat Hamazon:20"
"pesach-haggadah","Pesach Haggadah","tok-926d3e4d8860","וְהָרַג","והרג","Unresolved","","No lexical entry yet","true","1","Pesach Haggadah, Magid, Dayenu:16"
"pesach-haggadah","Pesach Haggadah","tok-e89477f06858","וְהַרְוַח","והרוח","Unresolved","","No lexical entry yet","true","1","Pesach Haggadah, Barech, Birkat Hamazon:18"
"pesach-haggadah","Pesach Haggadah","tok-28fbace48d52","וְהַרְוִיחֵנוּ","והרויחנו","Unresolved","","No lexical entry yet","true","1","Pesach Haggadah, Barech, Birkat Hamazon:18"
"pesach-haggadah","Pesach Haggadah","tok-aac5f9e25bca","וְזָהָב","וזהב","Unresolved","","No lexical entry yet","true","1","Pesach Haggadah, Hallel, Second Half of Hallel:2"
"pesach-haggadah","Pesach Haggadah","tok-740ca2866e0d","וּזְמַנִּים","וזמנימ","Unresolved","","No lexical entry yet","true","1","Pesach Haggadah, Kadesh:7"
"pesach-haggadah","Pesach Haggadah","tok-6bbbf2e4c944","וְזִמְרָת","וזמרת","Unresolved","","No lexical entry yet","true","1","Pesach Haggadah, Hallel, Second Half of Hallel:6"
"pesach-haggadah","Pesach Haggadah","tok-9c6016b4a57b","וָזַעַם","וזעמ","Unresolved","","No lexical entry yet","true","4","Pesach Haggadah, Magid, The Ten Plagues:19; Pesach Haggadah, Magid, The Ten Plagues:20"
"pesach-haggadah","Pesach Haggadah","tok-700e45584bc5","וְחֵילוֹ","וחילו","Unresolved","","No lexical entry yet","true","1","Pesach Haggadah, Hallel, Songs of Praise and Thanks:1"
"pesach-haggadah","Pesach Haggadah","tok-f8dc33c0d204","וְחֻקָּתוֹ","וחקתו","Unresolved","","No lexical entry yet","true","1","Pesach Haggadah, Nirtzah, Chasal Siddur Pesach:2"
"pesach-haggadah","Pesach Haggadah","tok-7909a4c35d0d","וְחַרְבּוֹ","וחרבו","Unresolved","","No lexical entry yet","true","1","Pesach Haggadah, Magid, First Fruits Declaration:21"
"pesach-haggadah","Pesach Haggadah","tok-cb64d9b1c67e","וַחֲרוֹן","וחרונ","Unresolved","","No lexical entry yet","true","1","Pesach Haggadah, Barech, Pour Out Thy Wrath:2"
"pesach-haggadah","Pesach Haggadah","tok-de7cf722c840","ויאכל","ויאכל","Unresolved","","No lexical entry yet","true","1","Pesach Haggadah, Motzi Matzah:2"
"pesach-haggadah","Pesach Haggadah","tok-95069a184f97","וַיַּאֲמִינוּ","ויאמינו","Unresolved","","No lexical entry yet","true","1","Pesach Haggadah, Magid, The Ten Plagues:18"
"pesach-haggadah","Pesach Haggadah","tok-3a36fb122d28","וַיֵּאָנְחוּ","ויאנחו","Unresolved","","No lexical entry yet","true","1","Pesach Haggadah, Magid, First Fruits Declaration:12"
"pesach-haggadah","Pesach Haggadah","tok-0b500cb4484c","וַיֹּאפוּ","ויאפו","Unresolved","","No lexical entry yet","true","1","Pesach Haggadah, Magid, Rabban Gamliel's Three Things:4"
"pesach-haggadah","Pesach Haggadah","tok-51971d1e429d","וַיָּאֶר","ויאר","Unresolved","","No lexical entry yet","true","2","Pesach Haggadah, Hallel, Second Half of Hallel:9"
"pesach-haggadah","Pesach Haggadah","tok-e1829fe66e4e","וַיִּבֶן","ויבנ","Unresolved","","No lexical entry yet","true","1","Pesach Haggadah, Magid, First Fruits Declaration:8"
"pesach-haggadah","Pesach Haggadah","tok-79db8fb2ab94","ויברך","ויברכ","Unresolved","","No lexical entry yet","true","1","Pesach Haggadah, Motzi Matzah:2"
"pesach-haggadah","Pesach Haggadah","tok-cfa2d1e471b0","וַיְבָרֶךְ","ויברכ","Unresolved","","No lexical entry yet","true","1","Pesach Haggadah, Kadesh:4"
"pesach-haggadah","Pesach Haggadah","tok-08b16bbc980d","וִיבָרְכוּ","ויברכו","Unresolved","","No lexical entry yet","true","2","Pesach Haggadah, Hallel, Second Half of Hallel:10; Pesach Haggadah, Hallel, Songs of Praise and Thanks:4"
"pesach-haggadah","Pesach Haggadah","tok-8975457a18fc","וִיבַשֶּׂר","ויבשר","Unresolved","","No lexical entry yet","true","1","Pesach Haggadah, Barech, Birkat Hamazon:23"
"pesach-haggadah","Pesach Haggadah","tok-a8d0e8bf0a54","וְיַגִּיעַ","ויגיע","Unresolved","","No lexical entry yet","true","1","Pesach Haggadah, Barech, Birkat Hamazon:21"
"pesach-haggadah","Pesach Haggadah","tok-f8ba5b25b0ed","וַיָּגָר","ויגר","Unresolved","","No lexical entry yet","true","2","Pesach Haggadah, Magid, First Fruits Declaration:2; Pesach Haggadah, Magid, First Fruits Declaration:3"
"pesach-haggadah","Pesach Haggadah","tok-f94cd1d418f0","וַיְהִי־בֹקֶר","ויהי־בקר","Unresolved","","No lexical entry yet","true","1","Pesach Haggadah, Kadesh:4"
"pesach-haggadah","Pesach Haggadah","tok-c3c539636254","וַיְהִי־לִי","ויהי־לי","Unresolved","","No lexical entry yet","true","1","Pesach Haggadah, Hallel, Second Half of Hallel:6"
"pesach-haggadah","Pesach Haggadah","tok-db29fea55560","וַיְהִי־עֶרֶב","ויהי־ערב","Unresolved","","No lexical entry yet","true","1","Pesach Haggadah, Kadesh:4"
"pesach-haggadah","Pesach Haggadah","tok-ad9d3b7b32ff","וַיְהִי־שָׁם","ויהי־שמ","Unresolved","","No lexical entry yet","true","1","Pesach Haggadah, Magid, First Fruits Declaration:2"
"pesach-haggadah","Pesach Haggadah","tok-31e624188550","וַיַּהֲרֹג","ויהרג","Unresolved","","No lexical entry yet","true","1","Pesach Haggadah, Hallel, Songs of Praise and Thanks:1"
"pesach-haggadah","Pesach Haggadah","tok-0a41bd16da1b","וַיּוּכַל","ויוכל","Unresolved","","No lexical entry yet","true","1","Pesach Haggadah, Nirtzah, And It Happened at Midnight:6"
"pesach-haggadah","Pesach Haggadah","tok-9e36ca2765d8","וַיּוֹצִיאֵנוּ","ויוציאנו","Unresolved","","No lexical entry yet","true","1","Pesach Haggadah, Magid, We Were Slaves in Egypt:2"
"pesach-haggadah","Pesach Haggadah","tok-e84cf90f1a30","וְיִזָּכֵר","ויזכר","Unresolved","","No lexical entry yet","true","1","Pesach Haggadah, Barech, Birkat Hamazon:21"
"pesach-haggadah","Pesach Haggadah","tok-5f97933f03b7","וַיִּזְכֹּר","ויזכר","Unresolved","","No lexical entry yet","true","1","Pesach Haggadah, Magid, First Fruits Declaration:13"
"pesach-haggadah","Pesach Haggadah","tok-9cdff5f71ca1","וַיִּזְעָקוּ","ויזעקו","Unresolved","","No lexical entry yet","true","1","Pesach Haggadah, Magid, First Fruits Declaration:12"
"pesach-haggadah","Pesach Haggadah","tok-076976abc87e","ויטבלם","ויטבלמ","Unresolved","","No lexical entry yet","true","1","Pesach Haggadah, Motzi Matzah:2"
"pesach-haggadah","Pesach Haggadah","tok-51027fbb472d","וַייָ","ויי","Unresolved","","No lexical entry yet","true","2","Pesach Haggadah, Hallel, Second Half of Hallel:6; Pesach Haggadah, Hallel, Songs of Praise and Thanks:2"
"pesach-haggadah","Pesach Haggadah","tok-efb4de08c8a8","וְיֵיכֹל","וייכל","Unresolved","","No lexical entry yet","true","1","Pesach Haggadah, Magid, Ha Lachma Anya:3"
"pesach-haggadah","Pesach Haggadah","tok-f7fd20ca96c3","וַיְכַל","ויכל","Unresolved","","No lexical entry yet","true","1","Pesach Haggadah, Kadesh:4"
"pesach-haggadah","Pesach Haggadah","tok-2d0f03f27173","וַיְכֻלּוּ","ויכלו","Unresolved","","No lexical entry yet","true","1","Pesach Haggadah, Kadesh:4"
"pesach-haggadah","Pesach Haggadah","tok-97b3df271d9f","וְיַמְלִיכוּ","וימליכו","Unresolved","","No lexical entry yet","true","2","Pesach Haggadah, Hallel, Second Half of Hallel:10; Pesach Haggadah, Hallel, Songs of Praise and Thanks:4"
"pesach-haggadah","Pesach Haggadah","tok-c33350d3a3cc","וַיְמָרְרוּ","וימררו","Unresolved","","No lexical entry yet","true","1","Pesach Haggadah, Magid, Rabban Gamliel's Three Things:6"
"pesach-haggadah","Pesach Haggadah","tok-79bf58b170b4","וַיָּמָת","וימת","Unresolved","","No lexical entry yet","true","1","Pesach Haggadah, Magid, First Fruits Declaration:12"
"pesach-haggadah","Pesach Haggadah","tok-33e41a1e34dd","וַיָּנֹס","וינס","Unresolved","","No lexical entry yet","true","1","Pesach Haggadah, Magid, First Half of Hallel:4"
"pesach-haggadah","Pesach Haggadah","tok-d4a5f85cd07f","וַיַּעֲבִדוּ","ויעבדו","Unresolved","","No lexical entry yet","true","1","Pesach Haggadah, Magid, First Fruits Declaration:9"
"pesach-haggadah","Pesach Haggadah","tok-4e035e93714b","וַיַּעַבְדוּ","ויעבדו","Unresolved","","No lexical entry yet","true","1","Pesach Haggadah, Magid, In the Beginning Our Fathers Were Idol Worshipers:1"
"pesach-haggadah","Pesach Haggadah","tok-2b7d9c2007fb","וַיְעַנּוּנוּ","ויענונו","Unresolved","","No lexical entry yet","true","2","Pesach Haggadah, Magid, First Fruits Declaration:7; Pesach Haggadah, Magid, First Fruits Declaration:8"
"pesach-haggadah","Pesach Haggadah","tok-00c6027a8e25","וַיַּעַצְמוּ","ויעצמו","Unresolved","","No lexical entry yet","true","1","Pesach Haggadah, Magid, First Fruits Declaration:5"
"pesach-haggadah","Pesach Haggadah","tok-ea3ed3a39ed9","וְיַעֲרִיצוּ","ויעריצו","Unresolved","","No lexical entry yet","true","2","Pesach Haggadah, Hallel, Second Half of Hallel:10; Pesach Haggadah, Hallel, Songs of Praise and Thanks:4"
"pesach-haggadah","Pesach Haggadah","tok-1e100f86ce42","וִיפָאֲרוּ","ויפארו","Unresolved","","No lexical entry yet","true","2","Pesach Haggadah, Hallel, Second Half of Hallel:10; Pesach Haggadah, Hallel, Songs of Praise and Thanks:4"
"pesach-haggadah","Pesach Haggadah","tok-6ec3087de8c5","וְיִפְסַח","ויפסח","Unresolved","","No lexical entry yet","true","1","Pesach Haggadah, Magid, Ha Lachma Anya:3"
"pesach-haggadah","Pesach Haggadah","tok-8c078626b6d6","וַיִפְרְקֵנוּ","ויפרקנו","Unresolved","","No lexical entry yet","true","1","Pesach Haggadah, Hallel, Songs of Praise and Thanks:1"
"pesach-haggadah","Pesach Haggadah","tok-ead3824a47a4","וַיִּקֹּד","ויקד","Unresolved","","No lexical entry yet","true","1","Pesach Haggadah, Magid, Rabban Gamliel's Three Things:2"
"pesach-haggadah","Pesach Haggadah","tok-70665647cebf","וְיַקְדִּישׁוּ","ויקדישו","Unresolved","","No lexical entry yet","true","2","Pesach Haggadah, Hallel, Second Half of Hallel:10; Pesach Haggadah, Hallel, Songs of Praise and Thanks:4"
"pesach-haggadah","Pesach Haggadah","tok-32e97fe42a34","וַיְקַדֵּשׁ","ויקדש","Unresolved","","No lexical entry yet","true","1","Pesach Haggadah, Kadesh:4"
"pesach-haggadah","Pesach Haggadah","tok-4996222d3d22","וַיַּרְא","וירא","Unresolved","","No lexical entry yet","true","4","Pesach Haggadah, Magid, First Fruits Declaration:11; Pesach Haggadah, Magid, First Fruits Declaration:14; Pesach Haggadah, Magid, The Ten Plagues:18"
"pesach-haggadah","Pesach Haggadah","tok-17d03659b2b5","וַיֵּרֶד","וירד","Unresolved","","No lexical entry yet","true","2","Pesach Haggadah, Magid, First Fruits Declaration:2; Pesach Haggadah, Magid, First Fruits Declaration:3"
"pesach-haggadah","Pesach Haggadah","tok-729e4a017dbc","וִירוֹמְמוּ","וירוממו","Unresolved","","No lexical entry yet","true","2","Pesach Haggadah, Hallel, Second Half of Hallel:10; Pesach Haggadah, Hallel, Songs of Praise and Thanks:4"
"pesach-haggadah","Pesach Haggadah","tok-ab0598a4ccea","וַיָּרֵעוּ","וירעו","Unresolved","","No lexical entry yet","true","2","Pesach Haggadah, Magid, First Fruits Declaration:7"
"pesach-haggadah","Pesach Haggadah","tok-ad67f300d144","וְיֵרָצֶה","וירצה","Unresolved","","No lexical entry yet","true","1","Pesach Haggadah, Barech, Birkat Hamazon:21"
"pesach-haggadah","Pesach Haggadah","tok-266d59eec5bc","וִישַׁבְּחוּ","וישבחו","Unresolved","","No lexical entry yet","true","2","Pesach Haggadah, Hallel, Second Half of Hallel:10; Pesach Haggadah, Hallel, Songs of Praise and Thanks:4"
"pesach-haggadah","Pesach Haggadah","tok-bb19d6a99448","וַיִּשְׁבֹּת","וישבת","Unresolved","","No lexical entry yet","true","1","Pesach Haggadah, Kadesh:4"
"pesach-haggadah","Pesach Haggadah","tok-feb0cffe70ac","וַיָּשִׂימוּ","וישימו","Unresolved","","No lexical entry yet","true","1","Pesach Haggadah, Magid, First Fruits Declaration:8"
"pesach-haggadah","Pesach Haggadah","tok-db7b19466532","וְיִשָּׁמַע","וישמע","Unresolved","","No lexical entry yet","true","1","Pesach Haggadah, Barech, Birkat Hamazon:21"
"pesach-haggadah","Pesach Haggadah","tok-730b2b79e759","וַיִּשְׁמַע","וישמע","Unresolved","","No lexical entry yet","true","3","Pesach Haggadah, Magid, First Fruits Declaration:11; Pesach Haggadah, Magid, First Fruits Declaration:13"
"pesach-haggadah","Pesach Haggadah","tok-0dcd78536d6b","וַיִּשְׁרְצוּ","וישרצו","Unresolved","","No lexical entry yet","true","1","Pesach Haggadah, Magid, First Fruits Declaration:5"
"pesach-haggadah","Pesach Haggadah","tok-99c26c218c23","וְיִתְהַדַּר","ויתהדר","Unresolved","","No lexical entry yet","true","1","Pesach Haggadah, Barech, Birkat Hamazon:23"
"pesach-haggadah","Pesach Haggadah","tok-5029177c56f3","וַיִתְּנוּ","ויתנו","Unresolved","","No lexical entry yet","true","2","Pesach Haggadah, Magid, First Fruits Declaration:7; Pesach Haggadah, Magid, First Fruits Declaration:9"
"pesach-haggadah","Pesach Haggadah","tok-1b00e19db7de","וְיִתְפָּאַר","ויתפאר","Unresolved","","No lexical entry yet","true","1","Pesach Haggadah, Barech, Birkat Hamazon:23"
"pesach-haggadah","Pesach Haggadah","tok-c7e9fcf368d1","וְכוֹכָבִים","וכוכבימ","Unresolved","","No lexical entry yet","true","1","Pesach Haggadah, Hallel, Songs of Praise and Thanks:1"
"pesach-haggadah","Pesach Haggadah","tok-2cffbfa30d75","וְכַיָּרֵחַ","וכירח","Unresolved","","No lexical entry yet","true","1","Pesach Haggadah, Hallel, Songs of Praise and Thanks:3"
"pesach-haggadah","Pesach Haggadah","tok-8f867ef750c0","וְכָל־הַבַּת","וכל־הבת","Unresolved","","No lexical entry yet","true","1","Pesach Haggadah, Magid, First Fruits Declaration:15"
"pesach-haggadah","Pesach Haggadah","tok-3ea2a28431de","וְכָל־צְבָאָם","וכל־צבאמ","Unresolved","","No lexical entry yet","true","1","Pesach Haggadah, Kadesh:4"
"pesach-haggadah","Pesach Haggadah","tok-bc4c3fc80fa1","וְכָל־קְרָבַי","וכל־קרבי","Unresolved","","No lexical entry yet","true","1","Pesach Haggadah, Hallel, Songs of Praise and Thanks:4"
"pesach-haggadah","Pesach Haggadah","tok-1b08e49f3975","וּכְלָיּוֹת","וכליות","Unresolved","","No lexical entry yet","true","1","Pesach Haggadah, Hallel, Songs of Praise and Thanks:4"
"pesach-haggadah","Pesach Haggadah","tok-beebf03043e6","וְכַלְכְּלֵנוּ","וכלכלנו","Unresolved","","No lexical entry yet","true","1","Pesach Haggadah, Barech, Birkat Hamazon:18"
"pesach-haggadah","Pesach Haggadah","tok-0e1796807a3b","וְכָתַב","וכתב","Unresolved","","No lexical entry yet","true","1","Pesach Haggadah, Nirtzah, And It Happened at Midnight:9"
"pesach-haggadah","Pesach Haggadah","tok-433ff161a213","וְכָתוּב","וכתוב","Unresolved","","No lexical entry yet","true","1","Pesach Haggadah, Hallel, Songs of Praise and Thanks:4"
"pesach-haggadah","Pesach Haggadah","tok-7308afa40f9f","וְל","ול","Unresolved","","No lexical entry yet","true","1","Pesach Haggadah, Nirtzah, Zevach Pesach:4"
"pesach-haggadah","Pesach Haggadah","tok-5b57b78c5993","וְלֹא־לוֹ","ולא־לו","Unresolved","","No lexical entry yet","true","1","Pesach Haggadah, Magid, The Four Sons:3"
"pesach-haggadah","Pesach Haggadah","tok-9acff93365ab","וְלָבָן","ולבנ","Unresolved","","No lexical entry yet","true","1","Pesach Haggadah, Magid, First Fruits Declaration:2"
"pesach-haggadah","Pesach Haggadah","tok-7a99ce21fcdb","וְלוּד","ולוד","Unresolved","","No lexical entry yet","true","1","Pesach Haggadah, Nirtzah, Zevach Pesach:6"
"pesach-haggadah","Pesach Haggadah","tok-92441679cfe5","וּלְזַרְעוֹ","ולזרעו","Unresolved","","No lexical entry yet","true","1","Pesach Haggadah, Barech, Birkat Hamazon:23"
"pesach-haggadah","Pesach Haggadah","tok-cadb4e5abadd","וּלְחַיֵּי","ולחיי","Unresolved","","No lexical entry yet","true","1","Pesach Haggadah, Barech, Birkat Hamazon:23"
"pesach-haggadah","Pesach Haggadah","tok-89b39f786aa1","וּלְךָ","ולכ","Unresolved","","No lexical entry yet","true","8","Pesach Haggadah, Nirtzah, Ki Lo Na'e:2; Pesach Haggadah, Nirtzah, Ki Lo Na'e:3; Pesach Haggadah, Nirtzah, Ki Lo Na'e:4; Pesach Haggadah, Nirtzah, Ki Lo Na'e:5; Pesach Haggadah, Nirtzah, Ki Lo Na'e:6"
"pesach-haggadah","Pesach Haggadah","tok-957d34023a21","וּלְמַד","ולמד","Unresolved","","No lexical entry yet","true","1","Pesach Haggadah, Magid, First Fruits Declaration:2"
"pesach-haggadah","Pesach Haggadah","tok-6739353e6dde","וְלַמָּוֶת","ולמות","Unresolved","","No lexical entry yet","true","1","Pesach Haggadah, Hallel, Second Half of Hallel:6"
"pesach-haggadah","Pesach Haggadah","tok-414ee5895c8f","וְלָנוּ","ולנו","Unresolved","","No lexical entry yet","true","2","Pesach Haggadah, Magid, In the Beginning Our Fathers Were Idol Worshipers:5; Pesach Haggadah, Magid, First Half of Hallel:2"
"pesach-haggadah","Pesach Haggadah","tok-8312b9951b81","וּלְעוֹג","ולעוג","Unresolved","","No lexical entry yet","true","1","Pesach Haggadah, Hallel, Songs of Praise and Thanks:1"
"pesach-haggadah","Pesach Haggadah","tok-bdf09127d170","וּלְעוֹלְמֵי","ולעולמי","Unresolved","","No lexical entry yet","true","1","Pesach Haggadah, Barech, Birkat Hamazon:23"
"pesach-haggadah","Pesach Haggadah","tok-a93984cb0a74","וּלְקַלֵּס","ולקלס","Unresolved","","No lexical entry yet","true","2","Pesach Haggadah, Magid, First Half of Hallel:2; Pesach Haggadah, Hallel, Songs of Praise and Thanks:5"
"pesach-haggadah","Pesach Haggadah","tok-3d3898c4830f","וְלִרְגָלִים","ולרגלימ","Unresolved","","No lexical entry yet","true","1","Pesach Haggadah, Magid, Second Cup of Wine:2"
"pesach-haggadah","Pesach Haggadah","tok-20c3b06d2421","וּלְרֶוַח","ולרוח","Unresolved","","No lexical entry yet","true","1","Pesach Haggadah, Barech, Birkat Hamazon:22"
"pesach-haggadah","Pesach Haggadah","tok-05eaab50d547","וּלְרַחֲמִים","ולרחמימ","Unresolved","","No lexical entry yet","true","2","Pesach Haggadah, Barech, Birkat Hamazon:21; Pesach Haggadah, Barech, Birkat Hamazon:22"
"pesach-haggadah","Pesach Haggadah","tok-9219ff57902a","וְלִשְׂבֹּעַ","ולשבע","Unresolved","","No lexical entry yet","true","1","Pesach Haggadah, Hallel, Fourth Cup of Wine:3"
"pesach-haggadah","Pesach Haggadah","tok-658463593486","וּלְשִׁמְךָ","ולשמכ","Unresolved","","No lexical entry yet","true","1","Pesach Haggadah, Hallel, Second Half of Hallel:10"
"pesach-haggadah","Pesach Haggadah","tok-583b055961e0","וּמֵאֵבֶל","ומאבל","Unresolved","","No lexical entry yet","true","1","Pesach Haggadah, Magid, First Half of Hallel:2"
"pesach-haggadah","Pesach Haggadah","tok-7619f841efa8","וּמֵאֲפֵלָה","ומאפלה","Unresolved","","No lexical entry yet","true","1","Pesach Haggadah, Magid, First Half of Hallel:2"
"pesach-haggadah","Pesach Haggadah","tok-d7d00d8a6ae1","וּמָאתַיִם","ומאתימ","Unresolved","","No lexical entry yet","true","1","Pesach Haggadah, Magid, The Ten Plagues:20"
"pesach-haggadah","Pesach Haggadah","tok-cbd084aab92d","וּמִבֵּית","ומבית","Unresolved","","No lexical entry yet","true","1","Pesach Haggadah, Hallel, Songs of Praise and Thanks:3"
"pesach-haggadah","Pesach Haggadah","tok-3012e8c3ac7c","וּמִבַּלְעָדֶיךָ","ומבלעדיכ","Unresolved","","No lexical entry yet","true","1","Pesach Haggadah, Hallel, Songs of Praise and Thanks:2"
"pesach-haggadah","Pesach Haggadah","tok-f6566c18e27a","ומברכים","ומברכימ","Unresolved","","No lexical entry yet","true","1","Pesach Haggadah, Rachtzah:2"
"pesach-haggadah","Pesach Haggadah","tok-2dee6bf335d0","ומבָרכים","ומברכימ","Unresolved","","No lexical entry yet","true","1","Pesach Haggadah, Barech, Birkat Hamazon:2"
"pesach-haggadah","Pesach Haggadah","tok-ac9b5c39b5e7","וּמְבָרְכִים","ומברכימ","Unresolved","","No lexical entry yet","true","1","Pesach Haggadah, Barech, Birkat Hamazon:17"
"pesach-haggadah","Pesach Haggadah","tok-1f65efa0a519","ומגביה","ומגביה","Unresolved","","No lexical entry yet","true","1","Pesach Haggadah, Magid, In the Beginning Our Fathers Were Idol Worshipers:4"
"pesach-haggadah","Pesach Haggadah","tok-52985dee49e3","וּמָגִנָּם","ומגנמ","Unresolved","","No lexical entry yet","true","3","Pesach Haggadah, Hallel, Second Half of Hallel:2"
"pesach-haggadah","Pesach Haggadah","tok-5332bce59edc","וּמוֹעֲדֵי","ומועדי","Unresolved","","No lexical entry yet","true","1","Pesach Haggadah, Kadesh:7"
"pesach-haggadah","Pesach Haggadah","tok-493d4d5e354e","וּמוֹשִיעַ","ומושיע","Unresolved","","No lexical entry yet","true","1","Pesach Haggadah, Hallel, Songs of Praise and Thanks:2"
"pesach-haggadah","Pesach Haggadah","tok-bcd420657e8c","וּמֵחֳלָיִם","ומחלימ","Unresolved","","No lexical entry yet","true","1","Pesach Haggadah, Hallel, Songs of Praise and Thanks:3"
"pesach-haggadah","Pesach Haggadah","tok-cd0814a69d25","ומכווין","ומכווינ","Unresolved","","No lexical entry yet","true","1","Pesach Haggadah, Karpas:2"
"pesach-haggadah","Pesach Haggadah","tok-2d64eb810dea","וּמְכֻפֶּלֶת","ומכפלת","Unresolved","","No lexical entry yet","true","1","Pesach Haggadah, Magid, Dayenu:16"
"pesach-haggadah","Pesach Haggadah","tok-d6f3c9bc8f28","וּמְפַרְנֵס","ומפרנס","Unresolved","","No lexical entry yet","true","3","Pesach Haggadah, Barech, Birkat Hamazon:15; Pesach Haggadah, Barech, Birkat Hamazon:16; Pesach Haggadah, Hallel, Songs of Praise and Thanks:2"
"pesach-haggadah","Pesach Haggadah","tok-737b2837aa5e","וּמַצָּבוֹ","ומצבו","Unresolved","","No lexical entry yet","true","1","Pesach Haggadah, Nirtzah, And It Happened at Midnight:8"
"pesach-haggadah","Pesach Haggadah","tok-d82ab32a10d5","וּמַצָּה","ומצה","Unresolved","","No lexical entry yet","true","1","Pesach Haggadah, Magid, Four Questions:2"
"pesach-haggadah","Pesach Haggadah","tok-188c251bac8a","וּמַצִּיל","ומציל","Unresolved","","No lexical entry yet","true","1","Pesach Haggadah, Hallel, Songs of Praise and Thanks:2"
"pesach-haggadah","Pesach Haggadah","tok-eba8ca310db2","ומצפין","ומצפינ","Unresolved","","No lexical entry yet","true","1","Pesach Haggadah, Yachatz:2"
"pesach-haggadah","Pesach Haggadah","tok-a6a9fcbc65bc","וּמְצָרֵי","ומצרי","Unresolved","","No lexical entry yet","true","1","Pesach Haggadah, Hallel, Second Half of Hallel:3"
"pesach-haggadah","Pesach Haggadah","tok-139ccfc1b586","וּמְר","ומר","Unresolved","","No lexical entry yet","true","1","Pesach Haggadah, Korech:4"
"pesach-haggadah","Pesach Haggadah","tok-8a17c25016f1","וּמָרוֹר","ומרור","Unresolved","","No lexical entry yet","true","4","Pesach Haggadah, Magid, Yechol Me'rosh Chodesh:1; Pesach Haggadah, Magid, Rabban Gamliel's Three Things:1; Pesach Haggadah, Magid, Second Cup of Wine:2; Pesach Haggadah, Korech:4"
"pesach-haggadah","Pesach Haggadah","tok-62c4b87ad925","וּמְרַחֵם","ומרחמ","Unresolved","","No lexical entry yet","true","1","Pesach Haggadah, Hallel, Songs of Praise and Thanks:2"
"pesach-haggadah","Pesach Haggadah","tok-84e6ce53dc37","וּמַשְׂבִּיעַ","ומשביע","Unresolved","","No lexical entry yet","true","1","Pesach Haggadah, Barech, Birkat Hamazon:23"
"pesach-haggadah","Pesach Haggadah","tok-e361467e83a6","וּמִשִּׁעְבּוּד","ומשעבוד","Unresolved","","No lexical entry yet","true","1","Pesach Haggadah, Magid, First Half of Hallel:2"
"pesach-haggadah","Pesach Haggadah","tok-9e8d8f83220b","וְנִ","ונ","Unresolved","","No lexical entry yet","true","1","Pesach Haggadah, Hallel, Songs of Praise and Thanks:4"
"pesach-haggadah","Pesach Haggadah","tok-b0a5a8a9f424","וְנָא","ונא","Unresolved","","No lexical entry yet","true","1","Pesach Haggadah, Barech, Birkat Hamazon:18"
"pesach-haggadah","Pesach Haggadah","tok-2891e712f188","וְנֹאכַל","ונאכל","Unresolved","","No lexical entry yet","true","2","Pesach Haggadah, Magid, Second Cup of Wine:2; Pesach Haggadah, Hallel, Fourth Cup of Wine:3"
"pesach-haggadah","Pesach Haggadah","tok-11dac23e08ae","וְנֶאֱמָנִים","ונאמנימ","Unresolved","","No lexical entry yet","true","1","Pesach Haggadah, Hallel, Songs of Praise and Thanks:3"
"pesach-haggadah","Pesach Haggadah","tok-f744f85c1e4c","וְנֹאמַר","ונאמר","Unresolved","","No lexical entry yet","true","2","Pesach Haggadah, Magid, First Half of Hallel:2; Pesach Haggadah, Barech, Birkat Hamazon:23"
"pesach-haggadah","Pesach Haggadah","tok-bb4e2a12a359","וּנְבָרֵךְ","ונברכ","Unresolved","","No lexical entry yet","true","1","Pesach Haggadah, Hallel, Songs of Praise and Thanks:4"
"pesach-haggadah","Pesach Haggadah","tok-55c439192f0d","וּנְבָרֶכְךָ","ונברככ","Unresolved","","No lexical entry yet","true","1","Pesach Haggadah, Hallel, Fourth Cup of Wine:3"
"pesach-haggadah","Pesach Haggadah","tok-bc5cc9721aef","וְנֶהֱנִים","ונהנימ","Unresolved","","No lexical entry yet","true","1","Pesach Haggadah, Barech, Birkat Hamazon:23"
"pesach-haggadah","Pesach Haggadah","tok-1c0c4cdab4a4","וְנוֹדֶה","ונודה","Unresolved","","No lexical entry yet","true","2","Pesach Haggadah, Magid, Second Cup of Wine:2; Pesach Haggadah, Hallel, Fourth Cup of Wine:3"
"pesach-haggadah","Pesach Haggadah","tok-a0eb8e1f91ed","וְנוֹסַף","ונוספ","Unresolved","","No lexical entry yet","true","1","Pesach Haggadah, Magid, First Fruits Declaration:7"
"pesach-haggadah","Pesach Haggadah","tok-cf4383a053f9","וְנוֹף","ונופ","Unresolved","","No lexical entry yet","true","1","Pesach Haggadah, Nirtzah, Zevach Pesach:4"
"pesach-haggadah","Pesach Haggadah","tok-468ac9a0b682","וְנֶחָמוֹת","ונחמות","Unresolved","","No lexical entry yet","true","1","Pesach Haggadah, Barech, Birkat Hamazon:23"
"pesach-haggadah","Pesach Haggadah","tok-8268b07c17ca","וְנִלְחַם־בָּנוּ","ונלחמ־בנו","Unresolved","","No lexical entry yet","true","1","Pesach Haggadah, Magid, First Fruits Declaration:7"
"pesach-haggadah","Pesach Haggadah","tok-188e16a6b2bc","וְנִעֵר","ונער","Unresolved","","No lexical entry yet","true","1","Pesach Haggadah, Hallel, Songs of Praise and Thanks:1"
"pesach-haggadah","Pesach Haggadah","tok-8f2129484302","וּנְפָאֶרְךָ","ונפארכ","Unresolved","","No lexical entry yet","true","1","Pesach Haggadah, Hallel, Songs of Praise and Thanks:4"
"pesach-haggadah","Pesach Haggadah","tok-b070d452d261","וַנִּצְעַק","ונצעק","Unresolved","","No lexical entry yet","true","2","Pesach Haggadah, Magid, First Fruits Declaration:11; Pesach Haggadah, Magid, First Fruits Declaration:12"
"pesach-haggadah","Pesach Haggadah","tok-887f20043dcc","וּנְשַׁבֵּחֲךָ","ונשבחכ","Unresolved","","No lexical entry yet","true","1","Pesach Haggadah, Hallel, Songs of Praise and Thanks:4"
"pesach-haggadah","Pesach Haggadah","tok-f75fbf5bf5be","וְנִשְׂבַּע","ונשבע","Unresolved","","No lexical entry yet","true","1","Pesach Haggadah, Hallel, Fourth Cup of Wine:3"
"pesach-haggadah","Pesach Haggadah","tok-5c522984af5f","וְנָשַׁךְ","ונשכ","Unresolved","","No lexical entry yet","true","1","Pesach Haggadah, Nirtzah, Chad Gadya:3"
"pesach-haggadah","Pesach Haggadah","tok-a2f647efd0b4","וְנִשְׂמְחָה","ונשמחה","Unresolved","","No lexical entry yet","true","2","Pesach Haggadah, Hallel, Second Half of Hallel:7"
"pesach-haggadah","Pesach Haggadah","tok-0236f0df816d","וְסִפֵּק","וספק","Unresolved","","No lexical entry yet","true","1","Pesach Haggadah, Magid, Dayenu:16"
"pesach-haggadah","Pesach Haggadah","tok-f7889f34f8fb","וַעֲבָדוּם","ועבדומ","Unresolved","","No lexical entry yet","true","1","Pesach Haggadah, Magid, In the Beginning Our Fathers Were Idol Worshipers:3"
"pesach-haggadah","Pesach Haggadah","tok-46889b6d30fd","וְעָבַרְתִּי","ועברתי","Unresolved","","No lexical entry yet","true","2","Pesach Haggadah, Magid, First Fruits Declaration:18; Pesach Haggadah, Magid, First Fruits Declaration:19"
"pesach-haggadah","Pesach Haggadah","tok-4f6853437814","וְעַד־בְּהֵמָה","ועד־בהמה","Unresolved","","No lexical entry yet","true","1","Pesach Haggadah, Magid, First Fruits Declaration:18"
"pesach-haggadah","Pesach Haggadah","tok-c90a84ef8fcb","וְעַד־עוֹלָם","ועד־עולמ","Unresolved","","No lexical entry yet","true","3","Pesach Haggadah, Magid, First Half of Hallel:3; Pesach Haggadah, Barech, Birkat Hamazon:7; Pesach Haggadah, Hallel, Second Half of Hallel:2"
"pesach-haggadah","Pesach Haggadah","tok-102a964c652e","וְעַטְרוֹתֵיהֶם","ועטרותיהמ","Unresolved","","No lexical entry yet","true","1","Pesach Haggadah, Barech, Birkat Hamazon:23"
"pesach-haggadah","Pesach Haggadah","tok-3eb9a7bf77fc","וְעַכְשָׁיו","ועכשיו","Unresolved","","No lexical entry yet","true","1","Pesach Haggadah, Magid, In the Beginning Our Fathers Were Idol Worshipers:1"
"pesach-haggadah","Pesach Haggadah","tok-cb1b00738a8b","וְעַל־מַמְלָכוֹת","ועל־ממלכות","Unresolved","","No lexical entry yet","true","1","Pesach Haggadah, Barech, Pour Out Thy Wrath:2"
"pesach-haggadah","Pesach Haggadah","tok-ddbe2880d15d","וְעָלֵינוּ","ועלינו","Unresolved","","No lexical entry yet","true","1","Pesach Haggadah, Barech, Birkat Hamazon:23"
"pesach-haggadah","Pesach Haggadah","tok-a020ac245bda","וְעִמָּנוּ","ועמנו","Unresolved","","No lexical entry yet","true","1","Pesach Haggadah, Hallel, Songs of Praise and Thanks:3"
"pesach-haggadah","Pesach Haggadah","tok-e5b247bc869f","וְעִנּוּ","וענו","Unresolved","","No lexical entry yet","true","1","Pesach Haggadah, Magid, In the Beginning Our Fathers Were Idol Worshipers:3"
"pesach-haggadah","Pesach Haggadah","tok-302a3e967379","וְעָנִי","ועני","Unresolved","","No lexical entry yet","true","1","Pesach Haggadah, Hallel, Songs of Praise and Thanks:4"
"pesach-haggadah","Pesach Haggadah","tok-dcd457c96a1a","וְעֶרְיָה","ועריה","Unresolved","","No lexical entry yet","true","1","Pesach Haggadah, Magid, First Fruits Declaration:6"
"pesach-haggadah","Pesach Haggadah","tok-2433a735c0e9","וְעָשָׂה","ועשה","Unresolved","","No lexical entry yet","true","2","Pesach Haggadah, Magid, Dayenu:16"
"pesach-haggadah","Pesach Haggadah","tok-ce767b1a7935","וְעֹשֶׂה","ועשה","Unresolved","","No lexical entry yet","true","1","Pesach Haggadah, Barech, Birkat Hamazon:23"
"pesach-haggadah","Pesach Haggadah","tok-83e3b8f7cdf8","וּפְדִיתָנוּ","ופדיתנו","Unresolved","","No lexical entry yet","true","1","Pesach Haggadah, Barech, Birkat Hamazon:16"
"pesach-haggadah","Pesach Haggadah","tok-896140e69fee","וּפִקְדּוֹנֵנוּ","ופקדוננו","Unresolved","","No lexical entry yet","true","1","Pesach Haggadah, Barech, Birkat Hamazon:21"
"pesach-haggadah","Pesach Haggadah","tok-13c06f2b0bbc","וּפָקְדֵנוּ","ופקדנו","Unresolved","","No lexical entry yet","true","1","Pesach Haggadah, Barech, Birkat Hamazon:21"
"pesach-haggadah","Pesach Haggadah","tok-9d2a46e0c807","וְצִוָּנוּ","וצונו","Unresolved","","No lexical entry yet","true","4","Pesach Haggadah, Rachtzah:3; Pesach Haggadah, Motzi Matzah:4; Pesach Haggadah, Maror:3; Pesach Haggadah, Nirtzah, Sefirat HaOmer:2"
"pesach-haggadah","Pesach Haggadah","tok-9bd4caf9a172","וְצוּקָה","וצוקה","Unresolved","","No lexical entry yet","true","1","Pesach Haggadah, Hallel, Songs of Praise and Thanks:2"
"pesach-haggadah","Pesach Haggadah","tok-db071a28ae8b","וְקִדְּשָׁנוּ","וקדשנו","Unresolved","","No lexical entry yet","true","1","Pesach Haggadah, Kadesh:7"
"pesach-haggadah","Pesach Haggadah","tok-6f1334be01b7","וְקִדַּשְׁתָּ","וקדשת","Unresolved","","No lexical entry yet","true","1","Pesach Haggadah, Kadesh:10"
"pesach-haggadah","Pesach Haggadah","tok-730944d1e095","וְקִיְּמָנוּ","וקימנו","Unresolved","","No lexical entry yet","true","1","Pesach Haggadah, Kadesh:12"
"pesach-haggadah","Pesach Haggadah","tok-7a8b7d52b66c","וְקֵרְבָנוּ","וקרבנו","Unresolved","","No lexical entry yet","true","1","Pesach Haggadah, Magid, Dayenu:16"
"pesach-haggadah","Pesach Haggadah","tok-16547ae990dd","וְקָרַע","וקרע","Unresolved","","No lexical entry yet","true","1","Pesach Haggadah, Magid, Dayenu:16"
"pesach-haggadah","Pesach Haggadah","tok-bae6a5c097d2","וְרַבּוֹתַי","ורבותי","Unresolved","","No lexical entry yet","true","2","Pesach Haggadah, Kadesh:6; Pesach Haggadah, Barech, Birkat Hamazon:9"
"pesach-haggadah","Pesach Haggadah","tok-a6ca47dee585","וְרַבָּנָן","ורבננ","Unresolved","","No lexical entry yet","true","1","Pesach Haggadah, Kadesh:6"
"pesach-haggadah","Pesach Haggadah","tok-81e4a466c95e","וְרַבָּנָן","ורבננ","Unresolved","","No lexical entry yet","true","1","Pesach Haggadah, Barech, Birkat Hamazon:9"
"pesach-haggadah","Pesach Haggadah","tok-6914f4df0414","וְרוּחַ","ורוח","Unresolved","","No lexical entry yet","true","2","Pesach Haggadah, Hallel, Songs of Praise and Thanks:2; Pesach Haggadah, Hallel, Songs of Praise and Thanks:4"
"pesach-haggadah","Pesach Haggadah","tok-44d6fb1e7bef","וְרוֹמְמָנוּ","ורוממנו","Unresolved","","No lexical entry yet","true","1","Pesach Haggadah, Kadesh:7"
"pesach-haggadah","Pesach Haggadah","tok-25cb2d756fb5","וְרַחוּם","ורחומ","Unresolved","","No lexical entry yet","true","1","Pesach Haggadah, Barech, Birkat Hamazon:21"
"pesach-haggadah","Pesach Haggadah","tok-4596b0568338","וְרַחֵם","ורחמ","Unresolved","","No lexical entry yet","true","1","Pesach Haggadah, Barech, Birkat Hamazon:21"
"pesach-haggadah","Pesach Haggadah","tok-fba13c810985","וּרְחַץ","ורחצ","Unresolved","","No lexical entry yet","true","1","Pesach Haggadah, Urchatz:1"
"pesach-haggadah","Pesach Haggadah","tok-d9fd82dc2d07","וְרָעֵבוּ","ורעבו","Unresolved","","No lexical entry yet","true","1","Pesach Haggadah, Barech, Birkat Hamazon:23"
"pesach-haggadah","Pesach Haggadah","tok-8d606dd187f2","וּרְצֵה","ורצה","Unresolved","","No lexical entry yet","true","1","Pesach Haggadah, Hallel, Fourth Cup of Wine:3"
"pesach-haggadah","Pesach Haggadah","tok-992d085f10d9","וְשֶׁאֵינוֹ","ושאינו","Unresolved","","No lexical entry yet","true","1","Pesach Haggadah, Magid, The Four Sons:5"
"pesach-haggadah","Pesach Haggadah","tok-c769f0d732aa","וּשְׁבָחָה","ושבחה","Unresolved","","No lexical entry yet","true","1","Pesach Haggadah, Hallel, Songs of Praise and Thanks:6"
"pesach-haggadah","Pesach Haggadah","tok-f11dadfaf22d","וְשָׂבַעְתָּ","ושבעת","Unresolved","","No lexical entry yet","true","1","Pesach Haggadah, Barech, Birkat Hamazon:17"
"pesach-haggadah","Pesach Haggadah","tok-9499120efcde","וְשַׁבָּת","ושבת","Unresolved","","No lexical entry yet","true","1","Pesach Haggadah, Kadesh:7"
"pesach-haggadah","Pesach Haggadah","tok-0dfc68233676","וְשׁותה","ושותה","Unresolved","","No lexical entry yet","true","1","Pesach Haggadah, Hallel, Fourth Cup of Wine:2"
"pesach-haggadah","Pesach Haggadah","tok-79d885db66e2","ושותים","ושותימ","Unresolved","","No lexical entry yet","true","2","Pesach Haggadah, Shulchan Orech:2; Pesach Haggadah, Barech, Third Cup of Wine:2"
"pesach-haggadah","Pesach Haggadah","tok-dc70ec8f7db4","וְשָׂח","ושח","Unresolved","","No lexical entry yet","true","1","Pesach Haggadah, Nirtzah, And It Happened at Midnight:10"
"pesach-haggadah","Pesach Haggadah","tok-821fd9ca5c80","וְשָׁחַט","ושחט","Unresolved","","No lexical entry yet","true","3","Pesach Haggadah, Nirtzah, Chad Gadya:8; Pesach Haggadah, Nirtzah, Chad Gadya:9; Pesach Haggadah, Nirtzah, Chad Gadya:10"
"pesach-haggadah","Pesach Haggadah","tok-f061a52f75d7","וְשַׂמְּחֵנוּ","ושמחנו","Unresolved","","No lexical entry yet","true","2","Pesach Haggadah, Hallel, Fourth Cup of Wine:3"
"pesach-haggadah","Pesach Haggadah","tok-cbf3663d1635","וּשְׂעָרֵךְ","ושערכ","Unresolved","","No lexical entry yet","true","1","Pesach Haggadah, Magid, First Fruits Declaration:6"
"pesach-haggadah","Pesach Haggadah","tok-d9bad1d9be51","וְשִׂפְתוֹתֵינוּ","ושפתותינו","Unresolved","","No lexical entry yet","true","1","Pesach Haggadah, Hallel, Songs of Praise and Thanks:3"
"pesach-haggadah","Pesach Haggadah","tok-1ce2b232335c","וְשִׁקַּע","ושקע","Unresolved","","No lexical entry yet","true","1","Pesach Haggadah, Magid, Dayenu:16"
"pesach-haggadah","Pesach Haggadah","tok-6d1ca2ff3235","וְשָׂרַף","ושרפ","Unresolved","","No lexical entry yet","true","1","Pesach Haggadah, Nirtzah, Chad Gadya:5"
"pesach-haggadah","Pesach Haggadah","tok-e816270bb325","וְשָׂשִׂים","וששימ","Unresolved","","No lexical entry yet","true","1","Pesach Haggadah, Magid, Second Cup of Wine:2"
"pesach-haggadah","Pesach Haggadah","tok-f3812261f601","וְשָׁתָה","ושתה","Unresolved","","No lexical entry yet","true","1","Pesach Haggadah, Nirtzah, Chad Gadya:7"
"pesach-haggadah","Pesach Haggadah","tok-4604f4238be7","וַתָּבֹאִי","ותבאי","Unresolved","","No lexical entry yet","true","1","Pesach Haggadah, Magid, First Fruits Declaration:6"
"pesach-haggadah","Pesach Haggadah","tok-005ab9d6f7f5","וַתִּגְדְּלִי","ותגדלי","Unresolved","","No lexical entry yet","true","1","Pesach Haggadah, Magid, First Fruits Declaration:6"
"pesach-haggadah","Pesach Haggadah","tok-cc6de825a2ce","וַתְּהִי־לִי","ותהי־לי","Unresolved","","No lexical entry yet","true","2","Pesach Haggadah, Hallel, Second Half of Hallel:7"
"pesach-haggadah","Pesach Haggadah","tok-a410603fdd28","ותימרות","ותימרות","Unresolved","","No lexical entry yet","true","1","Pesach Haggadah, Magid, The Ten Plagues:1"
"pesach-haggadah","Pesach Haggadah","tok-f0f3e481a398","וְתִימְרוֹת","ותימרות","Unresolved","","No lexical entry yet","true","1","Pesach Haggadah, Magid, The Ten Plagues:2"
"pesach-haggadah","Pesach Haggadah","tok-62c7aa74cf18","וָתִיק","ותיק","Unresolved","","No lexical entry yet","true","1","Pesach Haggadah, Nirtzah, Adir Hu:3"
"pesach-haggadah","Pesach Haggadah","tok-e33a53ede610","וָתִיקָיו","ותיקיו","Unresolved","","No lexical entry yet","true","1","Pesach Haggadah, Nirtzah, Ki Lo Na'e:3"
"pesach-haggadah","Pesach Haggadah","tok-965f591a6f38","וַתַּעַל","ותעל","Unresolved","","No lexical entry yet","true","1","Pesach Haggadah, Magid, First Fruits Declaration:12"
"pesach-haggadah","Pesach Haggadah","tok-1f21eff07b0f","וַתִּרְבִּי","ותרבי","Unresolved","","No lexical entry yet","true","1","Pesach Haggadah, Magid, First Fruits Declaration:6"
"pesach-haggadah","Pesach Haggadah","tok-2eedc5a3a7e2","וּתְרוֹמֵם","ותרוממ","Unresolved","","No lexical entry yet","true","1","Pesach Haggadah, Hallel, Songs of Praise and Thanks:2"
"pesach-haggadah","Pesach Haggadah","tok-0c4f9de3532f","וְתִשְׁבְּחוֹת","ותשבחות","Unresolved","","No lexical entry yet","true","1","Pesach Haggadah, Hallel, Songs of Praise and Thanks:5"
"pesach-haggadah","Pesach Haggadah","tok-c0a00c8b5213","וְתַשְׁמִידֵם","ותשמידמ","Unresolved","","No lexical entry yet","true","1","Pesach Haggadah, Barech, Pour Out Thy Wrath:2"
"pesach-haggadah","Pesach Haggadah","tok-ac299c43513d","זֶבַח","זבח","Unresolved","","No lexical entry yet","true","9","Pesach Haggadah, Hallel, Second Half of Hallel:4; Pesach Haggadah, Nirtzah, Zevach Pesach:1; Pesach Haggadah, Nirtzah, Zevach Pesach:2; Pesach Haggadah, Nirtzah, Zevach Pesach:3; Pesach Haggadah, Nirtzah, Zevach Pesach:4"
"pesach-haggadah","Pesach Haggadah","tok-b6f15f92d922","זֶבַח־פֶּסַח","זבח־פסח","Unresolved","","No lexical entry yet","true","1","Pesach Haggadah, Magid, Rabban Gamliel's Three Things:2"
"pesach-haggadah","Pesach Haggadah","tok-2b4b24d680ae","זֶה־הַיּוֹם","זה־היומ","Unresolved","","No lexical entry yet","true","2","Pesach Haggadah, Hallel, Second Half of Hallel:7"
"pesach-haggadah","Pesach Haggadah","tok-2e0add868196","זֶה־הַשַּׁעַר","זה־השער","Unresolved","","No lexical entry yet","true","1","Pesach Haggadah, Hallel, Second Half of Hallel:6"
"pesach-haggadah","Pesach Haggadah","tok-e7c9b529abe0","זוּזֵי","זוזי","Unresolved","","No lexical entry yet","true","10","Pesach Haggadah, Nirtzah, Chad Gadya:1; Pesach Haggadah, Nirtzah, Chad Gadya:2; Pesach Haggadah, Nirtzah, Chad Gadya:3; Pesach Haggadah, Nirtzah, Chad Gadya:4; Pesach Haggadah, Nirtzah, Chad Gadya:5"
"pesach-haggadah","Pesach Haggadah","tok-c04986040d2b","זוֹמָא","זומא","Unresolved","","No lexical entry yet","true","1","Pesach Haggadah, Magid, Story of the Five Rabbis:2"
"pesach-haggadah","Pesach Haggadah","tok-62e3508d9934","זוּנֵנוּ","זוננו","Unresolved","","No lexical entry yet","true","1","Pesach Haggadah, Barech, Birkat Hamazon:18"
"pesach-haggadah","Pesach Haggadah","tok-4b93f4558ee2","זוֹעֲמוּ","זועמו","Unresolved","","No lexical entry yet","true","1","Pesach Haggadah, Nirtzah, Zevach Pesach:4"
"pesach-haggadah","Pesach Haggadah","tok-b0ef901823ba","זַכַּאי","זכאי","Unresolved","","No lexical entry yet","true","2","Pesach Haggadah, Nirtzah, Ki Lo Na'e:4; Pesach Haggadah, Nirtzah, Adir Hu:3"
"pesach-haggadah","Pesach Haggadah","tok-674e6ace7149","זָכוּר","זכור","Unresolved","","No lexical entry yet","true","1","Pesach Haggadah, Barech, Birkat Hamazon:23"
"pesach-haggadah","Pesach Haggadah","tok-a04d72862e18","זָכִינוּ","זכינו","Unresolved","","No lexical entry yet","true","1","Pesach Haggadah, Nirtzah, Chasal Siddur Pesach:2"
"pesach-haggadah","Pesach Haggadah","tok-c2936c69fc4c","זָכִיתִי","זכיתי","Unresolved","","No lexical entry yet","true","1","Pesach Haggadah, Magid, Story of the Five Rabbis:2"
"pesach-haggadah","Pesach Haggadah","tok-413c8a15f318","זִכְרְךָ","זכרכ","Unresolved","","No lexical entry yet","true","1","Pesach Haggadah, Hallel, Songs of Praise and Thanks:2"
"pesach-haggadah","Pesach Haggadah","tok-ff7b16abc035","זְכָרָנוּ","זכרנו","Unresolved","","No lexical entry yet","true","1","Pesach Haggadah, Hallel, Second Half of Hallel:2"
"pesach-haggadah","Pesach Haggadah","tok-8e4973e244b1","זָכְרֵנוּ","זכרנו","Unresolved","","No lexical entry yet","true","1","Pesach Haggadah, Barech, Birkat Hamazon:21"
"pesach-haggadah","Pesach Haggadah","tok-58de6f30de51","זִמְרָה","זמרה","Unresolved","","No lexical entry yet","true","1","Pesach Haggadah, Hallel, Songs of Praise and Thanks:6"
"pesach-haggadah","Pesach Haggadah","tok-b1fe9646e9e7","זַנְתָּנוּ","זנתנו","Unresolved","","No lexical entry yet","true","1","Pesach Haggadah, Hallel, Songs of Praise and Thanks:3"
"pesach-haggadah","Pesach Haggadah","tok-40acb59520c1","זַעֲמֶךָ","זעמכ","Unresolved","","No lexical entry yet","true","1","Pesach Haggadah, Barech, Pour Out Thy Wrath:2"
"pesach-haggadah","Pesach Haggadah","tok-b92cf4627e3e","זְקֵנִים","זקנימ","Unresolved","","No lexical entry yet","true","1","Pesach Haggadah, Magid, We Were Slaves in Egypt:2"
"pesach-haggadah","Pesach Haggadah","tok-c0e2251184b1","זָקַנְתִּי","זקנתי","Unresolved","","No lexical entry yet","true","1","Pesach Haggadah, Barech, Birkat Hamazon:23"
"pesach-haggadah","Pesach Haggadah","tok-1dbb88e51520","זַרְעָם","זרעמ","Unresolved","","No lexical entry yet","true","1","Pesach Haggadah, Barech, Birkat Hamazon:23"
"pesach-haggadah","Pesach Haggadah","tok-bf7530463ccc","חֶבְלֵי־מָוֶת","חבלי־מות","Unresolved","","No lexical entry yet","true","1","Pesach Haggadah, Hallel, Second Half of Hallel:3"
"pesach-haggadah","Pesach Haggadah","tok-3eab4ac2a175","חַגִּים","חגימ","Unresolved","","No lexical entry yet","true","1","Pesach Haggadah, Kadesh:7"
"pesach-haggadah","Pesach Haggadah","tok-c30e1c107c2f","חוֹבָתוֹ","חובתו","Unresolved","","No lexical entry yet","true","1","Pesach Haggadah, Magid, Rabban Gamliel's Three Things:1"
"pesach-haggadah","Pesach Haggadah","tok-fa6c18c51dd2","חוּטְרָא","חוטרא","Unresolved","","No lexical entry yet","true","1","Pesach Haggadah, Nirtzah, Chad Gadya:4"
"pesach-haggadah","Pesach Haggadah","tok-69ef87fda49a","חוּלִי","חולי","Unresolved","","No lexical entry yet","true","1","Pesach Haggadah, Magid, First Half of Hallel:4"
"pesach-haggadah","Pesach Haggadah","tok-cf32e11053ea","חוּמְשֵׁי","חומשי","Unresolved","","No lexical entry yet","true","9","Pesach Haggadah, Nirtzah, Echad Mi Yodea:1"
"pesach-haggadah","Pesach Haggadah","tok-1dedf312f63c","חוּס","חוס","Unresolved","","No lexical entry yet","true","1","Pesach Haggadah, Barech, Birkat Hamazon:21"
"pesach-haggadah","Pesach Haggadah","tok-77d4f3b1a40d","חוֹרִין","חורינ","Unresolved","","No lexical entry yet","true","1","Pesach Haggadah, Magid, Ha Lachma Anya:3"
"pesach-haggadah","Pesach Haggadah","tok-849a32102b4a","חותך","חותכ","Unresolved","","No lexical entry yet","true","1","Pesach Haggadah, Yachatz:2"
"pesach-haggadah","Pesach Haggadah","tok-e9d3cccacd08","חַיָּב","חיב","Unresolved","","No lexical entry yet","true","1","Pesach Haggadah, Magid, Rabban Gamliel's Three Things:7"
"pesach-haggadah","Pesach Haggadah","tok-5250e9a8e722","חַיֶּיךָ","חייכ","Unresolved","","No lexical entry yet","true","5","Pesach Haggadah, Magid, Story of the Five Rabbis:2"
"pesach-haggadah","Pesach Haggadah","tok-78523eabee3b","חַלָּמִיש","חלמיש","Unresolved","","No lexical entry yet","true","1","Pesach Haggadah, Magid, First Half of Hallel:4"
"pesach-haggadah","Pesach Haggadah","tok-c9dcfdb2e5db","חֻלַּץ","חלצ","Unresolved","","No lexical entry yet","true","1","Pesach Haggadah, Nirtzah, Zevach Pesach:4"
"pesach-haggadah","Pesach Haggadah","tok-763903adc805","חִלַּצְתָּ","חלצת","Unresolved","","No lexical entry yet","true","1","Pesach Haggadah, Hallel, Second Half of Hallel:3"
"pesach-haggadah","Pesach Haggadah","tok-38d99c95a760","חֶלְקֵינוּ","חלקינו","Unresolved","","No lexical entry yet","true","1","Pesach Haggadah, Barech, Birkat Hamazon:23"
"pesach-haggadah","Pesach Haggadah","tok-aff74d724433","חָמֵץ","חמצ","Unresolved","","No lexical entry yet","true","2","Pesach Haggadah, Magid, Four Questions:2; Pesach Haggadah, Magid, Rabban Gamliel's Three Things:4"
"pesach-haggadah","Pesach Haggadah","tok-54d350eb0acb","חָמֵשׁ","חמש","Unresolved","","No lexical entry yet","true","2","Pesach Haggadah, Magid, The Ten Plagues:20"
"pesach-haggadah","Pesach Haggadah","tok-fbe5713fbcf3","חֲמִשָּׁה","חמשה","Unresolved","","No lexical entry yet","true","2","Pesach Haggadah, Nirtzah, Echad Mi Yodea:1"
"pesach-haggadah","Pesach Haggadah","tok-f4e97ee5c93d","חֲמִשָּׁה","חמשה","Unresolved","","No lexical entry yet","true","9","Pesach Haggadah, Nirtzah, Echad Mi Yodea:1"
"pesach-haggadah","Pesach Haggadah","tok-2bb34a5e003e","חֲמִשִּׁים","חמשימ","Unresolved","","No lexical entry yet","true","5","Pesach Haggadah, Magid, The Ten Plagues:18; Pesach Haggadah, Magid, The Ten Plagues:20; Pesach Haggadah, Nirtzah, Zevach Pesach:8"
"pesach-haggadah","Pesach Haggadah","tok-124ec1a95415","חֲמָתְךָ","חמתכ","Unresolved","","No lexical entry yet","true","1","Pesach Haggadah, Barech, Pour Out Thy Wrath:2"
"pesach-haggadah","Pesach Haggadah","tok-f99d0c715634","חַנוּן","חנונ","Unresolved","","No lexical entry yet","true","1","Pesach Haggadah, Hallel, Second Half of Hallel:3"
"pesach-haggadah","Pesach Haggadah","tok-be6fc3302d60","חַנּוּן","חנונ","Unresolved","","No lexical entry yet","true","1","Pesach Haggadah, Barech, Birkat Hamazon:21"
"pesach-haggadah","Pesach Haggadah","tok-8c137706c066","חַסְדוֹ","חסדו","Unresolved","","No lexical entry yet","true","1","Pesach Haggadah, Barech, Birkat Hamazon:15"
"pesach-haggadah","Pesach Haggadah","tok-d5599ce5bd6f","חַסְדּוֹ","חסדו","Unresolved","","No lexical entry yet","true","34","Pesach Haggadah, Barech, Birkat Hamazon:23; Pesach Haggadah, Hallel, Second Half of Hallel:5; Pesach Haggadah, Hallel, Second Half of Hallel:9; Pesach Haggadah, Hallel, Songs of Praise and Thanks:1"
"pesach-haggadah","Pesach Haggadah","tok-5ab0ad590b5f","חֲסָדֶיךָ","חסדיכ","Unresolved","","No lexical entry yet","true","1","Pesach Haggadah, Hallel, Songs of Praise and Thanks:4"
"pesach-haggadah","Pesach Haggadah","tok-30304521e9e4","חֲסַל","חסל","Unresolved","","No lexical entry yet","true","1","Pesach Haggadah, Nirtzah, Chasal Siddur Pesach:2"
"pesach-haggadah","Pesach Haggadah","tok-c3d52a9a97ca","חצות","חצות","Unresolved","","No lexical entry yet","true","1","Pesach Haggadah, Tzafun:2"
"pesach-haggadah","Pesach Haggadah","tok-d7840421d6c9","חֲצוֹת","חצות","Unresolved","","No lexical entry yet","true","1","Pesach Haggadah, Nirtzah, Zevach Pesach:2"
"pesach-haggadah","Pesach Haggadah","tok-ebe422c6023b","חֻקֶּיךָ","חקיכ","Unresolved","","No lexical entry yet","true","1","Pesach Haggadah, Barech, Birkat Hamazon:16"
"pesach-haggadah","Pesach Haggadah","tok-6c34e44abe42","חֲרוֹן","חרונ","Unresolved","","No lexical entry yet","true","3","Pesach Haggadah, Magid, The Ten Plagues:19; Pesach Haggadah, Magid, The Ten Plagues:20"
"pesach-haggadah","Pesach Haggadah","tok-77ddcd5d10ef","חֵרוּתֵנוּ","חרותנו","Unresolved","","No lexical entry yet","true","1","Pesach Haggadah, Kadesh:7"
"pesach-haggadah","Pesach Haggadah","tok-a419112540b6","חִשַּׁב","חשב","Unresolved","","No lexical entry yet","true","1","Pesach Haggadah, Magid, In the Beginning Our Fathers Were Idol Worshipers:3"
"pesach-haggadah","Pesach Haggadah","tok-3cab6dac2e95","טִאטֵאתָ","טאטאת","Unresolved","","No lexical entry yet","true","1","Pesach Haggadah, Nirtzah, Zevach Pesach:4"
"pesach-haggadah","Pesach Haggadah","tok-640985a1e3f8","טובל","טובל","Unresolved","","No lexical entry yet","true","1","Pesach Haggadah, Karpas:2"
"pesach-haggadah","Pesach Haggadah","tok-523d548e975d","טִיסַת","טיסת","Unresolved","","No lexical entry yet","true","1","Pesach Haggadah, Nirtzah, And It Happened at Midnight:7"
"pesach-haggadah","Pesach Haggadah","tok-b96c45982953","טַפְסְרָיו","טפסריו","Unresolved","","No lexical entry yet","true","1","Pesach Haggadah, Nirtzah, Ki Lo Na'e:4"
"pesach-haggadah","Pesach Haggadah","tok-4a5e9122bf54","טַרְפוֹן","טרפונ","Unresolved","","No lexical entry yet","true","1","Pesach Haggadah, Magid, Story of the Five Rabbis:1"
"pesach-haggadah","Pesach Haggadah","tok-5ee88b7a9552","יָאֶה","יאה","Unresolved","","No lexical entry yet","true","9","Pesach Haggadah, Nirtzah, Ki Lo Na'e:1; Pesach Haggadah, Nirtzah, Ki Lo Na'e:2; Pesach Haggadah, Nirtzah, Ki Lo Na'e:3; Pesach Haggadah, Nirtzah, Ki Lo Na'e:4; Pesach Haggadah, Nirtzah, Ki Lo Na'e:5"
"pesach-haggadah","Pesach Haggadah","tok-6a959cc35544","יאחז","יאחז","Unresolved","","No lexical entry yet","true","2","Pesach Haggadah, Magid, First Half of Hallel:1; Pesach Haggadah, Motzi Matzah:2"
"pesach-haggadah","Pesach Haggadah","tok-8034dce410e5","יֹאכְלֻהוּ","יאכלהו","Unresolved","","No lexical entry yet","true","1","Pesach Haggadah, Korech:4"
"pesach-haggadah","Pesach Haggadah","tok-4b2e78a62aa8","יֹאמַר־נָא","יאמר־נא","Unresolved","","No lexical entry yet","true","1","Pesach Haggadah, Hallel, Second Half of Hallel:5"
"pesach-haggadah","Pesach Haggadah","tok-01262687156f","יֹאמְרוּ־נָא","יאמרו־נא","Unresolved","","No lexical entry yet","true","2","Pesach Haggadah, Hallel, Second Half of Hallel:5"
"pesach-haggadah","Pesach Haggadah","tok-346337211880","יִבְטַח","יבטח","Unresolved","","No lexical entry yet","true","1","Pesach Haggadah, Barech, Birkat Hamazon:23"
"pesach-haggadah","Pesach Haggadah","tok-8b85d0375ce5","יבצע","יבצע","Unresolved","","No lexical entry yet","true","1","Pesach Haggadah, Motzi Matzah:2"
"pesach-haggadah","Pesach Haggadah","tok-930fc20d3963","יְבָרֵךְ","יברכ","Unresolved","","No lexical entry yet","true","8","Pesach Haggadah, Barech, Birkat Hamazon:23; Pesach Haggadah, Hallel, Second Half of Hallel:2"
"pesach-haggadah","Pesach Haggadah","tok-716f1514b5d6","יַגִּיעַ","יגיע","Unresolved","","No lexical entry yet","true","1","Pesach Haggadah, Magid, Second Cup of Wine:2"
"pesach-haggadah","Pesach Haggadah","tok-066d94a8e196","יַגִּיעֵנוּ","יגיענו","Unresolved","","No lexical entry yet","true","1","Pesach Haggadah, Magid, Second Cup of Wine:2"
"pesach-haggadah","Pesach Haggadah","tok-2f6b4122124a","יִגְמְלֵנוּ","יגמלנו","Unresolved","","No lexical entry yet","true","1","Pesach Haggadah, Barech, Birkat Hamazon:22"
"pesach-haggadah","Pesach Haggadah","tok-ab8c6c0a8f1c","יַד־יְיָ","יד־יי","Unresolved","","No lexical entry yet","true","1","Pesach Haggadah, Magid, First Fruits Declaration:20"
"pesach-haggadah","Pesach Haggadah","tok-90cd4ff5f100","יְדֵיהֶם","ידיהמ","Unresolved","","No lexical entry yet","true","1","Pesach Haggadah, Hallel, Second Half of Hallel:2"
"pesach-haggadah","Pesach Haggadah","tok-a9d81db15c6d","יָדְךָ","ידכ","Unresolved","","No lexical entry yet","true","1","Pesach Haggadah, Nirtzah, Zevach Pesach:8"
"pesach-haggadah","Pesach Haggadah","tok-75efd72a011f","יָדֶךָ","ידכ","Unresolved","","No lexical entry yet","true","1","Pesach Haggadah, Barech, Birkat Hamazon:23"
"pesach-haggadah","Pesach Haggadah","tok-76b73123f725","יְהַלֵּכוּ","יהלכו","Unresolved","","No lexical entry yet","true","1","Pesach Haggadah, Hallel, Second Half of Hallel:2"
"pesach-haggadah","Pesach Haggadah","tok-ba650e1c2679","יְהַלְלוּ־יָהּ","יהללו־יה","Unresolved","","No lexical entry yet","true","1","Pesach Haggadah, Hallel, Second Half of Hallel:2"
"pesach-haggadah","Pesach Haggadah","tok-5a621b7fdb8e","יְהַלְלוּךָ","יהללוכ","Unresolved","","No lexical entry yet","true","1","Pesach Haggadah, Hallel, Second Half of Hallel:10"
"pesach-haggadah","Pesach Haggadah","tok-ede1940569ba","יוֹדֶה","יודה","Unresolved","","No lexical entry yet","true","1","Pesach Haggadah, Hallel, Songs of Praise and Thanks:4"
"pesach-haggadah","Pesach Haggadah","tok-e42f4be5b41c","יוֹדוּ","יודו","Unresolved","","No lexical entry yet","true","2","Pesach Haggadah, Hallel, Second Half of Hallel:10; Pesach Haggadah, Hallel, Songs of Praise and Thanks:4"
"pesach-haggadah","Pesach Haggadah","tok-979a4a28925c","יוֹלִיכֵנוּ","יוליכנו","Unresolved","","No lexical entry yet","true","1","Pesach Haggadah, Barech, Birkat Hamazon:23"
"pesach-haggadah","Pesach Haggadah","tok-e2ea6d25f2d2","יוֹסֵי","יוסי","Unresolved","","No lexical entry yet","true","1","Pesach Haggadah, Magid, The Ten Plagues:18"
"pesach-haggadah","Pesach Haggadah","tok-d68ae4c94f46","יוֹצְרֵנוּ","יוצרנו","Unresolved","","No lexical entry yet","true","1","Pesach Haggadah, Barech, Birkat Hamazon:22"
"pesach-haggadah","Pesach Haggadah","tok-59bbda2d1ebe","יוֹשְׁבִין","יושבינ","Unresolved","","No lexical entry yet","true","1","Pesach Haggadah, Magid, Four Questions:2"
"pesach-haggadah","Pesach Haggadah","tok-71584dfa0f84","יְזַכֵּנוּ","יזכנו","Unresolved","","No lexical entry yet","true","1","Pesach Haggadah, Barech, Birkat Hamazon:23"
"pesach-haggadah","Pesach Haggadah","tok-806c1ecb5380","יְזַמֵּרוּ","יזמרו","Unresolved","","No lexical entry yet","true","1","Pesach Haggadah, Hallel, Songs of Praise and Thanks:4"
"pesach-haggadah","Pesach Haggadah","tok-129b558ab5bf","יְחַסְּרֵנוּ","יחסרנו","Unresolved","","No lexical entry yet","true","1","Pesach Haggadah, Barech, Birkat Hamazon:22"
"pesach-haggadah","Pesach Haggadah","tok-ccd7d26e334f","יַחַץ","יחצ","Unresolved","","No lexical entry yet","true","1","Pesach Haggadah, Yachatz:1"
"pesach-haggadah","Pesach Haggadah","tok-7eac05608ddc","יי","יי","Unresolved","","No lexical entry yet","true","1","Pesach Haggadah, Barech, Birkat Hamazon:23"
"pesach-haggadah","Pesach Haggadah","tok-ce4258f8eea2","יְיָ","יי","Unresolved","","No lexical entry yet","true","127","Pesach Haggadah, Kadesh:6; Pesach Haggadah, Kadesh:7; Pesach Haggadah, Kadesh:8; Pesach Haggadah, Kadesh:10; Pesach Haggadah, Kadesh:11"
"pesach-haggadah","Pesach Haggadah","tok-34998321a734","יֵיטִיב","ייטיב","Unresolved","","No lexical entry yet","true","1","Pesach Haggadah, Barech, Birkat Hamazon:22"
"pesach-haggadah","Pesach Haggadah","tok-dc91d80ba12b","יין","יינ","Unresolved","","No lexical entry yet","true","1","Pesach Haggadah, Magid, The Ten Plagues:1"
"pesach-haggadah","Pesach Haggadah","tok-bfb4e1a55a01","יִירָאוּךָ","ייראוכ","Unresolved","","No lexical entry yet","true","1","Pesach Haggadah, Hallel, Songs of Praise and Thanks:4"
"pesach-haggadah","Pesach Haggadah","tok-3264a6cc9729","יִישָׁן","יישנ","Unresolved","","No lexical entry yet","true","1","Pesach Haggadah, Hallel, Songs of Praise and Thanks:2"
"pesach-haggadah","Pesach Haggadah","tok-481541f57673","יֵיתֵי","ייתי","Unresolved","","No lexical entry yet","true","2","Pesach Haggadah, Magid, Ha Lachma Anya:3"
"pesach-haggadah","Pesach Haggadah","tok-dd63efb8d978","יְלַמְּדוּ","ילמדו","Unresolved","","No lexical entry yet","true","1","Pesach Haggadah, Barech, Birkat Hamazon:23"
"pesach-haggadah","Pesach Haggadah","tok-c5a83a5f5f14","יְמִישׁוּן","ימישונ","Unresolved","","No lexical entry yet","true","1","Pesach Haggadah, Hallel, Second Half of Hallel:2"
"pesach-haggadah","Pesach Haggadah","tok-60159b19ad2a","יָנוּם","ינומ","Unresolved","","No lexical entry yet","true","1","Pesach Haggadah, Hallel, Songs of Praise and Thanks:2"
"pesach-haggadah","Pesach Haggadah","tok-6592908a129d","יַנְחִילֵנוּ","ינחילנו","Unresolved","","No lexical entry yet","true","2","Pesach Haggadah, Barech, Birkat Hamazon:23"
"pesach-haggadah","Pesach Haggadah","tok-3c7be4226f36","יניח","יניח","Unresolved","","No lexical entry yet","true","1","Pesach Haggadah, Magid, First Fruits Declaration:1"
"pesach-haggadah","Pesach Haggadah","tok-cd7eea7bb446","יִסֹּב","יסב","Unresolved","","No lexical entry yet","true","1","Pesach Haggadah, Magid, First Half of Hallel:4"
"pesach-haggadah","Pesach Haggadah","tok-06555bbd415c","יֹסֵף","יספ","Unresolved","","No lexical entry yet","true","1","Pesach Haggadah, Hallel, Second Half of Hallel:2"
"pesach-haggadah","Pesach Haggadah","tok-6c37bd2a6ea6","יַסֹּר","יסר","Unresolved","","No lexical entry yet","true","1","Pesach Haggadah, Hallel, Second Half of Hallel:6"
"pesach-haggadah","Pesach Haggadah","tok-399ccaa64629","יִסְּרַנִי","יסרני","Unresolved","","No lexical entry yet","true","1","Pesach Haggadah, Hallel, Second Half of Hallel:6"
"pesach-haggadah","Pesach Haggadah","tok-006747d389f1","יַעֲבֹדוּ","יעבדו","Unresolved","","No lexical entry yet","true","1","Pesach Haggadah, Magid, In the Beginning Our Fathers Were Idol Worshipers:3"
"pesach-haggadah","Pesach Haggadah","tok-98252997259b","יַעֲרֹךְ","יערכ","Unresolved","","No lexical entry yet","true","1","Pesach Haggadah, Hallel, Songs of Praise and Thanks:4"
"pesach-haggadah","Pesach Haggadah","tok-8d80502dca04","יְפַרְנְסֵנוּ","יפרנסנו","Unresolved","","No lexical entry yet","true","1","Pesach Haggadah, Barech, Birkat Hamazon:23"
"pesach-haggadah","Pesach Haggadah","tok-6e4a95a652f8","יִצְחָק","יצחק","Unresolved","","No lexical entry yet","true","1","Pesach Haggadah, Barech, Birkat Hamazon:23"
"pesach-haggadah","Pesach Haggadah","tok-432bc58ec14b","יִקְצֹרוּ","יקצרו","Unresolved","","No lexical entry yet","true","1","Pesach Haggadah, Barech, Birkat Hamazon:3"
"pesach-haggadah","Pesach Haggadah","tok-2290b590cf82","יִרְאֵי־יְיָ","יראי־יי","Unresolved","","No lexical entry yet","true","1","Pesach Haggadah, Hallel, Second Half of Hallel:5"
"pesach-haggadah","Pesach Haggadah","tok-75739bfe9b80","יִרְבֶּה","ירבה","Unresolved","","No lexical entry yet","true","1","Pesach Haggadah, Magid, First Fruits Declaration:7"
"pesach-haggadah","Pesach Haggadah","tok-c01528ca61b9","יַרְחֵי","ירחי","Unresolved","","No lexical entry yet","true","5","Pesach Haggadah, Nirtzah, Echad Mi Yodea:1"
"pesach-haggadah","Pesach Haggadah","tok-0bbbd3d91f16","יְרִיחוּן","יריחונ","Unresolved","","No lexical entry yet","true","1","Pesach Haggadah, Hallel, Second Half of Hallel:2"
"pesach-haggadah","Pesach Haggadah","tok-475614669d5a","יָרִים","ירימ","Unresolved","","No lexical entry yet","true","1","Pesach Haggadah, Magid, First Half of Hallel:3"
"pesach-haggadah","Pesach Haggadah","tok-7bc25b48abf9","יְרָקוֹת","ירקות","Unresolved","","No lexical entry yet","true","1","Pesach Haggadah, Magid, Four Questions:2"
"pesach-haggadah","Pesach Haggadah","tok-8751463bbffb","יָשְׁבוּ","ישבו","Unresolved","","No lexical entry yet","true","1","Pesach Haggadah, Magid, In the Beginning Our Fathers Were Idol Worshipers:1"
"pesach-haggadah","Pesach Haggadah","tok-ea3f2a89281b","יֵשְׁבוּ־נָא","ישבו־נא","Unresolved","","No lexical entry yet","true","1","Pesach Haggadah, Magid, First Fruits Declaration:3"
"pesach-haggadah","Pesach Haggadah","tok-7d979b9cadda","יִשְׁוֶה","ישוה","Unresolved","","No lexical entry yet","true","1","Pesach Haggadah, Hallel, Songs of Praise and Thanks:4"
"pesach-haggadah","Pesach Haggadah","tok-e4cd12f264b1","יִשַׁי","ישי","Unresolved","","No lexical entry yet","true","1","Pesach Haggadah, Hallel, Songs of Praise and Thanks:5"
"pesach-haggadah","Pesach Haggadah","tok-47a06fd99ec8","יַשִּׂיגֵם","ישיגמ","Unresolved","","No lexical entry yet","true","1","Pesach Haggadah, Barech, Pour Out Thy Wrath:2"
"pesach-haggadah","Pesach Haggadah","tok-27d2e1aca8bf","יִשְׁלַח","ישלח","Unresolved","","No lexical entry yet","true","2","Pesach Haggadah, Barech, Birkat Hamazon:23"
"pesach-haggadah","Pesach Haggadah","tok-8f66c4779d58","יְשַׁלַּח־בָּם","ישלח־במ","Unresolved","","No lexical entry yet","true","1","Pesach Haggadah, Magid, The Ten Plagues:19"
"pesach-haggadah","Pesach Haggadah","tok-f4e4a2242e3b","יְִשַׁלַּח־בָּם","ישלח־במ","Unresolved","","No lexical entry yet","true","1","Pesach Haggadah, Magid, The Ten Plagues:20"
"pesach-haggadah","Pesach Haggadah","tok-5604b8e0ba8a","יִשְׁעֵנוּ","ישענו","Unresolved","","No lexical entry yet","true","1","Pesach Haggadah, Barech, Birkat Hamazon:23"
"pesach-haggadah","Pesach Haggadah","tok-225ddb548bde","ישפוך","ישפוכ","Unresolved","","No lexical entry yet","true","1","Pesach Haggadah, Magid, The Ten Plagues:1"
"pesach-haggadah","Pesach Haggadah","tok-f6156c344357","יְשָׁרִים","ישרימ","Unresolved","","No lexical entry yet","true","1","Pesach Haggadah, Hallel, Songs of Praise and Thanks:4"
"pesach-haggadah","Pesach Haggadah","tok-556236a8d506","יִשְׁתַּבַּח","ישתבח","Unresolved","","No lexical entry yet","true","2","Pesach Haggadah, Barech, Birkat Hamazon:23; Pesach Haggadah, Hallel, Songs of Praise and Thanks:6"
"pesach-haggadah","Pesach Haggadah","tok-cfd67e8360df","יִתְבָּרַךְ","יתברכ","Unresolved","","No lexical entry yet","true","2","Pesach Haggadah, Barech, Birkat Hamazon:17; Pesach Haggadah, Barech, Birkat Hamazon:23"
"pesach-haggadah","Pesach Haggadah","tok-8723a421c044","יתחייב","יתחייב","Unresolved","","No lexical entry yet","true","1","Pesach Haggadah, Karpas:2"
"pesach-haggadah","Pesach Haggadah","tok-a0cbf57895e5","יִתְפָּאֵר","יתפאר","Unresolved","","No lexical entry yet","true","1","Pesach Haggadah, Hallel, Songs of Praise and Thanks:5"
"pesach-haggadah","Pesach Haggadah","tok-221c2c64bff8","כְאֵילִים","כאילימ","Unresolved","","No lexical entry yet","true","2","Pesach Haggadah, Magid, First Half of Hallel:4"
"pesach-haggadah","Pesach Haggadah","tok-bcd52da02abf","כָּאָמוּר","כאמור","Unresolved","","No lexical entry yet","true","1","Pesach Haggadah, Hallel, Songs of Praise and Thanks:4"
"pesach-haggadah","Pesach Haggadah","tok-a5ba59c89811","כַּאֲפִיקִים","כאפיקימ","Unresolved","","No lexical entry yet","true","1","Pesach Haggadah, Barech, Birkat Hamazon:3"
"pesach-haggadah","Pesach Haggadah","tok-31462bd81008","כְּבֶן","כבנ","Unresolved","","No lexical entry yet","true","1","Pesach Haggadah, Magid, Story of the Five Rabbis:2"
"pesach-haggadah","Pesach Haggadah","tok-6959e37121fb","כִּבְנֵי","כבני","Unresolved","","No lexical entry yet","true","1","Pesach Haggadah, Magid, First Half of Hallel:4"
"pesach-haggadah","Pesach Haggadah","tok-64bd989d2a0c","כִּבְנֵי־צֹאן","כבני־צאנ","Unresolved","","No lexical entry yet","true","1","Pesach Haggadah, Magid, First Half of Hallel:4"
"pesach-haggadah","Pesach Haggadah","tok-f2686db21a7a","כִדְּבֹרִים","כדברימ","Unresolved","","No lexical entry yet","true","1","Pesach Haggadah, Hallel, Second Half of Hallel:6"
"pesach-haggadah","Pesach Haggadah","tok-5bd07b2c2c2f","כְּהִלְכוֹת","כהלכות","Unresolved","","No lexical entry yet","true","1","Pesach Haggadah, Magid, The Four Sons:2"
"pesach-haggadah","Pesach Haggadah","tok-3e0fb7d033fb","כְּהִלְכָתוֹ","כהלכתו","Unresolved","","No lexical entry yet","true","1","Pesach Haggadah, Nirtzah, Chasal Siddur Pesach:2"
"pesach-haggadah","Pesach Haggadah","tok-d3bfe7d580ff","כְּהִלֵּל","כהלל","Unresolved","","No lexical entry yet","true","1","Pesach Haggadah, Korech:3"
"pesach-haggadah","Pesach Haggadah","tok-355c8de12e15","כּוֹכְבַיָּא","כוכביא","Unresolved","","No lexical entry yet","true","3","Pesach Haggadah, Nirtzah, Echad Mi Yodea:1"
"pesach-haggadah","Pesach Haggadah","tok-c1a95f2ed0ac","כּוֹס־יְשׁוּעוֹת","כוס־ישועות","Unresolved","","No lexical entry yet","true","1","Pesach Haggadah, Hallel, Second Half of Hallel:4"
"pesach-haggadah","Pesach Haggadah","tok-7181eaebe5ce","כּוֹרֵךְ","כורכ","Unresolved","","No lexical entry yet","true","2","Pesach Haggadah, Korech:1; Pesach Haggadah, Korech:4"
"pesach-haggadah","Pesach Haggadah","tok-c81a4083f040","כורכים","כורכימ","Unresolved","","No lexical entry yet","true","1","Pesach Haggadah, Korech:2"
"pesach-haggadah","Pesach Haggadah","tok-ed76bfb7498e","כְּחֹלְמִים","כחלמימ","Unresolved","","No lexical entry yet","true","1","Pesach Haggadah, Barech, Birkat Hamazon:3"
"pesach-haggadah","Pesach Haggadah","tok-c59f7cc1348b","כִּי־אֶחְיֶה","כי־אחיה","Unresolved","","No lexical entry yet","true","1","Pesach Haggadah, Hallel, Second Half of Hallel:6"
"pesach-haggadah","Pesach Haggadah","tok-7f450ee97b68","כִּי־אֲנִי","כי־אני","Unresolved","","No lexical entry yet","true","1","Pesach Haggadah, Hallel, Second Half of Hallel:4"
"pesach-haggadah","Pesach Haggadah","tok-9616bc864f40","כִּי־גֵר","כי־גר","Unresolved","","No lexical entry yet","true","1","Pesach Haggadah, Magid, In the Beginning Our Fathers Were Idol Worshipers:3"
"pesach-haggadah","Pesach Haggadah","tok-35bb3bf0e216","כִּי־הִטָּה","כי־הטה","Unresolved","","No lexical entry yet","true","1","Pesach Haggadah, Hallel, Second Half of Hallel:3"
"pesach-haggadah","Pesach Haggadah","tok-607ffacf9291","כִּי־טוֹב","כי־טוב","Unresolved","","No lexical entry yet","true","4","Pesach Haggadah, Hallel, Second Half of Hallel:5; Pesach Haggadah, Hallel, Second Half of Hallel:9; Pesach Haggadah, Hallel, Songs of Praise and Thanks:1"
"pesach-haggadah","Pesach Haggadah","tok-947c314c0894","כִּי־יְיָ","כי־יי","Unresolved","","No lexical entry yet","true","1","Pesach Haggadah, Hallel, Second Half of Hallel:3"
"pesach-haggadah","Pesach Haggadah","tok-7d18e8520054","כִּי־יִשְׁמַע","כי־ישמע","Unresolved","","No lexical entry yet","true","1","Pesach Haggadah, Hallel, Second Half of Hallel:3"
"pesach-haggadah","Pesach Haggadah","tok-355fec9bff73","כִּי־לְשִׁמְךָ","כי־לשמכ","Unresolved","","No lexical entry yet","true","1","Pesach Haggadah, Hallel, Second Half of Hallel:2"
"pesach-haggadah","Pesach Haggadah","tok-bc28d3c3ff17","כִּי־תִקְרֶאנָה","כי־תקראנה","Unresolved","","No lexical entry yet","true","1","Pesach Haggadah, Magid, First Fruits Declaration:7"
"pesach-haggadah","Pesach Haggadah","tok-f062d1524664","כַּייָ","כיי","Unresolved","","No lexical entry yet","true","1","Pesach Haggadah, Magid, First Half of Hallel:3"
"pesach-haggadah","Pesach Haggadah","tok-ce4d8460f004","כַיָּם","כימ","Unresolved","","No lexical entry yet","true","1","Pesach Haggadah, Hallel, Songs of Praise and Thanks:3"
"pesach-haggadah","Pesach Haggadah","tok-4a008a434278","כְּכוֹכְבֵי","ככוכבי","Unresolved","","No lexical entry yet","true","1","Pesach Haggadah, Magid, First Fruits Declaration:4"
"pesach-haggadah","Pesach Haggadah","tok-1cd2e9918c38","כַּכָּתוּב","ככתוב","Unresolved","","No lexical entry yet","true","1","Pesach Haggadah, Barech, Birkat Hamazon:17"
"pesach-haggadah","Pesach Haggadah","tok-23bef22b992e","כָּל־אוֹתוֹ","כל־אותו","Unresolved","","No lexical entry yet","true","1","Pesach Haggadah, Magid, Story of the Five Rabbis:1"
"pesach-haggadah","Pesach Haggadah","tok-5d277ca1d43e","כָל־בְּכוֹר","כל־בכור","Unresolved","","No lexical entry yet","true","2","Pesach Haggadah, Magid, First Fruits Declaration:18; Pesach Haggadah, Magid, First Fruits Declaration:19"
"pesach-haggadah","Pesach Haggadah","tok-494d80c87127","כָּל־גּוֹיִם","כל־גוימ","Unresolved","","No lexical entry yet","true","1","Pesach Haggadah, Hallel, Second Half of Hallel:6"
"pesach-haggadah","Pesach Haggadah","tok-2b65f8faabd0","כָּל־הָאֻמִּים","כל־האמימ","Unresolved","","No lexical entry yet","true","1","Pesach Haggadah, Hallel, Second Half of Hallel:5"
"pesach-haggadah","Pesach Haggadah","tok-b4916a07a6fe","כָּל־הַבֵּן","כל־הבנ","Unresolved","","No lexical entry yet","true","1","Pesach Haggadah, Magid, First Fruits Declaration:15"
"pesach-haggadah","Pesach Haggadah","tok-3514315c9025","כָּל־יֹרְדֵי","כל־ירדי","Unresolved","","No lexical entry yet","true","1","Pesach Haggadah, Hallel, Second Half of Hallel:2"
"pesach-haggadah","Pesach Haggadah","tok-7d47382cd6a1","כֹּל־תַּגְמוּלוֹהִי","כל־תגמולוהי","Unresolved","","No lexical entry yet","true","1","Pesach Haggadah, Hallel, Second Half of Hallel:4"
"pesach-haggadah","Pesach Haggadah","tok-0f5f8778ef39","כִּלְכַּלְתָּנוּ","כלכלתנו","Unresolved","","No lexical entry yet","true","1","Pesach Haggadah, Hallel, Songs of Praise and Thanks:3"
"pesach-haggadah","Pesach Haggadah","tok-32c202cbc204","כלם","כלמ","Unresolved","","No lexical entry yet","true","1","Pesach Haggadah, Barech, Birkat Hamazon:14"
"pesach-haggadah","Pesach Haggadah","tok-5dba597600af","כֻּלָּנוּ","כלנו","Unresolved","","No lexical entry yet","true","6","Pesach Haggadah, Magid, Four Questions:2; Pesach Haggadah, Magid, We Were Slaves in Egypt:2; Pesach Haggadah, Barech, Birkat Hamazon:23"
"pesach-haggadah","Pesach Haggadah","tok-04b333db29b9","כְּמוֹהֶם","כמוהמ","Unresolved","","No lexical entry yet","true","1","Pesach Haggadah, Hallel, Second Half of Hallel:2"
"pesach-haggadah","Pesach Haggadah","tok-899c584ad7fd","כְּמִצְוַת","כמצות","Unresolved","","No lexical entry yet","true","1","Pesach Haggadah, Barech, Birkat Hamazon:20"
"pesach-haggadah","Pesach Haggadah","tok-418e37710cd9","כַנָּה","כנה","Unresolved","","No lexical entry yet","true","1","Pesach Haggadah, Nirtzah, Chasal Siddur Pesach:2"
"pesach-haggadah","Pesach Haggadah","tok-0b6827b63c1e","כְּנֶחֶלַק","כנחלק","Unresolved","","No lexical entry yet","true","1","Pesach Haggadah, Nirtzah, And It Happened at Midnight:4"
"pesach-haggadah","Pesach Haggadah","tok-373061aabfdc","כִּנִּים","כנימ","Unresolved","","No lexical entry yet","true","1","Pesach Haggadah, Magid, The Ten Plagues:9"
"pesach-haggadah","Pesach Haggadah","tok-d6a959d30ea5","כִּנְּסָה","כנסה","Unresolved","","No lexical entry yet","true","1","Pesach Haggadah, Nirtzah, Zevach Pesach:8"
"pesach-haggadah","Pesach Haggadah","tok-a5cece14ece4","כְּנָעַן","כנענ","Unresolved","","No lexical entry yet","true","2","Pesach Haggadah, Magid, In the Beginning Our Fathers Were Idol Worshipers:2; Pesach Haggadah, Magid, First Fruits Declaration:3"
"pesach-haggadah","Pesach Haggadah","tok-4d398f8f7a54","כֶּסֶף","כספ","Unresolved","","No lexical entry yet","true","1","Pesach Haggadah, Hallel, Second Half of Hallel:2"
"pesach-haggadah","Pesach Haggadah","tok-fce5d7fd0a62","כְּפוּפִים","כפופימ","Unresolved","","No lexical entry yet","true","1","Pesach Haggadah, Hallel, Songs of Praise and Thanks:2"
"pesach-haggadah","Pesach Haggadah","tok-70ae5aca074a","כְּפִירִים","כפירימ","Unresolved","","No lexical entry yet","true","1","Pesach Haggadah, Barech, Birkat Hamazon:23"
"pesach-haggadah","Pesach Haggadah","tok-1bec23201d4b","כָּפַר","כפר","Unresolved","","No lexical entry yet","true","1","Pesach Haggadah, Magid, The Four Sons:3"
"pesach-haggadah","Pesach Haggadah","tok-a85592cb7547","כָּרַע","כרע","Unresolved","","No lexical entry yet","true","1","Pesach Haggadah, Nirtzah, And It Happened at Midnight:8"
"pesach-haggadah","Pesach Haggadah","tok-25fc0ecc8b91","כַּרְפַּס","כרפס","Unresolved","","No lexical entry yet","true","1","Pesach Haggadah, Karpas:1"
"pesach-haggadah","Pesach Haggadah","tok-40164584899d","כשאומר","כשאומר","Unresolved","","No lexical entry yet","true","1","Pesach Haggadah, Magid, The Ten Plagues:1"
"pesach-haggadah","Pesach Haggadah","tok-d1fb259f3de5","כַּשּׁוֹמֵר","כשומר","Unresolved","","No lexical entry yet","true","1","Pesach Haggadah, Nirtzah, And It Happened at Midnight:10"
"pesach-haggadah","Pesach Haggadah","tok-2a1069761b20","כַּשֶּׁמֶשׁ","כשמש","Unresolved","","No lexical entry yet","true","1","Pesach Haggadah, Hallel, Songs of Praise and Thanks:3"
"pesach-haggadah","Pesach Haggadah","tok-001bdb260064","כָּתְבָה","כתבה","Unresolved","","No lexical entry yet","true","1","Pesach Haggadah, Nirtzah, Zevach Pesach:7"
"pesach-haggadah","Pesach Haggadah","tok-2c8dec766665","לֹא־עָשׂוּ","לא־עשו","Unresolved","","No lexical entry yet","true","1","Pesach Haggadah, Magid, Rabban Gamliel's Three Things:4"
"pesach-haggadah","Pesach Haggadah","tok-01f902135fdd","לְאַבְרָהָם","לאברהמ","Unresolved","","No lexical entry yet","true","1","Pesach Haggadah, Magid, In the Beginning Our Fathers Were Idol Worshipers:3"
"pesach-haggadah","Pesach Haggadah","tok-735f7499f537","לְאַבְרָם","לאברמ","Unresolved","","No lexical entry yet","true","1","Pesach Haggadah, Magid, In the Beginning Our Fathers Were Idol Worshipers:3"
"pesach-haggadah","Pesach Haggadah","tok-7c4deef4c60e","לַאֲבֹתֵינוּ","לאבתינו","Unresolved","","No lexical entry yet","true","1","Pesach Haggadah, Magid, Rabban Gamliel's Three Things:7"
"pesach-haggadah","Pesach Haggadah","tok-39e9c5e2afbf","לַאֲדֹנֵי","לאדני","Unresolved","","No lexical entry yet","true","1","Pesach Haggadah, Hallel, Songs of Praise and Thanks:1"
"pesach-haggadah","Pesach Haggadah","tok-17db3ebc6662","לאוכלה","לאוכלה","Unresolved","","No lexical entry yet","true","1","Pesach Haggadah, Tzafun:2"
"pesach-haggadah","Pesach Haggadah","tok-581b94eec415","לְאֶזְרָחִי","לאזרחי","Unresolved","","No lexical entry yet","true","1","Pesach Haggadah, Nirtzah, Zevach Pesach:2"
"pesach-haggadah","Pesach Haggadah","tok-200e71c9ca25","לְאָחוֹר","לאחור","Unresolved","","No lexical entry yet","true","2","Pesach Haggadah, Magid, First Half of Hallel:4"
"pesach-haggadah","Pesach Haggadah","tok-e64a3bf88405","לֶאֱכָל־בּוֹ","לאכל־בו","Unresolved","","No lexical entry yet","true","1","Pesach Haggadah, Magid, Second Cup of Wine:2"
"pesach-haggadah","Pesach Haggadah","tok-9692e7a3a3db","לֵאלֹהֵי","לאלהי","Unresolved","","No lexical entry yet","true","1","Pesach Haggadah, Hallel, Songs of Praise and Thanks:1"
"pesach-haggadah","Pesach Haggadah","tok-a732e15d2298","לאפיקומן","לאפיקומנ","Unresolved","","No lexical entry yet","true","2","Pesach Haggadah, Yachatz:2; Pesach Haggadah, Tzafun:2"
"pesach-haggadah","Pesach Haggadah","tok-c943f85d0acc","לְבִלְתִּי","לבלתי","Unresolved","","No lexical entry yet","true","1","Pesach Haggadah, Nirtzah, Zevach Pesach:5"
"pesach-haggadah","Pesach Haggadah","tok-82fcca102959","לִבְנֵי־אָדָם","לבני־אדמ","Unresolved","","No lexical entry yet","true","1","Pesach Haggadah, Hallel, Second Half of Hallel:2"
"pesach-haggadah","Pesach Haggadah","tok-80f2087bb408","לְבִנְךָ","לבנכ","Unresolved","","No lexical entry yet","true","2","Pesach Haggadah, Magid, The Four Sons:5; Pesach Haggadah, Magid, Rabban Gamliel's Three Things:7"
"pesach-haggadah","Pesach Haggadah","tok-f6535753c00f","לְבָרֵךְ","לברכ","Unresolved","","No lexical entry yet","true","2","Pesach Haggadah, Magid, First Half of Hallel:2; Pesach Haggadah, Hallel, Songs of Praise and Thanks:5"
"pesach-haggadah","Pesach Haggadah","tok-0032cb0e547b","לִגְאֻלָּה","לגאלה","Unresolved","","No lexical entry yet","true","1","Pesach Haggadah, Magid, First Half of Hallel:2"
"pesach-haggadah","Pesach Haggadah","tok-a609f002f662","לְגַדְיָא","לגדיא","Unresolved","","No lexical entry yet","true","9","Pesach Haggadah, Nirtzah, Chad Gadya:2; Pesach Haggadah, Nirtzah, Chad Gadya:3; Pesach Haggadah, Nirtzah, Chad Gadya:4; Pesach Haggadah, Nirtzah, Chad Gadya:5; Pesach Haggadah, Nirtzah, Chad Gadya:6"
"pesach-haggadah","Pesach Haggadah","tok-04f00911b884","לָגוּר","לגור","Unresolved","","No lexical entry yet","true","2","Pesach Haggadah, Magid, First Fruits Declaration:3"
"pesach-haggadah","Pesach Haggadah","tok-3fd58d42cee4","לְגֹזֵר־יַם","לגזר־ימ","Unresolved","","No lexical entry yet","true","1","Pesach Haggadah, Hallel, Songs of Praise and Thanks:1"
"pesach-haggadah","Pesach Haggadah","tok-d67e632c9a31","לִגְזָרִים","לגזרימ","Unresolved","","No lexical entry yet","true","1","Pesach Haggadah, Hallel, Songs of Praise and Thanks:1"
"pesach-haggadah","Pesach Haggadah","tok-053b83455f10","לֵדָה","לדה","Unresolved","","No lexical entry yet","true","5","Pesach Haggadah, Nirtzah, Echad Mi Yodea:1"
"pesach-haggadah","Pesach Haggadah","tok-88df98e14fd7","לְהַדֵּר","להדר","Unresolved","","No lexical entry yet","true","2","Pesach Haggadah, Magid, First Half of Hallel:2; Pesach Haggadah, Hallel, Songs of Praise and Thanks:5"
"pesach-haggadah","Pesach Haggadah","tok-613b77f77d6a","לְהוֹד","להוד","Unresolved","","No lexical entry yet","true","1","Pesach Haggadah, Hallel, Second Half of Hallel:10"
"pesach-haggadah","Pesach Haggadah","tok-d3dbea8b1298","לְהוֹשִׁיבִי","להושיבי","Unresolved","","No lexical entry yet","true","1","Pesach Haggadah, Magid, First Half of Hallel:3"
"pesach-haggadah","Pesach Haggadah","tok-dc8b731c1981","לְהַלֵּל","להלל","Unresolved","","No lexical entry yet","true","2","Pesach Haggadah, Magid, First Half of Hallel:2; Pesach Haggadah, Hallel, Songs of Praise and Thanks:5"
"pesach-haggadah","Pesach Haggadah","tok-c288d10c6d7a","לְהִשְׁתַּקֵּעַ","להשתקע","Unresolved","","No lexical entry yet","true","1","Pesach Haggadah, Magid, First Fruits Declaration:3"
"pesach-haggadah","Pesach Haggadah","tok-fbe1b8d62318","לְהִתְמַהְמֵהַּ","להתמהמה","Unresolved","","No lexical entry yet","true","1","Pesach Haggadah, Magid, Rabban Gamliel's Three Things:4"
"pesach-haggadah","Pesach Haggadah","tok-910255c63ae9","לוֹט","לוט","Unresolved","","No lexical entry yet","true","1","Pesach Haggadah, Nirtzah, Zevach Pesach:4"
"pesach-haggadah","Pesach Haggadah","tok-ad32c6dc231c","לוקח","לוקח","Unresolved","","No lexical entry yet","true","4","Pesach Haggadah, Karpas:2; Pesach Haggadah, Maror:2; Pesach Haggadah, Korech:2; Pesach Haggadah, Tzafun:2"
"pesach-haggadah","Pesach Haggadah","tok-8b0b635ef218","לזמן","לזמנ","Unresolved","","No lexical entry yet","true","1","Pesach Haggadah, Barech, Birkat Hamazon:4"
"pesach-haggadah","Pesach Haggadah","tok-bcd4427ba5d7","לַזְּמַן","לזמנ","Unresolved","","No lexical entry yet","true","1","Pesach Haggadah, Kadesh:12"
"pesach-haggadah","Pesach Haggadah","tok-08dbc6af6afa","לְזַמֵּר","לזמר","Unresolved","","No lexical entry yet","true","1","Pesach Haggadah, Hallel, Second Half of Hallel:10"
"pesach-haggadah","Pesach Haggadah","tok-982e7644528b","לְחוּטְרָא","לחוטרא","Unresolved","","No lexical entry yet","true","6","Pesach Haggadah, Nirtzah, Chad Gadya:5; Pesach Haggadah, Nirtzah, Chad Gadya:6; Pesach Haggadah, Nirtzah, Chad Gadya:7; Pesach Haggadah, Nirtzah, Chad Gadya:8; Pesach Haggadah, Nirtzah, Chad Gadya:9"
"pesach-haggadah","Pesach Haggadah","tok-2a0a67ee40e3","לֻחוֹת","לחות","Unresolved","","No lexical entry yet","true","12","Pesach Haggadah, Nirtzah, Echad Mi Yodea:1"
"pesach-haggadah","Pesach Haggadah","tok-bd7ebaad6d06","לְחֹל","לחל","Unresolved","","No lexical entry yet","true","1","Pesach Haggadah, Kadesh:10"
"pesach-haggadah","Pesach Haggadah","tok-c9116a007bb4","לַחְמָא","לחמא","Unresolved","","No lexical entry yet","true","1","Pesach Haggadah, Magid, Ha Lachma Anya:3"
"pesach-haggadah","Pesach Haggadah","tok-bd21012a84f8","לַחֲסוֹת","לחסות","Unresolved","","No lexical entry yet","true","2","Pesach Haggadah, Hallel, Second Half of Hallel:6"
"pesach-haggadah","Pesach Haggadah","tok-0f2851c1ce4f","לַחֲסִידָיו","לחסידיו","Unresolved","","No lexical entry yet","true","1","Pesach Haggadah, Hallel, Second Half of Hallel:4"
"pesach-haggadah","Pesach Haggadah","tok-c11a6cde5e0c","לֹחֲצִים","לחצימ","Unresolved","","No lexical entry yet","true","1","Pesach Haggadah, Magid, First Fruits Declaration:16"
"pesach-haggadah","Pesach Haggadah","tok-05be06b987ca","לְיָדְךָ","לידכ","Unresolved","","No lexical entry yet","true","1","Pesach Haggadah, Barech, Birkat Hamazon:18"
"pesach-haggadah","Pesach Haggadah","tok-df756c931ef9","לַיי","ליי","Unresolved","","No lexical entry yet","true","1","Pesach Haggadah, Barech, Birkat Hamazon:23"
"pesach-haggadah","Pesach Haggadah","tok-da3f7310435c","לַייָ","ליי","Unresolved","","No lexical entry yet","true","11","Pesach Haggadah, Magid, Rabban Gamliel's Three Things:2; Pesach Haggadah, Hallel, Second Half of Hallel:2; Pesach Haggadah, Hallel, Second Half of Hallel:4; Pesach Haggadah, Hallel, Second Half of Hallel:5; Pesach Haggadah, Hallel, Second Half of Hallel:6"
"pesach-haggadah","Pesach Haggadah","tok-115070c02f7e","לֵיל","ליל","Unresolved","","No lexical entry yet","true","1","Pesach Haggadah, Nirtzah, Zevach Pesach:2"
"pesach-haggadah","Pesach Haggadah","tok-93698e8b14fe","לִימוֹת","לימות","Unresolved","","No lexical entry yet","true","2","Pesach Haggadah, Magid, Story of the Five Rabbis:2; Pesach Haggadah, Barech, Birkat Hamazon:23"
"pesach-haggadah","Pesach Haggadah","tok-3b0f3815129b","לְיִצְחָק","ליצחק","Unresolved","","No lexical entry yet","true","1","Pesach Haggadah, Magid, In the Beginning Our Fathers Were Idol Worshipers:2"
"pesach-haggadah","Pesach Haggadah","tok-2e802dad71cb","לִיצִיאַת","ליציאת","Unresolved","","No lexical entry yet","true","1","Pesach Haggadah, Kadesh:7"
"pesach-haggadah","Pesach Haggadah","tok-3709a8a68671","לְךָ־אֶזְבַּח","לכ־אזבח","Unresolved","","No lexical entry yet","true","1","Pesach Haggadah, Hallel, Second Half of Hallel:4"
"pesach-haggadah","Pesach Haggadah","tok-8ad10600825d","לְכָל־בָּשָׂר","לכל־בשר","Unresolved","","No lexical entry yet","true","1","Pesach Haggadah, Hallel, Songs of Praise and Thanks:1"
"pesach-haggadah","Pesach Haggadah","tok-6bdac008b70d","לְכָל־עַמּוֹ","לכל־עמו","Unresolved","","No lexical entry yet","true","2","Pesach Haggadah, Hallel, Second Half of Hallel:4"
"pesach-haggadah","Pesach Haggadah","tok-0038bdd5f80a","לְכַלְבָּא","לכלבא","Unresolved","","No lexical entry yet","true","7","Pesach Haggadah, Nirtzah, Chad Gadya:4; Pesach Haggadah, Nirtzah, Chad Gadya:5; Pesach Haggadah, Nirtzah, Chad Gadya:6; Pesach Haggadah, Nirtzah, Chad Gadya:7; Pesach Haggadah, Nirtzah, Chad Gadya:8"
"pesach-haggadah","Pesach Haggadah","tok-c87835f81ce4","לְכַפֵּר","לכפר","Unresolved","","No lexical entry yet","true","1","Pesach Haggadah, Magid, Dayenu:16"
"pesach-haggadah","Pesach Haggadah","tok-10e33842d667","לִמּוּדָיו","למודיו","Unresolved","","No lexical entry yet","true","1","Pesach Haggadah, Nirtzah, Ki Lo Na'e:5"
"pesach-haggadah","Pesach Haggadah","tok-0493cf87581e","לְמוֹלִיךְ","למוליכ","Unresolved","","No lexical entry yet","true","1","Pesach Haggadah, Hallel, Songs of Praise and Thanks:1"
"pesach-haggadah","Pesach Haggadah","tok-b7b4910bf203","לְמוֹסֵרָי","למוסרי","Unresolved","","No lexical entry yet","true","1","Pesach Haggadah, Hallel, Second Half of Hallel:4"
"pesach-haggadah","Pesach Haggadah","tok-e8d159c241df","לְמוֹעֲדִים","למועדימ","Unresolved","","No lexical entry yet","true","1","Pesach Haggadah, Magid, Second Cup of Wine:2"
"pesach-haggadah","Pesach Haggadah","tok-846e8acb833e","לְמַיָא","למיא","Unresolved","","No lexical entry yet","true","4","Pesach Haggadah, Nirtzah, Chad Gadya:7; Pesach Haggadah, Nirtzah, Chad Gadya:8; Pesach Haggadah, Nirtzah, Chad Gadya:9; Pesach Haggadah, Nirtzah, Chad Gadya:10"
"pesach-haggadah","Pesach Haggadah","tok-c5da0afade6a","לְמַכֵּה","למכה","Unresolved","","No lexical entry yet","true","2","Pesach Haggadah, Hallel, Songs of Praise and Thanks:1"
"pesach-haggadah","Pesach Haggadah","tok-f04c3fa6fe0a","לְמַלְאַךְ","למלאכ","Unresolved","","No lexical entry yet","true","1","Pesach Haggadah, Nirtzah, Chad Gadya:10"
"pesach-haggadah","Pesach Haggadah","tok-e3cd5a48c538","לְמַלְאָךְ","למלאכ","Unresolved","","No lexical entry yet","true","1","Pesach Haggadah, Nirtzah, And It Happened at Midnight:6"
"pesach-haggadah","Pesach Haggadah","tok-f00480559276","לְמֶמְשְׁלוֹת","לממשלות","Unresolved","","No lexical entry yet","true","1","Pesach Haggadah, Hallel, Songs of Praise and Thanks:1"
"pesach-haggadah","Pesach Haggadah","tok-39288a0db60f","לְמֶמְשֶׁלֶת","לממשלת","Unresolved","","No lexical entry yet","true","1","Pesach Haggadah, Hallel, Songs of Praise and Thanks:1"
"pesach-haggadah","Pesach Haggadah","tok-e8b9d667b70f","לִמְנוּחָה","למנוחה","Unresolved","","No lexical entry yet","true","1","Pesach Haggadah, Kadesh:7"
"pesach-haggadah","Pesach Haggadah","tok-cdc6e232aa71","לִמְנוּחָיְכִי","למנוחיכי","Unresolved","","No lexical entry yet","true","1","Pesach Haggadah, Hallel, Second Half of Hallel:3"
"pesach-haggadah","Pesach Haggadah","tok-09050df8d746","למסובין","למסובינ","Unresolved","","No lexical entry yet","true","2","Pesach Haggadah, Magid, Rabban Gamliel's Three Things:3; Pesach Haggadah, Magid, Rabban Gamliel's Three Things:5"
"pesach-haggadah","Pesach Haggadah","tok-89a8287e1d2f","לְמַעְיְנוֹ־מָיִם","למעינו־מימ","Unresolved","","No lexical entry yet","true","1","Pesach Haggadah, Magid, First Half of Hallel:4"
"pesach-haggadah","Pesach Haggadah","tok-185ab7a2645f","לַמִּקְדָּשׁ","למקדש","Unresolved","","No lexical entry yet","true","1","Pesach Haggadah, Korech:3"
"pesach-haggadah","Pesach Haggadah","tok-953eaa880a95","לִמְשִׁיחוֹ","למשיחו","Unresolved","","No lexical entry yet","true","1","Pesach Haggadah, Barech, Birkat Hamazon:23"
"pesach-haggadah","Pesach Haggadah","tok-a6638e13e449","לְמִשְׁמֶרֶת","למשמרת","Unresolved","","No lexical entry yet","true","1","Pesach Haggadah, Barech, Birkat Hamazon:23"
"pesach-haggadah","Pesach Haggadah","tok-8c28a857f131","לְנוֹפֵף","לנופפ","Unresolved","","No lexical entry yet","true","1","Pesach Haggadah, Nirtzah, And It Happened at Midnight:8"
"pesach-haggadah","Pesach Haggadah","tok-2ce6f043b5d2","לְנוּרָא","לנורא","Unresolved","","No lexical entry yet","true","5","Pesach Haggadah, Nirtzah, Chad Gadya:6; Pesach Haggadah, Nirtzah, Chad Gadya:7; Pesach Haggadah, Nirtzah, Chad Gadya:8; Pesach Haggadah, Nirtzah, Chad Gadya:9; Pesach Haggadah, Nirtzah, Chad Gadya:10"
"pesach-haggadah","Pesach Haggadah","tok-3f48247a8946","לִנְפֹּל","לנפל","Unresolved","","No lexical entry yet","true","1","Pesach Haggadah, Hallel, Second Half of Hallel:6"
"pesach-haggadah","Pesach Haggadah","tok-6a57add7022f","לְסִיחוֹן","לסיחונ","Unresolved","","No lexical entry yet","true","1","Pesach Haggadah, Hallel, Songs of Praise and Thanks:1"
"pesach-haggadah","Pesach Haggadah","tok-bd763fea1b85","לַעֲב","לעב","Unresolved","","No lexical entry yet","true","1","Pesach Haggadah, Magid, In the Beginning Our Fathers Were Idol Worshipers:1"
"pesach-haggadah","Pesach Haggadah","tok-2df1ac7a8bdd","לַעֲבָדֶיךָ","לעבדיכ","Unresolved","","No lexical entry yet","true","1","Pesach Haggadah, Magid, First Fruits Declaration:3"
"pesach-haggadah","Pesach Haggadah","tok-8204ee6397e9","לְעוּצִית","לעוצית","Unresolved","","No lexical entry yet","true","1","Pesach Haggadah, Nirtzah, Zevach Pesach:8"
"pesach-haggadah","Pesach Haggadah","tok-c8735bbca138","לֹעֵז","לעז","Unresolved","","No lexical entry yet","true","1","Pesach Haggadah, Magid, First Half of Hallel:4"
"pesach-haggadah","Pesach Haggadah","tok-ae50dc8f5bb0","לְעִירְךָ","לעירכ","Unresolved","","No lexical entry yet","true","1","Pesach Haggadah, Nirtzah, And It Happened at Midnight:11"
"pesach-haggadah","Pesach Haggadah","tok-e29714d68d56","לְעַלֵּה","לעלה","Unresolved","","No lexical entry yet","true","2","Pesach Haggadah, Magid, First Half of Hallel:2; Pesach Haggadah, Hallel, Songs of Praise and Thanks:5"
"pesach-haggadah","Pesach Haggadah","tok-273ebe8c6b58","לַעֲקֹר","לעקר","Unresolved","","No lexical entry yet","true","1","Pesach Haggadah, Magid, First Fruits Declaration:2"
"pesach-haggadah","Pesach Haggadah","tok-5c041b371273","לְעֹשֵׂה","לעשה","Unresolved","","No lexical entry yet","true","3","Pesach Haggadah, Hallel, Songs of Praise and Thanks:1"
"pesach-haggadah","Pesach Haggadah","tok-6dd05f84cbd6","לַעֲשׂוֹתוֹ","לעשותו","Unresolved","","No lexical entry yet","true","1","Pesach Haggadah, Nirtzah, Chasal Siddur Pesach:2"
"pesach-haggadah","Pesach Haggadah","tok-f70832d698c5","לְפָאֵר","לפאר","Unresolved","","No lexical entry yet","true","2","Pesach Haggadah, Magid, First Half of Hallel:2; Pesach Haggadah, Hallel, Songs of Praise and Thanks:5"
"pesach-haggadah","Pesach Haggadah","tok-04824335942b","לפטור","לפטור","Unresolved","","No lexical entry yet","true","1","Pesach Haggadah, Karpas:2"
"pesach-haggadah","Pesach Haggadah","tok-9df7bfde9392","לִפְלֵיטָה","לפליטה","Unresolved","","No lexical entry yet","true","1","Pesach Haggadah, Barech, Birkat Hamazon:21"
"pesach-haggadah","Pesach Haggadah","tok-c28719a860bf","לְפַרְעֹה","לפרעה","Unresolved","","No lexical entry yet","true","3","Pesach Haggadah, Magid, We Were Slaves in Egypt:2; Pesach Haggadah, Magid, First Fruits Declaration:8"
"pesach-haggadah","Pesach Haggadah","tok-eb13106c2c84","לַצֹּאן","לצאנ","Unresolved","","No lexical entry yet","true","1","Pesach Haggadah, Magid, First Fruits Declaration:3"
"pesach-haggadah","Pesach Haggadah","tok-b8551aca611a","לְקָדְשׁוֹ","לקדשו","Unresolved","","No lexical entry yet","true","1","Pesach Haggadah, Magid, First Half of Hallel:4"
"pesach-haggadah","Pesach Haggadah","tok-dd06163fbc6b","לִקְדֻשַּׁת","לקדשת","Unresolved","","No lexical entry yet","true","1","Pesach Haggadah, Kadesh:10"
"pesach-haggadah","Pesach Haggadah","tok-926e624fcc7f","לָקוּ","לקו","Unresolved","","No lexical entry yet","true","8","Pesach Haggadah, Magid, The Ten Plagues:18; Pesach Haggadah, Magid, The Ten Plagues:19; Pesach Haggadah, Magid, The Ten Plagues:20"
"pesach-haggadah","Pesach Haggadah","tok-1f697b8d7301","לְקַעֲקֵעַ","לקעקע","Unresolved","","No lexical entry yet","true","1","Pesach Haggadah, Nirtzah, Zevach Pesach:7"
"pesach-haggadah","Pesach Haggadah","tok-2cc93b49491f","לִקְרָאתֵנוּ","לקראתנו","Unresolved","","No lexical entry yet","true","1","Pesach Haggadah, Magid, Second Cup of Wine:2"
"pesach-haggadah","Pesach Haggadah","tok-db1dab259171","לְקָרְבָּן","לקרבנ","Unresolved","","No lexical entry yet","true","1","Pesach Haggadah, Tzafun:3"
"pesach-haggadah","Pesach Haggadah","tok-7c7609bc8a0f","לָרֹב","לרב","Unresolved","","No lexical entry yet","true","1","Pesach Haggadah, Magid, First Fruits Declaration:4"
"pesach-haggadah","Pesach Haggadah","tok-7ff7e6c77727","לְרוֹקַע","לרוקע","Unresolved","","No lexical entry yet","true","1","Pesach Haggadah, Hallel, Songs of Praise and Thanks:1"
"pesach-haggadah","Pesach Haggadah","tok-c3011e9a1e89","לִשְׁאוֹל","לשאול","Unresolved","","No lexical entry yet","true","2","Pesach Haggadah, Magid, The Four Sons:1; Pesach Haggadah, Magid, The Four Sons:5"
"pesach-haggadah","Pesach Haggadah","tok-74be174c16b8","לְשַׁבֵּחַ","לשבח","Unresolved","","No lexical entry yet","true","2","Pesach Haggadah, Magid, First Half of Hallel:2; Pesach Haggadah, Hallel, Songs of Praise and Thanks:5"
"pesach-haggadah","Pesach Haggadah","tok-7c905449d8ea","לְשׁוֹחֵט","לשוחט","Unresolved","","No lexical entry yet","true","2","Pesach Haggadah, Nirtzah, Chad Gadya:9; Pesach Haggadah, Nirtzah, Chad Gadya:10"
"pesach-haggadah","Pesach Haggadah","tok-b17dcd4c8e6e","לְשׁוֹמֵר","לשומר","Unresolved","","No lexical entry yet","true","1","Pesach Haggadah, Nirtzah, And It Happened at Midnight:10"
"pesach-haggadah","Pesach Haggadah","tok-e2f027dc88bb","לְשׁוּנְרָא","לשונרא","Unresolved","","No lexical entry yet","true","8","Pesach Haggadah, Nirtzah, Chad Gadya:3; Pesach Haggadah, Nirtzah, Chad Gadya:4; Pesach Haggadah, Nirtzah, Chad Gadya:5; Pesach Haggadah, Nirtzah, Chad Gadya:6; Pesach Haggadah, Nirtzah, Chad Gadya:7"
"pesach-haggadah","Pesach Haggadah","tok-b3188b390910","לְשׁוֹר","לשור","Unresolved","","No lexical entry yet","true","1","Pesach Haggadah, Nirtzah, Zevach Pesach:3"
"pesach-haggadah","Pesach Haggadah","tok-3fc1af98b2ec","לְשַׁלֵּשׁ","לשלש","Unresolved","","No lexical entry yet","true","1","Pesach Haggadah, Nirtzah, Zevach Pesach:8"
"pesach-haggadah","Pesach Haggadah","tok-c9594c84aaa4","לְשִׂמְחָה","לשמחה","Unresolved","","No lexical entry yet","true","1","Pesach Haggadah, Kadesh:7"
"pesach-haggadah","Pesach Haggadah","tok-52cb8f470ebd","לְשִׂמְחָה","לשמחה","Unresolved","","No lexical entry yet","true","1","Pesach Haggadah, Magid, First Half of Hallel:2"
"pesach-haggadah","Pesach Haggadah","tok-4536af22fdcc","לִשְמֶךָ","לשמכ","Unresolved","","No lexical entry yet","true","1","Pesach Haggadah, Hallel, Songs of Praise and Thanks:4"
"pesach-haggadah","Pesach Haggadah","tok-fa84590cd8c1","לְשָׁנָה","לשנה","Unresolved","","No lexical entry yet","true","3","Pesach Haggadah, Magid, Ha Lachma Anya:3; Pesach Haggadah, Nirtzah, L'Shana HaBaa:1"
"pesach-haggadah","Pesach Haggadah","tok-5cd90450dc79","לְשֵׁשֶׁת","לששת","Unresolved","","No lexical entry yet","true","1","Pesach Haggadah, Kadesh:10"
"pesach-haggadah","Pesach Haggadah","tok-597ab2b7d8bb","לשתים","לשתימ","Unresolved","","No lexical entry yet","true","1","Pesach Haggadah, Yachatz:2"
"pesach-haggadah","Pesach Haggadah","tok-7dbe3c983050","לְתוֹכָהּ","לתוכה","Unresolved","","No lexical entry yet","true","1","Pesach Haggadah, Hallel, Fourth Cup of Wine:3"
"pesach-haggadah","Pesach Haggadah","tok-4c77399e913a","לְתוֹרָא","לתורא","Unresolved","","No lexical entry yet","true","3","Pesach Haggadah, Nirtzah, Chad Gadya:8; Pesach Haggadah, Nirtzah, Chad Gadya:9; Pesach Haggadah, Nirtzah, Chad Gadya:10"
"pesach-haggadah","Pesach Haggadah","tok-e23256e6fe06","מֵאָדָם","מאדמ","Unresolved","","No lexical entry yet","true","1","Pesach Haggadah, Magid, First Fruits Declaration:18"
"pesach-haggadah","Pesach Haggadah","tok-898c9e284c22","מֵאוֹת","מאות","Unresolved","","No lexical entry yet","true","1","Pesach Haggadah, Magid, In the Beginning Our Fathers Were Idol Worshipers:3"
"pesach-haggadah","Pesach Haggadah","tok-ceb2866404c9","מְאִירוֹת","מאירות","Unresolved","","No lexical entry yet","true","1","Pesach Haggadah, Hallel, Songs of Praise and Thanks:3"
"pesach-haggadah","Pesach Haggadah","tok-3139df9ed905","מֵאלֹהֵי","מאלהי","Unresolved","","No lexical entry yet","true","1","Pesach Haggadah, Barech, Birkat Hamazon:23"
"pesach-haggadah","Pesach Haggadah","tok-f00458228a84","מָאֲסוּ","מאסו","Unresolved","","No lexical entry yet","true","2","Pesach Haggadah, Hallel, Second Half of Hallel:7"
"pesach-haggadah","Pesach Haggadah","tok-1af17ade7c86","מֵאַשְׁפֹּת","מאשפת","Unresolved","","No lexical entry yet","true","1","Pesach Haggadah, Magid, First Half of Hallel:3"
"pesach-haggadah","Pesach Haggadah","tok-9f8cae0fb16e","מָאתַיִם","מאתימ","Unresolved","","No lexical entry yet","true","1","Pesach Haggadah, Magid, The Ten Plagues:19"
"pesach-haggadah","Pesach Haggadah","tok-e86a786a54b4","מִבְּטֹחַ","מבטח","Unresolved","","No lexical entry yet","true","2","Pesach Haggadah, Hallel, Second Half of Hallel:6"
"pesach-haggadah","Pesach Haggadah","tok-5cd66e9a4021","מִבְטַחוֹ","מבטחו","Unresolved","","No lexical entry yet","true","1","Pesach Haggadah, Barech, Birkat Hamazon:23"
"pesach-haggadah","Pesach Haggadah","tok-fc148f32657c","מִבְּעוֹד","מבעוד","Unresolved","","No lexical entry yet","true","1","Pesach Haggadah, Magid, Yechol Me'rosh Chodesh:1"
"pesach-haggadah","Pesach Haggadah","tok-dc0bd8ca061f","מברך","מברכ","Unresolved","","No lexical entry yet","true","4","Pesach Haggadah, Kadesh:13; Pesach Haggadah, Karpas:2; Pesach Haggadah, Maror:2; Pesach Haggadah, Barech, Third Cup of Wine:2"
"pesach-haggadah","Pesach Haggadah","tok-2add00ec5c1d","מְבֹרָךְ","מברכ","Unresolved","","No lexical entry yet","true","2","Pesach Haggadah, Magid, First Half of Hallel:3; Pesach Haggadah, Barech, Birkat Hamazon:7"
"pesach-haggadah","Pesach Haggadah","tok-85a9c090d5e9","מגביה","מגביה","Unresolved","","No lexical entry yet","true","1","Pesach Haggadah, Magid, Ha Lachma Anya:2"
"pesach-haggadah","Pesach Haggadah","tok-f251288c35b8","מגביהים","מגביהימ","Unresolved","","No lexical entry yet","true","1","Pesach Haggadah, Magid, Second Cup of Wine:1"
"pesach-haggadah","Pesach Haggadah","tok-b743bf7e90d9","מִגֹּזְלוֹ","מגזלו","Unresolved","","No lexical entry yet","true","1","Pesach Haggadah, Hallel, Songs of Praise and Thanks:4"
"pesach-haggadah","Pesach Haggadah","tok-9190c18842a7","מַגִּיד","מגיד","Unresolved","","No lexical entry yet","true","1","Pesach Haggadah, Magid, Ha Lachma Anya:1"
"pesach-haggadah","Pesach Haggadah","tok-612c65c7a348","מִדֶּחִי","מדחי","Unresolved","","No lexical entry yet","true","1","Pesach Haggadah, Hallel, Second Half of Hallel:3"
"pesach-haggadah","Pesach Haggadah","tok-f7ec95ca37be","מִדַּיָּא","מדיא","Unresolved","","No lexical entry yet","true","1","Pesach Haggadah, Nirtzah, Echad Mi Yodea:1"
"pesach-haggadah","Pesach Haggadah","tok-aed55748b297","מִדְיָן","מדינ","Unresolved","","No lexical entry yet","true","1","Pesach Haggadah, Nirtzah, Zevach Pesach:6"
"pesach-haggadah","Pesach Haggadah","tok-f3ac3c37aaf6","מָה־אָשִׁיב","מה־אשיב","Unresolved","","No lexical entry yet","true","1","Pesach Haggadah, Hallel, Second Half of Hallel:4"
"pesach-haggadah","Pesach Haggadah","tok-3c6c81f98242","מַה־יַּעֲשֶׂה","מה־יעשה","Unresolved","","No lexical entry yet","true","1","Pesach Haggadah, Hallel, Second Half of Hallel:6"
"pesach-haggadah","Pesach Haggadah","tok-e481fd17b311","מַה־לְּךָ","מה־לכ","Unresolved","","No lexical entry yet","true","1","Pesach Haggadah, Magid, First Half of Hallel:4"
"pesach-haggadah","Pesach Haggadah","tok-573ddbd26ac0","מְהֻלָּל","מהלל","Unresolved","","No lexical entry yet","true","1","Pesach Haggadah, Magid, First Half of Hallel:3"
"pesach-haggadah","Pesach Haggadah","tok-61e947f38e71","מהמסבים","מהמסבימ","Unresolved","","No lexical entry yet","true","2","Pesach Haggadah, Korech:2; Pesach Haggadah, Tzafun:2"
"pesach-haggadah","Pesach Haggadah","tok-0bba7e747951","מהמסבִים","מהמסבימ","Unresolved","","No lexical entry yet","true","1","Pesach Haggadah, Maror:2"
"pesach-haggadah","Pesach Haggadah","tok-3ecf1953ada7","מהמצה","מהמצה","Unresolved","","No lexical entry yet","true","1","Pesach Haggadah, Tzafun:2"
"pesach-haggadah","Pesach Haggadah","tok-433f77002839","מוזגים","מוזגימ","Unresolved","","No lexical entry yet","true","3","Pesach Haggadah, Kadesh:1; Pesach Haggadah, Barech, Birkat Hamazon:2; Pesach Haggadah, Barech, Pour Out Thy Wrath:1"
"pesach-haggadah","Pesach Haggadah","tok-829c5c8fe69e","מוזגין","מוזגינ","Unresolved","","No lexical entry yet","true","2","Pesach Haggadah, Magid, Four Questions:1; Pesach Haggadah, Hallel, Second Half of Hallel:1"
"pesach-haggadah","Pesach Haggadah","tok-c1bee1a12bc0","מוסיפין","מוסיפינ","Unresolved","","No lexical entry yet","true","1","Pesach Haggadah, Barech, Birkat Hamazon:19"
"pesach-haggadah","Pesach Haggadah","tok-66c95013545a","מוֹעֲדוֹת","מועדות","Unresolved","","No lexical entry yet","true","1","Pesach Haggadah, Nirtzah, Zevach Pesach:2"
"pesach-haggadah","Pesach Haggadah","tok-84f0db420e51","מוֹעֲדִים","מועדימ","Unresolved","","No lexical entry yet","true","1","Pesach Haggadah, Kadesh:7"
"pesach-haggadah","Pesach Haggadah","tok-0962b69c2511","מוֹף","מופ","Unresolved","","No lexical entry yet","true","1","Pesach Haggadah, Nirtzah, Zevach Pesach:4"
"pesach-haggadah","Pesach Haggadah","tok-1bf4fbe4b81e","מוֹפְתִים","מופתימ","Unresolved","","No lexical entry yet","true","1","Pesach Haggadah, Magid, First Fruits Declaration:24"
"pesach-haggadah","Pesach Haggadah","tok-4d4845d1e7ea","מוֹצִיא","מוציא","Unresolved","","No lexical entry yet","true","1","Pesach Haggadah, Motzi Matzah:1"
"pesach-haggadah","Pesach Haggadah","tok-066ffeb1720f","מוֹרִי","מורי","Unresolved","","No lexical entry yet","true","1","Pesach Haggadah, Barech, Birkat Hamazon:23"
"pesach-haggadah","Pesach Haggadah","tok-3add7e2b1cd1","מוֹרָתִי","מורתי","Unresolved","","No lexical entry yet","true","1","Pesach Haggadah, Barech, Birkat Hamazon:23"
"pesach-haggadah","Pesach Haggadah","tok-1d03fffd3e29","מוֹשִׁיבִי","מושיבי","Unresolved","","No lexical entry yet","true","1","Pesach Haggadah, Magid, First Half of Hallel:3"
"pesach-haggadah","Pesach Haggadah","tok-c69a465c7bd2","מִזְבְּחֶךָ","מזבחכ","Unresolved","","No lexical entry yet","true","1","Pesach Haggadah, Hallel, Fourth Cup of Wine:3"
"pesach-haggadah","Pesach Haggadah","tok-c0fa9e173e5e","מִזְבַּחֲךָ","מזבחכ","Unresolved","","No lexical entry yet","true","1","Pesach Haggadah, Magid, Second Cup of Wine:2"
"pesach-haggadah","Pesach Haggadah","tok-8e83c46ca70a","מחזיר","מחזיר","Unresolved","","No lexical entry yet","true","1","Pesach Haggadah, Magid, We Were Slaves in Egypt:1"
"pesach-haggadah","Pesach Haggadah","tok-82e63db030a7","מָחַצְתָּ","מחצת","Unresolved","","No lexical entry yet","true","3","Pesach Haggadah, Nirtzah, And It Happened at Midnight:7; Pesach Haggadah, Nirtzah, Zevach Pesach:5; Pesach Haggadah, Nirtzah, Zevach Pesach:8"
"pesach-haggadah","Pesach Haggadah","tok-8e83d3dafb93","מְחָרֵף","מחרפ","Unresolved","","No lexical entry yet","true","1","Pesach Haggadah, Nirtzah, And It Happened at Midnight:8"
"pesach-haggadah","Pesach Haggadah","tok-96776b0c0d0d","מַטְבִּילִין","מטבילינ","Unresolved","","No lexical entry yet","true","1","Pesach Haggadah, Magid, Four Questions:2"
"pesach-haggadah","Pesach Haggadah","tok-d997bcbc3f7a","מטבִלו","מטבלו","Unresolved","","No lexical entry yet","true","1","Pesach Haggadah, Maror:2"
"pesach-haggadah","Pesach Haggadah","tok-f7738f4f8c13","מִטּוּבָהּ","מטובה","Unresolved","","No lexical entry yet","true","2","Pesach Haggadah, Hallel, Fourth Cup of Wine:3"
"pesach-haggadah","Pesach Haggadah","tok-0731885e798c","מֵטִיב","מטיב","Unresolved","","No lexical entry yet","true","1","Pesach Haggadah, Barech, Birkat Hamazon:22"
"pesach-haggadah","Pesach Haggadah","tok-27422377cbb9","מַיָא","מיא","Unresolved","","No lexical entry yet","true","1","Pesach Haggadah, Nirtzah, Chad Gadya:6"
"pesach-haggadah","Pesach Haggadah","tok-1f53f83e7796","מידו","מידו","Unresolved","","No lexical entry yet","true","1","Pesach Haggadah, Magid, First Fruits Declaration:1"
"pesach-haggadah","Pesach Haggadah","tok-65a0171dd83f","מִילָה","מילה","Unresolved","","No lexical entry yet","true","6","Pesach Haggadah, Nirtzah, Echad Mi Yodea:1"
"pesach-haggadah","Pesach Haggadah","tok-b35df686488c","מכוסות","מכוסות","Unresolved","","No lexical entry yet","true","1","Pesach Haggadah, Kadesh:1"
"pesach-haggadah","Pesach Haggadah","tok-694713d232f1","מִכָּל־לָשׁוֹן","מכל־לשונ","Unresolved","","No lexical entry yet","true","1","Pesach Haggadah, Kadesh:7"
"pesach-haggadah","Pesach Haggadah","tok-79cefa12187f","מִכָּל־מְלַאכְתּוֹ","מכל־מלאכתו","Unresolved","","No lexical entry yet","true","2","Pesach Haggadah, Kadesh:4"
"pesach-haggadah","Pesach Haggadah","tok-92eccccca5a4","מִכָּל־עָם","מכל־עמ","Unresolved","","No lexical entry yet","true","1","Pesach Haggadah, Kadesh:7"
"pesach-haggadah","Pesach Haggadah","tok-347cf5177b2f","מַכַּת","מכת","Unresolved","","No lexical entry yet","true","1","Pesach Haggadah, Magid, The Ten Plagues:16"
"pesach-haggadah","Pesach Haggadah","tok-157fe62fe622","מְלַאכְתּוֹ","מלאכתו","Unresolved","","No lexical entry yet","true","1","Pesach Haggadah, Kadesh:4"
"pesach-haggadah","Pesach Haggadah","tok-c146cc43936a","מלח","מלח","Unresolved","","No lexical entry yet","true","1","Pesach Haggadah, Karpas:2"
"pesach-haggadah","Pesach Haggadah","tok-029dc469daa7","מַלְּטָה","מלטה","Unresolved","","No lexical entry yet","true","1","Pesach Haggadah, Hallel, Second Half of Hallel:3"
"pesach-haggadah","Pesach Haggadah","tok-d1363a32d141","מִלַּטְתָּנוּ","מלטתנו","Unresolved","","No lexical entry yet","true","1","Pesach Haggadah, Hallel, Songs of Praise and Thanks:3"
"pesach-haggadah","Pesach Haggadah","tok-4f1ffab9fbe2","מַלְכּוֹ","מלכו","Unresolved","","No lexical entry yet","true","1","Pesach Haggadah, Barech, Birkat Hamazon:23"
"pesach-haggadah","Pesach Haggadah","tok-8ce078d6f18e","מְלַמֵד","מלמד","Unresolved","","No lexical entry yet","true","1","Pesach Haggadah, Magid, First Fruits Declaration:5"
"pesach-haggadah","Pesach Haggadah","tok-61d4496d9fd7","מְלַמֵּד","מלמד","Unresolved","","No lexical entry yet","true","1","Pesach Haggadah, Magid, First Fruits Declaration:3"
"pesach-haggadah","Pesach Haggadah","tok-a55f721648c0","מִמָּוֶת","ממות","Unresolved","","No lexical entry yet","true","1","Pesach Haggadah, Hallel, Second Half of Hallel:3"
"pesach-haggadah","Pesach Haggadah","tok-9e7876221b25","מִמִּזְרַח־שֶׁמֶשׁ","ממזרח־שמש","Unresolved","","No lexical entry yet","true","1","Pesach Haggadah, Magid, First Half of Hallel:3"
"pesach-haggadah","Pesach Haggadah","tok-9bf2b91a64e8","מִמִּצְרָיִם""","ממצרימ""","Unresolved","","No lexical entry yet","true","1","Pesach Haggadah, Magid, The Four Sons:3"
"pesach-haggadah","Pesach Haggadah","tok-30fbf3a2c139","מַמְשְׁלוֹתָיו","ממשלותיו","Unresolved","","No lexical entry yet","true","1","Pesach Haggadah, Magid, First Half of Hallel:4"
"pesach-haggadah","Pesach Haggadah","tok-b139d549b844","מִן־דִּמְעָה","מנ־דמעה","Unresolved","","No lexical entry yet","true","1","Pesach Haggadah, Hallel, Second Half of Hallel:3"
"pesach-haggadah","Pesach Haggadah","tok-49dbb86965a4","מִן־הָאָרֶץ","מנ־הארצ","Unresolved","","No lexical entry yet","true","1","Pesach Haggadah, Magid, First Fruits Declaration:7"
"pesach-haggadah","Pesach Haggadah","tok-dc28e67c7af9","מִן־הַמֵּצַר","מנ־המצר","Unresolved","","No lexical entry yet","true","1","Pesach Haggadah, Hallel, Second Half of Hallel:6"
"pesach-haggadah","Pesach Haggadah","tok-7839832dd4ff","מִן־הָעֲבוֹדָה","מנ־העבודה","Unresolved","","No lexical entry yet","true","1","Pesach Haggadah, Magid, First Fruits Declaration:12"
"pesach-haggadah","Pesach Haggadah","tok-e51c8f6f865d","מָנָה","מנה","Unresolved","","No lexical entry yet","true","1","Pesach Haggadah, Nirtzah, Chasal Siddur Pesach:2"
"pesach-haggadah","Pesach Haggadah","tok-eb8a2021c4ec","מֻנָּחִים","מנחימ","Unresolved","","No lexical entry yet","true","1","Pesach Haggadah, Magid, Yechol Me'rosh Chodesh:1"
"pesach-haggadah","Pesach Haggadah","tok-9f63f3eb84a7","מִנַּיִן","מנינ","Unresolved","","No lexical entry yet","true","3","Pesach Haggadah, Magid, The Ten Plagues:18; Pesach Haggadah, Magid, The Ten Plagues:19; Pesach Haggadah, Magid, The Ten Plagues:20"
"pesach-haggadah","Pesach Haggadah","tok-7c1eac85fb3d","מנער","מנער","Unresolved","","No lexical entry yet","true","1","Pesach Haggadah, Maror:2"
"pesach-haggadah","Pesach Haggadah","tok-272e8e0bc9e3","מְסֻבִּין","מסבינ","Unresolved","","No lexical entry yet","true","3","Pesach Haggadah, Magid, Four Questions:2; Pesach Haggadah, Magid, Story of the Five Rabbis:1"
"pesach-haggadah","Pesach Haggadah","tok-a16838ade3eb","מְסֻגֶּרֶת","מסגרת","Unresolved","","No lexical entry yet","true","1","Pesach Haggadah, Nirtzah, Zevach Pesach:6"
"pesach-haggadah","Pesach Haggadah","tok-b63ab80cb3f8","מִסִּים","מסימ","Unresolved","","No lexical entry yet","true","1","Pesach Haggadah, Magid, First Fruits Declaration:8"
"pesach-haggadah","Pesach Haggadah","tok-6251c244954b","מסיר","מסיר","Unresolved","","No lexical entry yet","true","1","Pesach Haggadah, Magid, Four Questions:1"
"pesach-haggadah","Pesach Haggadah","tok-3efcb909a302","מַסְפִּיקִים","מספיקימ","Unresolved","","No lexical entry yet","true","1","Pesach Haggadah, Hallel, Songs of Praise and Thanks:3"
"pesach-haggadah","Pesach Haggadah","tok-7f7a736665b0","מֵעַם","מעמ","Unresolved","","No lexical entry yet","true","1","Pesach Haggadah, Magid, First Half of Hallel:4"
"pesach-haggadah","Pesach Haggadah","tok-3a16b6864b2e","מַפְטִירִין","מפטירינ","Unresolved","","No lexical entry yet","true","1","Pesach Haggadah, Magid, The Four Sons:2"
"pesach-haggadah","Pesach Haggadah","tok-29e02463114e","מִפִּרְיָהּ","מפריה","Unresolved","","No lexical entry yet","true","2","Pesach Haggadah, Hallel, Fourth Cup of Wine:3"
"pesach-haggadah","Pesach Haggadah","tok-61b481ace17a","מָצְאוּ","מצאו","Unresolved","","No lexical entry yet","true","1","Pesach Haggadah, Nirtzah, And It Happened at Midnight:7"
"pesach-haggadah","Pesach Haggadah","tok-44a5021007e2","מְצָאוּנִי","מצאוני","Unresolved","","No lexical entry yet","true","1","Pesach Haggadah, Hallel, Second Half of Hallel:3"
"pesach-haggadah","Pesach Haggadah","tok-8d34f283d886","מַצָּה","מצה","Unresolved","","No lexical entry yet","true","8","Pesach Haggadah, Magid, Four Questions:2; Pesach Haggadah, Magid, Yechol Me'rosh Chodesh:1; Pesach Haggadah, Magid, Rabban Gamliel's Three Things:1; Pesach Haggadah, Magid, Rabban Gamliel's Three Things:4; Pesach Haggadah, Magid, Second Cup of Wine:2"
"pesach-haggadah","Pesach Haggadah","tok-8b0afb0147c5","מַצָּה""","מצה""","Unresolved","","No lexical entry yet","true","1","Pesach Haggadah, Motzi Matzah:2"
"pesach-haggadah","Pesach Haggadah","tok-5f29e8b1cbe1","מַצִּיל","מציל","Unresolved","","No lexical entry yet","true","1","Pesach Haggadah, Hallel, Songs of Praise and Thanks:4"
"pesach-haggadah","Pesach Haggadah","tok-cdca30c85255","מַצִּילֵנוּ","מצילנו","Unresolved","","No lexical entry yet","true","1","Pesach Haggadah, Magid, In the Beginning Our Fathers Were Idol Worshipers:5"
"pesach-haggadah","Pesach Haggadah","tok-57f17433badb","מְצֻיָּנִים","מצינימ","Unresolved","","No lexical entry yet","true","1","Pesach Haggadah, Magid, First Fruits Declaration:5"
"pesach-haggadah","Pesach Haggadah","tok-6e24fd04b443","מִצְרַיְמָה","מצרימה","Unresolved","","No lexical entry yet","true","2","Pesach Haggadah, Magid, First Fruits Declaration:2; Pesach Haggadah, Magid, First Fruits Declaration:3"
"pesach-haggadah","Pesach Haggadah","tok-98630b7a03ce","מִצְרָיְמָה","מצרימה","Unresolved","","No lexical entry yet","true","1","Pesach Haggadah, Magid, First Fruits Declaration:4"
"pesach-haggadah","Pesach Haggadah","tok-11063fc76518","מִצָּרֵינוּ","מצרינו","Unresolved","","No lexical entry yet","true","1","Pesach Haggadah, Hallel, Songs of Praise and Thanks:1"
"pesach-haggadah","Pesach Haggadah","tok-d059fcace748","מְקִימִי","מקימי","Unresolved","","No lexical entry yet","true","1","Pesach Haggadah, Magid, First Half of Hallel:3"
"pesach-haggadah","Pesach Haggadah","tok-d5d85728bdb1","מִקְרָא","מקרא","Unresolved","","No lexical entry yet","true","1","Pesach Haggadah, Kadesh:7"
"pesach-haggadah","Pesach Haggadah","tok-d19572afdd62","מרור","מרור","Unresolved","","No lexical entry yet","true","2","Pesach Haggadah, Maror:2; Pesach Haggadah, Korech:2"
"pesach-haggadah","Pesach Haggadah","tok-28dc94dda682","מָרוֹר","מרור","Unresolved","","No lexical entry yet","true","4","Pesach Haggadah, Magid, Four Questions:2; Pesach Haggadah, Magid, Rabban Gamliel's Three Things:6; Pesach Haggadah, Maror:1; Pesach Haggadah, Maror:3"
"pesach-haggadah","Pesach Haggadah","tok-c21e16c6c70c","מָרָנָן","מרננ","Unresolved","","No lexical entry yet","true","2","Pesach Haggadah, Kadesh:6; Pesach Haggadah, Barech, Birkat Hamazon:9"
"pesach-haggadah","Pesach Haggadah","tok-9b53c38c3a17","מִרְעֶה","מרעה","Unresolved","","No lexical entry yet","true","1","Pesach Haggadah, Magid, First Fruits Declaration:3"
"pesach-haggadah","Pesach Haggadah","tok-b49b8714c762","מְשֻׁבָּח","משבח","Unresolved","","No lexical entry yet","true","1","Pesach Haggadah, Magid, We Were Slaves in Egypt:2"
"pesach-haggadah","Pesach Haggadah","tok-a63d3d83b107","מַשְׁחִית","משחית","Unresolved","","No lexical entry yet","true","1","Pesach Haggadah, Nirtzah, Zevach Pesach:5"
"pesach-haggadah","Pesach Haggadah","tok-6079c5952c60","מֶשֶךְ־הַזָּרַע","משכ־הזרע","Unresolved","","No lexical entry yet","true","1","Pesach Haggadah, Barech, Birkat Hamazon:3"
"pesach-haggadah","Pesach Haggadah","tok-eac444bec24f","מִשְׁלַחַת","משלחת","Unresolved","","No lexical entry yet","true","4","Pesach Haggadah, Magid, The Ten Plagues:19; Pesach Haggadah, Magid, The Ten Plagues:20"
"pesach-haggadah","Pesach Haggadah","tok-0ac14100c840","מִשְׁמַנֵּי","משמני","Unresolved","","No lexical entry yet","true","1","Pesach Haggadah, Nirtzah, Zevach Pesach:6"
"pesach-haggadah","Pesach Haggadah","tok-1c3bead9b4dc","מִשְׁנָה","משנה","Unresolved","","No lexical entry yet","true","8","Pesach Haggadah, Nirtzah, Echad Mi Yodea:1"
"pesach-haggadah","Pesach Haggadah","tok-b94ad3c6eed7","מְשֻׁעְבָּדִים","משעבדימ","Unresolved","","No lexical entry yet","true","1","Pesach Haggadah, Magid, We Were Slaves in Egypt:2"
"pesach-haggadah","Pesach Haggadah","tok-bd0a1063e62d","מִשְׁפָּטוֹ","משפטו","Unresolved","","No lexical entry yet","true","1","Pesach Haggadah, Nirtzah, Chasal Siddur Pesach:2"
"pesach-haggadah","Pesach Haggadah","tok-975c602a348b","מִשֵּׁשֶׁת","מששת","Unresolved","","No lexical entry yet","true","1","Pesach Haggadah, Kadesh:10"
"pesach-haggadah","Pesach Haggadah","tok-5e99c7141633","מִשְׁתַּכֵּר","משתכר","Unresolved","","No lexical entry yet","true","1","Pesach Haggadah, Nirtzah, And It Happened at Midnight:9"
"pesach-haggadah","Pesach Haggadah","tok-b87a60e73402","מִתְבּוֹסֶסֶת","מתבוססת","Unresolved","","No lexical entry yet","true","1","Pesach Haggadah, Magid, First Fruits Declaration:6"
"pesach-haggadah","Pesach Haggadah","tok-f217322b9879","מתחילין","מתחילינ","Unresolved","","No lexical entry yet","true","2","Pesach Haggadah, Kadesh:3; Pesach Haggadah, Kadesh:5"
"pesach-haggadah","Pesach Haggadah","tok-b89341eb7437","מִתְּחִלָּה","מתחלה","Unresolved","","No lexical entry yet","true","1","Pesach Haggadah, Magid, In the Beginning Our Fathers Were Idol Worshipers:1"
"pesach-haggadah","Pesach Haggadah","tok-aef34dd666fc","מַתְּנַת","מתנת","Unresolved","","No lexical entry yet","true","1","Pesach Haggadah, Barech, Birkat Hamazon:18"
"pesach-haggadah","Pesach Haggadah","tok-6b1b5fb3d434","ן","נ","Unresolved","","No lexical entry yet","true","1","Pesach Haggadah, Hallel, Songs of Praise and Thanks:2"
"pesach-haggadah","Pesach Haggadah","tok-c5da81afc642","נִ","נ","Unresolved","","No lexical entry yet","true","1","Pesach Haggadah, Magid, Rabban Gamliel's Three Things:7"
"pesach-haggadah","Pesach Haggadah","tok-06f448c0713d","נָאוָה","נאוה","Unresolved","","No lexical entry yet","true","1","Pesach Haggadah, Hallel, Songs of Praise and Thanks:4"
"pesach-haggadah","Pesach Haggadah","tok-715d0fd8d8ed","נְבוֹנִים","נבונימ","Unresolved","","No lexical entry yet","true","1","Pesach Haggadah, Magid, We Were Slaves in Egypt:2"
"pesach-haggadah","Pesach Haggadah","tok-0ce9b8109f1b","נֵבוֹשׁ","נבוש","Unresolved","","No lexical entry yet","true","1","Pesach Haggadah, Barech, Birkat Hamazon:18"
"pesach-haggadah","Pesach Haggadah","tok-3bea15096f3b","נְבָרֵךְ","נברכ","Unresolved","","No lexical entry yet","true","3","Pesach Haggadah, Barech, Birkat Hamazon:5; Pesach Haggadah, Barech, Birkat Hamazon:9; Pesach Haggadah, Hallel, Second Half of Hallel:2"
"pesach-haggadah","Pesach Haggadah","tok-bd62301a307d","נִגְאָל","נגאל","Unresolved","","No lexical entry yet","true","1","Pesach Haggadah, Magid, The Four Sons:3"
"pesach-haggadah","Pesach Haggadah","tok-b98c348c5c58","נֶגְדָה־נָּא","נגדה־נא","Unresolved","","No lexical entry yet","true","2","Pesach Haggadah, Hallel, Second Half of Hallel:4"
"pesach-haggadah","Pesach Haggadah","tok-9da7aa23f8f4","נָגִילָה","נגילה","Unresolved","","No lexical entry yet","true","2","Pesach Haggadah, Hallel, Second Half of Hallel:7"
"pesach-haggadah","Pesach Haggadah","tok-ffc623bc1803","נְדָרַי","נדרי","Unresolved","","No lexical entry yet","true","2","Pesach Haggadah, Hallel, Second Half of Hallel:4"
"pesach-haggadah","Pesach Haggadah","tok-d3504aeab72a","נַהֵל","נהל","Unresolved","","No lexical entry yet","true","1","Pesach Haggadah, Nirtzah, Chasal Siddur Pesach:2"
"pesach-haggadah","Pesach Haggadah","tok-171b8f9924d1","נְהַלֶּלְךָ","נהללכ","Unresolved","","No lexical entry yet","true","1","Pesach Haggadah, Hallel, Songs of Praise and Thanks:4"
"pesach-haggadah","Pesach Haggadah","tok-0f90fcdc379e","נֶהֱרַג","נהרג","Unresolved","","No lexical entry yet","true","1","Pesach Haggadah, Nirtzah, And It Happened at Midnight:9"
"pesach-haggadah","Pesach Haggadah","tok-3ac210cf7b26","נוֹצְצִים","נוצצימ","Unresolved","","No lexical entry yet","true","1","Pesach Haggadah, Nirtzah, Zevach Pesach:3"
"pesach-haggadah","Pesach Haggadah","tok-8f3e7e497a59","נוֹשַׁע","נושע","Unresolved","","No lexical entry yet","true","1","Pesach Haggadah, Nirtzah, And It Happened at Midnight:9"
"pesach-haggadah","Pesach Haggadah","tok-b3e9b9459cbd","נִזְכֶּה","נזכה","Unresolved","","No lexical entry yet","true","1","Pesach Haggadah, Nirtzah, Chasal Siddur Pesach:2"
"pesach-haggadah","Pesach Haggadah","tok-acf28b45e88b","נָחוֹר","נחור","Unresolved","","No lexical entry yet","true","1","Pesach Haggadah, Magid, In the Beginning Our Fathers Were Idol Worshipers:1"
"pesach-haggadah","Pesach Haggadah","tok-4a735167e1fa","נֶחָמָה","נחמה","Unresolved","","No lexical entry yet","true","1","Pesach Haggadah, Barech, Birkat Hamazon:22"
"pesach-haggadah","Pesach Haggadah","tok-e4ddd45362b9","נְטִילַת","נטילת","Unresolved","","No lexical entry yet","true","2","Pesach Haggadah, Urchatz:2; Pesach Haggadah, Rachtzah:3"
"pesach-haggadah","Pesach Haggadah","tok-7afe03b12057","נִטְעֵי","נטעי","Unresolved","","No lexical entry yet","true","1","Pesach Haggadah, Nirtzah, Chasal Siddur Pesach:2"
"pesach-haggadah","Pesach Haggadah","tok-cca7075c97ed","נָטַר","נטר","Unresolved","","No lexical entry yet","true","1","Pesach Haggadah, Nirtzah, And It Happened at Midnight:9"
"pesach-haggadah","Pesach Haggadah","tok-f67be9f90369","נִכָּלֵם","נכלמ","Unresolved","","No lexical entry yet","true","1","Pesach Haggadah, Barech, Birkat Hamazon:18"
"pesach-haggadah","Pesach Haggadah","tok-5ef229005aa1","נָכֹנוּ","נכנו","Unresolved","","No lexical entry yet","true","1","Pesach Haggadah, Magid, First Fruits Declaration:6"
"pesach-haggadah","Pesach Haggadah","tok-21f606f618aa","נִסִּים","נסימ","Unresolved","","No lexical entry yet","true","1","Pesach Haggadah, Nirtzah, And It Happened at Midnight:3"
"pesach-haggadah","Pesach Haggadah","tok-76dbb04edeb2","נֶעֱזָב","נעזב","Unresolved","","No lexical entry yet","true","1","Pesach Haggadah, Barech, Birkat Hamazon:23"
"pesach-haggadah","Pesach Haggadah","tok-ce2c4dd0c739","נִפְלָאת","נפלאת","Unresolved","","No lexical entry yet","true","2","Pesach Haggadah, Hallel, Second Half of Hallel:7"
"pesach-haggadah","Pesach Haggadah","tok-66f74f38949a","נִצְחֲךָ","נצחכ","Unresolved","","No lexical entry yet","true","1","Pesach Haggadah, Nirtzah, And It Happened at Midnight:10"
"pesach-haggadah","Pesach Haggadah","tok-1f0ac4888ba5","נִצַּחְתּוֹ","נצחתו","Unresolved","","No lexical entry yet","true","1","Pesach Haggadah, Nirtzah, And It Happened at Midnight:4"
"pesach-haggadah","Pesach Haggadah","tok-ed0402d5ac50","נִשֵּׂאתָ","נשאת","Unresolved","","No lexical entry yet","true","1","Pesach Haggadah, Nirtzah, Zevach Pesach:2"
"pesach-haggadah","Pesach Haggadah","tok-d4a5e9d2b042","נִשְׁמְדָה","נשמדה","Unresolved","","No lexical entry yet","true","1","Pesach Haggadah, Nirtzah, Zevach Pesach:6"
"pesach-haggadah","Pesach Haggadah","tok-a3a8b86d1d7e","נִּשְׁתַּנָּה","נשתנה","Unresolved","","No lexical entry yet","true","1","Pesach Haggadah, Magid, Four Questions:2"
"pesach-haggadah","Pesach Haggadah","tok-c7265b73d3f6","נִתְחַכְּמָה","נתחכמה","Unresolved","","No lexical entry yet","true","1","Pesach Haggadah, Magid, First Fruits Declaration:7"
"pesach-haggadah","Pesach Haggadah","tok-f95506d90476","נָתַן־לָךְ","נתנ־לכ","Unresolved","","No lexical entry yet","true","1","Pesach Haggadah, Barech, Birkat Hamazon:17"
"pesach-haggadah","Pesach Haggadah","tok-5e24d4acd9d7","נְתָנָנִי","נתנני","Unresolved","","No lexical entry yet","true","1","Pesach Haggadah, Hallel, Second Half of Hallel:6"
"pesach-haggadah","Pesach Haggadah","tok-915cbe08c205","נְתַתִּיךְ","נתתיכ","Unresolved","","No lexical entry yet","true","1","Pesach Haggadah, Magid, First Fruits Declaration:6"
"pesach-haggadah","Pesach Haggadah","tok-5641b76b0b59","סְבָבוּנִי","סבבוני","Unresolved","","No lexical entry yet","true","1","Pesach Haggadah, Hallel, Second Half of Hallel:6"
"pesach-haggadah","Pesach Haggadah","tok-630663070313","סַבּוּנִי","סבוני","Unresolved","","No lexical entry yet","true","2","Pesach Haggadah, Hallel, Second Half of Hallel:6"
"pesach-haggadah","Pesach Haggadah","tok-bec218528677","סְבִיבָיו","סביביו","Unresolved","","No lexical entry yet","true","1","Pesach Haggadah, Nirtzah, Ki Lo Na'e:6"
"pesach-haggadah","Pesach Haggadah","tok-35a588bf72b1","סַבְרִי","סברי","Unresolved","","No lexical entry yet","true","1","Pesach Haggadah, Kadesh:6"
"pesach-haggadah","Pesach Haggadah","tok-a203ce9ea9bc","סַגִּיב","סגיב","Unresolved","","No lexical entry yet","true","1","Pesach Haggadah, Nirtzah, Adir Hu:6"
"pesach-haggadah","Pesach Haggadah","tok-d5fec407bde5","סְדוֹמִים","סדומימ","Unresolved","","No lexical entry yet","true","1","Pesach Haggadah, Nirtzah, Zevach Pesach:4"
"pesach-haggadah","Pesach Haggadah","tok-6f8567713bd8","סִלִּיתָ","סלית","Unresolved","","No lexical entry yet","true","1","Pesach Haggadah, Nirtzah, And It Happened at Midnight:7"
"pesach-haggadah","Pesach Haggadah","tok-6d29f38f68c9","סִמָּנִים","סמנימ","Unresolved","","No lexical entry yet","true","1","Pesach Haggadah, Magid, The Ten Plagues:17"
"pesach-haggadah","Pesach Haggadah","tok-a4f1caad898a","סְפָרִים","ספרימ","Unresolved","","No lexical entry yet","true","1","Pesach Haggadah, Nirtzah, And It Happened at Midnight:9"
"pesach-haggadah","Pesach Haggadah","tok-138af2f8e3bb","עֲבֹדָה","עבדה","Unresolved","","No lexical entry yet","true","2","Pesach Haggadah, Magid, First Fruits Declaration:7; Pesach Haggadah, Magid, First Fruits Declaration:9"
"pesach-haggadah","Pesach Haggadah","tok-f707fbd075e8","עַבְדוֹ","עבדו","Unresolved","","No lexical entry yet","true","2","Pesach Haggadah, Magid, The Ten Plagues:18; Pesach Haggadah, Hallel, Songs of Praise and Thanks:1"
"pesach-haggadah","Pesach Haggadah","tok-9b9f73f06bdc","עֲבָדִים""","עבדימ""","Unresolved","","No lexical entry yet","true","1","Pesach Haggadah, Magid, The Four Sons:4"
"pesach-haggadah","Pesach Haggadah","tok-e351b4a595ba","עֲבֹדָתָם","עבדתמ","Unresolved","","No lexical entry yet","true","1","Pesach Haggadah, Magid, Rabban Gamliel's Three Things:6"
"pesach-haggadah","Pesach Haggadah","tok-5858fcb00bfa","עֶבְרָה","עברה","Unresolved","","No lexical entry yet","true","4","Pesach Haggadah, Magid, The Ten Plagues:19; Pesach Haggadah, Magid, The Ten Plagues:20"
"pesach-haggadah","Pesach Haggadah","tok-e51cce2def36","עֻגּוֹת","עגות","Unresolved","","No lexical entry yet","true","1","Pesach Haggadah, Nirtzah, Zevach Pesach:3"
"pesach-haggadah","Pesach Haggadah","tok-9899a17f9feb","עֻגֹת","עגת","Unresolved","","No lexical entry yet","true","1","Pesach Haggadah, Magid, Rabban Gamliel's Three Things:4"
"pesach-haggadah","Pesach Haggadah","tok-0daea64f7ee3","עד״ש","עד״ש","Unresolved","","No lexical entry yet","true","1","Pesach Haggadah, Magid, The Ten Plagues:1"
"pesach-haggadah","Pesach Haggadah","tok-02c8eca6689d","עֲדַ״שׁ","עד״ש","Unresolved","","No lexical entry yet","true","1","Pesach Haggadah, Magid, The Ten Plagues:17"
"pesach-haggadah","Pesach Haggadah","tok-eb577be4c4f5","עַד־מְבוֹאוֹ","עד־מבואו","Unresolved","","No lexical entry yet","true","1","Pesach Haggadah, Magid, First Half of Hallel:3"
"pesach-haggadah","Pesach Haggadah","tok-d5ea1259de7c","עַד־קַרְנוֹת","עד־קרנות","Unresolved","","No lexical entry yet","true","1","Pesach Haggadah, Hallel, Second Half of Hallel:9"
"pesach-haggadah","Pesach Haggadah","tok-0e76aaf311df","עֲדָיִים","עדיימ","Unresolved","","No lexical entry yet","true","1","Pesach Haggadah, Magid, First Fruits Declaration:6"
"pesach-haggadah","Pesach Haggadah","tok-f41e4731a9d0","עֲדַת","עדת","Unresolved","","No lexical entry yet","true","1","Pesach Haggadah, Nirtzah, Chasal Siddur Pesach:2"
"pesach-haggadah","Pesach Haggadah","tok-2e33d806e8b2","עונים","עונימ","Unresolved","","No lexical entry yet","true","2","Pesach Haggadah, Barech, Birkat Hamazon:6; Pesach Haggadah, Barech, Birkat Hamazon:10"
"pesach-haggadah","Pesach Haggadah","tok-40d578f6d67d","עוֹנַת","עונת","Unresolved","","No lexical entry yet","true","1","Pesach Haggadah, Nirtzah, Zevach Pesach:7"
"pesach-haggadah","Pesach Haggadah","tok-bc045c9d9089","עוֹרֵךְ","עורכ","Unresolved","","No lexical entry yet","true","1","Pesach Haggadah, Shulchan Orech:1"
"pesach-haggadah","Pesach Haggadah","tok-e3697ba0f8d1","עוֹרַרְתָּ","עוררת","Unresolved","","No lexical entry yet","true","1","Pesach Haggadah, Nirtzah, And It Happened at Midnight:10"
"pesach-haggadah","Pesach Haggadah","tok-cc3645af0ee9","עֲזָבוּנוּ","עזבונו","Unresolved","","No lexical entry yet","true","1","Pesach Haggadah, Hallel, Songs of Praise and Thanks:4"
"pesach-haggadah","Pesach Haggadah","tok-0162321fbe21","עָזִּי","עזי","Unresolved","","No lexical entry yet","true","1","Pesach Haggadah, Hallel, Second Half of Hallel:6"
"pesach-haggadah","Pesach Haggadah","tok-9a830de1bfd9","עֲזָרוּנוּ","עזרונו","Unresolved","","No lexical entry yet","true","1","Pesach Haggadah, Hallel, Songs of Praise and Thanks:4"
"pesach-haggadah","Pesach Haggadah","tok-d514693f1b19","עֶזְרָם","עזרמ","Unresolved","","No lexical entry yet","true","3","Pesach Haggadah, Hallel, Second Half of Hallel:2"
"pesach-haggadah","Pesach Haggadah","tok-3f731ca72c74","עֲזָרָנִי","עזרני","Unresolved","","No lexical entry yet","true","1","Pesach Haggadah, Hallel, Second Half of Hallel:6"
"pesach-haggadah","Pesach Haggadah","tok-bdbfb8fa1ec0","עִירֶךָ","עירכ","Unresolved","","No lexical entry yet","true","4","Pesach Haggadah, Magid, Second Cup of Wine:2; Pesach Haggadah, Barech, Birkat Hamazon:18; Pesach Haggadah, Barech, Birkat Hamazon:20; Pesach Haggadah, Hallel, Fourth Cup of Wine:3"
"pesach-haggadah","Pesach Haggadah","tok-2502a9c41bdf","עַל־אֲמִתֶּךָ","על־אמתכ","Unresolved","","No lexical entry yet","true","1","Pesach Haggadah, Hallel, Second Half of Hallel:2"
"pesach-haggadah","Pesach Haggadah","tok-d961c7f75a74","עַל־בָּתֵּי","על־בתי","Unresolved","","No lexical entry yet","true","1","Pesach Haggadah, Magid, Rabban Gamliel's Three Things:2"
"pesach-haggadah","Pesach Haggadah","tok-5e05d16b7871","עַל־הָאָרֶץ","על־הארצ","Unresolved","","No lexical entry yet","true","1","Pesach Haggadah, Barech, Birkat Hamazon:17"
"pesach-haggadah","Pesach Haggadah","tok-6e5ca98517e4","עַל־הַמָּיִם","על־המימ","Unresolved","","No lexical entry yet","true","1","Pesach Haggadah, Hallel, Songs of Praise and Thanks:1"
"pesach-haggadah","Pesach Haggadah","tok-68236c14909b","עַל־הַמִּצְרִים","על־המצרימ","Unresolved","","No lexical entry yet","true","1","Pesach Haggadah, Magid, The Ten Plagues:5"
"pesach-haggadah","Pesach Haggadah","tok-adaa5c41ac81","עַל־חַסְדְּךָ","על־חסדכ","Unresolved","","No lexical entry yet","true","1","Pesach Haggadah, Hallel, Second Half of Hallel:2"
"pesach-haggadah","Pesach Haggadah","tok-5aafa2f80ad2","עַל־יְדֵי","על־ידי","Unresolved","","No lexical entry yet","true","3","Pesach Haggadah, Magid, First Fruits Declaration:18"
"pesach-haggadah","Pesach Haggadah","tok-f992309b152d","עַל־יְרוּשָלָיִם","על־ירושלימ","Unresolved","","No lexical entry yet","true","1","Pesach Haggadah, Magid, First Fruits Declaration:21"
"pesach-haggadah","Pesach Haggadah","tok-89fcc2ffadb4","עַל־כָּל־גּוֹיִם","על־כל־גוימ","Unresolved","","No lexical entry yet","true","1","Pesach Haggadah, Magid, First Half of Hallel:3"
"pesach-haggadah","Pesach Haggadah","tok-6f19072b1e6a","עַל־כָּל־עֲוֹנוֹתֵינוּ","על־כל־עונותינו","Unresolved","","No lexical entry yet","true","1","Pesach Haggadah, Magid, Dayenu:16"
"pesach-haggadah","Pesach Haggadah","tok-5720e5eb4852","עָלָיְכִי","עליכי","Unresolved","","No lexical entry yet","true","1","Pesach Haggadah, Hallel, Second Half of Hallel:3"
"pesach-haggadah","Pesach Haggadah","tok-fc79979091f8","עֻלֵּנוּ","עלנו","Unresolved","","No lexical entry yet","true","1","Pesach Haggadah, Barech, Birkat Hamazon:23"
"pesach-haggadah","Pesach Haggadah","tok-41b6984fa7d0","עִם־אֵלֶּה","עמ־אלה","Unresolved","","No lexical entry yet","true","1","Pesach Haggadah, Barech, Birkat Hamazon:3"
"pesach-haggadah","Pesach Haggadah","tok-d0f1e792eb07","עִם־נְדִיבִים","עמ־נדיבימ","Unresolved","","No lexical entry yet","true","1","Pesach Haggadah, Magid, First Half of Hallel:3"
"pesach-haggadah","Pesach Haggadah","tok-f51c4d964f49","עָמַד","עמד","Unresolved","","No lexical entry yet","true","1","Pesach Haggadah, Magid, In the Beginning Our Fathers Were Idol Worshipers:5"
"pesach-haggadah","Pesach Haggadah","tok-8711ef518699","עֹמֶר","עמר","Unresolved","","No lexical entry yet","true","1","Pesach Haggadah, Nirtzah, Zevach Pesach:6"
"pesach-haggadah","Pesach Haggadah","tok-51444ebccf10","עָנִי","עני","Unresolved","","No lexical entry yet","true","1","Pesach Haggadah, Hallel, Songs of Praise and Thanks:4"
"pesach-haggadah","Pesach Haggadah","tok-4b97ccca4018","עַנְיָא","עניא","Unresolved","","No lexical entry yet","true","1","Pesach Haggadah, Magid, Ha Lachma Anya:3"
"pesach-haggadah","Pesach Haggadah","tok-59c27d3b5416","עָנָיו","עניו","Unresolved","","No lexical entry yet","true","1","Pesach Haggadah, Nirtzah, Ki Lo Na'e:7"
"pesach-haggadah","Pesach Haggadah","tok-7114787e0993","עָנִיתִי","עניתי","Unresolved","","No lexical entry yet","true","1","Pesach Haggadah, Hallel, Second Half of Hallel:3"
"pesach-haggadah","Pesach Haggadah","tok-6a62b778aad9","עֲנִיתָנִי","עניתני","Unresolved","","No lexical entry yet","true","2","Pesach Haggadah, Hallel, Second Half of Hallel:7"
"pesach-haggadah","Pesach Haggadah","tok-a1513204528d","עַנֹּתוֹ","ענתו","Unresolved","","No lexical entry yet","true","1","Pesach Haggadah, Magid, First Fruits Declaration:8"
"pesach-haggadah","Pesach Haggadah","tok-2dd4147f72b3","עֲצַבֵּיהֶם","עצביהמ","Unresolved","","No lexical entry yet","true","1","Pesach Haggadah, Hallel, Second Half of Hallel:2"
"pesach-haggadah","Pesach Haggadah","tok-fdd11a2a73fc","עַצְמֹתַי","עצמתי","Unresolved","","No lexical entry yet","true","1","Pesach Haggadah, Hallel, Songs of Praise and Thanks:4"
"pesach-haggadah","Pesach Haggadah","tok-10621ccded56","עֲקֶרֶת","עקרת","Unresolved","","No lexical entry yet","true","1","Pesach Haggadah, Magid, First Half of Hallel:3"
"pesach-haggadah","Pesach Haggadah","tok-26d0567a17ee","עָרוֹב","ערוב","Unresolved","","No lexical entry yet","true","1","Pesach Haggadah, Magid, The Ten Plagues:10"
"pesach-haggadah","Pesach Haggadah","tok-1ae2c1a803b3","עָרֵי","ערי","Unresolved","","No lexical entry yet","true","1","Pesach Haggadah, Magid, First Fruits Declaration:8"
"pesach-haggadah","Pesach Haggadah","tok-d9e9fc6a3dba","עֵרֹם","ערמ","Unresolved","","No lexical entry yet","true","1","Pesach Haggadah, Magid, First Fruits Declaration:6"
"pesach-haggadah","Pesach Haggadah","tok-a358a152d933","עֹשֵׂיהֶם","עשיהמ","Unresolved","","No lexical entry yet","true","1","Pesach Haggadah, Hallel, Second Half of Hallel:2"
"pesach-haggadah","Pesach Haggadah","tok-43ec2e2dae89","פְגָרָיו","פגריו","Unresolved","","No lexical entry yet","true","1","Pesach Haggadah, Nirtzah, And It Happened at Midnight:8"
"pesach-haggadah","Pesach Haggadah","tok-45f3b60d2532","פְּדוּיִם","פדוימ","Unresolved","","No lexical entry yet","true","1","Pesach Haggadah, Nirtzah, Chasal Siddur Pesach:2"
"pesach-haggadah","Pesach Haggadah","tok-27cd9164188f","פְּדִיתָנוּ","פדיתנו","Unresolved","","No lexical entry yet","true","1","Pesach Haggadah, Hallel, Songs of Praise and Thanks:3"
"pesach-haggadah","Pesach Haggadah","tok-527ed5e82d97","פֶּה־לָהֶם","פה־להמ","Unresolved","","No lexical entry yet","true","1","Pesach Haggadah, Hallel, Second Half of Hallel:2"
"pesach-haggadah","Pesach Haggadah","tok-2ee85db0b476","פּוּל","פול","Unresolved","","No lexical entry yet","true","1","Pesach Haggadah, Nirtzah, Zevach Pesach:6"
"pesach-haggadah","Pesach Haggadah","tok-be9094161875","פּוּרָה","פורה","Unresolved","","No lexical entry yet","true","1","Pesach Haggadah, Nirtzah, And It Happened at Midnight:10"
"pesach-haggadah","Pesach Haggadah","tok-8de753951467","פּוֹתֵר","פותר","Unresolved","","No lexical entry yet","true","1","Pesach Haggadah, Nirtzah, And It Happened at Midnight:9"
"pesach-haggadah","Pesach Haggadah","tok-2cb8560bfaf6","פִינוּ","פינו","Unresolved","","No lexical entry yet","true","1","Pesach Haggadah, Hallel, Songs of Praise and Thanks:3"
"pesach-haggadah","Pesach Haggadah","tok-c959ed11ff5c","פִּינוּ","פינו","Unresolved","","No lexical entry yet","true","1","Pesach Haggadah, Barech, Birkat Hamazon:3"
"pesach-haggadah","Pesach Haggadah","tok-9418303a2bfa","פֶּן","פנ","Unresolved","","No lexical entry yet","true","1","Pesach Haggadah, Magid, First Fruits Declaration:7"
"pesach-haggadah","Pesach Haggadah","tok-fa7d120ffd90","פַּס","פס","Unresolved","","No lexical entry yet","true","1","Pesach Haggadah, Nirtzah, Zevach Pesach:7"
"pesach-haggadah","Pesach Haggadah","tok-7bf06aebf56b","פָּסַחְתָּ","פסחת","Unresolved","","No lexical entry yet","true","1","Pesach Haggadah, Nirtzah, Zevach Pesach:5"
"pesach-haggadah","Pesach Haggadah","tok-95ffd0a56368","פָּרוּ","פרו","Unresolved","","No lexical entry yet","true","1","Pesach Haggadah, Magid, First Fruits Declaration:5"
"pesach-haggadah","Pesach Haggadah","tok-b605e090fa0d","פְרוּשׂות","פרושות","Unresolved","","No lexical entry yet","true","1","Pesach Haggadah, Hallel, Songs of Praise and Thanks:3"
"pesach-haggadah","Pesach Haggadah","tok-6b9d7b5b3e03","פְּרִישׁוּת","פרישות","Unresolved","","No lexical entry yet","true","1","Pesach Haggadah, Magid, First Fruits Declaration:14"
"pesach-haggadah","Pesach Haggadah","tok-504b0ba2910d","פַּרְנָסָה","פרנסה","Unresolved","","No lexical entry yet","true","1","Pesach Haggadah, Barech, Birkat Hamazon:22"
"pesach-haggadah","Pesach Haggadah","tok-9a9ffd56d3f5","פַּרְנְסֵנוּ","פרנסנו","Unresolved","","No lexical entry yet","true","1","Pesach Haggadah, Barech, Birkat Hamazon:18"
"pesach-haggadah","Pesach Haggadah","tok-8fe43267cf30","פַּרְעֹה","פרעה","Unresolved","","No lexical entry yet","true","1","Pesach Haggadah, Hallel, Songs of Praise and Thanks:1"
"pesach-haggadah","Pesach Haggadah","tok-22af785d8d75","פְּתָאיִם","פתאימ","Unresolved","","No lexical entry yet","true","1","Pesach Haggadah, Hallel, Second Half of Hallel:3"
"pesach-haggadah","Pesach Haggadah","tok-400d4ca5e084","פִּתַּחְתָּ","פתחת","Unresolved","","No lexical entry yet","true","1","Pesach Haggadah, Hallel, Second Half of Hallel:4"
"pesach-haggadah","Pesach Haggadah","tok-59e019ccc13d","פַתְרוֹס","פתרוס","Unresolved","","No lexical entry yet","true","1","Pesach Haggadah, Nirtzah, And It Happened at Midnight:7"
"pesach-haggadah","Pesach Haggadah","tok-9b89674df644","צֵא","צא","Unresolved","","No lexical entry yet","true","1","Pesach Haggadah, Magid, First Fruits Declaration:2"
"pesach-haggadah","Pesach Haggadah","tok-6ed93885ff6d","צֹאן","צאנ","Unresolved","","No lexical entry yet","true","1","Pesach Haggadah, Magid, First Half of Hallel:4"
"pesach-haggadah","Pesach Haggadah","tok-cb681d7c7215","צֵאתְךָ","צאתכ","Unresolved","","No lexical entry yet","true","1","Pesach Haggadah, Magid, Story of the Five Rabbis:2"
"pesach-haggadah","Pesach Haggadah","tok-a59df32c949e","צַּוָּארֵנוּ","צוארנו","Unresolved","","No lexical entry yet","true","1","Pesach Haggadah, Barech, Birkat Hamazon:23"
"pesach-haggadah","Pesach Haggadah","tok-2f80c1883f7e","צוּל","צול","Unresolved","","No lexical entry yet","true","1","Pesach Haggadah, Nirtzah, Zevach Pesach:7"
"pesach-haggadah","Pesach Haggadah","tok-f767740b035e","צוֹם","צומ","Unresolved","","No lexical entry yet","true","1","Pesach Haggadah, Nirtzah, Zevach Pesach:8"
"pesach-haggadah","Pesach Haggadah","tok-f742d356ee9b","צָפֹה","צפה","Unresolved","","No lexical entry yet","true","1","Pesach Haggadah, Nirtzah, Zevach Pesach:7"
"pesach-haggadah","Pesach Haggadah","tok-f6235ab24a60","צפונה","צפונה","Unresolved","","No lexical entry yet","true","1","Pesach Haggadah, Tzafun:2"
"pesach-haggadah","Pesach Haggadah","tok-264c34e8a4fa","צְפַרְדֵּעַ","צפרדע","Unresolved","","No lexical entry yet","true","1","Pesach Haggadah, Magid, The Ten Plagues:8"
"pesach-haggadah","Pesach Haggadah","tok-674e78cef91e","צָרַח","צרח","Unresolved","","No lexical entry yet","true","1","Pesach Haggadah, Nirtzah, And It Happened at Midnight:10"
"pesach-haggadah","Pesach Haggadah","tok-f2e2529ed555","צָרְכֵּנוּ","צרכנו","Unresolved","","No lexical entry yet","true","3","Pesach Haggadah, Magid, Dayenu:9; Pesach Haggadah, Magid, Dayenu:10; Pesach Haggadah, Magid, Dayenu:16"
"pesach-haggadah","Pesach Haggadah","tok-c4c282ee2fcf","צָרֵנוּ","צרנו","Unresolved","","No lexical entry yet","true","3","Pesach Haggadah, Magid, Dayenu:8; Pesach Haggadah, Magid, Dayenu:9; Pesach Haggadah, Magid, Dayenu:16"
"pesach-haggadah","Pesach Haggadah","tok-d2631d235e41","קְד","קד","Unresolved","","No lexical entry yet","true","1","Pesach Haggadah, Hallel, Songs of Praise and Thanks:4"
"pesach-haggadah","Pesach Haggadah","tok-d5f373472ad6","קְדוֹשֵׁנוּ","קדושנו","Unresolved","","No lexical entry yet","true","1","Pesach Haggadah, Barech, Birkat Hamazon:22"
"pesach-haggadah","Pesach Haggadah","tok-45351ca96732","קְדֹשָׁיו","קדשיו","Unresolved","","No lexical entry yet","true","1","Pesach Haggadah, Barech, Birkat Hamazon:23"
"pesach-haggadah","Pesach Haggadah","tok-274f1abfc42c","קָדְשֶׁךָ","קדשכ","Unresolved","","No lexical entry yet","true","1","Pesach Haggadah, Kadesh:7"
"pesach-haggadah","Pesach Haggadah","tok-516e5f1c70eb","קָדְשֶׁךָ","קדשכ","Unresolved","","No lexical entry yet","true","3","Pesach Haggadah, Barech, Birkat Hamazon:20; Pesach Haggadah, Barech, Birkat Hamazon:21; Pesach Haggadah, Hallel, Songs of Praise and Thanks:4"
"pesach-haggadah","Pesach Haggadah","tok-57b63cd65b17","קִדְּשָנוּ","קדשנו","Unresolved","","No lexical entry yet","true","1","Pesach Haggadah, Maror:3"
"pesach-haggadah","Pesach Haggadah","tok-5af7d7f1c564","קִדְּשָׁנוּ","קדשנו","Unresolved","","No lexical entry yet","true","3","Pesach Haggadah, Rachtzah:3; Pesach Haggadah, Motzi Matzah:4; Pesach Haggadah, Nirtzah, Sefirat HaOmer:2"
"pesach-haggadah","Pesach Haggadah","tok-49f00df86f2d","קְדֻשַּׁת","קדשת","Unresolved","","No lexical entry yet","true","1","Pesach Haggadah, Kadesh:10"
"pesach-haggadah","Pesach Haggadah","tok-5507f96e61ed","קִדַּשְׁתָּ","קדשת","Unresolved","","No lexical entry yet","true","2","Pesach Haggadah, Kadesh:7; Pesach Haggadah, Kadesh:10"
"pesach-haggadah","Pesach Haggadah","tok-7c5e975dcffa","קְהַל","קהל","Unresolved","","No lexical entry yet","true","1","Pesach Haggadah, Nirtzah, Chasal Siddur Pesach:2"
"pesach-haggadah","Pesach Haggadah","tok-53d52a18b312","קָהָל","קהל","Unresolved","","No lexical entry yet","true","1","Pesach Haggadah, Nirtzah, Zevach Pesach:8"
"pesach-haggadah","Pesach Haggadah","tok-736d9dea7c02","קוֹמָה","קומה","Unresolved","","No lexical entry yet","true","1","Pesach Haggadah, Hallel, Songs of Praise and Thanks:4"
"pesach-haggadah","Pesach Haggadah","tok-75751d66feb8","קוֹמֵם","קוממ","Unresolved","","No lexical entry yet","true","1","Pesach Haggadah, Nirtzah, Chasal Siddur Pesach:2"
"pesach-haggadah","Pesach Haggadah","tok-229c10270704","קוֹצִים","קוצימ","Unresolved","","No lexical entry yet","true","1","Pesach Haggadah, Hallel, Second Half of Hallel:6"
"pesach-haggadah","Pesach Haggadah","tok-c6fc1e1d2b43","קָרָאוּ","קראו","Unresolved","","No lexical entry yet","true","1","Pesach Haggadah, Barech, Pour Out Thy Wrath:2"
"pesach-haggadah","Pesach Haggadah","tok-8fbb3fcfa073","קַרְנוֹת","קרנות","Unresolved","","No lexical entry yet","true","1","Pesach Haggadah, Hallel, Second Half of Hallel:9"
"pesach-haggadah","Pesach Haggadah","tok-01ac3508e40d","קָרַע","קרע","Unresolved","","No lexical entry yet","true","2","Pesach Haggadah, Magid, Dayenu:6; Pesach Haggadah, Magid, Dayenu:7"
"pesach-haggadah","Pesach Haggadah","tok-c9a1fa209982","רַבּוֹתַי","רבותי","Unresolved","","No lexical entry yet","true","1","Pesach Haggadah, Barech, Birkat Hamazon:5"
"pesach-haggadah","Pesach Haggadah","tok-0303cc92424f","רַבּוֹתֵינוּ","רבותינו","Unresolved","","No lexical entry yet","true","1","Pesach Haggadah, Magid, Story of the Five Rabbis:1"
"pesach-haggadah","Pesach Haggadah","tok-0531ad905160","רַבִּי","רבי","Unresolved","","No lexical entry yet","true","5","Pesach Haggadah, Magid, Story of the Five Rabbis:2; Pesach Haggadah, Magid, The Ten Plagues:17; Pesach Haggadah, Magid, The Ten Plagues:18; Pesach Haggadah, Magid, The Ten Plagues:19; Pesach Haggadah, Magid, The Ten Plagues:20"
"pesach-haggadah","Pesach Haggadah","tok-433f2ae00f62","רביעי","רביעי","Unresolved","","No lexical entry yet","true","1","Pesach Haggadah, Hallel, Second Half of Hallel:1"
"pesach-haggadah","Pesach Haggadah","tok-3b3eee61bdb0","רוֹעֵנוּ","רוענו","Unresolved","","No lexical entry yet","true","1","Pesach Haggadah, Barech, Birkat Hamazon:22"
"pesach-haggadah","Pesach Haggadah","tok-7e680b5a9bca","רַחוּם","רחומ","Unresolved","","No lexical entry yet","true","2","Pesach Haggadah, Nirtzah, Ki Lo Na'e:8; Pesach Haggadah, Nirtzah, Adir Hu:8"
"pesach-haggadah","Pesach Haggadah","tok-8211a10ffb5c","רַחֵם","רחמ","Unresolved","","No lexical entry yet","true","1","Pesach Haggadah, Barech, Birkat Hamazon:18"
"pesach-haggadah","Pesach Haggadah","tok-d1c10cfa22a1","רַחֶם","רחמ","Unresolved","","No lexical entry yet","true","1","Pesach Haggadah, Hallel, Fourth Cup of Wine:3"
"pesach-haggadah","Pesach Haggadah","tok-d59f7b242137","רַחֲמֶיךָ","רחמיכ","Unresolved","","No lexical entry yet","true","1","Pesach Haggadah, Hallel, Songs of Praise and Thanks:4"
"pesach-haggadah","Pesach Haggadah","tok-99203afc7434","רָחְצָה","רחצה","Unresolved","","No lexical entry yet","true","1","Pesach Haggadah, Rachtzah:1"
"pesach-haggadah","Pesach Haggadah","tok-9827bcd6d082","רִי","רי","Unresolved","","No lexical entry yet","true","1","Pesach Haggadah, Magid, Second Cup of Wine:4"
"pesach-haggadah","Pesach Haggadah","tok-d9b76836091e","רֵי","רי","Unresolved","","No lexical entry yet","true","1","Pesach Haggadah, Hallel, Songs of Praise and Thanks:3"
"pesach-haggadah","Pesach Haggadah","tok-b2ab3432eacb","רִים","רימ","Unresolved","","No lexical entry yet","true","1","Pesach Haggadah, Korech:4"
"pesach-haggadah","Pesach Haggadah","tok-8d1bfe95c4ef","רִנָּה","רנה","Unresolved","","No lexical entry yet","true","3","Pesach Haggadah, Barech, Birkat Hamazon:3; Pesach Haggadah, Hallel, Second Half of Hallel:6; Pesach Haggadah, Hallel, Songs of Praise and Thanks:3"
"pesach-haggadah","Pesach Haggadah","tok-9eea7858c43d","רַנְּנוּ","רננו","Unresolved","","No lexical entry yet","true","1","Pesach Haggadah, Hallel, Songs of Praise and Thanks:4"
"pesach-haggadah","Pesach Haggadah","tok-355de2d4e051","רְעֵנוּ","רענו","Unresolved","","No lexical entry yet","true","1","Pesach Haggadah, Barech, Birkat Hamazon:18"
"pesach-haggadah","Pesach Haggadah","tok-f0059bd45183","רָץ","רצ","Unresolved","","No lexical entry yet","true","1","Pesach Haggadah, Nirtzah, Zevach Pesach:3"
"pesach-haggadah","Pesach Haggadah","tok-8aec7ce3166d","רְצֵה","רצה","Unresolved","","No lexical entry yet","true","1","Pesach Haggadah, Barech, Birkat Hamazon:20"
"pesach-haggadah","Pesach Haggadah","tok-5ece1cea642f","רְצוֹנֶךָ","רצונכ","Unresolved","","No lexical entry yet","true","2","Pesach Haggadah, Barech, Birkat Hamazon:20; Pesach Haggadah, Hallel, Second Half of Hallel:10"
"pesach-haggadah","Pesach Haggadah","tok-5c018c367d80","רָקְדוּ","רקדו","Unresolved","","No lexical entry yet","true","1","Pesach Haggadah, Magid, First Half of Hallel:4"
"pesach-haggadah","Pesach Haggadah","tok-f07b708765ea","רָשׁוּ","רשו","Unresolved","","No lexical entry yet","true","1","Pesach Haggadah, Barech, Birkat Hamazon:23"
"pesach-haggadah","Pesach Haggadah","tok-54584d8fa332","שֶאכלו","שאכלו","Unresolved","","No lexical entry yet","true","1","Pesach Haggadah, Barech, Birkat Hamazon:4"
"pesach-haggadah","Pesach Haggadah","tok-409429296bdb","שֶׁאָכַלְנוּ","שאכלנו","Unresolved","","No lexical entry yet","true","4","Pesach Haggadah, Barech, Birkat Hamazon:9; Pesach Haggadah, Barech, Birkat Hamazon:11; Pesach Haggadah, Barech, Birkat Hamazon:13; Pesach Haggadah, Barech, Birkat Hamazon:23"
"pesach-haggadah","Pesach Haggadah","tok-3d0af97c3d18","שֶׁאָנ","שאנ","Unresolved","","No lexical entry yet","true","1","Pesach Haggadah, Magid, Rabban Gamliel's Three Things:4"
"pesach-haggadah","Pesach Haggadah","tok-ec6cfb035c4a","שָׁאַתָּה","שאתה","Unresolved","","No lexical entry yet","true","1","Pesach Haggadah, Barech, Birkat Hamazon:16"
"pesach-haggadah","Pesach Haggadah","tok-99c7d291068b","שֶׁבַח","שבח","Unresolved","","No lexical entry yet","true","1","Pesach Haggadah, Hallel, Songs of Praise and Thanks:3"
"pesach-haggadah","Pesach Haggadah","tok-37aa4cef74c2","שַׁבְּחוּהוּ","שבחוהו","Unresolved","","No lexical entry yet","true","1","Pesach Haggadah, Hallel, Second Half of Hallel:5"
"pesach-haggadah","Pesach Haggadah","tok-ae586922df1e","שִׁבְטַיָּא","שבטיא","Unresolved","","No lexical entry yet","true","2","Pesach Haggadah, Nirtzah, Echad Mi Yodea:1"
"pesach-haggadah","Pesach Haggadah","tok-a59c6a6eca04","שִׁבְעָה","שבעה","Unresolved","","No lexical entry yet","true","9","Pesach Haggadah, Nirtzah, Echad Mi Yodea:1"
"pesach-haggadah","Pesach Haggadah","tok-4d366b19f4f4","שִׁבְעִים","שבעימ","Unresolved","","No lexical entry yet","true","1","Pesach Haggadah, Magid, Story of the Five Rabbis:2"
"pesach-haggadah","Pesach Haggadah","tok-59f5024890c8","שֶׁבְּשִׁפְלֵנוּ","שבשפלנו","Unresolved","","No lexical entry yet","true","1","Pesach Haggadah, Hallel, Songs of Praise and Thanks:1"
"pesach-haggadah","Pesach Haggadah","tok-45dfbaa37073","שַׁבָּתָא","שבתא","Unresolved","","No lexical entry yet","true","7","Pesach Haggadah, Nirtzah, Echad Mi Yodea:1"
"pesach-haggadah","Pesach Haggadah","tok-e515ab9a5456","שַׁבָּתוֹת","שבתות","Unresolved","","No lexical entry yet","true","1","Pesach Haggadah, Kadesh:7"
"pesach-haggadah","Pesach Haggadah","tok-629df27ed7c1","שָׁדַיִם","שדימ","Unresolved","","No lexical entry yet","true","1","Pesach Haggadah, Magid, First Fruits Declaration:6"
"pesach-haggadah","Pesach Haggadah","tok-fe67197f8f48","שֶׁדְּרָשָׁהּ","שדרשה","Unresolved","","No lexical entry yet","true","1","Pesach Haggadah, Magid, Story of the Five Rabbis:2"
"pesach-haggadah","Pesach Haggadah","tok-45775b2a96b6","שֶהֵבִיא","שהביא","Unresolved","","No lexical entry yet","true","1","Pesach Haggadah, Magid, The Ten Plagues:20"
"pesach-haggadah","Pesach Haggadah","tok-aebf10df9e12","שֶׁהֵבִיא","שהביא","Unresolved","","No lexical entry yet","true","2","Pesach Haggadah, Magid, The Ten Plagues:5; Pesach Haggadah, Magid, The Ten Plagues:19"
"pesach-haggadah","Pesach Haggadah","tok-78d78f771994","שֶׁהוֹדַעְתָּנוּ","שהודעתנו","Unresolved","","No lexical entry yet","true","1","Pesach Haggadah, Barech, Birkat Hamazon:16"
"pesach-haggadah","Pesach Haggadah","tok-fa36e426ecfd","שֶׁהוֹצֵאתָנוּ","שהוצאתנו","Unresolved","","No lexical entry yet","true","1","Pesach Haggadah, Barech, Birkat Hamazon:16"
"pesach-haggadah","Pesach Haggadah","tok-e8fa989ebe50","שֶׁהוֹצִיא","שהוציא","Unresolved","","No lexical entry yet","true","1","Pesach Haggadah, Magid, The Four Sons:3"
"pesach-haggadah","Pesach Haggadah","tok-798cfe23c572","שֶׁהוֹצִיאָנוּ","שהוציאנו","Unresolved","","No lexical entry yet","true","1","Pesach Haggadah, Magid, Dayenu:16"
"pesach-haggadah","Pesach Haggadah","tok-bf6d10ecf4ae","שֶׁהֶחֱיָנוּ","שהחינו","Unresolved","","No lexical entry yet","true","1","Pesach Haggadah, Kadesh:12"
"pesach-haggadah","Pesach Haggadah","tok-ec1826bb2a3f","שהייתה","שהייתה","Unresolved","","No lexical entry yet","true","1","Pesach Haggadah, Tzafun:2"
"pesach-haggadah","Pesach Haggadah","tok-c34ea23c4fa6","שֶׁהִנְחַלְתָּ","שהנחלת","Unresolved","","No lexical entry yet","true","1","Pesach Haggadah, Barech, Birkat Hamazon:16"
"pesach-haggadah","Pesach Haggadah","tok-e7fddca87e7c","שהניחן","שהניחנ","Unresolved","","No lexical entry yet","true","1","Pesach Haggadah, Motzi Matzah:2"
"pesach-haggadah","Pesach Haggadah","tok-fc1211518d3f","שואל","שואל","Unresolved","","No lexical entry yet","true","1","Pesach Haggadah, Magid, Four Questions:1"
"pesach-haggadah","Pesach Haggadah","tok-237f6b5b7cff","שׁוּבָה","שובה","Unresolved","","No lexical entry yet","true","1","Pesach Haggadah, Barech, Birkat Hamazon:3"
"pesach-haggadah","Pesach Haggadah","tok-c3e8477e6a52","שׁוּבִי","שובי","Unresolved","","No lexical entry yet","true","1","Pesach Haggadah, Hallel, Second Half of Hallel:3"
"pesach-haggadah","Pesach Haggadah","tok-6686e153991f","שׁוֹמְרִים","שומרימ","Unresolved","","No lexical entry yet","true","1","Pesach Haggadah, Nirtzah, And It Happened at Midnight:11"
"pesach-haggadah","Pesach Haggadah","tok-225968076ba5","שׁוּנְרָא","שונרא","Unresolved","","No lexical entry yet","true","1","Pesach Haggadah, Nirtzah, Chad Gadya:2"
"pesach-haggadah","Pesach Haggadah","tok-04ba24056a3e","שַׁוְעָתָם","שועתמ","Unresolved","","No lexical entry yet","true","1","Pesach Haggadah, Magid, First Fruits Declaration:12"
"pesach-haggadah","Pesach Haggadah","tok-348c658faf4d","שׂוֹרְפוּ","שורפו","Unresolved","","No lexical entry yet","true","1","Pesach Haggadah, Nirtzah, Zevach Pesach:6"
"pesach-haggadah","Pesach Haggadah","tok-7937909e4bd9","שותה","שותה","Unresolved","","No lexical entry yet","true","1","Pesach Haggadah, Kadesh:13"
"pesach-haggadah","Pesach Haggadah","tok-8c4e1f75e83a","שותים","שותימ","Unresolved","","No lexical entry yet","true","1","Pesach Haggadah, Magid, Second Cup of Wine:3"
"pesach-haggadah","Pesach Haggadah","tok-43216b4c429d","שֶׁחוֹנַנְתָּנוּ","שחוננתנו","Unresolved","","No lexical entry yet","true","1","Pesach Haggadah, Barech, Birkat Hamazon:16"
"pesach-haggadah","Pesach Haggadah","tok-8077f0b87f83","שְׂחוֹק","שחוק","Unresolved","","No lexical entry yet","true","1","Pesach Haggadah, Barech, Birkat Hamazon:3"
"pesach-haggadah","Pesach Haggadah","tok-2820aa5130d7","שְׁחִין","שחינ","Unresolved","","No lexical entry yet","true","1","Pesach Haggadah, Magid, The Ten Plagues:12"
"pesach-haggadah","Pesach Haggadah","tok-3851e561ef50","שַׁחֲרִית","שחרית","Unresolved","","No lexical entry yet","true","1","Pesach Haggadah, Magid, Story of the Five Rabbis:1"
"pesach-haggadah","Pesach Haggadah","tok-d94a329ca19f","שֶׁחָתַמְתָּ","שחתמת","Unresolved","","No lexical entry yet","true","1","Pesach Haggadah, Barech, Birkat Hamazon:16"
"pesach-haggadah","Pesach Haggadah","tok-81135027bc40","שִׁים","שימ","Unresolved","","No lexical entry yet","true","1","Pesach Haggadah, Hallel, Songs of Praise and Thanks:4"
"pesach-haggadah","Pesach Haggadah","tok-3352b3758336","שִׁיעַ","שיע","Unresolved","","No lexical entry yet","true","1","Pesach Haggadah, Hallel, Second Half of Hallel:3"
"pesach-haggadah","Pesach Haggadah","tok-92bf054c7892","שֶׁכָּל־מַכָּה","שכל־מכה","Unresolved","","No lexical entry yet","true","2","Pesach Haggadah, Magid, The Ten Plagues:19; Pesach Haggadah, Magid, The Ten Plagues:20"
"pesach-haggadah","Pesach Haggadah","tok-463513b9e510","שֶׁכָּתוּב","שכתוב","Unresolved","","No lexical entry yet","true","1","Pesach Haggadah, Hallel, Songs of Praise and Thanks:4"
"pesach-haggadah","Pesach Haggadah","tok-526da32bd115","שְׁלוּפָה","שלופה","Unresolved","","No lexical entry yet","true","1","Pesach Haggadah, Magid, First Fruits Declaration:21"
"pesach-haggadah","Pesach Haggadah","tok-4b62d9bbdc11","שָׁלוֹשׁ","שלוש","Unresolved","","No lexical entry yet","true","1","Pesach Haggadah, Magid, The Ten Plagues:20"
"pesach-haggadah","Pesach Haggadah","tok-227b5d617243","שֻׁלְחָן","שלחנ","Unresolved","","No lexical entry yet","true","2","Pesach Haggadah, Shulchan Orech:1; Pesach Haggadah, Barech, Birkat Hamazon:23"
"pesach-haggadah","Pesach Haggadah","tok-afda80bd4672","שָׁלִיחַ","שליח","Unresolved","","No lexical entry yet","true","1","Pesach Haggadah, Magid, First Fruits Declaration:18"
"pesach-haggadah","Pesach Haggadah","tok-bfff5ac249ab","שלישִי","שלישי","Unresolved","","No lexical entry yet","true","1","Pesach Haggadah, Barech, Birkat Hamazon:2"
"pesach-haggadah","Pesach Haggadah","tok-635b8174e8ee","שֶׁלִּמַּדְתָּנוּ","שלמדתנו","Unresolved","","No lexical entry yet","true","1","Pesach Haggadah, Barech, Birkat Hamazon:16"
"pesach-haggadah","Pesach Haggadah","tok-3053cdc9708d","שֶׁלָּקוּ","שלקו","Unresolved","","No lexical entry yet","true","1","Pesach Haggadah, Magid, The Ten Plagues:18"
"pesach-haggadah","Pesach Haggadah","tok-57f51f0b49b5","שָׁלֹשׁ","שלש","Unresolved","","No lexical entry yet","true","1","Pesach Haggadah, Magid, The Ten Plagues:19"
"pesach-haggadah","Pesach Haggadah","tok-a4fd9a6b8ef8","שלשתן","שלשתנ","Unresolved","","No lexical entry yet","true","1","Pesach Haggadah, Motzi Matzah:2"
"pesach-haggadah","Pesach Haggadah","tok-5e2b11678624","שְׁמוֹנָה","שמונה","Unresolved","","No lexical entry yet","true","8","Pesach Haggadah, Nirtzah, Echad Mi Yodea:1"
"pesach-haggadah","Pesach Haggadah","tok-edf2d37be78e","שְׂמֵחִים","שמחימ","Unresolved","","No lexical entry yet","true","2","Pesach Haggadah, Magid, Second Cup of Wine:2; Pesach Haggadah, Barech, Birkat Hamazon:3"
"pesach-haggadah","Pesach Haggadah","tok-a71aaf3f5d7c","שְׁמַע","שמע","Unresolved","","No lexical entry yet","true","1","Pesach Haggadah, Magid, Story of the Five Rabbis:1"
"pesach-haggadah","Pesach Haggadah","tok-5f76c5955fe7","שֶׁמֵּרְרוּ","שמררו","Unresolved","","No lexical entry yet","true","1","Pesach Haggadah, Magid, Rabban Gamliel's Three Things:6"
"pesach-haggadah","Pesach Haggadah","tok-ff41a69e3933","שַׂמְתָּ","שמת","Unresolved","","No lexical entry yet","true","1","Pesach Haggadah, Hallel, Songs of Praise and Thanks:4"
"pesach-haggadah","Pesach Haggadah","tok-feeaac70a891","שֹׂנְאֵינוּ","שנאינו","Unresolved","","No lexical entry yet","true","1","Pesach Haggadah, Magid, First Fruits Declaration:7"
"pesach-haggadah","Pesach Haggadah","tok-f467c2f3260d","שִׁנְאַנָּיו","שנאניו","Unresolved","","No lexical entry yet","true","1","Pesach Haggadah, Nirtzah, Ki Lo Na'e:8"
"pesach-haggadah","Pesach Haggadah","tok-93975e7f34b7","שֶׁנָּפַחְתָּ","שנפחת","Unresolved","","No lexical entry yet","true","1","Pesach Haggadah, Hallel, Songs of Praise and Thanks:4"
"pesach-haggadah","Pesach Haggadah","tok-38a3b23424e5","שֶׁנִּקְרָא","שנקרא","Unresolved","","No lexical entry yet","true","1","Pesach Haggadah, Barech, Birkat Hamazon:18"
"pesach-haggadah","Pesach Haggadah","tok-62ff0786d5ca","שֶׁנִּתְבָּרְכוּ","שנתברכו","Unresolved","","No lexical entry yet","true","1","Pesach Haggadah, Barech, Birkat Hamazon:23"
"pesach-haggadah","Pesach Haggadah","tok-eebcbb9a2c08","שְׂעוֹרֵי","שעורי","Unresolved","","No lexical entry yet","true","1","Pesach Haggadah, Nirtzah, Zevach Pesach:6"
"pesach-haggadah","Pesach Haggadah","tok-85be008ea019","שֵּׂעִיר","שעיר","Unresolved","","No lexical entry yet","true","1","Pesach Haggadah, Magid, In the Beginning Our Fathers Were Idol Worshipers:2"
"pesach-haggadah","Pesach Haggadah","tok-173554392ffe","שַׁעֲרֵי־צֶדֶק","שערי־צדק","Unresolved","","No lexical entry yet","true","1","Pesach Haggadah, Hallel, Second Half of Hallel:6"
"pesach-haggadah","Pesach Haggadah","tok-763b4136eb74","שֶׁעָשִׂיתָ","שעשית","Unresolved","","No lexical entry yet","true","1","Pesach Haggadah, Hallel, Songs of Praise and Thanks:3"
"pesach-haggadah","Pesach Haggadah","tok-780efcc3d9a2","שְׁפָטִים","שפטימ","Unresolved","","No lexical entry yet","true","5","Pesach Haggadah, Magid, First Fruits Declaration:18; Pesach Haggadah, Magid, First Fruits Declaration:19; Pesach Haggadah, Magid, Dayenu:2; Pesach Haggadah, Magid, Dayenu:3; Pesach Haggadah, Magid, Dayenu:16"
"pesach-haggadah","Pesach Haggadah","tok-cfd96abd5d11","שְׁפָךְ־עֲלֵיהֶם","שפכ־עליהמ","Unresolved","","No lexical entry yet","true","1","Pesach Haggadah, Barech, Pour Out Thy Wrath:2"
"pesach-haggadah","Pesach Haggadah","tok-6f7789948901","שֶׁפִּלַּגְתָּ","שפלגת","Unresolved","","No lexical entry yet","true","1","Pesach Haggadah, Hallel, Songs of Praise and Thanks:4"
"pesach-haggadah","Pesach Haggadah","tok-410459361066","שֶׁפָּסַח","שפסח","Unresolved","","No lexical entry yet","true","1","Pesach Haggadah, Magid, Rabban Gamliel's Three Things:2"
"pesach-haggadah","Pesach Haggadah","tok-f3d3ce32b773","שֶׁפַּרְעֹה","שפרעה","Unresolved","","No lexical entry yet","true","1","Pesach Haggadah, Magid, First Fruits Declaration:2"
"pesach-haggadah","Pesach Haggadah","tok-3c40cb0c7abb","שָׂרָף","שרפ","Unresolved","","No lexical entry yet","true","2","Pesach Haggadah, Magid, First Fruits Declaration:18; Pesach Haggadah, Magid, First Fruits Declaration:19"
"pesach-haggadah","Pesach Haggadah","tok-c4b5a8d63dee","שֶׁרָצִיתָ","שרצית","Unresolved","","No lexical entry yet","true","1","Pesach Haggadah, Hallel, Fourth Cup of Wine:3"
"pesach-haggadah","Pesach Haggadah","tok-df74abaf5379","שִׁשָּׂה","ששה","Unresolved","","No lexical entry yet","true","2","Pesach Haggadah, Nirtzah, Echad Mi Yodea:1"
"pesach-haggadah","Pesach Haggadah","tok-d1c3e6acc4b2","שִׁשָּׁה","ששה","Unresolved","","No lexical entry yet","true","8","Pesach Haggadah, Nirtzah, Echad Mi Yodea:1"
"pesach-haggadah","Pesach Haggadah","tok-c86b57bb3947","שֶׁתֵּאָמֵר","שתאמר","Unresolved","","No lexical entry yet","true","1","Pesach Haggadah, Magid, Story of the Five Rabbis:2"
"pesach-haggadah","Pesach Haggadah","tok-8333ca89b3ea","שֶׁתְּהֵא","שתהא","Unresolved","","No lexical entry yet","true","1","Pesach Haggadah, Barech, Birkat Hamazon:23"
"pesach-haggadah","Pesach Haggadah","tok-21fc4bfaada5","ת","ת","Unresolved","","No lexical entry yet","true","1","Pesach Haggadah, Hallel, Second Half of Hallel:10"
"pesach-haggadah","Pesach Haggadah","tok-d87aad72b1b3","תֹּאמַרְנָה","תאמרנה","Unresolved","","No lexical entry yet","true","1","Pesach Haggadah, Hallel, Songs of Praise and Thanks:4"
"pesach-haggadah","Pesach Haggadah","tok-1239fa6b9e92","תְּבָרֵךְ","תברכ","Unresolved","","No lexical entry yet","true","1","Pesach Haggadah, Hallel, Songs of Praise and Thanks:2"
"pesach-haggadah","Pesach Haggadah","tok-a7d23ad55cf4","תִדְרוֹךְ","תדרוכ","Unresolved","","No lexical entry yet","true","1","Pesach Haggadah, Nirtzah, And It Happened at Midnight:10"
"pesach-haggadah","Pesach Haggadah","tok-be7c0a2fcf08","תְהִלָּה","תהלה","Unresolved","","No lexical entry yet","true","1","Pesach Haggadah, Hallel, Songs of Praise and Thanks:4"
"pesach-haggadah","Pesach Haggadah","tok-d86f3fcb1be6","תְּהִלָּה","תהלה","Unresolved","","No lexical entry yet","true","1","Pesach Haggadah, Hallel, Songs of Praise and Thanks:6"
"pesach-haggadah","Pesach Haggadah","tok-e95631d7502d","תוֹ","תו","Unresolved","","No lexical entry yet","true","1","Pesach Haggadah, Magid, In the Beginning Our Fathers Were Idol Worshipers:2"
"pesach-haggadah","Pesach Haggadah","tok-3ecedeec85cc","תּוֹדָה","תודה","Unresolved","","No lexical entry yet","true","1","Pesach Haggadah, Hallel, Second Half of Hallel:4"
"pesach-haggadah","Pesach Haggadah","tok-dfca801f01d3","תּוֹמֵךְ","תומכ","Unresolved","","No lexical entry yet","true","1","Pesach Haggadah, Nirtzah, Ki Lo Na'e:9"
"pesach-haggadah","Pesach Haggadah","tok-ef5891e4e043","תוֹרָא","תורא","Unresolved","","No lexical entry yet","true","1","Pesach Haggadah, Nirtzah, Chad Gadya:7"
"pesach-haggadah","Pesach Haggadah","tok-291ab2f5d8fb","תּוֹרָתְךָ","תורתכ","Unresolved","","No lexical entry yet","true","1","Pesach Haggadah, Barech, Birkat Hamazon:16"
"pesach-haggadah","Pesach Haggadah","tok-ca36328431f9","תִּזְכֹּר","תזכר","Unresolved","","No lexical entry yet","true","1","Pesach Haggadah, Magid, Story of the Five Rabbis:2"
"pesach-haggadah","Pesach Haggadah","tok-6c6410325233","תְּחַיּוּן","תחיונ","Unresolved","","No lexical entry yet","true","1","Pesach Haggadah, Magid, First Fruits Declaration:15"
"pesach-haggadah","Pesach Haggadah","tok-18680adac2b3","תַּחֲנוּנָי","תחנוני","Unresolved","","No lexical entry yet","true","1","Pesach Haggadah, Hallel, Second Half of Hallel:3"
"pesach-haggadah","Pesach Haggadah","tok-9108dd5f927c","תִּטְּשֵׁנוּ","תטשנו","Unresolved","","No lexical entry yet","true","1","Pesach Haggadah, Hallel, Songs of Praise and Thanks:4"
"pesach-haggadah","Pesach Haggadah","tok-a2a493057673","תִכְרַע","תכרע","Unresolved","","No lexical entry yet","true","1","Pesach Haggadah, Hallel, Songs of Praise and Thanks:4"
"pesach-haggadah","Pesach Haggadah","tok-97af28d2e1e0","תַלְמִידֵיהֶם","תלמידיהמ","Unresolved","","No lexical entry yet","true","1","Pesach Haggadah, Magid, Story of the Five Rabbis:1"
"pesach-haggadah","Pesach Haggadah","tok-2ea3d355bd93","תְּמִימָיו","תמימיו","Unresolved","","No lexical entry yet","true","1","Pesach Haggadah, Nirtzah, Ki Lo Na'e:9"
"pesach-haggadah","Pesach Haggadah","tok-fc3775286430","תֵּן","תנ","Unresolved","","No lexical entry yet","true","1","Pesach Haggadah, Hallel, Second Half of Hallel:2"
"pesach-haggadah","Pesach Haggadah","tok-b138bef16f7c","תְּנוּבַת","תנובת","Unresolved","","No lexical entry yet","true","1","Pesach Haggadah, Hallel, Fourth Cup of Wine:3"
"pesach-haggadah","Pesach Haggadah","tok-0ec2018ccac2","תָנוּס","תנוס","Unresolved","","No lexical entry yet","true","1","Pesach Haggadah, Magid, First Half of Hallel:4"
"pesach-haggadah","Pesach Haggadah","tok-39fdd4aed650","תִּסֹּב","תסב","Unresolved","","No lexical entry yet","true","1","Pesach Haggadah, Magid, First Half of Hallel:4"
"pesach-haggadah","Pesach Haggadah","tok-9df1cb5f5a60","תָּעֹז","תעז","Unresolved","","No lexical entry yet","true","1","Pesach Haggadah, Nirtzah, Zevach Pesach:8"
"pesach-haggadah","Pesach Haggadah","tok-8afb498e07d4","תַּעֲשֶׂה־בּוֹ","תעשה־בו","Unresolved","","No lexical entry yet","true","1","Pesach Haggadah, Magid, First Fruits Declaration:23"
"pesach-haggadah","Pesach Haggadah","tok-80b3aaf15a00","תְּפָאֵר","תפאר","Unresolved","","No lexical entry yet","true","1","Pesach Haggadah, Hallel, Songs of Praise and Thanks:2"
"pesach-haggadah","Pesach Haggadah","tok-70a64fecfce2","תַּצְרִיכֵנוּ","תצריכנו","Unresolved","","No lexical entry yet","true","1","Pesach Haggadah, Barech, Birkat Hamazon:18"
"pesach-haggadah","Pesach Haggadah","tok-02c315b5ecdd","תִּרְדֹף","תרדפ","Unresolved","","No lexical entry yet","true","1","Pesach Haggadah, Barech, Pour Out Thy Wrath:2"
"pesach-haggadah","Pesach Haggadah","tok-25ee123d1d7c","תָּרוּם","תרומ","Unresolved","","No lexical entry yet","true","1","Pesach Haggadah, Nirtzah, Zevach Pesach:8"
"pesach-haggadah","Pesach Haggadah","tok-330eb989b43c","תֶּרַח","תרח","Unresolved","","No lexical entry yet","true","1","Pesach Haggadah, Magid, In the Beginning Our Fathers Were Idol Worshipers:1"
"pesach-haggadah","Pesach Haggadah","tok-9dbdf114fab3","תִּרְקְדוּ","תרקדו","Unresolved","","No lexical entry yet","true","1","Pesach Haggadah, Magid, First Half of Hallel:4"
"pesach-haggadah","Pesach Haggadah","tok-3c8a043490bc","תַּשְׁלִיכֻהוּ","תשליכהו","Unresolved","","No lexical entry yet","true","1","Pesach Haggadah, Magid, First Fruits Declaration:15"
"pesach-haggadah","Pesach Haggadah","tok-f4784c8a3839","תִּשְׁעָה","תשעה","Unresolved","","No lexical entry yet","true","7","Pesach Haggadah, Nirtzah, Echad Mi Yodea:1"
"pesach-haggadah","Pesach Haggadah","tok-ffe111a4741a","תִשְׁתַּחֲוֶה","תשתחוה","Unresolved","","No lexical entry yet","true","1","Pesach Haggadah, Hallel, Songs of Praise and Thanks:4"
"pesach-haggadah","Pesach Haggadah","tok-c6c701bfd467","תִּתְבָּרַךְ","תתברכ","Unresolved","","No lexical entry yet","true","1","Pesach Haggadah, Hallel, Songs of Praise and Thanks:4"
"pesach-haggadah","Pesach Haggadah","tok-852b8b44e6ef","תִּתְהַלָּל","תתהלל","Unresolved","","No lexical entry yet","true","1","Pesach Haggadah, Hallel, Songs of Praise and Thanks:4"
