"work_id","work_title","token_index_id","surface_word","normalized_word","status","strict_renderings","notes","not_a_translation","occurrence_count","example_refs"
"targum-jonathan-on-i-samuel","Targum Jonathan on I Samuel","tok-ae9a90dcaf85","אַבָּא","אבא","Unresolved","","No lexical entry yet","true","16","Targum Jonathan on I Samuel 9:5; Targum Jonathan on I Samuel 14:29; Targum Jonathan on I Samuel 18:18; Targum Jonathan on I Samuel 19:2; Targum Jonathan on I Samuel 19:3"
"targum-jonathan-on-i-samuel","Targum Jonathan on I Samuel","tok-ced2a2c831fe","אָבָא","אבא","Unresolved","","No lexical entry yet","true","2","Targum Jonathan on I Samuel 17:39; Targum Jonathan on I Samuel 31:4"
"targum-jonathan-on-i-samuel","Targum Jonathan on I Samuel","tok-2231561fe8ba","אַבְאֵישׁ","אבאיש","Unresolved","","No lexical entry yet","true","1","Targum Jonathan on I Samuel 26:21"
"targum-jonathan-on-i-samuel","Targum Jonathan on I Samuel","tok-3f1f6abdd5db","אַבְאָשָׁא","אבאשא","Unresolved","","No lexical entry yet","true","1","Targum Jonathan on I Samuel 12:25"
"targum-jonathan-on-i-samuel","Targum Jonathan on I Samuel","tok-04fae8d6c6e4","אֶבְדוֹק","אבדוק","Unresolved","","No lexical entry yet","true","1","Targum Jonathan on I Samuel 20:12"
"targum-jonathan-on-i-samuel","Targum Jonathan on I Samuel","tok-959db20a1f05","אֲבָהַתְכוֹן","אבהתכונ","Unresolved","","No lexical entry yet","true","3","Targum Jonathan on I Samuel 12:6; Targum Jonathan on I Samuel 12:8"
"targum-jonathan-on-i-samuel","Targum Jonathan on I Samuel","tok-bffb5b543cc1","אַבָהַתְכוֹן","אבהתכונ","Unresolved","","No lexical entry yet","true","1","Targum Jonathan on I Samuel 12:7"
"targum-jonathan-on-i-samuel","Targum Jonathan on I Samuel","tok-538eab8b25d6","אֲבוֹ","אבו","Unresolved","","No lexical entry yet","true","1","Targum Jonathan on I Samuel 22:17"
"targum-jonathan-on-i-samuel","Targum Jonathan on I Samuel","tok-40ca2f8cd849","אָבוּ","אבו","Unresolved","","No lexical entry yet","true","1","Targum Jonathan on I Samuel 15:9"
"targum-jonathan-on-i-samuel","Targum Jonathan on I Samuel","tok-404139bed3e3","אֲבוּהוֹן","אבוהונ","Unresolved","","No lexical entry yet","true","1","Targum Jonathan on I Samuel 2:25"
"targum-jonathan-on-i-samuel","Targum Jonathan on I Samuel","tok-77a1799ff05a","אֲבוּהִי","אבוהי","Unresolved","","No lexical entry yet","true","15","Targum Jonathan on I Samuel 10:14; Targum Jonathan on I Samuel 10:15; Targum Jonathan on I Samuel 10:16; Targum Jonathan on I Samuel 14:27; Targum Jonathan on I Samuel 14:50"
"targum-jonathan-on-i-samuel","Targum Jonathan on I Samuel","tok-05df3856aa2c","אָבוּהִי","אבוהי","Unresolved","","No lexical entry yet","true","1","Targum Jonathan on I Samuel 9:3"
"targum-jonathan-on-i-samuel","Targum Jonathan on I Samuel","tok-1c50cff20136","אֲבוּךְ","אבוכ","Unresolved","","No lexical entry yet","true","9","Targum Jonathan on I Samuel 2:27; Targum Jonathan on I Samuel 9:20; Targum Jonathan on I Samuel 10:2; Targum Jonathan on I Samuel 14:28; Targum Jonathan on I Samuel 15:17"
"targum-jonathan-on-i-samuel","Targum Jonathan on I Samuel","tok-9e7b8aa602ba","אָבוּךְ","אבוכ","Unresolved","","No lexical entry yet","true","6","Targum Jonathan on I Samuel 2:28; Targum Jonathan on I Samuel 2:30; Targum Jonathan on I Samuel 2:31; Targum Jonathan on I Samuel 20:1; Targum Jonathan on I Samuel 20:8"
"targum-jonathan-on-i-samuel","Targum Jonathan on I Samuel","tok-348c0cc21463","אֲבִיאֵל","אביאל","Unresolved","","No lexical entry yet","true","2","Targum Jonathan on I Samuel 9:1; Targum Jonathan on I Samuel 14:51"
"targum-jonathan-on-i-samuel","Targum Jonathan on I Samuel","tok-9964f1dfe124","אֲבִיגַיל","אביגיל","Unresolved","","No lexical entry yet","true","1","Targum Jonathan on I Samuel 25:23"
"targum-jonathan-on-i-samuel","Targum Jonathan on I Samuel","tok-728478df3534","אֲבִיגַיִל","אביגיל","Unresolved","","No lexical entry yet","true","4","Targum Jonathan on I Samuel 25:18; Targum Jonathan on I Samuel 25:36; Targum Jonathan on I Samuel 25:40; Targum Jonathan on I Samuel 25:42"
"targum-jonathan-on-i-samuel","Targum Jonathan on I Samuel","tok-52185461d889","אֲבִיגָיִל","אביגיל","Unresolved","","No lexical entry yet","true","1","Targum Jonathan on I Samuel 25:3"
"targum-jonathan-on-i-samuel","Targum Jonathan on I Samuel","tok-8d9e2a67b3ae","אֲבִיהָ","אביה","Unresolved","","No lexical entry yet","true","1","Targum Jonathan on I Samuel 8:2"
"targum-jonathan-on-i-samuel","Targum Jonathan on I Samuel","tok-2e3a828a2c52","אֲבִינָדָב","אבינדב","Unresolved","","No lexical entry yet","true","3","Targum Jonathan on I Samuel 7:1; Targum Jonathan on I Samuel 17:13; Targum Jonathan on I Samuel 31:2"
"targum-jonathan-on-i-samuel","Targum Jonathan on I Samuel","tok-0b4f7bf1838b","אֲבִינֵר","אבינר","Unresolved","","No lexical entry yet","true","1","Targum Jonathan on I Samuel 14:50"
"targum-jonathan-on-i-samuel","Targum Jonathan on I Samuel","tok-ce9e613d0246","אֲבִישַׁי","אבישי","Unresolved","","No lexical entry yet","true","2","Targum Jonathan on I Samuel 26:6; Targum Jonathan on I Samuel 26:8"
"targum-jonathan-on-i-samuel","Targum Jonathan on I Samuel","tok-ad7bb6de397f","אֲבֵיתִי","אביתי","Unresolved","","No lexical entry yet","true","1","Targum Jonathan on I Samuel 26:23"
"targum-jonathan-on-i-samuel","Targum Jonathan on I Samuel","tok-196d613cb116","אֶבְיָתָר","אביתר","Unresolved","","No lexical entry yet","true","4","Targum Jonathan on I Samuel 22:20; Targum Jonathan on I Samuel 22:21; Targum Jonathan on I Samuel 23:6; Targum Jonathan on I Samuel 30:7"
"targum-jonathan-on-i-samuel","Targum Jonathan on I Samuel","tok-abdb4d61c574","אַבְנָא","אבנא","Unresolved","","No lexical entry yet","true","8","Targum Jonathan on I Samuel 6:14; Targum Jonathan on I Samuel 6:15; Targum Jonathan on I Samuel 6:18; Targum Jonathan on I Samuel 7:12; Targum Jonathan on I Samuel 14:33"
"targum-jonathan-on-i-samuel","Targum Jonathan on I Samuel","tok-7d44d329ba05","אַבְנַיָא","אבניא","Unresolved","","No lexical entry yet","true","1","Targum Jonathan on I Samuel 17:40"
"targum-jonathan-on-i-samuel","Targum Jonathan on I Samuel","tok-00f4c6513203","אֲגַג","אגג","Unresolved","","No lexical entry yet","true","1","Targum Jonathan on I Samuel 15:8"
"targum-jonathan-on-i-samuel","Targum Jonathan on I Samuel","tok-3d0e470259ba","אֲגָג","אגג","Unresolved","","No lexical entry yet","true","6","Targum Jonathan on I Samuel 15:9; Targum Jonathan on I Samuel 15:20; Targum Jonathan on I Samuel 15:32; Targum Jonathan on I Samuel 15:33"
"targum-jonathan-on-i-samuel","Targum Jonathan on I Samuel","tok-90650e9949c2","אֶגְזַר","אגזר","Unresolved","","No lexical entry yet","true","1","Targum Jonathan on I Samuel 11:2"
"targum-jonathan-on-i-samuel","Targum Jonathan on I Samuel","tok-652f5b040183","אֱגַמֵר","אגמר","Unresolved","","No lexical entry yet","true","1","Targum Jonathan on I Samuel 3:12"
"targum-jonathan-on-i-samuel","Targum Jonathan on I Samuel","tok-0e3a1cbd171c","אַדְבֵּיק","אדביק","Unresolved","","No lexical entry yet","true","1","Targum Jonathan on I Samuel 30:8"
"targum-jonathan-on-i-samuel","Targum Jonathan on I Samuel","tok-4e2026d645e0","אֱדוֹמָא","אדומא","Unresolved","","No lexical entry yet","true","1","Targum Jonathan on I Samuel 21:8"
"targum-jonathan-on-i-samuel","Targum Jonathan on I Samuel","tok-9189168aed34","אֱדוֹמָאָה","אדומאה","Unresolved","","No lexical entry yet","true","3","Targum Jonathan on I Samuel 22:9; Targum Jonathan on I Samuel 22:18; Targum Jonathan on I Samuel 22:22"
"targum-jonathan-on-i-samuel","Targum Jonathan on I Samuel","tok-02164a60525f","אַדְכָּרוּתֵיהּ","אדכרותיה","Unresolved","","No lexical entry yet","true","1","Targum Jonathan on I Samuel 4:18"
"targum-jonathan-on-i-samuel","Targum Jonathan on I Samuel","tok-ce521af40302","אֱהֵי","אהי","Unresolved","","No lexical entry yet","true","1","Targum Jonathan on I Samuel 23:17"
"targum-jonathan-on-i-samuel","Targum Jonathan on I Samuel","tok-463964838324","אֲהֵי","אהי","Unresolved","","No lexical entry yet","true","1","Targum Jonathan on I Samuel 18:18"
"targum-jonathan-on-i-samuel","Targum Jonathan on I Samuel","tok-f884e7ba5bea","אֱהָךְ","אהכ","Unresolved","","No lexical entry yet","true","1","Targum Jonathan on I Samuel 29:8"
"targum-jonathan-on-i-samuel","Targum Jonathan on I Samuel","tok-21f668142f7a","אוֹבִילֵיהּ","אוביליה","Unresolved","","No lexical entry yet","true","1","Targum Jonathan on I Samuel 20:40"
"targum-jonathan-on-i-samuel","Targum Jonathan on I Samuel","tok-d00f54de01dc","אוּדְנוֹהִי","אודנוהי","Unresolved","","No lexical entry yet","true","1","Targum Jonathan on I Samuel 3:11"
"targum-jonathan-on-i-samuel","Targum Jonathan on I Samuel","tok-7a94a91b9f72","אוֹחִי","אוחי","Unresolved","","No lexical entry yet","true","4","Targum Jonathan on I Samuel 4:14; Targum Jonathan on I Samuel 9:12; Targum Jonathan on I Samuel 20:38; Targum Jonathan on I Samuel 23:27"
"targum-jonathan-on-i-samuel","Targum Jonathan on I Samuel","tok-cbe3f5cefd78","אוֹחִית","אוחית","Unresolved","","No lexical entry yet","true","1","Targum Jonathan on I Samuel 25:34"
"targum-jonathan-on-i-samuel","Targum Jonathan on I Samuel","tok-a31e6f51d58a","אוֹחֲרֵי","אוחרי","Unresolved","","No lexical entry yet","true","1","Targum Jonathan on I Samuel 21:10"
"targum-jonathan-on-i-samuel","Targum Jonathan on I Samuel","tok-afb80abd52fd","אוֹחֲרָן","אוחרנ","Unresolved","","No lexical entry yet","true","2","Targum Jonathan on I Samuel 10:6; Targum Jonathan on I Samuel 17:30"
"targum-jonathan-on-i-samuel","Targum Jonathan on I Samuel","tok-49e427026cc7","אוֹחֲרָנָא","אוחרנא","Unresolved","","No lexical entry yet","true","1","Targum Jonathan on I Samuel 10:9"
"targum-jonathan-on-i-samuel","Targum Jonathan on I Samuel","tok-a01bcd61a45d","אוֹחֲרָנִין","אוחרנינ","Unresolved","","No lexical entry yet","true","3","Targum Jonathan on I Samuel 19:21; Targum Jonathan on I Samuel 24:11; Targum Jonathan on I Samuel 28:8"
"targum-jonathan-on-i-samuel","Targum Jonathan on I Samuel","tok-7b6313c67711","אוּלְפַן","אולפנ","Unresolved","","No lexical entry yet","true","2","Targum Jonathan on I Samuel 3:7; Targum Jonathan on I Samuel 9:9"
"targum-jonathan-on-i-samuel","Targum Jonathan on I Samuel","tok-4c8eddeeb940","אוּלְפָנָא","אולפנא","Unresolved","","No lexical entry yet","true","6","Targum Jonathan on I Samuel 19:18; Targum Jonathan on I Samuel 19:19; Targum Jonathan on I Samuel 19:22; Targum Jonathan on I Samuel 19:23; Targum Jonathan on I Samuel 20:1"
"targum-jonathan-on-i-samuel","Targum Jonathan on I Samuel","tok-c13c84c890a6","אוֹמָאָה","אומאה","Unresolved","","No lexical entry yet","true","1","Targum Jonathan on I Samuel 14:28"
"targum-jonathan-on-i-samuel","Targum Jonathan on I Samuel","tok-22440d5cc482","אוֹמֵי","אומי","Unresolved","","No lexical entry yet","true","2","Targum Jonathan on I Samuel 14:27; Targum Jonathan on I Samuel 14:28"
"targum-jonathan-on-i-samuel","Targum Jonathan on I Samuel","tok-1260b6081a8b","אוּמַיָא","אומיא","Unresolved","","No lexical entry yet","true","1","Targum Jonathan on I Samuel 2:2"
"targum-jonathan-on-i-samuel","Targum Jonathan on I Samuel","tok-7af7e00f6636","אוֹסִיף","אוסיפ","Unresolved","","No lexical entry yet","true","2","Targum Jonathan on I Samuel 15:35; Targum Jonathan on I Samuel 27:4"
"targum-jonathan-on-i-samuel","Targum Jonathan on I Samuel","tok-06c4e62844fd","אוֹסִיפוּ","אוסיפו","Unresolved","","No lexical entry yet","true","1","Targum Jonathan on I Samuel 7:13"
"targum-jonathan-on-i-samuel","Targum Jonathan on I Samuel","tok-57ebb2203b2e","אוֹסִיפְנָא","אוסיפנא","Unresolved","","No lexical entry yet","true","1","Targum Jonathan on I Samuel 12:19"
"targum-jonathan-on-i-samuel","Targum Jonathan on I Samuel","tok-1a9f9cd5eb0a","אוֹקִידְנָא","אוקידנא","Unresolved","","No lexical entry yet","true","1","Targum Jonathan on I Samuel 30:14"
"targum-jonathan-on-i-samuel","Targum Jonathan on I Samuel","tok-8b9b387d8025","אוֹרְחָא","אורחא","Unresolved","","No lexical entry yet","true","2","Targum Jonathan on I Samuel 24:4; Targum Jonathan on I Samuel 26:3"
"targum-jonathan-on-i-samuel","Targum Jonathan on I Samuel","tok-d30ab3ae71eb","אוֹרְחָתֵיהּ","אורחתיה","Unresolved","","No lexical entry yet","true","2","Targum Jonathan on I Samuel 2:26; Targum Jonathan on I Samuel 18:14"
"targum-jonathan-on-i-samuel","Targum Jonathan on I Samuel","tok-7b0edaca6049","אוֹרִיךְ","אוריכ","Unresolved","","No lexical entry yet","true","4","Targum Jonathan on I Samuel 1:12; Targum Jonathan on I Samuel 2:16; Targum Jonathan on I Samuel 11:3; Targum Jonathan on I Samuel 15:16"
"targum-jonathan-on-i-samuel","Targum Jonathan on I Samuel","tok-9dbc05525d3b","אוֹרִיכוּ","אוריכו","Unresolved","","No lexical entry yet","true","1","Targum Jonathan on I Samuel 14:9"
"targum-jonathan-on-i-samuel","Targum Jonathan on I Samuel","tok-c9a9fa85f846","אוֹרִיכִי","אוריכי","Unresolved","","No lexical entry yet","true","1","Targum Jonathan on I Samuel 1:23"
"targum-jonathan-on-i-samuel","Targum Jonathan on I Samuel","tok-e056d903b09a","אוֹרְכִית","אורכית","Unresolved","","No lexical entry yet","true","1","Targum Jonathan on I Samuel 1:16"
"targum-jonathan-on-i-samuel","Targum Jonathan on I Samuel","tok-67998c2b3f69","אוֹשִׁיט","אושיט","Unresolved","","No lexical entry yet","true","2","Targum Jonathan on I Samuel 24:11; Targum Jonathan on I Samuel 26:9"
"targum-jonathan-on-i-samuel","Targum Jonathan on I Samuel","tok-22a337ed0317","אִזְגַדֵי","אזגדי","Unresolved","","No lexical entry yet","true","2","Targum Jonathan on I Samuel 19:20; Targum Jonathan on I Samuel 25:42"
"targum-jonathan-on-i-samuel","Targum Jonathan on I Samuel","tok-d1dfd86cd5d5","אִזְגַדַיָא","אזגדיא","Unresolved","","No lexical entry yet","true","6","Targum Jonathan on I Samuel 11:4; Targum Jonathan on I Samuel 11:7; Targum Jonathan on I Samuel 11:9; Targum Jonathan on I Samuel 19:15; Targum Jonathan on I Samuel 19:16"
"targum-jonathan-on-i-samuel","Targum Jonathan on I Samuel","tok-3802e502c9a2","אִזְגַדִין","אזגדינ","Unresolved","","No lexical entry yet","true","8","Targum Jonathan on I Samuel 6:21; Targum Jonathan on I Samuel 11:3; Targum Jonathan on I Samuel 16:19; Targum Jonathan on I Samuel 19:11; Targum Jonathan on I Samuel 19:14"
"targum-jonathan-on-i-samuel","Targum Jonathan on I Samuel","tok-98968388d219","אִזְדַמָנוּ","אזדמנו","Unresolved","","No lexical entry yet","true","1","Targum Jonathan on I Samuel 16:5"
"targum-jonathan-on-i-samuel","Targum Jonathan on I Samuel","tok-8085fb13bd2a","אֱזִיל","אזיל","Unresolved","","No lexical entry yet","true","3","Targum Jonathan on I Samuel 3:9; Targum Jonathan on I Samuel 9:3; Targum Jonathan on I Samuel 15:3"
"targum-jonathan-on-i-samuel","Targum Jonathan on I Samuel","tok-90f432dba4de","אֱזֵיל","אזיל","Unresolved","","No lexical entry yet","true","8","Targum Jonathan on I Samuel 15:18; Targum Jonathan on I Samuel 17:37; Targum Jonathan on I Samuel 20:21; Targum Jonathan on I Samuel 20:22; Targum Jonathan on I Samuel 20:40"
"targum-jonathan-on-i-samuel","Targum Jonathan on I Samuel","tok-bac6b1195a79","אֲזֵיל","אזיל","Unresolved","","No lexical entry yet","true","1","Targum Jonathan on I Samuel 15:6"
"targum-jonathan-on-i-samuel","Targum Jonathan on I Samuel","tok-ce80aff31000","אָזִיל","אזיל","Unresolved","","No lexical entry yet","true","1","Targum Jonathan on I Samuel 2:26"
"targum-jonathan-on-i-samuel","Targum Jonathan on I Samuel","tok-7cd77dad98e7","אָזֵיל","אזיל","Unresolved","","No lexical entry yet","true","5","Targum Jonathan on I Samuel 14:16; Targum Jonathan on I Samuel 14:19; Targum Jonathan on I Samuel 17:7; Targum Jonathan on I Samuel 17:41; Targum Jonathan on I Samuel 21:6"
"targum-jonathan-on-i-samuel","Targum Jonathan on I Samuel","tok-66ba6c4a2b6f","אֱזִילוּ","אזילו","Unresolved","","No lexical entry yet","true","2","Targum Jonathan on I Samuel 8:22; Targum Jonathan on I Samuel 23:22"
"targum-jonathan-on-i-samuel","Targum Jonathan on I Samuel","tok-a26d63a1880c","אֱזִילִי","אזילי","Unresolved","","No lexical entry yet","true","1","Targum Jonathan on I Samuel 1:17"
"targum-jonathan-on-i-samuel","Targum Jonathan on I Samuel","tok-880ea399b4eb","אֲזַל","אזל","Unresolved","","No lexical entry yet","true","5","Targum Jonathan on I Samuel 14:3; Targum Jonathan on I Samuel 17:15; Targum Jonathan on I Samuel 20:11; Targum Jonathan on I Samuel 20:26; Targum Jonathan on I Samuel 23:18"
"targum-jonathan-on-i-samuel","Targum Jonathan on I Samuel","tok-fa5b2ebf2085","אָזַל","אזל","Unresolved","","No lexical entry yet","true","1","Targum Jonathan on I Samuel 10:26"
"targum-jonathan-on-i-samuel","Targum Jonathan on I Samuel","tok-fd305e40ce2d","אֲזַלוּ","אזלו","Unresolved","","No lexical entry yet","true","2","Targum Jonathan on I Samuel 17:14; Targum Jonathan on I Samuel 30:22"
"targum-jonathan-on-i-samuel","Targum Jonathan on I Samuel","tok-8accbf93142c","אֲזָלוּ","אזלו","Unresolved","","No lexical entry yet","true","2","Targum Jonathan on I Samuel 14:46; Targum Jonathan on I Samuel 17:13"
"targum-jonathan-on-i-samuel","Targum Jonathan on I Samuel","tok-2af1ebcae174","אָזְלִין","אזלינ","Unresolved","","No lexical entry yet","true","2","Targum Jonathan on I Samuel 6:12"
"targum-jonathan-on-i-samuel","Targum Jonathan on I Samuel","tok-40d68afbb44d","אֲזַלְתּוּן","אזלתונ","Unresolved","","No lexical entry yet","true","1","Targum Jonathan on I Samuel 10:14"
"targum-jonathan-on-i-samuel","Targum Jonathan on I Samuel","tok-c478854e7927","אַזְעַתָּנִי","אזעתני","Unresolved","","No lexical entry yet","true","1","Targum Jonathan on I Samuel 28:15"
"targum-jonathan-on-i-samuel","Targum Jonathan on I Samuel","tok-ce6ffd8fbf0c","אֲחוֹהִי","אחוהי","Unresolved","","No lexical entry yet","true","1","Targum Jonathan on I Samuel 16:13"
"targum-jonathan-on-i-samuel","Targum Jonathan on I Samuel","tok-6040ab44777c","אֲחוּהִי","אחוהי","Unresolved","","No lexical entry yet","true","3","Targum Jonathan on I Samuel 14:3; Targum Jonathan on I Samuel 17:28; Targum Jonathan on I Samuel 26:6"
"targum-jonathan-on-i-samuel","Targum Jonathan on I Samuel","tok-066a817fcfa9","אַחוֹהִי","אחוהי","Unresolved","","No lexical entry yet","true","1","Targum Jonathan on I Samuel 22:1"
"targum-jonathan-on-i-samuel","Targum Jonathan on I Samuel","tok-0288710615e2","אֲחַוֵי","אחוי","Unresolved","","No lexical entry yet","true","2","Targum Jonathan on I Samuel 9:19; Targum Jonathan on I Samuel 20:9"
"targum-jonathan-on-i-samuel","Targum Jonathan on I Samuel","tok-b6d55a9b2b6e","אַחֲזִינָךְ","אחזינכ","Unresolved","","No lexical entry yet","true","1","Targum Jonathan on I Samuel 16:3"
"targum-jonathan-on-i-samuel","Targum Jonathan on I Samuel","tok-e7222d87302c","אֲחִטוּב","אחטוב","Unresolved","","No lexical entry yet","true","1","Targum Jonathan on I Samuel 22:20"
"targum-jonathan-on-i-samuel","Targum Jonathan on I Samuel","tok-6d7eea9a6b64","אֲחִי","אחי","Unresolved","","No lexical entry yet","true","1","Targum Jonathan on I Samuel 20:29"
"targum-jonathan-on-i-samuel","Targum Jonathan on I Samuel","tok-4058e569943c","אֲחַי","אחי","Unresolved","","No lexical entry yet","true","1","Targum Jonathan on I Samuel 20:29"
"targum-jonathan-on-i-samuel","Targum Jonathan on I Samuel","tok-fbdd2872a776","אֶחָי","אחי","Unresolved","","No lexical entry yet","true","1","Targum Jonathan on I Samuel 30:23"
"targum-jonathan-on-i-samuel","Targum Jonathan on I Samuel","tok-940b10d2d791","אֲחֵיהוֹן","אחיהונ","Unresolved","","No lexical entry yet","true","1","Targum Jonathan on I Samuel 2:1"
"targum-jonathan-on-i-samuel","Targum Jonathan on I Samuel","tok-5b48e655f6b2","אֲחִיטוּב","אחיטוב","Unresolved","","No lexical entry yet","true","4","Targum Jonathan on I Samuel 14:3; Targum Jonathan on I Samuel 22:9; Targum Jonathan on I Samuel 22:11; Targum Jonathan on I Samuel 22:12"
"targum-jonathan-on-i-samuel","Targum Jonathan on I Samuel","tok-c931e61a281b","אֲחִימֶלֶךְ","אחימלכ","Unresolved","","No lexical entry yet","true","8","Targum Jonathan on I Samuel 21:2; Targum Jonathan on I Samuel 22:9; Targum Jonathan on I Samuel 22:11; Targum Jonathan on I Samuel 22:14; Targum Jonathan on I Samuel 22:16"
"targum-jonathan-on-i-samuel","Targum Jonathan on I Samuel","tok-f24cb0bd3f25","אֲחִימָעַץ","אחימעצ","Unresolved","","No lexical entry yet","true","1","Targum Jonathan on I Samuel 14:50"
"targum-jonathan-on-i-samuel","Targum Jonathan on I Samuel","tok-749f800eff28","אֲחִינוֹעַם","אחינועמ","Unresolved","","No lexical entry yet","true","3","Targum Jonathan on I Samuel 14:50; Targum Jonathan on I Samuel 25:43; Targum Jonathan on I Samuel 30:5"
"targum-jonathan-on-i-samuel","Targum Jonathan on I Samuel","tok-672778f7a5c1","אָחִית","אחית","Unresolved","","No lexical entry yet","true","1","Targum Jonathan on I Samuel 23:6"
"targum-jonathan-on-i-samuel","Targum Jonathan on I Samuel","tok-f2b548e6531f","אָחִיתוּ","אחיתו","Unresolved","","No lexical entry yet","true","1","Targum Jonathan on I Samuel 6:15"
"targum-jonathan-on-i-samuel","Targum Jonathan on I Samuel","tok-f0c7d25ef2ac","אֲחִנוֹעַם","אחנועמ","Unresolved","","No lexical entry yet","true","1","Targum Jonathan on I Samuel 27:3"
"targum-jonathan-on-i-samuel","Targum Jonathan on I Samuel","tok-a62faee65667","אַחֲסַנְתֵּיהּ","אחסנתיה","Unresolved","","No lexical entry yet","true","1","Targum Jonathan on I Samuel 10:1"
"targum-jonathan-on-i-samuel","Targum Jonathan on I Samuel","tok-ac3b1d9d67f7","אִיגָרָא","איגרא","Unresolved","","No lexical entry yet","true","1","Targum Jonathan on I Samuel 9:25"
"targum-jonathan-on-i-samuel","Targum Jonathan on I Samuel","tok-16ad05f64a89","אִידְחִיק","אידחיק","Unresolved","","No lexical entry yet","true","1","Targum Jonathan on I Samuel 14:24"
"targum-jonathan-on-i-samuel","Targum Jonathan on I Samuel","tok-8c51ce28aeaf","אִידְחַק","אידחק","Unresolved","","No lexical entry yet","true","1","Targum Jonathan on I Samuel 13:6"
"targum-jonathan-on-i-samuel","Targum Jonathan on I Samuel","tok-6b34e7b5b799","אִידְרַיָא","אידריא","Unresolved","","No lexical entry yet","true","1","Targum Jonathan on I Samuel 23:1"
"targum-jonathan-on-i-samuel","Targum Jonathan on I Samuel","tok-a4994f810cb9","אֵיזֵל","איזל","Unresolved","","No lexical entry yet","true","1","Targum Jonathan on I Samuel 16:2"
"targum-jonathan-on-i-samuel","Targum Jonathan on I Samuel","tok-c62a929952e9","אֵיחוֹת","איחות","Unresolved","","No lexical entry yet","true","1","Targum Jonathan on I Samuel 26:6"
"targum-jonathan-on-i-samuel","Targum Jonathan on I Samuel","tok-bbde31540333","אַיְיתִי","אייתי","Unresolved","","No lexical entry yet","true","1","Targum Jonathan on I Samuel 2:32"
"targum-jonathan-on-i-samuel","Targum Jonathan on I Samuel","tok-c018b2b5e012","אֵיכֹא","איכא","Unresolved","","No lexical entry yet","true","1","Targum Jonathan on I Samuel 19:22"
"targum-jonathan-on-i-samuel","Targum Jonathan on I Samuel","tok-0c2aa58800a1","אֵיכְדֵין","איכדינ","Unresolved","","No lexical entry yet","true","1","Targum Jonathan on I Samuel 16:2"
"targum-jonathan-on-i-samuel","Targum Jonathan on I Samuel","tok-c7187e5edc97","אֲיָלוֹן","אילונ","Unresolved","","No lexical entry yet","true","1","Targum Jonathan on I Samuel 14:31"
"targum-jonathan-on-i-samuel","Targum Jonathan on I Samuel","tok-ea87b235fac8","אִימַר","אימר","Unresolved","","No lexical entry yet","true","1","Targum Jonathan on I Samuel 15:3"
"targum-jonathan-on-i-samuel","Targum Jonathan on I Samuel","tok-e02be838ebb8","אֵימַר","אימר","Unresolved","","No lexical entry yet","true","2","Targum Jonathan on I Samuel 20:21; Targum Jonathan on I Samuel 20:22"
"targum-jonathan-on-i-samuel","Targum Jonathan on I Samuel","tok-d58f83a75170","אִימְרֵיהּ","אימריה","Unresolved","","No lexical entry yet","true","1","Targum Jonathan on I Samuel 14:34"
"targum-jonathan-on-i-samuel","Targum Jonathan on I Samuel","tok-8a8c215399fb","אֵימָתַי","אימתי","Unresolved","","No lexical entry yet","true","2","Targum Jonathan on I Samuel 1:14; Targum Jonathan on I Samuel 16:1"
"targum-jonathan-on-i-samuel","Targum Jonathan on I Samuel","tok-4469f7114230","אִינוּן","אינונ","Unresolved","","No lexical entry yet","true","14","Targum Jonathan on I Samuel 2:30; Targum Jonathan on I Samuel 4:8; Targum Jonathan on I Samuel 8:8; Targum Jonathan on I Samuel 9:5; Targum Jonathan on I Samuel 9:11"
"targum-jonathan-on-i-samuel","Targum Jonathan on I Samuel","tok-050eb2f8d78f","אִיסָדוֹהִי","איסדוהי","Unresolved","","No lexical entry yet","true","2","Targum Jonathan on I Samuel 26:7; Targum Jonathan on I Samuel 26:11"
"targum-jonathan-on-i-samuel","Targum Jonathan on I Samuel","tok-06cc12af60cd","אֵיפוֹדָא","איפודא","Unresolved","","No lexical entry yet","true","2","Targum Jonathan on I Samuel 14:3; Targum Jonathan on I Samuel 14:19"
"targum-jonathan-on-i-samuel","Targum Jonathan on I Samuel","tok-28d2a425f89d","אַיְקַר","איקר","Unresolved","","No lexical entry yet","true","1","Targum Jonathan on I Samuel 2:30"
"targum-jonathan-on-i-samuel","Targum Jonathan on I Samuel","tok-fb94b41b7eee","אִית","אית","Unresolved","","No lexical entry yet","true","5","Targum Jonathan on I Samuel 9:12; Targum Jonathan on I Samuel 20:8; Targum Jonathan on I Samuel 21:4; Targum Jonathan on I Samuel 21:5; Targum Jonathan on I Samuel 21:9"
"targum-jonathan-on-i-samuel","Targum Jonathan on I Samuel","tok-f5b08295dd8d","אִיתָא","איתא","Unresolved","","No lexical entry yet","true","6","Targum Jonathan on I Samuel 9:5; Targum Jonathan on I Samuel 9:10; Targum Jonathan on I Samuel 14:1; Targum Jonathan on I Samuel 14:6; Targum Jonathan on I Samuel 17:44"
"targum-jonathan-on-i-samuel","Targum Jonathan on I Samuel","tok-d3f4e947a5c2","אַיְתָא","איתא","Unresolved","","No lexical entry yet","true","1","Targum Jonathan on I Samuel 20:36"
"targum-jonathan-on-i-samuel","Targum Jonathan on I Samuel","tok-a86da934d39e","אִיתוֹ","איתו","Unresolved","","No lexical entry yet","true","1","Targum Jonathan on I Samuel 9:9"
"targum-jonathan-on-i-samuel","Targum Jonathan on I Samuel","tok-eb1b6020e2f4","אִיתוּ","איתו","Unresolved","","No lexical entry yet","true","1","Targum Jonathan on I Samuel 11:14"
"targum-jonathan-on-i-samuel","Targum Jonathan on I Samuel","tok-89a258ba65c5","אַיְתוֹ","איתו","Unresolved","","No lexical entry yet","true","2","Targum Jonathan on I Samuel 11:12; Targum Jonathan on I Samuel 17:10"
"targum-jonathan-on-i-samuel","Targum Jonathan on I Samuel","tok-828b802db160","אִיתוֹהִי","איתוהי","Unresolved","","No lexical entry yet","true","2","Targum Jonathan on I Samuel 14:39; Targum Jonathan on I Samuel 23:23"
"targum-jonathan-on-i-samuel","Targum Jonathan on I Samuel","tok-7b389f5423a6","אַיְתִיאוּנוּן","איתיאונונ","Unresolved","","No lexical entry yet","true","1","Targum Jonathan on I Samuel 15:15"
"targum-jonathan-on-i-samuel","Targum Jonathan on I Samuel","tok-6703003cba78","אַיְתֵיתוּן","איתיתונ","Unresolved","","No lexical entry yet","true","2","Targum Jonathan on I Samuel 21:15; Targum Jonathan on I Samuel 21:16"
"targum-jonathan-on-i-samuel","Targum Jonathan on I Samuel","tok-acb67fdd9f5d","אִיתְכְּלִין","איתכלינ","Unresolved","","No lexical entry yet","true","1","Targum Jonathan on I Samuel 30:12"
"targum-jonathan-on-i-samuel","Targum Jonathan on I Samuel","tok-67076639ba74","אִיתְכְּנִישׁוּ","איתכנישו","Unresolved","","No lexical entry yet","true","1","Targum Jonathan on I Samuel 13:7"
"targum-jonathan-on-i-samuel","Targum Jonathan on I Samuel","tok-2f57f410d188","אַיְתִנֵיהּ","איתניה","Unresolved","","No lexical entry yet","true","1","Targum Jonathan on I Samuel 14:41"
"targum-jonathan-on-i-samuel","Targum Jonathan on I Samuel","tok-d78563d23d30","אִיתְעַתָּדוּ","איתעתדו","Unresolved","","No lexical entry yet","true","1","Targum Jonathan on I Samuel 12:16"
"targum-jonathan-on-i-samuel","Targum Jonathan on I Samuel","tok-ad89046425a8","אִיתְקְפוּ","איתקפו","Unresolved","","No lexical entry yet","true","1","Targum Jonathan on I Samuel 4:9"
"targum-jonathan-on-i-samuel","Targum Jonathan on I Samuel","tok-9a26ba97dade","אֲכוֹל","אכול","Unresolved","","No lexical entry yet","true","1","Targum Jonathan on I Samuel 9:24"
"targum-jonathan-on-i-samuel","Targum Jonathan on I Samuel","tok-05464d27668f","אִכּוּל","אכול","Unresolved","","No lexical entry yet","true","1","Targum Jonathan on I Samuel 17:9"
"targum-jonathan-on-i-samuel","Targum Jonathan on I Samuel","tok-4874e8313234","אֵכוּל","אכול","Unresolved","","No lexical entry yet","true","1","Targum Jonathan on I Samuel 28:23"
"targum-jonathan-on-i-samuel","Targum Jonathan on I Samuel","tok-1c335c497308","אָכִיל","אכיל","Unresolved","","No lexical entry yet","true","2","Targum Jonathan on I Samuel 9:13; Targum Jonathan on I Samuel 14:30"
"targum-jonathan-on-i-samuel","Targum Jonathan on I Samuel","tok-47bee91de880","אָכִישׁ","אכיש","Unresolved","","No lexical entry yet","true","16","Targum Jonathan on I Samuel 21:11; Targum Jonathan on I Samuel 21:12; Targum Jonathan on I Samuel 21:13; Targum Jonathan on I Samuel 21:15; Targum Jonathan on I Samuel 27:2"
"targum-jonathan-on-i-samuel","Targum Jonathan on I Samuel","tok-b28e5fa8898c","אֲכַל","אכל","Unresolved","","No lexical entry yet","true","2","Targum Jonathan on I Samuel 20:34; Targum Jonathan on I Samuel 30:12"
"targum-jonathan-on-i-samuel","Targum Jonathan on I Samuel","tok-68025b3179c0","אֲכָל","אכל","Unresolved","","No lexical entry yet","true","1","Targum Jonathan on I Samuel 28:20"
"targum-jonathan-on-i-samuel","Targum Jonathan on I Samuel","tok-896d28f5a1bf","אַכְלִימֵיהּ","אכלימיה","Unresolved","","No lexical entry yet","true","1","Targum Jonathan on I Samuel 20:34"
"targum-jonathan-on-i-samuel","Targum Jonathan on I Samuel","tok-8126ede400a3","אָכְלִין","אכלינ","Unresolved","","No lexical entry yet","true","2","Targum Jonathan on I Samuel 9:13; Targum Jonathan on I Samuel 30:16"
"targum-jonathan-on-i-samuel","Targum Jonathan on I Samuel","tok-4f5beba967e1","אָכְלַת","אכלת","Unresolved","","No lexical entry yet","true","1","Targum Jonathan on I Samuel 1:7"
"targum-jonathan-on-i-samuel","Targum Jonathan on I Samuel","tok-49f9adeab2e2","אַכְשָׁרוּ","אכשרו","Unresolved","","No lexical entry yet","true","1","Targum Jonathan on I Samuel 17:8"
"targum-jonathan-on-i-samuel","Targum Jonathan on I Samuel","tok-024cf597720c","אֱלָהָא","אלהא","Unresolved","","No lexical entry yet","true","19","Targum Jonathan on I Samuel 2:3; Targum Jonathan on I Samuel 2:30; Targum Jonathan on I Samuel 5:7; Targum Jonathan on I Samuel 5:8; Targum Jonathan on I Samuel 5:10"
"targum-jonathan-on-i-samuel","Targum Jonathan on I Samuel","tok-463db867f3b1","אֱלָהָהוֹן","אלההונ","Unresolved","","No lexical entry yet","true","1","Targum Jonathan on I Samuel 12:9"
"targum-jonathan-on-i-samuel","Targum Jonathan on I Samuel","tok-dc517c0851f3","אֱלָהֵין","אלהינ","Unresolved","","No lexical entry yet","true","12","Targum Jonathan on I Samuel 6:3; Targum Jonathan on I Samuel 10:19; Targum Jonathan on I Samuel 12:12; Targum Jonathan on I Samuel 18:8; Targum Jonathan on I Samuel 18:25"
"targum-jonathan-on-i-samuel","Targum Jonathan on I Samuel","tok-52b7a7b693b9","אֱלָהָךְ","אלהכ","Unresolved","","No lexical entry yet","true","6","Targum Jonathan on I Samuel 12:19; Targum Jonathan on I Samuel 13:13; Targum Jonathan on I Samuel 15:15; Targum Jonathan on I Samuel 15:21; Targum Jonathan on I Samuel 15:30"
"targum-jonathan-on-i-samuel","Targum Jonathan on I Samuel","tok-0817a243d28d","אֱלָהָכוֹן","אלהכונ","Unresolved","","No lexical entry yet","true","2","Targum Jonathan on I Samuel 12:12; Targum Jonathan on I Samuel 12:14"
"targum-jonathan-on-i-samuel","Targum Jonathan on I Samuel","tok-177bfa1f8b69","אֱלָהֵן","אלהנ","Unresolved","","No lexical entry yet","true","2","Targum Jonathan on I Samuel 2:15; Targum Jonathan on I Samuel 8:19"
"targum-jonathan-on-i-samuel","Targum Jonathan on I Samuel","tok-17e633d633aa","אֱלָהָנָא","אלהנא","Unresolved","","No lexical entry yet","true","2","Targum Jonathan on I Samuel 2:2; Targum Jonathan on I Samuel 7:8"
"targum-jonathan-on-i-samuel","Targum Jonathan on I Samuel","tok-b4d867d750e2","אִלוּלָא","אלולא","Unresolved","","No lexical entry yet","true","1","Targum Jonathan on I Samuel 25:34"
"targum-jonathan-on-i-samuel","Targum Jonathan on I Samuel","tok-ae11998952d1","אֱלִיאָב","אליאב","Unresolved","","No lexical entry yet","true","3","Targum Jonathan on I Samuel 16:6; Targum Jonathan on I Samuel 17:13; Targum Jonathan on I Samuel 17:28"
"targum-jonathan-on-i-samuel","Targum Jonathan on I Samuel","tok-32e91e0b981e","אֱלִיהוּא","אליהוא","Unresolved","","No lexical entry yet","true","1","Targum Jonathan on I Samuel 1:1"
"targum-jonathan-on-i-samuel","Targum Jonathan on I Samuel","tok-a9d38e7e1353","אִלֵין","אלינ","Unresolved","","No lexical entry yet","true","3","Targum Jonathan on I Samuel 2:6; Targum Jonathan on I Samuel 2:23; Targum Jonathan on I Samuel 4:8"
"targum-jonathan-on-i-samuel","Targum Jonathan on I Samuel","tok-1ae946d342be","אַלִיף","אליפ","Unresolved","","No lexical entry yet","true","1","Targum Jonathan on I Samuel 17:39"
"targum-jonathan-on-i-samuel","Targum Jonathan on I Samuel","tok-6c8ce9ef4b31","אֶלְעָזָר","אלעזר","Unresolved","","No lexical entry yet","true","1","Targum Jonathan on I Samuel 7:1"
"targum-jonathan-on-i-samuel","Targum Jonathan on I Samuel","tok-ea063d67254d","אַלְפָא","אלפא","Unresolved","","No lexical entry yet","true","3","Targum Jonathan on I Samuel 17:8; Targum Jonathan on I Samuel 17:18; Targum Jonathan on I Samuel 18:13"
"targum-jonathan-on-i-samuel","Targum Jonathan on I Samuel","tok-77dc9611f30b","אַלְפַיָא","אלפיא","Unresolved","","No lexical entry yet","true","2","Targum Jonathan on I Samuel 18:8; Targum Jonathan on I Samuel 23:23"
"targum-jonathan-on-i-samuel","Targum Jonathan on I Samuel","tok-0cf2cf989bd1","אַלְפִין","אלפינ","Unresolved","","No lexical entry yet","true","16","Targum Jonathan on I Samuel 4:2; Targum Jonathan on I Samuel 4:10; Targum Jonathan on I Samuel 8:12; Targum Jonathan on I Samuel 11:8; Targum Jonathan on I Samuel 13:2"
"targum-jonathan-on-i-samuel","Targum Jonathan on I Samuel","tok-0029b7c41411","אֶלְקָנָה","אלקנה","Unresolved","","No lexical entry yet","true","8","Targum Jonathan on I Samuel 1:1; Targum Jonathan on I Samuel 1:4; Targum Jonathan on I Samuel 1:8; Targum Jonathan on I Samuel 1:19; Targum Jonathan on I Samuel 1:21"
"targum-jonathan-on-i-samuel","Targum Jonathan on I Samuel","tok-ac7ff760fa3f","אַמְהַתְכוֹן","אמהתכונ","Unresolved","","No lexical entry yet","true","1","Targum Jonathan on I Samuel 8:16"
"targum-jonathan-on-i-samuel","Targum Jonathan on I Samuel","tok-cb5d0fbf5694","אֱמוֹרָאֵי","אמוראי","Unresolved","","No lexical entry yet","true","1","Targum Jonathan on I Samuel 7:14"
"targum-jonathan-on-i-samuel","Targum Jonathan on I Samuel","tok-f9f8873f36cf","אֵמוּת","אמות","Unresolved","","No lexical entry yet","true","1","Targum Jonathan on I Samuel 20:14"
"targum-jonathan-on-i-samuel","Targum Jonathan on I Samuel","tok-9d4a65279630","אֶמְחִינֵיהּ","אמחיניה","Unresolved","","No lexical entry yet","true","2","Targum Jonathan on I Samuel 18:11; Targum Jonathan on I Samuel 26:8"
"targum-jonathan-on-i-samuel","Targum Jonathan on I Samuel","tok-8cb2e98424f5","אִמֵיהּ","אמיה","Unresolved","","No lexical entry yet","true","1","Targum Jonathan on I Samuel 2:19"
"targum-jonathan-on-i-samuel","Targum Jonathan on I Samuel","tok-82f868ae369d","אַמִין","אמינ","Unresolved","","No lexical entry yet","true","1","Targum Jonathan on I Samuel 17:4"
"targum-jonathan-on-i-samuel","Targum Jonathan on I Samuel","tok-f666f139cb92","אִמָךְ","אמכ","Unresolved","","No lexical entry yet","true","2","Targum Jonathan on I Samuel 15:33; Targum Jonathan on I Samuel 20:30"
"targum-jonathan-on-i-samuel","Targum Jonathan on I Samuel","tok-7992052c2712","אַמְלִיךְ","אמליכ","Unresolved","","No lexical entry yet","true","1","Targum Jonathan on I Samuel 15:35"
"targum-jonathan-on-i-samuel","Targum Jonathan on I Samuel","tok-6ad5795c286b","אֲמַלֵיל","אמליל","Unresolved","","No lexical entry yet","true","1","Targum Jonathan on I Samuel 19:3"
"targum-jonathan-on-i-samuel","Targum Jonathan on I Samuel","tok-7459e6450531","אֲמְלְכִית","אמלכית","Unresolved","","No lexical entry yet","true","1","Targum Jonathan on I Samuel 15:11"
"targum-jonathan-on-i-samuel","Targum Jonathan on I Samuel","tok-1be3ea52256f","אִמְרָא","אמרא","Unresolved","","No lexical entry yet","true","2","Targum Jonathan on I Samuel 7:9; Targum Jonathan on I Samuel 17:34"
"targum-jonathan-on-i-samuel","Targum Jonathan on I Samuel","tok-4c9058c0ea8e","אָמְרִין","אמרינ","Unresolved","","No lexical entry yet","true","2","Targum Jonathan on I Samuel 2:1; Targum Jonathan on I Samuel 23:22"
"targum-jonathan-on-i-samuel","Targum Jonathan on I Samuel","tok-2641b90f2d16","אֲמַרִית","אמרית","Unresolved","","No lexical entry yet","true","1","Targum Jonathan on I Samuel 2:30"
"targum-jonathan-on-i-samuel","Targum Jonathan on I Samuel","tok-241872b376eb","אֲמַרְתּוּן","אמרתונ","Unresolved","","No lexical entry yet","true","1","Targum Jonathan on I Samuel 12:1"
"targum-jonathan-on-i-samuel","Targum Jonathan on I Samuel","tok-14a38042fc8e","אַמְתָךְ","אמתכ","Unresolved","","No lexical entry yet","true","13","Targum Jonathan on I Samuel 1:11; Targum Jonathan on I Samuel 1:16; Targum Jonathan on I Samuel 1:18; Targum Jonathan on I Samuel 25:24; Targum Jonathan on I Samuel 25:25"
"targum-jonathan-on-i-samuel","Targum Jonathan on I Samuel","tok-5d8562bf8d9c","אָן","אנ","Unresolved","","No lexical entry yet","true","1","Targum Jonathan on I Samuel 26:16"
"targum-jonathan-on-i-samuel","Targum Jonathan on I Samuel","tok-028664118454","אֲנָא","אנא","Unresolved","","No lexical entry yet","true","41","Targum Jonathan on I Samuel 1:15; Targum Jonathan on I Samuel 1:26; Targum Jonathan on I Samuel 1:28; Targum Jonathan on I Samuel 2:23; Targum Jonathan on I Samuel 2:24"
"targum-jonathan-on-i-samuel","Targum Jonathan on I Samuel","tok-d648a6466c3e","אִנוּן","אנונ","Unresolved","","No lexical entry yet","true","5","Targum Jonathan on I Samuel 19:20; Targum Jonathan on I Samuel 19:21; Targum Jonathan on I Samuel 25:11; Targum Jonathan on I Samuel 26:19"
"targum-jonathan-on-i-samuel","Targum Jonathan on I Samuel","tok-2b8a2650739b","אַנְזֵיקִינוּנוּן","אנזיקינונונ","Unresolved","","No lexical entry yet","true","1","Targum Jonathan on I Samuel 25:7"
"targum-jonathan-on-i-samuel","Targum Jonathan on I Samuel","tok-cda8c66277ad","אֲנַחְנָא","אנחנא","Unresolved","","No lexical entry yet","true","8","Targum Jonathan on I Samuel 8:20; Targum Jonathan on I Samuel 9:7; Targum Jonathan on I Samuel 10:19; Targum Jonathan on I Samuel 14:8; Targum Jonathan on I Samuel 20:42"
"targum-jonathan-on-i-samuel","Targum Jonathan on I Samuel","tok-e7bd77e5fc09","אַנְסִין","אנסינ","Unresolved","","No lexical entry yet","true","1","Targum Jonathan on I Samuel 2:29"
"targum-jonathan-on-i-samuel","Targum Jonathan on I Samuel","tok-87c15f7b4a37","אֲנָסִית","אנסית","Unresolved","","No lexical entry yet","true","1","Targum Jonathan on I Samuel 12:3"
"targum-jonathan-on-i-samuel","Targum Jonathan on I Samuel","tok-0ac5c4041f36","אֲנַסְתָּנָא","אנסתנא","Unresolved","","No lexical entry yet","true","1","Targum Jonathan on I Samuel 12:4"
"targum-jonathan-on-i-samuel","Targum Jonathan on I Samuel","tok-70a7cce2e4eb","אֱנָשָׁא","אנשא","Unresolved","","No lexical entry yet","true","9","Targum Jonathan on I Samuel 1:11; Targum Jonathan on I Samuel 2:8; Targum Jonathan on I Samuel 2:26; Targum Jonathan on I Samuel 15:29; Targum Jonathan on I Samuel 16:7"
"targum-jonathan-on-i-samuel","Targum Jonathan on I Samuel","tok-96d57df52c61","אַסְגִי","אסגי","Unresolved","","No lexical entry yet","true","1","Targum Jonathan on I Samuel 20:41"
"targum-jonathan-on-i-samuel","Targum Jonathan on I Samuel","tok-cf1ed33af7e5","אִסָדוֹהִי","אסדוהי","Unresolved","","No lexical entry yet","true","2","Targum Jonathan on I Samuel 19:13; Targum Jonathan on I Samuel 19:16"
"targum-jonathan-on-i-samuel","Targum Jonathan on I Samuel","tok-7ba226bdd0d3","אַסְהָדָא","אסהדא","Unresolved","","No lexical entry yet","true","1","Targum Jonathan on I Samuel 8:9"
"targum-jonathan-on-i-samuel","Targum Jonathan on I Samuel","tok-7d5a341d5bfc","אַסְהִידוּ","אסהידו","Unresolved","","No lexical entry yet","true","1","Targum Jonathan on I Samuel 12:3"
"targum-jonathan-on-i-samuel","Targum Jonathan on I Samuel","tok-e1e9b24bc346","אַסְחַר","אסחר","Unresolved","","No lexical entry yet","true","1","Targum Jonathan on I Samuel 20:5"
"targum-jonathan-on-i-samuel","Targum Jonathan on I Samuel","tok-b6a542fa7edd","אַסְחָרָא","אסחרא","Unresolved","","No lexical entry yet","true","1","Targum Jonathan on I Samuel 20:5"
"targum-jonathan-on-i-samuel","Targum Jonathan on I Samuel","tok-964ca51f7dcf","אַסְחָרוּ","אסחרו","Unresolved","","No lexical entry yet","true","1","Targum Jonathan on I Samuel 5:10"
"targum-jonathan-on-i-samuel","Targum Jonathan on I Samuel","tok-5b79b6565be1","אַסְחֲרוּתָא","אסחרותא","Unresolved","","No lexical entry yet","true","6","Targum Jonathan on I Samuel 9:12; Targum Jonathan on I Samuel 9:13; Targum Jonathan on I Samuel 9:14; Targum Jonathan on I Samuel 9:19; Targum Jonathan on I Samuel 9:25"
"targum-jonathan-on-i-samuel","Targum Jonathan on I Samuel","tok-a4f1f8986501","אַסְחָרוּתָא","אסחרותא","Unresolved","","No lexical entry yet","true","1","Targum Jonathan on I Samuel 10:5"
"targum-jonathan-on-i-samuel","Targum Jonathan on I Samuel","tok-303e1c3a72c2","אַסְחָרוּתָךְ","אסחרותכ","Unresolved","","No lexical entry yet","true","1","Targum Jonathan on I Samuel 20:18"
"targum-jonathan-on-i-samuel","Targum Jonathan on I Samuel","tok-193d58f6eaf0","אִסְטַרְטִיג","אסטרטיג","Unresolved","","No lexical entry yet","true","2","Targum Jonathan on I Samuel 13:23; Targum Jonathan on I Samuel 14:4"
"targum-jonathan-on-i-samuel","Targum Jonathan on I Samuel","tok-491d3ab2b3cd","אִסְטַרְטִיגָא","אסטרטיגא","Unresolved","","No lexical entry yet","true","1","Targum Jonathan on I Samuel 14:15"
"targum-jonathan-on-i-samuel","Targum Jonathan on I Samuel","tok-747d01889a9c","אִסְטַרְטִיגֵי","אסטרטיגי","Unresolved","","No lexical entry yet","true","2","Targum Jonathan on I Samuel 13:3; Targum Jonathan on I Samuel 13:4"
"targum-jonathan-on-i-samuel","Targum Jonathan on I Samuel","tok-90f85f3d766c","אִסְטַרְטִינֵי","אסטרטיני","Unresolved","","No lexical entry yet","true","1","Targum Jonathan on I Samuel 10:5"
"targum-jonathan-on-i-samuel","Targum Jonathan on I Samuel","tok-77446ee44a69","אַסִיק","אסיק","Unresolved","","No lexical entry yet","true","1","Targum Jonathan on I Samuel 28:11"
"targum-jonathan-on-i-samuel","Targum Jonathan on I Samuel","tok-34b1fb864c40","אַסִיקוּ","אסיקו","Unresolved","","No lexical entry yet","true","4","Targum Jonathan on I Samuel 6:14; Targum Jonathan on I Samuel 6:15; Targum Jonathan on I Samuel 6:21; Targum Jonathan on I Samuel 19:15"
"targum-jonathan-on-i-samuel","Targum Jonathan on I Samuel","tok-0442c1999cba","אַסִיקִי","אסיקי","Unresolved","","No lexical entry yet","true","1","Targum Jonathan on I Samuel 28:11"
"targum-jonathan-on-i-samuel","Targum Jonathan on I Samuel","tok-9c6c7f23fe1e","אַסְקֵית","אסקית","Unresolved","","No lexical entry yet","true","1","Targum Jonathan on I Samuel 10:18"
"targum-jonathan-on-i-samuel","Targum Jonathan on I Samuel","tok-95e39fcfebd0","אִסְתְּחַר","אסתחר","Unresolved","","No lexical entry yet","true","1","Targum Jonathan on I Samuel 22:18"
"targum-jonathan-on-i-samuel","Targum Jonathan on I Samuel","tok-3feb38156da4","אִסְתְּחָרוּ","אסתחרו","Unresolved","","No lexical entry yet","true","1","Targum Jonathan on I Samuel 22:17"
"targum-jonathan-on-i-samuel","Targum Jonathan on I Samuel","tok-4111df4b993a","אִסְתַּכַּל","אסתכל","Unresolved","","No lexical entry yet","true","1","Targum Jonathan on I Samuel 24:12"
"targum-jonathan-on-i-samuel","Targum Jonathan on I Samuel","tok-04a30be3f955","אִסְתַּכָּלִית","אסתכלית","Unresolved","","No lexical entry yet","true","1","Targum Jonathan on I Samuel 26:21"
"targum-jonathan-on-i-samuel","Targum Jonathan on I Samuel","tok-051b11b26880","אִסְתַּמַר","אסתמר","Unresolved","","No lexical entry yet","true","1","Targum Jonathan on I Samuel 19:2"
"targum-jonathan-on-i-samuel","Targum Jonathan on I Samuel","tok-4b56b48eba1e","אַעְבֵיד","אעביד","Unresolved","","No lexical entry yet","true","1","Targum Jonathan on I Samuel 10:2"
"targum-jonathan-on-i-samuel","Targum Jonathan on I Samuel","tok-4d514cca79d2","אַעְבֵּיד","אעביד","Unresolved","","No lexical entry yet","true","2","Targum Jonathan on I Samuel 24:7; Targum Jonathan on I Samuel 28:15"
"targum-jonathan-on-i-samuel","Targum Jonathan on I Samuel","tok-cce2613483bc","אַעֲדוּ","אעדו","Unresolved","","No lexical entry yet","true","1","Targum Jonathan on I Samuel 7:3"
"targum-jonathan-on-i-samuel","Targum Jonathan on I Samuel","tok-24119f9f20bc","אַעֲדִי","אעדי","Unresolved","","No lexical entry yet","true","1","Targum Jonathan on I Samuel 15:28"
"targum-jonathan-on-i-samuel","Targum Jonathan on I Samuel","tok-d1d28829d596","אֲעֵי","אעי","Unresolved","","No lexical entry yet","true","1","Targum Jonathan on I Samuel 6:14"
"targum-jonathan-on-i-samuel","Targum Jonathan on I Samuel","tok-eb9818ab69e6","אָעֵלִיתָא","אעליתא","Unresolved","","No lexical entry yet","true","1","Targum Jonathan on I Samuel 20:8"
"targum-jonathan-on-i-samuel","Targum Jonathan on I Samuel","tok-f2e478e5ead2","אַפָּהָא","אפהא","Unresolved","","No lexical entry yet","true","2","Targum Jonathan on I Samuel 25:23; Targum Jonathan on I Samuel 25:41"
"targum-jonathan-on-i-samuel","Targum Jonathan on I Samuel","tok-25b37e4e3378","אֵפוֹד","אפוד","Unresolved","","No lexical entry yet","true","2","Targum Jonathan on I Samuel 2:28; Targum Jonathan on I Samuel 22:18"
"targum-jonathan-on-i-samuel","Targum Jonathan on I Samuel","tok-52421cba09da","אֵפוֹדָא","אפודא","Unresolved","","No lexical entry yet","true","4","Targum Jonathan on I Samuel 23:6; Targum Jonathan on I Samuel 23:9; Targum Jonathan on I Samuel 30:7"
"targum-jonathan-on-i-samuel","Targum Jonathan on I Samuel","tok-7ad5c31604cb","אַפּוֹהִי","אפוהי","Unresolved","","No lexical entry yet","true","6","Targum Jonathan on I Samuel 5:3; Targum Jonathan on I Samuel 5:4; Targum Jonathan on I Samuel 17:49; Targum Jonathan on I Samuel 20:41; Targum Jonathan on I Samuel 24:9"
"targum-jonathan-on-i-samuel","Targum Jonathan on I Samuel","tok-99e878a19557","אֶפּוֹק","אפוק","Unresolved","","No lexical entry yet","true","1","Targum Jonathan on I Samuel 19:3"
"targum-jonathan-on-i-samuel","Targum Jonathan on I Samuel","tok-8b185185cf7c","אַפֵי","אפי","Unresolved","","No lexical entry yet","true","1","Targum Jonathan on I Samuel 26:3"
"targum-jonathan-on-i-samuel","Targum Jonathan on I Samuel","tok-54b54cb243f9","אַפֵּי","אפי","Unresolved","","No lexical entry yet","true","6","Targum Jonathan on I Samuel 14:25; Targum Jonathan on I Samuel 15:7; Targum Jonathan on I Samuel 20:15; Targum Jonathan on I Samuel 24:3; Targum Jonathan on I Samuel 26:1"
"targum-jonathan-on-i-samuel","Targum Jonathan on I Samuel","tok-f6c156a52ca1","אַפַּיָא","אפיא","Unresolved","","No lexical entry yet","true","1","Targum Jonathan on I Samuel 21:7"
"targum-jonathan-on-i-samuel","Targum Jonathan on I Samuel","tok-d46eae11f72c","אֲפִיחַ","אפיח","Unresolved","","No lexical entry yet","true","1","Targum Jonathan on I Samuel 9:1"
"targum-jonathan-on-i-samuel","Targum Jonathan on I Samuel","tok-4ebcdfef93fc","אַפִיכוּ","אפיכו","Unresolved","","No lexical entry yet","true","2","Targum Jonathan on I Samuel 14:22; Targum Jonathan on I Samuel 31:7"
"targum-jonathan-on-i-samuel","Targum Jonathan on I Samuel","tok-64c08bb4c00d","אַפַּיְכִי","אפיכי","Unresolved","","No lexical entry yet","true","1","Targum Jonathan on I Samuel 25:35"
"targum-jonathan-on-i-samuel","Targum Jonathan on I Samuel","tok-6f1a7db1a3bd","אַפֵּךְ","אפכ","Unresolved","","No lexical entry yet","true","1","Targum Jonathan on I Samuel 4:17"
"targum-jonathan-on-i-samuel","Targum Jonathan on I Samuel","tok-9aec0228b38e","אַפָּכִית","אפכית","Unresolved","","No lexical entry yet","true","1","Targum Jonathan on I Samuel 4:16"
"targum-jonathan-on-i-samuel","Targum Jonathan on I Samuel","tok-bd52bbcced56","אַפְסִיק","אפסיק","Unresolved","","No lexical entry yet","true","1","Targum Jonathan on I Samuel 2:33"
"targum-jonathan-on-i-samuel","Targum Jonathan on I Samuel","tok-bec533a2bc80","אַפְעַיָא","אפעיא","Unresolved","","No lexical entry yet","true","1","Targum Jonathan on I Samuel 13:18"
"targum-jonathan-on-i-samuel","Targum Jonathan on I Samuel","tok-1dd80e595477","אֶפְרָתִי","אפרתי","Unresolved","","No lexical entry yet","true","1","Targum Jonathan on I Samuel 17:12"
"targum-jonathan-on-i-samuel","Targum Jonathan on I Samuel","tok-01ac91433087","אֶפְתָּח","אפתח","Unresolved","","No lexical entry yet","true","1","Targum Jonathan on I Samuel 2:1"
"targum-jonathan-on-i-samuel","Targum Jonathan on I Samuel","tok-3fc7f2367bb9","אַצְלַח","אצלח","Unresolved","","No lexical entry yet","true","3","Targum Jonathan on I Samuel 14:47; Targum Jonathan on I Samuel 18:30; Targum Jonathan on I Samuel 26:25"
"targum-jonathan-on-i-samuel","Targum Jonathan on I Samuel","tok-06baec3adcf5","אֲצַלֵי","אצלי","Unresolved","","No lexical entry yet","true","1","Targum Jonathan on I Samuel 12:17"
"targum-jonathan-on-i-samuel","Targum Jonathan on I Samuel","tok-33ec4cf1378e","אַקְדֵים","אקדימ","Unresolved","","No lexical entry yet","true","1","Targum Jonathan on I Samuel 29:10"
"targum-jonathan-on-i-samuel","Targum Jonathan on I Samuel","tok-8c617ad736a5","אֶקְטְלִנָךְ","אקטלנכ","Unresolved","","No lexical entry yet","true","1","Targum Jonathan on I Samuel 19:17"
"targum-jonathan-on-i-samuel","Targum Jonathan on I Samuel","tok-434ed15620c7","אֲקַיֵם","אקימ","Unresolved","","No lexical entry yet","true","1","Targum Jonathan on I Samuel 3:12"
"targum-jonathan-on-i-samuel","Targum Jonathan on I Samuel","tok-cc33851f02ee","אָקִים","אקימ","Unresolved","","No lexical entry yet","true","1","Targum Jonathan on I Samuel 22:8"
"targum-jonathan-on-i-samuel","Targum Jonathan on I Samuel","tok-06197e2a9ef1","אַקְנָיוּתִי","אקניותי","Unresolved","","No lexical entry yet","true","1","Targum Jonathan on I Samuel 1:16"
"targum-jonathan-on-i-samuel","Targum Jonathan on I Samuel","tok-a5901bdd5325","אַרְבְּעִין","ארבעינ","Unresolved","","No lexical entry yet","true","2","Targum Jonathan on I Samuel 4:18; Targum Jonathan on I Samuel 17:16"
"targum-jonathan-on-i-samuel","Targum Jonathan on I Samuel","tok-858995a7b0b6","אֶרְדוֹף","ארדופ","Unresolved","","No lexical entry yet","true","1","Targum Jonathan on I Samuel 30:8"
"targum-jonathan-on-i-samuel","Targum Jonathan on I Samuel","tok-d898d54767f7","אֲרוֹן","ארונ","Unresolved","","No lexical entry yet","true","10","Targum Jonathan on I Samuel 4:3; Targum Jonathan on I Samuel 4:4; Targum Jonathan on I Samuel 4:5; Targum Jonathan on I Samuel 5:7; Targum Jonathan on I Samuel 5:8"
"targum-jonathan-on-i-samuel","Targum Jonathan on I Samuel","tok-f240eca9e100","אַרוֹן","ארונ","Unresolved","","No lexical entry yet","true","1","Targum Jonathan on I Samuel 17:8"
"targum-jonathan-on-i-samuel","Targum Jonathan on I Samuel","tok-9fcedaf3fccf","אֲרוֹנָא","ארונא","Unresolved","","No lexical entry yet","true","29","Targum Jonathan on I Samuel 2:1; Targum Jonathan on I Samuel 3:3; Targum Jonathan on I Samuel 4:6; Targum Jonathan on I Samuel 4:7; Targum Jonathan on I Samuel 4:13"
"targum-jonathan-on-i-samuel","Targum Jonathan on I Samuel","tok-0e5b9e6baa72","אָרוֹנָא","ארונא","Unresolved","","No lexical entry yet","true","1","Targum Jonathan on I Samuel 6:15"
"targum-jonathan-on-i-samuel","Targum Jonathan on I Samuel","tok-399c5dd8fdc7","אָרְחָנָא","ארחנא","Unresolved","","No lexical entry yet","true","2","Targum Jonathan on I Samuel 9:6; Targum Jonathan on I Samuel 9:8"
"targum-jonathan-on-i-samuel","Targum Jonathan on I Samuel","tok-b91fa0d10299","אֲרִי","ארי","Unresolved","","No lexical entry yet","true","1","Targum Jonathan on I Samuel 14:22"
"targum-jonathan-on-i-samuel","Targum Jonathan on I Samuel","tok-c41cd7f9f9e8","אֲרֵי","ארי","Unresolved","","No lexical entry yet","true","224","Targum Jonathan on I Samuel 1:5; Targum Jonathan on I Samuel 1:6; Targum Jonathan on I Samuel 1:16; Targum Jonathan on I Samuel 1:20; Targum Jonathan on I Samuel 1:22"
"targum-jonathan-on-i-samuel","Targum Jonathan on I Samuel","tok-4ffdc61909c8","אַרְיָא","אריא","Unresolved","","No lexical entry yet","true","2","Targum Jonathan on I Samuel 17:34; Targum Jonathan on I Samuel 17:36"
"targum-jonathan-on-i-samuel","Targum Jonathan on I Samuel","tok-7ecbda511052","אַרְעָא","ארעא","Unresolved","","No lexical entry yet","true","30","Targum Jonathan on I Samuel 2:10; Targum Jonathan on I Samuel 3:19; Targum Jonathan on I Samuel 4:5; Targum Jonathan on I Samuel 5:3; Targum Jonathan on I Samuel 5:4"
"targum-jonathan-on-i-samuel","Targum Jonathan on I Samuel","tok-1a4f229777fa","אַרְעֲכוֹן","ארעכונ","Unresolved","","No lexical entry yet","true","1","Targum Jonathan on I Samuel 6:5"
"targum-jonathan-on-i-samuel","Targum Jonathan on I Samuel","tok-5655a3956a5a","אַשְׁדוֹד","אשדוד","Unresolved","","No lexical entry yet","true","4","Targum Jonathan on I Samuel 5:3; Targum Jonathan on I Samuel 5:6; Targum Jonathan on I Samuel 5:7"
"targum-jonathan-on-i-samuel","Targum Jonathan on I Samuel","tok-a9442430965c","אֶשְׁדֵי","אשדי","Unresolved","","No lexical entry yet","true","1","Targum Jonathan on I Samuel 20:20"
"targum-jonathan-on-i-samuel","Targum Jonathan on I Samuel","tok-f385a22d8499","אֲשַׁוִינָךְ","אשוינכ","Unresolved","","No lexical entry yet","true","1","Targum Jonathan on I Samuel 28:2"
"targum-jonathan-on-i-samuel","Targum Jonathan on I Samuel","tok-34f16cf39f5b","אֱשֵׁיצִינָךְ","אשיצינכ","Unresolved","","No lexical entry yet","true","1","Targum Jonathan on I Samuel 15:6"
"targum-jonathan-on-i-samuel","Targum Jonathan on I Samuel","tok-49e15902a486","אַשְׁכַּח","אשכח","Unresolved","","No lexical entry yet","true","1","Targum Jonathan on I Samuel 16:22"
"targum-jonathan-on-i-samuel","Targum Jonathan on I Samuel","tok-4157a5bc9abb","אַשְׁכָּחוּ","אשכחו","Unresolved","","No lexical entry yet","true","3","Targum Jonathan on I Samuel 9:4; Targum Jonathan on I Samuel 9:11"
"targum-jonathan-on-i-samuel","Targum Jonathan on I Samuel","tok-9493e292f399","אַשְׁכְּחִית","אשכחית","Unresolved","","No lexical entry yet","true","1","Targum Jonathan on I Samuel 20:3"
"targum-jonathan-on-i-samuel","Targum Jonathan on I Samuel","tok-f199a68af82e","אַשְׁכְּחֵית","אשכחית","Unresolved","","No lexical entry yet","true","1","Targum Jonathan on I Samuel 20:29"
"targum-jonathan-on-i-samuel","Targum Jonathan on I Samuel","tok-9f7f589a1dfd","אַשְׁכָּחִית","אשכחית","Unresolved","","No lexical entry yet","true","2","Targum Jonathan on I Samuel 29:3; Targum Jonathan on I Samuel 29:6"
"targum-jonathan-on-i-samuel","Targum Jonathan on I Samuel","tok-2276568ebd37","אַשְׁכָּחֵית","אשכחית","Unresolved","","No lexical entry yet","true","1","Targum Jonathan on I Samuel 27:5"
"targum-jonathan-on-i-samuel","Targum Jonathan on I Samuel","tok-4cf0602daf91","אַשְׁכַּחְנָא","אשכחנא","Unresolved","","No lexical entry yet","true","1","Targum Jonathan on I Samuel 10:14"
"targum-jonathan-on-i-samuel","Targum Jonathan on I Samuel","tok-3d293a99afc8","אַשְׁכַּחְתָּא","אשכחתא","Unresolved","","No lexical entry yet","true","1","Targum Jonathan on I Samuel 29:8"
"targum-jonathan-on-i-samuel","Targum Jonathan on I Samuel","tok-37aa3ed323e8","אַשְׁכַּחְתּוּן","אשכחתונ","Unresolved","","No lexical entry yet","true","1","Targum Jonathan on I Samuel 12:5"
"targum-jonathan-on-i-samuel","Targum Jonathan on I Samuel","tok-26da039c5838","אֲשֵׁלָא","אשלא","Unresolved","","No lexical entry yet","true","1","Targum Jonathan on I Samuel 31:13"
"targum-jonathan-on-i-samuel","Targum Jonathan on I Samuel","tok-8309a0047904","אַשְׁלָא","אשלא","Unresolved","","No lexical entry yet","true","1","Targum Jonathan on I Samuel 22:6"
"targum-jonathan-on-i-samuel","Targum Jonathan on I Samuel","tok-83f603fed487","אֶשְׁלַח","אשלח","Unresolved","","No lexical entry yet","true","3","Targum Jonathan on I Samuel 9:16; Targum Jonathan on I Samuel 20:12; Targum Jonathan on I Samuel 20:21"
"targum-jonathan-on-i-samuel","Targum Jonathan on I Samuel","tok-3ca150a3561f","אֶשְׁלְחִינָךְ","אשלחינכ","Unresolved","","No lexical entry yet","true","1","Targum Jonathan on I Samuel 16:1"
"targum-jonathan-on-i-samuel","Targum Jonathan on I Samuel","tok-9776de236598","אֲשָׁמָא","אשמא","Unresolved","","No lexical entry yet","true","5","Targum Jonathan on I Samuel 2:1; Targum Jonathan on I Samuel 6:3; Targum Jonathan on I Samuel 6:4; Targum Jonathan on I Samuel 6:8; Targum Jonathan on I Samuel 6:17"
"targum-jonathan-on-i-samuel","Targum Jonathan on I Samuel","tok-c49943b62cf3","אֶשְׁנֵי","אשני","Unresolved","","No lexical entry yet","true","1","Targum Jonathan on I Samuel 26:8"
"targum-jonathan-on-i-samuel","Targum Jonathan on I Samuel","tok-37365a0cfe74","אִשְׁתְּאַל","אשתאל","Unresolved","","No lexical entry yet","true","2","Targum Jonathan on I Samuel 20:6; Targum Jonathan on I Samuel 20:28"
"targum-jonathan-on-i-samuel","Targum Jonathan on I Samuel","tok-6b66bcedddd8","אִשְׁתְּאָלָא","אשתאלא","Unresolved","","No lexical entry yet","true","2","Targum Jonathan on I Samuel 20:6; Targum Jonathan on I Samuel 20:28"
"targum-jonathan-on-i-samuel","Targum Jonathan on I Samuel","tok-83e8179bcb42","אִשְׁתְּאַר","אשתאר","Unresolved","","No lexical entry yet","true","1","Targum Jonathan on I Samuel 25:34"
"targum-jonathan-on-i-samuel","Targum Jonathan on I Samuel","tok-56765d08dd4d","אִשְׁתָּאַר","אשתאר","Unresolved","","No lexical entry yet","true","2","Targum Jonathan on I Samuel 5:4; Targum Jonathan on I Samuel 16:11"
"targum-jonathan-on-i-samuel","Targum Jonathan on I Samuel","tok-54d94baab257","אִשְׁתָּאֲרוּ","אשתארו","Unresolved","","No lexical entry yet","true","3","Targum Jonathan on I Samuel 11:11; Targum Jonathan on I Samuel 25:13; Targum Jonathan on I Samuel 30:9"
"targum-jonathan-on-i-samuel","Targum Jonathan on I Samuel","tok-16cb1c05ba2e","אִשְׁתָּאֲרַת","אשתארת","Unresolved","","No lexical entry yet","true","1","Targum Jonathan on I Samuel 18:8"
"targum-jonathan-on-i-samuel","Targum Jonathan on I Samuel","tok-6e0cfdcc23e4","אִשְׁתְּבִי","אשתבי","Unresolved","","No lexical entry yet","true","1","Targum Jonathan on I Samuel 4:17"
"targum-jonathan-on-i-samuel","Targum Jonathan on I Samuel","tok-ad49198e6d8c","אִשְׁתְּבֵי","אשתבי","Unresolved","","No lexical entry yet","true","2","Targum Jonathan on I Samuel 4:11; Targum Jonathan on I Samuel 4:22"
"targum-jonathan-on-i-samuel","Targum Jonathan on I Samuel","tok-f9fb4c3905ed","אִשְׁתְּבִיאָה","אשתביאה","Unresolved","","No lexical entry yet","true","1","Targum Jonathan on I Samuel 30:5"
"targum-jonathan-on-i-samuel","Targum Jonathan on I Samuel","tok-5a6a4b31abba","אִשְׁתָּבִיאוּ","אשתביאו","Unresolved","","No lexical entry yet","true","1","Targum Jonathan on I Samuel 30:3"
"targum-jonathan-on-i-samuel","Targum Jonathan on I Samuel","tok-303b39863a7e","אִשְׁתֵּיזֵב","אשתיזב","Unresolved","","No lexical entry yet","true","1","Targum Jonathan on I Samuel 27:1"
"targum-jonathan-on-i-samuel","Targum Jonathan on I Samuel","tok-8c55cbc43ce9","אִשְׁתֵּיזָבָא","אשתיזבא","Unresolved","","No lexical entry yet","true","1","Targum Jonathan on I Samuel 27:1"
"targum-jonathan-on-i-samuel","Targum Jonathan on I Samuel","tok-00eafacd0620","אִשְׁתֵּיזֵיב","אשתיזיב","Unresolved","","No lexical entry yet","true","3","Targum Jonathan on I Samuel 20:29; Targum Jonathan on I Samuel 23:13; Targum Jonathan on I Samuel 30:17"
"targum-jonathan-on-i-samuel","Targum Jonathan on I Samuel","tok-be861d6b3dcc","אִשְׁתֵּיתִי","אשתיתי","Unresolved","","No lexical entry yet","true","1","Targum Jonathan on I Samuel 1:15"
"targum-jonathan-on-i-samuel","Targum Jonathan on I Samuel","tok-2eb85876b8e6","אִשְׁתְּכַח","אשתכח","Unresolved","","No lexical entry yet","true","3","Targum Jonathan on I Samuel 9:8; Targum Jonathan on I Samuel 10:21; Targum Jonathan on I Samuel 13:22"
"targum-jonathan-on-i-samuel","Targum Jonathan on I Samuel","tok-02b8960691a8","אִשְׁתְּכָחָא","אשתכחא","Unresolved","","No lexical entry yet","true","2","Targum Jonathan on I Samuel 9:20; Targum Jonathan on I Samuel 10:2"
"targum-jonathan-on-i-samuel","Targum Jonathan on I Samuel","tok-028f334355b3","אִשְׁתַּכָּחָא","אשתכחא","Unresolved","","No lexical entry yet","true","1","Targum Jonathan on I Samuel 10:16"
"targum-jonathan-on-i-samuel","Targum Jonathan on I Samuel","tok-ec2dc8ec853f","אִשְׁתְּכַחַת","אשתכחת","Unresolved","","No lexical entry yet","true","1","Targum Jonathan on I Samuel 25:28"
"targum-jonathan-on-i-samuel","Targum Jonathan on I Samuel","tok-0fd257e2682b","אִשְׁתְּמַע","אשתמע","Unresolved","","No lexical entry yet","true","1","Targum Jonathan on I Samuel 3:3"
"targum-jonathan-on-i-samuel","Targum Jonathan on I Samuel","tok-cefca3b84601","אֲתָא","אתא","Unresolved","","No lexical entry yet","true","10","Targum Jonathan on I Samuel 4:5; Targum Jonathan on I Samuel 4:7; Targum Jonathan on I Samuel 20:27; Targum Jonathan on I Samuel 20:29; Targum Jonathan on I Samuel 22:9"
"targum-jonathan-on-i-samuel","Targum Jonathan on I Samuel","tok-cacae7c4dca4","אָתָא","אתא","Unresolved","","No lexical entry yet","true","13","Targum Jonathan on I Samuel 2:34; Targum Jonathan on I Samuel 4:6; Targum Jonathan on I Samuel 4:13; Targum Jonathan on I Samuel 11:5; Targum Jonathan on I Samuel 12:12"
"targum-jonathan-on-i-samuel","Targum Jonathan on I Samuel","tok-de933d1b442f","אִתְאַבֵּל","אתאבל","Unresolved","","No lexical entry yet","true","1","Targum Jonathan on I Samuel 15:35"
"targum-jonathan-on-i-samuel","Targum Jonathan on I Samuel","tok-392c8081606c","אִתְאַמַר","אתאמר","Unresolved","","No lexical entry yet","true","2","Targum Jonathan on I Samuel 9:15; Targum Jonathan on I Samuel 9:17"
"targum-jonathan-on-i-samuel","Targum Jonathan on I Samuel","tok-71a7df173670","אָתָאן","אתאנ","Unresolved","","No lexical entry yet","true","1","Targum Jonathan on I Samuel 2:31"
"targum-jonathan-on-i-samuel","Targum Jonathan on I Samuel","tok-a38ef26b9c6d","אֲתָבָא","אתבא","Unresolved","","No lexical entry yet","true","1","Targum Jonathan on I Samuel 6:3"
"targum-jonathan-on-i-samuel","Targum Jonathan on I Samuel","tok-9da95b7e523d","אִתְבַּדַר","אתבדר","Unresolved","","No lexical entry yet","true","1","Targum Jonathan on I Samuel 13:11"
"targum-jonathan-on-i-samuel","Targum Jonathan on I Samuel","tok-5e83bbd456a8","אִתְבַּדָרוּ","אתבדרו","Unresolved","","No lexical entry yet","true","1","Targum Jonathan on I Samuel 14:34"
"targum-jonathan-on-i-samuel","Targum Jonathan on I Samuel","tok-97799e5f9f52","אִתְבָהֵיל","אתבהיל","Unresolved","","No lexical entry yet","true","1","Targum Jonathan on I Samuel 28:21"
"targum-jonathan-on-i-samuel","Targum Jonathan on I Samuel","tok-d8e152cc5b4a","אִתְּבַר","אתבר","Unresolved","","No lexical entry yet","true","1","Targum Jonathan on I Samuel 14:16"
"targum-jonathan-on-i-samuel","Targum Jonathan on I Samuel","tok-24af24c1e04a","אִתְגְלָאָה","אתגלאה","Unresolved","","No lexical entry yet","true","1","Targum Jonathan on I Samuel 2:27"
"targum-jonathan-on-i-samuel","Targum Jonathan on I Samuel","tok-a6713c2c36ac","אִתְגְלֵי","אתגלי","Unresolved","","No lexical entry yet","true","2","Targum Jonathan on I Samuel 3:7; Targum Jonathan on I Samuel 3:21"
"targum-jonathan-on-i-samuel","Targum Jonathan on I Samuel","tok-2860fde53c0d","אִתְגְלֵיתִי","אתגליתי","Unresolved","","No lexical entry yet","true","1","Targum Jonathan on I Samuel 2:27"
"targum-jonathan-on-i-samuel","Targum Jonathan on I Samuel","tok-8aaf7ee58744","אִתְגְרָאָה","אתגראה","Unresolved","","No lexical entry yet","true","1","Targum Jonathan on I Samuel 27:12"
"targum-jonathan-on-i-samuel","Targum Jonathan on I Samuel","tok-ca6b668da459","אִתְגְרִי","אתגרי","Unresolved","","No lexical entry yet","true","1","Targum Jonathan on I Samuel 13:4"
"targum-jonathan-on-i-samuel","Targum Jonathan on I Samuel","tok-0d998e865e09","אִתְגָרֵי","אתגרי","Unresolved","","No lexical entry yet","true","1","Targum Jonathan on I Samuel 27:12"
"targum-jonathan-on-i-samuel","Targum Jonathan on I Samuel","tok-5f8dbbc10e6b","אִתְגָרִית","אתגרית","Unresolved","","No lexical entry yet","true","1","Targum Jonathan on I Samuel 26:19"
"targum-jonathan-on-i-samuel","Targum Jonathan on I Samuel","tok-02a848ad693d","אֲתוּב","אתוב","Unresolved","","No lexical entry yet","true","2","Targum Jonathan on I Samuel 15:26; Targum Jonathan on I Samuel 15:29"
"targum-jonathan-on-i-samuel","Targum Jonathan on I Samuel","tok-5e2b653746a8","אַתּוּן","אתונ","Unresolved","","No lexical entry yet","true","10","Targum Jonathan on I Samuel 2:3; Targum Jonathan on I Samuel 2:29; Targum Jonathan on I Samuel 6:3; Targum Jonathan on I Samuel 7:3; Targum Jonathan on I Samuel 12:14"
"targum-jonathan-on-i-samuel","Targum Jonathan on I Samuel","tok-be006be97b25","אִתְחַבִּיבַת","אתחביבת","Unresolved","","No lexical entry yet","true","1","Targum Jonathan on I Samuel 18:1"
"targum-jonathan-on-i-samuel","Targum Jonathan on I Samuel","tok-0107afac2374","אִתְחַוָא","אתחוא","Unresolved","","No lexical entry yet","true","1","Targum Jonathan on I Samuel 23:13"
"targum-jonathan-on-i-samuel","Targum Jonathan on I Samuel","tok-12fcc39d509b","אִתְחַתֵּן","אתחתנ","Unresolved","","No lexical entry yet","true","1","Targum Jonathan on I Samuel 18:22"
"targum-jonathan-on-i-samuel","Targum Jonathan on I Samuel","tok-173e9bb5ece2","אָתֵי","אתי","Unresolved","","No lexical entry yet","true","3","Targum Jonathan on I Samuel 17:43; Targum Jonathan on I Samuel 17:45"
"targum-jonathan-on-i-samuel","Targum Jonathan on I Samuel","tok-2f13870eeac1","אַתְיָא","אתיא","Unresolved","","No lexical entry yet","true","1","Targum Jonathan on I Samuel 25:19"
"targum-jonathan-on-i-samuel","Targum Jonathan on I Samuel","tok-1858472e06f3","אָתַיָא","אתיא","Unresolved","","No lexical entry yet","true","2","Targum Jonathan on I Samuel 10:7; Targum Jonathan on I Samuel 10:9"
"targum-jonathan-on-i-samuel","Targum Jonathan on I Samuel","tok-93b72a791572","אֲתִיב","אתיב","Unresolved","","No lexical entry yet","true","1","Targum Jonathan on I Samuel 25:39"
"targum-jonathan-on-i-samuel","Targum Jonathan on I Samuel","tok-3e5ad9322897","אָתִיב","אתיב","Unresolved","","No lexical entry yet","true","1","Targum Jonathan on I Samuel 30:19"
"targum-jonathan-on-i-samuel","Targum Jonathan on I Samuel","tok-0c9f8c34ca2e","אָתֵיב","אתיב","Unresolved","","No lexical entry yet","true","1","Targum Jonathan on I Samuel 29:4"
"targum-jonathan-on-i-samuel","Targum Jonathan on I Samuel","tok-70203ffe9d53","אָתִיבוּ","אתיבו","Unresolved","","No lexical entry yet","true","1","Targum Jonathan on I Samuel 6:21"
"targum-jonathan-on-i-samuel","Targum Jonathan on I Samuel","tok-4097e5549adf","אֲתִיבַת","אתיבת","Unresolved","","No lexical entry yet","true","1","Targum Jonathan on I Samuel 4:20"
"targum-jonathan-on-i-samuel","Targum Jonathan on I Samuel","tok-4aa2f1c7f86e","אִתְיְדַע","אתידע","Unresolved","","No lexical entry yet","true","1","Targum Jonathan on I Samuel 22:6"
"targum-jonathan-on-i-samuel","Targum Jonathan on I Samuel","tok-1425f9b8419d","אִתְיְהִיבַת","אתיהיבת","Unresolved","","No lexical entry yet","true","1","Targum Jonathan on I Samuel 18:19"
"targum-jonathan-on-i-samuel","Targum Jonathan on I Samuel","tok-95db3e2c4c76","אֲתֵינָא","אתינא","Unresolved","","No lexical entry yet","true","1","Targum Jonathan on I Samuel 25:8"
"targum-jonathan-on-i-samuel","Targum Jonathan on I Samuel","tok-219983b0d355","אֲתֵית","אתית","Unresolved","","No lexical entry yet","true","1","Targum Jonathan on I Samuel 4:16"
"targum-jonathan-on-i-samuel","Targum Jonathan on I Samuel","tok-be8f25df8406","אֲתֵיתָא","אתיתא","Unresolved","","No lexical entry yet","true","1","Targum Jonathan on I Samuel 9:20"
"targum-jonathan-on-i-samuel","Targum Jonathan on I Samuel","tok-c971070a019d","אָתֵיתָא","אתיתא","Unresolved","","No lexical entry yet","true","1","Targum Jonathan on I Samuel 13:11"
"targum-jonathan-on-i-samuel","Targum Jonathan on I Samuel","tok-67f7d7250da7","אָתֵיתִי","אתיתי","Unresolved","","No lexical entry yet","true","2","Targum Jonathan on I Samuel 16:2; Targum Jonathan on I Samuel 16:5"
"targum-jonathan-on-i-samuel","Targum Jonathan on I Samuel","tok-ffdc3ea66317","אַתְכְּלִין","אתכלינ","Unresolved","","No lexical entry yet","true","1","Targum Jonathan on I Samuel 25:18"
"targum-jonathan-on-i-samuel","Targum Jonathan on I Samuel","tok-6426ea867018","אִתְכְּנִישׁוּ","אתכנישו","Unresolved","","No lexical entry yet","true","3","Targum Jonathan on I Samuel 7:7; Targum Jonathan on I Samuel 13:5; Targum Jonathan on I Samuel 17:2"
"targum-jonathan-on-i-samuel","Targum Jonathan on I Samuel","tok-7aa166efe3a7","אִתְכַּנָשׁוּ","אתכנשו","Unresolved","","No lexical entry yet","true","1","Targum Jonathan on I Samuel 13:11"
"targum-jonathan-on-i-samuel","Targum Jonathan on I Samuel","tok-92184e485abf","אִתְמְנַע","אתמנע","Unresolved","","No lexical entry yet","true","2","Targum Jonathan on I Samuel 1:5; Targum Jonathan on I Samuel 1:6"
"targum-jonathan-on-i-samuel","Targum Jonathan on I Samuel","tok-b72f35cc612e","אִתְמְסִיר","אתמסיר","Unresolved","","No lexical entry yet","true","1","Targum Jonathan on I Samuel 27:1"
"targum-jonathan-on-i-samuel","Targum Jonathan on I Samuel","tok-f0f45c86f049","אִתְמַסְכְּנוּ","אתמסכנו","Unresolved","","No lexical entry yet","true","1","Targum Jonathan on I Samuel 2:5"
"targum-jonathan-on-i-samuel","Targum Jonathan on I Samuel","tok-15cac238a1cf","אִתְמְסַר","אתמסר","Unresolved","","No lexical entry yet","true","1","Targum Jonathan on I Samuel 23:7"
"targum-jonathan-on-i-samuel","Targum Jonathan on I Samuel","tok-576ce677a052","אִתְמְרָעִית","אתמרעית","Unresolved","","No lexical entry yet","true","1","Targum Jonathan on I Samuel 30:13"
"targum-jonathan-on-i-samuel","Targum Jonathan on I Samuel","tok-16a67d0be263","אִתְנַבִּיאַת","אתנביאת","Unresolved","","No lexical entry yet","true","4","Targum Jonathan on I Samuel 2:2; Targum Jonathan on I Samuel 2:3; Targum Jonathan on I Samuel 2:4; Targum Jonathan on I Samuel 2:5"
"targum-jonathan-on-i-samuel","Targum Jonathan on I Samuel","tok-9b919ac56047","אִתְנְגַדְתּוּן","אתנגדתונ","Unresolved","","No lexical entry yet","true","1","Targum Jonathan on I Samuel 27:10"
"targum-jonathan-on-i-samuel","Targum Jonathan on I Samuel","tok-8b5c88c48c98","אִתְנְגִידוּ","אתנגידו","Unresolved","","No lexical entry yet","true","2","Targum Jonathan on I Samuel 23:27; Targum Jonathan on I Samuel 30:1"
"targum-jonathan-on-i-samuel","Targum Jonathan on I Samuel","tok-fd173bb3cb3d","אִתְנְגִידְנָא","אתנגידנא","Unresolved","","No lexical entry yet","true","1","Targum Jonathan on I Samuel 30:14"
"targum-jonathan-on-i-samuel","Targum Jonathan on I Samuel","tok-6f18703a261e","אֶתְּנָהּ","אתנה","Unresolved","","No lexical entry yet","true","1","Targum Jonathan on I Samuel 18:21"
"targum-jonathan-on-i-samuel","Targum Jonathan on I Samuel","tok-719d32ce7d59","אִתְנְזֵיקְנָא","אתנזיקנא","Unresolved","","No lexical entry yet","true","1","Targum Jonathan on I Samuel 25:15"
"targum-jonathan-on-i-samuel","Targum Jonathan on I Samuel","tok-8a62e83c914e","אֲתָנַיָא","אתניא","Unresolved","","No lexical entry yet","true","8","Targum Jonathan on I Samuel 9:3; Targum Jonathan on I Samuel 9:5; Targum Jonathan on I Samuel 9:20; Targum Jonathan on I Samuel 10:2; Targum Jonathan on I Samuel 10:14"
"targum-jonathan-on-i-samuel","Targum Jonathan on I Samuel","tok-3477fd286ae2","אִתְנְסִיבוּתֵיהּ","אתנסיבותיה","Unresolved","","No lexical entry yet","true","1","Targum Jonathan on I Samuel 21:7"
"targum-jonathan-on-i-samuel","Targum Jonathan on I Samuel","tok-dffeb0afe681","אִתְנְסִיס","אתנסיס","Unresolved","","No lexical entry yet","true","1","Targum Jonathan on I Samuel 20:34"
"targum-jonathan-on-i-samuel","Targum Jonathan on I Samuel","tok-3095bb36fd66","אִתְעֲבִידַת","אתעבידת","Unresolved","","No lexical entry yet","true","1","Targum Jonathan on I Samuel 6:9"
"targum-jonathan-on-i-samuel","Targum Jonathan on I Samuel","tok-537f34ec391a","אִתְעַתָּדוּ","אתעתדו","Unresolved","","No lexical entry yet","true","1","Targum Jonathan on I Samuel 12:7"
"targum-jonathan-on-i-samuel","Targum Jonathan on I Samuel","tok-9595d07042fb","אִתְעַתָּדִי","אתעתדי","Unresolved","","No lexical entry yet","true","1","Targum Jonathan on I Samuel 10:19"
"targum-jonathan-on-i-samuel","Targum Jonathan on I Samuel","tok-2e7285cdbeae","אִתְפְּנֵי","אתפני","Unresolved","","No lexical entry yet","true","2","Targum Jonathan on I Samuel 10:9; Targum Jonathan on I Samuel 14:7"
"targum-jonathan-on-i-samuel","Targum Jonathan on I Samuel","tok-801b1ed2621a","אִתְפְּרַע","אתפרע","Unresolved","","No lexical entry yet","true","1","Targum Jonathan on I Samuel 6:6"
"targum-jonathan-on-i-samuel","Targum Jonathan on I Samuel","tok-046bc8c7a70d","אִתְפְּרַשׁ","אתפרש","Unresolved","","No lexical entry yet","true","1","Targum Jonathan on I Samuel 15:6"
"targum-jonathan-on-i-samuel","Targum Jonathan on I Samuel","tok-3ced7ac94f0d","אִתְקְטָלָא","אתקטלא","Unresolved","","No lexical entry yet","true","1","Targum Jonathan on I Samuel 14:39"
"targum-jonathan-on-i-samuel","Targum Jonathan on I Samuel","tok-24f44973566e","אִתְקְטָלוּ","אתקטלו","Unresolved","","No lexical entry yet","true","2","Targum Jonathan on I Samuel 4:11; Targum Jonathan on I Samuel 4:17"
"targum-jonathan-on-i-samuel","Targum Jonathan on I Samuel","tok-1fe890e97ed7","אִתְקַיְמָא","אתקימא","Unresolved","","No lexical entry yet","true","1","Targum Jonathan on I Samuel 9:6"
"targum-jonathan-on-i-samuel","Targum Jonathan on I Samuel","tok-2a51d952cbe8","אַתְקִין","אתקינ","Unresolved","","No lexical entry yet","true","1","Targum Jonathan on I Samuel 13:13"
"targum-jonathan-on-i-samuel","Targum Jonathan on I Samuel","tok-dfbfbfbe64fb","אַתְקֵין","אתקינ","Unresolved","","No lexical entry yet","true","2","Targum Jonathan on I Samuel 2:8; Targum Jonathan on I Samuel 13:14"
"targum-jonathan-on-i-samuel","Targum Jonathan on I Samuel","tok-634078ff015a","אַתְקִינוּ","אתקינו","Unresolved","","No lexical entry yet","true","1","Targum Jonathan on I Samuel 23:22"
"targum-jonathan-on-i-samuel","Targum Jonathan on I Samuel","tok-d0e5a1b5b22f","אִתְקְרָבוּ","אתקרבו","Unresolved","","No lexical entry yet","true","1","Targum Jonathan on I Samuel 7:10"
"targum-jonathan-on-i-samuel","Targum Jonathan on I Samuel","tok-894263f26dac","אִתְקְרִיבוּ","אתקריבו","Unresolved","","No lexical entry yet","true","1","Targum Jonathan on I Samuel 14:38"
"targum-jonathan-on-i-samuel","Targum Jonathan on I Samuel","tok-75541e154c46","אֲתַר","אתר","Unresolved","","No lexical entry yet","true","7","Targum Jonathan on I Samuel 6:20; Targum Jonathan on I Samuel 9:22; Targum Jonathan on I Samuel 14:47; Targum Jonathan on I Samuel 15:12; Targum Jonathan on I Samuel 18:5"
"targum-jonathan-on-i-samuel","Targum Jonathan on I Samuel","tok-708e2ecb3773","אַתְרָא","אתרא","Unresolved","","No lexical entry yet","true","5","Targum Jonathan on I Samuel 20:25; Targum Jonathan on I Samuel 20:27; Targum Jonathan on I Samuel 23:28; Targum Jonathan on I Samuel 26:5; Targum Jonathan on I Samuel 26:13"
"targum-jonathan-on-i-samuel","Targum Jonathan on I Samuel","tok-51cbaf217c5f","אַתְרַיָא","אתריא","Unresolved","","No lexical entry yet","true","2","Targum Jonathan on I Samuel 7:16; Targum Jonathan on I Samuel 30:31"
"targum-jonathan-on-i-samuel","Targum Jonathan on I Samuel","tok-f7a9d197c050","אַתְרֵיה","אתריה","Unresolved","","No lexical entry yet","true","1","Targum Jonathan on I Samuel 23:22"
"targum-jonathan-on-i-samuel","Targum Jonathan on I Samuel","tok-02012f9a3350","אִתְרְעִי","אתרעי","Unresolved","","No lexical entry yet","true","1","Targum Jonathan on I Samuel 19:1"
"targum-jonathan-on-i-samuel","Targum Jonathan on I Samuel","tok-4878bf08b44e","אִתְרְעֵי","אתרעי","Unresolved","","No lexical entry yet","true","2","Targum Jonathan on I Samuel 10:24; Targum Jonathan on I Samuel 18:22"
"targum-jonathan-on-i-samuel","Targum Jonathan on I Samuel","tok-f2b5a978b2b2","אִתַּת","אתת","Unresolved","","No lexical entry yet","true","6","Targum Jonathan on I Samuel 4:19; Targum Jonathan on I Samuel 14:50; Targum Jonathan on I Samuel 25:14; Targum Jonathan on I Samuel 25:44; Targum Jonathan on I Samuel 27:3"
"targum-jonathan-on-i-samuel","Targum Jonathan on I Samuel","tok-26c8731fcb94","אָתַת","אתת","Unresolved","","No lexical entry yet","true","1","Targum Jonathan on I Samuel 6:14"
"targum-jonathan-on-i-samuel","Targum Jonathan on I Samuel","tok-801c36cd754d","אִתְּתָא","אתתא","Unresolved","","No lexical entry yet","true","19","Targum Jonathan on I Samuel 1:15; Targum Jonathan on I Samuel 1:18; Targum Jonathan on I Samuel 1:23; Targum Jonathan on I Samuel 1:26; Targum Jonathan on I Samuel 2:20"
"targum-jonathan-on-i-samuel","Targum Jonathan on I Samuel","tok-dc302e6ba562","אִתְּתֵיהּ","אתתיה","Unresolved","","No lexical entry yet","true","7","Targum Jonathan on I Samuel 1:4; Targum Jonathan on I Samuel 1:19; Targum Jonathan on I Samuel 2:20; Targum Jonathan on I Samuel 19:11; Targum Jonathan on I Samuel 25:3"
"targum-jonathan-on-i-samuel","Targum Jonathan on I Samuel","tok-9f5b209750bf","בַּאֲבָהַתְכוֹן","באבהתכונ","Unresolved","","No lexical entry yet","true","1","Targum Jonathan on I Samuel 12:15"
"targum-jonathan-on-i-samuel","Targum Jonathan on I Samuel","tok-bba122c67bb9","בַּאֲבִיגַיִל","באביגיל","Unresolved","","No lexical entry yet","true","1","Targum Jonathan on I Samuel 25:39"
"targum-jonathan-on-i-samuel","Targum Jonathan on I Samuel","tok-8e05544a1aef","בְּאוּדְנַי","באודני","Unresolved","","No lexical entry yet","true","1","Targum Jonathan on I Samuel 15:14"
"targum-jonathan-on-i-samuel","Targum Jonathan on I Samuel","tok-abd07b336d09","בְּאוֹרְחָא","באורחא","Unresolved","","No lexical entry yet","true","5","Targum Jonathan on I Samuel 15:2; Targum Jonathan on I Samuel 15:18; Targum Jonathan on I Samuel 15:20; Targum Jonathan on I Samuel 24:8; Targum Jonathan on I Samuel 28:22"
"targum-jonathan-on-i-samuel","Targum Jonathan on I Samuel","tok-4a7bd4bed3f4","בְּאוֹרְחָתֵיהּ","באורחתיה","Unresolved","","No lexical entry yet","true","1","Targum Jonathan on I Samuel 8:3"
"targum-jonathan-on-i-samuel","Targum Jonathan on I Samuel","tok-5bc2a3e25998","בְּאוּרַיָא","באוריא","Unresolved","","No lexical entry yet","true","1","Targum Jonathan on I Samuel 28:6"
"targum-jonathan-on-i-samuel","Targum Jonathan on I Samuel","tok-ef3dafe74fcd","בְּאַחֲסָנַת","באחסנת","Unresolved","","No lexical entry yet","true","1","Targum Jonathan on I Samuel 26:19"
"targum-jonathan-on-i-samuel","Targum Jonathan on I Samuel","tok-53cef1db9b6d","בְּאִימְרֵי","באימרי","Unresolved","","No lexical entry yet","true","1","Targum Jonathan on I Samuel 15:4"
"targum-jonathan-on-i-samuel","Targum Jonathan on I Samuel","tok-1496efcd03a6","בְּאִלֵין","באלינ","Unresolved","","No lexical entry yet","true","2","Targum Jonathan on I Samuel 16:10; Targum Jonathan on I Samuel 17:39"
"targum-jonathan-on-i-samuel","Targum Jonathan on I Samuel","tok-016692f14319","בְּאַלְפִין","באלפינ","Unresolved","","No lexical entry yet","true","3","Targum Jonathan on I Samuel 18:7; Targum Jonathan on I Samuel 21:12; Targum Jonathan on I Samuel 29:5"
"targum-jonathan-on-i-samuel","Targum Jonathan on I Samuel","tok-e129c7b6da88","בְּאֵפוֹדָא","באפודא","Unresolved","","No lexical entry yet","true","1","Targum Jonathan on I Samuel 21:10"
"targum-jonathan-on-i-samuel","Targum Jonathan on I Samuel","tok-2e6e44eff074","בַאֲפַק","באפק","Unresolved","","No lexical entry yet","true","1","Targum Jonathan on I Samuel 4:1"
"targum-jonathan-on-i-samuel","Targum Jonathan on I Samuel","tok-75ed786ef4e2","בְּאָרְחָא","בארחא","Unresolved","","No lexical entry yet","true","1","Targum Jonathan on I Samuel 6:12"
"targum-jonathan-on-i-samuel","Targum Jonathan on I Samuel","tok-3a241c81c6f1","בְּאָרְחָתָךְ","בארחתכ","Unresolved","","No lexical entry yet","true","1","Targum Jonathan on I Samuel 8:5"
"targum-jonathan-on-i-samuel","Targum Jonathan on I Samuel","tok-2eb16d23af1e","בְּאַרַע","בארע","Unresolved","","No lexical entry yet","true","3","Targum Jonathan on I Samuel 9:4"
"targum-jonathan-on-i-samuel","Targum Jonathan on I Samuel","tok-48460136a567","בְּאַשְׁדוֹד","באשדוד","Unresolved","","No lexical entry yet","true","1","Targum Jonathan on I Samuel 5:5"
"targum-jonathan-on-i-samuel","Targum Jonathan on I Samuel","tok-79b637966f67","בְּאֶשְׁתְּמֹעַ","באשתמע","Unresolved","","No lexical entry yet","true","1","Targum Jonathan on I Samuel 30:28"
"targum-jonathan-on-i-samuel","Targum Jonathan on I Samuel","tok-e70d641425ae","בַּאֲתַר","באתר","Unresolved","","No lexical entry yet","true","1","Targum Jonathan on I Samuel 23:13"
"targum-jonathan-on-i-samuel","Targum Jonathan on I Samuel","tok-71738da884f3","בְּאַתְרָא","באתרא","Unresolved","","No lexical entry yet","true","1","Targum Jonathan on I Samuel 12:8"
"targum-jonathan-on-i-samuel","Targum Jonathan on I Samuel","tok-ad483882ae5d","בְּאַתְרֵיהּ","באתריה","Unresolved","","No lexical entry yet","true","2","Targum Jonathan on I Samuel 3:2; Targum Jonathan on I Samuel 3:9"
"targum-jonathan-on-i-samuel","Targum Jonathan on I Samuel","tok-a27ad6ffa9ac","בְּאַתְרָנָא","באתרנא","Unresolved","","No lexical entry yet","true","1","Targum Jonathan on I Samuel 14:9"
"targum-jonathan-on-i-samuel","Targum Jonathan on I Samuel","tok-882db996b318","בִּבְהִילוּ","בבהילו","Unresolved","","No lexical entry yet","true","1","Targum Jonathan on I Samuel 21:9"
"targum-jonathan-on-i-samuel","Targum Jonathan on I Samuel","tok-3d6dae33d6c2","בְבָזָק","בבזק","Unresolved","","No lexical entry yet","true","1","Targum Jonathan on I Samuel 11:8"
"targum-jonathan-on-i-samuel","Targum Jonathan on I Samuel","tok-9e2e591e00bf","בִּבְחִירַיָא","בבחיריא","Unresolved","","No lexical entry yet","true","1","Targum Jonathan on I Samuel 17:12"
"targum-jonathan-on-i-samuel","Targum Jonathan on I Samuel","tok-5988b862493b","בְּבִידִין","בבידינ","Unresolved","","No lexical entry yet","true","1","Targum Jonathan on I Samuel 28:8"
"targum-jonathan-on-i-samuel","Targum Jonathan on I Samuel","tok-1a1cb91790a1","בְּבֵיתָא","בביתא","Unresolved","","No lexical entry yet","true","2","Targum Jonathan on I Samuel 6:10; Targum Jonathan on I Samuel 28:24"
"targum-jonathan-on-i-samuel","Targum Jonathan on I Samuel","tok-317aede2db8d","בְּבֵיתֵיהּ","בביתיה","Unresolved","","No lexical entry yet","true","3","Targum Jonathan on I Samuel 19:9; Targum Jonathan on I Samuel 25:1; Targum Jonathan on I Samuel 25:36"
"targum-jonathan-on-i-samuel","Targum Jonathan on I Samuel","tok-8ae6d2e58c7c","בְּבֵיתָךְ","בביתכ","Unresolved","","No lexical entry yet","true","4","Targum Jonathan on I Samuel 2:31; Targum Jonathan on I Samuel 2:32; Targum Jonathan on I Samuel 2:36; Targum Jonathan on I Samuel 22:14"
"targum-jonathan-on-i-samuel","Targum Jonathan on I Samuel","tok-0a461279811f","בִּבְנוֹהִי","בבנוהי","Unresolved","","No lexical entry yet","true","1","Targum Jonathan on I Samuel 16:1"
"targum-jonathan-on-i-samuel","Targum Jonathan on I Samuel","tok-63770bb267c0","בְּבָעוּ","בבעו","Unresolved","","No lexical entry yet","true","3","Targum Jonathan on I Samuel 1:26; Targum Jonathan on I Samuel 15:32; Targum Jonathan on I Samuel 25:24"
"targum-jonathan-on-i-samuel","Targum Jonathan on I Samuel","tok-ae6bf09a5c49","בְּבַתְרַיְתָא","בבתריתא","Unresolved","","No lexical entry yet","true","1","Targum Jonathan on I Samuel 29:2"
"targum-jonathan-on-i-samuel","Targum Jonathan on I Samuel","tok-1d68662d7371","בְּגִבְעֲת","בגבעת","Unresolved","","No lexical entry yet","true","1","Targum Jonathan on I Samuel 26:3"
"targum-jonathan-on-i-samuel","Targum Jonathan on I Samuel","tok-58017c484ecf","בְּגִבְעַת","בגבעת","Unresolved","","No lexical entry yet","true","1","Targum Jonathan on I Samuel 23:19"
"targum-jonathan-on-i-samuel","Targum Jonathan on I Samuel","tok-9faf7262cb05","בְגִבְעֲתָא","בגבעתא","Unresolved","","No lexical entry yet","true","1","Targum Jonathan on I Samuel 13:3"
"targum-jonathan-on-i-samuel","Targum Jonathan on I Samuel","tok-8849d4eb1f33","בְגִבְעָתָא","בגבעתא","Unresolved","","No lexical entry yet","true","1","Targum Jonathan on I Samuel 7:1"
"targum-jonathan-on-i-samuel","Targum Jonathan on I Samuel","tok-902df740cf72","בְּגִבְעֲתָא","בגבעתא","Unresolved","","No lexical entry yet","true","4","Targum Jonathan on I Samuel 13:2; Targum Jonathan on I Samuel 13:16; Targum Jonathan on I Samuel 14:16; Targum Jonathan on I Samuel 26:1"
"targum-jonathan-on-i-samuel","Targum Jonathan on I Samuel","tok-3cd32215af1e","בְּגִבְעָתָא","בגבעתא","Unresolved","","No lexical entry yet","true","1","Targum Jonathan on I Samuel 22:6"
"targum-jonathan-on-i-samuel","Targum Jonathan on I Samuel","tok-b56d29b6d110","בְּגַבְרֵי","בגברי","Unresolved","","No lexical entry yet","true","1","Targum Jonathan on I Samuel 6:19"
"targum-jonathan-on-i-samuel","Targum Jonathan on I Samuel","tok-481e4d653505","בְגֵהִנָם","בגהנמ","Unresolved","","No lexical entry yet","true","1","Targum Jonathan on I Samuel 2:9"
"targum-jonathan-on-i-samuel","Targum Jonathan on I Samuel","tok-7ad7636d2e15","בְּגוֹ","בגו","Unresolved","","No lexical entry yet","true","8","Targum Jonathan on I Samuel 1:11; Targum Jonathan on I Samuel 2:26; Targum Jonathan on I Samuel 9:14; Targum Jonathan on I Samuel 9:18; Targum Jonathan on I Samuel 10:23"
"targum-jonathan-on-i-samuel","Targum Jonathan on I Samuel","tok-868da659527b","בַּגִלְבּוֹעַ","בגלבוע","Unresolved","","No lexical entry yet","true","1","Targum Jonathan on I Samuel 28:4"
"targum-jonathan-on-i-samuel","Targum Jonathan on I Samuel","tok-59fc92fc6697","בְּגִלְגָלָא","בגלגלא","Unresolved","","No lexical entry yet","true","4","Targum Jonathan on I Samuel 11:15; Targum Jonathan on I Samuel 13:7; Targum Jonathan on I Samuel 15:21; Targum Jonathan on I Samuel 15:33"
"targum-jonathan-on-i-samuel","Targum Jonathan on I Samuel","tok-33377d8af7e0","בִּגְנַז","בגנז","Unresolved","","No lexical entry yet","true","1","Targum Jonathan on I Samuel 25:29"
"targum-jonathan-on-i-samuel","Targum Jonathan on I Samuel","tok-6456499aac7c","בְּגַת","בגת","Unresolved","","No lexical entry yet","true","1","Targum Jonathan on I Samuel 27:3"
"targum-jonathan-on-i-samuel","Targum Jonathan on I Samuel","tok-1138f6f8e796","בְּדִיל","בדיל","Unresolved","","No lexical entry yet","true","7","Targum Jonathan on I Samuel 1:6; Targum Jonathan on I Samuel 4:3; Targum Jonathan on I Samuel 12:22; Targum Jonathan on I Samuel 15:15; Targum Jonathan on I Samuel 15:17"
"targum-jonathan-on-i-samuel","Targum Jonathan on I Samuel","tok-120503d73d45","בְּדִילִי","בדילי","Unresolved","","No lexical entry yet","true","1","Targum Jonathan on I Samuel 23:10"
"targum-jonathan-on-i-samuel","Targum Jonathan on I Samuel","tok-46aabb88cf9d","בְּדֵין","בדינ","Unresolved","","No lexical entry yet","true","2","Targum Jonathan on I Samuel 16:8; Targum Jonathan on I Samuel 16:9"
"targum-jonathan-on-i-samuel","Targum Jonathan on I Samuel","tok-3c8fdf42d453","בְּדִינָא","בדינא","Unresolved","","No lexical entry yet","true","1","Targum Jonathan on I Samuel 12:3"
"targum-jonathan-on-i-samuel","Targum Jonathan on I Samuel","tok-ebf546d90307","בִּדְרָחִים","בדרחימ","Unresolved","","No lexical entry yet","true","1","Targum Jonathan on I Samuel 20:17"
"targum-jonathan-on-i-samuel","Targum Jonathan on I Samuel","tok-41ae2be837df","בִּדְרָחֵם","בדרחמ","Unresolved","","No lexical entry yet","true","1","Targum Jonathan on I Samuel 18:3"
"targum-jonathan-on-i-samuel","Targum Jonathan on I Samuel","tok-8cf6edfa89a6","בּוּטְמָא","בוטמא","Unresolved","","No lexical entry yet","true","3","Targum Jonathan on I Samuel 17:2; Targum Jonathan on I Samuel 17:19; Targum Jonathan on I Samuel 21:10"
"targum-jonathan-on-i-samuel","Targum Jonathan on I Samuel","tok-3c6be9f4c5c4","בּוּכְרָא","בוכרא","Unresolved","","No lexical entry yet","true","1","Targum Jonathan on I Samuel 17:13"
"targum-jonathan-on-i-samuel","Targum Jonathan on I Samuel","tok-090d74419edd","בּוּכְרֵיהּ","בוכריה","Unresolved","","No lexical entry yet","true","1","Targum Jonathan on I Samuel 8:2"
"targum-jonathan-on-i-samuel","Targum Jonathan on I Samuel","tok-383a7d40ee5e","בּוּסְמִין","בוסמינ","Unresolved","","No lexical entry yet","true","1","Targum Jonathan on I Samuel 2:28"
"targum-jonathan-on-i-samuel","Targum Jonathan on I Samuel","tok-2c0736c33bf4","בָּזְזֵיהוֹן","בזזיהונ","Unresolved","","No lexical entry yet","true","1","Targum Jonathan on I Samuel 14:48"
"targum-jonathan-on-i-samuel","Targum Jonathan on I Samuel","tok-75d83675b22b","בָּזְזִין","בזזינ","Unresolved","","No lexical entry yet","true","1","Targum Jonathan on I Samuel 23:1"
"targum-jonathan-on-i-samuel","Targum Jonathan on I Samuel","tok-047fef24e277","בִזְעֵירֵי","בזעירי","Unresolved","","No lexical entry yet","true","1","Targum Jonathan on I Samuel 14:6"
"targum-jonathan-on-i-samuel","Targum Jonathan on I Samuel","tok-2e23df8d0df4","בִּזְתָא","בזתא","Unresolved","","No lexical entry yet","true","2","Targum Jonathan on I Samuel 15:19; Targum Jonathan on I Samuel 15:21"
"targum-jonathan-on-i-samuel","Targum Jonathan on I Samuel","tok-09eaec515e65","בְּחֶבְרוֹן","בחברונ","Unresolved","","No lexical entry yet","true","1","Targum Jonathan on I Samuel 30:31"
"targum-jonathan-on-i-samuel","Targum Jonathan on I Samuel","tok-81689ed9aa8b","בְּחַבְרֵיהּ","בחבריה","Unresolved","","No lexical entry yet","true","1","Targum Jonathan on I Samuel 14:20"
"targum-jonathan-on-i-samuel","Targum Jonathan on I Samuel","tok-404bca4d4055","בַּחֲדָא","בחדא","Unresolved","","No lexical entry yet","true","2","Targum Jonathan on I Samuel 18:21; Targum Jonathan on I Samuel 27:5"
"targum-jonathan-on-i-samuel","Targum Jonathan on I Samuel","tok-3ae5b3c91f91","בְּחֶדְוָא","בחדוא","Unresolved","","No lexical entry yet","true","1","Targum Jonathan on I Samuel 18:6"
"targum-jonathan-on-i-samuel","Targum Jonathan on I Samuel","tok-a6af72738047","בְּחוֹבִין","בחובינ","Unresolved","","No lexical entry yet","true","2","Targum Jonathan on I Samuel 2:32; Targum Jonathan on I Samuel 3:13"
"targum-jonathan-on-i-samuel","Targum Jonathan on I Samuel","tok-6709c6ae5b43","בְּחוּטְרַיָא","בחוטריא","Unresolved","","No lexical entry yet","true","1","Targum Jonathan on I Samuel 17:43"
"targum-jonathan-on-i-samuel","Targum Jonathan on I Samuel","tok-2f43f4770032","בְּחוּלְקָא","בחולקא","Unresolved","","No lexical entry yet","true","1","Targum Jonathan on I Samuel 2:1"
"targum-jonathan-on-i-samuel","Targum Jonathan on I Samuel","tok-d9bfb2eccc0e","בְחוּרֵי","בחורי","Unresolved","","No lexical entry yet","true","1","Targum Jonathan on I Samuel 26:2"
"targum-jonathan-on-i-samuel","Targum Jonathan on I Samuel","tok-6e58689b718e","בְחוֹרְשָׁא","בחורשא","Unresolved","","No lexical entry yet","true","1","Targum Jonathan on I Samuel 14:25"
"targum-jonathan-on-i-samuel","Targum Jonathan on I Samuel","tok-7c907dbfc8a9","בְּחוּרְשָׁא","בחורשא","Unresolved","","No lexical entry yet","true","1","Targum Jonathan on I Samuel 23:15"
"targum-jonathan-on-i-samuel","Targum Jonathan on I Samuel","tok-db4bffc15135","בַּחוֹרְשָׁא","בחורשא","Unresolved","","No lexical entry yet","true","1","Targum Jonathan on I Samuel 23:18"
"targum-jonathan-on-i-samuel","Targum Jonathan on I Samuel","tok-0d7e4628ac42","בַּחוּרְשָׁא","בחורשא","Unresolved","","No lexical entry yet","true","1","Targum Jonathan on I Samuel 23:19"
"targum-jonathan-on-i-samuel","Targum Jonathan on I Samuel","tok-dac031f45700","בְּחֶזְוֵיהּ","בחזויה","Unresolved","","No lexical entry yet","true","1","Targum Jonathan on I Samuel 16:7"
"targum-jonathan-on-i-samuel","Targum Jonathan on I Samuel","tok-f40016a7176b","בְּחֶלְמַיָא","בחלמיא","Unresolved","","No lexical entry yet","true","2","Targum Jonathan on I Samuel 28:6; Targum Jonathan on I Samuel 28:15"
"targum-jonathan-on-i-samuel","Targum Jonathan on I Samuel","tok-37c333375471","בְּחִנְגַיָא","בחנגיא","Unresolved","","No lexical entry yet","true","3","Targum Jonathan on I Samuel 18:6; Targum Jonathan on I Samuel 21:12; Targum Jonathan on I Samuel 29:5"
"targum-jonathan-on-i-samuel","Targum Jonathan on I Samuel","tok-fde0a15bb447","בַּחֲקַל","בחקל","Unresolved","","No lexical entry yet","true","1","Targum Jonathan on I Samuel 6:18"
"targum-jonathan-on-i-samuel","Targum Jonathan on I Samuel","tok-3f7fc23d8097","בְחַקְלָא","בחקלא","Unresolved","","No lexical entry yet","true","1","Targum Jonathan on I Samuel 25:15"
"targum-jonathan-on-i-samuel","Targum Jonathan on I Samuel","tok-d392f973bf0f","בְּחַקְלָא","בחקלא","Unresolved","","No lexical entry yet","true","7","Targum Jonathan on I Samuel 4:2; Targum Jonathan on I Samuel 14:14; Targum Jonathan on I Samuel 14:15; Targum Jonathan on I Samuel 19:3; Targum Jonathan on I Samuel 20:5"
"targum-jonathan-on-i-samuel","Targum Jonathan on I Samuel","tok-7ef00859a161","בְּחַרְבָּא","בחרבא","Unresolved","","No lexical entry yet","true","2","Targum Jonathan on I Samuel 17:45; Targum Jonathan on I Samuel 17:47"
"targum-jonathan-on-i-samuel","Targum Jonathan on I Samuel","tok-10868e18b920","בְחָרְמָה","בחרמה","Unresolved","","No lexical entry yet","true","1","Targum Jonathan on I Samuel 30:30"
"targum-jonathan-on-i-samuel","Targum Jonathan on I Samuel","tok-e064b30c8bf2","בַּחֲשׁוֹכָא","בחשוכא","Unresolved","","No lexical entry yet","true","1","Targum Jonathan on I Samuel 2:9"
"targum-jonathan-on-i-samuel","Targum Jonathan on I Samuel","tok-b3b5c3c8b88e","בְּטוּרָא","בטורא","Unresolved","","No lexical entry yet","true","6","Targum Jonathan on I Samuel 1:1; Targum Jonathan on I Samuel 9:4; Targum Jonathan on I Samuel 14:22; Targum Jonathan on I Samuel 23:14; Targum Jonathan on I Samuel 31:1"
"targum-jonathan-on-i-samuel","Targum Jonathan on I Samuel","tok-c34c103d5d62","בְּטוּרַיָא","בטוריא","Unresolved","","No lexical entry yet","true","1","Targum Jonathan on I Samuel 26:20"
"targum-jonathan-on-i-samuel","Targum Jonathan on I Samuel","tok-c278b3e598a6","בִּטְחוֹרִין","בטחורינ","Unresolved","","No lexical entry yet","true","2","Targum Jonathan on I Samuel 5:6; Targum Jonathan on I Samuel 5:9"
"targum-jonathan-on-i-samuel","Targum Jonathan on I Samuel","tok-8f02ff7590be","בַּטְחוֹרִין","בטחורינ","Unresolved","","No lexical entry yet","true","1","Targum Jonathan on I Samuel 5:12"
"targum-jonathan-on-i-samuel","Targum Jonathan on I Samuel","tok-6aa30bc2b6b3","בָטֵיל","בטיל","Unresolved","","No lexical entry yet","true","1","Targum Jonathan on I Samuel 3:19"
"targum-jonathan-on-i-samuel","Targum Jonathan on I Samuel","tok-99a6f95fdc22","בִי","בי","Unresolved","","No lexical entry yet","true","1","Targum Jonathan on I Samuel 12:3"
"targum-jonathan-on-i-samuel","Targum Jonathan on I Samuel","tok-a1c8e815c335","בִּי","בי","Unresolved","","No lexical entry yet","true","7","Targum Jonathan on I Samuel 18:21; Targum Jonathan on I Samuel 19:17; Targum Jonathan on I Samuel 20:8; Targum Jonathan on I Samuel 26:19; Targum Jonathan on I Samuel 28:12"
"targum-jonathan-on-i-samuel","Targum Jonathan on I Samuel","tok-486dd8cea795","בְּיָבֵשׁ","ביבש","Unresolved","","No lexical entry yet","true","1","Targum Jonathan on I Samuel 31:13"
"targum-jonathan-on-i-samuel","Targum Jonathan on I Samuel","tok-efdc9789dcd9","בִּידָא","בידא","Unresolved","","No lexical entry yet","true","12","Targum Jonathan on I Samuel 14:12; Targum Jonathan on I Samuel 17:50; Targum Jonathan on I Samuel 18:10; Targum Jonathan on I Samuel 18:17; Targum Jonathan on I Samuel 18:21"
"targum-jonathan-on-i-samuel","Targum Jonathan on I Samuel","tok-7506356dd938","בִּידֵיהּ","בידיה","Unresolved","","No lexical entry yet","true","13","Targum Jonathan on I Samuel 2:13; Targum Jonathan on I Samuel 14:34; Targum Jonathan on I Samuel 16:16; Targum Jonathan on I Samuel 16:23; Targum Jonathan on I Samuel 17:40"
"targum-jonathan-on-i-samuel","Targum Jonathan on I Samuel","tok-65557a839255","בִּידֵיהוֹן","בידיהונ","Unresolved","","No lexical entry yet","true","1","Targum Jonathan on I Samuel 21:14"
"targum-jonathan-on-i-samuel","Targum Jonathan on I Samuel","tok-e08d643aee2a","בִידִין","בידינ","Unresolved","","No lexical entry yet","true","1","Targum Jonathan on I Samuel 28:7"
"targum-jonathan-on-i-samuel","Targum Jonathan on I Samuel","tok-3f4243220e14","בִּידִין","בידינ","Unresolved","","No lexical entry yet","true","3","Targum Jonathan on I Samuel 28:3; Targum Jonathan on I Samuel 28:7; Targum Jonathan on I Samuel 28:9"
"targum-jonathan-on-i-samuel","Targum Jonathan on I Samuel","tok-884aa6b835bf","בִּידָךְ","בידכ","Unresolved","","No lexical entry yet","true","6","Targum Jonathan on I Samuel 16:2; Targum Jonathan on I Samuel 23:4; Targum Jonathan on I Samuel 24:5; Targum Jonathan on I Samuel 24:19; Targum Jonathan on I Samuel 24:21"
"targum-jonathan-on-i-samuel","Targum Jonathan on I Samuel","tok-f700715cf6cb","בִּידָנָא","בידנא","Unresolved","","No lexical entry yet","true","3","Targum Jonathan on I Samuel 14:10; Targum Jonathan on I Samuel 17:47; Targum Jonathan on I Samuel 30:23"
"targum-jonathan-on-i-samuel","Targum Jonathan on I Samuel","tok-2800a7655b1f","בִּיהוֹנָתָן","ביהונתנ","Unresolved","","No lexical entry yet","true","1","Targum Jonathan on I Samuel 20:30"
"targum-jonathan-on-i-samuel","Targum Jonathan on I Samuel","tok-e75378037f16","בְיוֹמָא","ביומא","Unresolved","","No lexical entry yet","true","1","Targum Jonathan on I Samuel 7:6"
"targum-jonathan-on-i-samuel","Targum Jonathan on I Samuel","tok-ac7c69da2ea6","בְּיוֹמָא","ביומא","Unresolved","","No lexical entry yet","true","36","Targum Jonathan on I Samuel 2:34; Targum Jonathan on I Samuel 3:12; Targum Jonathan on I Samuel 4:12; Targum Jonathan on I Samuel 5:3; Targum Jonathan on I Samuel 5:4"
"targum-jonathan-on-i-samuel","Targum Jonathan on I Samuel","tok-ff42d62f5db0","בְּיוֹמוֹהִי","ביומוהי","Unresolved","","No lexical entry yet","true","1","Targum Jonathan on I Samuel 2:1"
"targum-jonathan-on-i-samuel","Targum Jonathan on I Samuel","tok-d7404d4d4c0e","בְּיוֹמֵי","ביומי","Unresolved","","No lexical entry yet","true","1","Targum Jonathan on I Samuel 17:12"
"targum-jonathan-on-i-samuel","Targum Jonathan on I Samuel","tok-f55eb7021823","בְּיוֹמַיָא","ביומיא","Unresolved","","No lexical entry yet","true","3","Targum Jonathan on I Samuel 3:1; Targum Jonathan on I Samuel 3:2; Targum Jonathan on I Samuel 28:1"
"targum-jonathan-on-i-samuel","Targum Jonathan on I Samuel","tok-4ed4deab51f6","בְּיוֹנָתָן","ביונתנ","Unresolved","","No lexical entry yet","true","1","Targum Jonathan on I Samuel 14:39"
"targum-jonathan-on-i-samuel","Targum Jonathan on I Samuel","tok-b4b7a70371e2","בְיִזְרְעֶאל","ביזרעאל","Unresolved","","No lexical entry yet","true","1","Targum Jonathan on I Samuel 29:1"
"targum-jonathan-on-i-samuel","Targum Jonathan on I Samuel","tok-c83862253b10","בִּיזְתָא","ביזתא","Unresolved","","No lexical entry yet","true","2","Targum Jonathan on I Samuel 14:32; Targum Jonathan on I Samuel 15:12"
"targum-jonathan-on-i-samuel","Targum Jonathan on I Samuel","tok-be3b7e1b69a3","בְּיַמָא","בימא","Unresolved","","No lexical entry yet","true","1","Targum Jonathan on I Samuel 15:17"
"targum-jonathan-on-i-samuel","Targum Jonathan on I Samuel","tok-f83f8fa0be2b","בִּימָם","ביממ","Unresolved","","No lexical entry yet","true","1","Targum Jonathan on I Samuel 25:16"
"targum-jonathan-on-i-samuel","Targum Jonathan on I Samuel","tok-a8248d4bb50b","בֵּינָא","בינא","Unresolved","","No lexical entry yet","true","5","Targum Jonathan on I Samuel 14:42; Targum Jonathan on I Samuel 20:3; Targum Jonathan on I Samuel 20:42; Targum Jonathan on I Samuel 24:13; Targum Jonathan on I Samuel 24:16"
"targum-jonathan-on-i-samuel","Targum Jonathan on I Samuel","tok-f9e938fc6e04","בֵּינִי","ביני","Unresolved","","No lexical entry yet","true","1","Targum Jonathan on I Samuel 20:23"
"targum-jonathan-on-i-samuel","Targum Jonathan on I Samuel","tok-3028ad53d9ea","בֵּינֵי","ביני","Unresolved","","No lexical entry yet","true","1","Targum Jonathan on I Samuel 26:19"
"targum-jonathan-on-i-samuel","Targum Jonathan on I Samuel","tok-eb9302db9a02","בֵינֵיהוֹן","ביניהונ","Unresolved","","No lexical entry yet","true","1","Targum Jonathan on I Samuel 2:25"
"targum-jonathan-on-i-samuel","Targum Jonathan on I Samuel","tok-4c6a3fab863e","בֵּינֵיהוֹן","ביניהונ","Unresolved","","No lexical entry yet","true","3","Targum Jonathan on I Samuel 10:10; Targum Jonathan on I Samuel 17:3; Targum Jonathan on I Samuel 26:13"
"targum-jonathan-on-i-samuel","Targum Jonathan on I Samuel","tok-d2738b2a2f4e","בֵּינָנָא","ביננא","Unresolved","","No lexical entry yet","true","1","Targum Jonathan on I Samuel 4:3"
"targum-jonathan-on-i-samuel","Targum Jonathan on I Samuel","tok-a2f0e99ba715","בִּישָׁא","בישא","Unresolved","","No lexical entry yet","true","8","Targum Jonathan on I Samuel 16:14; Targum Jonathan on I Samuel 16:15; Targum Jonathan on I Samuel 16:16; Targum Jonathan on I Samuel 16:23; Targum Jonathan on I Samuel 18:10"
"targum-jonathan-on-i-samuel","Targum Jonathan on I Samuel","tok-b351449e3ede","בִּישׁוּת","בישות","Unresolved","","No lexical entry yet","true","1","Targum Jonathan on I Samuel 17:28"
"targum-jonathan-on-i-samuel","Targum Jonathan on I Samuel","tok-0d437e0a98b7","בִּישִׁין","בישינ","Unresolved","","No lexical entry yet","true","2","Targum Jonathan on I Samuel 1:18; Targum Jonathan on I Samuel 2:23"
"targum-jonathan-on-i-samuel","Targum Jonathan on I Samuel","tok-f972136fb347","בִּישַׁת","בישת","Unresolved","","No lexical entry yet","true","1","Targum Jonathan on I Samuel 25:39"
"targum-jonathan-on-i-samuel","Targum Jonathan on I Samuel","tok-6c8ae9ee2c29","בִישְׁתָא","בישתא","Unresolved","","No lexical entry yet","true","2","Targum Jonathan on I Samuel 20:7; Targum Jonathan on I Samuel 25:26"
"targum-jonathan-on-i-samuel","Targum Jonathan on I Samuel","tok-aa60c93c4914","בִישְׁתָּא","בישתא","Unresolved","","No lexical entry yet","true","1","Targum Jonathan on I Samuel 20:13"
"targum-jonathan-on-i-samuel","Targum Jonathan on I Samuel","tok-e963f618657d","בִּישְׁתָא","בישתא","Unresolved","","No lexical entry yet","true","5","Targum Jonathan on I Samuel 6:9; Targum Jonathan on I Samuel 12:19; Targum Jonathan on I Samuel 23:9; Targum Jonathan on I Samuel 24:18; Targum Jonathan on I Samuel 25:17"
"targum-jonathan-on-i-samuel","Targum Jonathan on I Samuel","tok-85ae7150f75b","בִּישְׁתָּא","בישתא","Unresolved","","No lexical entry yet","true","3","Targum Jonathan on I Samuel 12:20; Targum Jonathan on I Samuel 20:9; Targum Jonathan on I Samuel 25:21"
"targum-jonathan-on-i-samuel","Targum Jonathan on I Samuel","tok-438ff81af68a","בִּישָׁתֵיכוֹן","בישתיכונ","Unresolved","","No lexical entry yet","true","1","Targum Jonathan on I Samuel 10:19"
"targum-jonathan-on-i-samuel","Targum Jonathan on I Samuel","tok-39c103770267","בִּישְׁתָּךְ","בישתכ","Unresolved","","No lexical entry yet","true","1","Targum Jonathan on I Samuel 24:10"
"targum-jonathan-on-i-samuel","Targum Jonathan on I Samuel","tok-cc4bc3acc657","בִישַׁתְכוֹן","בישתכונ","Unresolved","","No lexical entry yet","true","1","Targum Jonathan on I Samuel 12:17"
"targum-jonathan-on-i-samuel","Targum Jonathan on I Samuel","tok-91d5da5ab42a","בֵיתָא","ביתא","Unresolved","","No lexical entry yet","true","1","Targum Jonathan on I Samuel 18:10"
"targum-jonathan-on-i-samuel","Targum Jonathan on I Samuel","tok-c9fe339ff7ba","בֵּיתִי","ביתי","Unresolved","","No lexical entry yet","true","1","Targum Jonathan on I Samuel 20:15"
"targum-jonathan-on-i-samuel","Targum Jonathan on I Samuel","tok-e29ceab03909","בֵיתֵיה","ביתיה","Unresolved","","No lexical entry yet","true","1","Targum Jonathan on I Samuel 27:3"
"targum-jonathan-on-i-samuel","Targum Jonathan on I Samuel","tok-9c0a4db4bef7","בֵּיתֵיהּ","ביתיה","Unresolved","","No lexical entry yet","true","5","Targum Jonathan on I Samuel 1:21; Targum Jonathan on I Samuel 3:12; Targum Jonathan on I Samuel 3:13; Targum Jonathan on I Samuel 7:17; Targum Jonathan on I Samuel 25:17"
"targum-jonathan-on-i-samuel","Targum Jonathan on I Samuel","tok-b99b40db9fb1","בֵּיתֵךְ","ביתכ","Unresolved","","No lexical entry yet","true","1","Targum Jonathan on I Samuel 2:32"
"targum-jonathan-on-i-samuel","Targum Jonathan on I Samuel","tok-6d5e3bd0d6ad","בֵּיתָךְ","ביתכ","Unresolved","","No lexical entry yet","true","2","Targum Jonathan on I Samuel 2:30; Targum Jonathan on I Samuel 2:33"
"targum-jonathan-on-i-samuel","Targum Jonathan on I Samuel","tok-a397d38819dd","בִּכְבִישָׁא","בכבישא","Unresolved","","No lexical entry yet","true","1","Targum Jonathan on I Samuel 6:12"
"targum-jonathan-on-i-samuel","Targum Jonathan on I Samuel","tok-ca7fb9de715e","בְּכַהֲנַיָא","בכהניא","Unresolved","","No lexical entry yet","true","3","Targum Jonathan on I Samuel 22:17; Targum Jonathan on I Samuel 22:18"
"targum-jonathan-on-i-samuel","Targum Jonathan on I Samuel","tok-931a9da43287","בְּכוֹן","בכונ","Unresolved","","No lexical entry yet","true","2","Targum Jonathan on I Samuel 12:5; Targum Jonathan on I Samuel 12:15"
"targum-jonathan-on-i-samuel","Targum Jonathan on I Samuel","tok-9c4933702552","בְּכוֹרַת","בכורת","Unresolved","","No lexical entry yet","true","1","Targum Jonathan on I Samuel 9:1"
"targum-jonathan-on-i-samuel","Targum Jonathan on I Samuel","tok-8ae3e7188e1c","בְּכוֹתְלָא","בכותלא","Unresolved","","No lexical entry yet","true","3","Targum Jonathan on I Samuel 18:11; Targum Jonathan on I Samuel 19:10"
"targum-jonathan-on-i-samuel","Targum Jonathan on I Samuel","tok-7162aa0faaa7","בַכְיָא","בכיא","Unresolved","","No lexical entry yet","true","1","Targum Jonathan on I Samuel 1:10"
"targum-jonathan-on-i-samuel","Targum Jonathan on I Samuel","tok-ff1611449e18","בַּכְיָא","בכיא","Unresolved","","No lexical entry yet","true","1","Targum Jonathan on I Samuel 1:8"
"targum-jonathan-on-i-samuel","Targum Jonathan on I Samuel","tok-0d2f25ed4794","בְּכִיוֹרָא","בכיורא","Unresolved","","No lexical entry yet","true","1","Targum Jonathan on I Samuel 2:14"
"targum-jonathan-on-i-samuel","Targum Jonathan on I Samuel","tok-9035a30b6d16","בְּכֵן","בכנ","Unresolved","","No lexical entry yet","true","9","Targum Jonathan on I Samuel 2:1; Targum Jonathan on I Samuel 2:2; Targum Jonathan on I Samuel 2:30; Targum Jonathan on I Samuel 6:3; Targum Jonathan on I Samuel 27:6"
"targum-jonathan-on-i-samuel","Targum Jonathan on I Samuel","tok-1660e95928ff","בָכָן","בכנ","Unresolved","","No lexical entry yet","true","1","Targum Jonathan on I Samuel 11:5"
"targum-jonathan-on-i-samuel","Targum Jonathan on I Samuel","tok-2670dcb3b5a2","בְּכִנוֹרָא","בכנורא","Unresolved","","No lexical entry yet","true","1","Targum Jonathan on I Samuel 16:16"
"targum-jonathan-on-i-samuel","Targum Jonathan on I Samuel","tok-0d3be3de0fda","בְּכַרְכּוּמָא","בכרכומא","Unresolved","","No lexical entry yet","true","2","Targum Jonathan on I Samuel 26:5; Targum Jonathan on I Samuel 26:7"
"targum-jonathan-on-i-samuel","Targum Jonathan on I Samuel","tok-2e5d5b8447cb","בְכַרְמְלָא","בכרמלא","Unresolved","","No lexical entry yet","true","1","Targum Jonathan on I Samuel 25:2"
"targum-jonathan-on-i-samuel","Targum Jonathan on I Samuel","tok-9c44ed543c59","בְּכַרְמְלָא","בכרמלא","Unresolved","","No lexical entry yet","true","2","Targum Jonathan on I Samuel 25:2; Targum Jonathan on I Samuel 25:7"
"targum-jonathan-on-i-samuel","Targum Jonathan on I Samuel","tok-c0215ea930d6","בְּלִבָּהּ","בלבה","Unresolved","","No lexical entry yet","true","1","Targum Jonathan on I Samuel 1:13"
"targum-jonathan-on-i-samuel","Targum Jonathan on I Samuel","tok-5249ae12454a","בְּלִבְּהוֹן","בלבהונ","Unresolved","","No lexical entry yet","true","1","Targum Jonathan on I Samuel 10:26"
"targum-jonathan-on-i-samuel","Targum Jonathan on I Samuel","tok-16b861e4e2d6","בִּלְבוּשָׁא","בלבושא","Unresolved","","No lexical entry yet","true","1","Targum Jonathan on I Samuel 19:13"
"targum-jonathan-on-i-samuel","Targum Jonathan on I Samuel","tok-e2518c45a153","בְּלוֹעֵיהּ","בלועיה","Unresolved","","No lexical entry yet","true","1","Targum Jonathan on I Samuel 17:35"
"targum-jonathan-on-i-samuel","Targum Jonathan on I Samuel","tok-edbeb5611c50","בִּלְחוֹדוֹהִי","בלחודוהי","Unresolved","","No lexical entry yet","true","2","Targum Jonathan on I Samuel 7:3; Targum Jonathan on I Samuel 7:4"
"targum-jonathan-on-i-samuel","Targum Jonathan on I Samuel","tok-893a8c3c0c37","בִּלְחוֹדָךְ","בלחודכ","Unresolved","","No lexical entry yet","true","1","Targum Jonathan on I Samuel 21:2"
"targum-jonathan-on-i-samuel","Targum Jonathan on I Samuel","tok-27b67db7de5e","בִּלְחֵם","בלחמ","Unresolved","","No lexical entry yet","true","1","Targum Jonathan on I Samuel 2:5"
"targum-jonathan-on-i-samuel","Targum Jonathan on I Samuel","tok-75f6163840f6","בְּלַחְמָא","בלחמא","Unresolved","","No lexical entry yet","true","1","Targum Jonathan on I Samuel 2:5"
"targum-jonathan-on-i-samuel","Targum Jonathan on I Samuel","tok-e15690b9bc26","בְּלֵילֵי","בלילי","Unresolved","","No lexical entry yet","true","1","Targum Jonathan on I Samuel 25:16"
"targum-jonathan-on-i-samuel","Targum Jonathan on I Samuel","tok-fee0ce593fbb","בְּלֵילְיָא","בליליא","Unresolved","","No lexical entry yet","true","7","Targum Jonathan on I Samuel 14:34; Targum Jonathan on I Samuel 14:36; Targum Jonathan on I Samuel 15:16; Targum Jonathan on I Samuel 19:10; Targum Jonathan on I Samuel 19:11"
"targum-jonathan-on-i-samuel","Targum Jonathan on I Samuel","tok-6789b706ab51","בְּלֵיְלְיָא","בליליא","Unresolved","","No lexical entry yet","true","1","Targum Jonathan on I Samuel 26:7"
"targum-jonathan-on-i-samuel","Targum Jonathan on I Samuel","tok-5bc3ccfff162","בְּמֵאָה","במאה","Unresolved","","No lexical entry yet","true","1","Targum Jonathan on I Samuel 18:25"
"targum-jonathan-on-i-samuel","Targum Jonathan on I Samuel","tok-d09baf5162ba","בְּמָאן","במאנ","Unresolved","","No lexical entry yet","true","1","Targum Jonathan on I Samuel 17:40"
"targum-jonathan-on-i-samuel","Targum Jonathan on I Samuel","tok-fc5c2f0e684a","בְמִגְרוֹן","במגרונ","Unresolved","","No lexical entry yet","true","1","Targum Jonathan on I Samuel 14:2"
"targum-jonathan-on-i-samuel","Targum Jonathan on I Samuel","tok-04d7444420d5","בְּמַדְבְּרָא","במדברא","Unresolved","","No lexical entry yet","true","13","Targum Jonathan on I Samuel 4:8; Targum Jonathan on I Samuel 17:28; Targum Jonathan on I Samuel 23:14; Targum Jonathan on I Samuel 23:15; Targum Jonathan on I Samuel 23:24"
"targum-jonathan-on-i-samuel","Targum Jonathan on I Samuel","tok-6084ba81c6e9","בְּמַהֲכָךְ","במהככ","Unresolved","","No lexical entry yet","true","1","Targum Jonathan on I Samuel 10:2"
"targum-jonathan-on-i-samuel","Targum Jonathan on I Samuel","tok-50ed1798b2e8","בְּמוֹאָב","במואב","Unresolved","","No lexical entry yet","true","1","Targum Jonathan on I Samuel 14:47"
"targum-jonathan-on-i-samuel","Targum Jonathan on I Samuel","tok-a07c25b31fa8","בְּמוֹהֲרִין","במוהרינ","Unresolved","","No lexical entry yet","true","1","Targum Jonathan on I Samuel 18:25"
"targum-jonathan-on-i-samuel","Targum Jonathan on I Samuel","tok-1ee5806dae0d","בְּמוּרְנִיתָא","במורניתא","Unresolved","","No lexical entry yet","true","2","Targum Jonathan on I Samuel 19:10; Targum Jonathan on I Samuel 26:8"
"targum-jonathan-on-i-samuel","Targum Jonathan on I Samuel","tok-718b86caf766","בְּמֶחֱזֵיהוֹן","במחזיהונ","Unresolved","","No lexical entry yet","true","1","Targum Jonathan on I Samuel 17:24"
"targum-jonathan-on-i-samuel","Targum Jonathan on I Samuel","tok-cce2d35ef361","בְּמֵיגַז","במיגז","Unresolved","","No lexical entry yet","true","1","Targum Jonathan on I Samuel 25:2"
"targum-jonathan-on-i-samuel","Targum Jonathan on I Samuel","tok-378ee1465310","בְּמֵיזְלֵיהּ","במיזליה","Unresolved","","No lexical entry yet","true","1","Targum Jonathan on I Samuel 9:9"
"targum-jonathan-on-i-samuel","Targum Jonathan on I Samuel","tok-84f8c30e4136","בְּמֵיחַם","במיחמ","Unresolved","","No lexical entry yet","true","1","Targum Jonathan on I Samuel 11:9"
"targum-jonathan-on-i-samuel","Targum Jonathan on I Samuel","tok-c1b60b80ace3","בְּמֵימְרָא","במימרא","Unresolved","","No lexical entry yet","true","16","Targum Jonathan on I Samuel 10:22; Targum Jonathan on I Samuel 14:36; Targum Jonathan on I Samuel 14:37; Targum Jonathan on I Samuel 22:10; Targum Jonathan on I Samuel 22:13"
"targum-jonathan-on-i-samuel","Targum Jonathan on I Samuel","tok-2a2e722834bf","בְּמֵימְרִי","במימרי","Unresolved","","No lexical entry yet","true","1","Targum Jonathan on I Samuel 15:11"
"targum-jonathan-on-i-samuel","Targum Jonathan on I Samuel","tok-8810e18fbcde","בְּמֵימְרֵיהּ","במימריה","Unresolved","","No lexical entry yet","true","1","Targum Jonathan on I Samuel 15:35"
"targum-jonathan-on-i-samuel","Targum Jonathan on I Samuel","tok-48d79d0e20a2","בְּמִיסַקְהוֹן","במיסקהונ","Unresolved","","No lexical entry yet","true","1","Targum Jonathan on I Samuel 15:6"
"targum-jonathan-on-i-samuel","Targum Jonathan on I Samuel","tok-3410e19e586d","בְּמִיסְקֵיהּ","במיסקיה","Unresolved","","No lexical entry yet","true","1","Targum Jonathan on I Samuel 15:2"
"targum-jonathan-on-i-samuel","Targum Jonathan on I Samuel","tok-cda669c7b3ee","בְּמֵיעַלְהוֹן","במיעלהונ","Unresolved","","No lexical entry yet","true","2","Targum Jonathan on I Samuel 16:6; Targum Jonathan on I Samuel 18:6"
"targum-jonathan-on-i-samuel","Targum Jonathan on I Samuel","tok-f818a3f7a458","בְּמֵיקַר","במיקר","Unresolved","","No lexical entry yet","true","1","Targum Jonathan on I Samuel 11:2"
"targum-jonathan-on-i-samuel","Targum Jonathan on I Samuel","tok-02e220f45595","בְּמֵישַׁר","במישר","Unresolved","","No lexical entry yet","true","3","Targum Jonathan on I Samuel 17:2; Targum Jonathan on I Samuel 17:19; Targum Jonathan on I Samuel 21:10"
"targum-jonathan-on-i-samuel","Targum Jonathan on I Samuel","tok-28e456ae8ada","בְּמֵישְׁרָא","במישרא","Unresolved","","No lexical entry yet","true","2","Targum Jonathan on I Samuel 6:13; Targum Jonathan on I Samuel 23:24"
"targum-jonathan-on-i-samuel","Targum Jonathan on I Samuel","tok-3896d167db89","בְמִכְמַשׁ","במכמש","Unresolved","","No lexical entry yet","true","1","Targum Jonathan on I Samuel 13:5"
"targum-jonathan-on-i-samuel","Targum Jonathan on I Samuel","tok-a2a690511008","בְמִכְמָשׁ","במכמש","Unresolved","","No lexical entry yet","true","1","Targum Jonathan on I Samuel 13:16"
"targum-jonathan-on-i-samuel","Targum Jonathan on I Samuel","tok-a586cb37e366","בְּמִכְמָשׁ","במכמש","Unresolved","","No lexical entry yet","true","1","Targum Jonathan on I Samuel 13:2"
"targum-jonathan-on-i-samuel","Targum Jonathan on I Samuel","tok-c0f3f308b3dd","בְמִלֵיסָא","במליסא","Unresolved","","No lexical entry yet","true","1","Targum Jonathan on I Samuel 2:14"
"targum-jonathan-on-i-samuel","Targum Jonathan on I Samuel","tok-a32597753e4b","בְּמַלְכָּא","במלכא","Unresolved","","No lexical entry yet","true","4","Targum Jonathan on I Samuel 18:22; Targum Jonathan on I Samuel 18:23; Targum Jonathan on I Samuel 18:26; Targum Jonathan on I Samuel 18:27"
"targum-jonathan-on-i-samuel","Targum Jonathan on I Samuel","tok-49f8fee9fa50","בְּמַלְכוּתָא","במלכותא","Unresolved","","No lexical entry yet","true","1","Targum Jonathan on I Samuel 14:47"
"targum-jonathan-on-i-samuel","Targum Jonathan on I Samuel","tok-e98d00673a6c","בְּמַלָלוּתֵיהּ","במללותיה","Unresolved","","No lexical entry yet","true","1","Targum Jonathan on I Samuel 17:28"
"targum-jonathan-on-i-samuel","Targum Jonathan on I Samuel","tok-bda1c5da51bc","בְמָמוֹנָא","בממונא","Unresolved","","No lexical entry yet","true","1","Targum Jonathan on I Samuel 2:5"
"targum-jonathan-on-i-samuel","Targum Jonathan on I Samuel","tok-5334b61992f1","בְּמָן","במנ","Unresolved","","No lexical entry yet","true","1","Targum Jonathan on I Samuel 14:38"
"targum-jonathan-on-i-samuel","Targum Jonathan on I Samuel","tok-12c544f075b9","בְּמָנָא","במנא","Unresolved","","No lexical entry yet","true","1","Targum Jonathan on I Samuel 21:6"
"targum-jonathan-on-i-samuel","Targum Jonathan on I Samuel","tok-8a88cbee9664","בְּמָנַיָא","במניא","Unresolved","","No lexical entry yet","true","1","Targum Jonathan on I Samuel 10:22"
"targum-jonathan-on-i-samuel","Targum Jonathan on I Samuel","tok-eb5231dcedd3","בְּמִסְקָהּ","במסקה","Unresolved","","No lexical entry yet","true","1","Targum Jonathan on I Samuel 2:19"
"targum-jonathan-on-i-samuel","Targum Jonathan on I Samuel","tok-0197d5bb2646","בְּמַסְקָנָא","במסקנא","Unresolved","","No lexical entry yet","true","1","Targum Jonathan on I Samuel 9:11"
"targum-jonathan-on-i-samuel","Targum Jonathan on I Samuel","tok-ee1ee6e359bf","בִּמְעוֹהִי","במעוהי","Unresolved","","No lexical entry yet","true","1","Targum Jonathan on I Samuel 25:37"
"targum-jonathan-on-i-samuel","Targum Jonathan on I Samuel","tok-36474be7ea86","בְמָעוֹן","במעונ","Unresolved","","No lexical entry yet","true","1","Targum Jonathan on I Samuel 25:2"
"targum-jonathan-on-i-samuel","Targum Jonathan on I Samuel","tok-50ee9e704ae9","בִּמְעַרְתָּא","במערתא","Unresolved","","No lexical entry yet","true","1","Targum Jonathan on I Samuel 24:11"
"targum-jonathan-on-i-samuel","Targum Jonathan on I Samuel","tok-300e6e0da837","בִּמְעָרָתָא","במערתא","Unresolved","","No lexical entry yet","true","1","Targum Jonathan on I Samuel 13:6"
"targum-jonathan-on-i-samuel","Targum Jonathan on I Samuel","tok-bba23a355925","בְּמִפְסְקִי","במפסקי","Unresolved","","No lexical entry yet","true","1","Targum Jonathan on I Samuel 24:12"
"targum-jonathan-on-i-samuel","Targum Jonathan on I Samuel","tok-efe069ec3167","בְּמִפְקִי","במפקי","Unresolved","","No lexical entry yet","true","1","Targum Jonathan on I Samuel 21:6"
"targum-jonathan-on-i-samuel","Targum Jonathan on I Samuel","tok-bb11e86fdbb8","בִּמְצַדְתָּא","במצדתא","Unresolved","","No lexical entry yet","true","2","Targum Jonathan on I Samuel 23:14; Targum Jonathan on I Samuel 24:1"
"targum-jonathan-on-i-samuel","Targum Jonathan on I Samuel","tok-70e35709a79a","בַמְצַדְתָּא","במצדתא","Unresolved","","No lexical entry yet","true","1","Targum Jonathan on I Samuel 23:19"
"targum-jonathan-on-i-samuel","Targum Jonathan on I Samuel","tok-211beb58a827","בַמְצוּדַיָא","במצודיא","Unresolved","","No lexical entry yet","true","1","Targum Jonathan on I Samuel 22:4"
"targum-jonathan-on-i-samuel","Targum Jonathan on I Samuel","tok-a51734b45479","בַּמְצוּדַיָא","במצודיא","Unresolved","","No lexical entry yet","true","1","Targum Jonathan on I Samuel 22:5"
"targum-jonathan-on-i-samuel","Targum Jonathan on I Samuel","tok-a85f66dd1d9f","בְּמִצְפַּיָא","במצפיא","Unresolved","","No lexical entry yet","true","1","Targum Jonathan on I Samuel 7:6"
"targum-jonathan-on-i-samuel","Targum Jonathan on I Samuel","tok-3e8cbaef47b6","בִּמְשִׁיחָא","במשיחא","Unresolved","","No lexical entry yet","true","3","Targum Jonathan on I Samuel 26:9; Targum Jonathan on I Samuel 26:11; Targum Jonathan on I Samuel 26:23"
"targum-jonathan-on-i-samuel","Targum Jonathan on I Samuel","tok-fd8795e1b8a5","בְמַשְׁכְּנֵיהּ","במשכניה","Unresolved","","No lexical entry yet","true","1","Targum Jonathan on I Samuel 17:54"
"targum-jonathan-on-i-samuel","Targum Jonathan on I Samuel","tok-4c0c8db6fc64","בְמַשְׁרִיתָא","במשריתא","Unresolved","","No lexical entry yet","true","1","Targum Jonathan on I Samuel 4:6"
"targum-jonathan-on-i-samuel","Targum Jonathan on I Samuel","tok-a507257a906e","בְּמַשְׁרִיתָא","במשריתא","Unresolved","","No lexical entry yet","true","3","Targum Jonathan on I Samuel 14:15; Targum Jonathan on I Samuel 14:21; Targum Jonathan on I Samuel 29:6"
"targum-jonathan-on-i-samuel","Targum Jonathan on I Samuel","tok-0f2b47eeeefa","בְּמַשְׁרִיָתָא","במשריתא","Unresolved","","No lexical entry yet","true","1","Targum Jonathan on I Samuel 28:1"
"targum-jonathan-on-i-samuel","Targum Jonathan on I Samuel","tok-79ae9c806b01","בְמַתְּנָךְ","במתנכ","Unresolved","","No lexical entry yet","true","1","Targum Jonathan on I Samuel 22:13"
"targum-jonathan-on-i-samuel","Targum Jonathan on I Samuel","tok-50e3d6cc51b1","בְּמַתַּנְתָּא","במתנתא","Unresolved","","No lexical entry yet","true","1","Targum Jonathan on I Samuel 2:1"
"targum-jonathan-on-i-samuel","Targum Jonathan on I Samuel","tok-a5e323060863","בָּנָא","בנא","Unresolved","","No lexical entry yet","true","1","Targum Jonathan on I Samuel 6:9"
"targum-jonathan-on-i-samuel","Targum Jonathan on I Samuel","tok-a62217784a69","בְּנָהָא","בנהא","Unresolved","","No lexical entry yet","true","1","Targum Jonathan on I Samuel 1:4"
"targum-jonathan-on-i-samuel","Targum Jonathan on I Samuel","tok-2a48db48994c","בְנוֹב","בנוב","Unresolved","","No lexical entry yet","true","1","Targum Jonathan on I Samuel 22:11"
"targum-jonathan-on-i-samuel","Targum Jonathan on I Samuel","tok-1b392b31b1d3","בְנוֹהִי","בנוהי","Unresolved","","No lexical entry yet","true","3","Targum Jonathan on I Samuel 8:3; Targum Jonathan on I Samuel 16:10; Targum Jonathan on I Samuel 17:13"
"targum-jonathan-on-i-samuel","Targum Jonathan on I Samuel","tok-a14c2b5ba574","בְּנוֹהִי","בנוהי","Unresolved","","No lexical entry yet","true","12","Targum Jonathan on I Samuel 2:1; Targum Jonathan on I Samuel 2:5; Targum Jonathan on I Samuel 2:22; Targum Jonathan on I Samuel 3:13; Targum Jonathan on I Samuel 8:1"
"targum-jonathan-on-i-samuel","Targum Jonathan on I Samuel","tok-dad9b854deef","בְּנוּרָא","בנורא","Unresolved","","No lexical entry yet","true","3","Targum Jonathan on I Samuel 30:1; Targum Jonathan on I Samuel 30:3; Targum Jonathan on I Samuel 30:14"
"targum-jonathan-on-i-samuel","Targum Jonathan on I Samuel","tok-e6885d2f9c42","בְּנַחְלָא","בנחלא","Unresolved","","No lexical entry yet","true","1","Targum Jonathan on I Samuel 15:5"
"targum-jonathan-on-i-samuel","Targum Jonathan on I Samuel","tok-91506de30c30","בְּנַחֲלָא","בנחלא","Unresolved","","No lexical entry yet","true","1","Targum Jonathan on I Samuel 30:21"
"targum-jonathan-on-i-samuel","Targum Jonathan on I Samuel","tok-75515f73f822","בְּנֵיהֶן","בניהנ","Unresolved","","No lexical entry yet","true","2","Targum Jonathan on I Samuel 6:7; Targum Jonathan on I Samuel 6:10"
"targum-jonathan-on-i-samuel","Targum Jonathan on I Samuel","tok-05ad13b87f63","בְּנֵיכוֹן","בניכונ","Unresolved","","No lexical entry yet","true","1","Targum Jonathan on I Samuel 8:11"
"targum-jonathan-on-i-samuel","Targum Jonathan on I Samuel","tok-c5e720c4619b","בִּנְיָמִין","בנימינ","Unresolved","","No lexical entry yet","true","7","Targum Jonathan on I Samuel 9:1; Targum Jonathan on I Samuel 9:4; Targum Jonathan on I Samuel 9:16; Targum Jonathan on I Samuel 10:20; Targum Jonathan on I Samuel 13:2"
"targum-jonathan-on-i-samuel","Targum Jonathan on I Samuel","tok-7a6f52cc85a3","בִּנְיָמִן","בנימנ","Unresolved","","No lexical entry yet","true","5","Targum Jonathan on I Samuel 9:1; Targum Jonathan on I Samuel 9:21; Targum Jonathan on I Samuel 10:2; Targum Jonathan on I Samuel 13:16"
"targum-jonathan-on-i-samuel","Targum Jonathan on I Samuel","tok-a19954b9c634","בְּנִיר","בניר","Unresolved","","No lexical entry yet","true","1","Targum Jonathan on I Samuel 6:7"
"targum-jonathan-on-i-samuel","Targum Jonathan on I Samuel","tok-53a7e5e333fb","בְּנָךְ","בנכ","Unresolved","","No lexical entry yet","true","4","Targum Jonathan on I Samuel 2:29; Targum Jonathan on I Samuel 2:34; Targum Jonathan on I Samuel 4:17; Targum Jonathan on I Samuel 20:42"
"targum-jonathan-on-i-samuel","Targum Jonathan on I Samuel","tok-9bfdb8128760","בְּנִכְסַת","בנכסת","Unresolved","","No lexical entry yet","true","2","Targum Jonathan on I Samuel 2:29; Targum Jonathan on I Samuel 3:14"
"targum-jonathan-on-i-samuel","Targum Jonathan on I Samuel","tok-1f7e53ce44ca","בְּנָן","בננ","Unresolved","","No lexical entry yet","true","1","Targum Jonathan on I Samuel 2:21"
"targum-jonathan-on-i-samuel","Targum Jonathan on I Samuel","tok-da5c9138022c","בְּנַפְשָׁא","בנפשא","Unresolved","","No lexical entry yet","true","1","Targum Jonathan on I Samuel 18:1"
"targum-jonathan-on-i-samuel","Targum Jonathan on I Samuel","tok-ab332fca4a79","בְּנַפְשִׁי","בנפשי","Unresolved","","No lexical entry yet","true","1","Targum Jonathan on I Samuel 28:9"
"targum-jonathan-on-i-samuel","Targum Jonathan on I Samuel","tok-5c00e08b3f2c","בְּנָתֵיהּ","בנתיה","Unresolved","","No lexical entry yet","true","2","Targum Jonathan on I Samuel 14:49; Targum Jonathan on I Samuel 30:6"
"targum-jonathan-on-i-samuel","Targum Jonathan on I Samuel","tok-b0db451b2ef3","בְּנָתֵיכוֹן","בנתיכונ","Unresolved","","No lexical entry yet","true","1","Targum Jonathan on I Samuel 8:13"
"targum-jonathan-on-i-samuel","Targum Jonathan on I Samuel","tok-fa650083cf81","בְּסָבֵי","בסבי","Unresolved","","No lexical entry yet","true","1","Targum Jonathan on I Samuel 6:19"
"targum-jonathan-on-i-samuel","Targum Jonathan on I Samuel","tok-eb02a2b0acec","בְּסַגִיאֵי","בסגיאי","Unresolved","","No lexical entry yet","true","1","Targum Jonathan on I Samuel 14:6"
"targum-jonathan-on-i-samuel","Targum Jonathan on I Samuel","tok-dfd696f8a21d","בִּסְטַר","בסטר","Unresolved","","No lexical entry yet","true","5","Targum Jonathan on I Samuel 1:9; Targum Jonathan on I Samuel 5:2; Targum Jonathan on I Samuel 20:19; Targum Jonathan on I Samuel 20:25; Targum Jonathan on I Samuel 25:20"
"targum-jonathan-on-i-samuel","Targum Jonathan on I Samuel","tok-10e28f76f5ad","בְסִידְרָא","בסידרא","Unresolved","","No lexical entry yet","true","1","Targum Jonathan on I Samuel 4:2"
"targum-jonathan-on-i-samuel","Targum Jonathan on I Samuel","tok-d9e56dd6fc23","בִסְיָפֵי","בסיפי","Unresolved","","No lexical entry yet","true","1","Targum Jonathan on I Samuel 24:4"
"targum-jonathan-on-i-samuel","Targum Jonathan on I Samuel","tok-98467d392b5e","בִּסְיָפֵי","בסיפי","Unresolved","","No lexical entry yet","true","2","Targum Jonathan on I Samuel 9:27; Targum Jonathan on I Samuel 14:2"
"targum-jonathan-on-i-samuel","Targum Jonathan on I Samuel","tok-f3b283849a4a","בְּסַעֲדֵיהּ","בסעדיה","Unresolved","","No lexical entry yet","true","7","Targum Jonathan on I Samuel 3:19; Targum Jonathan on I Samuel 16:18; Targum Jonathan on I Samuel 18:12; Targum Jonathan on I Samuel 18:14; Targum Jonathan on I Samuel 18:28"
"targum-jonathan-on-i-samuel","Targum Jonathan on I Samuel","tok-5fe8f08f52cc","בְסַעֲדָךְ","בסעדכ","Unresolved","","No lexical entry yet","true","1","Targum Jonathan on I Samuel 17:37"
"targum-jonathan-on-i-samuel","Targum Jonathan on I Samuel","tok-7e6c14b645f3","בְּסַעֲדָךְ","בסעדכ","Unresolved","","No lexical entry yet","true","2","Targum Jonathan on I Samuel 10:7; Targum Jonathan on I Samuel 20:13"
"targum-jonathan-on-i-samuel","Targum Jonathan on I Samuel","tok-a21f21015f94","בְּסִפְרָא","בספרא","Unresolved","","No lexical entry yet","true","1","Targum Jonathan on I Samuel 10:25"
"targum-jonathan-on-i-samuel","Targum Jonathan on I Samuel","tok-49044a86122b","בְּסַפְרַיָא","בספריא","Unresolved","","No lexical entry yet","true","4","Targum Jonathan on I Samuel 10:11; Targum Jonathan on I Samuel 10:12; Targum Jonathan on I Samuel 19:24; Targum Jonathan on I Samuel 28:6"
"targum-jonathan-on-i-samuel","Targum Jonathan on I Samuel","tok-ef9acebad04f","בִּסְרָא","בסרא","Unresolved","","No lexical entry yet","true","2","Targum Jonathan on I Samuel 2:13; Targum Jonathan on I Samuel 2:15"
"targum-jonathan-on-i-samuel","Targum Jonathan on I Samuel","tok-7384ad53ec19","בִּסְרָךְ","בסרכ","Unresolved","","No lexical entry yet","true","1","Targum Jonathan on I Samuel 17:44"
"targum-jonathan-on-i-samuel","Targum Jonathan on I Samuel","tok-1bc3908b46a0","בְּסִתְרָא","בסתרא","Unresolved","","No lexical entry yet","true","1","Targum Jonathan on I Samuel 19:2"
"targum-jonathan-on-i-samuel","Targum Jonathan on I Samuel","tok-3b45d91d0bb1","בְּעַבְדֵיהּ","בעבדיה","Unresolved","","No lexical entry yet","true","2","Targum Jonathan on I Samuel 19:4; Targum Jonathan on I Samuel 22:15"
"targum-jonathan-on-i-samuel","Targum Jonathan on I Samuel","tok-76a33f1b8b57","בְעַבְדָךְ","בעבדכ","Unresolved","","No lexical entry yet","true","1","Targum Jonathan on I Samuel 29:8"
"targum-jonathan-on-i-samuel","Targum Jonathan on I Samuel","tok-971485be966d","בַּעֲגַלְתָּא","בעגלתא","Unresolved","","No lexical entry yet","true","1","Targum Jonathan on I Samuel 2:1"
"targum-jonathan-on-i-samuel","Targum Jonathan on I Samuel","tok-6f474f16f9d5","בַּעֲגָלָתָא","בעגלתא","Unresolved","","No lexical entry yet","true","4","Targum Jonathan on I Samuel 6:7; Targum Jonathan on I Samuel 6:8; Targum Jonathan on I Samuel 6:10; Targum Jonathan on I Samuel 6:11"
"targum-jonathan-on-i-samuel","Targum Jonathan on I Samuel","tok-c62ceaca129a","בְּעִדָנָא","בעדנא","Unresolved","","No lexical entry yet","true","1","Targum Jonathan on I Samuel 20:12"
"targum-jonathan-on-i-samuel","Targum Jonathan on I Samuel","tok-b09c6b73a32f","בְעוֹ","בעו","Unresolved","","No lexical entry yet","true","1","Targum Jonathan on I Samuel 15:17"
"targum-jonathan-on-i-samuel","Targum Jonathan on I Samuel","tok-3164aa32cae4","בְּעוֹ","בעו","Unresolved","","No lexical entry yet","true","1","Targum Jonathan on I Samuel 28:7"
"targum-jonathan-on-i-samuel","Targum Jonathan on I Samuel","tok-74748e8ba928","בָּעוּתִי","בעותי","Unresolved","","No lexical entry yet","true","1","Targum Jonathan on I Samuel 1:27"
"targum-jonathan-on-i-samuel","Targum Jonathan on I Samuel","tok-b84d6b8536b2","בָּעוּתִיךְ","בעותיכ","Unresolved","","No lexical entry yet","true","1","Targum Jonathan on I Samuel 1:17"
"targum-jonathan-on-i-samuel","Targum Jonathan on I Samuel","tok-0aeb72a3e82f","בְּעוּתְרָא","בעותרא","Unresolved","","No lexical entry yet","true","1","Targum Jonathan on I Samuel 2:5"
"targum-jonathan-on-i-samuel","Targum Jonathan on I Samuel","tok-b3100aa44b6f","בַּעֲזָרַת","בעזרת","Unresolved","","No lexical entry yet","true","1","Targum Jonathan on I Samuel 3:3"
"targum-jonathan-on-i-samuel","Targum Jonathan on I Samuel","tok-505c022b35cc","בְּעִידָן","בעידנ","Unresolved","","No lexical entry yet","true","1","Targum Jonathan on I Samuel 18:19"
"targum-jonathan-on-i-samuel","Targum Jonathan on I Samuel","tok-296d629d6ed1","בְּעֵיל","בעיל","Unresolved","","No lexical entry yet","true","6","Targum Jonathan on I Samuel 18:29; Targum Jonathan on I Samuel 19:17; Targum Jonathan on I Samuel 24:5; Targum Jonathan on I Samuel 24:20; Targum Jonathan on I Samuel 26:8"
"targum-jonathan-on-i-samuel","Targum Jonathan on I Samuel","tok-9489032adc31","בְּעֵינָא","בעינא","Unresolved","","No lexical entry yet","true","1","Targum Jonathan on I Samuel 29:1"
"targum-jonathan-on-i-samuel","Targum Jonathan on I Samuel","tok-bfe784f9bb6a","בְּעֵינוֹהִי","בעינוהי","Unresolved","","No lexical entry yet","true","3","Targum Jonathan on I Samuel 3:18; Targum Jonathan on I Samuel 18:8; Targum Jonathan on I Samuel 18:20"
"targum-jonathan-on-i-samuel","Targum Jonathan on I Samuel","tok-cd126b15c9d8","בְּעֵינֵיהוֹן","בעיניהונ","Unresolved","","No lexical entry yet","true","1","Targum Jonathan on I Samuel 21:14"
"targum-jonathan-on-i-samuel","Targum Jonathan on I Samuel","tok-f7a727f765ea","בְּעֵינַיְהוֹן","בעיניהונ","Unresolved","","No lexical entry yet","true","1","Targum Jonathan on I Samuel 16:7"
"targum-jonathan-on-i-samuel","Targum Jonathan on I Samuel","tok-0f09ab4d9786","בְּעֵינֵיכוֹן","בעיניכונ","Unresolved","","No lexical entry yet","true","2","Targum Jonathan on I Samuel 11:10; Targum Jonathan on I Samuel 18:23"
"targum-jonathan-on-i-samuel","Targum Jonathan on I Samuel","tok-479f41bb3598","בְּעֵינַיְכִי","בעיניכי","Unresolved","","No lexical entry yet","true","1","Targum Jonathan on I Samuel 1:23"
"targum-jonathan-on-i-samuel","Targum Jonathan on I Samuel","tok-d38c03f8e73b","בְּעֵינָךְ","בעינכ","Unresolved","","No lexical entry yet","true","9","Targum Jonathan on I Samuel 1:18; Targum Jonathan on I Samuel 14:36; Targum Jonathan on I Samuel 14:40; Targum Jonathan on I Samuel 20:3; Targum Jonathan on I Samuel 20:29"
"targum-jonathan-on-i-samuel","Targum Jonathan on I Samuel","tok-516491483612","בַעֲלָהּ","בעלה","Unresolved","","No lexical entry yet","true","1","Targum Jonathan on I Samuel 1:23"
"targum-jonathan-on-i-samuel","Targum Jonathan on I Samuel","tok-8506e55e37e3","בַּעֲלָהּ","בעלה","Unresolved","","No lexical entry yet","true","4","Targum Jonathan on I Samuel 1:8; Targum Jonathan on I Samuel 2:19; Targum Jonathan on I Samuel 4:19; Targum Jonathan on I Samuel 4:21"
"targum-jonathan-on-i-samuel","Targum Jonathan on I Samuel","tok-df1e9d59b66a","בְּעַלַוָן","בעלונ","Unresolved","","No lexical entry yet","true","1","Targum Jonathan on I Samuel 15:22"
"targum-jonathan-on-i-samuel","Targum Jonathan on I Samuel","tok-919e70bcd1c3","בְּעָלַיָא","בעליא","Unresolved","","No lexical entry yet","true","2","Targum Jonathan on I Samuel 7:4; Targum Jonathan on I Samuel 12:10"
"targum-jonathan-on-i-samuel","Targum Jonathan on I Samuel","tok-f93b6a020c0f","בְעַמָא","בעמא","Unresolved","","No lexical entry yet","true","1","Targum Jonathan on I Samuel 14:34"
"targum-jonathan-on-i-samuel","Targum Jonathan on I Samuel","tok-a9b1defee5e0","בְּעַמָא","בעמא","Unresolved","","No lexical entry yet","true","2","Targum Jonathan on I Samuel 4:17; Targum Jonathan on I Samuel 6:19"
"targum-jonathan-on-i-samuel","Targum Jonathan on I Samuel","tok-e862f4223143","בַּעֲמָלֵק","בעמלק","Unresolved","","No lexical entry yet","true","1","Targum Jonathan on I Samuel 28:18"
"targum-jonathan-on-i-samuel","Targum Jonathan on I Samuel","tok-50d3ec51afe9","בְעָנָא","בענא","Unresolved","","No lexical entry yet","true","1","Targum Jonathan on I Samuel 16:11"
"targum-jonathan-on-i-samuel","Targum Jonathan on I Samuel","tok-124dfa77a4b0","בְּעָנָא","בענא","Unresolved","","No lexical entry yet","true","1","Targum Jonathan on I Samuel 16:19"
"targum-jonathan-on-i-samuel","Targum Jonathan on I Samuel","tok-f784a2016de4","בַּעֲנָא","בענא","Unresolved","","No lexical entry yet","true","1","Targum Jonathan on I Samuel 17:34"
"targum-jonathan-on-i-samuel","Targum Jonathan on I Samuel","tok-ee9e6b8112cb","בְעַקְתָא","בעקתא","Unresolved","","No lexical entry yet","true","1","Targum Jonathan on I Samuel 2:32"
"targum-jonathan-on-i-samuel","Targum Jonathan on I Samuel","tok-ad7365a1340d","בַּעֲרוֹעֵר","בערוער","Unresolved","","No lexical entry yet","true","1","Targum Jonathan on I Samuel 30:28"
"targum-jonathan-on-i-samuel","Targum Jonathan on I Samuel","tok-3155949dcf4a","בְּעַרְסָא","בערסא","Unresolved","","No lexical entry yet","true","1","Targum Jonathan on I Samuel 19:15"
"targum-jonathan-on-i-samuel","Targum Jonathan on I Samuel","tok-44eab7207029","בִעַתוּהָא","בעתוהא","Unresolved","","No lexical entry yet","true","1","Targum Jonathan on I Samuel 4:19"
"targum-jonathan-on-i-samuel","Targum Jonathan on I Samuel","tok-32186a24f8af","בַּעֲתָךְ","בעתכ","Unresolved","","No lexical entry yet","true","1","Targum Jonathan on I Samuel 30:30"
"targum-jonathan-on-i-samuel","Targum Jonathan on I Samuel","tok-3848d863fdd5","בְּפוּלְחָנָא","בפולחנא","Unresolved","","No lexical entry yet","true","1","Targum Jonathan on I Samuel 10:19"
"targum-jonathan-on-i-samuel","Targum Jonathan on I Samuel","tok-f3e7c01c2959","בְּפוּלְחָנִי","בפולחני","Unresolved","","No lexical entry yet","true","1","Targum Jonathan on I Samuel 8:7"
"targum-jonathan-on-i-samuel","Targum Jonathan on I Samuel","tok-05c7dbcef07f","בְּפוּרְקָנָךְ","בפורקנכ","Unresolved","","No lexical entry yet","true","1","Targum Jonathan on I Samuel 2:1"
"targum-jonathan-on-i-samuel","Targum Jonathan on I Samuel","tok-7e411fe044b3","בִּפְלִשְׁתָּאֵי","בפלשתאי","Unresolved","","No lexical entry yet","true","10","Targum Jonathan on I Samuel 2:1; Targum Jonathan on I Samuel 7:13; Targum Jonathan on I Samuel 13:4; Targum Jonathan on I Samuel 14:30; Targum Jonathan on I Samuel 14:31"
"targum-jonathan-on-i-samuel","Targum Jonathan on I Samuel","tok-b74736756de9","בִּפְרִיעַ","בפריע","Unresolved","","No lexical entry yet","true","1","Targum Jonathan on I Samuel 20:38"
"targum-jonathan-on-i-samuel","Targum Jonathan on I Samuel","tok-75a9678b5d50","בְּפִתְגָמָא","בפתגמא","Unresolved","","No lexical entry yet","true","4","Targum Jonathan on I Samuel 3:21; Targum Jonathan on I Samuel 15:23; Targum Jonathan on I Samuel 15:26; Targum Jonathan on I Samuel 28:10"
"targum-jonathan-on-i-samuel","Targum Jonathan on I Samuel","tok-c3288ef2b512","בְּפִּתְגָמֵי","בפתגמי","Unresolved","","No lexical entry yet","true","1","Targum Jonathan on I Samuel 3:20"
"targum-jonathan-on-i-samuel","Targum Jonathan on I Samuel","tok-32696052798a","בְּפִתְגָמַיָא","בפתגמיא","Unresolved","","No lexical entry yet","true","1","Targum Jonathan on I Samuel 24:8"
"targum-jonathan-on-i-samuel","Targum Jonathan on I Samuel","tok-1b850124b576","בִּצְלוֹ","בצלו","Unresolved","","No lexical entry yet","true","2","Targum Jonathan on I Samuel 1:15; Targum Jonathan on I Samuel 1:16"
"targum-jonathan-on-i-samuel","Targum Jonathan on I Samuel","tok-6335f0f446ce","בְצַפְרָא","בצפרא","Unresolved","","No lexical entry yet","true","4","Targum Jonathan on I Samuel 1:19; Targum Jonathan on I Samuel 5:4; Targum Jonathan on I Samuel 20:35; Targum Jonathan on I Samuel 25:37"
"targum-jonathan-on-i-samuel","Targum Jonathan on I Samuel","tok-4b5ca0a7a650","בְּצַפְרָא","בצפרא","Unresolved","","No lexical entry yet","true","8","Targum Jonathan on I Samuel 9:19; Targum Jonathan on I Samuel 15:12; Targum Jonathan on I Samuel 17:20; Targum Jonathan on I Samuel 19:2; Targum Jonathan on I Samuel 19:11"
"targum-jonathan-on-i-samuel","Targum Jonathan on I Samuel","tok-9f652d7f0497","בִקְדֵירָא","בקדירא","Unresolved","","No lexical entry yet","true","1","Targum Jonathan on I Samuel 2:14"
"targum-jonathan-on-i-samuel","Targum Jonathan on I Samuel","tok-55c0350dd9e6","בְּקַדְמִין","בקדמינ","Unresolved","","No lexical entry yet","true","1","Targum Jonathan on I Samuel 9:9"
"targum-jonathan-on-i-samuel","Targum Jonathan on I Samuel","tok-f4f0dcb2b18a","בְּקוּדְשַׁיָא","בקודשיא","Unresolved","","No lexical entry yet","true","1","Targum Jonathan on I Samuel 1:1"
"targum-jonathan-on-i-samuel","Targum Jonathan on I Samuel","tok-5ae3a67714c8","בְּקַיָמָא","בקימא","Unresolved","","No lexical entry yet","true","1","Targum Jonathan on I Samuel 20:8"
"targum-jonathan-on-i-samuel","Targum Jonathan on I Samuel","tok-e6f5e97c0da2","בְּקִינָא","בקינא","Unresolved","","No lexical entry yet","true","1","Targum Jonathan on I Samuel 14:27"
"targum-jonathan-on-i-samuel","Targum Jonathan on I Samuel","tok-406c385c4405","בְּקִיסְמָא","בקיסמא","Unresolved","","No lexical entry yet","true","1","Targum Jonathan on I Samuel 15:23"
"targum-jonathan-on-i-samuel","Targum Jonathan on I Samuel","tok-65b3c9dc7cc0","בְּקִירְוֵי","בקירוי","Unresolved","","No lexical entry yet","true","2","Targum Jonathan on I Samuel 17:8; Targum Jonathan on I Samuel 27:11"
"targum-jonathan-on-i-samuel","Targum Jonathan on I Samuel","tok-3053783ac48e","בְּקִירְוַת","בקירות","Unresolved","","No lexical entry yet","true","1","Targum Jonathan on I Samuel 27:5"
"targum-jonathan-on-i-samuel","Targum Jonathan on I Samuel","tok-de38ce743a21","בְּקַל","בקל","Unresolved","","No lexical entry yet","true","3","Targum Jonathan on I Samuel 2:10; Targum Jonathan on I Samuel 7:10; Targum Jonathan on I Samuel 28:12"
"targum-jonathan-on-i-samuel","Targum Jonathan on I Samuel","tok-05a38a443163","בְּקִלְעָא","בקלעא","Unresolved","","No lexical entry yet","true","1","Targum Jonathan on I Samuel 17:50"
"targum-jonathan-on-i-samuel","Targum Jonathan on I Samuel","tok-ff1ef25fd005","בְּקַלְעָא","בקלעא","Unresolved","","No lexical entry yet","true","1","Targum Jonathan on I Samuel 25:29"
"targum-jonathan-on-i-samuel","Targum Jonathan on I Samuel","tok-431c2bdce2e5","בִּקִלְעָא","בקלעא","Unresolved","","No lexical entry yet","true","1","Targum Jonathan on I Samuel 17:49"
"targum-jonathan-on-i-samuel","Targum Jonathan on I Samuel","tok-a493d45be8c4","בִקְעִילָה","בקעילה","Unresolved","","No lexical entry yet","true","1","Targum Jonathan on I Samuel 23:1"
"targum-jonathan-on-i-samuel","Targum Jonathan on I Samuel","tok-1c88ed5e1d39","בִקְרָבָא","בקרבא","Unresolved","","No lexical entry yet","true","3","Targum Jonathan on I Samuel 17:8; Targum Jonathan on I Samuel 26:10; Targum Jonathan on I Samuel 30:24"
"targum-jonathan-on-i-samuel","Targum Jonathan on I Samuel","tok-fe71ef70363b","בִּקְרָבָא","בקרבא","Unresolved","","No lexical entry yet","true","5","Targum Jonathan on I Samuel 14:22; Targum Jonathan on I Samuel 17:20; Targum Jonathan on I Samuel 29:4; Targum Jonathan on I Samuel 29:9"
"targum-jonathan-on-i-samuel","Targum Jonathan on I Samuel","tok-139f449b4473","בְּקִרְוֵי","בקרוי","Unresolved","","No lexical entry yet","true","4","Targum Jonathan on I Samuel 6:1; Targum Jonathan on I Samuel 27:7; Targum Jonathan on I Samuel 30:29"
"targum-jonathan-on-i-samuel","Targum Jonathan on I Samuel","tok-b459577efe4d","בְּקִרְיַת","בקרית","Unresolved","","No lexical entry yet","true","1","Targum Jonathan on I Samuel 7:2"
"targum-jonathan-on-i-samuel","Targum Jonathan on I Samuel","tok-0e034ed6e40a","בַּקְרְנוּתָךְ","בקרנותכ","Unresolved","","No lexical entry yet","true","1","Targum Jonathan on I Samuel 17:28"
"targum-jonathan-on-i-samuel","Targum Jonathan on I Samuel","tok-ffdd18e24c94","בְקַרְתָּא","בקרתא","Unresolved","","No lexical entry yet","true","1","Targum Jonathan on I Samuel 20:29"
"targum-jonathan-on-i-samuel","Targum Jonathan on I Samuel","tok-1565ffbe3fb4","בְּקַרְתָּא","בקרתא","Unresolved","","No lexical entry yet","true","3","Targum Jonathan on I Samuel 5:9; Targum Jonathan on I Samuel 9:6; Targum Jonathan on I Samuel 23:7"
"targum-jonathan-on-i-samuel","Targum Jonathan on I Samuel","tok-7b8cc52d5777","בְּקַרְתֵּיהּ","בקרתיה","Unresolved","","No lexical entry yet","true","1","Targum Jonathan on I Samuel 28:3"
"targum-jonathan-on-i-samuel","Targum Jonathan on I Samuel","tok-4685583a0e9e","בִּקְשׁוֹט","בקשוט","Unresolved","","No lexical entry yet","true","4","Targum Jonathan on I Samuel 12:24; Targum Jonathan on I Samuel 14:41; Targum Jonathan on I Samuel 23:23; Targum Jonathan on I Samuel 26:4"
"targum-jonathan-on-i-samuel","Targum Jonathan on I Samuel","tok-d36e0da4564e","בְּקֻשְׁטָא","בקשטא","Unresolved","","No lexical entry yet","true","1","Targum Jonathan on I Samuel 21:6"
"targum-jonathan-on-i-samuel","Targum Jonathan on I Samuel","tok-4177e3bb11b5","בְּקַשְׁתָּא","בקשתא","Unresolved","","No lexical entry yet","true","2","Targum Jonathan on I Samuel 20:20; Targum Jonathan on I Samuel 31:3"
"targum-jonathan-on-i-samuel","Targum Jonathan on I Samuel","tok-141cbd957945","בְּרִבְוָן","ברבונ","Unresolved","","No lexical entry yet","true","1","Targum Jonathan on I Samuel 29:5"
"targum-jonathan-on-i-samuel","Targum Jonathan on I Samuel","tok-c030ac9feda3","בִּרְבְוָן","ברבונ","Unresolved","","No lexical entry yet","true","1","Targum Jonathan on I Samuel 21:12"
"targum-jonathan-on-i-samuel","Targum Jonathan on I Samuel","tok-49438172c64e","בְּרִבּוֹנִי","ברבוני","Unresolved","","No lexical entry yet","true","1","Targum Jonathan on I Samuel 24:11"
"targum-jonathan-on-i-samuel","Targum Jonathan on I Samuel","tok-a72421e4e742","בְּרוּחַ","ברוח","Unresolved","","No lexical entry yet","true","1","Targum Jonathan on I Samuel 2:1"
"targum-jonathan-on-i-samuel","Targum Jonathan on I Samuel","tok-8f311ecbf4aa","בְרִי","ברי","Unresolved","","No lexical entry yet","true","1","Targum Jonathan on I Samuel 3:6"
"targum-jonathan-on-i-samuel","Targum Jonathan on I Samuel","tok-e7aa88b3b5e4","בְּרִי","ברי","Unresolved","","No lexical entry yet","true","13","Targum Jonathan on I Samuel 2:1; Targum Jonathan on I Samuel 3:16; Targum Jonathan on I Samuel 4:16; Targum Jonathan on I Samuel 14:39; Targum Jonathan on I Samuel 14:40"
"targum-jonathan-on-i-samuel","Targum Jonathan on I Samuel","tok-5f11fd53d8d6","בְּרִיבְוָן","בריבונ","Unresolved","","No lexical entry yet","true","1","Targum Jonathan on I Samuel 18:7"
"targum-jonathan-on-i-samuel","Targum Jonathan on I Samuel","tok-e95397b272ec","בְּרֵיוָא","בריוא","Unresolved","","No lexical entry yet","true","1","Targum Jonathan on I Samuel 16:18"
"targum-jonathan-on-i-samuel","Targum Jonathan on I Samuel","tok-e534cbccddcf","בְּרֵיוֵיהּ","בריויה","Unresolved","","No lexical entry yet","true","2","Targum Jonathan on I Samuel 16:12; Targum Jonathan on I Samuel 17:42"
"targum-jonathan-on-i-samuel","Targum Jonathan on I Samuel","tok-9f0abdb5a276","בְּרֵיז","בריז","Unresolved","","No lexical entry yet","true","1","Targum Jonathan on I Samuel 14:26"
"targum-jonathan-on-i-samuel","Targum Jonathan on I Samuel","tok-2c56270e6fee","בְּרִיכָן","בריכנ","Unresolved","","No lexical entry yet","true","1","Targum Jonathan on I Samuel 23:21"
"targum-jonathan-on-i-samuel","Targum Jonathan on I Samuel","tok-6846fffb71d7","בְּרֵישׁ","בריש","Unresolved","","No lexical entry yet","true","5","Targum Jonathan on I Samuel 9:22; Targum Jonathan on I Samuel 14:43; Targum Jonathan on I Samuel 17:8; Targum Jonathan on I Samuel 18:13; Targum Jonathan on I Samuel 26:14"
"targum-jonathan-on-i-samuel","Targum Jonathan on I Samuel","tok-cbba859a3b23","בְּרֵישֵׁי","ברישי","Unresolved","","No lexical entry yet","true","1","Targum Jonathan on I Samuel 29:4"
"targum-jonathan-on-i-samuel","Targum Jonathan on I Samuel","tok-db92d72aef16","בְּרֵישֵׁיהּ","ברישיה","Unresolved","","No lexical entry yet","true","1","Targum Jonathan on I Samuel 25:39"
"targum-jonathan-on-i-samuel","Targum Jonathan on I Samuel","tok-efcc6c568506","בְּרֵישֵׁיהוֹן","ברישיהונ","Unresolved","","No lexical entry yet","true","1","Targum Jonathan on I Samuel 18:16"
"targum-jonathan-on-i-samuel","Targum Jonathan on I Samuel","tok-bb6270b6068c","בְּרֵישֵׁיכוֹן","ברישיכונ","Unresolved","","No lexical entry yet","true","1","Targum Jonathan on I Samuel 12:2"
"targum-jonathan-on-i-samuel","Targum Jonathan on I Samuel","tok-0a47b178dd8f","בְּרֵישָׁנָא","ברישנא","Unresolved","","No lexical entry yet","true","1","Targum Jonathan on I Samuel 8:20"
"targum-jonathan-on-i-samuel","Targum Jonathan on I Samuel","tok-dc2db2c50956","בְּרָכָל","ברכל","Unresolved","","No lexical entry yet","true","1","Targum Jonathan on I Samuel 30:29"
"targum-jonathan-on-i-samuel","Targum Jonathan on I Samuel","tok-11041bbf796a","בְּרַם","ברמ","Unresolved","","No lexical entry yet","true","13","Targum Jonathan on I Samuel 1:23; Targum Jonathan on I Samuel 8:9; Targum Jonathan on I Samuel 12:20; Targum Jonathan on I Samuel 12:24; Targum Jonathan on I Samuel 14:30"
"targum-jonathan-on-i-samuel","Targum Jonathan on I Samuel","tok-ce4c972e4a50","בְרָמוֹת","ברמות","Unresolved","","No lexical entry yet","true","1","Targum Jonathan on I Samuel 30:27"
"targum-jonathan-on-i-samuel","Targum Jonathan on I Samuel","tok-c28f7e957c92","בְרָמָתָא","ברמתא","Unresolved","","No lexical entry yet","true","5","Targum Jonathan on I Samuel 19:23; Targum Jonathan on I Samuel 20:1; Targum Jonathan on I Samuel 22:6; Targum Jonathan on I Samuel 28:3"
"targum-jonathan-on-i-samuel","Targum Jonathan on I Samuel","tok-bd8ba8920c88","בְּרָמָתָא","ברמתא","Unresolved","","No lexical entry yet","true","2","Targum Jonathan on I Samuel 19:19; Targum Jonathan on I Samuel 19:22"
"targum-jonathan-on-i-samuel","Targum Jonathan on I Samuel","tok-c520816ec4f3","בְּרַעֲוָא","ברעוא","Unresolved","","No lexical entry yet","true","1","Targum Jonathan on I Samuel 26:19"
"targum-jonathan-on-i-samuel","Targum Jonathan on I Samuel","tok-d30c79b67272","בִּרְשָׁן","ברשנ","Unresolved","","No lexical entry yet","true","1","Targum Jonathan on I Samuel 19:24"
"targum-jonathan-on-i-samuel","Targum Jonathan on I Samuel","tok-50705a312e02","בְרַתִּי","ברתי","Unresolved","","No lexical entry yet","true","1","Targum Jonathan on I Samuel 18:17"
"targum-jonathan-on-i-samuel","Targum Jonathan on I Samuel","tok-cda80cedc891","בְּרַתֵּיה","ברתיה","Unresolved","","No lexical entry yet","true","1","Targum Jonathan on I Samuel 25:44"
"targum-jonathan-on-i-samuel","Targum Jonathan on I Samuel","tok-61819d8a5f87","בְּרַתֵּיהּ","ברתיה","Unresolved","","No lexical entry yet","true","2","Targum Jonathan on I Samuel 17:25; Targum Jonathan on I Samuel 18:27"
"targum-jonathan-on-i-samuel","Targum Jonathan on I Samuel","tok-b31a7ea7965f","בִּרְתִיכוֹהִי","ברתיכוהי","Unresolved","","No lexical entry yet","true","1","Targum Jonathan on I Samuel 8:11"
"targum-jonathan-on-i-samuel","Targum Jonathan on I Samuel","tok-442f45c43502","בְשׁוּנֵם","בשונמ","Unresolved","","No lexical entry yet","true","1","Targum Jonathan on I Samuel 28:4"
"targum-jonathan-on-i-samuel","Targum Jonathan on I Samuel","tok-db342572d0a1","בְּשׁוֹפָרָא","בשופרא","Unresolved","","No lexical entry yet","true","1","Targum Jonathan on I Samuel 13:3"
"targum-jonathan-on-i-samuel","Targum Jonathan on I Samuel","tok-b748adc0dde7","בְּשׁוּרָא","בשורא","Unresolved","","No lexical entry yet","true","1","Targum Jonathan on I Samuel 31:10"
"targum-jonathan-on-i-samuel","Targum Jonathan on I Samuel","tok-9c38f08c9dea","בְּשׁוֹשִׁיפָא","בשושיפא","Unresolved","","No lexical entry yet","true","1","Targum Jonathan on I Samuel 21:10"
"targum-jonathan-on-i-samuel","Targum Jonathan on I Samuel","tok-899662500812","בְשִׁילֹה","בשילה","Unresolved","","No lexical entry yet","true","1","Targum Jonathan on I Samuel 3:21"
"targum-jonathan-on-i-samuel","Targum Jonathan on I Samuel","tok-37c3704d7f0f","בְּשִׁילֹה","בשילה","Unresolved","","No lexical entry yet","true","1","Targum Jonathan on I Samuel 14:3"
"targum-jonathan-on-i-samuel","Targum Jonathan on I Samuel","tok-b39f594ee425","בְשִׁילוֹ","בשילו","Unresolved","","No lexical entry yet","true","1","Targum Jonathan on I Samuel 3:21"
"targum-jonathan-on-i-samuel","Targum Jonathan on I Samuel","tok-53471f31cd10","בְּשֵׁירוּתָא","בשירותא","Unresolved","","No lexical entry yet","true","1","Targum Jonathan on I Samuel 16:3"
"targum-jonathan-on-i-samuel","Targum Jonathan on I Samuel","tok-05f16c2d026e","בְשֵׂכוּ","בשכו","Unresolved","","No lexical entry yet","true","1","Targum Jonathan on I Samuel 19:22"
"targum-jonathan-on-i-samuel","Targum Jonathan on I Samuel","tok-809dc9025138","בְשִׁלֹה","בשלה","Unresolved","","No lexical entry yet","true","1","Targum Jonathan on I Samuel 1:9"
"targum-jonathan-on-i-samuel","Targum Jonathan on I Samuel","tok-28ffba6801a0","בְּשִׁלֹה","בשלה","Unresolved","","No lexical entry yet","true","2","Targum Jonathan on I Samuel 1:3; Targum Jonathan on I Samuel 2:14"
"targum-jonathan-on-i-samuel","Targum Jonathan on I Samuel","tok-acfb6200e1b4","בִּשְׁלָם","בשלמ","Unresolved","","No lexical entry yet","true","2","Targum Jonathan on I Samuel 17:22; Targum Jonathan on I Samuel 29:7"
"targum-jonathan-on-i-samuel","Targum Jonathan on I Samuel","tok-625b275cb1c2","בִּשְׁלָמֵיהּ","בשלמיה","Unresolved","","No lexical entry yet","true","2","Targum Jonathan on I Samuel 10:27; Targum Jonathan on I Samuel 13:10"
"targum-jonathan-on-i-samuel","Targum Jonathan on I Samuel","tok-fd6755af9e48","בִּשְׁמָא","בשמא","Unresolved","","No lexical entry yet","true","3","Targum Jonathan on I Samuel 17:45; Targum Jonathan on I Samuel 20:42; Targum Jonathan on I Samuel 25:9"
"targum-jonathan-on-i-samuel","Targum Jonathan on I Samuel","tok-a1e17cf7573f","בִּשְׁנָא","בשנא","Unresolved","","No lexical entry yet","true","2","Targum Jonathan on I Samuel 1:7; Targum Jonathan on I Samuel 7:16"
"targum-jonathan-on-i-samuel","Targum Jonathan on I Samuel","tok-da69e0663522","בְּשַׂנְאֵי","בשנאי","Unresolved","","No lexical entry yet","true","2","Targum Jonathan on I Samuel 18:25; Targum Jonathan on I Samuel 29:8"
"targum-jonathan-on-i-samuel","Targum Jonathan on I Samuel","tok-06817a78aa83","בְּשִׁפּוּלֵי","בשפולי","Unresolved","","No lexical entry yet","true","1","Targum Jonathan on I Samuel 14:2"
"targum-jonathan-on-i-samuel","Targum Jonathan on I Samuel","tok-93249cae362e","בְּשִׂפְמוֹת","בשפמות","Unresolved","","No lexical entry yet","true","1","Targum Jonathan on I Samuel 30:28"
"targum-jonathan-on-i-samuel","Targum Jonathan on I Samuel","tok-2ada54ce870a","בְּתוֹרִין","בתורינ","Unresolved","","No lexical entry yet","true","1","Targum Jonathan on I Samuel 1:24"
"targum-jonathan-on-i-samuel","Targum Jonathan on I Samuel","tok-2c70274db712","בְּתֵיבוּתָא","בתיבותא","Unresolved","","No lexical entry yet","true","1","Targum Jonathan on I Samuel 6:8"
"targum-jonathan-on-i-samuel","Targum Jonathan on I Samuel","tok-c1a3992892c1","בִּתְיוּבְתָּא","בתיובתא","Unresolved","","No lexical entry yet","true","1","Targum Jonathan on I Samuel 7:6"
"targum-jonathan-on-i-samuel","Targum Jonathan on I Samuel","tok-38171d3a92e2","בִּתְלִיתָאָה","בתליתאה","Unresolved","","No lexical entry yet","true","1","Targum Jonathan on I Samuel 3:8"
"targum-jonathan-on-i-samuel","Targum Jonathan on I Samuel","tok-a31804d4ee6b","בְּתֻפִּין","בתפינ","Unresolved","","No lexical entry yet","true","1","Targum Jonathan on I Samuel 18:6"
"targum-jonathan-on-i-samuel","Targum Jonathan on I Samuel","tok-1d21ef21430e","בִתְקֵיף","בתקיפ","Unresolved","","No lexical entry yet","true","1","Targum Jonathan on I Samuel 20:34"
"targum-jonathan-on-i-samuel","Targum Jonathan on I Samuel","tok-fc59a6216885","בָתַר","בתר","Unresolved","","No lexical entry yet","true","2","Targum Jonathan on I Samuel 24:6; Targum Jonathan on I Samuel 25:42"
"targum-jonathan-on-i-samuel","Targum Jonathan on I Samuel","tok-647e371ff2ab","בָּתַר","בתר","Unresolved","","No lexical entry yet","true","33","Targum Jonathan on I Samuel 1:9; Targum Jonathan on I Samuel 5:9; Targum Jonathan on I Samuel 7:2; Targum Jonathan on I Samuel 8:3; Targum Jonathan on I Samuel 9:13"
"targum-jonathan-on-i-samuel","Targum Jonathan on I Samuel","tok-f0ea3ec2be01","בַתְרוֹהִי","בתרוהי","Unresolved","","No lexical entry yet","true","1","Targum Jonathan on I Samuel 13:7"
"targum-jonathan-on-i-samuel","Targum Jonathan on I Samuel","tok-1f7809a6e3c5","בַּתְרוֹהִי","בתרוהי","Unresolved","","No lexical entry yet","true","4","Targum Jonathan on I Samuel 14:13; Targum Jonathan on I Samuel 17:35; Targum Jonathan on I Samuel 26:3"
"targum-jonathan-on-i-samuel","Targum Jonathan on I Samuel","tok-25c8cee02138","בַּתְרַי","בתרי","Unresolved","","No lexical entry yet","true","1","Targum Jonathan on I Samuel 14:12"
"targum-jonathan-on-i-samuel","Targum Jonathan on I Samuel","tok-f20f92f4b196","בַּתְרָי","בתרי","Unresolved","","No lexical entry yet","true","1","Targum Jonathan on I Samuel 24:22"
"targum-jonathan-on-i-samuel","Targum Jonathan on I Samuel","tok-27d0cc581a00","בַּתְרֵיהוֹן","בתריהונ","Unresolved","","No lexical entry yet","true","2","Targum Jonathan on I Samuel 6:12; Targum Jonathan on I Samuel 14:22"
"targum-jonathan-on-i-samuel","Targum Jonathan on I Samuel","tok-bb7a42f9b455","בַּתְרֵיכוֹן","בתריכונ","Unresolved","","No lexical entry yet","true","1","Targum Jonathan on I Samuel 25:19"
"targum-jonathan-on-i-samuel","Targum Jonathan on I Samuel","tok-33374d87234d","בִּתְרַע","בתרע","Unresolved","","No lexical entry yet","true","1","Targum Jonathan on I Samuel 2:22"
"targum-jonathan-on-i-samuel","Targum Jonathan on I Samuel","tok-728989825717","גְבוּרָא","גבורא","Unresolved","","No lexical entry yet","true","1","Targum Jonathan on I Samuel 11:6"
"targum-jonathan-on-i-samuel","Targum Jonathan on I Samuel","tok-84927ed88069","גְבוּרָן","גבורנ","Unresolved","","No lexical entry yet","true","1","Targum Jonathan on I Samuel 12:6"
"targum-jonathan-on-i-samuel","Targum Jonathan on I Samuel","tok-dae75d2f0538","גְבוּרָתָא","גבורתא","Unresolved","","No lexical entry yet","true","2","Targum Jonathan on I Samuel 2:6; Targum Jonathan on I Samuel 4:8"
"targum-jonathan-on-i-samuel","Targum Jonathan on I Samuel","tok-62e7a6ed359e","גִבְעֲתָא","גבעתא","Unresolved","","No lexical entry yet","true","3","Targum Jonathan on I Samuel 14:2; Targum Jonathan on I Samuel 14:5; Targum Jonathan on I Samuel 17:8"
"targum-jonathan-on-i-samuel","Targum Jonathan on I Samuel","tok-cbc8f466bca1","גְבַר","גבר","Unresolved","","No lexical entry yet","true","42","Targum Jonathan on I Samuel 2:13; Targum Jonathan on I Samuel 2:25; Targum Jonathan on I Samuel 4:10; Targum Jonathan on I Samuel 8:22; Targum Jonathan on I Samuel 10:11"
"targum-jonathan-on-i-samuel","Targum Jonathan on I Samuel","tok-7ffc0dc545db","גִבַּר","גבר","Unresolved","","No lexical entry yet","true","4","Targum Jonathan on I Samuel 9:1; Targum Jonathan on I Samuel 14:52; Targum Jonathan on I Samuel 26:15; Targum Jonathan on I Samuel 31:12"
"targum-jonathan-on-i-samuel","Targum Jonathan on I Samuel","tok-887ad0d00318","גִבָּר","גבר","Unresolved","","No lexical entry yet","true","1","Targum Jonathan on I Samuel 17:8"
"targum-jonathan-on-i-samuel","Targum Jonathan on I Samuel","tok-a5a39e938c4c","גַבְרָא","גברא","Unresolved","","No lexical entry yet","true","55","Targum Jonathan on I Samuel 1:1; Targum Jonathan on I Samuel 1:3; Targum Jonathan on I Samuel 1:21; Targum Jonathan on I Samuel 2:16; Targum Jonathan on I Samuel 2:25"
"targum-jonathan-on-i-samuel","Targum Jonathan on I Samuel","tok-490bf0d1bf4f","גִבַּרְהוֹן","גברהונ","Unresolved","","No lexical entry yet","true","1","Targum Jonathan on I Samuel 17:51"
"targum-jonathan-on-i-samuel","Targum Jonathan on I Samuel","tok-35f13c9f263f","גַבְרוֹהִי","גברוהי","Unresolved","","No lexical entry yet","true","4","Targum Jonathan on I Samuel 23:8; Targum Jonathan on I Samuel 23:26; Targum Jonathan on I Samuel 24:8; Targum Jonathan on I Samuel 31:6"
"targum-jonathan-on-i-samuel","Targum Jonathan on I Samuel","tok-d2fb6831bd78","גַבְרֵי","גברי","Unresolved","","No lexical entry yet","true","5","Targum Jonathan on I Samuel 6:20; Targum Jonathan on I Samuel 7:1; Targum Jonathan on I Samuel 18:5; Targum Jonathan on I Samuel 23:3; Targum Jonathan on I Samuel 24:5"
"targum-jonathan-on-i-samuel","Targum Jonathan on I Samuel","tok-6c0461217b0b","גַבְרַי","גברי","Unresolved","","No lexical entry yet","true","1","Targum Jonathan on I Samuel 23:12"
"targum-jonathan-on-i-samuel","Targum Jonathan on I Samuel","tok-88bf6456d367","גַבְרַיָא","גבריא","Unresolved","","No lexical entry yet","true","7","Targum Jonathan on I Samuel 2:17; Targum Jonathan on I Samuel 6:10; Targum Jonathan on I Samuel 11:12; Targum Jonathan on I Samuel 14:8; Targum Jonathan on I Samuel 15:23"
"targum-jonathan-on-i-samuel","Targum Jonathan on I Samuel","tok-3eb984d49ae8","גִבָּרִין","גברינ","Unresolved","","No lexical entry yet","true","1","Targum Jonathan on I Samuel 4:9"
"targum-jonathan-on-i-samuel","Targum Jonathan on I Samuel","tok-259b6a766b0c","גַבְרִין","גברינ","Unresolved","","No lexical entry yet","true","5","Targum Jonathan on I Samuel 2:12; Targum Jonathan on I Samuel 10:2; Targum Jonathan on I Samuel 22:18; Targum Jonathan on I Samuel 26:16; Targum Jonathan on I Samuel 31:3"
"targum-jonathan-on-i-samuel","Targum Jonathan on I Samuel","tok-1845fc01c67b","גָד","גד","Unresolved","","No lexical entry yet","true","2","Targum Jonathan on I Samuel 13:7; Targum Jonathan on I Samuel 22:5"
"targum-jonathan-on-i-samuel","Targum Jonathan on I Samuel","tok-2cd94d70e2b8","גֶדִי","גדי","Unresolved","","No lexical entry yet","true","2","Targum Jonathan on I Samuel 24:1; Targum Jonathan on I Samuel 24:2"
"targum-jonathan-on-i-samuel","Targum Jonathan on I Samuel","tok-61d4193181be","גַדְיָן","גדינ","Unresolved","","No lexical entry yet","true","1","Targum Jonathan on I Samuel 10:3"
"targum-jonathan-on-i-samuel","Targum Jonathan on I Samuel","tok-5ac6962bd449","גִדְעוֹן","גדעונ","Unresolved","","No lexical entry yet","true","1","Targum Jonathan on I Samuel 12:11"
"targum-jonathan-on-i-samuel","Targum Jonathan on I Samuel","tok-a17264974210","גֵהִנָם","גהנמ","Unresolved","","No lexical entry yet","true","1","Targum Jonathan on I Samuel 2:8"
"targum-jonathan-on-i-samuel","Targum Jonathan on I Samuel","tok-e922365cdb99","גוּבָא","גובא","Unresolved","","No lexical entry yet","true","1","Targum Jonathan on I Samuel 19:22"
"targum-jonathan-on-i-samuel","Targum Jonathan on I Samuel","tok-bc8c3ae02566","גוּבְנִין","גובנינ","Unresolved","","No lexical entry yet","true","1","Targum Jonathan on I Samuel 17:18"
"targum-jonathan-on-i-samuel","Targum Jonathan on I Samuel","tok-ce3fa264f324","גוּבְרִין","גוברינ","Unresolved","","No lexical entry yet","true","1","Targum Jonathan on I Samuel 10:3"
"targum-jonathan-on-i-samuel","Targum Jonathan on I Samuel","tok-c34fcb571c84","גוֹזְזִין","גוזזינ","Unresolved","","No lexical entry yet","true","1","Targum Jonathan on I Samuel 25:7"
"targum-jonathan-on-i-samuel","Targum Jonathan on I Samuel","tok-3419d957c755","גוּפָא","גופא","Unresolved","","No lexical entry yet","true","1","Targum Jonathan on I Samuel 31:12"
"targum-jonathan-on-i-samuel","Targum Jonathan on I Samuel","tok-b6bee07a85b4","גָזוּר","גזור","Unresolved","","No lexical entry yet","true","1","Targum Jonathan on I Samuel 15:29"
"targum-jonathan-on-i-samuel","Targum Jonathan on I Samuel","tok-089d876226a5","גָזֵיז","גזיז","Unresolved","","No lexical entry yet","true","1","Targum Jonathan on I Samuel 25:4"
"targum-jonathan-on-i-samuel","Targum Jonathan on I Samuel","tok-ce2cb0174f55","גְזַר","גזר","Unresolved","","No lexical entry yet","true","2","Targum Jonathan on I Samuel 11:1; Targum Jonathan on I Samuel 22:8"
"targum-jonathan-on-i-samuel","Targum Jonathan on I Samuel","tok-925e54ff3041","גִזְרָאֵי","גזראי","Unresolved","","No lexical entry yet","true","1","Targum Jonathan on I Samuel 27:8"
"targum-jonathan-on-i-samuel","Targum Jonathan on I Samuel","tok-5815a25a93ac","גָזְרִין","גזרינ","Unresolved","","No lexical entry yet","true","1","Targum Jonathan on I Samuel 15:29"
"targum-jonathan-on-i-samuel","Targum Jonathan on I Samuel","tok-25a5536a734d","גִידוּפִין","גידופינ","Unresolved","","No lexical entry yet","true","1","Targum Jonathan on I Samuel 2:3"
"targum-jonathan-on-i-samuel","Targum Jonathan on I Samuel","tok-b1a38a0bc208","גִירָא","גירא","Unresolved","","No lexical entry yet","true","3","Targum Jonathan on I Samuel 20:36; Targum Jonathan on I Samuel 20:37"
"targum-jonathan-on-i-samuel","Targum Jonathan on I Samuel","tok-bd5204035b8f","גִירַיָא","גיריא","Unresolved","","No lexical entry yet","true","5","Targum Jonathan on I Samuel 20:21; Targum Jonathan on I Samuel 20:22; Targum Jonathan on I Samuel 20:36; Targum Jonathan on I Samuel 20:38"
"targum-jonathan-on-i-samuel","Targum Jonathan on I Samuel","tok-b5278202d06c","גִירִין","גירינ","Unresolved","","No lexical entry yet","true","1","Targum Jonathan on I Samuel 20:20"
"targum-jonathan-on-i-samuel","Targum Jonathan on I Samuel","tok-bbc9be0147fd","גֵיתַיָא","גיתיא","Unresolved","","No lexical entry yet","true","1","Targum Jonathan on I Samuel 30:20"
"targum-jonathan-on-i-samuel","Targum Jonathan on I Samuel","tok-bfcb834f8195","גֵיתֵיהוֹן","גיתיהונ","Unresolved","","No lexical entry yet","true","1","Targum Jonathan on I Samuel 23:5"
"targum-jonathan-on-i-samuel","Targum Jonathan on I Samuel","tok-8e70ed2b650e","גַלְבִּין","גלבינ","Unresolved","","No lexical entry yet","true","1","Targum Jonathan on I Samuel 17:5"
"targum-jonathan-on-i-samuel","Targum Jonathan on I Samuel","tok-9483712882f8","גִלְגָלָא","גלגלא","Unresolved","","No lexical entry yet","true","1","Targum Jonathan on I Samuel 13:15"
"targum-jonathan-on-i-samuel","Targum Jonathan on I Samuel","tok-ddb28caf955c","גְלָה","גלה","Unresolved","","No lexical entry yet","true","2","Targum Jonathan on I Samuel 4:21; Targum Jonathan on I Samuel 4:22"
"targum-jonathan-on-i-samuel","Targum Jonathan on I Samuel","tok-3aaea4262f4f","גַלְוָתָהָא","גלותהא","Unresolved","","No lexical entry yet","true","1","Targum Jonathan on I Samuel 2:5"
"targum-jonathan-on-i-samuel","Targum Jonathan on I Samuel","tok-36a480d20960","גַלְיָא","גליא","Unresolved","","No lexical entry yet","true","1","Targum Jonathan on I Samuel 3:1"
"targum-jonathan-on-i-samuel","Targum Jonathan on I Samuel","tok-292431ef3ef0","גַלְיָן","גלינ","Unresolved","","No lexical entry yet","true","1","Targum Jonathan on I Samuel 16:7"
"targum-jonathan-on-i-samuel","Targum Jonathan on I Samuel","tok-4102ed5e14af","גָלְיַת","גלית","Unresolved","","No lexical entry yet","true","1","Targum Jonathan on I Samuel 17:23"
"targum-jonathan-on-i-samuel","Targum Jonathan on I Samuel","tok-18929bd9d28e","גָלְיָת","גלית","Unresolved","","No lexical entry yet","true","2","Targum Jonathan on I Samuel 17:4; Targum Jonathan on I Samuel 17:8"
"targum-jonathan-on-i-samuel","Targum Jonathan on I Samuel","tok-3a269893f581","גְלָן","גלנ","Unresolved","","No lexical entry yet","true","1","Targum Jonathan on I Samuel 2:8"
"targum-jonathan-on-i-samuel","Targum Jonathan on I Samuel","tok-27aa7b233267","גִלְעָד","גלעד","Unresolved","","No lexical entry yet","true","3","Targum Jonathan on I Samuel 11:1; Targum Jonathan on I Samuel 11:9; Targum Jonathan on I Samuel 31:11"
"targum-jonathan-on-i-samuel","Targum Jonathan on I Samuel","tok-4d5ea5eaf678","גְמִירָא","גמירא","Unresolved","","No lexical entry yet","true","5","Targum Jonathan on I Samuel 20:7; Targum Jonathan on I Samuel 20:9; Targum Jonathan on I Samuel 20:13; Targum Jonathan on I Samuel 20:33; Targum Jonathan on I Samuel 25:17"
"targum-jonathan-on-i-samuel","Targum Jonathan on I Samuel","tok-c653bd4f0a33","גַמִירוּ","גמירו","Unresolved","","No lexical entry yet","true","1","Targum Jonathan on I Samuel 15:9"
"targum-jonathan-on-i-samuel","Targum Jonathan on I Samuel","tok-833b5bc9deba","גַמְלַיָא","גמליא","Unresolved","","No lexical entry yet","true","1","Targum Jonathan on I Samuel 30:17"
"targum-jonathan-on-i-samuel","Targum Jonathan on I Samuel","tok-6cc6f57545eb","גְמַלְתָּךְ","גמלתכ","Unresolved","","No lexical entry yet","true","1","Targum Jonathan on I Samuel 24:18"
"targum-jonathan-on-i-samuel","Targum Jonathan on I Samuel","tok-51222d9cd722","גְמַלְתַּנִי","גמלתני","Unresolved","","No lexical entry yet","true","1","Targum Jonathan on I Samuel 24:18"
"targum-jonathan-on-i-samuel","Targum Jonathan on I Samuel","tok-f01c6998ea5c","גַמְרִית","גמרית","Unresolved","","No lexical entry yet","true","1","Targum Jonathan on I Samuel 15:20"
"targum-jonathan-on-i-samuel","Targum Jonathan on I Samuel","tok-f14931ee50b6","גַמַרְנָא","גמרנא","Unresolved","","No lexical entry yet","true","1","Targum Jonathan on I Samuel 15:15"
"targum-jonathan-on-i-samuel","Targum Jonathan on I Samuel","tok-0df9f4bfa24f","גְנִיזָא","גניזא","Unresolved","","No lexical entry yet","true","1","Targum Jonathan on I Samuel 25:29"
"targum-jonathan-on-i-samuel","Targum Jonathan on I Samuel","tok-42397c9624b3","גַרְבָא","גרבא","Unresolved","","No lexical entry yet","true","1","Targum Jonathan on I Samuel 10:3"
"targum-jonathan-on-i-samuel","Targum Jonathan on I Samuel","tok-85e3ec880c78","גַרְבִין","גרבינ","Unresolved","","No lexical entry yet","true","1","Targum Jonathan on I Samuel 25:18"
"targum-jonathan-on-i-samuel","Targum Jonathan on I Samuel","tok-a212504a99a2","גְרִיצָן","גריצנ","Unresolved","","No lexical entry yet","true","2","Targum Jonathan on I Samuel 10:4; Targum Jonathan on I Samuel 25:18"
"targum-jonathan-on-i-samuel","Targum Jonathan on I Samuel","tok-886141d0113b","גָרְמָא","גרמא","Unresolved","","No lexical entry yet","true","1","Targum Jonathan on I Samuel 15:17"
"targum-jonathan-on-i-samuel","Targum Jonathan on I Samuel","tok-d6887457cc5a","גַרְמֵיהוֹן","גרמיהונ","Unresolved","","No lexical entry yet","true","1","Targum Jonathan on I Samuel 31:13"
"targum-jonathan-on-i-samuel","Targum Jonathan on I Samuel","tok-25e5d02e4393","גְרָמִית","גרמית","Unresolved","","No lexical entry yet","true","1","Targum Jonathan on I Samuel 22:22"
"targum-jonathan-on-i-samuel","Targum Jonathan on I Samuel","tok-64f1eab36987","גְרַמְתּוּן","גרמתונ","Unresolved","","No lexical entry yet","true","1","Targum Jonathan on I Samuel 12:20"
"targum-jonathan-on-i-samuel","Targum Jonathan on I Samuel","tok-19bcdb0b4ccd","גְשׁוּרָאֵי","גשוראי","Unresolved","","No lexical entry yet","true","1","Targum Jonathan on I Samuel 27:8"
"targum-jonathan-on-i-samuel","Targum Jonathan on I Samuel","tok-afef8a3e9ff3","גַת","גת","Unresolved","","No lexical entry yet","true","3","Targum Jonathan on I Samuel 7:14; Targum Jonathan on I Samuel 17:8; Targum Jonathan on I Samuel 17:52"
"targum-jonathan-on-i-samuel","Targum Jonathan on I Samuel","tok-92e75ef9288f","דְאַבָּא","דאבא","Unresolved","","No lexical entry yet","true","1","Targum Jonathan on I Samuel 20:13"
"targum-jonathan-on-i-samuel","Targum Jonathan on I Samuel","tok-59b163d2825f","דַאֲבָדָא","דאבדא","Unresolved","","No lexical entry yet","true","1","Targum Jonathan on I Samuel 9:20"
"targum-jonathan-on-i-samuel","Targum Jonathan on I Samuel","tok-a32f8b3caa45","דַאֲבוּהִי","דאבוהי","Unresolved","","No lexical entry yet","true","1","Targum Jonathan on I Samuel 17:15"
"targum-jonathan-on-i-samuel","Targum Jonathan on I Samuel","tok-94701f1969b4","דְאַבְנֵר","דאבנר","Unresolved","","No lexical entry yet","true","1","Targum Jonathan on I Samuel 14:51"
"targum-jonathan-on-i-samuel","Targum Jonathan on I Samuel","tok-f412809310be","דְאוּמָנִין","דאומנינ","Unresolved","","No lexical entry yet","true","1","Targum Jonathan on I Samuel 31:3"
"targum-jonathan-on-i-samuel","Targum Jonathan on I Samuel","tok-0a2606269ad7","דַאֲזַלוּ","דאזלו","Unresolved","","No lexical entry yet","true","1","Targum Jonathan on I Samuel 30:22"
"targum-jonathan-on-i-samuel","Targum Jonathan on I Samuel","tok-70bda7ea58ad","דַאֲזָלוּ","דאזלו","Unresolved","","No lexical entry yet","true","1","Targum Jonathan on I Samuel 17:13"
"targum-jonathan-on-i-samuel","Targum Jonathan on I Samuel","tok-5f3e960b7a09","דְאָזְלִין","דאזלינ","Unresolved","","No lexical entry yet","true","1","Targum Jonathan on I Samuel 25:42"
"targum-jonathan-on-i-samuel","Targum Jonathan on I Samuel","tok-ad66ed2d8390","דַאֲזַלְתָּ","דאזלת","Unresolved","","No lexical entry yet","true","1","Targum Jonathan on I Samuel 10:2"
"targum-jonathan-on-i-samuel","Targum Jonathan on I Samuel","tok-a8550882f581","דַאֲחִיתוּ","דאחיתו","Unresolved","","No lexical entry yet","true","1","Targum Jonathan on I Samuel 6:18"
"targum-jonathan-on-i-samuel","Targum Jonathan on I Samuel","tok-f280fc586e1d","דְאִטְמַר","דאטמר","Unresolved","","No lexical entry yet","true","1","Targum Jonathan on I Samuel 23:23"
"targum-jonathan-on-i-samuel","Targum Jonathan on I Samuel","tok-d7c3ec523628","דְאִטְמָרוּ","דאטמרו","Unresolved","","No lexical entry yet","true","1","Targum Jonathan on I Samuel 14:22"
"targum-jonathan-on-i-samuel","Targum Jonathan on I Samuel","tok-c18408887ede","דְאִטַמָרוּ","דאטמרו","Unresolved","","No lexical entry yet","true","1","Targum Jonathan on I Samuel 14:11"
"targum-jonathan-on-i-samuel","Targum Jonathan on I Samuel","tok-70fa6e6301c5","דְאִטַמַרְתָּא","דאטמרתא","Unresolved","","No lexical entry yet","true","1","Targum Jonathan on I Samuel 20:19"
"targum-jonathan-on-i-samuel","Targum Jonathan on I Samuel","tok-ec04fb3086ea","דְאִידַע","דאידע","Unresolved","","No lexical entry yet","true","1","Targum Jonathan on I Samuel 22:3"
"targum-jonathan-on-i-samuel","Targum Jonathan on I Samuel","tok-2318ab8407a6","דְאִיכָבוֹד","דאיכבוד","Unresolved","","No lexical entry yet","true","1","Targum Jonathan on I Samuel 14:3"
"targum-jonathan-on-i-samuel","Targum Jonathan on I Samuel","tok-45e7ee626aaa","דְאֵימַר","דאימר","Unresolved","","No lexical entry yet","true","2","Targum Jonathan on I Samuel 16:3; Targum Jonathan on I Samuel 28:8"
"targum-jonathan-on-i-samuel","Targum Jonathan on I Samuel","tok-3f6934582898","דְאִינוּן","דאינונ","Unresolved","","No lexical entry yet","true","1","Targum Jonathan on I Samuel 12:21"
"targum-jonathan-on-i-samuel","Targum Jonathan on I Samuel","tok-479049d2643a","דְאִיסָדוֹהִי","דאיסדוהי","Unresolved","","No lexical entry yet","true","1","Targum Jonathan on I Samuel 26:16"
"targum-jonathan-on-i-samuel","Targum Jonathan on I Samuel","tok-e046dc07d766","דְאִית","דאית","Unresolved","","No lexical entry yet","true","2","Targum Jonathan on I Samuel 2:9; Targum Jonathan on I Samuel 17:46"
"targum-jonathan-on-i-samuel","Targum Jonathan on I Samuel","tok-379e41c20d26","דְאַיְתִיאַת","דאיתיאת","Unresolved","","No lexical entry yet","true","2","Targum Jonathan on I Samuel 25:27; Targum Jonathan on I Samuel 25:35"
"targum-jonathan-on-i-samuel","Targum Jonathan on I Samuel","tok-fe6dfbd402b8","דְאָכְלַת","דאכלת","Unresolved","","No lexical entry yet","true","1","Targum Jonathan on I Samuel 1:9"
"targum-jonathan-on-i-samuel","Targum Jonathan on I Samuel","tok-b87911562b44","דֶאֱלָהָכוֹן","דאלהכונ","Unresolved","","No lexical entry yet","true","1","Targum Jonathan on I Samuel 10:19"
"targum-jonathan-on-i-samuel","Targum Jonathan on I Samuel","tok-72e2d16759c3","דֶאֱלִיאָב","דאליאב","Unresolved","","No lexical entry yet","true","1","Targum Jonathan on I Samuel 17:28"
"targum-jonathan-on-i-samuel","Targum Jonathan on I Samuel","tok-b2448ede207e","דַאֲמַר","דאמר","Unresolved","","No lexical entry yet","true","4","Targum Jonathan on I Samuel 13:8; Targum Jonathan on I Samuel 15:29; Targum Jonathan on I Samuel 20:35; Targum Jonathan on I Samuel 24:5"
"targum-jonathan-on-i-samuel","Targum Jonathan on I Samuel","tok-fbf807c33833","דְאָמְרִין","דאמרינ","Unresolved","","No lexical entry yet","true","3","Targum Jonathan on I Samuel 15:29; Targum Jonathan on I Samuel 24:10; Targum Jonathan on I Samuel 24:14"
"targum-jonathan-on-i-samuel","Targum Jonathan on I Samuel","tok-9d62674580c6","דַאֲמָרִית","דאמרית","Unresolved","","No lexical entry yet","true","3","Targum Jonathan on I Samuel 9:17; Targum Jonathan on I Samuel 9:23; Targum Jonathan on I Samuel 17:29"
"targum-jonathan-on-i-samuel","Targum Jonathan on I Samuel","tok-e57dced10993","דַאֲנָא","דאנא","Unresolved","","No lexical entry yet","true","4","Targum Jonathan on I Samuel 15:14; Targum Jonathan on I Samuel 20:14; Targum Jonathan on I Samuel 20:36; Targum Jonathan on I Samuel 21:3"
"targum-jonathan-on-i-samuel","Targum Jonathan on I Samuel","tok-b35db4522213","דֶאֱנָשָׁא","דאנשא","Unresolved","","No lexical entry yet","true","1","Targum Jonathan on I Samuel 17:32"
"targum-jonathan-on-i-samuel","Targum Jonathan on I Samuel","tok-fd378aa3c029","דְאַסְגֵי","דאסגי","Unresolved","","No lexical entry yet","true","1","Targum Jonathan on I Samuel 12:24"
"targum-jonathan-on-i-samuel","Targum Jonathan on I Samuel","tok-530f568d47dd","דְאַסְחָרוּ","דאסחרו","Unresolved","","No lexical entry yet","true","1","Targum Jonathan on I Samuel 5:9"
"targum-jonathan-on-i-samuel","Targum Jonathan on I Samuel","tok-9c8a53681b69","דְאַסְקֵית","דאסקית","Unresolved","","No lexical entry yet","true","1","Targum Jonathan on I Samuel 8:8"
"targum-jonathan-on-i-samuel","Targum Jonathan on I Samuel","tok-88f194a9c2f0","דְאַעְבִּיד","דאעביד","Unresolved","","No lexical entry yet","true","1","Targum Jonathan on I Samuel 15:29"
"targum-jonathan-on-i-samuel","Targum Jonathan on I Samuel","tok-1f8a74e959d6","דְאַרְיָא","דאריא","Unresolved","","No lexical entry yet","true","1","Targum Jonathan on I Samuel 17:37"
"targum-jonathan-on-i-samuel","Targum Jonathan on I Samuel","tok-b541ed9f7978","דְאַרְעָא","דארעא","Unresolved","","No lexical entry yet","true","4","Targum Jonathan on I Samuel 14:29; Targum Jonathan on I Samuel 17:8; Targum Jonathan on I Samuel 17:44; Targum Jonathan on I Samuel 21:12"
"targum-jonathan-on-i-samuel","Targum Jonathan on I Samuel","tok-120b3685a9c3","דְאַשְׁדוֹד","דאשדוד","Unresolved","","No lexical entry yet","true","1","Targum Jonathan on I Samuel 6:17"
"targum-jonathan-on-i-samuel","Targum Jonathan on I Samuel","tok-fe03360b6ecd","דְאִשְׁכַּח","דאשכח","Unresolved","","No lexical entry yet","true","1","Targum Jonathan on I Samuel 14:30"
"targum-jonathan-on-i-samuel","Targum Jonathan on I Samuel","tok-85e89f4241d9","דְאַשְׁקְלוֹן","דאשקלונ","Unresolved","","No lexical entry yet","true","1","Targum Jonathan on I Samuel 6:17"
"targum-jonathan-on-i-samuel","Targum Jonathan on I Samuel","tok-a6c09560f415","דְאִשְׁתָּאַר","דאשתאר","Unresolved","","No lexical entry yet","true","1","Targum Jonathan on I Samuel 9:24"
"targum-jonathan-on-i-samuel","Targum Jonathan on I Samuel","tok-baf450fc9ca1","דְאִשְׁתָּאֲרוֹ","דאשתארו","Unresolved","","No lexical entry yet","true","1","Targum Jonathan on I Samuel 11:11"
"targum-jonathan-on-i-samuel","Targum Jonathan on I Samuel","tok-c33d46c26fc5","דְאִשְׁתָּאֲרוּ","דאשתארו","Unresolved","","No lexical entry yet","true","1","Targum Jonathan on I Samuel 30:24"
"targum-jonathan-on-i-samuel","Targum Jonathan on I Samuel","tok-536733e1fc0b","דְאִשְׁתְּבִי","דאשתבי","Unresolved","","No lexical entry yet","true","2","Targum Jonathan on I Samuel 4:19; Targum Jonathan on I Samuel 4:21"
"targum-jonathan-on-i-samuel","Targum Jonathan on I Samuel","tok-b4e6834fd5cc","דְאִשְׁתְּכַח","דאשתכח","Unresolved","","No lexical entry yet","true","2","Targum Jonathan on I Samuel 13:16; Targum Jonathan on I Samuel 21:4"
"targum-jonathan-on-i-samuel","Targum Jonathan on I Samuel","tok-89c5ee115cf6","דְאִשְׁתְּכָּחוּ","דאשתכחו","Unresolved","","No lexical entry yet","true","1","Targum Jonathan on I Samuel 13:15"
"targum-jonathan-on-i-samuel","Targum Jonathan on I Samuel","tok-e27f1e9f65a7","דְאִשְׁתַּעְבְּדוּ","דאשתעבדו","Unresolved","","No lexical entry yet","true","1","Targum Jonathan on I Samuel 4:9"
"targum-jonathan-on-i-samuel","Targum Jonathan on I Samuel","tok-3190895db558","דְאַתְּ","דאת","Unresolved","","No lexical entry yet","true","2","Targum Jonathan on I Samuel 17:43; Targum Jonathan on I Samuel 19:3"
"targum-jonathan-on-i-samuel","Targum Jonathan on I Samuel","tok-bb377465b656","דַאֲתָא","דאתא","Unresolved","","No lexical entry yet","true","1","Targum Jonathan on I Samuel 19:23"
"targum-jonathan-on-i-samuel","Targum Jonathan on I Samuel","tok-16e6f27272bf","דַאֲתוֹ","דאתו","Unresolved","","No lexical entry yet","true","2","Targum Jonathan on I Samuel 11:9; Targum Jonathan on I Samuel 29:10"
"targum-jonathan-on-i-samuel","Targum Jonathan on I Samuel","tok-af153cec593b","דְאַתּוּב","דאתוב","Unresolved","","No lexical entry yet","true","1","Targum Jonathan on I Samuel 2:2"
"targum-jonathan-on-i-samuel","Targum Jonathan on I Samuel","tok-aaabaf3bbd1c","דַאֲתִיבוּ","דאתיבו","Unresolved","","No lexical entry yet","true","1","Targum Jonathan on I Samuel 6:17"
"targum-jonathan-on-i-samuel","Targum Jonathan on I Samuel","tok-f13a061e537b","דַאֲתֵיבְתּוּן","דאתיבתונ","Unresolved","","No lexical entry yet","true","1","Targum Jonathan on I Samuel 6:8"
"targum-jonathan-on-i-samuel","Targum Jonathan on I Samuel","tok-e9c9411c7e8e","דְאִתְיְהַב","דאתיהב","Unresolved","","No lexical entry yet","true","1","Targum Jonathan on I Samuel 10:26"
"targum-jonathan-on-i-samuel","Targum Jonathan on I Samuel","tok-9b6a7060368c","דְאַתְיָן","דאתינ","Unresolved","","No lexical entry yet","true","1","Targum Jonathan on I Samuel 2:22"
"targum-jonathan-on-i-samuel","Targum Jonathan on I Samuel","tok-abdb39b051b3","דַאֲתֵיתָא","דאתיתא","Unresolved","","No lexical entry yet","true","1","Targum Jonathan on I Samuel 29:6"
"targum-jonathan-on-i-samuel","Targum Jonathan on I Samuel","tok-5e7009ea0688","דְאִתְכְּלַת","דאתכלת","Unresolved","","No lexical entry yet","true","1","Targum Jonathan on I Samuel 15:33"
"targum-jonathan-on-i-samuel","Targum Jonathan on I Samuel","tok-30eacdb8d1b7","דְאִתְמַלֵל","דאתמלל","Unresolved","","No lexical entry yet","true","1","Targum Jonathan on I Samuel 15:16"
"targum-jonathan-on-i-samuel","Targum Jonathan on I Samuel","tok-b27d12c28718","דְאִתְמְנִיעוּ","דאתמניעו","Unresolved","","No lexical entry yet","true","1","Targum Jonathan on I Samuel 30:21"
"targum-jonathan-on-i-samuel","Targum Jonathan on I Samuel","tok-067a78033a40","דְאִתְמְנָעוּ","דאתמנעו","Unresolved","","No lexical entry yet","true","1","Targum Jonathan on I Samuel 30:10"
"targum-jonathan-on-i-samuel","Targum Jonathan on I Samuel","tok-3068479bba54","דְאָתָן","דאתנ","Unresolved","","No lexical entry yet","true","2","Targum Jonathan on I Samuel 2:10; Targum Jonathan on I Samuel 2:14"
"targum-jonathan-on-i-samuel","Targum Jonathan on I Samuel","tok-a0938b0481ec","דַאֲתָנָא","דאתנא","Unresolved","","No lexical entry yet","true","1","Targum Jonathan on I Samuel 9:6"
"targum-jonathan-on-i-samuel","Targum Jonathan on I Samuel","tok-69bfa8bb2364","דְאִתְנַבֵּי","דאתנבי","Unresolved","","No lexical entry yet","true","1","Targum Jonathan on I Samuel 9:6"
"targum-jonathan-on-i-samuel","Targum Jonathan on I Samuel","tok-4e573c2ccfc2","דְאִתְעַתָּדַת","דאתעתדת","Unresolved","","No lexical entry yet","true","1","Targum Jonathan on I Samuel 1:26"
"targum-jonathan-on-i-samuel","Targum Jonathan on I Samuel","tok-78b433d2b2e9","דְאִתְפְּלֵיג","דאתפליג","Unresolved","","No lexical entry yet","true","1","Targum Jonathan on I Samuel 23:28"
"targum-jonathan-on-i-samuel","Targum Jonathan on I Samuel","tok-c17c40dcd3de","דְאִתְפְּרַע","דאתפרע","Unresolved","","No lexical entry yet","true","1","Targum Jonathan on I Samuel 14:24"
"targum-jonathan-on-i-samuel","Targum Jonathan on I Samuel","tok-e7d485bb2cad","דְאִתְפְרַשׁ","דאתפרש","Unresolved","","No lexical entry yet","true","1","Targum Jonathan on I Samuel 29:3"
"targum-jonathan-on-i-samuel","Targum Jonathan on I Samuel","tok-b29d811475de","דְאַתְקֵינִית","דאתקינית","Unresolved","","No lexical entry yet","true","1","Targum Jonathan on I Samuel 25:11"
"targum-jonathan-on-i-samuel","Targum Jonathan on I Samuel","tok-2c845f46ddfb","דְאִתְרְעִיתוּן","דאתרעיתונ","Unresolved","","No lexical entry yet","true","2","Targum Jonathan on I Samuel 8:18; Targum Jonathan on I Samuel 12:13"
"targum-jonathan-on-i-samuel","Targum Jonathan on I Samuel","tok-721a38cd0b1b","דְאָתַת","דאתת","Unresolved","","No lexical entry yet","true","1","Targum Jonathan on I Samuel 30:23"
"targum-jonathan-on-i-samuel","Targum Jonathan on I Samuel","tok-e3a95205f91a","דֻבָּא","דבא","Unresolved","","No lexical entry yet","true","1","Targum Jonathan on I Samuel 17:36"
"targum-jonathan-on-i-samuel","Targum Jonathan on I Samuel","tok-0806eb5caab8","דְבַב","דבב","Unresolved","","No lexical entry yet","true","1","Targum Jonathan on I Samuel 18:29"
"targum-jonathan-on-i-samuel","Targum Jonathan on I Samuel","tok-f9cf420689bf","דְבָבָא","דבבא","Unresolved","","No lexical entry yet","true","1","Targum Jonathan on I Samuel 2:10"
"targum-jonathan-on-i-samuel","Targum Jonathan on I Samuel","tok-ad6329035af9","דְבָבוֹהִי","דבבוהי","Unresolved","","No lexical entry yet","true","2","Targum Jonathan on I Samuel 14:30; Targum Jonathan on I Samuel 14:47"
"targum-jonathan-on-i-samuel","Targum Jonathan on I Samuel","tok-4a089b129503","דְבָבִי","דבבי","Unresolved","","No lexical entry yet","true","1","Targum Jonathan on I Samuel 19:17"
"targum-jonathan-on-i-samuel","Targum Jonathan on I Samuel","tok-cd57ebbcacd3","דְבָבַי","דבבי","Unresolved","","No lexical entry yet","true","2","Targum Jonathan on I Samuel 2:1; Targum Jonathan on I Samuel 14:24"
"targum-jonathan-on-i-samuel","Targum Jonathan on I Samuel","tok-6680842fa46c","דְבָבֵיהּ","דבביה","Unresolved","","No lexical entry yet","true","2","Targum Jonathan on I Samuel 24:20; Targum Jonathan on I Samuel 28:16"
"targum-jonathan-on-i-samuel","Targum Jonathan on I Samuel","tok-0e200f6a06f7","דְבָבֵיכוֹן","דבביכונ","Unresolved","","No lexical entry yet","true","1","Targum Jonathan on I Samuel 12:11"
"targum-jonathan-on-i-samuel","Targum Jonathan on I Samuel","tok-032020a6abc0","דְבָבָךְ","דבבכ","Unresolved","","No lexical entry yet","true","3","Targum Jonathan on I Samuel 24:5; Targum Jonathan on I Samuel 25:29; Targum Jonathan on I Samuel 26:8"
"targum-jonathan-on-i-samuel","Targum Jonathan on I Samuel","tok-263ade12fa0d","דְבָבֶל","דבבל","Unresolved","","No lexical entry yet","true","1","Targum Jonathan on I Samuel 2:3"
"targum-jonathan-on-i-samuel","Targum Jonathan on I Samuel","tok-44dbe95f0c3b","דְבָבָנָא","דבבנא","Unresolved","","No lexical entry yet","true","2","Targum Jonathan on I Samuel 4:3; Targum Jonathan on I Samuel 12:10"
"targum-jonathan-on-i-samuel","Targum Jonathan on I Samuel","tok-f89f113226b1","דְבָּהּ","דבה","Unresolved","","No lexical entry yet","true","1","Targum Jonathan on I Samuel 9:5"
"targum-jonathan-on-i-samuel","Targum Jonathan on I Samuel","tok-ed10216169ed","דְבוּץ","דבוצ","Unresolved","","No lexical entry yet","true","2","Targum Jonathan on I Samuel 2:18; Targum Jonathan on I Samuel 22:18"
"targum-jonathan-on-i-samuel","Targum Jonathan on I Samuel","tok-deac48dcc897","דְבַח","דבח","Unresolved","","No lexical entry yet","true","2","Targum Jonathan on I Samuel 1:21; Targum Jonathan on I Samuel 2:19"
"targum-jonathan-on-i-samuel","Targum Jonathan on I Samuel","tok-4e1ec9a4d4b6","דְבִידִי","דבידי","Unresolved","","No lexical entry yet","true","1","Targum Jonathan on I Samuel 14:43"
"targum-jonathan-on-i-samuel","Targum Jonathan on I Samuel","tok-5d2b94f2c605","דְבִידֵיהּ","דבידיה","Unresolved","","No lexical entry yet","true","1","Targum Jonathan on I Samuel 14:27"
"targum-jonathan-on-i-samuel","Targum Jonathan on I Samuel","tok-79ebf34b1bf8","דְבִישׁ","דביש","Unresolved","","No lexical entry yet","true","1","Targum Jonathan on I Samuel 15:19"
"targum-jonathan-on-i-samuel","Targum Jonathan on I Samuel","tok-c2df6588c62f","דְבֵית","דבית","Unresolved","","No lexical entry yet","true","25","Targum Jonathan on I Samuel 1:1; Targum Jonathan on I Samuel 9:1; Targum Jonathan on I Samuel 9:4; Targum Jonathan on I Samuel 10:20; Targum Jonathan on I Samuel 13:2"
"targum-jonathan-on-i-samuel","Targum Jonathan on I Samuel","tok-463c95a91a0a","דְבֵלְתָּא","דבלתא","Unresolved","","No lexical entry yet","true","1","Targum Jonathan on I Samuel 30:12"
"targum-jonathan-on-i-samuel","Targum Jonathan on I Samuel","tok-db890f60cdc8","דְבֵלָתָא","דבלתא","Unresolved","","No lexical entry yet","true","1","Targum Jonathan on I Samuel 25:18"
"targum-jonathan-on-i-samuel","Targum Jonathan on I Samuel","tok-a79994ea08a7","דִבְמַשִׁרְיַת","דבמשרית","Unresolved","","No lexical entry yet","true","1","Targum Jonathan on I Samuel 14:19"
"targum-jonathan-on-i-samuel","Targum Jonathan on I Samuel","tok-80ae06574eac","דִבְנֵי","דבני","Unresolved","","No lexical entry yet","true","4","Targum Jonathan on I Samuel 2:28; Targum Jonathan on I Samuel 11:1; Targum Jonathan on I Samuel 11:2; Targum Jonathan on I Samuel 12:12"
"targum-jonathan-on-i-samuel","Targum Jonathan on I Samuel","tok-dcc0b0e3071b","דְבִנְיָמִין","דבנימינ","Unresolved","","No lexical entry yet","true","3","Targum Jonathan on I Samuel 10:21; Targum Jonathan on I Samuel 13:15; Targum Jonathan on I Samuel 15:17"
"targum-jonathan-on-i-samuel","Targum Jonathan on I Samuel","tok-2176c0196aa6","דְבִנְיָמִן","דבנימנ","Unresolved","","No lexical entry yet","true","1","Targum Jonathan on I Samuel 4:12"
"targum-jonathan-on-i-samuel","Targum Jonathan on I Samuel","tok-576390cdfcf6","דִבְעָא","דבעא","Unresolved","","No lexical entry yet","true","1","Targum Jonathan on I Samuel 14:4"
"targum-jonathan-on-i-samuel","Targum Jonathan on I Samuel","tok-4662c8c1db51","דִבְּעִבְרָא","דבעברא","Unresolved","","No lexical entry yet","true","1","Targum Jonathan on I Samuel 31:7"
"targum-jonathan-on-i-samuel","Targum Jonathan on I Samuel","tok-45b942bc8cef","דְבָעֵי","דבעי","Unresolved","","No lexical entry yet","true","1","Targum Jonathan on I Samuel 22:23"
"targum-jonathan-on-i-samuel","Targum Jonathan on I Samuel","tok-5758c836ee4f","דִבְעִית","דבעית","Unresolved","","No lexical entry yet","true","1","Targum Jonathan on I Samuel 1:27"
"targum-jonathan-on-i-samuel","Targum Jonathan on I Samuel","tok-81f685c235be","דִבְּעִית","דבעית","Unresolved","","No lexical entry yet","true","1","Targum Jonathan on I Samuel 1:17"
"targum-jonathan-on-i-samuel","Targum Jonathan on I Samuel","tok-0afd3446652e","דְבַרְזֶל","דברזל","Unresolved","","No lexical entry yet","true","1","Targum Jonathan on I Samuel 13:21"
"targum-jonathan-on-i-samuel","Targum Jonathan on I Samuel","tok-49fc8def7ec7","דַבָּרִית","דברית","Unresolved","","No lexical entry yet","true","1","Targum Jonathan on I Samuel 12:3"
"targum-jonathan-on-i-samuel","Targum Jonathan on I Samuel","tok-ba8bac458718","דִבְשׂוֹר","דבשור","Unresolved","","No lexical entry yet","true","3","Targum Jonathan on I Samuel 30:9; Targum Jonathan on I Samuel 30:10; Targum Jonathan on I Samuel 30:21"
"targum-jonathan-on-i-samuel","Targum Jonathan on I Samuel","tok-f340cd98862e","דִבְשָׁלוּ","דבשלו","Unresolved","","No lexical entry yet","true","1","Targum Jonathan on I Samuel 14:45"
"targum-jonathan-on-i-samuel","Targum Jonathan on I Samuel","tok-d35542236776","דְבַתְרוֹהִי","דבתרוהי","Unresolved","","No lexical entry yet","true","7","Targum Jonathan on I Samuel 5:3; Targum Jonathan on I Samuel 5:4; Targum Jonathan on I Samuel 11:11; Targum Jonathan on I Samuel 18:10; Targum Jonathan on I Samuel 20:27"
"targum-jonathan-on-i-samuel","Targum Jonathan on I Samuel","tok-44dcf9d32d2c","דִגְבַר","דגבר","Unresolved","","No lexical entry yet","true","1","Targum Jonathan on I Samuel 21:15"
"targum-jonathan-on-i-samuel","Targum Jonathan on I Samuel","tok-b91279b854f0","דְגַבְרָא","דגברא","Unresolved","","No lexical entry yet","true","1","Targum Jonathan on I Samuel 28:16"
"targum-jonathan-on-i-samuel","Targum Jonathan on I Samuel","tok-723e168e3724","דְגִבָּרֵי","דגברי","Unresolved","","No lexical entry yet","true","1","Targum Jonathan on I Samuel 2:4"
"targum-jonathan-on-i-samuel","Targum Jonathan on I Samuel","tok-97fc7bcc18f2","דָגוֹן","דגונ","Unresolved","","No lexical entry yet","true","11","Targum Jonathan on I Samuel 5:2; Targum Jonathan on I Samuel 5:3; Targum Jonathan on I Samuel 5:4; Targum Jonathan on I Samuel 5:5; Targum Jonathan on I Samuel 5:7"
"targum-jonathan-on-i-samuel","Targum Jonathan on I Samuel","tok-a44256be1564","דְגַיְא","דגיא","Unresolved","","No lexical entry yet","true","1","Targum Jonathan on I Samuel 17:52"
"targum-jonathan-on-i-samuel","Targum Jonathan on I Samuel","tok-aed43c1a0063","דְגִלְבּוֹעַ","דגלבוע","Unresolved","","No lexical entry yet","true","2","Targum Jonathan on I Samuel 31:1; Targum Jonathan on I Samuel 31:8"
"targum-jonathan-on-i-samuel","Targum Jonathan on I Samuel","tok-3ffbd7eb899b","דְגָלְיַת","דגלית","Unresolved","","No lexical entry yet","true","2","Targum Jonathan on I Samuel 21:10; Targum Jonathan on I Samuel 22:10"
"targum-jonathan-on-i-samuel","Targum Jonathan on I Samuel","tok-eca7527ebed7","דְגַרְדָאִין","דגרדאינ","Unresolved","","No lexical entry yet","true","1","Targum Jonathan on I Samuel 17:7"
"targum-jonathan-on-i-samuel","Targum Jonathan on I Samuel","tok-2e1d1a3d5ba5","דְגַת","דגת","Unresolved","","No lexical entry yet","true","2","Targum Jonathan on I Samuel 6:17; Targum Jonathan on I Samuel 27:2"
"targum-jonathan-on-i-samuel","Targum Jonathan on I Samuel","tok-23910969c18d","דְגָת","דגת","Unresolved","","No lexical entry yet","true","2","Targum Jonathan on I Samuel 21:11; Targum Jonathan on I Samuel 21:13"
"targum-jonathan-on-i-samuel","Targum Jonathan on I Samuel","tok-1a03d1df0a27","דְדַבַּח","דדבח","Unresolved","","No lexical entry yet","true","1","Targum Jonathan on I Samuel 2:15"
"targum-jonathan-on-i-samuel","Targum Jonathan on I Samuel","tok-9d5ed168af1e","דְדוּבָּא","דדובא","Unresolved","","No lexical entry yet","true","1","Targum Jonathan on I Samuel 17:37"
"targum-jonathan-on-i-samuel","Targum Jonathan on I Samuel","tok-d431e851fa34","דְדוּבְשָׁא","דדובשא","Unresolved","","No lexical entry yet","true","1","Targum Jonathan on I Samuel 14:27"
"targum-jonathan-on-i-samuel","Targum Jonathan on I Samuel","tok-b71e2741f74d","דְדָוִד","דדוד","Unresolved","","No lexical entry yet","true","9","Targum Jonathan on I Samuel 17:50; Targum Jonathan on I Samuel 18:1; Targum Jonathan on I Samuel 18:28; Targum Jonathan on I Samuel 20:25; Targum Jonathan on I Samuel 20:27"
"targum-jonathan-on-i-samuel","Targum Jonathan on I Samuel","tok-a349d748c9ec","דְדַחֲקִין","דדחקינ","Unresolved","","No lexical entry yet","true","1","Targum Jonathan on I Samuel 10:18"
"targum-jonathan-on-i-samuel","Targum Jonathan on I Samuel","tok-07d467120d21","דְדָן","דדנ","Unresolved","","No lexical entry yet","true","1","Targum Jonathan on I Samuel 25:39"
"targum-jonathan-on-i-samuel","Targum Jonathan on I Samuel","tok-17c8e90999b2","דַהֲבָא","דהבא","Unresolved","","No lexical entry yet","true","7","Targum Jonathan on I Samuel 6:4; Targum Jonathan on I Samuel 6:8; Targum Jonathan on I Samuel 6:11; Targum Jonathan on I Samuel 6:15; Targum Jonathan on I Samuel 6:17"
"targum-jonathan-on-i-samuel","Targum Jonathan on I Samuel","tok-7a42caf17acc","דְהוּא","דהוא","Unresolved","","No lexical entry yet","true","5","Targum Jonathan on I Samuel 1:28; Targum Jonathan on I Samuel 2:6; Targum Jonathan on I Samuel 10:19; Targum Jonathan on I Samuel 18:15; Targum Jonathan on I Samuel 20:27"
"targum-jonathan-on-i-samuel","Targum Jonathan on I Samuel","tok-9e046ec74a7a","דַהֲוָה","דהוה","Unresolved","","No lexical entry yet","true","5","Targum Jonathan on I Samuel 6:9; Targum Jonathan on I Samuel 20:13; Targum Jonathan on I Samuel 22:4; Targum Jonathan on I Samuel 27:11; Targum Jonathan on I Samuel 29:3"
"targum-jonathan-on-i-samuel","Targum Jonathan on I Samuel","tok-7fee39eafb05","דַהֲווֹ","דהוו","Unresolved","","No lexical entry yet","true","5","Targum Jonathan on I Samuel 2:4; Targum Jonathan on I Samuel 2:5; Targum Jonathan on I Samuel 17:8; Targum Jonathan on I Samuel 25:7"
"targum-jonathan-on-i-samuel","Targum Jonathan on I Samuel","tok-48ea90404ee4","דַהֲוֵינָא","דהוינא","Unresolved","","No lexical entry yet","true","1","Targum Jonathan on I Samuel 25:16"
"targum-jonathan-on-i-samuel","Targum Jonathan on I Samuel","tok-f049cc737e5c","דַהֲוֵיתִי","דהויתי","Unresolved","","No lexical entry yet","true","1","Targum Jonathan on I Samuel 29:8"
"targum-jonathan-on-i-samuel","Targum Jonathan on I Samuel","tok-024c13a8aee8","דַהֲוַת","דהות","Unresolved","","No lexical entry yet","true","3","Targum Jonathan on I Samuel 2:5; Targum Jonathan on I Samuel 12:15; Targum Jonathan on I Samuel 16:14"
"targum-jonathan-on-i-samuel","Targum Jonathan on I Samuel","tok-3300dcefcd83","דְהֵיכְלָא","דהיכלא","Unresolved","","No lexical entry yet","true","1","Targum Jonathan on I Samuel 1:9"
"targum-jonathan-on-i-samuel","Targum Jonathan on I Samuel","tok-7df23fa6c9c9","דְהָמָן","דהמנ","Unresolved","","No lexical entry yet","true","1","Targum Jonathan on I Samuel 2:5"
"targum-jonathan-on-i-samuel","Targum Jonathan on I Samuel","tok-577e7fc3804d","דוֹאֵג","דואג","Unresolved","","No lexical entry yet","true","4","Targum Jonathan on I Samuel 21:8; Targum Jonathan on I Samuel 22:9; Targum Jonathan on I Samuel 22:18; Targum Jonathan on I Samuel 22:22"
"targum-jonathan-on-i-samuel","Targum Jonathan on I Samuel","tok-78b681c16dc7","דוּבָּא","דובא","Unresolved","","No lexical entry yet","true","1","Targum Jonathan on I Samuel 17:34"
"targum-jonathan-on-i-samuel","Targum Jonathan on I Samuel","tok-a8849de7818f","דוּבְשָׁא","דובשא","Unresolved","","No lexical entry yet","true","4","Targum Jonathan on I Samuel 14:25; Targum Jonathan on I Samuel 14:26; Targum Jonathan on I Samuel 14:29; Targum Jonathan on I Samuel 14:43"
"targum-jonathan-on-i-samuel","Targum Jonathan on I Samuel","tok-c9e4b9522042","דוֹחֲקָא","דוחקא","Unresolved","","No lexical entry yet","true","1","Targum Jonathan on I Samuel 9:16"
"targum-jonathan-on-i-samuel","Targum Jonathan on I Samuel","tok-13823c41a786","דְזִיף","דזיפ","Unresolved","","No lexical entry yet","true","4","Targum Jonathan on I Samuel 23:14; Targum Jonathan on I Samuel 23:15; Targum Jonathan on I Samuel 26:2"
"targum-jonathan-on-i-samuel","Targum Jonathan on I Samuel","tok-6b703faea955","דְחַבְתּוּן","דחבתונ","Unresolved","","No lexical entry yet","true","1","Targum Jonathan on I Samuel 2:32"
"targum-jonathan-on-i-samuel","Targum Jonathan on I Samuel","tok-1eb5276ea76e","דְחַגְרָא","דחגרא","Unresolved","","No lexical entry yet","true","2","Targum Jonathan on I Samuel 15:7; Targum Jonathan on I Samuel 27:8"
"targum-jonathan-on-i-samuel","Targum Jonathan on I Samuel","tok-11ff0bd69f28","דְחָדִיאוּ","דחדיאו","Unresolved","","No lexical entry yet","true","1","Targum Jonathan on I Samuel 6:19"
"targum-jonathan-on-i-samuel","Targum Jonathan on I Samuel","tok-3b66ce00ccf0","דְחַוֵי","דחוי","Unresolved","","No lexical entry yet","true","1","Targum Jonathan on I Samuel 22:8"
"targum-jonathan-on-i-samuel","Targum Jonathan on I Samuel","tok-dd43c50184da","דְחוֹלָא","דחולא","Unresolved","","No lexical entry yet","true","1","Targum Jonathan on I Samuel 20:19"
"targum-jonathan-on-i-samuel","Targum Jonathan on I Samuel","tok-3ca5f54d1ae1","דַחֲזוֹ","דחזו","Unresolved","","No lexical entry yet","true","1","Targum Jonathan on I Samuel 6:19"
"targum-jonathan-on-i-samuel","Targum Jonathan on I Samuel","tok-919b10528967","דַחֲזֵי","דחזי","Unresolved","","No lexical entry yet","true","1","Targum Jonathan on I Samuel 26:12"
"targum-jonathan-on-i-samuel","Targum Jonathan on I Samuel","tok-3b66c7fe5a81","דְחָזָן","דחזנ","Unresolved","","No lexical entry yet","true","1","Targum Jonathan on I Samuel 16:7"
"targum-jonathan-on-i-samuel","Targum Jonathan on I Samuel","tok-bab7480a8a25","דְחֵיל","דחיל","Unresolved","","No lexical entry yet","true","1","Targum Jonathan on I Samuel 14:26"
"targum-jonathan-on-i-samuel","Targum Jonathan on I Samuel","tok-78096c644702","דָחִיל","דחיל","Unresolved","","No lexical entry yet","true","1","Targum Jonathan on I Samuel 31:4"
"targum-jonathan-on-i-samuel","Targum Jonathan on I Samuel","tok-c42c27c025ba","דָחֵיל","דחיל","Unresolved","","No lexical entry yet","true","1","Targum Jonathan on I Samuel 3:15"
"targum-jonathan-on-i-samuel","Targum Jonathan on I Samuel","tok-6026e53c0ec6","דְחִילוּ","דחילו","Unresolved","","No lexical entry yet","true","1","Targum Jonathan on I Samuel 12:24"
"targum-jonathan-on-i-samuel","Targum Jonathan on I Samuel","tok-7336fa8e53e3","דַחֲכִילָה","דחכילה","Unresolved","","No lexical entry yet","true","1","Targum Jonathan on I Samuel 26:1"
"targum-jonathan-on-i-samuel","Targum Jonathan on I Samuel","tok-19b50e0cf719","דַחֲלָא","דחלא","Unresolved","","No lexical entry yet","true","1","Targum Jonathan on I Samuel 10:26"
"targum-jonathan-on-i-samuel","Targum Jonathan on I Samuel","tok-dbb0bcd49a5e","דַחֲלָבָא","דחלבא","Unresolved","","No lexical entry yet","true","2","Targum Jonathan on I Samuel 7:9; Targum Jonathan on I Samuel 17:18"
"targum-jonathan-on-i-samuel","Targum Jonathan on I Samuel","tok-492460da7ca6","דַחֲלֵי","דחלי","Unresolved","","No lexical entry yet","true","1","Targum Jonathan on I Samuel 10:26"
"targum-jonathan-on-i-samuel","Targum Jonathan on I Samuel","tok-b2cafd123c02","דַחֲלִין","דחלינ","Unresolved","","No lexical entry yet","true","1","Targum Jonathan on I Samuel 23:3"
"targum-jonathan-on-i-samuel","Targum Jonathan on I Samuel","tok-9e898f7acd09","דְחֵלִית","דחלית","Unresolved","","No lexical entry yet","true","1","Targum Jonathan on I Samuel 15:24"
"targum-jonathan-on-i-samuel","Targum Jonathan on I Samuel","tok-ac6caf8e4708","דַחֲמַר","דחמר","Unresolved","","No lexical entry yet","true","2","Targum Jonathan on I Samuel 1:24; Targum Jonathan on I Samuel 25:18"
"targum-jonathan-on-i-samuel","Targum Jonathan on I Samuel","tok-c2196586c531","דַחֲמָר","דחמר","Unresolved","","No lexical entry yet","true","2","Targum Jonathan on I Samuel 10:3; Targum Jonathan on I Samuel 16:20"
"targum-jonathan-on-i-samuel","Targum Jonathan on I Samuel","tok-9391c7b02c0b","דְחַנָה","דחנה","Unresolved","","No lexical entry yet","true","1","Targum Jonathan on I Samuel 2:21"
"targum-jonathan-on-i-samuel","Targum Jonathan on I Samuel","tok-0cfb2a4b5d8d","דְחַס","דחס","Unresolved","","No lexical entry yet","true","1","Targum Jonathan on I Samuel 15:15"
"targum-jonathan-on-i-samuel","Targum Jonathan on I Samuel","tok-5b209aa01ad8","דַחֲסַדְתָּא","דחסדתא","Unresolved","","No lexical entry yet","true","1","Targum Jonathan on I Samuel 17:45"
"targum-jonathan-on-i-samuel","Targum Jonathan on I Samuel","tok-5a49f147aa54","דַחֲסִילַת","דחסילת","Unresolved","","No lexical entry yet","true","1","Targum Jonathan on I Samuel 1:23"
"targum-jonathan-on-i-samuel","Targum Jonathan on I Samuel","tok-c9745302802f","דְחָצוֹר","דחצור","Unresolved","","No lexical entry yet","true","1","Targum Jonathan on I Samuel 12:9"
"targum-jonathan-on-i-samuel","Targum Jonathan on I Samuel","tok-4c2a7d086346","דְחָרֶב","דחרב","Unresolved","","No lexical entry yet","true","3","Targum Jonathan on I Samuel 15:8; Targum Jonathan on I Samuel 22:19"
"targum-jonathan-on-i-samuel","Targum Jonathan on I Samuel","tok-343d15504140","דְחָרֶת","דחרת","Unresolved","","No lexical entry yet","true","1","Targum Jonathan on I Samuel 22:5"
"targum-jonathan-on-i-samuel","Targum Jonathan on I Samuel","tok-3d58f10ebf3e","דְטַב","דטב","Unresolved","","No lexical entry yet","true","2","Targum Jonathan on I Samuel 15:9; Targum Jonathan on I Samuel 27:1"
"targum-jonathan-on-i-samuel","Targum Jonathan on I Samuel","tok-c59aa96d9c60","דְטָעוּ","דטעו","Unresolved","","No lexical entry yet","true","1","Targum Jonathan on I Samuel 15:23"
"targum-jonathan-on-i-samuel","Targum Jonathan on I Samuel","tok-2eb979ae78ae","דְיָדַע","דידע","Unresolved","","No lexical entry yet","true","1","Targum Jonathan on I Samuel 16:16"
"targum-jonathan-on-i-samuel","Targum Jonathan on I Samuel","tok-5a2fef209163","דִידַע","דידע","Unresolved","","No lexical entry yet","true","3","Targum Jonathan on I Samuel 3:13; Targum Jonathan on I Samuel 10:11; Targum Jonathan on I Samuel 26:12"
"targum-jonathan-on-i-samuel","Targum Jonathan on I Samuel","tok-b2f991505f2b","דְיַדְעָא","דידעא","Unresolved","","No lexical entry yet","true","2","Targum Jonathan on I Samuel 28:7"
"targum-jonathan-on-i-samuel","Targum Jonathan on I Samuel","tok-a1fbb472ba0a","דִיהַב","דיהב","Unresolved","","No lexical entry yet","true","2","Targum Jonathan on I Samuel 2:1; Targum Jonathan on I Samuel 30:23"
"targum-jonathan-on-i-samuel","Targum Jonathan on I Samuel","tok-eedca10836fc","דִיהוּדָאֵי","דיהודאי","Unresolved","","No lexical entry yet","true","1","Targum Jonathan on I Samuel 4:6"
"targum-jonathan-on-i-samuel","Targum Jonathan on I Samuel","tok-61f81ae27784","דִיהוֹנָתָן","דיהונתנ","Unresolved","","No lexical entry yet","true","2","Targum Jonathan on I Samuel 18:1; Targum Jonathan on I Samuel 20:38"
"targum-jonathan-on-i-samuel","Targum Jonathan on I Samuel","tok-6bc73ddd324f","דִיהֵי","דיהי","Unresolved","","No lexical entry yet","true","2","Targum Jonathan on I Samuel 1:11; Targum Jonathan on I Samuel 1:28"
"targum-jonathan-on-i-samuel","Targum Jonathan on I Samuel","tok-e2235b3d6af8","דְיוֹאָב","דיואב","Unresolved","","No lexical entry yet","true","1","Targum Jonathan on I Samuel 26:6"
"targum-jonathan-on-i-samuel","Targum Jonathan on I Samuel","tok-9c7879f63eb9","דְיוֹמָא","דיומא","Unresolved","","No lexical entry yet","true","1","Targum Jonathan on I Samuel 20:5"
"targum-jonathan-on-i-samuel","Targum Jonathan on I Samuel","tok-2a3563f758a6","דְיַחְרְמוּן","דיחרמונ","Unresolved","","No lexical entry yet","true","1","Targum Jonathan on I Samuel 15:21"
"targum-jonathan-on-i-samuel","Targum Jonathan on I Samuel","tok-1b0119690b88","דַייָ","דיי","Unresolved","","No lexical entry yet","true","118","Targum Jonathan on I Samuel 1:7; Targum Jonathan on I Samuel 1:24; Targum Jonathan on I Samuel 2:1; Targum Jonathan on I Samuel 2:6; Targum Jonathan on I Samuel 2:27"
"targum-jonathan-on-i-samuel","Targum Jonathan on I Samuel","tok-ff62ba74396b","דַיְיָ","דיי","Unresolved","","No lexical entry yet","true","4","Targum Jonathan on I Samuel 1:9; Targum Jonathan on I Samuel 2:17; Targum Jonathan on I Samuel 3:7; Targum Jonathan on I Samuel 15:13"
"targum-jonathan-on-i-samuel","Targum Jonathan on I Samuel","tok-0daa22271c81","דַיָי","דיי","Unresolved","","No lexical entry yet","true","16","Targum Jonathan on I Samuel 2:24; Targum Jonathan on I Samuel 3:3; Targum Jonathan on I Samuel 3:20; Targum Jonathan on I Samuel 3:21; Targum Jonathan on I Samuel 4:22"
"targum-jonathan-on-i-samuel","Targum Jonathan on I Samuel","tok-95439c8ff534","דְיֵיתוּן","דייתונ","Unresolved","","No lexical entry yet","true","1","Targum Jonathan on I Samuel 2:1"
"targum-jonathan-on-i-samuel","Targum Jonathan on I Samuel","tok-010a34726daa","דְיֵכוּל","דיכול","Unresolved","","No lexical entry yet","true","2","Targum Jonathan on I Samuel 14:24; Targum Jonathan on I Samuel 14:28"
"targum-jonathan-on-i-samuel","Targum Jonathan on I Samuel","tok-394d0ad78dd6","דֵיכִי","דיכי","Unresolved","","No lexical entry yet","true","2","Targum Jonathan on I Samuel 14:1; Targum Jonathan on I Samuel 17:26"
"targum-jonathan-on-i-samuel","Targum Jonathan on I Samuel","tok-bb5723f75371","דִילִי","דילי","Unresolved","","No lexical entry yet","true","1","Targum Jonathan on I Samuel 25:24"
"targum-jonathan-on-i-samuel","Targum Jonathan on I Samuel","tok-8a3a37bdfaf6","דִילֵיהּ","דיליה","Unresolved","","No lexical entry yet","true","1","Targum Jonathan on I Samuel 20:40"
"targum-jonathan-on-i-samuel","Targum Jonathan on I Samuel","tok-a5261513d45e","דִילָךְ","דילכ","Unresolved","","No lexical entry yet","true","2","Targum Jonathan on I Samuel 25:6; Targum Jonathan on I Samuel 25:7"
"targum-jonathan-on-i-samuel","Targum Jonathan on I Samuel","tok-01865aa9ac80","דְיַמִינָא","דימינא","Unresolved","","No lexical entry yet","true","1","Targum Jonathan on I Samuel 11:2"
"targum-jonathan-on-i-samuel","Targum Jonathan on I Samuel","tok-dfbb4153f641","דְיִמְלַךְ","דימלכ","Unresolved","","No lexical entry yet","true","1","Targum Jonathan on I Samuel 8:9"
"targum-jonathan-on-i-samuel","Targum Jonathan on I Samuel","tok-87a85f410a50","דְיֵמְרוּן","דימרונ","Unresolved","","No lexical entry yet","true","1","Targum Jonathan on I Samuel 8:7"
"targum-jonathan-on-i-samuel","Targum Jonathan on I Samuel","tok-6da8333dead0","דִינָא","דינא","Unresolved","","No lexical entry yet","true","2","Targum Jonathan on I Samuel 2:9; Targum Jonathan on I Samuel 8:3"
"targum-jonathan-on-i-samuel","Targum Jonathan on I Samuel","tok-37b53675eb32","דַיָנָא","דינא","Unresolved","","No lexical entry yet","true","1","Targum Jonathan on I Samuel 2:25"
"targum-jonathan-on-i-samuel","Targum Jonathan on I Samuel","tok-58f0d3079571","דִינֵיהּ","דיניה","Unresolved","","No lexical entry yet","true","1","Targum Jonathan on I Samuel 2:3"
"targum-jonathan-on-i-samuel","Targum Jonathan on I Samuel","tok-edc515089419","דַיָנִין","דינינ","Unresolved","","No lexical entry yet","true","2","Targum Jonathan on I Samuel 8:1; Targum Jonathan on I Samuel 8:2"
"targum-jonathan-on-i-samuel","Targum Jonathan on I Samuel","tok-47d863f1325d","דִיקוּם","דיקומ","Unresolved","","No lexical entry yet","true","2","Targum Jonathan on I Samuel 2:1; Targum Jonathan on I Samuel 2:2"
"targum-jonathan-on-i-samuel","Targum Jonathan on I Samuel","tok-569a19cd7138","דְיִקְטוֹל","דיקטול","Unresolved","","No lexical entry yet","true","1","Targum Jonathan on I Samuel 17:26"
"targum-jonathan-on-i-samuel","Targum Jonathan on I Samuel","tok-c1306a4664fe","דְיִקְטְלִינֵיהּ","דיקטליניה","Unresolved","","No lexical entry yet","true","2","Targum Jonathan on I Samuel 17:25; Targum Jonathan on I Samuel 17:27"
"targum-jonathan-on-i-samuel","Targum Jonathan on I Samuel","tok-c4fd2e1a60da","דְיַקְרוּ","דיקרו","Unresolved","","No lexical entry yet","true","1","Targum Jonathan on I Samuel 6:6"
"targum-jonathan-on-i-samuel","Targum Jonathan on I Samuel","tok-d80e9ef1e25d","דִיקָרַת","דיקרת","Unresolved","","No lexical entry yet","true","1","Targum Jonathan on I Samuel 26:21"
"targum-jonathan-on-i-samuel","Targum Jonathan on I Samuel","tok-d3a901fbd1fc","דְיַרְדְנָא","דירדנא","Unresolved","","No lexical entry yet","true","1","Targum Jonathan on I Samuel 31:7"
"targum-jonathan-on-i-samuel","Targum Jonathan on I Samuel","tok-3215b4a91662","דַיָרֵי","דירי","Unresolved","","No lexical entry yet","true","2","Targum Jonathan on I Samuel 14:25; Targum Jonathan on I Samuel 17:46"
"targum-jonathan-on-i-samuel","Targum Jonathan on I Samuel","tok-d9e6b1725515","דְיִשְׁמְעִינֵיהּ","דישמעיניה","Unresolved","","No lexical entry yet","true","1","Targum Jonathan on I Samuel 3:11"
"targum-jonathan-on-i-samuel","Targum Jonathan on I Samuel","tok-a3f47bce52b8","דְיִשְׂרָאֵל","דישראל","Unresolved","","No lexical entry yet","true","30","Targum Jonathan on I Samuel 2:1; Targum Jonathan on I Samuel 2:28; Targum Jonathan on I Samuel 2:30; Targum Jonathan on I Samuel 5:7; Targum Jonathan on I Samuel 5:8"
"targum-jonathan-on-i-samuel","Targum Jonathan on I Samuel","tok-910cabf93a2b","דְיִשְׁתָּאֵר","דישתאר","Unresolved","","No lexical entry yet","true","1","Targum Jonathan on I Samuel 2:36"
"targum-jonathan-on-i-samuel","Targum Jonathan on I Samuel","tok-afec06156e29","דְיִתְחַסֵיל","דיתחסיל","Unresolved","","No lexical entry yet","true","1","Targum Jonathan on I Samuel 1:22"
"targum-jonathan-on-i-samuel","Targum Jonathan on I Samuel","tok-21868325a642","דִיתֵיב","דיתיב","Unresolved","","No lexical entry yet","true","1","Targum Jonathan on I Samuel 27:7"
"targum-jonathan-on-i-samuel","Targum Jonathan on I Samuel","tok-e7c27e3ebd9e","דְיִתַּסְקוּן","דיתסקונ","Unresolved","","No lexical entry yet","true","1","Targum Jonathan on I Samuel 2:16"
"targum-jonathan-on-i-samuel","Targum Jonathan on I Samuel","tok-ef8c161d5225","דְכָאִיב","דכאיב","Unresolved","","No lexical entry yet","true","1","Targum Jonathan on I Samuel 22:8"
"targum-jonathan-on-i-samuel","Targum Jonathan on I Samuel","tok-4ea232dedfda","דְכַהֲנָא","דכהנא","Unresolved","","No lexical entry yet","true","2","Targum Jonathan on I Samuel 2:13; Targum Jonathan on I Samuel 2:15"
"targum-jonathan-on-i-samuel","Targum Jonathan on I Samuel","tok-f563e11f4e74","דְכַהֲנַיָא","דכהניא","Unresolved","","No lexical entry yet","true","1","Targum Jonathan on I Samuel 2:13"
"targum-jonathan-on-i-samuel","Targum Jonathan on I Samuel","tok-63ac8edade4d","דִכְוָתָהּ","דכותה","Unresolved","","No lexical entry yet","true","1","Targum Jonathan on I Samuel 21:10"
"targum-jonathan-on-i-samuel","Targum Jonathan on I Samuel","tok-5cc446770930","דִכְוָתֵיהּ","דכותיה","Unresolved","","No lexical entry yet","true","1","Targum Jonathan on I Samuel 10:24"
"targum-jonathan-on-i-samuel","Targum Jonathan on I Samuel","tok-9c5ef05f7ae6","דְכֵי","דכי","Unresolved","","No lexical entry yet","true","1","Targum Jonathan on I Samuel 20:26"
"targum-jonathan-on-i-samuel","Targum Jonathan on I Samuel","tok-4bd2630b3bca","דְכֵיפָא","דכיפא","Unresolved","","No lexical entry yet","true","2","Targum Jonathan on I Samuel 14:4"
"targum-jonathan-on-i-samuel","Targum Jonathan on I Samuel","tok-837817df6a7e","דְכִירְנָא","דכירנא","Unresolved","","No lexical entry yet","true","1","Targum Jonathan on I Samuel 15:2"
"targum-jonathan-on-i-samuel","Targum Jonathan on I Samuel","tok-467f04b8dde4","דְכָל","דכל","Unresolved","","No lexical entry yet","true","2","Targum Jonathan on I Samuel 3:11; Targum Jonathan on I Samuel 30:6"
"targum-jonathan-on-i-samuel","Targum Jonathan on I Samuel","tok-c79767928268","דִכְמֵימְרִי","דכמימרי","Unresolved","","No lexical entry yet","true","1","Targum Jonathan on I Samuel 2:35"
"targum-jonathan-on-i-samuel","Targum Jonathan on I Samuel","tok-3445d624a42e","דִכְמַן","דכמנ","Unresolved","","No lexical entry yet","true","1","Targum Jonathan on I Samuel 15:2"
"targum-jonathan-on-i-samuel","Targum Jonathan on I Samuel","tok-949610e8c05f","דְכָן","דכנ","Unresolved","","No lexical entry yet","true","1","Targum Jonathan on I Samuel 21:6"
"targum-jonathan-on-i-samuel","Targum Jonathan on I Samuel","tok-1308ebe6a180","דִכְסַף","דכספ","Unresolved","","No lexical entry yet","true","1","Targum Jonathan on I Samuel 2:36"
"targum-jonathan-on-i-samuel","Targum Jonathan on I Samuel","tok-f62f7cd34107","דְכַסְפָּא","דכספא","Unresolved","","No lexical entry yet","true","1","Targum Jonathan on I Samuel 9:8"
"targum-jonathan-on-i-samuel","Targum Jonathan on I Samuel","tok-7f48c5d0e422","דְכַר","דכר","Unresolved","","No lexical entry yet","true","1","Targum Jonathan on I Samuel 4:20"
"targum-jonathan-on-i-samuel","Targum Jonathan on I Samuel","tok-cd477d1537be","דָכְרָנָא","דכרנא","Unresolved","","No lexical entry yet","true","1","Targum Jonathan on I Samuel 2:21"
"targum-jonathan-on-i-samuel","Targum Jonathan on I Samuel","tok-00288ed8a890","דָכְרָנָהּ","דכרנה","Unresolved","","No lexical entry yet","true","1","Targum Jonathan on I Samuel 1:19"
"targum-jonathan-on-i-samuel","Targum Jonathan on I Samuel","tok-f2f062d763da","דָכְרָנִי","דכרני","Unresolved","","No lexical entry yet","true","1","Targum Jonathan on I Samuel 1:11"
"targum-jonathan-on-i-samuel","Targum Jonathan on I Samuel","tok-61dd87909267","דְכָשַׁר","דכשר","Unresolved","","No lexical entry yet","true","2","Targum Jonathan on I Samuel 9:7; Targum Jonathan on I Samuel 23:13"
"targum-jonathan-on-i-samuel","Targum Jonathan on I Samuel","tok-f3efc3140130","דְכַשְׁרִין","דכשרינ","Unresolved","","No lexical entry yet","true","1","Targum Jonathan on I Samuel 22:18"
"targum-jonathan-on-i-samuel","Targum Jonathan on I Samuel","tok-bc9664d3554e","דִלְחֵם","דלחמ","Unresolved","","No lexical entry yet","true","2","Targum Jonathan on I Samuel 10:4; Targum Jonathan on I Samuel 25:18"
"targum-jonathan-on-i-samuel","Targum Jonathan on I Samuel","tok-540b5f4c1947","דִלְחַם","דלחמ","Unresolved","","No lexical entry yet","true","1","Targum Jonathan on I Samuel 10:3"
"targum-jonathan-on-i-samuel","Targum Jonathan on I Samuel","tok-60c5458685e3","דְלַחְמָא","דלחמא","Unresolved","","No lexical entry yet","true","6","Targum Jonathan on I Samuel 2:36; Targum Jonathan on I Samuel 16:20; Targum Jonathan on I Samuel 17:17; Targum Jonathan on I Samuel 21:4; Targum Jonathan on I Samuel 28:22"
"targum-jonathan-on-i-samuel","Targum Jonathan on I Samuel","tok-8f0bc0f7b098","דְלֵית","דלית","Unresolved","","No lexical entry yet","true","2","Targum Jonathan on I Samuel 13:1; Targum Jonathan on I Samuel 15:29"
"targum-jonathan-on-i-samuel","Targum Jonathan on I Samuel","tok-e17b0d95db57","דְלֵיתוֹהִי","דליתוהי","Unresolved","","No lexical entry yet","true","1","Targum Jonathan on I Samuel 11:7"
"targum-jonathan-on-i-samuel","Targum Jonathan on I Samuel","tok-a7b57026233b","דִלְמָא","דלמא","Unresolved","","No lexical entry yet","true","11","Targum Jonathan on I Samuel 4:9; Targum Jonathan on I Samuel 9:5; Targum Jonathan on I Samuel 13:19; Targum Jonathan on I Samuel 15:6; Targum Jonathan on I Samuel 20:3"
"targum-jonathan-on-i-samuel","Targum Jonathan on I Samuel","tok-db77aebd3286","דְלָקֳבֵיל","דלקביל","Unresolved","","No lexical entry yet","true","1","Targum Jonathan on I Samuel 20:41"
"targum-jonathan-on-i-samuel","Targum Jonathan on I Samuel","tok-ed2e29c0294b","דִלְשָׁאוּל","דלשאול","Unresolved","","No lexical entry yet","true","3","Targum Jonathan on I Samuel 21:8; Targum Jonathan on I Samuel 24:5; Targum Jonathan on I Samuel 24:6"
"targum-jonathan-on-i-samuel","Targum Jonathan on I Samuel","tok-ea9982f72627","דְמָא","דמא","Unresolved","","No lexical entry yet","true","3","Targum Jonathan on I Samuel 14:32; Targum Jonathan on I Samuel 14:33; Targum Jonathan on I Samuel 14:34"
"targum-jonathan-on-i-samuel","Targum Jonathan on I Samuel","tok-8b665f9a443e","דְמִבֵּית","דמבית","Unresolved","","No lexical entry yet","true","4","Targum Jonathan on I Samuel 6:18; Targum Jonathan on I Samuel 16:1; Targum Jonathan on I Samuel 16:18; Targum Jonathan on I Samuel 17:58"
"targum-jonathan-on-i-samuel","Targum Jonathan on I Samuel","tok-94ee2d2912f8","דִמְבַשֵׂר","דמבשר","Unresolved","","No lexical entry yet","true","1","Targum Jonathan on I Samuel 4:17"
"targum-jonathan-on-i-samuel","Targum Jonathan on I Samuel","tok-71f6f8e38960","דְמִגַלִים","דמגלימ","Unresolved","","No lexical entry yet","true","1","Targum Jonathan on I Samuel 25:44"
"targum-jonathan-on-i-samuel","Targum Jonathan on I Samuel","tok-6b3b18aaca74","דְמִדָרוֹם","דמדרומ","Unresolved","","No lexical entry yet","true","2","Targum Jonathan on I Samuel 23:19; Targum Jonathan on I Samuel 23:24"
"targum-jonathan-on-i-samuel","Targum Jonathan on I Samuel","tok-c31c223e0ba1","דְמוֹאָב","דמואב","Unresolved","","No lexical entry yet","true","4","Targum Jonathan on I Samuel 12:9; Targum Jonathan on I Samuel 22:3; Targum Jonathan on I Samuel 22:4"
"targum-jonathan-on-i-samuel","Targum Jonathan on I Samuel","tok-85c48087a7a8","דְמוֹטִיב","דמוטיב","Unresolved","","No lexical entry yet","true","1","Targum Jonathan on I Samuel 16:17"
"targum-jonathan-on-i-samuel","Targum Jonathan on I Samuel","tok-12a9f5aca3aa","דְמוּךְ","דמוכ","Unresolved","","No lexical entry yet","true","1","Targum Jonathan on I Samuel 26:7"
"targum-jonathan-on-i-samuel","Targum Jonathan on I Samuel","tok-d8573e32d337","דְמוּרְנִיתֵיהּ","דמורניתיה","Unresolved","","No lexical entry yet","true","2","Targum Jonathan on I Samuel 17:7"
"targum-jonathan-on-i-samuel","Targum Jonathan on I Samuel","tok-c1a82c7ad8d4","דִמְחָא","דמחא","Unresolved","","No lexical entry yet","true","2","Targum Jonathan on I Samuel 4:8; Targum Jonathan on I Samuel 14:14"
"targum-jonathan-on-i-samuel","Targum Jonathan on I Samuel","tok-2e06a36d7eb1","דִמְחַבְּלִין","דמחבלינ","Unresolved","","No lexical entry yet","true","1","Targum Jonathan on I Samuel 6:5"
"targum-jonathan-on-i-samuel","Targum Jonathan on I Samuel","tok-fb2d2b67f738","דִמְטָא","דמטא","Unresolved","","No lexical entry yet","true","1","Targum Jonathan on I Samuel 18:19"
"targum-jonathan-on-i-samuel","Targum Jonathan on I Samuel","tok-8f321a485e60","דָמִי","דמי","Unresolved","","No lexical entry yet","true","1","Targum Jonathan on I Samuel 26:20"
"targum-jonathan-on-i-samuel","Targum Jonathan on I Samuel","tok-349f758bea81","דְמַיָא","דמיא","Unresolved","","No lexical entry yet","true","3","Targum Jonathan on I Samuel 26:11; Targum Jonathan on I Samuel 26:12; Targum Jonathan on I Samuel 26:16"
"targum-jonathan-on-i-samuel","Targum Jonathan on I Samuel","tok-41785d5d0e47","דְמִיזְרְעֶאל","דמיזרעאל","Unresolved","","No lexical entry yet","true","2","Targum Jonathan on I Samuel 27:3; Targum Jonathan on I Samuel 30:5"
"targum-jonathan-on-i-samuel","Targum Jonathan on I Samuel","tok-807fda2dbfbd","דְמֵישְׁרָא","דמישרא","Unresolved","","No lexical entry yet","true","1","Targum Jonathan on I Samuel 31:7"
"targum-jonathan-on-i-samuel","Targum Jonathan on I Samuel","tok-a6bc7d312f2e","דְמֵיתִיב","דמיתיב","Unresolved","","No lexical entry yet","true","1","Targum Jonathan on I Samuel 14:26"
"targum-jonathan-on-i-samuel","Targum Jonathan on I Samuel","tok-a18786e56e8a","דְמָכִין","דמכינ","Unresolved","","No lexical entry yet","true","1","Targum Jonathan on I Samuel 26:12"
"targum-jonathan-on-i-samuel","Targum Jonathan on I Samuel","tok-8ac4570ca9a2","דְמִכַּרְמְלָא","דמכרמלא","Unresolved","","No lexical entry yet","true","2","Targum Jonathan on I Samuel 27:3; Targum Jonathan on I Samuel 30:5"
"targum-jonathan-on-i-samuel","Targum Jonathan on I Samuel","tok-7e4f2b4e5eac","דְמַלְיָא","דמליא","Unresolved","","No lexical entry yet","true","1","Targum Jonathan on I Samuel 2:5"
"targum-jonathan-on-i-samuel","Targum Jonathan on I Samuel","tok-a8c6dc81cf11","דְמַלֵיל","דמליל","Unresolved","","No lexical entry yet","true","7","Targum Jonathan on I Samuel 3:17; Targum Jonathan on I Samuel 14:19; Targum Jonathan on I Samuel 16:4; Targum Jonathan on I Samuel 17:31; Targum Jonathan on I Samuel 25:30"
"targum-jonathan-on-i-samuel","Targum Jonathan on I Samuel","tok-85d8a5ad9019","דְמַלֵילְתָּא","דמלילתא","Unresolved","","No lexical entry yet","true","1","Targum Jonathan on I Samuel 28:21"
"targum-jonathan-on-i-samuel","Targum Jonathan on I Samuel","tok-8d4ec3477e26","דִמְלַךְ","דמלכ","Unresolved","","No lexical entry yet","true","1","Targum Jonathan on I Samuel 12:14"
"targum-jonathan-on-i-samuel","Targum Jonathan on I Samuel","tok-ccf00853c586","דְמַלְכָּא","דמלכא","Unresolved","","No lexical entry yet","true","9","Targum Jonathan on I Samuel 8:9; Targum Jonathan on I Samuel 8:11; Targum Jonathan on I Samuel 10:25; Targum Jonathan on I Samuel 20:29; Targum Jonathan on I Samuel 22:14"
"targum-jonathan-on-i-samuel","Targum Jonathan on I Samuel","tok-92326d3ca439","דְמִלְקָדְמִין","דמלקדמינ","Unresolved","","No lexical entry yet","true","1","Targum Jonathan on I Samuel 24:14"
"targum-jonathan-on-i-samuel","Targum Jonathan on I Samuel","tok-bbbed39e746f","דְמִמְחוֹלַת","דממחולת","Unresolved","","No lexical entry yet","true","1","Targum Jonathan on I Samuel 18:19"
"targum-jonathan-on-i-samuel","Targum Jonathan on I Samuel","tok-68b7f4c92835","דְמַנִי","דמני","Unresolved","","No lexical entry yet","true","1","Targum Jonathan on I Samuel 2:1"
"targum-jonathan-on-i-samuel","Targum Jonathan on I Samuel","tok-dea4cd1b2340","דְמַנִיתוּן","דמניתונ","Unresolved","","No lexical entry yet","true","1","Targum Jonathan on I Samuel 17:8"
"targum-jonathan-on-i-samuel","Targum Jonathan on I Samuel","tok-b2bd48165260","דְמַנִיתֵיהּ","דמניתיה","Unresolved","","No lexical entry yet","true","1","Targum Jonathan on I Samuel 29:4"
"targum-jonathan-on-i-samuel","Targum Jonathan on I Samuel","tok-f6b688d3c1c7","דִמְנָעַנִי","דמנעני","Unresolved","","No lexical entry yet","true","1","Targum Jonathan on I Samuel 25:34"
"targum-jonathan-on-i-samuel","Targum Jonathan on I Samuel","tok-ff3cce0b2204","דִמְנַעְתַּנִי","דמנעתני","Unresolved","","No lexical entry yet","true","1","Targum Jonathan on I Samuel 25:33"
"targum-jonathan-on-i-samuel","Targum Jonathan on I Samuel","tok-567f04284e09","דְמַסִיק","דמסיק","Unresolved","","No lexical entry yet","true","1","Targum Jonathan on I Samuel 2:14"
"targum-jonathan-on-i-samuel","Targum Jonathan on I Samuel","tok-1fbe53a007ef","דִמְסָרַב","דמסרב","Unresolved","","No lexical entry yet","true","1","Targum Jonathan on I Samuel 15:23"
"targum-jonathan-on-i-samuel","Targum Jonathan on I Samuel","tok-d61058ec417a","דְמַסְרָךְ","דמסרכ","Unresolved","","No lexical entry yet","true","2","Targum Jonathan on I Samuel 24:11; Targum Jonathan on I Samuel 26:23"
"targum-jonathan-on-i-samuel","Targum Jonathan on I Samuel","tok-7fff3eff2e4a","דְמַסְרַנִי","דמסרני","Unresolved","","No lexical entry yet","true","1","Targum Jonathan on I Samuel 24:19"
"targum-jonathan-on-i-samuel","Targum Jonathan on I Samuel","tok-e559463a54d3","דְמִסְתְּכֵי","דמסתכי","Unresolved","","No lexical entry yet","true","1","Targum Jonathan on I Samuel 13:18"
"targum-jonathan-on-i-samuel","Targum Jonathan on I Samuel","tok-312e3c80f6c8","דְמֵעֶבְרָא","דמעברא","Unresolved","","No lexical entry yet","true","1","Targum Jonathan on I Samuel 14:1"
"targum-jonathan-on-i-samuel","Targum Jonathan on I Samuel","tok-112a5ea44117","דְמַעְדָן","דמעדנ","Unresolved","","No lexical entry yet","true","1","Targum Jonathan on I Samuel 21:7"
"targum-jonathan-on-i-samuel","Targum Jonathan on I Samuel","tok-a6d0e78755f1","דְמָעוֹן","דמעונ","Unresolved","","No lexical entry yet","true","3","Targum Jonathan on I Samuel 23:24; Targum Jonathan on I Samuel 23:25"
"targum-jonathan-on-i-samuel","Targum Jonathan on I Samuel","tok-082d728389cd","דְמֵעַלְמָא","דמעלמא","Unresolved","","No lexical entry yet","true","1","Targum Jonathan on I Samuel 27:8"
"targum-jonathan-on-i-samuel","Targum Jonathan on I Samuel","tok-9716ebbacf0d","דְמַפְרְחִין","דמפרחינ","Unresolved","","No lexical entry yet","true","1","Targum Jonathan on I Samuel 25:29"
"targum-jonathan-on-i-samuel","Targum Jonathan on I Samuel","tok-56432280e09b","דְמִצְרָאֵי","דמצראי","Unresolved","","No lexical entry yet","true","1","Targum Jonathan on I Samuel 10:18"
"targum-jonathan-on-i-samuel","Targum Jonathan on I Samuel","tok-5fba01b2410a","דְמִצְרַיִם","דמצרימ","Unresolved","","No lexical entry yet","true","1","Targum Jonathan on I Samuel 27:8"
"targum-jonathan-on-i-samuel","Targum Jonathan on I Samuel","tok-98088efa24f6","דְמִצְרָיִם","דמצרימ","Unresolved","","No lexical entry yet","true","1","Targum Jonathan on I Samuel 12:6"
"targum-jonathan-on-i-samuel","Targum Jonathan on I Samuel","tok-a39d8169d832","דְמַרְדוּתָא","דמרדותא","Unresolved","","No lexical entry yet","true","1","Targum Jonathan on I Samuel 20:30"
"targum-jonathan-on-i-samuel","Targum Jonathan on I Samuel","tok-3c3c47dac5f0","דִמְשַׁבְּחָן","דמשבחנ","Unresolved","","No lexical entry yet","true","1","Targum Jonathan on I Samuel 18:7"
"targum-jonathan-on-i-samuel","Targum Jonathan on I Samuel","tok-193a3b68764f","דְמִשְׁחָא","דמשחא","Unresolved","","No lexical entry yet","true","2","Targum Jonathan on I Samuel 10:1; Targum Jonathan on I Samuel 16:13"
"targum-jonathan-on-i-samuel","Targum Jonathan on I Samuel","tok-3d7368e3fa36","דְמַשְׁמְעִין","דמשמעינ","Unresolved","","No lexical entry yet","true","1","Targum Jonathan on I Samuel 29:5"
"targum-jonathan-on-i-samuel","Targum Jonathan on I Samuel","tok-63338e15a873","דִמְשַׁמְשִׁין","דמשמשינ","Unresolved","","No lexical entry yet","true","1","Targum Jonathan on I Samuel 25:27"
"targum-jonathan-on-i-samuel","Targum Jonathan on I Samuel","tok-240690919907","דְמֵתִיב","דמתיב","Unresolved","","No lexical entry yet","true","1","Targum Jonathan on I Samuel 14:39"
"targum-jonathan-on-i-samuel","Targum Jonathan on I Samuel","tok-2d1ced735f15","דְמִתְעַר","דמתער","Unresolved","","No lexical entry yet","true","1","Targum Jonathan on I Samuel 26:12"
"targum-jonathan-on-i-samuel","Targum Jonathan on I Samuel","tok-267fc2ed3434","דְמִתְפְּנֵי","דמתפני","Unresolved","","No lexical entry yet","true","1","Targum Jonathan on I Samuel 14:47"
"targum-jonathan-on-i-samuel","Targum Jonathan on I Samuel","tok-33032ecce7e6","דִמְתַקַן","דמתקנ","Unresolved","","No lexical entry yet","true","1","Targum Jonathan on I Samuel 20:25"
"targum-jonathan-on-i-samuel","Targum Jonathan on I Samuel","tok-aee23ee1a394","דְמִתְרַדֵיף","דמתרדיפ","Unresolved","","No lexical entry yet","true","1","Targum Jonathan on I Samuel 26:20"
"targum-jonathan-on-i-samuel","Targum Jonathan on I Samuel","tok-fb0c683c6b40","דָן","דנ","Unresolved","","No lexical entry yet","true","2","Targum Jonathan on I Samuel 4:18; Targum Jonathan on I Samuel 7:17"
"targum-jonathan-on-i-samuel","Targum Jonathan on I Samuel","tok-2ad3f382cea4","דְנָבָל","דנבל","Unresolved","","No lexical entry yet","true","2","Targum Jonathan on I Samuel 25:36; Targum Jonathan on I Samuel 25:39"
"targum-jonathan-on-i-samuel","Targum Jonathan on I Samuel","tok-953afa6f3ae0","דִנְחַשׁ","דנחש","Unresolved","","No lexical entry yet","true","2","Targum Jonathan on I Samuel 17:5; Targum Jonathan on I Samuel 17:6"
"targum-jonathan-on-i-samuel","Targum Jonathan on I Samuel","tok-2e0a3c6fc320","דִנְחָשׁ","דנחש","Unresolved","","No lexical entry yet","true","1","Targum Jonathan on I Samuel 17:38"
"targum-jonathan-on-i-samuel","Targum Jonathan on I Samuel","tok-129afd0c32d0","דִנְחָשָׁא","דנחשא","Unresolved","","No lexical entry yet","true","1","Targum Jonathan on I Samuel 17:6"
"targum-jonathan-on-i-samuel","Targum Jonathan on I Samuel","tok-85238b2fb2e5","דִנְחָתוּ","דנחתו","Unresolved","","No lexical entry yet","true","1","Targum Jonathan on I Samuel 30:24"
"targum-jonathan-on-i-samuel","Targum Jonathan on I Samuel","tok-cdeccb2c8223","דְנֵיזִל","דניזל","Unresolved","","No lexical entry yet","true","1","Targum Jonathan on I Samuel 23:3"
"targum-jonathan-on-i-samuel","Targum Jonathan on I Samuel","tok-f0bdb871c097","דְנָכֵיס","דנכיס","Unresolved","","No lexical entry yet","true","1","Targum Jonathan on I Samuel 2:13"
"targum-jonathan-on-i-samuel","Targum Jonathan on I Samuel","tok-1efbacbfdb20","דְנַן","דננ","Unresolved","","No lexical entry yet","true","5","Targum Jonathan on I Samuel 9:20; Targum Jonathan on I Samuel 17:28; Targum Jonathan on I Samuel 26:18; Targum Jonathan on I Samuel 29:3"
"targum-jonathan-on-i-samuel","Targum Jonathan on I Samuel","tok-70af7ff1cd2c","דְנָן","דננ","Unresolved","","No lexical entry yet","true","2","Targum Jonathan on I Samuel 20:8; Targum Jonathan on I Samuel 30:13"
"targum-jonathan-on-i-samuel","Targum Jonathan on I Samuel","tok-64cbbc513cc4","דִנְסִיבוּ","דנסיבו","Unresolved","","No lexical entry yet","true","1","Targum Jonathan on I Samuel 7:14"
"targum-jonathan-on-i-samuel","Targum Jonathan on I Samuel","tok-c39469e072c8","דְנָתִיב","דנתיב","Unresolved","","No lexical entry yet","true","1","Targum Jonathan on I Samuel 6:4"
"targum-jonathan-on-i-samuel","Targum Jonathan on I Samuel","tok-47531b296572","דְנִתְמְטֵי","דנתמטי","Unresolved","","No lexical entry yet","true","1","Targum Jonathan on I Samuel 14:9"
"targum-jonathan-on-i-samuel","Targum Jonathan on I Samuel","tok-d6953f7f1935","דְסַגִיאִין","דסגיאינ","Unresolved","","No lexical entry yet","true","1","Targum Jonathan on I Samuel 25:10"
"targum-jonathan-on-i-samuel","Targum Jonathan on I Samuel","tok-9bb0cc14e4da","דְסִדְרֵי","דסדרי","Unresolved","","No lexical entry yet","true","1","Targum Jonathan on I Samuel 17:45"
"targum-jonathan-on-i-samuel","Targum Jonathan on I Samuel","tok-13baba91e6b9","דְסָלִיק","דסליק","Unresolved","","No lexical entry yet","true","2","Targum Jonathan on I Samuel 17:25; Targum Jonathan on I Samuel 28:13"
"targum-jonathan-on-i-samuel","Targum Jonathan on I Samuel","tok-4137dcf256c0","דִסְלִיקוּ","דסליקו","Unresolved","","No lexical entry yet","true","1","Targum Jonathan on I Samuel 14:21"
"targum-jonathan-on-i-samuel","Targum Jonathan on I Samuel","tok-960000a983a0","דְסַלְקִין","דסלקינ","Unresolved","","No lexical entry yet","true","1","Targum Jonathan on I Samuel 10:3"
"targum-jonathan-on-i-samuel","Targum Jonathan on I Samuel","tok-91bca432e0a5","דַע","דע","Unresolved","","No lexical entry yet","true","2","Targum Jonathan on I Samuel 20:7; Targum Jonathan on I Samuel 24:12"
"targum-jonathan-on-i-samuel","Targum Jonathan on I Samuel","tok-6d71daafc37a","דַעֲבַד","דעבד","Unresolved","","No lexical entry yet","true","4","Targum Jonathan on I Samuel 12:6; Targum Jonathan on I Samuel 12:7; Targum Jonathan on I Samuel 15:2; Targum Jonathan on I Samuel 28:9"
"targum-jonathan-on-i-samuel","Targum Jonathan on I Samuel","tok-21773ebb94cc","דַעֲבַדוּ","דעבדו","Unresolved","","No lexical entry yet","true","1","Targum Jonathan on I Samuel 31:11"
"targum-jonathan-on-i-samuel","Targum Jonathan on I Samuel","tok-3894048250e2","דְעָבְדִין","דעבדינ","Unresolved","","No lexical entry yet","true","1","Targum Jonathan on I Samuel 2:22"
"targum-jonathan-on-i-samuel","Targum Jonathan on I Samuel","tok-f60291827ed7","דַעֲבַדְתָּ","דעבדת","Unresolved","","No lexical entry yet","true","1","Targum Jonathan on I Samuel 24:19"
"targum-jonathan-on-i-samuel","Targum Jonathan on I Samuel","tok-7387ab1a47cf","דַעֲבַדְתָּא","דעבדתא","Unresolved","","No lexical entry yet","true","1","Targum Jonathan on I Samuel 24:20"
"targum-jonathan-on-i-samuel","Targum Jonathan on I Samuel","tok-d3631091d9bc","דַעֲבַדְתּוּן","דעבדתונ","Unresolved","","No lexical entry yet","true","1","Targum Jonathan on I Samuel 12:17"
"targum-jonathan-on-i-samuel","Targum Jonathan on I Samuel","tok-9ca0cc2b27d7","דְעוֹבָדוֹהִי","דעובדוהי","Unresolved","","No lexical entry yet","true","1","Targum Jonathan on I Samuel 4:8"
"targum-jonathan-on-i-samuel","Targum Jonathan on I Samuel","tok-45cbe5ef0e7e","דְעִזָא","דעזא","Unresolved","","No lexical entry yet","true","2","Targum Jonathan on I Samuel 19:13; Targum Jonathan on I Samuel 19:16"
"targum-jonathan-on-i-samuel","Targum Jonathan on I Samuel","tok-6efaa30d0866","דְעַזָה","דעזה","Unresolved","","No lexical entry yet","true","1","Targum Jonathan on I Samuel 6:17"
"targum-jonathan-on-i-samuel","Targum Jonathan on I Samuel","tok-8d8e9d56d74d","דְעִי","דעי","Unresolved","","No lexical entry yet","true","1","Targum Jonathan on I Samuel 25:17"
"targum-jonathan-on-i-samuel","Targum Jonathan on I Samuel","tok-05455ff45e7b","דְעֵין","דעינ","Unresolved","","No lexical entry yet","true","1","Targum Jonathan on I Samuel 24:2"
"targum-jonathan-on-i-samuel","Targum Jonathan on I Samuel","tok-8ef5ef677504","דְעִינְבִין","דעינבינ","Unresolved","","No lexical entry yet","true","1","Targum Jonathan on I Samuel 30:12"
"targum-jonathan-on-i-samuel","Targum Jonathan on I Samuel","tok-e256f036af2f","דְעַל","דעל","Unresolved","","No lexical entry yet","true","2","Targum Jonathan on I Samuel 13:5; Targum Jonathan on I Samuel 24:4"
"targum-jonathan-on-i-samuel","Targum Jonathan on I Samuel","tok-dbddf793ef92","דְעָלִין","דעלינ","Unresolved","","No lexical entry yet","true","1","Targum Jonathan on I Samuel 5:5"
"targum-jonathan-on-i-samuel","Targum Jonathan on I Samuel","tok-e8974ae13b2b","דְעִם","דעמ","Unresolved","","No lexical entry yet","true","2","Targum Jonathan on I Samuel 13:22; Targum Jonathan on I Samuel 14:21"
"targum-jonathan-on-i-samuel","Targum Jonathan on I Samuel","tok-114c2792055c","דְעַמִי","דעמי","Unresolved","","No lexical entry yet","true","2","Targum Jonathan on I Samuel 2:29; Targum Jonathan on I Samuel 9:16"
"targum-jonathan-on-i-samuel","Targum Jonathan on I Samuel","tok-588b81db7434","דְעִמֵיהּ","דעמיה","Unresolved","","No lexical entry yet","true","6","Targum Jonathan on I Samuel 9:5; Targum Jonathan on I Samuel 14:2; Targum Jonathan on I Samuel 14:17; Targum Jonathan on I Samuel 14:20; Targum Jonathan on I Samuel 27:2"
"targum-jonathan-on-i-samuel","Targum Jonathan on I Samuel","tok-4c1c1eb58424","דְעַמֵיהּ","דעמיה","Unresolved","","No lexical entry yet","true","2","Targum Jonathan on I Samuel 17:26; Targum Jonathan on I Samuel 18:17"
"targum-jonathan-on-i-samuel","Targum Jonathan on I Samuel","tok-97ded973b4bc","דַעֲמָלֵק","דעמלק","Unresolved","","No lexical entry yet","true","1","Targum Jonathan on I Samuel 15:20"
"targum-jonathan-on-i-samuel","Targum Jonathan on I Samuel","tok-46bbd0ee04bf","דְעִנְבִין","דענבינ","Unresolved","","No lexical entry yet","true","1","Targum Jonathan on I Samuel 25:18"
"targum-jonathan-on-i-samuel","Targum Jonathan on I Samuel","tok-df4294496c4e","דְעֶקְרוֹן","דעקרונ","Unresolved","","No lexical entry yet","true","1","Targum Jonathan on I Samuel 6:17"
"targum-jonathan-on-i-samuel","Targum Jonathan on I Samuel","tok-9bf611579a7e","דְעָרִים","דערימ","Unresolved","","No lexical entry yet","true","1","Targum Jonathan on I Samuel 23:22"
"targum-jonathan-on-i-samuel","Targum Jonathan on I Samuel","tok-e02a670411d6","דְעַרְקִין","דערקינ","Unresolved","","No lexical entry yet","true","1","Targum Jonathan on I Samuel 11:11"
"targum-jonathan-on-i-samuel","Targum Jonathan on I Samuel","tok-d6ec3192f113","דְעָרְקִין","דערקינ","Unresolved","","No lexical entry yet","true","1","Targum Jonathan on I Samuel 25:10"
"targum-jonathan-on-i-samuel","Targum Jonathan on I Samuel","tok-8869afb749db","דַעֲתִיד","דעתיד","Unresolved","","No lexical entry yet","true","1","Targum Jonathan on I Samuel 2:1"
"targum-jonathan-on-i-samuel","Targum Jonathan on I Samuel","tok-dc4027bbb061","דַעֲתִידִין","דעתידינ","Unresolved","","No lexical entry yet","true","2","Targum Jonathan on I Samuel 2:1; Targum Jonathan on I Samuel 2:3"
"targum-jonathan-on-i-samuel","Targum Jonathan on I Samuel","tok-8056bb751cc4","דְפָארָן","דפארנ","Unresolved","","No lexical entry yet","true","1","Targum Jonathan on I Samuel 25:1"
"targum-jonathan-on-i-samuel","Targum Jonathan on I Samuel","tok-875f5801cacd","דִפְלִשְׁתָּאָה","דפלשתאה","Unresolved","","No lexical entry yet","true","3","Targum Jonathan on I Samuel 17:37; Targum Jonathan on I Samuel 17:54; Targum Jonathan on I Samuel 17:57"
"targum-jonathan-on-i-samuel","Targum Jonathan on I Samuel","tok-020a66cc9ffd","דִפְלִשְׁתָּאֵי","דפלשתאי","Unresolved","","No lexical entry yet","true","12","Targum Jonathan on I Samuel 2:1; Targum Jonathan on I Samuel 7:3; Targum Jonathan on I Samuel 7:8; Targum Jonathan on I Samuel 7:14; Targum Jonathan on I Samuel 9:16"
"targum-jonathan-on-i-samuel","Targum Jonathan on I Samuel","tok-eba4ada14f0c","דִפְצַר","דפצר","Unresolved","","No lexical entry yet","true","1","Targum Jonathan on I Samuel 15:23"
"targum-jonathan-on-i-samuel","Targum Jonathan on I Samuel","tok-cdf031e78d01","דְפַּקְדֵיהּ","דפקדיה","Unresolved","","No lexical entry yet","true","1","Targum Jonathan on I Samuel 17:20"
"targum-jonathan-on-i-samuel","Targum Jonathan on I Samuel","tok-4a911a305bb7","דְפַקְדִית","דפקדית","Unresolved","","No lexical entry yet","true","1","Targum Jonathan on I Samuel 2:29"
"targum-jonathan-on-i-samuel","Targum Jonathan on I Samuel","tok-24ff6efdcf19","דְפַקְדָךְ","דפקדכ","Unresolved","","No lexical entry yet","true","2","Targum Jonathan on I Samuel 13:13; Targum Jonathan on I Samuel 13:14"
"targum-jonathan-on-i-samuel","Targum Jonathan on I Samuel","tok-3f5dbcb10df3","דְפָרִיק","דפריק","Unresolved","","No lexical entry yet","true","2","Targum Jonathan on I Samuel 11:3; Targum Jonathan on I Samuel 14:39"
"targum-jonathan-on-i-samuel","Targum Jonathan on I Samuel","tok-91809823d22d","דְקַבֵּילִית","דקבילית","Unresolved","","No lexical entry yet","true","1","Targum Jonathan on I Samuel 25:35"
"targum-jonathan-on-i-samuel","Targum Jonathan on I Samuel","tok-a1295ef9014f","דְקַבְּלִית","דקבלית","Unresolved","","No lexical entry yet","true","1","Targum Jonathan on I Samuel 15:20"
"targum-jonathan-on-i-samuel","Targum Jonathan on I Samuel","tok-b3f7c1804cc6","דְקַדִישׁ","דקדיש","Unresolved","","No lexical entry yet","true","1","Targum Jonathan on I Samuel 2:2"
"targum-jonathan-on-i-samuel","Targum Jonathan on I Samuel","tok-c0192e63e21c","דְקֻדְשָׁא","דקדשא","Unresolved","","No lexical entry yet","true","1","Targum Jonathan on I Samuel 21:5"
"targum-jonathan-on-i-samuel","Targum Jonathan on I Samuel","tok-0fb81734efd8","דִקְטָלִית","דקטלית","Unresolved","","No lexical entry yet","true","1","Targum Jonathan on I Samuel 17:8"
"targum-jonathan-on-i-samuel","Targum Jonathan on I Samuel","tok-23a6bc46ed80","דִקְטַלְתָּא","דקטלתא","Unresolved","","No lexical entry yet","true","1","Targum Jonathan on I Samuel 21:10"
"targum-jonathan-on-i-samuel","Targum Jonathan on I Samuel","tok-5abde15168b9","דְקִימְחָא","דקימחא","Unresolved","","No lexical entry yet","true","1","Targum Jonathan on I Samuel 1:24"
"targum-jonathan-on-i-samuel","Targum Jonathan on I Samuel","tok-05aa6023e9a0","דְקַיְמִין","דקימינ","Unresolved","","No lexical entry yet","true","4","Targum Jonathan on I Samuel 2:10; Targum Jonathan on I Samuel 17:26; Targum Jonathan on I Samuel 22:7; Targum Jonathan on I Samuel 22:17"
"targum-jonathan-on-i-samuel","Targum Jonathan on I Samuel","tok-9de89bf4299d","דְקַיְמָן","דקימנ","Unresolved","","No lexical entry yet","true","1","Targum Jonathan on I Samuel 4:20"
"targum-jonathan-on-i-samuel","Targum Jonathan on I Samuel","tok-085306376a59","דְקַיֵמְנָא","דקימנא","Unresolved","","No lexical entry yet","true","1","Targum Jonathan on I Samuel 20:42"
"targum-jonathan-on-i-samuel","Targum Jonathan on I Samuel","tok-30b8efcbea1a","דְקָלְיָא","דקליא","Unresolved","","No lexical entry yet","true","1","Targum Jonathan on I Samuel 17:17"
"targum-jonathan-on-i-samuel","Targum Jonathan on I Samuel","tok-54044b1e9ee9","דְקָלַן","דקלנ","Unresolved","","No lexical entry yet","true","1","Targum Jonathan on I Samuel 31:12"
"targum-jonathan-on-i-samuel","Targum Jonathan on I Samuel","tok-22e86dd7fd2f","דִקְנֵיהּ","דקניה","Unresolved","","No lexical entry yet","true","1","Targum Jonathan on I Samuel 21:14"
"targum-jonathan-on-i-samuel","Targum Jonathan on I Samuel","tok-2a324097b037","דְקַצְתָּא","דקצתא","Unresolved","","No lexical entry yet","true","1","Targum Jonathan on I Samuel 15:23"
"targum-jonathan-on-i-samuel","Targum Jonathan on I Samuel","tok-0a04f40a5827","דִקְרָבָא","דקרבא","Unresolved","","No lexical entry yet","true","2","Targum Jonathan on I Samuel 4:16; Targum Jonathan on I Samuel 13:22"
"targum-jonathan-on-i-samuel","Targum Jonathan on I Samuel","tok-dd147e3098c7","דְקָרֵי","דקרי","Unresolved","","No lexical entry yet","true","1","Targum Jonathan on I Samuel 26:14"
"targum-jonathan-on-i-samuel","Targum Jonathan on I Samuel","tok-0af45ece271a","דְקַרְתָּא","דקרתא","Unresolved","","No lexical entry yet","true","1","Targum Jonathan on I Samuel 9:11"
"targum-jonathan-on-i-samuel","Targum Jonathan on I Samuel","tok-7babec4c6a16","דְרִבּוֹנִי","דרבוני","Unresolved","","No lexical entry yet","true","2","Targum Jonathan on I Samuel 25:29; Targum Jonathan on I Samuel 30:15"
"targum-jonathan-on-i-samuel","Targum Jonathan on I Samuel","tok-5a77df0fb25a","דָרוֹם","דרומ","Unresolved","","No lexical entry yet","true","4","Targum Jonathan on I Samuel 27:10; Targum Jonathan on I Samuel 30:1; Targum Jonathan on I Samuel 30:14"
"targum-jonathan-on-i-samuel","Targum Jonathan on I Samuel","tok-53fffa8588f4","דָרוֹמָא","דרומא","Unresolved","","No lexical entry yet","true","4","Targum Jonathan on I Samuel 9:4; Targum Jonathan on I Samuel 13:17; Targum Jonathan on I Samuel 20:41; Targum Jonathan on I Samuel 30:14"
"targum-jonathan-on-i-samuel","Targum Jonathan on I Samuel","tok-9b1296d495c9","דְרָחֵל","דרחל","Unresolved","","No lexical entry yet","true","1","Targum Jonathan on I Samuel 10:2"
"targum-jonathan-on-i-samuel","Targum Jonathan on I Samuel","tok-f980aa9f7a22","דִרְכִיבוּ","דרכיבו","Unresolved","","No lexical entry yet","true","1","Targum Jonathan on I Samuel 30:17"
"targum-jonathan-on-i-samuel","Targum Jonathan on I Samuel","tok-0df590d49f0e","דָרְכִין","דרכינ","Unresolved","","No lexical entry yet","true","1","Targum Jonathan on I Samuel 5:5"
"targum-jonathan-on-i-samuel","Targum Jonathan on I Samuel","tok-69338b2b4118","דְרַנְנִין","דרננינ","Unresolved","","No lexical entry yet","true","1","Targum Jonathan on I Samuel 2:24"
"targum-jonathan-on-i-samuel","Targum Jonathan on I Samuel","tok-9552f767a70f","דְרַע","דרע","Unresolved","","No lexical entry yet","true","1","Targum Jonathan on I Samuel 2:31"
"targum-jonathan-on-i-samuel","Targum Jonathan on I Samuel","tok-21ecd9281272","דְרַעֲוָא","דרעוא","Unresolved","","No lexical entry yet","true","1","Targum Jonathan on I Samuel 2:16"
"targum-jonathan-on-i-samuel","Targum Jonathan on I Samuel","tok-9a96d66039fa","דַרְעָךְ","דרעכ","Unresolved","","No lexical entry yet","true","1","Targum Jonathan on I Samuel 2:31"
"targum-jonathan-on-i-samuel","Targum Jonathan on I Samuel","tok-d60c1150e25a","דְשָׁאוּל","דשאול","Unresolved","","No lexical entry yet","true","16","Targum Jonathan on I Samuel 9:3; Targum Jonathan on I Samuel 10:14; Targum Jonathan on I Samuel 10:15; Targum Jonathan on I Samuel 11:4; Targum Jonathan on I Samuel 14:50"
"targum-jonathan-on-i-samuel","Targum Jonathan on I Samuel","tok-fb3e55304705","דְשָׁאֵל","דשאל","Unresolved","","No lexical entry yet","true","1","Targum Jonathan on I Samuel 2:20"
"targum-jonathan-on-i-samuel","Targum Jonathan on I Samuel","tok-a305de876d08","דְשַׁאֲלִין","דשאלינ","Unresolved","","No lexical entry yet","true","1","Targum Jonathan on I Samuel 8:10"
"targum-jonathan-on-i-samuel","Targum Jonathan on I Samuel","tok-1ef5e9b18a3b","דְשָׁאֲלִין","דשאלינ","Unresolved","","No lexical entry yet","true","1","Targum Jonathan on I Samuel 15:23"
"targum-jonathan-on-i-samuel","Targum Jonathan on I Samuel","tok-afb370b8f8bd","דִשְׁבוֹ","דשבו","Unresolved","","No lexical entry yet","true","2","Targum Jonathan on I Samuel 30:16; Targum Jonathan on I Samuel 30:18"
"targum-jonathan-on-i-samuel","Targum Jonathan on I Samuel","tok-aa9418e2e321","דָשֵׁי","דשי","Unresolved","","No lexical entry yet","true","2","Targum Jonathan on I Samuel 3:15; Targum Jonathan on I Samuel 21:14"
"targum-jonathan-on-i-samuel","Targum Jonathan on I Samuel","tok-734f62a56660","דְשֵׁיזַבְנָא","דשיזבנא","Unresolved","","No lexical entry yet","true","1","Targum Jonathan on I Samuel 30:22"
"targum-jonathan-on-i-samuel","Targum Jonathan on I Samuel","tok-3cc1bbfa13d1","דְשֵׁיזְבַנִי","דשיזבני","Unresolved","","No lexical entry yet","true","1","Targum Jonathan on I Samuel 17:37"
"targum-jonathan-on-i-samuel","Targum Jonathan on I Samuel","tok-64320041e2db","דְשַׁיִט","דשיט","Unresolved","","No lexical entry yet","true","1","Targum Jonathan on I Samuel 15:9"
"targum-jonathan-on-i-samuel","Targum Jonathan on I Samuel","tok-37571d1f865c","דָשִׁין","דשינ","Unresolved","","No lexical entry yet","true","1","Targum Jonathan on I Samuel 23:7"
"targum-jonathan-on-i-samuel","Targum Jonathan on I Samuel","tok-9d6cd37fe30e","דְשֵׁיצֵי","דשיצי","Unresolved","","No lexical entry yet","true","1","Targum Jonathan on I Samuel 28:9"
"targum-jonathan-on-i-samuel","Targum Jonathan on I Samuel","tok-6a5938037481","דִשְׁכַב","דשכב","Unresolved","","No lexical entry yet","true","1","Targum Jonathan on I Samuel 26:5"
"targum-jonathan-on-i-samuel","Targum Jonathan on I Samuel","tok-60e45773b6a2","דִשְׁכִינְתֵּהּ","דשכינתה","Unresolved","","No lexical entry yet","true","1","Targum Jonathan on I Samuel 4:4"
"targum-jonathan-on-i-samuel","Targum Jonathan on I Samuel","tok-ecd686c55917","דִשְׁלַח","דשלח","Unresolved","","No lexical entry yet","true","1","Targum Jonathan on I Samuel 18:5"
"targum-jonathan-on-i-samuel","Targum Jonathan on I Samuel","tok-2bcd4e5e8825","דְשַׁלְחָךְ","דשלחכ","Unresolved","","No lexical entry yet","true","1","Targum Jonathan on I Samuel 25:32"
"targum-jonathan-on-i-samuel","Targum Jonathan on I Samuel","tok-d18d7b76b455","דְשַׁלְחַנִי","דשלחני","Unresolved","","No lexical entry yet","true","1","Targum Jonathan on I Samuel 15:20"
"targum-jonathan-on-i-samuel","Targum Jonathan on I Samuel","tok-265abbab3b27","דִשְׁלָחְתָּא","דשלחתא","Unresolved","","No lexical entry yet","true","1","Targum Jonathan on I Samuel 25:25"
"targum-jonathan-on-i-samuel","Targum Jonathan on I Samuel","tok-d9ada1a55a4d","דִשְׁמַיָא","דשמיא","Unresolved","","No lexical entry yet","true","2","Targum Jonathan on I Samuel 17:44; Targum Jonathan on I Samuel 17:46"
"targum-jonathan-on-i-samuel","Targum Jonathan on I Samuel","tok-aec2c6d754d7","דִשְׁמַע","דשמע","Unresolved","","No lexical entry yet","true","1","Targum Jonathan on I Samuel 23:11"
"targum-jonathan-on-i-samuel","Targum Jonathan on I Samuel","tok-85a98a67f7b4","דִשְׁקַר","דשקר","Unresolved","","No lexical entry yet","true","1","Targum Jonathan on I Samuel 12:3"
"targum-jonathan-on-i-samuel","Targum Jonathan on I Samuel","tok-a37bc78720ea","דִשְׁקָר","דשקר","Unresolved","","No lexical entry yet","true","1","Targum Jonathan on I Samuel 8:3"
"targum-jonathan-on-i-samuel","Targum Jonathan on I Samuel","tok-8c88f61399c3","דִשְׁרָא","דשרא","Unresolved","","No lexical entry yet","true","1","Targum Jonathan on I Samuel 7:2"
"targum-jonathan-on-i-samuel","Targum Jonathan on I Samuel","tok-8b1b9307a79e","דְשָׁרֵי","דשרי","Unresolved","","No lexical entry yet","true","1","Targum Jonathan on I Samuel 23:22"
"targum-jonathan-on-i-samuel","Targum Jonathan on I Samuel","tok-9afb7c89658a","דִשְׁתִיאַת","דשתיאת","Unresolved","","No lexical entry yet","true","1","Targum Jonathan on I Samuel 1:9"
"targum-jonathan-on-i-samuel","Targum Jonathan on I Samuel","tok-7e3de1eb3050","דִתְהָכוּן","דתהכונ","Unresolved","","No lexical entry yet","true","1","Targum Jonathan on I Samuel 12:23"
"targum-jonathan-on-i-samuel","Targum Jonathan on I Samuel","tok-43afcc6ffdb7","דְתַחְסְלִין","דתחסלינ","Unresolved","","No lexical entry yet","true","1","Targum Jonathan on I Samuel 1:23"
"targum-jonathan-on-i-samuel","Targum Jonathan on I Samuel","tok-189ad6288289","דְתֵיתֵי","דתיתי","Unresolved","","No lexical entry yet","true","2","Targum Jonathan on I Samuel 2:32; Targum Jonathan on I Samuel 2:34"
"targum-jonathan-on-i-samuel","Targum Jonathan on I Samuel","tok-df0295fb5a98","דְתַמָן","דתמנ","Unresolved","","No lexical entry yet","true","3","Targum Jonathan on I Samuel 3:3; Targum Jonathan on I Samuel 9:10; Targum Jonathan on I Samuel 10:5"
"targum-jonathan-on-i-samuel","Targum Jonathan on I Samuel","tok-094d9e095b12","דְתַעְבֵּד","דתעבד","Unresolved","","No lexical entry yet","true","1","Targum Jonathan on I Samuel 16:3"
"targum-jonathan-on-i-samuel","Targum Jonathan on I Samuel","tok-10b3708e2e11","דְתַעֲבֵּיד","דתעביד","Unresolved","","No lexical entry yet","true","1","Targum Jonathan on I Samuel 10:8"
"targum-jonathan-on-i-samuel","Targum Jonathan on I Samuel","tok-37101a06bdc4","דְתִפְסוֹק","דתפסוק","Unresolved","","No lexical entry yet","true","1","Targum Jonathan on I Samuel 1:12"
"targum-jonathan-on-i-samuel","Targum Jonathan on I Samuel","tok-bf39a59818de","דְתַקִין","דתקינ","Unresolved","","No lexical entry yet","true","4","Targum Jonathan on I Samuel 3:18; Targum Jonathan on I Samuel 11:10; Targum Jonathan on I Samuel 14:36; Targum Jonathan on I Samuel 14:40"
"targum-jonathan-on-i-samuel","Targum Jonathan on I Samuel","tok-d4f0b8a35976","דְתַקֵן","דתקנ","Unresolved","","No lexical entry yet","true","2","Targum Jonathan on I Samuel 15:28; Targum Jonathan on I Samuel 24:5"
"targum-jonathan-on-i-samuel","Targum Jonathan on I Samuel","tok-3b5df4a3c7ca","דִתְשֵׁיצֵי","דתשיצי","Unresolved","","No lexical entry yet","true","1","Targum Jonathan on I Samuel 15:18"
"targum-jonathan-on-i-samuel","Targum Jonathan on I Samuel","tok-3aaa086e4141","דְתַשְׁכַּח","דתשכח","Unresolved","","No lexical entry yet","true","1","Targum Jonathan on I Samuel 25:8"
"targum-jonathan-on-i-samuel","Targum Jonathan on I Samuel","tok-935f6dd41fa0","דְתִתְמְלֵי","דתתמלי","Unresolved","","No lexical entry yet","true","1","Targum Jonathan on I Samuel 2:5"
"targum-jonathan-on-i-samuel","Targum Jonathan on I Samuel","tok-1725b87cf5a6","הֲאַדְבְּקִינֵיהּ","האדבקיניה","Unresolved","","No lexical entry yet","true","1","Targum Jonathan on I Samuel 30:8"
"targum-jonathan-on-i-samuel","Targum Jonathan on I Samuel","tok-24ffbb98d85c","הַאֵזִיל","האזיל","Unresolved","","No lexical entry yet","true","1","Targum Jonathan on I Samuel 23:2"
"targum-jonathan-on-i-samuel","Targum Jonathan on I Samuel","tok-e85ca2cc9bd1","הַאֵיחוֹת","האיחות","Unresolved","","No lexical entry yet","true","1","Targum Jonathan on I Samuel 14:37"
"targum-jonathan-on-i-samuel","Targum Jonathan on I Samuel","tok-27389f0365cc","הָאִינוּן","האינונ","Unresolved","","No lexical entry yet","true","6","Targum Jonathan on I Samuel 3:1; Targum Jonathan on I Samuel 3:2; Targum Jonathan on I Samuel 17:28; Targum Jonathan on I Samuel 28:1; Targum Jonathan on I Samuel 29:4"
"targum-jonathan-on-i-samuel","Targum Jonathan on I Samuel","tok-604e037a19ee","הֲאִית","האית","Unresolved","","No lexical entry yet","true","2","Targum Jonathan on I Samuel 9:11; Targum Jonathan on I Samuel 10:22"
"targum-jonathan-on-i-samuel","Targum Jonathan on I Samuel","tok-c9a115b8d414","הָאִלֵין","האלינ","Unresolved","","No lexical entry yet","true","20","Targum Jonathan on I Samuel 4:8; Targum Jonathan on I Samuel 7:16; Targum Jonathan on I Samuel 10:9; Targum Jonathan on I Samuel 11:6; Targum Jonathan on I Samuel 14:6"
"targum-jonathan-on-i-samuel","Targum Jonathan on I Samuel","tok-6537866863ed","הָאֵלִין","האלינ","Unresolved","","No lexical entry yet","true","1","Targum Jonathan on I Samuel 2:23"
"targum-jonathan-on-i-samuel","Targum Jonathan on I Samuel","tok-5ec599d1b858","הָאִלֵן","האלנ","Unresolved","","No lexical entry yet","true","1","Targum Jonathan on I Samuel 10:7"
"targum-jonathan-on-i-samuel","Targum Jonathan on I Samuel","tok-7c9f444a72d8","הֲאַף","האפ","Unresolved","","No lexical entry yet","true","3","Targum Jonathan on I Samuel 10:11; Targum Jonathan on I Samuel 10:12; Targum Jonathan on I Samuel 19:24"
"targum-jonathan-on-i-samuel","Targum Jonathan on I Samuel","tok-e8a9f1676aa1","הַב","הב","Unresolved","","No lexical entry yet","true","4","Targum Jonathan on I Samuel 2:15; Targum Jonathan on I Samuel 9:23; Targum Jonathan on I Samuel 21:4; Targum Jonathan on I Samuel 25:8"
"targum-jonathan-on-i-samuel","Targum Jonathan on I Samuel","tok-c22b89c0e17b","הַבְנָא","הבנא","Unresolved","","No lexical entry yet","true","1","Targum Jonathan on I Samuel 21:10"
"targum-jonathan-on-i-samuel","Targum Jonathan on I Samuel","tok-2422384fb671","הֶדְיוֹט","הדיוט","Unresolved","","No lexical entry yet","true","1","Targum Jonathan on I Samuel 24:15"
"targum-jonathan-on-i-samuel","Targum Jonathan on I Samuel","tok-091498fb4298","הוֹדִיעוּנָנָא","הודיעוננא","Unresolved","","No lexical entry yet","true","1","Targum Jonathan on I Samuel 6:2"
"targum-jonathan-on-i-samuel","Targum Jonathan on I Samuel","tok-679b6487a364","הֲווֹ","הוו","Unresolved","","No lexical entry yet","true","7","Targum Jonathan on I Samuel 1:18; Targum Jonathan on I Samuel 2:12; Targum Jonathan on I Samuel 2:27; Targum Jonathan on I Samuel 13:2; Targum Jonathan on I Samuel 14:21"
"targum-jonathan-on-i-samuel","Targum Jonathan on I Samuel","tok-d4612ac36e33","הֲוֵינָא","הוינא","Unresolved","","No lexical entry yet","true","1","Targum Jonathan on I Samuel 25:15"
"targum-jonathan-on-i-samuel","Targum Jonathan on I Samuel","tok-ad64c592e211","הֲוֵיתָא","הויתא","Unresolved","","No lexical entry yet","true","1","Targum Jonathan on I Samuel 15:17"
"targum-jonathan-on-i-samuel","Targum Jonathan on I Samuel","tok-49e4f59020cb","הֲוַת","הות","Unresolved","","No lexical entry yet","true","7","Targum Jonathan on I Samuel 4:7; Targum Jonathan on I Samuel 4:17; Targum Jonathan on I Samuel 5:11; Targum Jonathan on I Samuel 10:12; Targum Jonathan on I Samuel 14:20"
"targum-jonathan-on-i-samuel","Targum Jonathan on I Samuel","tok-f50a17420295","הֲוָת","הות","Unresolved","","No lexical entry yet","true","1","Targum Jonathan on I Samuel 27:6"
"targum-jonathan-on-i-samuel","Targum Jonathan on I Samuel","tok-785da3e6b497","הַזְעֵירָא","הזעירא","Unresolved","","No lexical entry yet","true","1","Targum Jonathan on I Samuel 18:23"
"targum-jonathan-on-i-samuel","Targum Jonathan on I Samuel","tok-7cbc44d982d8","הַחֲזֵיתוּן","החזיתונ","Unresolved","","No lexical entry yet","true","2","Targum Jonathan on I Samuel 10:24; Targum Jonathan on I Samuel 17:25"
"targum-jonathan-on-i-samuel","Targum Jonathan on I Samuel","tok-e99f7d70893f","הַיוֹנָתָן","היונתנ","Unresolved","","No lexical entry yet","true","1","Targum Jonathan on I Samuel 14:45"
"targum-jonathan-on-i-samuel","Targum Jonathan on I Samuel","tok-a788676b33ae","הֵימָן","הימנ","Unresolved","","No lexical entry yet","true","1","Targum Jonathan on I Samuel 2:1"
"targum-jonathan-on-i-samuel","Targum Jonathan on I Samuel","tok-18932bce9ac0","הָכָא","הכא","Unresolved","","No lexical entry yet","true","9","Targum Jonathan on I Samuel 1:26; Targum Jonathan on I Samuel 7:12; Targum Jonathan on I Samuel 9:11; Targum Jonathan on I Samuel 9:27; Targum Jonathan on I Samuel 10:22"
"targum-jonathan-on-i-samuel","Targum Jonathan on I Samuel","tok-a45beb7a941a","הֲכַלְבָּא","הכלבא","Unresolved","","No lexical entry yet","true","1","Targum Jonathan on I Samuel 17:43"
"targum-jonathan-on-i-samuel","Targum Jonathan on I Samuel","tok-1e009eac3272","הַלִיךְ","הליכ","Unresolved","","No lexical entry yet","true","1","Targum Jonathan on I Samuel 30:31"
"targum-jonathan-on-i-samuel","Targum Jonathan on I Samuel","tok-b9d08f7f41b2","הֲלִיכוּ","הליכו","Unresolved","","No lexical entry yet","true","2","Targum Jonathan on I Samuel 8:3; Targum Jonathan on I Samuel 8:5"
"targum-jonathan-on-i-samuel","Targum Jonathan on I Samuel","tok-0e6b40fd3812","הַלְכָא","הלכא","Unresolved","","No lexical entry yet","true","2","Targum Jonathan on I Samuel 14:36; Targum Jonathan on I Samuel 14:38"
"targum-jonathan-on-i-samuel","Targum Jonathan on I Samuel","tok-60e182f849e6","הַלְכֵית","הלכית","Unresolved","","No lexical entry yet","true","1","Targum Jonathan on I Samuel 12:2"
"targum-jonathan-on-i-samuel","Targum Jonathan on I Samuel","tok-e181726635ef","הֲלֵכְנָא","הלכנא","Unresolved","","No lexical entry yet","true","1","Targum Jonathan on I Samuel 25:15"
"targum-jonathan-on-i-samuel","Targum Jonathan on I Samuel","tok-29001ff70ab3","הִלְכָתֵיהּ","הלכתיה","Unresolved","","No lexical entry yet","true","1","Targum Jonathan on I Samuel 27:11"
"targum-jonathan-on-i-samuel","Targum Jonathan on I Samuel","tok-81431a26b118","הַסְבִיר","הסביר","Unresolved","","No lexical entry yet","true","1","Targum Jonathan on I Samuel 23:11"
"targum-jonathan-on-i-samuel","Targum Jonathan on I Samuel","tok-99ba6759901d","הַסְבִירִין","הסבירינ","Unresolved","","No lexical entry yet","true","2","Targum Jonathan on I Samuel 23:11; Targum Jonathan on I Samuel 23:12"
"targum-jonathan-on-i-samuel","Targum Jonathan on I Samuel","tok-e361f10351c9","הֲקָלָךְ","הקלכ","Unresolved","","No lexical entry yet","true","2","Targum Jonathan on I Samuel 24:17; Targum Jonathan on I Samuel 26:17"
"targum-jonathan-on-i-samuel","Targum Jonathan on I Samuel","tok-7f894e8473fa","הַשְׁלִימוּ","השלימו","Unresolved","","No lexical entry yet","true","1","Targum Jonathan on I Samuel 16:11"
"targum-jonathan-on-i-samuel","Targum Jonathan on I Samuel","tok-104f591af7b1","הֲתַחְתִּינַנִי","התחתינני","Unresolved","","No lexical entry yet","true","1","Targum Jonathan on I Samuel 30:15"
"targum-jonathan-on-i-samuel","Targum Jonathan on I Samuel","tok-d568fe473232","הֲתִמְסְרִינוּן","התמסרינונ","Unresolved","","No lexical entry yet","true","1","Targum Jonathan on I Samuel 14:37"
"targum-jonathan-on-i-samuel","Targum Jonathan on I Samuel","tok-b81a8282aa94","וַאֲבָדָא","ואבדא","Unresolved","","No lexical entry yet","true","1","Targum Jonathan on I Samuel 9:3"
"targum-jonathan-on-i-samuel","Targum Jonathan on I Samuel","tok-c9f9a5bd0784","וַאֲבִיגַיִל","ואביגיל","Unresolved","","No lexical entry yet","true","2","Targum Jonathan on I Samuel 27:3; Targum Jonathan on I Samuel 30:5"
"targum-jonathan-on-i-samuel","Targum Jonathan on I Samuel","tok-2c0239c7b219","וַאֲבִישַׁי","ואבישי","Unresolved","","No lexical entry yet","true","1","Targum Jonathan on I Samuel 26:7"
"targum-jonathan-on-i-samuel","Targum Jonathan on I Samuel","tok-6b1f13b7ab35","וְאֶבְלוֹשׁ","ואבלוש","Unresolved","","No lexical entry yet","true","1","Targum Jonathan on I Samuel 23:23"
"targum-jonathan-on-i-samuel","Targum Jonathan on I Samuel","tok-9c538a6db122","וְאַבְרְזִינֵיהּ","ואברזיניה","Unresolved","","No lexical entry yet","true","2","Targum Jonathan on I Samuel 18:11; Targum Jonathan on I Samuel 26:8"
"targum-jonathan-on-i-samuel","Targum Jonathan on I Samuel","tok-abe054e9cf8f","וְאַגַח","ואגח","Unresolved","","No lexical entry yet","true","1","Targum Jonathan on I Samuel 18:17"
"targum-jonathan-on-i-samuel","Targum Jonathan on I Samuel","tok-45628d63fb2e","וְאַגִיח","ואגיח","Unresolved","","No lexical entry yet","true","1","Targum Jonathan on I Samuel 29:8"
"targum-jonathan-on-i-samuel","Targum Jonathan on I Samuel","tok-a8bfd6f1e987","וְאַגִיחַ","ואגיח","Unresolved","","No lexical entry yet","true","3","Targum Jonathan on I Samuel 14:47; Targum Jonathan on I Samuel 19:8; Targum Jonathan on I Samuel 23:5"
"targum-jonathan-on-i-samuel","Targum Jonathan on I Samuel","tok-a33e4788603e","וְאַגִיחוּ","ואגיחו","Unresolved","","No lexical entry yet","true","2","Targum Jonathan on I Samuel 4:10; Targum Jonathan on I Samuel 12:9"
"targum-jonathan-on-i-samuel","Targum Jonathan on I Samuel","tok-107479051277","וְאַדְבִּיקוּ","ואדביקו","Unresolved","","No lexical entry yet","true","2","Targum Jonathan on I Samuel 14:22; Targum Jonathan on I Samuel 31:2"
"targum-jonathan-on-i-samuel","Targum Jonathan on I Samuel","tok-c4127530aed2","וְאֵהַךְ","ואהכ","Unresolved","","No lexical entry yet","true","1","Targum Jonathan on I Samuel 23:23"
"targum-jonathan-on-i-samuel","Targum Jonathan on I Samuel","tok-003a13e1401e","וֶאֱהַךְ","ואהכ","Unresolved","","No lexical entry yet","true","1","Targum Jonathan on I Samuel 28:7"
"targum-jonathan-on-i-samuel","Targum Jonathan on I Samuel","tok-0de198193006","וְאוֹבִיל","ואוביל","Unresolved","","No lexical entry yet","true","1","Targum Jonathan on I Samuel 17:17"
"targum-jonathan-on-i-samuel","Targum Jonathan on I Samuel","tok-ca9d69093bdb","וְאוֹבֵלִית","ואובלית","Unresolved","","No lexical entry yet","true","1","Targum Jonathan on I Samuel 17:8"
"targum-jonathan-on-i-samuel","Targum Jonathan on I Samuel","tok-355fc522b603","וְאוֹחֵי","ואוחי","Unresolved","","No lexical entry yet","true","2","Targum Jonathan on I Samuel 17:48; Targum Jonathan on I Samuel 28:20"
"targum-jonathan-on-i-samuel","Targum Jonathan on I Samuel","tok-0f27829a0cb5","וְאוֹחִיאַת","ואוחיאת","Unresolved","","No lexical entry yet","true","4","Targum Jonathan on I Samuel 25:18; Targum Jonathan on I Samuel 25:23; Targum Jonathan on I Samuel 25:42; Targum Jonathan on I Samuel 28:24"
"targum-jonathan-on-i-samuel","Targum Jonathan on I Samuel","tok-ee518b692328","וְאוֹמֵי","ואומי","Unresolved","","No lexical entry yet","true","1","Targum Jonathan on I Samuel 14:24"
"targum-jonathan-on-i-samuel","Targum Jonathan on I Samuel","tok-5e0e8142c08e","וְאוּמַן","ואומנ","Unresolved","","No lexical entry yet","true","1","Targum Jonathan on I Samuel 13:19"
"targum-jonathan-on-i-samuel","Targum Jonathan on I Samuel","tok-ca452167cf67","וְאוּמְנַיָא","ואומניא","Unresolved","","No lexical entry yet","true","1","Targum Jonathan on I Samuel 8:12"
"targum-jonathan-on-i-samuel","Targum Jonathan on I Samuel","tok-3ed355e84edd","וְאוֹנִיקַת","ואוניקת","Unresolved","","No lexical entry yet","true","1","Targum Jonathan on I Samuel 1:23"
"targum-jonathan-on-i-samuel","Targum Jonathan on I Samuel","tok-0343528c4b33","וְאוֹסִיף","ואוסיפ","Unresolved","","No lexical entry yet","true","8","Targum Jonathan on I Samuel 3:6; Targum Jonathan on I Samuel 3:8; Targum Jonathan on I Samuel 3:21; Targum Jonathan on I Samuel 9:8; Targum Jonathan on I Samuel 18:29"
"targum-jonathan-on-i-samuel","Targum Jonathan on I Samuel","tok-1c9aac15d94b","וְאוֹסִיפוּ","ואוסיפו","Unresolved","","No lexical entry yet","true","1","Targum Jonathan on I Samuel 19:8"
"targum-jonathan-on-i-samuel","Targum Jonathan on I Samuel","tok-500fa9d9d833","וְאוֹקִידוּ","ואוקידו","Unresolved","","No lexical entry yet","true","1","Targum Jonathan on I Samuel 30:1"
"targum-jonathan-on-i-samuel","Targum Jonathan on I Samuel","tok-936e814c5ca8","וְאוֹרִיךְ","ואוריכ","Unresolved","","No lexical entry yet","true","1","Targum Jonathan on I Samuel 13:8"
"targum-jonathan-on-i-samuel","Targum Jonathan on I Samuel","tok-902982b51e3d","וְאוֹרִיכַת","ואוריכת","Unresolved","","No lexical entry yet","true","1","Targum Jonathan on I Samuel 1:23"
"targum-jonathan-on-i-samuel","Targum Jonathan on I Samuel","tok-1b3549ae2b61","וְאוֹשִׁיט","ואושיט","Unresolved","","No lexical entry yet","true","2","Targum Jonathan on I Samuel 14:27; Targum Jonathan on I Samuel 17:49"
"targum-jonathan-on-i-samuel","Targum Jonathan on I Samuel","tok-b1b7ad14e376","וְאוֹתִיבִינוּן","ואותיבינונ","Unresolved","","No lexical entry yet","true","1","Targum Jonathan on I Samuel 12:8"
"targum-jonathan-on-i-samuel","Targum Jonathan on I Samuel","tok-17994d435439","וְאוֹתֵיבִינוּן","ואותיבינונ","Unresolved","","No lexical entry yet","true","1","Targum Jonathan on I Samuel 30:21"
"targum-jonathan-on-i-samuel","Targum Jonathan on I Samuel","tok-e66ab36b65b1","וְאִזְגַדָא","ואזגדא","Unresolved","","No lexical entry yet","true","1","Targum Jonathan on I Samuel 23:27"
"targum-jonathan-on-i-samuel","Targum Jonathan on I Samuel","tok-6dd2ad30ce7f","וֶאֱזֵיל","ואזיל","Unresolved","","No lexical entry yet","true","2","Targum Jonathan on I Samuel 22:5; Targum Jonathan on I Samuel 29:7"
"targum-jonathan-on-i-samuel","Targum Jonathan on I Samuel","tok-45de96a2af2d","וֶאֱזֵל","ואזל","Unresolved","","No lexical entry yet","true","1","Targum Jonathan on I Samuel 23:27"
"targum-jonathan-on-i-samuel","Targum Jonathan on I Samuel","tok-2fd590c4b2dc","וַאֲזַל","ואזל","Unresolved","","No lexical entry yet","true","32","Targum Jonathan on I Samuel 2:11; Targum Jonathan on I Samuel 3:5; Targum Jonathan on I Samuel 3:6; Targum Jonathan on I Samuel 3:8; Targum Jonathan on I Samuel 3:9"
"targum-jonathan-on-i-samuel","Targum Jonathan on I Samuel","tok-b0f90a9958d7","וַאֲזַלוּ","ואזלו","Unresolved","","No lexical entry yet","true","9","Targum Jonathan on I Samuel 2:20; Targum Jonathan on I Samuel 9:10; Targum Jonathan on I Samuel 11:15; Targum Jonathan on I Samuel 17:13; Targum Jonathan on I Samuel 23:24"
"targum-jonathan-on-i-samuel","Targum Jonathan on I Samuel","tok-d8fc2599d4b6","וַאֲזָלוּ","ואזלו","Unresolved","","No lexical entry yet","true","2","Targum Jonathan on I Samuel 6:6; Targum Jonathan on I Samuel 10:26"
"targum-jonathan-on-i-samuel","Targum Jonathan on I Samuel","tok-0ec365e23df8","וַאֲזָלִית","ואזלית","Unresolved","","No lexical entry yet","true","1","Targum Jonathan on I Samuel 15:20"
"targum-jonathan-on-i-samuel","Targum Jonathan on I Samuel","tok-cafc70109154","וַאֲזַלַת","ואזלת","Unresolved","","No lexical entry yet","true","1","Targum Jonathan on I Samuel 25:42"
"targum-jonathan-on-i-samuel","Targum Jonathan on I Samuel","tok-ba85eaaa0630","וַאֲזָלַת","ואזלת","Unresolved","","No lexical entry yet","true","1","Targum Jonathan on I Samuel 1:18"
"targum-jonathan-on-i-samuel","Targum Jonathan on I Samuel","tok-79d5561a70d4","וַאֲחָדִית","ואחדית","Unresolved","","No lexical entry yet","true","1","Targum Jonathan on I Samuel 17:35"
"targum-jonathan-on-i-samuel","Targum Jonathan on I Samuel","tok-ba5d4b6fcdc1","וַאֲחַוֵי","ואחוי","Unresolved","","No lexical entry yet","true","4","Targum Jonathan on I Samuel 10:8; Targum Jonathan on I Samuel 15:16; Targum Jonathan on I Samuel 19:3; Targum Jonathan on I Samuel 20:12"
"targum-jonathan-on-i-samuel","Targum Jonathan on I Samuel","tok-924c1d3fc5ce","וַאַחֲוֵי","ואחוי","Unresolved","","No lexical entry yet","true","1","Targum Jonathan on I Samuel 20:13"
"targum-jonathan-on-i-samuel","Targum Jonathan on I Samuel","tok-02ac73fe9c6d","וְאֶחְזֵי","ואחזי","Unresolved","","No lexical entry yet","true","1","Targum Jonathan on I Samuel 19:3"
"targum-jonathan-on-i-samuel","Targum Jonathan on I Samuel","tok-ad4eaf67d672","וְאֶחֱזֵי","ואחזי","Unresolved","","No lexical entry yet","true","1","Targum Jonathan on I Samuel 20:29"
"targum-jonathan-on-i-samuel","Targum Jonathan on I Samuel","tok-c6ae321f0869","וַאֲחִיָה","ואחיה","Unresolved","","No lexical entry yet","true","1","Targum Jonathan on I Samuel 14:3"
"targum-jonathan-on-i-samuel","Targum Jonathan on I Samuel","tok-71ab1d3cd4c0","וְאַחְתֵיהּ","ואחתיה","Unresolved","","No lexical entry yet","true","1","Targum Jonathan on I Samuel 30:16"
"targum-jonathan-on-i-samuel","Targum Jonathan on I Samuel","tok-731f5190a01c","וְאַחְתִינָךְ","ואחתינכ","Unresolved","","No lexical entry yet","true","1","Targum Jonathan on I Samuel 30:15"
"targum-jonathan-on-i-samuel","Targum Jonathan on I Samuel","tok-f6aa7c1c47ef","וְאִטַמֵר","ואטמר","Unresolved","","No lexical entry yet","true","1","Targum Jonathan on I Samuel 20:5"
"targum-jonathan-on-i-samuel","Targum Jonathan on I Samuel","tok-00b6f5296ac1","וְאִטַמַר","ואטמר","Unresolved","","No lexical entry yet","true","1","Targum Jonathan on I Samuel 20:24"
"targum-jonathan-on-i-samuel","Targum Jonathan on I Samuel","tok-5bdafdca78d1","וְאִטַמָרוּ","ואטמרו","Unresolved","","No lexical entry yet","true","1","Targum Jonathan on I Samuel 13:6"
"targum-jonathan-on-i-samuel","Targum Jonathan on I Samuel","tok-1a21df62a107","וְאִטַפָּשִׁית","ואטפשית","Unresolved","","No lexical entry yet","true","1","Targum Jonathan on I Samuel 26:21"
"targum-jonathan-on-i-samuel","Targum Jonathan on I Samuel","tok-4b529ac6f0c7","וְאִימַר","ואימר","Unresolved","","No lexical entry yet","true","1","Targum Jonathan on I Samuel 22:19"
"targum-jonathan-on-i-samuel","Targum Jonathan on I Samuel","tok-9a55907c6fe1","וְאִינוּן","ואינונ","Unresolved","","No lexical entry yet","true","4","Targum Jonathan on I Samuel 9:11; Targum Jonathan on I Samuel 9:22; Targum Jonathan on I Samuel 10:5; Targum Jonathan on I Samuel 17:19"
"targum-jonathan-on-i-samuel","Targum Jonathan on I Samuel","tok-0d95ae09140c","וְאִיסְתְּחַר","ואיסתחר","Unresolved","","No lexical entry yet","true","1","Targum Jonathan on I Samuel 15:27"
"targum-jonathan-on-i-samuel","Targum Jonathan on I Samuel","tok-3144a1763619","וְאֵישֵׁיצֵי","ואישיצי","Unresolved","","No lexical entry yet","true","1","Targum Jonathan on I Samuel 3:12"
"targum-jonathan-on-i-samuel","Targum Jonathan on I Samuel","tok-9b690ef1d20b","וְאִיתָא","ואיתא","Unresolved","","No lexical entry yet","true","1","Targum Jonathan on I Samuel 16:1"
"targum-jonathan-on-i-samuel","Targum Jonathan on I Samuel","tok-6b63fbf33e6a","וְאַיְתָא","ואיתא","Unresolved","","No lexical entry yet","true","1","Targum Jonathan on I Samuel 20:21"
"targum-jonathan-on-i-samuel","Targum Jonathan on I Samuel","tok-9a1b0dd4a232","וְאִיתְאָחַד","ואיתאחד","Unresolved","","No lexical entry yet","true","2","Targum Jonathan on I Samuel 14:41; Targum Jonathan on I Samuel 14:42"
"targum-jonathan-on-i-samuel","Targum Jonathan on I Samuel","tok-b71a7258c728","וְאִיתְבַּדַר","ואיתבדר","Unresolved","","No lexical entry yet","true","1","Targum Jonathan on I Samuel 13:8"
"targum-jonathan-on-i-samuel","Targum Jonathan on I Samuel","tok-eb8cc8a6925e","וְאַיְתוֹהִי","ואיתוהי","Unresolved","","No lexical entry yet","true","1","Targum Jonathan on I Samuel 5:1"
"targum-jonathan-on-i-samuel","Targum Jonathan on I Samuel","tok-738757f97e77","וְאִיתְוַכַּח","ואיתוכח","Unresolved","","No lexical entry yet","true","1","Targum Jonathan on I Samuel 12:7"
"targum-jonathan-on-i-samuel","Targum Jonathan on I Samuel","tok-25a87793faef","וְאַיְתֵי","ואיתי","Unresolved","","No lexical entry yet","true","3","Targum Jonathan on I Samuel 18:27; Targum Jonathan on I Samuel 19:7; Targum Jonathan on I Samuel 20:21"
"targum-jonathan-on-i-samuel","Targum Jonathan on I Samuel","tok-ef998d952508","וְאַיְתִיאוּ","ואיתיאו","Unresolved","","No lexical entry yet","true","2","Targum Jonathan on I Samuel 1:25; Targum Jonathan on I Samuel 30:11"
"targum-jonathan-on-i-samuel","Targum Jonathan on I Samuel","tok-1280ba60a007","וְאַיְתֵיהּ","ואיתיה","Unresolved","","No lexical entry yet","true","3","Targum Jonathan on I Samuel 16:12; Targum Jonathan on I Samuel 17:54; Targum Jonathan on I Samuel 17:57"
"targum-jonathan-on-i-samuel","Targum Jonathan on I Samuel","tok-79c9b7a71524","וְאַיְתִינֵיהּ","ואיתיניה","Unresolved","","No lexical entry yet","true","3","Targum Jonathan on I Samuel 1:22; Targum Jonathan on I Samuel 16:11; Targum Jonathan on I Samuel 20:31"
"targum-jonathan-on-i-samuel","Targum Jonathan on I Samuel","tok-b572ec40c4dc","וְאַיְתֵיתִי","ואיתיתי","Unresolved","","No lexical entry yet","true","1","Targum Jonathan on I Samuel 15:20"
"targum-jonathan-on-i-samuel","Targum Jonathan on I Samuel","tok-4025dab013b2","וְאַיְתִיתֵיהּ","ואיתיתיה","Unresolved","","No lexical entry yet","true","1","Targum Jonathan on I Samuel 1:24"
"targum-jonathan-on-i-samuel","Targum Jonathan on I Samuel","tok-2b52860cb40e","וְאִיתְנְשִׁיאוּ","ואיתנשיאו","Unresolved","","No lexical entry yet","true","1","Targum Jonathan on I Samuel 2:5"
"targum-jonathan-on-i-samuel","Targum Jonathan on I Samuel","tok-9c1676cb1733","וְאִיתְפְּרַשׁ","ואיתפרש","Unresolved","","No lexical entry yet","true","1","Targum Jonathan on I Samuel 15:6"
"targum-jonathan-on-i-samuel","Targum Jonathan on I Samuel","tok-48923ce3eec2","וְאַכְוֵינָא","ואכוינא","Unresolved","","No lexical entry yet","true","1","Targum Jonathan on I Samuel 6:12"
"targum-jonathan-on-i-samuel","Targum Jonathan on I Samuel","tok-2ddfd021cd32","וֶאֱכוֹל","ואכול","Unresolved","","No lexical entry yet","true","1","Targum Jonathan on I Samuel 28:22"
"targum-jonathan-on-i-samuel","Targum Jonathan on I Samuel","tok-b49f895f6a3d","וַאֲכַלוּ","ואכלו","Unresolved","","No lexical entry yet","true","1","Targum Jonathan on I Samuel 28:25"
"targum-jonathan-on-i-samuel","Targum Jonathan on I Samuel","tok-0442da5ec18e","וְאַכְלִי","ואכלי","Unresolved","","No lexical entry yet","true","1","Targum Jonathan on I Samuel 7:10"
"targum-jonathan-on-i-samuel","Targum Jonathan on I Samuel","tok-14c1e731e697","וַאֲכָלַת","ואכלת","Unresolved","","No lexical entry yet","true","1","Targum Jonathan on I Samuel 1:18"
"targum-jonathan-on-i-samuel","Targum Jonathan on I Samuel","tok-05c8a33244fa","וְאִכָּרַיָא","ואכריא","Unresolved","","No lexical entry yet","true","1","Targum Jonathan on I Samuel 8:12"
"targum-jonathan-on-i-samuel","Targum Jonathan on I Samuel","tok-3b488683d6f9","וְאַכְרֵיז","ואכריז","Unresolved","","No lexical entry yet","true","1","Targum Jonathan on I Samuel 17:8"
"targum-jonathan-on-i-samuel","Targum Jonathan on I Samuel","tok-cf1392df0ddc","וֶאֱלָהָא","ואלהא","Unresolved","","No lexical entry yet","true","1","Targum Jonathan on I Samuel 1:17"
"targum-jonathan-on-i-samuel","Targum Jonathan on I Samuel","tok-38339fe6a704","וְאִלֵין","ואלינ","Unresolved","","No lexical entry yet","true","1","Targum Jonathan on I Samuel 6:17"
"targum-jonathan-on-i-samuel","Targum Jonathan on I Samuel","tok-91c74c162c99","וְאַלֵיף","ואליפ","Unresolved","","No lexical entry yet","true","1","Targum Jonathan on I Samuel 12:23"
"targum-jonathan-on-i-samuel","Targum Jonathan on I Samuel","tok-7386428cca41","וְאֶלֶף","ואלפ","Unresolved","","No lexical entry yet","true","1","Targum Jonathan on I Samuel 25:2"
"targum-jonathan-on-i-samuel","Targum Jonathan on I Samuel","tok-ea4265bb4973","וְאַלְפָא","ואלפא","Unresolved","","No lexical entry yet","true","1","Targum Jonathan on I Samuel 13:2"
"targum-jonathan-on-i-samuel","Targum Jonathan on I Samuel","tok-d1439d011ed5","וְאַלְקִי","ואלקי","Unresolved","","No lexical entry yet","true","1","Targum Jonathan on I Samuel 5:6"
"targum-jonathan-on-i-samuel","Targum Jonathan on I Samuel","tok-2124ead82849","וְאִמָא","ואמא","Unresolved","","No lexical entry yet","true","1","Targum Jonathan on I Samuel 22:3"
"targum-jonathan-on-i-samuel","Targum Jonathan on I Samuel","tok-bc796acbf872","וְאַמְלִיכוּ","ואמליכו","Unresolved","","No lexical entry yet","true","1","Targum Jonathan on I Samuel 11:15"
"targum-jonathan-on-i-samuel","Targum Jonathan on I Samuel","tok-36ef6bcab194","וְאַמְלְכֵית","ואמלכית","Unresolved","","No lexical entry yet","true","1","Targum Jonathan on I Samuel 12:1"
"targum-jonathan-on-i-samuel","Targum Jonathan on I Samuel","tok-f4967dc73a11","וְאֶמְסְרִינֵיהּ","ואמסריניה","Unresolved","","No lexical entry yet","true","1","Targum Jonathan on I Samuel 1:11"
"targum-jonathan-on-i-samuel","Targum Jonathan on I Samuel","tok-fc6d16fdd76d","וַאֲמַר","ואמר","Unresolved","","No lexical entry yet","true","259","Targum Jonathan on I Samuel 1:8; Targum Jonathan on I Samuel 1:14; Targum Jonathan on I Samuel 1:17; Targum Jonathan on I Samuel 1:23; Targum Jonathan on I Samuel 2:6"
"targum-jonathan-on-i-samuel","Targum Jonathan on I Samuel","tok-21dd162f1854","וַאֲמָר","ואמר","Unresolved","","No lexical entry yet","true","1","Targum Jonathan on I Samuel 22:22"
"targum-jonathan-on-i-samuel","Targum Jonathan on I Samuel","tok-c23a14eed585","וַאֲמַרָא","ואמרא","Unresolved","","No lexical entry yet","true","1","Targum Jonathan on I Samuel 18:7"
"targum-jonathan-on-i-samuel","Targum Jonathan on I Samuel","tok-019a86c5c2dd","וַאַמָרָא","ואמרא","Unresolved","","No lexical entry yet","true","1","Targum Jonathan on I Samuel 9:12"
"targum-jonathan-on-i-samuel","Targum Jonathan on I Samuel","tok-a73a6069246a","וַאֲמַרוּ","ואמרו","Unresolved","","No lexical entry yet","true","31","Targum Jonathan on I Samuel 4:3; Targum Jonathan on I Samuel 4:7; Targum Jonathan on I Samuel 5:11; Targum Jonathan on I Samuel 6:3; Targum Jonathan on I Samuel 6:4"
"targum-jonathan-on-i-samuel","Targum Jonathan on I Samuel","tok-4c5765863b53","וַאֲמָרוּ","ואמרו","Unresolved","","No lexical entry yet","true","6","Targum Jonathan on I Samuel 5:8; Targum Jonathan on I Samuel 6:20; Targum Jonathan on I Samuel 12:5; Targum Jonathan on I Samuel 14:11; Targum Jonathan on I Samuel 14:12"
"targum-jonathan-on-i-samuel","Targum Jonathan on I Samuel","tok-849ea6b83002","וַאַמַרוּ","ואמרו","Unresolved","","No lexical entry yet","true","1","Targum Jonathan on I Samuel 4:6"
"targum-jonathan-on-i-samuel","Targum Jonathan on I Samuel","tok-73f398ae1df6","וְאָמְרִין","ואמרינ","Unresolved","","No lexical entry yet","true","1","Targum Jonathan on I Samuel 5:7"
"targum-jonathan-on-i-samuel","Targum Jonathan on I Samuel","tok-fa4d90b07fb1","וַאֲמַרִית","ואמרית","Unresolved","","No lexical entry yet","true","1","Targum Jonathan on I Samuel 24:11"
"targum-jonathan-on-i-samuel","Targum Jonathan on I Samuel","tok-3da708e7f250","וַאֲמָרִית","ואמרית","Unresolved","","No lexical entry yet","true","2","Targum Jonathan on I Samuel 1:15; Targum Jonathan on I Samuel 13:12"
"targum-jonathan-on-i-samuel","Targum Jonathan on I Samuel","tok-66f0f6d0ba58","וַאֲמַרַת","ואמרת","Unresolved","","No lexical entry yet","true","18","Targum Jonathan on I Samuel 1:15; Targum Jonathan on I Samuel 1:18; Targum Jonathan on I Samuel 1:26; Targum Jonathan on I Samuel 2:1; Targum Jonathan on I Samuel 2:2"
"targum-jonathan-on-i-samuel","Targum Jonathan on I Samuel","tok-f5c2ca871bff","וַאֲמָרַת","ואמרת","Unresolved","","No lexical entry yet","true","3","Targum Jonathan on I Samuel 1:11; Targum Jonathan on I Samuel 4:22; Targum Jonathan on I Samuel 28:12"
"targum-jonathan-on-i-samuel","Targum Jonathan on I Samuel","tok-0a17ce5f0582","וַאֲמַרְתּוּן","ואמרתונ","Unresolved","","No lexical entry yet","true","2","Targum Jonathan on I Samuel 10:19; Targum Jonathan on I Samuel 12:12"
"targum-jonathan-on-i-samuel","Targum Jonathan on I Samuel","tok-072571cb503d","וַאֲנָא","ואנא","Unresolved","","No lexical entry yet","true","15","Targum Jonathan on I Samuel 4:16; Targum Jonathan on I Samuel 12:2; Targum Jonathan on I Samuel 14:40; Targum Jonathan on I Samuel 16:1; Targum Jonathan on I Samuel 16:3"
"targum-jonathan-on-i-samuel","Targum Jonathan on I Samuel","tok-d6f55d888f8c","וַאֲנַחְנָא","ואנחנא","Unresolved","","No lexical entry yet","true","1","Targum Jonathan on I Samuel 23:20"
"targum-jonathan-on-i-samuel","Targum Jonathan on I Samuel","tok-67cc7b9d619a","וַאֲנַחֲנָא","ואנחנא","Unresolved","","No lexical entry yet","true","1","Targum Jonathan on I Samuel 20:26"
"targum-jonathan-on-i-samuel","Targum Jonathan on I Samuel","tok-02f589d72f10","וֶאֱנַשׁ","ואנש","Unresolved","","No lexical entry yet","true","4","Targum Jonathan on I Samuel 11:8; Targum Jonathan on I Samuel 13:6; Targum Jonathan on I Samuel 17:2; Targum Jonathan on I Samuel 27:3"
"targum-jonathan-on-i-samuel","Targum Jonathan on I Samuel","tok-d38b7db663f6","וֶאֱנָשׁ","ואנש","Unresolved","","No lexical entry yet","true","1","Targum Jonathan on I Samuel 14:24"
"targum-jonathan-on-i-samuel","Targum Jonathan on I Samuel","tok-908e90c898b3","וָאֱנַשׁ","ואנש","Unresolved","","No lexical entry yet","true","1","Targum Jonathan on I Samuel 2:33"
"targum-jonathan-on-i-samuel","Targum Jonathan on I Samuel","tok-1eb032c7f888","וְאֶסַב","ואסב","Unresolved","","No lexical entry yet","true","1","Targum Jonathan on I Samuel 25:11"
"targum-jonathan-on-i-samuel","Targum Jonathan on I Samuel","tok-6d1993fc076c","וְאֶסְגוֹד","ואסגוד","Unresolved","","No lexical entry yet","true","2","Targum Jonathan on I Samuel 15:25; Targum Jonathan on I Samuel 15:30"
"targum-jonathan-on-i-samuel","Targum Jonathan on I Samuel","tok-a6b214609c11","וְאַסְחַר","ואסחר","Unresolved","","No lexical entry yet","true","3","Targum Jonathan on I Samuel 20:24; Targum Jonathan on I Samuel 20:25"
"targum-jonathan-on-i-samuel","Targum Jonathan on I Samuel","tok-2b76c2d2cfc8","וְאַסְחָרוּ","ואסחרו","Unresolved","","No lexical entry yet","true","1","Targum Jonathan on I Samuel 5:8"
"targum-jonathan-on-i-samuel","Targum Jonathan on I Samuel","tok-25c091e5e7b6","וְאַסֵיק","ואסיק","Unresolved","","No lexical entry yet","true","1","Targum Jonathan on I Samuel 13:9"
"targum-jonathan-on-i-samuel","Targum Jonathan on I Samuel","tok-2f071991b232","וַאֲסִיקוּ","ואסיקו","Unresolved","","No lexical entry yet","true","1","Targum Jonathan on I Samuel 7:1"
"targum-jonathan-on-i-samuel","Targum Jonathan on I Samuel","tok-a0f156cf34ff","וְאַסְקֵי","ואסקי","Unresolved","","No lexical entry yet","true","1","Targum Jonathan on I Samuel 28:8"
"targum-jonathan-on-i-samuel","Targum Jonathan on I Samuel","tok-069af9bbc526","וְאַסְקֵיהּ","ואסקיה","Unresolved","","No lexical entry yet","true","1","Targum Jonathan on I Samuel 7:9"
"targum-jonathan-on-i-samuel","Targum Jonathan on I Samuel","tok-ede1b7b13092","וְאַסְקֵית","ואסקית","Unresolved","","No lexical entry yet","true","1","Targum Jonathan on I Samuel 13:12"
"targum-jonathan-on-i-samuel","Targum Jonathan on I Samuel","tok-b2fb0b3a999d","וְאַסִקְתֵּיהּ","ואסקתיה","Unresolved","","No lexical entry yet","true","1","Targum Jonathan on I Samuel 1:24"
"targum-jonathan-on-i-samuel","Targum Jonathan on I Samuel","tok-76ef0985d6a6","וְאַסְרוּנוּן","ואסרונונ","Unresolved","","No lexical entry yet","true","1","Targum Jonathan on I Samuel 6:10"
"targum-jonathan-on-i-samuel","Targum Jonathan on I Samuel","tok-d52050090b3c","וְאִסְתְּחַר","ואסתחר","Unresolved","","No lexical entry yet","true","4","Targum Jonathan on I Samuel 15:12; Targum Jonathan on I Samuel 17:30; Targum Jonathan on I Samuel 18:11; Targum Jonathan on I Samuel 22:18"
"targum-jonathan-on-i-samuel","Targum Jonathan on I Samuel","tok-0f4b56040736","וְאִסְתְּכֵי","ואסתכי","Unresolved","","No lexical entry yet","true","2","Targum Jonathan on I Samuel 17:42; Targum Jonathan on I Samuel 24:9"
"targum-jonathan-on-i-samuel","Targum Jonathan on I Samuel","tok-d8691958686d","וְאֶסְתֵּר","ואסתר","Unresolved","","No lexical entry yet","true","1","Targum Jonathan on I Samuel 2:5"
"targum-jonathan-on-i-samuel","Targum Jonathan on I Samuel","tok-8b1f246e6089","וְאָעָא","ואעא","Unresolved","","No lexical entry yet","true","1","Targum Jonathan on I Samuel 17:7"
"targum-jonathan-on-i-samuel","Targum Jonathan on I Samuel","tok-0e2887b4a894","וְאַעְבֵּד","ואעבד","Unresolved","","No lexical entry yet","true","1","Targum Jonathan on I Samuel 20:4"
"targum-jonathan-on-i-samuel","Targum Jonathan on I Samuel","tok-04def857eb89","וְאַעֲבִירֵיהּ","ואעביריה","Unresolved","","No lexical entry yet","true","1","Targum Jonathan on I Samuel 16:8"
"targum-jonathan-on-i-samuel","Targum Jonathan on I Samuel","tok-3cc3fb6e0163","וְאַעֲבַר","ואעבר","Unresolved","","No lexical entry yet","true","2","Targum Jonathan on I Samuel 16:9; Targum Jonathan on I Samuel 16:10"
"targum-jonathan-on-i-samuel","Targum Jonathan on I Samuel","tok-879b432a7e57","וְאַעְדִי","ואעדי","Unresolved","","No lexical entry yet","true","1","Targum Jonathan on I Samuel 17:46"
"targum-jonathan-on-i-samuel","Targum Jonathan on I Samuel","tok-90ac6c8e3c28","וְאַעֲדֵי","ואעדי","Unresolved","","No lexical entry yet","true","1","Targum Jonathan on I Samuel 28:17"
"targum-jonathan-on-i-samuel","Targum Jonathan on I Samuel","tok-c008e0b1ce66","וְאַעְדִיוּ","ואעדיו","Unresolved","","No lexical entry yet","true","1","Targum Jonathan on I Samuel 7:4"
"targum-jonathan-on-i-samuel","Targum Jonathan on I Samuel","tok-82802e6a53b8","וְאַעְדִינוּן","ואעדינונ","Unresolved","","No lexical entry yet","true","1","Targum Jonathan on I Samuel 17:39"
"targum-jonathan-on-i-samuel","Targum Jonathan on I Samuel","tok-6bff1a3c3e6b","וְאָעִילוּ","ואעילו","Unresolved","","No lexical entry yet","true","1","Targum Jonathan on I Samuel 5:2"
"targum-jonathan-on-i-samuel","Targum Jonathan on I Samuel","tok-0a984c98dd9d","וְאָעִלוּ","ואעלו","Unresolved","","No lexical entry yet","true","1","Targum Jonathan on I Samuel 7:1"
"targum-jonathan-on-i-samuel","Targum Jonathan on I Samuel","tok-2b295bd72450","וְאָעֵלִינוּן","ואעלינונ","Unresolved","","No lexical entry yet","true","1","Targum Jonathan on I Samuel 9:22"
"targum-jonathan-on-i-samuel","Targum Jonathan on I Samuel","tok-4896d755dbbe","וְאַפִּיכוּ","ואפיכו","Unresolved","","No lexical entry yet","true","6","Targum Jonathan on I Samuel 17:24; Targum Jonathan on I Samuel 17:51; Targum Jonathan on I Samuel 19:8; Targum Jonathan on I Samuel 30:17; Targum Jonathan on I Samuel 31:1"
"targum-jonathan-on-i-samuel","Targum Jonathan on I Samuel","tok-8426f455fc73","וְאַפִין","ואפינ","Unresolved","","No lexical entry yet","true","1","Targum Jonathan on I Samuel 1:18"
"targum-jonathan-on-i-samuel","Targum Jonathan on I Samuel","tok-e5ea15578179","וְאַפִּיקוּ","ואפיקו","Unresolved","","No lexical entry yet","true","1","Targum Jonathan on I Samuel 12:8"
"targum-jonathan-on-i-samuel","Targum Jonathan on I Samuel","tok-5a38445419cf","וַאֲפִיתֵיהּ","ואפיתיה","Unresolved","","No lexical entry yet","true","1","Targum Jonathan on I Samuel 28:24"
"targum-jonathan-on-i-samuel","Targum Jonathan on I Samuel","tok-6895208def3d","וְאַפָּכוּ","ואפכו","Unresolved","","No lexical entry yet","true","1","Targum Jonathan on I Samuel 4:10"
"targum-jonathan-on-i-samuel","Targum Jonathan on I Samuel","tok-ab5448a61307","וְאַפְנְיֵיהּ","ואפנייה","Unresolved","","No lexical entry yet","true","1","Targum Jonathan on I Samuel 18:13"
"targum-jonathan-on-i-samuel","Targum Jonathan on I Samuel","tok-82b9fd3cf11f","וְאַפְרֵישׁ","ואפריש","Unresolved","","No lexical entry yet","true","1","Targum Jonathan on I Samuel 15:21"
"targum-jonathan-on-i-samuel","Targum Jonathan on I Samuel","tok-ac2fa0741f55","וְאַצְדִינוּן","ואצדינונ","Unresolved","","No lexical entry yet","true","1","Targum Jonathan on I Samuel 5:6"
"targum-jonathan-on-i-samuel","Targum Jonathan on I Samuel","tok-a913cb9588fe","וַאֲצַלֵי","ואצלי","Unresolved","","No lexical entry yet","true","1","Targum Jonathan on I Samuel 7:5"
"targum-jonathan-on-i-samuel","Targum Jonathan on I Samuel","tok-6690d20aec21","וְאַצְנַע","ואצנע","Unresolved","","No lexical entry yet","true","1","Targum Jonathan on I Samuel 10:25"
"targum-jonathan-on-i-samuel","Targum Jonathan on I Samuel","tok-a3d26960efb8","וְאַקְדִים","ואקדימ","Unresolved","","No lexical entry yet","true","1","Targum Jonathan on I Samuel 15:12"
"targum-jonathan-on-i-samuel","Targum Jonathan on I Samuel","tok-8bd7c78f6141","וְאַקְדֵים","ואקדימ","Unresolved","","No lexical entry yet","true","1","Targum Jonathan on I Samuel 29:11"
"targum-jonathan-on-i-samuel","Targum Jonathan on I Samuel","tok-f90ad0f1f7d5","וְאַקְדִימוּ","ואקדימו","Unresolved","","No lexical entry yet","true","4","Targum Jonathan on I Samuel 1:19; Targum Jonathan on I Samuel 5:3; Targum Jonathan on I Samuel 5:4; Targum Jonathan on I Samuel 9:26"
"targum-jonathan-on-i-samuel","Targum Jonathan on I Samuel","tok-86ac9606293d","וְאַקְדֵם","ואקדמ","Unresolved","","No lexical entry yet","true","1","Targum Jonathan on I Samuel 17:20"
"targum-jonathan-on-i-samuel","Targum Jonathan on I Samuel","tok-ff589009286b","וְאֵקוּם","ואקומ","Unresolved","","No lexical entry yet","true","1","Targum Jonathan on I Samuel 19:3"
"targum-jonathan-on-i-samuel","Targum Jonathan on I Samuel","tok-1b8e52a9e28a","וְאֶקְטוֹל","ואקטול","Unresolved","","No lexical entry yet","true","1","Targum Jonathan on I Samuel 23:2"
"targum-jonathan-on-i-samuel","Targum Jonathan on I Samuel","tok-da32037f5741","וְאֶקְטוֹף","ואקטופ","Unresolved","","No lexical entry yet","true","1","Targum Jonathan on I Samuel 2:31"
"targum-jonathan-on-i-samuel","Targum Jonathan on I Samuel","tok-1faa85a7b6d9","וְאַקְטִלִינֵיהּ","ואקטליניה","Unresolved","","No lexical entry yet","true","1","Targum Jonathan on I Samuel 17:9"
"targum-jonathan-on-i-samuel","Targum Jonathan on I Samuel","tok-1435b561aca0","וְאֶקְטְלִינָךְ","ואקטלינכ","Unresolved","","No lexical entry yet","true","1","Targum Jonathan on I Samuel 17:46"
"targum-jonathan-on-i-samuel","Targum Jonathan on I Samuel","tok-21e8658e87de","וַאֲקֵים","ואקימ","Unresolved","","No lexical entry yet","true","2","Targum Jonathan on I Samuel 2:35"
"targum-jonathan-on-i-samuel","Targum Jonathan on I Samuel","tok-e75686fc2435","וַאֲקִימוּ","ואקימו","Unresolved","","No lexical entry yet","true","1","Targum Jonathan on I Samuel 5:2"
"targum-jonathan-on-i-samuel","Targum Jonathan on I Samuel","tok-aac1f70d1cfc","וְאַקְלַע","ואקלע","Unresolved","","No lexical entry yet","true","1","Targum Jonathan on I Samuel 17:49"
"targum-jonathan-on-i-samuel","Targum Jonathan on I Samuel","tok-68bee0b0cd8a","וְאַרְבַּע","וארבע","Unresolved","","No lexical entry yet","true","1","Targum Jonathan on I Samuel 30:10"
"targum-jonathan-on-i-samuel","Targum Jonathan on I Samuel","tok-58a72a6f9d40","וְאַרְבְּעָא","וארבעא","Unresolved","","No lexical entry yet","true","1","Targum Jonathan on I Samuel 27:7"
"targum-jonathan-on-i-samuel","Targum Jonathan on I Samuel","tok-6f79181bfceb","וְאַרְבַּעַת","וארבעת","Unresolved","","No lexical entry yet","true","1","Targum Jonathan on I Samuel 2:1"
"targum-jonathan-on-i-samuel","Targum Jonathan on I Samuel","tok-73b50a66c038","וְאַרְגִיזוּתִי","וארגיזותי","Unresolved","","No lexical entry yet","true","1","Targum Jonathan on I Samuel 1:16"
"targum-jonathan-on-i-samuel","Targum Jonathan on I Samuel","tok-f098b15e2cb1","וַאֲרוֹנָא","וארונא","Unresolved","","No lexical entry yet","true","2","Targum Jonathan on I Samuel 4:11; Targum Jonathan on I Samuel 4:17"
"targum-jonathan-on-i-samuel","Targum Jonathan on I Samuel","tok-640ca2460e2f","וַאֲרֵי","וארי","Unresolved","","No lexical entry yet","true","4","Targum Jonathan on I Samuel 19:4; Targum Jonathan on I Samuel 22:17; Targum Jonathan on I Samuel 24:20; Targum Jonathan on I Samuel 31:7"
"targum-jonathan-on-i-samuel","Targum Jonathan on I Samuel","tok-8216019cdd86","וַאֲרִים","וארימ","Unresolved","","No lexical entry yet","true","2","Targum Jonathan on I Samuel 9:24; Targum Jonathan on I Samuel 18:11"
"targum-jonathan-on-i-samuel","Targum Jonathan on I Samuel","tok-62d379e9312a","וַאֲרֵים","וארימ","Unresolved","","No lexical entry yet","true","3","Targum Jonathan on I Samuel 20:33; Targum Jonathan on I Samuel 24:17; Targum Jonathan on I Samuel 30:4"
"targum-jonathan-on-i-samuel","Targum Jonathan on I Samuel","tok-aae451234006","וַאֲרִימוּ","וארימו","Unresolved","","No lexical entry yet","true","1","Targum Jonathan on I Samuel 11:4"
"targum-jonathan-on-i-samuel","Targum Jonathan on I Samuel","tok-8e489e5d8b46","וַאֲרֵיק","ואריק","Unresolved","","No lexical entry yet","true","1","Targum Jonathan on I Samuel 10:1"
"targum-jonathan-on-i-samuel","Targum Jonathan on I Samuel","tok-2ba9694a0daf","וַאֲרַע","וארע","Unresolved","","No lexical entry yet","true","1","Targum Jonathan on I Samuel 30:21"
"targum-jonathan-on-i-samuel","Targum Jonathan on I Samuel","tok-0f3c55c9d121","וְאֶשְׁאַל","ואשאל","Unresolved","","No lexical entry yet","true","1","Targum Jonathan on I Samuel 28:7"
"targum-jonathan-on-i-samuel","Targum Jonathan on I Samuel","tok-97e13203344f","וַאֲשַׁוֵי","ואשוי","Unresolved","","No lexical entry yet","true","1","Targum Jonathan on I Samuel 28:22"
"targum-jonathan-on-i-samuel","Targum Jonathan on I Samuel","tok-86bc0bd91f03","וַאֲשַׁוִינָה","ואשוינה","Unresolved","","No lexical entry yet","true","1","Targum Jonathan on I Samuel 11:2"
"targum-jonathan-on-i-samuel","Targum Jonathan on I Samuel","tok-b242678883bd","וְאַשְׁכָחוּ","ואשכחו","Unresolved","","No lexical entry yet","true","1","Targum Jonathan on I Samuel 30:11"
"targum-jonathan-on-i-samuel","Targum Jonathan on I Samuel","tok-ab721f4e09df","וְאַשְׁכָּחוּ","ואשכחו","Unresolved","","No lexical entry yet","true","1","Targum Jonathan on I Samuel 31:8"
"targum-jonathan-on-i-samuel","Targum Jonathan on I Samuel","tok-4273b3a0b6b3","וְאַשְׁכְּחוֹהִי","ואשכחוהי","Unresolved","","No lexical entry yet","true","1","Targum Jonathan on I Samuel 31:3"
"targum-jonathan-on-i-samuel","Targum Jonathan on I Samuel","tok-6a53fea5d7ad","וְאַשְׁלַח","ואשלח","Unresolved","","No lexical entry yet","true","2","Targum Jonathan on I Samuel 18:4; Targum Jonathan on I Samuel 19:24"
"targum-jonathan-on-i-samuel","Targum Jonathan on I Samuel","tok-ccfdcc6563ed","וְאֶשְׁלְחִינָךְ","ואשלחינכ","Unresolved","","No lexical entry yet","true","2","Targum Jonathan on I Samuel 9:19; Targum Jonathan on I Samuel 9:26"
"targum-jonathan-on-i-samuel","Targum Jonathan on I Samuel","tok-bd2792cc96b8","וְאֶשְׁלְחִנָךְ","ואשלחנכ","Unresolved","","No lexical entry yet","true","1","Targum Jonathan on I Samuel 20:13"
"targum-jonathan-on-i-samuel","Targum Jonathan on I Samuel","tok-a245ba570caa","וְאַשְׁלֵמִינוּן","ואשלמינונ","Unresolved","","No lexical entry yet","true","1","Targum Jonathan on I Samuel 18:27"
"targum-jonathan-on-i-samuel","Targum Jonathan on I Samuel","tok-ac2f7de8d4f5","וְאַשְׁמְעִינָךְ","ואשמעינכ","Unresolved","","No lexical entry yet","true","1","Targum Jonathan on I Samuel 9:27"
"targum-jonathan-on-i-samuel","Targum Jonathan on I Samuel","tok-0c89847e20c7","וְאַשְׁנֵי","ואשני","Unresolved","","No lexical entry yet","true","1","Targum Jonathan on I Samuel 21:14"
"targum-jonathan-on-i-samuel","Targum Jonathan on I Samuel","tok-4e1d86980ad4","וְאַשְׁקִיוֹהִי","ואשקיוהי","Unresolved","","No lexical entry yet","true","1","Targum Jonathan on I Samuel 30:11"
"targum-jonathan-on-i-samuel","Targum Jonathan on I Samuel","tok-d46f47ee45d0","וְאַשְׁרִינוּן","ואשרינונ","Unresolved","","No lexical entry yet","true","1","Targum Jonathan on I Samuel 22:4"
"targum-jonathan-on-i-samuel","Targum Jonathan on I Samuel","tok-56be9094c09d","וְאִשְׁתָּאֲרוּן","ואשתארונ","Unresolved","","No lexical entry yet","true","1","Targum Jonathan on I Samuel 30:10"
"targum-jonathan-on-i-samuel","Targum Jonathan on I Samuel","tok-e66b57dd35c1","וְאִשְׁתְּגִישַׁת","ואשתגישת","Unresolved","","No lexical entry yet","true","1","Targum Jonathan on I Samuel 4:13"
"targum-jonathan-on-i-samuel","Targum Jonathan on I Samuel","tok-ad4d3e31e926","וְאִשְׁתְּגָּשַׁת","ואשתגשת","Unresolved","","No lexical entry yet","true","1","Targum Jonathan on I Samuel 4:5"
"targum-jonathan-on-i-samuel","Targum Jonathan on I Samuel","tok-8040c5902ec0","וְאִשְׁתַּטִי","ואשתטי","Unresolved","","No lexical entry yet","true","1","Targum Jonathan on I Samuel 18:10"
"targum-jonathan-on-i-samuel","Targum Jonathan on I Samuel","tok-2b52e304bc69","וְאִשְׁתֵּיזִיב","ואשתיזיב","Unresolved","","No lexical entry yet","true","1","Targum Jonathan on I Samuel 19:17"
"targum-jonathan-on-i-samuel","Targum Jonathan on I Samuel","tok-ca311b8747c8","וְאִשְׁתֵּיזֵיב","ואשתיזיב","Unresolved","","No lexical entry yet","true","6","Targum Jonathan on I Samuel 19:10; Targum Jonathan on I Samuel 19:12; Targum Jonathan on I Samuel 19:18; Targum Jonathan on I Samuel 22:1; Targum Jonathan on I Samuel 22:20"
"targum-jonathan-on-i-samuel","Targum Jonathan on I Samuel","tok-b144d04fdfea","וְאִשְׁתַּלְהֵי","ואשתלהי","Unresolved","","No lexical entry yet","true","2","Targum Jonathan on I Samuel 14:28; Targum Jonathan on I Samuel 14:31"
"targum-jonathan-on-i-samuel","Targum Jonathan on I Samuel","tok-91b4e2885f35","וְאִשְׁתְּמוֹדַע","ואשתמודע","Unresolved","","No lexical entry yet","true","1","Targum Jonathan on I Samuel 26:17"
"targum-jonathan-on-i-samuel","Targum Jonathan on I Samuel","tok-cafb3ccfe549","וְאִשְׁתְּמַם","ואשתממ","Unresolved","","No lexical entry yet","true","1","Targum Jonathan on I Samuel 21:14"
"targum-jonathan-on-i-samuel","Targum Jonathan on I Samuel","tok-85f43f5d9961","וְאִשְׁתְּמָעוּ","ואשתמעו","Unresolved","","No lexical entry yet","true","1","Targum Jonathan on I Samuel 17:31"
"targum-jonathan-on-i-samuel","Targum Jonathan on I Samuel","tok-0c6b7771e77e","וְאִשְׁתַּנֵי","ואשתני","Unresolved","","No lexical entry yet","true","1","Targum Jonathan on I Samuel 28:8"
"targum-jonathan-on-i-samuel","Targum Jonathan on I Samuel","tok-192d8c9dcd3d","וְאִשְׁתַּעִיאוּ","ואשתעיאו","Unresolved","","No lexical entry yet","true","1","Targum Jonathan on I Samuel 11:5"
"targum-jonathan-on-i-samuel","Targum Jonathan on I Samuel","tok-559f8f40d091","וְאִתָּא","ואתא","Unresolved","","No lexical entry yet","true","2","Targum Jonathan on I Samuel 27:9; Targum Jonathan on I Samuel 27:11"
"targum-jonathan-on-i-samuel","Targum Jonathan on I Samuel","tok-1b908cb8250c","וְאָתָא","ואתא","Unresolved","","No lexical entry yet","true","5","Targum Jonathan on I Samuel 4:14; Targum Jonathan on I Samuel 14:26; Targum Jonathan on I Samuel 17:20; Targum Jonathan on I Samuel 17:22; Targum Jonathan on I Samuel 17:34"
"targum-jonathan-on-i-samuel","Targum Jonathan on I Samuel","tok-c4f9d37b9e4b","וַאֲתָא","ואתא","Unresolved","","No lexical entry yet","true","23","Targum Jonathan on I Samuel 2:27; Targum Jonathan on I Samuel 4:3; Targum Jonathan on I Samuel 4:12; Targum Jonathan on I Samuel 4:13; Targum Jonathan on I Samuel 15:5"
"targum-jonathan-on-i-samuel","Targum Jonathan on I Samuel","tok-7a946a8fa5bb","וְאִתְאַבָּלוּ","ואתאבלו","Unresolved","","No lexical entry yet","true","1","Targum Jonathan on I Samuel 6:19"
"targum-jonathan-on-i-samuel","Targum Jonathan on I Samuel","tok-1c676fddb80d","וַאֲתָאָה","ואתאה","Unresolved","","No lexical entry yet","true","1","Targum Jonathan on I Samuel 10:9"
"targum-jonathan-on-i-samuel","Targum Jonathan on I Samuel","tok-b11f8996ea37","וְאִתְאֲחַד","ואתאחד","Unresolved","","No lexical entry yet","true","2","Targum Jonathan on I Samuel 10:20; Targum Jonathan on I Samuel 10:21"
"targum-jonathan-on-i-samuel","Targum Jonathan on I Samuel","tok-6e0d00a9d2bd","וְאִתְאֲחָדַת","ואתאחדת","Unresolved","","No lexical entry yet","true","1","Targum Jonathan on I Samuel 10:21"
"targum-jonathan-on-i-samuel","Targum Jonathan on I Samuel","tok-50f821572793","וְאִתְבַּדָרוּ","ואתבדרו","Unresolved","","No lexical entry yet","true","1","Targum Jonathan on I Samuel 11:11"
"targum-jonathan-on-i-samuel","Targum Jonathan on I Samuel","tok-2069a93b083f","וְאִתְבְּזָע","ואתבזע","Unresolved","","No lexical entry yet","true","1","Targum Jonathan on I Samuel 15:27"
"targum-jonathan-on-i-samuel","Targum Jonathan on I Samuel","tok-519040930e05","וְאִתְבְּעִית","ואתבעית","Unresolved","","No lexical entry yet","true","1","Targum Jonathan on I Samuel 21:2"
"targum-jonathan-on-i-samuel","Targum Jonathan on I Samuel","tok-dd3e7360cb84","וְאִתְבָּרוּ","ואתברו","Unresolved","","No lexical entry yet","true","2","Targum Jonathan on I Samuel 7:13; Targum Jonathan on I Samuel 17:11"
"targum-jonathan-on-i-samuel","Targum Jonathan on I Samuel","tok-232497ea40dd","וְאִתַּבָּרוּ","ואתברו","Unresolved","","No lexical entry yet","true","3","Targum Jonathan on I Samuel 4:2; Targum Jonathan on I Samuel 4:10; Targum Jonathan on I Samuel 7:10"
"targum-jonathan-on-i-samuel","Targum Jonathan on I Samuel","tok-9ff94e138d43","וְאִתַּבָּרַת","ואתברת","Unresolved","","No lexical entry yet","true","1","Targum Jonathan on I Samuel 4:18"
"targum-jonathan-on-i-samuel","Targum Jonathan on I Samuel","tok-3f3009b1a8b2","וְאִתְגְלֵי","ואתגלי","Unresolved","","No lexical entry yet","true","1","Targum Jonathan on I Samuel 3:10"
"targum-jonathan-on-i-samuel","Targum Jonathan on I Samuel","tok-cea946f24f9d","וְאִתְגְלִיאוּ","ואתגליאו","Unresolved","","No lexical entry yet","true","1","Targum Jonathan on I Samuel 14:11"
"targum-jonathan-on-i-samuel","Targum Jonathan on I Samuel","tok-69846a9235f0","וְאַתּוּן","ואתונ","Unresolved","","No lexical entry yet","true","4","Targum Jonathan on I Samuel 8:17; Targum Jonathan on I Samuel 10:19; Targum Jonathan on I Samuel 17:8"
"targum-jonathan-on-i-samuel","Targum Jonathan on I Samuel","tok-e5d1a84f5d98","וְאִתְחַוָא","ואתחוא","Unresolved","","No lexical entry yet","true","4","Targum Jonathan on I Samuel 15:12; Targum Jonathan on I Samuel 19:19; Targum Jonathan on I Samuel 23:7; Targum Jonathan on I Samuel 27:4"
"targum-jonathan-on-i-samuel","Targum Jonathan on I Samuel","tok-f655dd64d8b4","וְאִתְחֲזֵי","ואתחזי","Unresolved","","No lexical entry yet","true","1","Targum Jonathan on I Samuel 1:22"
"targum-jonathan-on-i-samuel","Targum Jonathan on I Samuel","tok-a928d881e702","וְאִתְחַזָרוּ","ואתחזרו","Unresolved","","No lexical entry yet","true","1","Targum Jonathan on I Samuel 25:12"
"targum-jonathan-on-i-samuel","Targum Jonathan on I Samuel","tok-9a653f6760c2","וְאִתְחַסְנֵית","ואתחסנית","Unresolved","","No lexical entry yet","true","1","Targum Jonathan on I Samuel 13:12"
"targum-jonathan-on-i-samuel","Targum Jonathan on I Samuel","tok-3e3906b875e8","וְאָתֵי","ואתי","Unresolved","","No lexical entry yet","true","2","Targum Jonathan on I Samuel 2:13; Targum Jonathan on I Samuel 27:9"
"targum-jonathan-on-i-samuel","Targum Jonathan on I Samuel","tok-e8a1e99bdc24","וְאֵתֵיב","ואתיב","Unresolved","","No lexical entry yet","true","1","Targum Jonathan on I Samuel 27:5"
"targum-jonathan-on-i-samuel","Targum Jonathan on I Samuel","tok-7e196ea8f81f","וְאָתֵיב","ואתיב","Unresolved","","No lexical entry yet","true","4","Targum Jonathan on I Samuel 9:19; Targum Jonathan on I Samuel 9:21; Targum Jonathan on I Samuel 16:18; Targum Jonathan on I Samuel 20:32"
"targum-jonathan-on-i-samuel","Targum Jonathan on I Samuel","tok-8fd7a5330689","וַאֲתֵיב","ואתיב","Unresolved","","No lexical entry yet","true","17","Targum Jonathan on I Samuel 1:17; Targum Jonathan on I Samuel 4:17; Targum Jonathan on I Samuel 10:12; Targum Jonathan on I Samuel 12:3; Targum Jonathan on I Samuel 14:27"
"targum-jonathan-on-i-samuel","Targum Jonathan on I Samuel","tok-76eefdb6c3e9","וַאַתֵיב","ואתיב","Unresolved","","No lexical entry yet","true","1","Targum Jonathan on I Samuel 25:21"
"targum-jonathan-on-i-samuel","Targum Jonathan on I Samuel","tok-589d764b6185","וַאֲתִיבָא","ואתיבא","Unresolved","","No lexical entry yet","true","1","Targum Jonathan on I Samuel 18:7"
"targum-jonathan-on-i-samuel","Targum Jonathan on I Samuel","tok-1982cd6f058e","וַאֲתִיבוּ","ואתיבו","Unresolved","","No lexical entry yet","true","3","Targum Jonathan on I Samuel 5:3; Targum Jonathan on I Samuel 9:12; Targum Jonathan on I Samuel 14:12"
"targum-jonathan-on-i-samuel","Targum Jonathan on I Samuel","tok-5bb994fcc6a7","וַאֲתִיבוּהִי","ואתיבוהי","Unresolved","","No lexical entry yet","true","1","Targum Jonathan on I Samuel 17:30"
"targum-jonathan-on-i-samuel","Targum Jonathan on I Samuel","tok-ff2e84d3c023","וַאֲתִיבַת","ואתיבת","Unresolved","","No lexical entry yet","true","1","Targum Jonathan on I Samuel 1:15"
"targum-jonathan-on-i-samuel","Targum Jonathan on I Samuel","tok-92a1deedf4a7","וַאֲתֵינָא","ואתינא","Unresolved","","No lexical entry yet","true","1","Targum Jonathan on I Samuel 10:14"
"targum-jonathan-on-i-samuel","Targum Jonathan on I Samuel","tok-842bd236954b","וְאָתֵית","ואתית","Unresolved","","No lexical entry yet","true","1","Targum Jonathan on I Samuel 25:34"
"targum-jonathan-on-i-samuel","Targum Jonathan on I Samuel","tok-ee80ff8c0784","וְאִתְכְּנִישׁ","ואתכניש","Unresolved","","No lexical entry yet","true","1","Targum Jonathan on I Samuel 14:20"
"targum-jonathan-on-i-samuel","Targum Jonathan on I Samuel","tok-d31163c76361","וְאִתְכְּנִישׁוּ","ואתכנישו","Unresolved","","No lexical entry yet","true","6","Targum Jonathan on I Samuel 7:6; Targum Jonathan on I Samuel 8:4; Targum Jonathan on I Samuel 13:4; Targum Jonathan on I Samuel 22:2; Targum Jonathan on I Samuel 25:1"
"targum-jonathan-on-i-samuel","Targum Jonathan on I Samuel","tok-83bd6e0f33dc","וְאִתְכַּנָשׁוּ","ואתכנשו","Unresolved","","No lexical entry yet","true","2","Targum Jonathan on I Samuel 16:4; Targum Jonathan on I Samuel 17:1"
"targum-jonathan-on-i-samuel","Targum Jonathan on I Samuel","tok-ec0a75e96079","וְאִתְמְנַע","ואתמנע","Unresolved","","No lexical entry yet","true","1","Targum Jonathan on I Samuel 23:13"
"targum-jonathan-on-i-samuel","Targum Jonathan on I Samuel","tok-8b6f4d2a6a11","וְאֶתֵּן","ואתנ","Unresolved","","No lexical entry yet","true","3","Targum Jonathan on I Samuel 17:44; Targum Jonathan on I Samuel 17:46; Targum Jonathan on I Samuel 25:11"
"targum-jonathan-on-i-samuel","Targum Jonathan on I Samuel","tok-d724280570a5","וְאִתְנְגִידוּ","ואתנגידו","Unresolved","","No lexical entry yet","true","1","Targum Jonathan on I Samuel 27:8"
"targum-jonathan-on-i-samuel","Targum Jonathan on I Samuel","tok-a2adf1d16507","וְאִתְנְהִיאוּ","ואתנהיאו","Unresolved","","No lexical entry yet","true","1","Targum Jonathan on I Samuel 7:2"
"targum-jonathan-on-i-samuel","Targum Jonathan on I Samuel","tok-ccad78202d5d","וְאִתְנְשִׁיאוּ","ואתנשיאו","Unresolved","","No lexical entry yet","true","1","Targum Jonathan on I Samuel 12:9"
"targum-jonathan-on-i-samuel","Targum Jonathan on I Samuel","tok-a8e8fb814ae9","וְאִתְעֲתַּד","ואתעתד","Unresolved","","No lexical entry yet","true","1","Targum Jonathan on I Samuel 10:23"
"targum-jonathan-on-i-samuel","Targum Jonathan on I Samuel","tok-ef70f49c178a","וְאִתְעַתַּד","ואתעתד","Unresolved","","No lexical entry yet","true","2","Targum Jonathan on I Samuel 3:10; Targum Jonathan on I Samuel 17:16"
"targum-jonathan-on-i-samuel","Targum Jonathan on I Samuel","tok-bb5e46042c9d","וְאִתְפַּטַר","ואתפטר","Unresolved","","No lexical entry yet","true","1","Targum Jonathan on I Samuel 19:10"
"targum-jonathan-on-i-samuel","Targum Jonathan on I Samuel","tok-52f9a15d7e0b","וְאִתְפְּנֵי","ואתפני","Unresolved","","No lexical entry yet","true","1","Targum Jonathan on I Samuel 14:32"
"targum-jonathan-on-i-samuel","Targum Jonathan on I Samuel","tok-89b724403a04","וְאִתְפְּנִיאוּ","ואתפניאו","Unresolved","","No lexical entry yet","true","1","Targum Jonathan on I Samuel 8:3"
"targum-jonathan-on-i-samuel","Targum Jonathan on I Samuel","tok-1e130f841d30","וְאִתְפְּנֵיתָא","ואתפניתא","Unresolved","","No lexical entry yet","true","1","Targum Jonathan on I Samuel 15:19"
"targum-jonathan-on-i-samuel","Targum Jonathan on I Samuel","tok-9723b12957e4","וְאִתְפְּרַע","ואתפרע","Unresolved","","No lexical entry yet","true","1","Targum Jonathan on I Samuel 20:16"
"targum-jonathan-on-i-samuel","Targum Jonathan on I Samuel","tok-69034ca5ba8e","וְאִתְקְטַל","ואתקטל","Unresolved","","No lexical entry yet","true","1","Targum Jonathan on I Samuel 4:10"
"targum-jonathan-on-i-samuel","Targum Jonathan on I Samuel","tok-a3a5322bea34","וְאַתְקִינוּ","ואתקינו","Unresolved","","No lexical entry yet","true","1","Targum Jonathan on I Samuel 7:3"
"targum-jonathan-on-i-samuel","Targum Jonathan on I Samuel","tok-51337f084f03","וְאַתְקֵיף","ואתקיפ","Unresolved","","No lexical entry yet","true","1","Targum Jonathan on I Samuel 30:6"
"targum-jonathan-on-i-samuel","Targum Jonathan on I Samuel","tok-a42b4ae8fd13","וְאַתְקִיפוּ","ואתקיפו","Unresolved","","No lexical entry yet","true","1","Targum Jonathan on I Samuel 28:23"
"targum-jonathan-on-i-samuel","Targum Jonathan on I Samuel","tok-ec35cda0e9f1","וְאַתְקַף","ואתקפ","Unresolved","","No lexical entry yet","true","1","Targum Jonathan on I Samuel 15:27"
"targum-jonathan-on-i-samuel","Targum Jonathan on I Samuel","tok-503f18b051d8","וְאִתְרְטִישׁוּ","ואתרטישו","Unresolved","","No lexical entry yet","true","1","Targum Jonathan on I Samuel 4:2"
"targum-jonathan-on-i-samuel","Targum Jonathan on I Samuel","tok-fb8ccc98c3b3","וְאִתְרְכִינַת","ואתרכינת","Unresolved","","No lexical entry yet","true","1","Targum Jonathan on I Samuel 25:23"
"targum-jonathan-on-i-samuel","Targum Jonathan on I Samuel","tok-dfad0927ed3a","וְאִתְרְעֵיתִי","ואתרעיתי","Unresolved","","No lexical entry yet","true","1","Targum Jonathan on I Samuel 2:28"
"targum-jonathan-on-i-samuel","Targum Jonathan on I Samuel","tok-d22cca592d4a","וְאָתַת","ואתת","Unresolved","","No lexical entry yet","true","1","Targum Jonathan on I Samuel 28:21"
"targum-jonathan-on-i-samuel","Targum Jonathan on I Samuel","tok-38599f793749","וַאֲתַת","ואתת","Unresolved","","No lexical entry yet","true","1","Targum Jonathan on I Samuel 25:36"
"targum-jonathan-on-i-samuel","Targum Jonathan on I Samuel","tok-bd0260cf1eeb","וְאִתְּתָא","ואתתא","Unresolved","","No lexical entry yet","true","1","Targum Jonathan on I Samuel 25:3"
"targum-jonathan-on-i-samuel","Targum Jonathan on I Samuel","tok-560f87b938f2","וּבְאַבְנָא","ובאבנא","Unresolved","","No lexical entry yet","true","1","Targum Jonathan on I Samuel 17:50"
"targum-jonathan-on-i-samuel","Targum Jonathan on I Samuel","tok-eddf24221e74","וּבֶאֱדוֹם","ובאדומ","Unresolved","","No lexical entry yet","true","1","Targum Jonathan on I Samuel 14:47"
"targum-jonathan-on-i-samuel","Targum Jonathan on I Samuel","tok-d32482737d56","וּבְאֵשׁ","ובאש","Unresolved","","No lexical entry yet","true","1","Targum Jonathan on I Samuel 18:8"
"targum-jonathan-on-i-samuel","Targum Jonathan on I Samuel","tok-77acc8bb1311","וּבִבְנֵי","ובבני","Unresolved","","No lexical entry yet","true","1","Targum Jonathan on I Samuel 14:47"
"targum-jonathan-on-i-samuel","Targum Jonathan on I Samuel","tok-9dabfb4aae14","וּבְגוּבַיָא","ובגוביא","Unresolved","","No lexical entry yet","true","1","Targum Jonathan on I Samuel 13:6"
"targum-jonathan-on-i-samuel","Targum Jonathan on I Samuel","tok-01d484eb02bf","וּבוֹצִין","ובוצינ","Unresolved","","No lexical entry yet","true","1","Targum Jonathan on I Samuel 3:3"
"targum-jonathan-on-i-samuel","Targum Jonathan on I Samuel","tok-4a6477784a92","וּבְזוֹ","ובזו","Unresolved","","No lexical entry yet","true","1","Targum Jonathan on I Samuel 17:53"
"targum-jonathan-on-i-samuel","Targum Jonathan on I Samuel","tok-b4e8730962fd","וּבְחַר","ובחר","Unresolved","","No lexical entry yet","true","2","Targum Jonathan on I Samuel 13:2; Targum Jonathan on I Samuel 17:40"
"targum-jonathan-on-i-samuel","Targum Jonathan on I Samuel","tok-4a2f524c0237","וּבְטוּר","ובטור","Unresolved","","No lexical entry yet","true","1","Targum Jonathan on I Samuel 13:2"
"targum-jonathan-on-i-samuel","Targum Jonathan on I Samuel","tok-2dd03bf63859","וּבִידָא","ובידא","Unresolved","","No lexical entry yet","true","2","Targum Jonathan on I Samuel 12:9"
"targum-jonathan-on-i-samuel","Targum Jonathan on I Samuel","tok-27f142c4defc","וּבֵינָךְ","ובינכ","Unresolved","","No lexical entry yet","true","4","Targum Jonathan on I Samuel 20:23; Targum Jonathan on I Samuel 20:42; Targum Jonathan on I Samuel 24:13; Targum Jonathan on I Samuel 24:16"
"targum-jonathan-on-i-samuel","Targum Jonathan on I Samuel","tok-4703fb0b1e57","וּבִישְׁתָּא","ובישתא","Unresolved","","No lexical entry yet","true","1","Targum Jonathan on I Samuel 25:28"
"targum-jonathan-on-i-samuel","Targum Jonathan on I Samuel","tok-4512df25a1af","וּבֵיתָךְ","וביתכ","Unresolved","","No lexical entry yet","true","1","Targum Jonathan on I Samuel 25:6"
"targum-jonathan-on-i-samuel","Targum Jonathan on I Samuel","tok-be72c24472b0","וּבְכָא","ובכא","Unresolved","","No lexical entry yet","true","1","Targum Jonathan on I Samuel 24:17"
"targum-jonathan-on-i-samuel","Targum Jonathan on I Samuel","tok-3ae49cfb2d04","וּבְכוֹ","ובכו","Unresolved","","No lexical entry yet","true","2","Targum Jonathan on I Samuel 11:4; Targum Jonathan on I Samuel 30:4"
"targum-jonathan-on-i-samuel","Targum Jonathan on I Samuel","tok-c65b7fed1bee","וּבְכוּ","ובכו","Unresolved","","No lexical entry yet","true","1","Targum Jonathan on I Samuel 20:41"
"targum-jonathan-on-i-samuel","Targum Jonathan on I Samuel","tok-3aa8f4fb6d49","וּבַכְיָא","ובכיא","Unresolved","","No lexical entry yet","true","1","Targum Jonathan on I Samuel 1:7"
"targum-jonathan-on-i-samuel","Targum Jonathan on I Samuel","tok-89292b717028","וּבְכֵן","ובכנ","Unresolved","","No lexical entry yet","true","1","Targum Jonathan on I Samuel 3:14"
"targum-jonathan-on-i-samuel","Targum Jonathan on I Samuel","tok-614cbec51a2e","וּבַמֶה","ובמה","Unresolved","","No lexical entry yet","true","1","Targum Jonathan on I Samuel 29:4"
"targum-jonathan-on-i-samuel","Targum Jonathan on I Samuel","tok-1cedb2af35f6","וּבְמוּרְנִיתָא","ובמורניתא","Unresolved","","No lexical entry yet","true","2","Targum Jonathan on I Samuel 17:45; Targum Jonathan on I Samuel 17:47"
"targum-jonathan-on-i-samuel","Targum Jonathan on I Samuel","tok-66796c881b76","וּבְמַלְכֵי","ובמלכי","Unresolved","","No lexical entry yet","true","1","Targum Jonathan on I Samuel 14:47"
"targum-jonathan-on-i-samuel","Targum Jonathan on I Samuel","tok-7ef8fb165849","וּבִמְעָרַת","ובמערת","Unresolved","","No lexical entry yet","true","1","Targum Jonathan on I Samuel 13:6"
"targum-jonathan-on-i-samuel","Targum Jonathan on I Samuel","tok-39c774b56ac0","וּבִמְצָדָתָא","ובמצדתא","Unresolved","","No lexical entry yet","true","1","Targum Jonathan on I Samuel 13:6"
"targum-jonathan-on-i-samuel","Targum Jonathan on I Samuel","tok-7a6ff8215327","וּבְמִתְבֵיהּ","ובמתביה","Unresolved","","No lexical entry yet","true","1","Targum Jonathan on I Samuel 7:17"
"targum-jonathan-on-i-samuel","Targum Jonathan on I Samuel","tok-9d3dfc5cf3a4","וּבְנָא","ובנא","Unresolved","","No lexical entry yet","true","2","Targum Jonathan on I Samuel 7:17; Targum Jonathan on I Samuel 14:35"
"targum-jonathan-on-i-samuel","Targum Jonathan on I Samuel","tok-65b1e8c16c89","וּבְנוֹהִי","ובנוהי","Unresolved","","No lexical entry yet","true","1","Targum Jonathan on I Samuel 31:7"
"targum-jonathan-on-i-samuel","Targum Jonathan on I Samuel","tok-430bd37347d3","וּבְנֵיהוֹן","ובניהונ","Unresolved","","No lexical entry yet","true","1","Targum Jonathan on I Samuel 30:3"
"targum-jonathan-on-i-samuel","Targum Jonathan on I Samuel","tok-5ce0188667ff","וּבְנָךְ","ובנכ","Unresolved","","No lexical entry yet","true","2","Targum Jonathan on I Samuel 8:5; Targum Jonathan on I Samuel 28:19"
"targum-jonathan-on-i-samuel","Targum Jonathan on I Samuel","tok-ece7c48bb5ac","וּבְנִכְסַת","ובנכסת","Unresolved","","No lexical entry yet","true","1","Targum Jonathan on I Samuel 15:22"
"targum-jonathan-on-i-samuel","Targum Jonathan on I Samuel","tok-8764a5929a1a","וּבְנָן","ובננ","Unresolved","","No lexical entry yet","true","1","Targum Jonathan on I Samuel 30:19"
"targum-jonathan-on-i-samuel","Targum Jonathan on I Samuel","tok-4a46e65c6756","וּבְנָתָהָא","ובנתהא","Unresolved","","No lexical entry yet","true","1","Targum Jonathan on I Samuel 1:4"
"targum-jonathan-on-i-samuel","Targum Jonathan on I Samuel","tok-203b43300cb6","וּבְנָתֵיהוֹן","ובנתיהונ","Unresolved","","No lexical entry yet","true","1","Targum Jonathan on I Samuel 30:3"
"targum-jonathan-on-i-samuel","Targum Jonathan on I Samuel","tok-115633e680a7","וּבַסָרִית","ובסרית","Unresolved","","No lexical entry yet","true","1","Targum Jonathan on I Samuel 15:24"
"targum-jonathan-on-i-samuel","Targum Jonathan on I Samuel","tok-c91ea367e817","וּבְעָא","ובעא","Unresolved","","No lexical entry yet","true","1","Targum Jonathan on I Samuel 19:10"
"targum-jonathan-on-i-samuel","Targum Jonathan on I Samuel","tok-6d90a38ab5a0","וּבְעוֹהִי","ובעוהי","Unresolved","","No lexical entry yet","true","1","Targum Jonathan on I Samuel 23:14"
"targum-jonathan-on-i-samuel","Targum Jonathan on I Samuel","tok-1365a97f3117","וּבָעוּהִי","ובעוהי","Unresolved","","No lexical entry yet","true","1","Targum Jonathan on I Samuel 10:21"
"targum-jonathan-on-i-samuel","Targum Jonathan on I Samuel","tok-9acceb2b0e1d","וּבִפְלִשְׁתָּאֵי","ובפלשתאי","Unresolved","","No lexical entry yet","true","1","Targum Jonathan on I Samuel 14:47"
"targum-jonathan-on-i-samuel","Targum Jonathan on I Samuel","tok-7a544b3f27a5","וּבְפָרָשׁוֹהִי","ובפרשוהי","Unresolved","","No lexical entry yet","true","1","Targum Jonathan on I Samuel 8:11"
"targum-jonathan-on-i-samuel","Targum Jonathan on I Samuel","tok-4195fb01e906","וּבְצֶלְצְלִין","ובצלצלינ","Unresolved","","No lexical entry yet","true","1","Targum Jonathan on I Samuel 18:6"
"targum-jonathan-on-i-samuel","Targum Jonathan on I Samuel","tok-f9b6057d483f","וּבִקְהָלָא","ובקהלא","Unresolved","","No lexical entry yet","true","1","Targum Jonathan on I Samuel 6:19"
"targum-jonathan-on-i-samuel","Targum Jonathan on I Samuel","tok-fabb86a0dc10","וּבְקוּרְבָּנִי","ובקורבני","Unresolved","","No lexical entry yet","true","1","Targum Jonathan on I Samuel 2:29"
"targum-jonathan-on-i-samuel","Targum Jonathan on I Samuel","tok-0cdb6229e1c5","וּבְקָרְבְּנִין","ובקרבנינ","Unresolved","","No lexical entry yet","true","1","Targum Jonathan on I Samuel 3:14"
"targum-jonathan-on-i-samuel","Targum Jonathan on I Samuel","tok-56241e726e90","וּבַר","ובר","Unresolved","","No lexical entry yet","true","1","Targum Jonathan on I Samuel 22:13"
"targum-jonathan-on-i-samuel","Targum Jonathan on I Samuel","tok-a6c1770a3715","וּבְרוֹמְחָא","וברומחא","Unresolved","","No lexical entry yet","true","1","Targum Jonathan on I Samuel 17:45"
"targum-jonathan-on-i-samuel","Targum Jonathan on I Samuel","tok-afc745cf94eb","וּבְרִיכָא","ובריכא","Unresolved","","No lexical entry yet","true","1","Targum Jonathan on I Samuel 25:33"
"targum-jonathan-on-i-samuel","Targum Jonathan on I Samuel","tok-d48876ca4ad6","וּבְרַם","וברמ","Unresolved","","No lexical entry yet","true","2","Targum Jonathan on I Samuel 20:3; Targum Jonathan on I Samuel 25:34"
"targum-jonathan-on-i-samuel","Targum Jonathan on I Samuel","tok-67dba91f74b2","וּבִשְׁקִיפֵי","ובשקיפי","Unresolved","","No lexical entry yet","true","1","Targum Jonathan on I Samuel 13:6"
"targum-jonathan-on-i-samuel","Targum Jonathan on I Samuel","tok-d7950ace28b0","וּבִתְלָתוּת","ובתלתות","Unresolved","","No lexical entry yet","true","1","Targum Jonathan on I Samuel 20:19"
"targum-jonathan-on-i-samuel","Targum Jonathan on I Samuel","tok-c65038d4872a","וּבָתַר","ובתר","Unresolved","","No lexical entry yet","true","4","Targum Jonathan on I Samuel 1:9; Targum Jonathan on I Samuel 2:32; Targum Jonathan on I Samuel 6:6; Targum Jonathan on I Samuel 11:7"
"targum-jonathan-on-i-samuel","Targum Jonathan on I Samuel","tok-aca0f1f8458c","וּבְתַרְמִילֵיהּ","ובתרמיליה","Unresolved","","No lexical entry yet","true","1","Targum Jonathan on I Samuel 17:40"
"targum-jonathan-on-i-samuel","Targum Jonathan on I Samuel","tok-8558a168536c","וְגָאָן","וגאנ","Unresolved","","No lexical entry yet","true","1","Targum Jonathan on I Samuel 2:5"
"targum-jonathan-on-i-samuel","Targum Jonathan on I Samuel","tok-6a171de97854","וּגְבוּרָן","וגבורנ","Unresolved","","No lexical entry yet","true","2","Targum Jonathan on I Samuel 2:1; Targum Jonathan on I Samuel 2:4"
"targum-jonathan-on-i-samuel","Targum Jonathan on I Samuel","tok-b3b8f599af82","וְגִבַּר","וגבר","Unresolved","","No lexical entry yet","true","2","Targum Jonathan on I Samuel 16:18"
"targum-jonathan-on-i-samuel","Targum Jonathan on I Samuel","tok-41bca63ca165","וּגְבַר","וגבר","Unresolved","","No lexical entry yet","true","3","Targum Jonathan on I Samuel 14:34; Targum Jonathan on I Samuel 21:2; Targum Jonathan on I Samuel 27:11"
"targum-jonathan-on-i-samuel","Targum Jonathan on I Samuel","tok-da9fe8447750","וְגַבְרָא","וגברא","Unresolved","","No lexical entry yet","true","9","Targum Jonathan on I Samuel 4:13; Targum Jonathan on I Samuel 4:14; Targum Jonathan on I Samuel 9:6; Targum Jonathan on I Samuel 16:18; Targum Jonathan on I Samuel 17:12"
"targum-jonathan-on-i-samuel","Targum Jonathan on I Samuel","tok-00cf48dc304b","וְגַבְרוֹהִי","וגברוהי","Unresolved","","No lexical entry yet","true","17","Targum Jonathan on I Samuel 18:27; Targum Jonathan on I Samuel 23:5; Targum Jonathan on I Samuel 23:13; Targum Jonathan on I Samuel 23:25; Targum Jonathan on I Samuel 23:26"
"targum-jonathan-on-i-samuel","Targum Jonathan on I Samuel","tok-92754b842882","וְגַבְרוּהִי","וגברוהי","Unresolved","","No lexical entry yet","true","1","Targum Jonathan on I Samuel 23:24"
"targum-jonathan-on-i-samuel","Targum Jonathan on I Samuel","tok-7f75af4f12df","וְגַבְרֵי","וגברי","Unresolved","","No lexical entry yet","true","1","Targum Jonathan on I Samuel 6:15"
"targum-jonathan-on-i-samuel","Targum Jonathan on I Samuel","tok-393ae9d0bf98","וְגַבְרַיָא","וגבריא","Unresolved","","No lexical entry yet","true","3","Targum Jonathan on I Samuel 5:12; Targum Jonathan on I Samuel 22:6; Targum Jonathan on I Samuel 25:15"
"targum-jonathan-on-i-samuel","Targum Jonathan on I Samuel","tok-6b2d21721a96","וְגַבְרָךְ","וגברכ","Unresolved","","No lexical entry yet","true","1","Targum Jonathan on I Samuel 28:1"
"targum-jonathan-on-i-samuel","Targum Jonathan on I Samuel","tok-70f727586aa6","וְגַדְיָא","וגדיא","Unresolved","","No lexical entry yet","true","1","Targum Jonathan on I Samuel 16:20"
"targum-jonathan-on-i-samuel","Targum Jonathan on I Samuel","tok-474ce5d1402b","וּגְוִיַת","וגוית","Unresolved","","No lexical entry yet","true","1","Targum Jonathan on I Samuel 2:9"
"targum-jonathan-on-i-samuel","Targum Jonathan on I Samuel","tok-844091e28a08","וּגְזַר","וגזר","Unresolved","","No lexical entry yet","true","2","Targum Jonathan on I Samuel 18:3; Targum Jonathan on I Samuel 20:16"
"targum-jonathan-on-i-samuel","Targum Jonathan on I Samuel","tok-8bfbe5897d77","וּגְזָרוּ","וגזרו","Unresolved","","No lexical entry yet","true","1","Targum Jonathan on I Samuel 23:18"
"targum-jonathan-on-i-samuel","Targum Jonathan on I Samuel","tok-3279b9585080","וּגְלֵי","וגלי","Unresolved","","No lexical entry yet","true","1","Targum Jonathan on I Samuel 24:16"
"targum-jonathan-on-i-samuel","Targum Jonathan on I Samuel","tok-d4afe61b30fe","וְגִלְעָד","וגלעד","Unresolved","","No lexical entry yet","true","1","Targum Jonathan on I Samuel 13:7"
"targum-jonathan-on-i-samuel","Targum Jonathan on I Samuel","tok-caa7f35805ea","וְגַמְלִין","וגמלינ","Unresolved","","No lexical entry yet","true","1","Targum Jonathan on I Samuel 27:9"
"targum-jonathan-on-i-samuel","Targum Jonathan on I Samuel","tok-d94fd5038bc0","וּגְרַב","וגרב","Unresolved","","No lexical entry yet","true","2","Targum Jonathan on I Samuel 1:24; Targum Jonathan on I Samuel 16:20"
"targum-jonathan-on-i-samuel","Targum Jonathan on I Samuel","tok-61bee7e4ad8c","וּדְאַסֵיק","ודאסיק","Unresolved","","No lexical entry yet","true","1","Targum Jonathan on I Samuel 12:6"
"targum-jonathan-on-i-samuel","Targum Jonathan on I Samuel","tok-c6f3d11ac809","וּדְאִתְקְטֵיל","ודאתקטיל","Unresolved","","No lexical entry yet","true","1","Targum Jonathan on I Samuel 4:19"
"targum-jonathan-on-i-samuel","Targum Jonathan on I Samuel","tok-0979bb05e760","וּדְאִתְקְטֵל","ודאתקטל","Unresolved","","No lexical entry yet","true","1","Targum Jonathan on I Samuel 4:21"
"targum-jonathan-on-i-samuel","Targum Jonathan on I Samuel","tok-1eeaca13de3c","וְדַבַּח","ודבח","Unresolved","","No lexical entry yet","true","1","Targum Jonathan on I Samuel 1:4"
"targum-jonathan-on-i-samuel","Targum Jonathan on I Samuel","tok-bdb1229be61c","וּדְבֵית","ודבית","Unresolved","","No lexical entry yet","true","1","Targum Jonathan on I Samuel 2:4"
"targum-jonathan-on-i-samuel","Targum Jonathan on I Samuel","tok-6fac628d30ca","וְדִבְסִיר","ודבסיר","Unresolved","","No lexical entry yet","true","1","Targum Jonathan on I Samuel 15:9"
"targum-jonathan-on-i-samuel","Targum Jonathan on I Samuel","tok-93b9f6ab3c5c","וְדִבְּעִבְרָא","ודבעברא","Unresolved","","No lexical entry yet","true","1","Targum Jonathan on I Samuel 31:7"
"targum-jonathan-on-i-samuel","Targum Jonathan on I Samuel","tok-ed39ba5f2981","וְדַבַּרְהִי","ודברהי","Unresolved","","No lexical entry yet","true","1","Targum Jonathan on I Samuel 17:31"
"targum-jonathan-on-i-samuel","Targum Jonathan on I Samuel","tok-75af433fbfa0","וּדְבָרוּ","ודברו","Unresolved","","No lexical entry yet","true","1","Targum Jonathan on I Samuel 30:2"
"targum-jonathan-on-i-samuel","Targum Jonathan on I Samuel","tok-a8121e21d584","וְדַבְּרוֹהִי","ודברוהי","Unresolved","","No lexical entry yet","true","1","Targum Jonathan on I Samuel 10:23"
"targum-jonathan-on-i-samuel","Targum Jonathan on I Samuel","tok-66d16f9bf208","וּדְחִיל","ודחיל","Unresolved","","No lexical entry yet","true","6","Targum Jonathan on I Samuel 18:12; Targum Jonathan on I Samuel 18:15; Targum Jonathan on I Samuel 21:13; Targum Jonathan on I Samuel 28:5; Targum Jonathan on I Samuel 28:20"
"targum-jonathan-on-i-samuel","Targum Jonathan on I Samuel","tok-969aa98af31b","וּדְחִילוּ","ודחילו","Unresolved","","No lexical entry yet","true","4","Targum Jonathan on I Samuel 4:7; Targum Jonathan on I Samuel 7:7; Targum Jonathan on I Samuel 17:11; Targum Jonathan on I Samuel 17:24"
"targum-jonathan-on-i-samuel","Targum Jonathan on I Samuel","tok-4d1d4081f410","וּדְחַל","ודחל","Unresolved","","No lexical entry yet","true","1","Targum Jonathan on I Samuel 12:18"
"targum-jonathan-on-i-samuel","Targum Jonathan on I Samuel","tok-cae950bc80b3","וְדִמְבַסְרִין","ודמבסרינ","Unresolved","","No lexical entry yet","true","1","Targum Jonathan on I Samuel 2:30"
"targum-jonathan-on-i-samuel","Targum Jonathan on I Samuel","tok-a32cec72216f","וּדְמִטַמְרִין","ודמטמרינ","Unresolved","","No lexical entry yet","true","1","Targum Jonathan on I Samuel 25:10"
"targum-jonathan-on-i-samuel","Targum Jonathan on I Samuel","tok-87a8272b9786","וּדְמִית","ודמית","Unresolved","","No lexical entry yet","true","2","Targum Jonathan on I Samuel 4:19; Targum Jonathan on I Samuel 4:21"
"targum-jonathan-on-i-samuel","Targum Jonathan on I Samuel","tok-a82489ba2688","וְדָן","ודנ","Unresolved","","No lexical entry yet","true","2","Targum Jonathan on I Samuel 7:6; Targum Jonathan on I Samuel 7:15"
"targum-jonathan-on-i-samuel","Targum Jonathan on I Samuel","tok-c0c91961c462","וּדְעוֹ","ודעו","Unresolved","","No lexical entry yet","true","4","Targum Jonathan on I Samuel 12:17; Targum Jonathan on I Samuel 14:38; Targum Jonathan on I Samuel 23:22; Targum Jonathan on I Samuel 23:23"
"targum-jonathan-on-i-samuel","Targum Jonathan on I Samuel","tok-077ea55a3b4f","וּדְפַקִדְתָּךְ","ודפקדתכ","Unresolved","","No lexical entry yet","true","1","Targum Jonathan on I Samuel 21:3"
"targum-jonathan-on-i-samuel","Targum Jonathan on I Samuel","tok-9d1165c03491","וּדְתָבְעִין","ודתבעינ","Unresolved","","No lexical entry yet","true","1","Targum Jonathan on I Samuel 25:26"
"targum-jonathan-on-i-samuel","Targum Jonathan on I Samuel","tok-4d0cc36d3bc0","וְהֶדְיוֹט","והדיוט","Unresolved","","No lexical entry yet","true","1","Targum Jonathan on I Samuel 18:23"
"targum-jonathan-on-i-samuel","Targum Jonathan on I Samuel","tok-4304cad5de66","וַהֲוָאָה","והואה","Unresolved","","No lexical entry yet","true","1","Targum Jonathan on I Samuel 25:43"
"targum-jonathan-on-i-samuel","Targum Jonathan on I Samuel","tok-e8d91873d487","וַהֲווֹ","והוו","Unresolved","","No lexical entry yet","true","7","Targum Jonathan on I Samuel 4:9; Targum Jonathan on I Samuel 7:2; Targum Jonathan on I Samuel 11:8; Targum Jonathan on I Samuel 11:11; Targum Jonathan on I Samuel 13:2"
"targum-jonathan-on-i-samuel","Targum Jonathan on I Samuel","tok-90592e6db895","וַהֲוֵי","והוי","Unresolved","","No lexical entry yet","true","1","Targum Jonathan on I Samuel 13:21"
"targum-jonathan-on-i-samuel","Targum Jonathan on I Samuel","tok-053c645eb649","וַהֲוַת","והות","Unresolved","","No lexical entry yet","true","8","Targum Jonathan on I Samuel 2:17; Targum Jonathan on I Samuel 5:9; Targum Jonathan on I Samuel 7:13; Targum Jonathan on I Samuel 14:14; Targum Jonathan on I Samuel 14:15"
"targum-jonathan-on-i-samuel","Targum Jonathan on I Samuel","tok-fed16dfe9930","וְהֵימִין","והימינ","Unresolved","","No lexical entry yet","true","1","Targum Jonathan on I Samuel 27:12"
"targum-jonathan-on-i-samuel","Targum Jonathan on I Samuel","tok-2d6d9a9f55ae","וְהַלִיכוּ","והליכו","Unresolved","","No lexical entry yet","true","1","Targum Jonathan on I Samuel 23:13"
"targum-jonathan-on-i-samuel","Targum Jonathan on I Samuel","tok-af56d0908702","וְהָמוֹנָא","והמונא","Unresolved","","No lexical entry yet","true","1","Targum Jonathan on I Samuel 14:19"
"targum-jonathan-on-i-samuel","Targum Jonathan on I Samuel","tok-dfb47820c866","וּזְוָדִין","וזודינ","Unresolved","","No lexical entry yet","true","1","Targum Jonathan on I Samuel 22:10"
"targum-jonathan-on-i-samuel","Targum Jonathan on I Samuel","tok-cafb75c69b9a","וְזֵירְתָא","וזירתא","Unresolved","","No lexical entry yet","true","1","Targum Jonathan on I Samuel 17:4"
"targum-jonathan-on-i-samuel","Targum Jonathan on I Samuel","tok-abfa2779f2b2","וְזֵיתֵיכוֹן","וזיתיכונ","Unresolved","","No lexical entry yet","true","1","Targum Jonathan on I Samuel 8:14"
"targum-jonathan-on-i-samuel","Targum Jonathan on I Samuel","tok-e91f31f6d277","וּזְכוּרוּ","וזכורו","Unresolved","","No lexical entry yet","true","1","Targum Jonathan on I Samuel 28:3"
"targum-jonathan-on-i-samuel","Targum Jonathan on I Samuel","tok-be255df45f89","וְזָכֵי","וזכי","Unresolved","","No lexical entry yet","true","1","Targum Jonathan on I Samuel 26:9"
"targum-jonathan-on-i-samuel","Targum Jonathan on I Samuel","tok-a2b8e287e35b","וְזַמֵין","וזמינ","Unresolved","","No lexical entry yet","true","1","Targum Jonathan on I Samuel 16:5"
"targum-jonathan-on-i-samuel","Targum Jonathan on I Samuel","tok-17f38656d139","וְזָע","וזע","Unresolved","","No lexical entry yet","true","1","Targum Jonathan on I Samuel 28:5"
"targum-jonathan-on-i-samuel","Targum Jonathan on I Samuel","tok-956323a746ad","וּזְעִיקוּ","וזעיקו","Unresolved","","No lexical entry yet","true","3","Targum Jonathan on I Samuel 5:10; Targum Jonathan on I Samuel 12:8; Targum Jonathan on I Samuel 12:10"
"targum-jonathan-on-i-samuel","Targum Jonathan on I Samuel","tok-fe34c80c080a","וְזָעַת","וזעת","Unresolved","","No lexical entry yet","true","1","Targum Jonathan on I Samuel 14:15"
"targum-jonathan-on-i-samuel","Targum Jonathan on I Samuel","tok-b7f94102b3db","וּזְקָפוּ","וזקפו","Unresolved","","No lexical entry yet","true","1","Targum Jonathan on I Samuel 6:13"
"targum-jonathan-on-i-samuel","Targum Jonathan on I Samuel","tok-884144a98ed6","וְזָרֵיז","וזריז","Unresolved","","No lexical entry yet","true","2","Targum Jonathan on I Samuel 17:39; Targum Jonathan on I Samuel 25:13"
"targum-jonathan-on-i-samuel","Targum Jonathan on I Samuel","tok-f16c8989fdef","וְזָרִיזוּ","וזריזו","Unresolved","","No lexical entry yet","true","1","Targum Jonathan on I Samuel 25:13"
"targum-jonathan-on-i-samuel","Targum Jonathan on I Samuel","tok-7419c5ff5a98","וְזַרְעֵיכוֹן","וזרעיכונ","Unresolved","","No lexical entry yet","true","1","Targum Jonathan on I Samuel 8:15"
"targum-jonathan-on-i-samuel","Targum Jonathan on I Samuel","tok-ae61c145e49c","וְזַרְעִיתִי","וזרעיתי","Unresolved","","No lexical entry yet","true","1","Targum Jonathan on I Samuel 9:21"
"targum-jonathan-on-i-samuel","Targum Jonathan on I Samuel","tok-14aa743bbc91","וְחָגְגִין","וחגגינ","Unresolved","","No lexical entry yet","true","1","Targum Jonathan on I Samuel 30:16"
"targum-jonathan-on-i-samuel","Targum Jonathan on I Samuel","tok-0e3be433b378","וְחַד","וחד","Unresolved","","No lexical entry yet","true","2","Targum Jonathan on I Samuel 10:3"
"targum-jonathan-on-i-samuel","Targum Jonathan on I Samuel","tok-01b93be26133","וַחֲדָא","וחדא","Unresolved","","No lexical entry yet","true","1","Targum Jonathan on I Samuel 14:5"
"targum-jonathan-on-i-samuel","Targum Jonathan on I Samuel","tok-240a7707dda5","וַחֲדֵי","וחדי","Unresolved","","No lexical entry yet","true","1","Targum Jonathan on I Samuel 11:15"
"targum-jonathan-on-i-samuel","Targum Jonathan on I Samuel","tok-99c6bd75d5a8","וַחֲדִיאוּ","וחדיאו","Unresolved","","No lexical entry yet","true","2","Targum Jonathan on I Samuel 6:13; Targum Jonathan on I Samuel 11:9"
"targum-jonathan-on-i-samuel","Targum Jonathan on I Samuel","tok-9da68aba1226","וַחֲדֵיתָא","וחדיתא","Unresolved","","No lexical entry yet","true","1","Targum Jonathan on I Samuel 19:5"
"targum-jonathan-on-i-samuel","Targum Jonathan on I Samuel","tok-81e0773f03ac","וְחַוֵי","וחוי","Unresolved","","No lexical entry yet","true","7","Targum Jonathan on I Samuel 3:18; Targum Jonathan on I Samuel 4:14; Targum Jonathan on I Samuel 14:43; Targum Jonathan on I Samuel 19:2; Targum Jonathan on I Samuel 19:7"
"targum-jonathan-on-i-samuel","Targum Jonathan on I Samuel","tok-5d2053bf3453","וְחַוִיאוּ","וחויאו","Unresolved","","No lexical entry yet","true","11","Targum Jonathan on I Samuel 11:9; Targum Jonathan on I Samuel 14:33; Targum Jonathan on I Samuel 17:31; Targum Jonathan on I Samuel 18:20; Targum Jonathan on I Samuel 18:24"
"targum-jonathan-on-i-samuel","Targum Jonathan on I Samuel","tok-30f42f408d4c","וְחַוִיאַת","וחויאת","Unresolved","","No lexical entry yet","true","2","Targum Jonathan on I Samuel 19:11; Targum Jonathan on I Samuel 25:37"
"targum-jonathan-on-i-samuel","Targum Jonathan on I Samuel","tok-1964b1632117","וְחַוֵיתִי","וחויתי","Unresolved","","No lexical entry yet","true","1","Targum Jonathan on I Samuel 3:13"
"targum-jonathan-on-i-samuel","Targum Jonathan on I Samuel","tok-b1796331a3d7","וַחֲזָא","וחזא","Unresolved","","No lexical entry yet","true","10","Targum Jonathan on I Samuel 14:52; Targum Jonathan on I Samuel 16:6; Targum Jonathan on I Samuel 17:42; Targum Jonathan on I Samuel 18:15; Targum Jonathan on I Samuel 18:28"
"targum-jonathan-on-i-samuel","Targum Jonathan on I Samuel","tok-70c90f9c908b","וַחֲזוֹ","וחזו","Unresolved","","No lexical entry yet","true","14","Targum Jonathan on I Samuel 5:7; Targum Jonathan on I Samuel 6:13; Targum Jonathan on I Samuel 10:11; Targum Jonathan on I Samuel 12:16; Targum Jonathan on I Samuel 12:17"
"targum-jonathan-on-i-samuel","Targum Jonathan on I Samuel","tok-3066690ee1fc","וַחֲזֵי","וחזי","Unresolved","","No lexical entry yet","true","1","Targum Jonathan on I Samuel 25:17"
"targum-jonathan-on-i-samuel","Targum Jonathan on I Samuel","tok-4e0e3f444c12","וַחֲזֵינָא","וחזינא","Unresolved","","No lexical entry yet","true","1","Targum Jonathan on I Samuel 10:14"
"targum-jonathan-on-i-samuel","Targum Jonathan on I Samuel","tok-88a0cb2d0b34","וַחֲזֵיתוּן","וחזיתונ","Unresolved","","No lexical entry yet","true","1","Targum Jonathan on I Samuel 12:12"
"targum-jonathan-on-i-samuel","Targum Jonathan on I Samuel","tok-d960bc6f996f","וַחֲזַת","וחזת","Unresolved","","No lexical entry yet","true","3","Targum Jonathan on I Samuel 25:23; Targum Jonathan on I Samuel 28:12; Targum Jonathan on I Samuel 28:21"
"targum-jonathan-on-i-samuel","Targum Jonathan on I Samuel","tok-650cf3837615","וְחֵילְתָא","וחילתא","Unresolved","","No lexical entry yet","true","1","Targum Jonathan on I Samuel 17:3"
"targum-jonathan-on-i-samuel","Targum Jonathan on I Samuel","tok-fc345111b4b8","וְחַלִיצוּ","וחליצו","Unresolved","","No lexical entry yet","true","1","Targum Jonathan on I Samuel 31:9"
"targum-jonathan-on-i-samuel","Targum Jonathan on I Samuel","tok-764cd9616d08","וְחַלָשׁ","וחלש","Unresolved","","No lexical entry yet","true","1","Targum Jonathan on I Samuel 15:17"
"targum-jonathan-on-i-samuel","Targum Jonathan on I Samuel","tok-2de017368589","וַחֲמַר","וחמר","Unresolved","","No lexical entry yet","true","1","Targum Jonathan on I Samuel 1:15"
"targum-jonathan-on-i-samuel","Targum Jonathan on I Samuel","tok-25bd6ddfc725","וַחֲמָר","וחמר","Unresolved","","No lexical entry yet","true","1","Targum Jonathan on I Samuel 22:19"
"targum-jonathan-on-i-samuel","Targum Jonathan on I Samuel","tok-eb534e3e9a3d","וַחֲמָרָא","וחמרא","Unresolved","","No lexical entry yet","true","1","Targum Jonathan on I Samuel 12:3"
"targum-jonathan-on-i-samuel","Targum Jonathan on I Samuel","tok-2b72c04c96c7","וַחֲמָרִין","וחמרינ","Unresolved","","No lexical entry yet","true","1","Targum Jonathan on I Samuel 27:9"
"targum-jonathan-on-i-samuel","Targum Jonathan on I Samuel","tok-57f0641e0f3f","וְחָמֵשׁ","וחמש","Unresolved","","No lexical entry yet","true","2","Targum Jonathan on I Samuel 25:18"
"targum-jonathan-on-i-samuel","Targum Jonathan on I Samuel","tok-8859fdb31716","וַחֲמֵשׁ","וחמש","Unresolved","","No lexical entry yet","true","1","Targum Jonathan on I Samuel 25:42"
"targum-jonathan-on-i-samuel","Targum Jonathan on I Samuel","tok-a30207130d8c","וְחַמְשָׁא","וחמשא","Unresolved","","No lexical entry yet","true","3","Targum Jonathan on I Samuel 6:4; Targum Jonathan on I Samuel 6:16; Targum Jonathan on I Samuel 22:18"
"targum-jonathan-on-i-samuel","Targum Jonathan on I Samuel","tok-437f06a04ae8","וְחַנָה","וחנה","Unresolved","","No lexical entry yet","true","2","Targum Jonathan on I Samuel 1:13; Targum Jonathan on I Samuel 1:22"
"targum-jonathan-on-i-samuel","Targum Jonathan on I Samuel","tok-d54f1a18ebb7","וְחָס","וחס","Unresolved","","No lexical entry yet","true","1","Targum Jonathan on I Samuel 15:9"
"targum-jonathan-on-i-samuel","Targum Jonathan on I Samuel","tok-4d2388e68c48","וְחָסִית","וחסית","Unresolved","","No lexical entry yet","true","1","Targum Jonathan on I Samuel 24:11"
"targum-jonathan-on-i-samuel","Targum Jonathan on I Samuel","tok-0c4e74c94dd7","וְחַרְבָּא","וחרבא","Unresolved","","No lexical entry yet","true","2","Targum Jonathan on I Samuel 17:50; Targum Jonathan on I Samuel 22:13"
"targum-jonathan-on-i-samuel","Targum Jonathan on I Samuel","tok-462e37ec34f7","וְחָשְׁבָהּ","וחשבה","Unresolved","","No lexical entry yet","true","1","Targum Jonathan on I Samuel 1:13"
"targum-jonathan-on-i-samuel","Targum Jonathan on I Samuel","tok-7cb5099252e4","וְחַתְנָא","וחתנא","Unresolved","","No lexical entry yet","true","1","Targum Jonathan on I Samuel 22:14"
"targum-jonathan-on-i-samuel","Targum Jonathan on I Samuel","tok-c6d8f09283a5","וְטַב","וטב","Unresolved","","No lexical entry yet","true","1","Targum Jonathan on I Samuel 29:6"
"targum-jonathan-on-i-samuel","Targum Jonathan on I Samuel","tok-93da933133c8","וְטָב","וטב","Unresolved","","No lexical entry yet","true","1","Targum Jonathan on I Samuel 16:23"
"targum-jonathan-on-i-samuel","Targum Jonathan on I Samuel","tok-d512948ab803","וּטְבָל","וטבל","Unresolved","","No lexical entry yet","true","1","Targum Jonathan on I Samuel 14:27"
"targum-jonathan-on-i-samuel","Targum Jonathan on I Samuel","tok-1e41ece52b26","וּטְבָעַת","וטבעת","Unresolved","","No lexical entry yet","true","1","Targum Jonathan on I Samuel 17:49"
"targum-jonathan-on-i-samuel","Targum Jonathan on I Samuel","tok-888c5b9d42e7","וְטוּרְנֵי","וטורני","Unresolved","","No lexical entry yet","true","2","Targum Jonathan on I Samuel 6:12; Targum Jonathan on I Samuel 29:2"
"targum-jonathan-on-i-samuel","Targum Jonathan on I Samuel","tok-3977812b6295","וְטִפְּשׁוּתָא","וטפשותא","Unresolved","","No lexical entry yet","true","1","Targum Jonathan on I Samuel 25:25"
"targum-jonathan-on-i-samuel","Targum Jonathan on I Samuel","tok-42409e508122","וְטַקֵיס","וטקיס","Unresolved","","No lexical entry yet","true","1","Targum Jonathan on I Samuel 15:5"
"targum-jonathan-on-i-samuel","Targum Jonathan on I Samuel","tok-4c8e4e61bcae","וּטְרַקְלִילִין","וטרקלילינ","Unresolved","","No lexical entry yet","true","1","Targum Jonathan on I Samuel 17:6"
"targum-jonathan-on-i-samuel","Targum Jonathan on I Samuel","tok-c163c22059fa","וַי","וי","Unresolved","","No lexical entry yet","true","2","Targum Jonathan on I Samuel 4:7; Targum Jonathan on I Samuel 4:8"
"targum-jonathan-on-i-samuel","Targum Jonathan on I Samuel","tok-ebd2c4588ab1","וְיַבִּיבוּ","ויביבו","Unresolved","","No lexical entry yet","true","4","Targum Jonathan on I Samuel 4:5; Targum Jonathan on I Samuel 10:24; Targum Jonathan on I Samuel 17:20; Targum Jonathan on I Samuel 17:52"
"targum-jonathan-on-i-samuel","Targum Jonathan on I Samuel","tok-f69b74f42b62","וְיַגִיחַ","ויגיח","Unresolved","","No lexical entry yet","true","2","Targum Jonathan on I Samuel 8:20; Targum Jonathan on I Samuel 17:32"
"targum-jonathan-on-i-samuel","Targum Jonathan on I Samuel","tok-fe99e3c5f764","וְיִדְבְּרוּן","וידברונ","Unresolved","","No lexical entry yet","true","1","Targum Jonathan on I Samuel 30:22"
"targum-jonathan-on-i-samuel","Targum Jonathan on I Samuel","tok-88765b560c3c","וִידוּן","וידונ","Unresolved","","No lexical entry yet","true","1","Targum Jonathan on I Samuel 24:16"
"targum-jonathan-on-i-samuel","Targum Jonathan on I Samuel","tok-9804e2b7c91e","וִידִי","וידי","Unresolved","","No lexical entry yet","true","2","Targum Jonathan on I Samuel 24:13; Targum Jonathan on I Samuel 24:14"
"targum-jonathan-on-i-samuel","Targum Jonathan on I Samuel","tok-6a6a8cdf5d84","וְיֵדְעוּן","וידעונ","Unresolved","","No lexical entry yet","true","2","Targum Jonathan on I Samuel 17:46; Targum Jonathan on I Samuel 17:47"
"targum-jonathan-on-i-samuel","Targum Jonathan on I Samuel","tok-7c0aa1f1f356","וִיהַב","ויהב","Unresolved","","No lexical entry yet","true","10","Targum Jonathan on I Samuel 1:4; Targum Jonathan on I Samuel 1:27; Targum Jonathan on I Samuel 8:15; Targum Jonathan on I Samuel 9:22; Targum Jonathan on I Samuel 12:18"
"targum-jonathan-on-i-samuel","Targum Jonathan on I Samuel","tok-351c1840fa26","וְיַהֲבָהּ","ויהבה","Unresolved","","No lexical entry yet","true","2","Targum Jonathan on I Samuel 15:28; Targum Jonathan on I Samuel 28:17"
"targum-jonathan-on-i-samuel","Targum Jonathan on I Samuel","tok-cda78d8ae2ed","וִיהָבוּ","ויהבו","Unresolved","","No lexical entry yet","true","2","Targum Jonathan on I Samuel 30:11; Targum Jonathan on I Samuel 30:12"
"targum-jonathan-on-i-samuel","Targum Jonathan on I Samuel","tok-b9a8c01df778","וְיַהֲבֵיהּ","ויהביה","Unresolved","","No lexical entry yet","true","1","Targum Jonathan on I Samuel 18:4"
"targum-jonathan-on-i-samuel","Targum Jonathan on I Samuel","tok-b8831e3d4b3a","וִיהָבִית","ויהבית","Unresolved","","No lexical entry yet","true","1","Targum Jonathan on I Samuel 2:28"
"targum-jonathan-on-i-samuel","Targum Jonathan on I Samuel","tok-efd65e0f1bb4","וִיהוֹדָאֵי","ויהודאי","Unresolved","","No lexical entry yet","true","1","Targum Jonathan on I Samuel 13:7"
"targum-jonathan-on-i-samuel","Targum Jonathan on I Samuel","tok-8eca8440dc4a","וִיהוּדָאֵי","ויהודאי","Unresolved","","No lexical entry yet","true","1","Targum Jonathan on I Samuel 14:21"
"targum-jonathan-on-i-samuel","Targum Jonathan on I Samuel","tok-996f864c8220","וִיהוּדָה","ויהודה","Unresolved","","No lexical entry yet","true","2","Targum Jonathan on I Samuel 17:52; Targum Jonathan on I Samuel 18:16"
"targum-jonathan-on-i-samuel","Targum Jonathan on I Samuel","tok-dc9ae68c12f7","וִיהוֹנָתָן","ויהונתנ","Unresolved","","No lexical entry yet","true","3","Targum Jonathan on I Samuel 19:1; Targum Jonathan on I Samuel 21:1; Targum Jonathan on I Samuel 23:18"
"targum-jonathan-on-i-samuel","Targum Jonathan on I Samuel","tok-286bbd4c67e0","וְיֵהָךְ","ויהכ","Unresolved","","No lexical entry yet","true","1","Targum Jonathan on I Samuel 6:8"
"targum-jonathan-on-i-samuel","Targum Jonathan on I Samuel","tok-d8b1c70cca05","וְיוֹמָא","ויומא","Unresolved","","No lexical entry yet","true","1","Targum Jonathan on I Samuel 21:6"
"targum-jonathan-on-i-samuel","Targum Jonathan on I Samuel","tok-8efea1b0b47f","וְיוֹנָתָן","ויונתנ","Unresolved","","No lexical entry yet","true","4","Targum Jonathan on I Samuel 13:16; Targum Jonathan on I Samuel 14:21; Targum Jonathan on I Samuel 14:27; Targum Jonathan on I Samuel 14:40"
"targum-jonathan-on-i-samuel","Targum Jonathan on I Samuel","tok-e8e788752a30","וְיֵזְלוּן","ויזלונ","Unresolved","","No lexical entry yet","true","1","Targum Jonathan on I Samuel 30:22"
"targum-jonathan-on-i-samuel","Targum Jonathan on I Samuel","tok-c5250f2903f9","וִיחַוֵי","ויחוי","Unresolved","","No lexical entry yet","true","1","Targum Jonathan on I Samuel 9:8"
"targum-jonathan-on-i-samuel","Targum Jonathan on I Samuel","tok-1c1098116edf","וִיחַוּן","ויחונ","Unresolved","","No lexical entry yet","true","1","Targum Jonathan on I Samuel 25:8"
"targum-jonathan-on-i-samuel","Targum Jonathan on I Samuel","tok-144b8b263d1e","וְיֵחוֹת","ויחות","Unresolved","","No lexical entry yet","true","1","Targum Jonathan on I Samuel 17:8"
"targum-jonathan-on-i-samuel","Targum Jonathan on I Samuel","tok-9c45c0300b86","וַיְיָ","ויי","Unresolved","","No lexical entry yet","true","1","Targum Jonathan on I Samuel 12:12"
"targum-jonathan-on-i-samuel","Targum Jonathan on I Samuel","tok-a708d46019b0","וַיָי","ויי","Unresolved","","No lexical entry yet","true","3","Targum Jonathan on I Samuel 15:35; Targum Jonathan on I Samuel 24:20; Targum Jonathan on I Samuel 26:23"
"targum-jonathan-on-i-samuel","Targum Jonathan on I Samuel","tok-e45bb10b13e9","וְיֵיטַב","וייטב","Unresolved","","No lexical entry yet","true","1","Targum Jonathan on I Samuel 16:16"
"targum-jonathan-on-i-samuel","Targum Jonathan on I Samuel","tok-1b1464c10f16","וְיֵימַר","ויימר","Unresolved","","No lexical entry yet","true","1","Targum Jonathan on I Samuel 2:36"
"targum-jonathan-on-i-samuel","Targum Jonathan on I Samuel","tok-763ae0588f15","וְיֵימְרוּן","ויימרונ","Unresolved","","No lexical entry yet","true","2","Targum Jonathan on I Samuel 2:2; Targum Jonathan on I Samuel 10:2"
"targum-jonathan-on-i-samuel","Targum Jonathan on I Samuel","tok-32f0843ddf46","וְיֵיתֵי","וייתי","Unresolved","","No lexical entry yet","true","1","Targum Jonathan on I Samuel 4:3"
"targum-jonathan-on-i-samuel","Targum Jonathan on I Samuel","tok-a735306b0efe","וִילִידַת","וילידת","Unresolved","","No lexical entry yet","true","1","Targum Jonathan on I Samuel 1:20"
"targum-jonathan-on-i-samuel","Targum Jonathan on I Samuel","tok-0fcb9c83165a","וִילֵידַת","וילידת","Unresolved","","No lexical entry yet","true","2","Targum Jonathan on I Samuel 2:21; Targum Jonathan on I Samuel 4:19"
"targum-jonathan-on-i-samuel","Targum Jonathan on I Samuel","tok-05e324d84b65","וִימוּת","וימות","Unresolved","","No lexical entry yet","true","1","Targum Jonathan on I Samuel 26:10"
"targum-jonathan-on-i-samuel","Targum Jonathan on I Samuel","tok-65b2d616c1ba","וִימַנֵי","וימני","Unresolved","","No lexical entry yet","true","1","Targum Jonathan on I Samuel 8:11"
"targum-jonathan-on-i-samuel","Targum Jonathan on I Samuel","tok-a43c5ba9084e","וְיִמְסַר","וימסר","Unresolved","","No lexical entry yet","true","2","Targum Jonathan on I Samuel 17:47; Targum Jonathan on I Samuel 28:19"
"targum-jonathan-on-i-samuel","Targum Jonathan on I Samuel","tok-4ba1680805d2","וִינַגֵן","וינגנ","Unresolved","","No lexical entry yet","true","1","Targum Jonathan on I Samuel 16:16"
"targum-jonathan-on-i-samuel","Targum Jonathan on I Samuel","tok-9be0d14a0515","וְיִנְהַר","וינהר","Unresolved","","No lexical entry yet","true","1","Targum Jonathan on I Samuel 29:10"
"targum-jonathan-on-i-samuel","Targum Jonathan on I Samuel","tok-7123686972ab","וְיַנִיק","ויניק","Unresolved","","No lexical entry yet","true","1","Targum Jonathan on I Samuel 20:35"
"targum-jonathan-on-i-samuel","Targum Jonathan on I Samuel","tok-04b0b6cdd3a2","וְיִסְבָהּ","ויסבה","Unresolved","","No lexical entry yet","true","1","Targum Jonathan on I Samuel 26:22"
"targum-jonathan-on-i-samuel","Targum Jonathan on I Samuel","tok-1c92c2b7d939","וְיַעְבֵּד","ויעבד","Unresolved","","No lexical entry yet","true","1","Targum Jonathan on I Samuel 24:16"
"targum-jonathan-on-i-samuel","Targum Jonathan on I Samuel","tok-22b031bda683","וְיַעְבֵּיד","ויעביד","Unresolved","","No lexical entry yet","true","1","Targum Jonathan on I Samuel 17:8"
"targum-jonathan-on-i-samuel","Targum Jonathan on I Samuel","tok-b646f8e5d37f","וְיְעִבַּר","ויעבר","Unresolved","","No lexical entry yet","true","1","Targum Jonathan on I Samuel 9:27"
"targum-jonathan-on-i-samuel","Targum Jonathan on I Samuel","tok-d688bd05e35d","וְיֶעְבַּר","ויעבר","Unresolved","","No lexical entry yet","true","1","Targum Jonathan on I Samuel 26:22"
"targum-jonathan-on-i-samuel","Targum Jonathan on I Samuel","tok-61774e99deb2","וְיַעְדִי","ויעדי","Unresolved","","No lexical entry yet","true","1","Targum Jonathan on I Samuel 17:26"
"targum-jonathan-on-i-samuel","Targum Jonathan on I Samuel","tok-4f6e9a5e347c","וְיֵעוּל","ויעול","Unresolved","","No lexical entry yet","true","1","Targum Jonathan on I Samuel 1:11"
"targum-jonathan-on-i-samuel","Targum Jonathan on I Samuel","tok-78425cf10eac","וְיִפּוֹק","ויפוק","Unresolved","","No lexical entry yet","true","1","Targum Jonathan on I Samuel 8:20"
"targum-jonathan-on-i-samuel","Targum Jonathan on I Samuel","tok-6bf5624d62ad","וְיַפְלֵי","ויפלי","Unresolved","","No lexical entry yet","true","1","Targum Jonathan on I Samuel 2:25"
"targum-jonathan-on-i-samuel","Targum Jonathan on I Samuel","tok-c7d044864639","וְיִפְקְדִינָךְ","ויפקדינכ","Unresolved","","No lexical entry yet","true","1","Targum Jonathan on I Samuel 25:30"
"targum-jonathan-on-i-samuel","Targum Jonathan on I Samuel","tok-041026369548","וְיִפְרוֹק","ויפרוק","Unresolved","","No lexical entry yet","true","1","Targum Jonathan on I Samuel 9:16"
"targum-jonathan-on-i-samuel","Targum Jonathan on I Samuel","tok-3421606c628e","וִיִפְרְקִנָנָא","ויפרקננא","Unresolved","","No lexical entry yet","true","1","Targum Jonathan on I Samuel 7:8"
"targum-jonathan-on-i-samuel","Targum Jonathan on I Samuel","tok-a16db5c9cece","וְיַצִיף","ויציפ","Unresolved","","No lexical entry yet","true","2","Targum Jonathan on I Samuel 9:5; Targum Jonathan on I Samuel 10:2"
"targum-jonathan-on-i-samuel","Targum Jonathan on I Samuel","tok-94267af66e2f","וְיִקְטְלוּנַנִי","ויקטלונני","Unresolved","","No lexical entry yet","true","1","Targum Jonathan on I Samuel 31:4"
"targum-jonathan-on-i-samuel","Targum Jonathan on I Samuel","tok-32dae64bd16c","וְיִקְטְלִינַנִי","ויקטלינני","Unresolved","","No lexical entry yet","true","2","Targum Jonathan on I Samuel 16:2; Targum Jonathan on I Samuel 17:9"
"targum-jonathan-on-i-samuel","Targum Jonathan on I Samuel","tok-d823c90446c6","וְיַקִיר","ויקיר","Unresolved","","No lexical entry yet","true","2","Targum Jonathan on I Samuel 4:18; Targum Jonathan on I Samuel 22:14"
"targum-jonathan-on-i-samuel","Targum Jonathan on I Samuel","tok-b3a6433e2f4b","וְיָקַרְתָּ","ויקרת","Unresolved","","No lexical entry yet","true","1","Targum Jonathan on I Samuel 2:29"
"targum-jonathan-on-i-samuel","Targum Jonathan on I Samuel","tok-220aea77b614","וִירַבֵּי","וירבי","Unresolved","","No lexical entry yet","true","1","Targum Jonathan on I Samuel 2:10"
"targum-jonathan-on-i-samuel","Targum Jonathan on I Samuel","tok-cdd5299a1edd","וְיַרְכֵיהּ","וירכיה","Unresolved","","No lexical entry yet","true","1","Targum Jonathan on I Samuel 9:24"
"targum-jonathan-on-i-samuel","Targum Jonathan on I Samuel","tok-010ccd34ac7d","וְיִשְׁאֲלוּן","וישאלונ","Unresolved","","No lexical entry yet","true","1","Targum Jonathan on I Samuel 10:4"
"targum-jonathan-on-i-samuel","Targum Jonathan on I Samuel","tok-34700de97586","וְיִשְׁוִי","וישוי","Unresolved","","No lexical entry yet","true","1","Targum Jonathan on I Samuel 14:49"
"targum-jonathan-on-i-samuel","Targum Jonathan on I Samuel","tok-af1683e39db4","וִישֵׁיזֵב","וישיזב","Unresolved","","No lexical entry yet","true","1","Targum Jonathan on I Samuel 7:3"
"targum-jonathan-on-i-samuel","Targum Jonathan on I Samuel","tok-220fb96b68d4","וִישֵׁיזְבִינַנִי","וישיזבינני","Unresolved","","No lexical entry yet","true","1","Targum Jonathan on I Samuel 26:24"
"targum-jonathan-on-i-samuel","Targum Jonathan on I Samuel","tok-c98a386a018a","וְיִשְׁכְּחוּן","וישכחונ","Unresolved","","No lexical entry yet","true","1","Targum Jonathan on I Samuel 25:8"
"targum-jonathan-on-i-samuel","Targum Jonathan on I Samuel","tok-fb3e81fa58e2","וְיִשְׁכְּחוּנָךְ","וישכחונכ","Unresolved","","No lexical entry yet","true","1","Targum Jonathan on I Samuel 10:3"
"targum-jonathan-on-i-samuel","Targum Jonathan on I Samuel","tok-4c55e49874df","וְיִשְׁלְחִנֵיהּ","וישלחניה","Unresolved","","No lexical entry yet","true","1","Targum Jonathan on I Samuel 24:20"
"targum-jonathan-on-i-samuel","Targum Jonathan on I Samuel","tok-7f98faa025d6","וְיִשְׁמַע","וישמע","Unresolved","","No lexical entry yet","true","1","Targum Jonathan on I Samuel 2:25"
"targum-jonathan-on-i-samuel","Targum Jonathan on I Samuel","tok-c91fadab8f11","וִישַׁמֵשׁ","וישמש","Unresolved","","No lexical entry yet","true","1","Targum Jonathan on I Samuel 2:35"
"targum-jonathan-on-i-samuel","Targum Jonathan on I Samuel","tok-f02fcd92c88f","וְיִשְׁתְּבֵיק","וישתביק","Unresolved","","No lexical entry yet","true","2","Targum Jonathan on I Samuel 2:25; Targum Jonathan on I Samuel 15:29"
"targum-jonathan-on-i-samuel","Targum Jonathan on I Samuel","tok-3435c3bdbc54","וִיתֵב","ויתב","Unresolved","","No lexical entry yet","true","1","Targum Jonathan on I Samuel 24:1"
"targum-jonathan-on-i-samuel","Targum Jonathan on I Samuel","tok-d46c12f03840","וִיתוּב","ויתוב","Unresolved","","No lexical entry yet","true","2","Targum Jonathan on I Samuel 5:11; Targum Jonathan on I Samuel 29:4"
"targum-jonathan-on-i-samuel","Targum Jonathan on I Samuel","tok-ec2769337f03","וְיֵתֵי","ויתי","Unresolved","","No lexical entry yet","true","1","Targum Jonathan on I Samuel 2:15"
"targum-jonathan-on-i-samuel","Targum Jonathan on I Samuel","tok-e5d7a371a0a3","וְיָתֵיב","ויתיב","Unresolved","","No lexical entry yet","true","1","Targum Jonathan on I Samuel 28:23"
"targum-jonathan-on-i-samuel","Targum Jonathan on I Samuel","tok-5195f000578f","וִיתֵיב","ויתיב","Unresolved","","No lexical entry yet","true","6","Targum Jonathan on I Samuel 1:22; Targum Jonathan on I Samuel 23:14; Targum Jonathan on I Samuel 23:18; Targum Jonathan on I Samuel 23:25; Targum Jonathan on I Samuel 27:3"
"targum-jonathan-on-i-samuel","Targum Jonathan on I Samuel","tok-cc8a0e329c14","וִיתִיבוּ","ויתיבו","Unresolved","","No lexical entry yet","true","3","Targum Jonathan on I Samuel 19:18; Targum Jonathan on I Samuel 22:4; Targum Jonathan on I Samuel 31:7"
"targum-jonathan-on-i-samuel","Targum Jonathan on I Samuel","tok-605fafb27588","וִיתֵיבְתּוּן","ויתיבתונ","Unresolved","","No lexical entry yet","true","1","Targum Jonathan on I Samuel 12:11"
"targum-jonathan-on-i-samuel","Targum Jonathan on I Samuel","tok-4fe36dadd05a","וְיִתְלַעֲבוּן","ויתלעבונ","Unresolved","","No lexical entry yet","true","1","Targum Jonathan on I Samuel 31:4"
"targum-jonathan-on-i-samuel","Targum Jonathan on I Samuel","tok-f2a048f488c8","וְיִתְמְסַר","ויתמסר","Unresolved","","No lexical entry yet","true","2","Targum Jonathan on I Samuel 18:17; Targum Jonathan on I Samuel 18:21"
"targum-jonathan-on-i-samuel","Targum Jonathan on I Samuel","tok-31c7f4a8b349","וְיִתְּנוּן","ויתנונ","Unresolved","","No lexical entry yet","true","1","Targum Jonathan on I Samuel 10:4"
"targum-jonathan-on-i-samuel","Targum Jonathan on I Samuel","tok-a4b110be1cdb","וְיִתְפְּרַע","ויתפרע","Unresolved","","No lexical entry yet","true","3","Targum Jonathan on I Samuel 8:20; Targum Jonathan on I Samuel 24:13; Targum Jonathan on I Samuel 24:16"
"targum-jonathan-on-i-samuel","Targum Jonathan on I Samuel","tok-5090cb4f0783","וְיִתְקְטֵל","ויתקטל","Unresolved","","No lexical entry yet","true","1","Targum Jonathan on I Samuel 26:10"
"targum-jonathan-on-i-samuel","Targum Jonathan on I Samuel","tok-45fb47065e13","וְיִתְרְוַח","ויתרוח","Unresolved","","No lexical entry yet","true","1","Targum Jonathan on I Samuel 6:3"
"targum-jonathan-on-i-samuel","Targum Jonathan on I Samuel","tok-17d26210d78f","וּכְבֵישִׁית","וכבישית","Unresolved","","No lexical entry yet","true","1","Targum Jonathan on I Samuel 12:3"
"targum-jonathan-on-i-samuel","Targum Jonathan on I Samuel","tok-5d452fb5f660","וְכַד","וכד","Unresolved","","No lexical entry yet","true","3","Targum Jonathan on I Samuel 17:55; Targum Jonathan on I Samuel 17:57; Targum Jonathan on I Samuel 25:31"
"targum-jonathan-on-i-samuel","Targum Jonathan on I Samuel","tok-93ad0ccc03a8","וּכְדֵין","וכדינ","Unresolved","","No lexical entry yet","true","5","Targum Jonathan on I Samuel 3:17; Targum Jonathan on I Samuel 14:44; Targum Jonathan on I Samuel 20:13; Targum Jonathan on I Samuel 25:22; Targum Jonathan on I Samuel 27:11"
"targum-jonathan-on-i-samuel","Targum Jonathan on I Samuel","tok-123c049eb10b","וְכוּרְסֵי","וכורסי","Unresolved","","No lexical entry yet","true","1","Targum Jonathan on I Samuel 2:8"
"targum-jonathan-on-i-samuel","Targum Jonathan on I Samuel","tok-f025c8940bd5","וּכְחוֹבֵי","וכחובי","Unresolved","","No lexical entry yet","true","1","Targum Jonathan on I Samuel 15:23"
"targum-jonathan-on-i-samuel","Targum Jonathan on I Samuel","tok-8ef0aae1fb24","וּכְחוּלַק","וכחולק","Unresolved","","No lexical entry yet","true","1","Targum Jonathan on I Samuel 30:24"
"targum-jonathan-on-i-samuel","Targum Jonathan on I Samuel","tok-4c15b38fbfca","וְכַלָתֵיהּ","וכלתיה","Unresolved","","No lexical entry yet","true","1","Targum Jonathan on I Samuel 4:19"
"targum-jonathan-on-i-samuel","Targum Jonathan on I Samuel","tok-424e7a41ce95","וְכִנוֹרִין","וכנורינ","Unresolved","","No lexical entry yet","true","2","Targum Jonathan on I Samuel 2:1; Targum Jonathan on I Samuel 10:5"
"targum-jonathan-on-i-samuel","Targum Jonathan on I Samuel","tok-195b0fdb386a","וּכְנַשׁ","וכנש","Unresolved","","No lexical entry yet","true","6","Targum Jonathan on I Samuel 10:17; Targum Jonathan on I Samuel 14:48; Targum Jonathan on I Samuel 14:52; Targum Jonathan on I Samuel 15:4; Targum Jonathan on I Samuel 23:8"
"targum-jonathan-on-i-samuel","Targum Jonathan on I Samuel","tok-5c556604bfe6","וּכְנָשׁוּ","וכנשו","Unresolved","","No lexical entry yet","true","5","Targum Jonathan on I Samuel 5:8; Targum Jonathan on I Samuel 5:11; Targum Jonathan on I Samuel 17:1; Targum Jonathan on I Samuel 28:1; Targum Jonathan on I Samuel 29:1"
"targum-jonathan-on-i-samuel","Targum Jonathan on I Samuel","tok-16dcd6f429cf","וְכַסִיאַת","וכסיאת","Unresolved","","No lexical entry yet","true","1","Targum Jonathan on I Samuel 19:13"
"targum-jonathan-on-i-samuel","Targum Jonathan on I Samuel","tok-0df24a3c5689","וּכְעִידַן","וכעידנ","Unresolved","","No lexical entry yet","true","1","Targum Jonathan on I Samuel 4:20"
"targum-jonathan-on-i-samuel","Targum Jonathan on I Samuel","tok-39ad7197e224","וּכְעַן","וכענ","Unresolved","","No lexical entry yet","true","34","Targum Jonathan on I Samuel 2:30; Targum Jonathan on I Samuel 6:7; Targum Jonathan on I Samuel 8:9; Targum Jonathan on I Samuel 9:13; Targum Jonathan on I Samuel 10:19"
"targum-jonathan-on-i-samuel","Targum Jonathan on I Samuel","tok-de79a06983eb","וְכַרְמֵיכוֹן","וכרמיכונ","Unresolved","","No lexical entry yet","true","1","Targum Jonathan on I Samuel 8:15"
"targum-jonathan-on-i-samuel","Targum Jonathan on I Samuel","tok-2f6af8e09a54","וְכַרְמִין","וכרמינ","Unresolved","","No lexical entry yet","true","1","Targum Jonathan on I Samuel 22:7"
"targum-jonathan-on-i-samuel","Targum Jonathan on I Samuel","tok-1525c1507025","וּכְרַע","וכרע","Unresolved","","No lexical entry yet","true","2","Targum Jonathan on I Samuel 24:9; Targum Jonathan on I Samuel 28:14"
"targum-jonathan-on-i-samuel","Targum Jonathan on I Samuel","tok-d1b02d60dae7","וְכִרְעוּתִי","וכרעותי","Unresolved","","No lexical entry yet","true","1","Targum Jonathan on I Samuel 2:35"
"targum-jonathan-on-i-samuel","Targum Jonathan on I Samuel","tok-ece9714b73b2","וּכְרָעַת","וכרעת","Unresolved","","No lexical entry yet","true","1","Targum Jonathan on I Samuel 4:19"
"targum-jonathan-on-i-samuel","Targum Jonathan on I Samuel","tok-ed3c5a7b95b6","וּכְשַׁר","וכשר","Unresolved","","No lexical entry yet","true","2","Targum Jonathan on I Samuel 18:20; Targum Jonathan on I Samuel 18:26"
"targum-jonathan-on-i-samuel","Targum Jonathan on I Samuel","tok-29870db9cf4f","וְכַשְׁרָא","וכשרא","Unresolved","","No lexical entry yet","true","1","Targum Jonathan on I Samuel 12:23"
"targum-jonathan-on-i-samuel","Targum Jonathan on I Samuel","tok-62987da70903","וּכְתַב","וכתב","Unresolved","","No lexical entry yet","true","1","Targum Jonathan on I Samuel 10:25"
"targum-jonathan-on-i-samuel","Targum Jonathan on I Samuel","tok-5687684dc8c2","וְלַאֲבוּהִי","ולאבוהי","Unresolved","","No lexical entry yet","true","1","Targum Jonathan on I Samuel 14:1"
"targum-jonathan-on-i-samuel","Targum Jonathan on I Samuel","tok-b283f059a625","וְלַאֲבִיגַיִל","ולאביגיל","Unresolved","","No lexical entry yet","true","1","Targum Jonathan on I Samuel 25:14"
"targum-jonathan-on-i-samuel","Targum Jonathan on I Samuel","tok-4b0745a3cfd0","וְלַאֲבִישַׁי","ולאבישי","Unresolved","","No lexical entry yet","true","1","Targum Jonathan on I Samuel 26:6"
"targum-jonathan-on-i-samuel","Targum Jonathan on I Samuel","tok-829afec0c579","וּלְאֵידֵין","ולאידינ","Unresolved","","No lexical entry yet","true","1","Targum Jonathan on I Samuel 6:20"
"targum-jonathan-on-i-samuel","Targum Jonathan on I Samuel","tok-a647f624d7cb","וּלְאַלְפֵיכוֹן","ולאלפיכונ","Unresolved","","No lexical entry yet","true","1","Targum Jonathan on I Samuel 10:19"
"targum-jonathan-on-i-samuel","Targum Jonathan on I Samuel","tok-8cfd58d023cf","וּלְאַלְפִין","ולאלפינ","Unresolved","","No lexical entry yet","true","1","Targum Jonathan on I Samuel 29:2"
"targum-jonathan-on-i-samuel","Targum Jonathan on I Samuel","tok-23fdb16c25e7","וּלְאַנְצְבָא","ולאנצבא","Unresolved","","No lexical entry yet","true","1","Targum Jonathan on I Samuel 13:21"
"targum-jonathan-on-i-samuel","Targum Jonathan on I Samuel","tok-c59c8b073a53","וּלְאַפָּחָא","ולאפחא","Unresolved","","No lexical entry yet","true","1","Targum Jonathan on I Samuel 2:33"
"targum-jonathan-on-i-samuel","Targum Jonathan on I Samuel","tok-ce3295c5ee4a","וּלְאָפָן","ולאפנ","Unresolved","","No lexical entry yet","true","1","Targum Jonathan on I Samuel 8:13"
"targum-jonathan-on-i-samuel","Targum Jonathan on I Samuel","tok-d78661783634","וּלְאִתְּתָא","ולאתתא","Unresolved","","No lexical entry yet","true","1","Targum Jonathan on I Samuel 28:24"
"targum-jonathan-on-i-samuel","Targum Jonathan on I Samuel","tok-f436d061c5eb","וּלְבַהֲתַת","ולבהתת","Unresolved","","No lexical entry yet","true","1","Targum Jonathan on I Samuel 20:30"
"targum-jonathan-on-i-samuel","Targum Jonathan on I Samuel","tok-3092764ca25d","וּלְבוּשׁוֹהִי","ולבושוהי","Unresolved","","No lexical entry yet","true","2","Targum Jonathan on I Samuel 4:12; Targum Jonathan on I Samuel 18:4"
"targum-jonathan-on-i-samuel","Targum Jonathan on I Samuel","tok-4938c3c3b484","וְלִבְעִירָא","ולבעירא","Unresolved","","No lexical entry yet","true","1","Targum Jonathan on I Samuel 17:44"
"targum-jonathan-on-i-samuel","Targum Jonathan on I Samuel","tok-260e98fcd5c5","וּלְבַעֲלָהּ","ולבעלה","Unresolved","","No lexical entry yet","true","1","Targum Jonathan on I Samuel 25:19"
"targum-jonathan-on-i-samuel","Targum Jonathan on I Samuel","tok-41d6f8730f2b","וּלְבַשׁ","ולבש","Unresolved","","No lexical entry yet","true","1","Targum Jonathan on I Samuel 28:8"
"targum-jonathan-on-i-samuel","Targum Jonathan on I Samuel","tok-45fa831bec82","וּלְגִלְגָלָא","ולגלגלא","Unresolved","","No lexical entry yet","true","1","Targum Jonathan on I Samuel 7:16"
"targum-jonathan-on-i-samuel","Targum Jonathan on I Samuel","tok-1e4f27281acf","וְלָד","ולד","Unresolved","","No lexical entry yet","true","2","Targum Jonathan on I Samuel 1:5; Targum Jonathan on I Samuel 1:6"
"targum-jonathan-on-i-samuel","Targum Jonathan on I Samuel","tok-1f420e499241","וּלְדַבָּחָא","ולדבחא","Unresolved","","No lexical entry yet","true","1","Targum Jonathan on I Samuel 1:3"
"targum-jonathan-on-i-samuel","Targum Jonathan on I Samuel","tok-998df24046c3","וּלְדִי","ולדי","Unresolved","","No lexical entry yet","true","12","Targum Jonathan on I Samuel 30:27; Targum Jonathan on I Samuel 30:28; Targum Jonathan on I Samuel 30:29; Targum Jonathan on I Samuel 30:30; Targum Jonathan on I Samuel 30:31"
"targum-jonathan-on-i-samuel","Targum Jonathan on I Samuel","tok-68089bbda8d1","וּלְדָרוֹם","ולדרומ","Unresolved","","No lexical entry yet","true","1","Targum Jonathan on I Samuel 27:10"
"targum-jonathan-on-i-samuel","Targum Jonathan on I Samuel","tok-d2b53057ff77","וְלָהּ","ולה","Unresolved","","No lexical entry yet","true","1","Targum Jonathan on I Samuel 25:35"
"targum-jonathan-on-i-samuel","Targum Jonathan on I Samuel","tok-37fd9b86e50f","וּלְהַלָא","ולהלא","Unresolved","","No lexical entry yet","true","1","Targum Jonathan on I Samuel 18:9"
"targum-jonathan-on-i-samuel","Targum Jonathan on I Samuel","tok-fbb0f6693ab6","וּלְהָלָא","ולהלא","Unresolved","","No lexical entry yet","true","3","Targum Jonathan on I Samuel 10:3; Targum Jonathan on I Samuel 20:22; Targum Jonathan on I Samuel 20:37"
"targum-jonathan-on-i-samuel","Targum Jonathan on I Samuel","tok-c77a13ab0695","וּלְוַת","ולות","Unresolved","","No lexical entry yet","true","1","Targum Jonathan on I Samuel 20:8"
"targum-jonathan-on-i-samuel","Targum Jonathan on I Samuel","tok-eff38a6ba7fb","וּלְחַנָה","ולחנה","Unresolved","","No lexical entry yet","true","2","Targum Jonathan on I Samuel 1:2; Targum Jonathan on I Samuel 1:5"
"targum-jonathan-on-i-samuel","Targum Jonathan on I Samuel","tok-05febc510e61","וּלְטָבְּחָן","ולטבחנ","Unresolved","","No lexical entry yet","true","1","Targum Jonathan on I Samuel 8:13"
"targum-jonathan-on-i-samuel","Targum Jonathan on I Samuel","tok-1e3a2a9a19e9","וּלְטוּרְנֵיכוֹן","ולטורניכונ","Unresolved","","No lexical entry yet","true","1","Targum Jonathan on I Samuel 6:4"
"targum-jonathan-on-i-samuel","Targum Jonathan on I Samuel","tok-9849c2f675da","וּלְיוֹנָתָן","וליונתנ","Unresolved","","No lexical entry yet","true","1","Targum Jonathan on I Samuel 13:22"
"targum-jonathan-on-i-samuel","Targum Jonathan on I Samuel","tok-71fa31e0f0ce","וּלְכָא","ולכא","Unresolved","","No lexical entry yet","true","2","Targum Jonathan on I Samuel 20:21; Targum Jonathan on I Samuel 23:28"
"targum-jonathan-on-i-samuel","Targum Jonathan on I Samuel","tok-4b7e422e5937","וּלְכוּלְבַיָא","ולכולביא","Unresolved","","No lexical entry yet","true","1","Targum Jonathan on I Samuel 13:21"
"targum-jonathan-on-i-samuel","Targum Jonathan on I Samuel","tok-f9eb31a414dd","וּלְמָא","ולמא","Unresolved","","No lexical entry yet","true","7","Targum Jonathan on I Samuel 9:21; Targum Jonathan on I Samuel 15:19; Targum Jonathan on I Samuel 19:5; Targum Jonathan on I Samuel 26:15; Targum Jonathan on I Samuel 27:5"
"targum-jonathan-on-i-samuel","Targum Jonathan on I Samuel","tok-0846eb6239f4","וּלְמִבְעֵי","ולמבעי","Unresolved","","No lexical entry yet","true","1","Targum Jonathan on I Samuel 25:29"
"targum-jonathan-on-i-samuel","Targum Jonathan on I Samuel","tok-22c0fa46b017","וּלְמִבְרְזֵיהּ","ולמברזיה","Unresolved","","No lexical entry yet","true","1","Targum Jonathan on I Samuel 19:10"
"targum-jonathan-on-i-samuel","Targum Jonathan on I Samuel","tok-787e0c139859","וּלְמָה","ולמה","Unresolved","","No lexical entry yet","true","3","Targum Jonathan on I Samuel 1:8; Targum Jonathan on I Samuel 6:6"
"targum-jonathan-on-i-samuel","Targum Jonathan on I Samuel","tok-471b9ba07a44","וּלְמֶחְצַד","ולמחצד","Unresolved","","No lexical entry yet","true","1","Targum Jonathan on I Samuel 8:12"
"targum-jonathan-on-i-samuel","Targum Jonathan on I Samuel","tok-f88d101712ec","וּלְמַנָאָה","ולמנאה","Unresolved","","No lexical entry yet","true","1","Targum Jonathan on I Samuel 8:12"
"targum-jonathan-on-i-samuel","Targum Jonathan on I Samuel","tok-47e052177937","וּלְמִפְרַק","ולמפרק","Unresolved","","No lexical entry yet","true","3","Targum Jonathan on I Samuel 25:26; Targum Jonathan on I Samuel 25:31; Targum Jonathan on I Samuel 25:33"
"targum-jonathan-on-i-samuel","Targum Jonathan on I Samuel","tok-222bbe0537b7","וּלְמִצְלַת","ולמצלת","Unresolved","","No lexical entry yet","true","1","Targum Jonathan on I Samuel 13:21"
"targum-jonathan-on-i-samuel","Targum Jonathan on I Samuel","tok-847d0931a5f7","וּלְמִצְפַּיָא","ולמצפיא","Unresolved","","No lexical entry yet","true","1","Targum Jonathan on I Samuel 7:16"
"targum-jonathan-on-i-samuel","Targum Jonathan on I Samuel","tok-b8a131fab5b3","וּלְמִקְטְלֵיהּ","ולמקטליה","Unresolved","","No lexical entry yet","true","1","Targum Jonathan on I Samuel 19:11"
"targum-jonathan-on-i-samuel","Targum Jonathan on I Samuel","tok-4001f92ba3a4","וּלְמִשְׁפַּךְ","ולמשפכ","Unresolved","","No lexical entry yet","true","1","Targum Jonathan on I Samuel 25:31"
"targum-jonathan-on-i-samuel","Targum Jonathan on I Samuel","tok-759cbc770876","וּלְנַכְסָא","ולנכסא","Unresolved","","No lexical entry yet","true","1","Targum Jonathan on I Samuel 10:8"
"targum-jonathan-on-i-samuel","Targum Jonathan on I Samuel","tok-314078c4a9c8","וּלְסִיכַת","ולסיכת","Unresolved","","No lexical entry yet","true","1","Targum Jonathan on I Samuel 13:21"
"targum-jonathan-on-i-samuel","Targum Jonathan on I Samuel","tok-4228cbfb05ee","וְלִסְמְאָלָא","ולסמאלא","Unresolved","","No lexical entry yet","true","1","Targum Jonathan on I Samuel 6:12"
"targum-jonathan-on-i-samuel","Targum Jonathan on I Samuel","tok-2133892a2e73","וּלְעַבְדוֹהִי","ולעבדוהי","Unresolved","","No lexical entry yet","true","1","Targum Jonathan on I Samuel 8:15"
"targum-jonathan-on-i-samuel","Targum Jonathan on I Samuel","tok-86cf184ee0af","וּלְעוּלֵימֵיהּ","ולעולימיה","Unresolved","","No lexical entry yet","true","1","Targum Jonathan on I Samuel 10:14"
"targum-jonathan-on-i-samuel","Targum Jonathan on I Samuel","tok-b7e3f622e5c6","וּלְעֵלָא","ולעלא","Unresolved","","No lexical entry yet","true","4","Targum Jonathan on I Samuel 9:2; Targum Jonathan on I Samuel 10:23; Targum Jonathan on I Samuel 16:13; Targum Jonathan on I Samuel 30:25"
"targum-jonathan-on-i-samuel","Targum Jonathan on I Samuel","tok-221b2683bb2b","וְלִקֲֳדָמוּת","ולקדמות","Unresolved","","No lexical entry yet","true","1","Targum Jonathan on I Samuel 30:21"
"targum-jonathan-on-i-samuel","Targum Jonathan on I Samuel","tok-58d15802cac9","וּלְקוֹ","ולקו","Unresolved","","No lexical entry yet","true","1","Targum Jonathan on I Samuel 5:9"
"targum-jonathan-on-i-samuel","Targum Jonathan on I Samuel","tok-381511ddb0e7","וּלְקֵיט","ולקיט","Unresolved","","No lexical entry yet","true","1","Targum Jonathan on I Samuel 20:38"
"targum-jonathan-on-i-samuel","Targum Jonathan on I Samuel","tok-7b1a49ae5dc9","וּלְקָסְמַיָא","ולקסמיא","Unresolved","","No lexical entry yet","true","1","Targum Jonathan on I Samuel 6:2"
"targum-jonathan-on-i-samuel","Targum Jonathan on I Samuel","tok-e384bc8c8e1b","וּלְשָׁאוּל","ולשאול","Unresolved","","No lexical entry yet","true","1","Targum Jonathan on I Samuel 23:13"
"targum-jonathan-on-i-samuel","Targum Jonathan on I Samuel","tok-9b2624ff4756","וּלְשַׁלָמָא","ולשלמא","Unresolved","","No lexical entry yet","true","1","Targum Jonathan on I Samuel 1:21"
"targum-jonathan-on-i-samuel","Targum Jonathan on I Samuel","tok-cb13c7e0af5b","וְלִשָׁנַיָא","ולשניא","Unresolved","","No lexical entry yet","true","1","Targum Jonathan on I Samuel 2:2"
"targum-jonathan-on-i-samuel","Targum Jonathan on I Samuel","tok-38f59e3726e9","וְלָשַׁת","ולשת","Unresolved","","No lexical entry yet","true","1","Targum Jonathan on I Samuel 28:24"
"targum-jonathan-on-i-samuel","Targum Jonathan on I Samuel","tok-2a18fd65002d","וּלְתַקְלַת","ולתקלת","Unresolved","","No lexical entry yet","true","1","Targum Jonathan on I Samuel 25:31"
"targum-jonathan-on-i-samuel","Targum Jonathan on I Samuel","tok-54c5473bd80e","וּמָא","ומא","Unresolved","","No lexical entry yet","true","1","Targum Jonathan on I Samuel 20:2"
"targum-jonathan-on-i-samuel","Targum Jonathan on I Samuel","tok-27c2ff04dfc3","וּמְאָה","ומאה","Unresolved","","No lexical entry yet","true","1","Targum Jonathan on I Samuel 25:18"
"targum-jonathan-on-i-samuel","Targum Jonathan on I Samuel","tok-2b9c6d98939c","וּמָאנֵי","ומאני","Unresolved","","No lexical entry yet","true","1","Targum Jonathan on I Samuel 8:12"
"targum-jonathan-on-i-samuel","Targum Jonathan on I Samuel","tok-005cf4ad5ba5","וּמֵאַרְעָא","ומארעא","Unresolved","","No lexical entry yet","true","1","Targum Jonathan on I Samuel 30:16"
"targum-jonathan-on-i-samuel","Targum Jonathan on I Samuel","tok-ee9b15f3366c","וּמָאתָן","ומאתנ","Unresolved","","No lexical entry yet","true","2","Targum Jonathan on I Samuel 25:13; Targum Jonathan on I Samuel 25:18"
"targum-jonathan-on-i-samuel","Targum Jonathan on I Samuel","tok-43cfe75b3028","וּמִבִּיזְתָא","ומביזתא","Unresolved","","No lexical entry yet","true","1","Targum Jonathan on I Samuel 30:19"
"targum-jonathan-on-i-samuel","Targum Jonathan on I Samuel","tok-4d9d47ec9b7c","וּמִבְכָּא","ומבכא","Unresolved","","No lexical entry yet","true","1","Targum Jonathan on I Samuel 1:10"
"targum-jonathan-on-i-samuel","Targum Jonathan on I Samuel","tok-878e8433ca67","וּמְבַעֲתָא","ומבעתא","Unresolved","","No lexical entry yet","true","1","Targum Jonathan on I Samuel 16:14"
"targum-jonathan-on-i-samuel","Targum Jonathan on I Samuel","tok-6d5cfc73109d","וּמִדַעַם","ומדעמ","Unresolved","","No lexical entry yet","true","1","Targum Jonathan on I Samuel 9:7"
"targum-jonathan-on-i-samuel","Targum Jonathan on I Samuel","tok-77749cd692a8","וּמִדְקֳדָמוֹהִי","ומדקדמוהי","Unresolved","","No lexical entry yet","true","1","Targum Jonathan on I Samuel 21:6"
"targum-jonathan-on-i-samuel","Targum Jonathan on I Samuel","tok-857d3c594fa1","וּמִדְקָדָמוֹהִי","ומדקדמוהי","Unresolved","","No lexical entry yet","true","3","Targum Jonathan on I Samuel 4:7; Targum Jonathan on I Samuel 14:21; Targum Jonathan on I Samuel 19:7"
"targum-jonathan-on-i-samuel","Targum Jonathan on I Samuel","tok-63c2dd07e62b","וּמִדְקָמוֹהִי","ומדקמוהי","Unresolved","","No lexical entry yet","true","1","Targum Jonathan on I Samuel 10:11"
"targum-jonathan-on-i-samuel","Targum Jonathan on I Samuel","tok-07d7547fb369","וּמוֹסִיף","ומוסיפ","Unresolved","","No lexical entry yet","true","1","Targum Jonathan on I Samuel 15:23"
"targum-jonathan-on-i-samuel","Targum Jonathan on I Samuel","tok-6f7b4bf1235b","וּמוּרְנִיתָא","ומורניתא","Unresolved","","No lexical entry yet","true","3","Targum Jonathan on I Samuel 13:22; Targum Jonathan on I Samuel 18:10; Targum Jonathan on I Samuel 19:9"
"targum-jonathan-on-i-samuel","Targum Jonathan on I Samuel","tok-4881c8e73fb3","וּמוּרְנִיתֵיהּ","ומורניתיה","Unresolved","","No lexical entry yet","true","2","Targum Jonathan on I Samuel 22:6; Targum Jonathan on I Samuel 26:7"
"targum-jonathan-on-i-samuel","Targum Jonathan on I Samuel","tok-0ea097126247","וּמְחָא","ומחא","Unresolved","","No lexical entry yet","true","8","Targum Jonathan on I Samuel 5:9; Targum Jonathan on I Samuel 13:3; Targum Jonathan on I Samuel 14:48; Targum Jonathan on I Samuel 15:7; Targum Jonathan on I Samuel 17:49"
"targum-jonathan-on-i-samuel","Targum Jonathan on I Samuel","tok-d3ff3e66ad5f","וּמְחַבְּלָא","ומחבלא","Unresolved","","No lexical entry yet","true","1","Targum Jonathan on I Samuel 14:15"
"targum-jonathan-on-i-samuel","Targum Jonathan on I Samuel","tok-453e70450f77","וּמְחוֹ","ומחו","Unresolved","","No lexical entry yet","true","2","Targum Jonathan on I Samuel 4:2; Targum Jonathan on I Samuel 11:11"
"targum-jonathan-on-i-samuel","Targum Jonathan on I Samuel","tok-00e45c20fc6f","וּמְחַוֵי","ומחוי","Unresolved","","No lexical entry yet","true","1","Targum Jonathan on I Samuel 22:8"
"targum-jonathan-on-i-samuel","Targum Jonathan on I Samuel","tok-d69d5c22bed9","וּמְחוֹנוֹן","ומחונונ","Unresolved","","No lexical entry yet","true","1","Targum Jonathan on I Samuel 7:11"
"targum-jonathan-on-i-samuel","Targum Jonathan on I Samuel","tok-b9a767249423","וּמְחֵי","ומחי","Unresolved","","No lexical entry yet","true","1","Targum Jonathan on I Samuel 27:9"
"targum-jonathan-on-i-samuel","Targum Jonathan on I Samuel","tok-474a71fdb7a1","וּמְחָנוּן","ומחנונ","Unresolved","","No lexical entry yet","true","1","Targum Jonathan on I Samuel 30:17"
"targum-jonathan-on-i-samuel","Targum Jonathan on I Samuel","tok-c5cbbaabba35","וּמְחַר","ומחר","Unresolved","","No lexical entry yet","true","1","Targum Jonathan on I Samuel 28:19"
"targum-jonathan-on-i-samuel","Targum Jonathan on I Samuel","tok-9c9cb8be6fde","וּמָחַת","ומחת","Unresolved","","No lexical entry yet","true","1","Targum Jonathan on I Samuel 21:14"
"targum-jonathan-on-i-samuel","Targum Jonathan on I Samuel","tok-d593d192cb81","וּמִטְרָא","ומטרא","Unresolved","","No lexical entry yet","true","2","Targum Jonathan on I Samuel 12:17; Targum Jonathan on I Samuel 12:18"
"targum-jonathan-on-i-samuel","Targum Jonathan on I Samuel","tok-c4bac2f9aa99","וּמִידָא","ומידא","Unresolved","","No lexical entry yet","true","1","Targum Jonathan on I Samuel 17:37"
"targum-jonathan-on-i-samuel","Targum Jonathan on I Samuel","tok-57cba77067ae","וּמִיכַל","ומיכל","Unresolved","","No lexical entry yet","true","1","Targum Jonathan on I Samuel 18:28"
"targum-jonathan-on-i-samuel","Targum Jonathan on I Samuel","tok-bed56d485bae","וּמֵימְרָא","ומימרא","Unresolved","","No lexical entry yet","true","6","Targum Jonathan on I Samuel 3:19; Targum Jonathan on I Samuel 16:18; Targum Jonathan on I Samuel 17:37; Targum Jonathan on I Samuel 18:14; Targum Jonathan on I Samuel 28:15"
"targum-jonathan-on-i-samuel","Targum Jonathan on I Samuel","tok-59e85683d19d","וּמִית","ומית","Unresolved","","No lexical entry yet","true","6","Targum Jonathan on I Samuel 4:18; Targum Jonathan on I Samuel 25:1; Targum Jonathan on I Samuel 25:37; Targum Jonathan on I Samuel 25:38; Targum Jonathan on I Samuel 31:5"
"targum-jonathan-on-i-samuel","Targum Jonathan on I Samuel","tok-80bc40f69920","וּמְכַדְבִין","ומכדבינ","Unresolved","","No lexical entry yet","true","1","Targum Jonathan on I Samuel 15:29"
"targum-jonathan-on-i-samuel","Targum Jonathan on I Samuel","tok-3f8ac63b9ef7","וּמְכִילְתָא","ומכילתא","Unresolved","","No lexical entry yet","true","1","Targum Jonathan on I Samuel 1:24"
"targum-jonathan-on-i-samuel","Targum Jonathan on I Samuel","tok-ff30dbfc824c","וּמִכְּעַן","ומכענ","Unresolved","","No lexical entry yet","true","1","Targum Jonathan on I Samuel 18:8"
"targum-jonathan-on-i-samuel","Targum Jonathan on I Samuel","tok-5d63438e68ec","וּמַלֵיל","ומליל","Unresolved","","No lexical entry yet","true","5","Targum Jonathan on I Samuel 9:25; Targum Jonathan on I Samuel 10:25; Targum Jonathan on I Samuel 17:23; Targum Jonathan on I Samuel 19:1; Targum Jonathan on I Samuel 19:4"
"targum-jonathan-on-i-samuel","Targum Jonathan on I Samuel","tok-6545f3bc59f6","וּמַלִילוּ","ומלילו","Unresolved","","No lexical entry yet","true","5","Targum Jonathan on I Samuel 4:20; Targum Jonathan on I Samuel 11:4; Targum Jonathan on I Samuel 18:23; Targum Jonathan on I Samuel 25:9; Targum Jonathan on I Samuel 25:40"
"targum-jonathan-on-i-samuel","Targum Jonathan on I Samuel","tok-5bf103686004","וּמַלְכוּתָךְ","ומלכותכ","Unresolved","","No lexical entry yet","true","1","Targum Jonathan on I Samuel 20:31"
"targum-jonathan-on-i-samuel","Targum Jonathan on I Samuel","tok-71da35e6f8f1","וּמַלְכִּישׁוּעַ","ומלכישוע","Unresolved","","No lexical entry yet","true","1","Targum Jonathan on I Samuel 14:49"
"targum-jonathan-on-i-samuel","Targum Jonathan on I Samuel","tok-0ae13914f139","וּמִמַשִׁרְיַת","וממשרית","Unresolved","","No lexical entry yet","true","1","Targum Jonathan on I Samuel 2:10"
"targum-jonathan-on-i-samuel","Targum Jonathan on I Samuel","tok-1b6ae7460527","וּמְנָא","ומנא","Unresolved","","No lexical entry yet","true","1","Targum Jonathan on I Samuel 13:15"
"targum-jonathan-on-i-samuel","Targum Jonathan on I Samuel","tok-8555b34486a2","וּמְנַגֵן","ומנגנ","Unresolved","","No lexical entry yet","true","1","Targum Jonathan on I Samuel 16:23"
"targum-jonathan-on-i-samuel","Targum Jonathan on I Samuel","tok-016a16cdd78c","וּמְנוֹ","ומנו","Unresolved","","No lexical entry yet","true","1","Targum Jonathan on I Samuel 14:17"
"targum-jonathan-on-i-samuel","Targum Jonathan on I Samuel","tok-10ed9fbaaa9a","וּמַנִי","ומני","Unresolved","","No lexical entry yet","true","2","Targum Jonathan on I Samuel 8:1; Targum Jonathan on I Samuel 11:11"
"targum-jonathan-on-i-samuel","Targum Jonathan on I Samuel","tok-fbffde179de2","וּמָנֵיהּ","ומניה","Unresolved","","No lexical entry yet","true","1","Targum Jonathan on I Samuel 18:5"
"targum-jonathan-on-i-samuel","Targum Jonathan on I Samuel","tok-3802dae1a828","וּמַנְיֵיהּ","ומנייה","Unresolved","","No lexical entry yet","true","1","Targum Jonathan on I Samuel 18:13"
"targum-jonathan-on-i-samuel","Targum Jonathan on I Samuel","tok-20b1cc1b55eb","וּמְנִינוּן","ומנינונ","Unresolved","","No lexical entry yet","true","1","Targum Jonathan on I Samuel 11:8"
"targum-jonathan-on-i-samuel","Targum Jonathan on I Samuel","tok-3474e37bbf7e","וּמַנִינוּן","ומנינונ","Unresolved","","No lexical entry yet","true","1","Targum Jonathan on I Samuel 15:4"
"targum-jonathan-on-i-samuel","Targum Jonathan on I Samuel","tok-103fc511590f","וּמְסַחֲפָא","ומסחפא","Unresolved","","No lexical entry yet","true","1","Targum Jonathan on I Samuel 17:6"
"targum-jonathan-on-i-samuel","Targum Jonathan on I Samuel","tok-7471f3ec071b","וּמִסְכְּנִין","ומסכנינ","Unresolved","","No lexical entry yet","true","1","Targum Jonathan on I Samuel 2:5"
"targum-jonathan-on-i-samuel","Targum Jonathan on I Samuel","tok-c50a917250b0","וּמַסְקָא","ומסקא","Unresolved","","No lexical entry yet","true","1","Targum Jonathan on I Samuel 2:19"
"targum-jonathan-on-i-samuel","Targum Jonathan on I Samuel","tok-f4aae7532da9","וּמְסַר","ומסר","Unresolved","","No lexical entry yet","true","3","Targum Jonathan on I Samuel 12:9; Targum Jonathan on I Samuel 19:5; Targum Jonathan on I Samuel 30:23"
"targum-jonathan-on-i-samuel","Targum Jonathan on I Samuel","tok-62cab76b9981","וּמְסָרֵט","ומסרט","Unresolved","","No lexical entry yet","true","1","Targum Jonathan on I Samuel 21:14"
"targum-jonathan-on-i-samuel","Targum Jonathan on I Samuel","tok-d7d3bbf8a885","וּמְסָרִית","ומסרית","Unresolved","","No lexical entry yet","true","1","Targum Jonathan on I Samuel 28:21"
"targum-jonathan-on-i-samuel","Targum Jonathan on I Samuel","tok-0537c6a5c413","וּמִסְתְּחַר","ומסתחר","Unresolved","","No lexical entry yet","true","1","Targum Jonathan on I Samuel 7:16"
"targum-jonathan-on-i-samuel","Targum Jonathan on I Samuel","tok-7bc46a44ba4d","וּמִסְתַּלְקָא","ומסתלקא","Unresolved","","No lexical entry yet","true","1","Targum Jonathan on I Samuel 16:23"
"targum-jonathan-on-i-samuel","Targum Jonathan on I Samuel","tok-60ea65f4197d","וּמְעִיל","ומעיל","Unresolved","","No lexical entry yet","true","1","Targum Jonathan on I Samuel 2:19"
"targum-jonathan-on-i-samuel","Targum Jonathan on I Samuel","tok-5685861d24b3","וּמַעֲלָךְ","ומעלכ","Unresolved","","No lexical entry yet","true","1","Targum Jonathan on I Samuel 29:6"
"targum-jonathan-on-i-samuel","Targum Jonathan on I Samuel","tok-5a554b42c7e3","וּמְעַתֵּיר","ומעתיר","Unresolved","","No lexical entry yet","true","1","Targum Jonathan on I Samuel 2:7"
"targum-jonathan-on-i-samuel","Targum Jonathan on I Samuel","tok-ae2e6bf528d6","וּמִפִּתְגָמֵי","ומפתגמי","Unresolved","","No lexical entry yet","true","1","Targum Jonathan on I Samuel 12:18"
"targum-jonathan-on-i-samuel","Targum Jonathan on I Samuel","tok-54130f66032f","וּמְצַהֲבָא","ומצהבא","Unresolved","","No lexical entry yet","true","1","Targum Jonathan on I Samuel 1:6"
"targum-jonathan-on-i-samuel","Targum Jonathan on I Samuel","tok-413d1bc53415","וּמְצַלְיָא","ומצליא","Unresolved","","No lexical entry yet","true","1","Targum Jonathan on I Samuel 1:10"
"targum-jonathan-on-i-samuel","Targum Jonathan on I Samuel","tok-b3327dcb9ec0","וּמַקְדִים","ומקדימ","Unresolved","","No lexical entry yet","true","1","Targum Jonathan on I Samuel 17:16"
"targum-jonathan-on-i-samuel","Targum Jonathan on I Samuel","tok-ea60de1cd2a6","וּמִקְצַתְהוֹן","ומקצתהונ","Unresolved","","No lexical entry yet","true","1","Targum Jonathan on I Samuel 30:9"
"targum-jonathan-on-i-samuel","Targum Jonathan on I Samuel","tok-66c9f9be5642","וּמַרְוַת","ומרות","Unresolved","","No lexical entry yet","true","1","Targum Jonathan on I Samuel 1:11"
"targum-jonathan-on-i-samuel","Targum Jonathan on I Samuel","tok-ce74086a5a0c","וּמְשַׁבַּח","ומשבח","Unresolved","","No lexical entry yet","true","1","Targum Jonathan on I Samuel 19:23"
"targum-jonathan-on-i-samuel","Targum Jonathan on I Samuel","tok-e1bc720c21da","וּמְשַׁח","ומשח","Unresolved","","No lexical entry yet","true","1","Targum Jonathan on I Samuel 16:13"
"targum-jonathan-on-i-samuel","Targum Jonathan on I Samuel","tok-a58840e8b065","וּמַשִׁילְיָא","ומשיליא","Unresolved","","No lexical entry yet","true","1","Targum Jonathan on I Samuel 2:13"
"targum-jonathan-on-i-samuel","Targum Jonathan on I Samuel","tok-273b7ace2a6a","וּמַשְׁכְּחָא","ומשכחא","Unresolved","","No lexical entry yet","true","1","Targum Jonathan on I Samuel 13:22"
"targum-jonathan-on-i-samuel","Targum Jonathan on I Samuel","tok-d9240e3e7a8a","וּמְשַׁעְבְּדִין","ומשעבדינ","Unresolved","","No lexical entry yet","true","1","Targum Jonathan on I Samuel 2:27"
"targum-jonathan-on-i-samuel","Targum Jonathan on I Samuel","tok-75b6cc4e567c","וּמַשִׁרְיַת","ומשרית","Unresolved","","No lexical entry yet","true","1","Targum Jonathan on I Samuel 17:20"
"targum-jonathan-on-i-samuel","Targum Jonathan on I Samuel","tok-bd8f9376b966","וּמַשְׁרִיתָא","ומשריתא","Unresolved","","No lexical entry yet","true","2","Targum Jonathan on I Samuel 13:18"
"targum-jonathan-on-i-samuel","Targum Jonathan on I Samuel","tok-46d9bcb952af","וּמַתְקַל","ומתקל","Unresolved","","No lexical entry yet","true","1","Targum Jonathan on I Samuel 17:5"
"targum-jonathan-on-i-samuel","Targum Jonathan on I Samuel","tok-b7dc6772303c","וּמִתְרְוַח","ומתרוח","Unresolved","","No lexical entry yet","true","1","Targum Jonathan on I Samuel 16:23"
"targum-jonathan-on-i-samuel","Targum Jonathan on I Samuel","tok-f6e075d29b66","וְנַגִיחַ","ונגיח","Unresolved","","No lexical entry yet","true","1","Targum Jonathan on I Samuel 17:10"
"targum-jonathan-on-i-samuel","Targum Jonathan on I Samuel","tok-a81290753683","וּנְהוֹדַע","ונהודע","Unresolved","","No lexical entry yet","true","1","Targum Jonathan on I Samuel 14:12"
"targum-jonathan-on-i-samuel","Targum Jonathan on I Samuel","tok-2d2a61da148b","וּנְהֵי","ונהי","Unresolved","","No lexical entry yet","true","2","Targum Jonathan on I Samuel 8:20; Targum Jonathan on I Samuel 17:9"
"targum-jonathan-on-i-samuel","Targum Jonathan on I Samuel","tok-c6c69cb34627","וְנַהֲרָא","ונהרא","Unresolved","","No lexical entry yet","true","1","Targum Jonathan on I Samuel 14:27"
"targum-jonathan-on-i-samuel","Targum Jonathan on I Samuel","tok-b115c4d96fe6","וְנוֹדָא","ונודא","Unresolved","","No lexical entry yet","true","1","Targum Jonathan on I Samuel 19:16"
"targum-jonathan-on-i-samuel","Targum Jonathan on I Samuel","tok-774ae8a83309","וְנֵזִיל","ונזיל","Unresolved","","No lexical entry yet","true","1","Targum Jonathan on I Samuel 11:14"
"targum-jonathan-on-i-samuel","Targum Jonathan on I Samuel","tok-334f207a5ba5","וּנְחַדַת","ונחדת","Unresolved","","No lexical entry yet","true","1","Targum Jonathan on I Samuel 11:14"
"targum-jonathan-on-i-samuel","Targum Jonathan on I Samuel","tok-e157c66fbcf1","וּנְחָתוּ","ונחתו","Unresolved","","No lexical entry yet","true","3","Targum Jonathan on I Samuel 9:25; Targum Jonathan on I Samuel 13:20; Targum Jonathan on I Samuel 22:1"
"targum-jonathan-on-i-samuel","Targum Jonathan on I Samuel","tok-bfeabd2628e5","וּנְחָתַת","ונחתת","Unresolved","","No lexical entry yet","true","1","Targum Jonathan on I Samuel 25:20"
"targum-jonathan-on-i-samuel","Targum Jonathan on I Samuel","tok-b21c23b11c01","וְנָטֵל","ונטל","Unresolved","","No lexical entry yet","true","1","Targum Jonathan on I Samuel 31:6"
"targum-jonathan-on-i-samuel","Targum Jonathan on I Samuel","tok-011dcf6f541c","וְנָטַל","ונטל","Unresolved","","No lexical entry yet","true","4","Targum Jonathan on I Samuel 14:13; Targum Jonathan on I Samuel 14:14; Targum Jonathan on I Samuel 14:17; Targum Jonathan on I Samuel 17:7"
"targum-jonathan-on-i-samuel","Targum Jonathan on I Samuel","tok-9935e5555e72","וּנָטַל","ונטל","Unresolved","","No lexical entry yet","true","1","Targum Jonathan on I Samuel 14:13"
"targum-jonathan-on-i-samuel","Targum Jonathan on I Samuel","tok-dc2172d65fc5","וּנְטָלוּ","ונטלו","Unresolved","","No lexical entry yet","true","1","Targum Jonathan on I Samuel 4:4"
"targum-jonathan-on-i-samuel","Targum Jonathan on I Samuel","tok-0be64b6f51f1","וּנְטַר","ונטר","Unresolved","","No lexical entry yet","true","1","Targum Jonathan on I Samuel 30:23"
"targum-jonathan-on-i-samuel","Targum Jonathan on I Samuel","tok-b4e7ea98108c","וְנִידַע","ונידע","Unresolved","","No lexical entry yet","true","1","Targum Jonathan on I Samuel 6:9"
"targum-jonathan-on-i-samuel","Targum Jonathan on I Samuel","tok-61b82a5d8d91","וְנֵיזִיל","וניזיל","Unresolved","","No lexical entry yet","true","1","Targum Jonathan on I Samuel 26:11"
"targum-jonathan-on-i-samuel","Targum Jonathan on I Samuel","tok-56773d418808","וְנִימוּסָא","ונימוסא","Unresolved","","No lexical entry yet","true","1","Targum Jonathan on I Samuel 2:13"
"targum-jonathan-on-i-samuel","Targum Jonathan on I Samuel","tok-13666b6de3af","וְנִיסַק","וניסק","Unresolved","","No lexical entry yet","true","1","Targum Jonathan on I Samuel 14:10"
"targum-jonathan-on-i-samuel","Targum Jonathan on I Samuel","tok-c53876c8dda9","וְנֵיתוּב","וניתוב","Unresolved","","No lexical entry yet","true","1","Targum Jonathan on I Samuel 9:5"
"targum-jonathan-on-i-samuel","Targum Jonathan on I Samuel","tok-939aece30e4b","וּנְכִיסוּ","ונכיסו","Unresolved","","No lexical entry yet","true","5","Targum Jonathan on I Samuel 1:25; Targum Jonathan on I Samuel 6:15; Targum Jonathan on I Samuel 11:15; Targum Jonathan on I Samuel 14:32; Targum Jonathan on I Samuel 14:34"
"targum-jonathan-on-i-samuel","Targum Jonathan on I Samuel","tok-22529ac946f0","וְנִכְסוֹהִי","ונכסוהי","Unresolved","","No lexical entry yet","true","1","Targum Jonathan on I Samuel 25:2"
"targum-jonathan-on-i-samuel","Targum Jonathan on I Samuel","tok-ec6a456e3b42","וְנִכְסַת","ונכסת","Unresolved","","No lexical entry yet","true","1","Targum Jonathan on I Samuel 13:9"
"targum-jonathan-on-i-samuel","Targum Jonathan on I Samuel","tok-56e0fc396e2e","וּנְכֵסְתֵּיהּ","ונכסתיה","Unresolved","","No lexical entry yet","true","1","Targum Jonathan on I Samuel 28:24"
"targum-jonathan-on-i-samuel","Targum Jonathan on I Samuel","tok-1fef170fbc71","וְנֵס","ונס","Unresolved","","No lexical entry yet","true","1","Targum Jonathan on I Samuel 2:2"
"targum-jonathan-on-i-samuel","Targum Jonathan on I Samuel","tok-7660fab9a626","וּנְסֵבִית","ונסבית","Unresolved","","No lexical entry yet","true","1","Targum Jonathan on I Samuel 25:35"
"targum-jonathan-on-i-samuel","Targum Jonathan on I Samuel","tok-325dbbd4bfa4","וּנְסִיב","ונסיב","Unresolved","","No lexical entry yet","true","16","Targum Jonathan on I Samuel 7:9; Targum Jonathan on I Samuel 7:12; Targum Jonathan on I Samuel 10:1; Targum Jonathan on I Samuel 11:7; Targum Jonathan on I Samuel 16:13"
"targum-jonathan-on-i-samuel","Targum Jonathan on I Samuel","tok-f22a018ba6bc","וּנְסִיבוּ","ונסיבו","Unresolved","","No lexical entry yet","true","6","Targum Jonathan on I Samuel 5:2; Targum Jonathan on I Samuel 5:3; Targum Jonathan on I Samuel 6:10; Targum Jonathan on I Samuel 14:32; Targum Jonathan on I Samuel 31:12"
"targum-jonathan-on-i-samuel","Targum Jonathan on I Samuel","tok-075260d635e9","וּנְסִיבַת","ונסיבת","Unresolved","","No lexical entry yet","true","3","Targum Jonathan on I Samuel 19:13; Targum Jonathan on I Samuel 25:18; Targum Jonathan on I Samuel 28:24"
"targum-jonathan-on-i-samuel","Targum Jonathan on I Samuel","tok-8382d5e608ba","וְנֶעְבַד","ונעבד","Unresolved","","No lexical entry yet","true","1","Targum Jonathan on I Samuel 14:1"
"targum-jonathan-on-i-samuel","Targum Jonathan on I Samuel","tok-42b41041e60b","וְנֶעְבַּר","ונעבר","Unresolved","","No lexical entry yet","true","1","Targum Jonathan on I Samuel 14:6"
"targum-jonathan-on-i-samuel","Targum Jonathan on I Samuel","tok-76dc752ab4ce","וְנָעַיָן","ונעינ","Unresolved","","No lexical entry yet","true","1","Targum Jonathan on I Samuel 6:12"
"targum-jonathan-on-i-samuel","Targum Jonathan on I Samuel","tok-6adb099d895f","וְנִפוֹק","ונפוק","Unresolved","","No lexical entry yet","true","1","Targum Jonathan on I Samuel 20:11"
"targum-jonathan-on-i-samuel","Targum Jonathan on I Samuel","tok-9b77ea8f71eb","וְנִפּוֹק","ונפוק","Unresolved","","No lexical entry yet","true","1","Targum Jonathan on I Samuel 11:3"
"targum-jonathan-on-i-samuel","Targum Jonathan on I Samuel","tok-121f06924261","וְנָפִיק","ונפיק","Unresolved","","No lexical entry yet","true","1","Targum Jonathan on I Samuel 23:22"
"targum-jonathan-on-i-samuel","Targum Jonathan on I Samuel","tok-95c5e667a673","וּנְפַל","ונפל","Unresolved","","No lexical entry yet","true","8","Targum Jonathan on I Samuel 4:18; Targum Jonathan on I Samuel 11:7; Targum Jonathan on I Samuel 17:49; Targum Jonathan on I Samuel 19:24; Targum Jonathan on I Samuel 20:41"
"targum-jonathan-on-i-samuel","Targum Jonathan on I Samuel","tok-8ad0c9f50507","וְנִפְלַח","ונפלח","Unresolved","","No lexical entry yet","true","1","Targum Jonathan on I Samuel 12:10"
"targum-jonathan-on-i-samuel","Targum Jonathan on I Samuel","tok-91eff43d321a","וְנִפְלְחִינָךְ","ונפלחינכ","Unresolved","","No lexical entry yet","true","1","Targum Jonathan on I Samuel 11:1"
"targum-jonathan-on-i-samuel","Targum Jonathan on I Samuel","tok-d5a6e7b41450","וּנְפַלַת","ונפלת","Unresolved","","No lexical entry yet","true","1","Targum Jonathan on I Samuel 25:23"
"targum-jonathan-on-i-samuel","Targum Jonathan on I Samuel","tok-c92d755b4909","וּנְפָלַת","ונפלת","Unresolved","","No lexical entry yet","true","1","Targum Jonathan on I Samuel 25:24"
"targum-jonathan-on-i-samuel","Targum Jonathan on I Samuel","tok-aac758f576c8","וּנְפַק","ונפק","Unresolved","","No lexical entry yet","true","10","Targum Jonathan on I Samuel 4:1; Targum Jonathan on I Samuel 13:10; Targum Jonathan on I Samuel 13:17; Targum Jonathan on I Samuel 13:23; Targum Jonathan on I Samuel 17:4"
"targum-jonathan-on-i-samuel","Targum Jonathan on I Samuel","tok-699ac7157157","וּנְפַקָא","ונפקא","Unresolved","","No lexical entry yet","true","1","Targum Jonathan on I Samuel 18:6"
"targum-jonathan-on-i-samuel","Targum Jonathan on I Samuel","tok-5f4f2cd8052e","וּנְפַקוּ","ונפקו","Unresolved","","No lexical entry yet","true","3","Targum Jonathan on I Samuel 7:11; Targum Jonathan on I Samuel 20:11; Targum Jonathan on I Samuel 23:13"
"targum-jonathan-on-i-samuel","Targum Jonathan on I Samuel","tok-027b052029ca","וּנְפָקוּ","ונפקו","Unresolved","","No lexical entry yet","true","4","Targum Jonathan on I Samuel 9:26; Targum Jonathan on I Samuel 11:7; Targum Jonathan on I Samuel 18:30; Targum Jonathan on I Samuel 30:21"
"targum-jonathan-on-i-samuel","Targum Jonathan on I Samuel","tok-9171ecfc493b","וּנְפָקִית","ונפקית","Unresolved","","No lexical entry yet","true","1","Targum Jonathan on I Samuel 17:35"
"targum-jonathan-on-i-samuel","Targum Jonathan on I Samuel","tok-e07db5e0db7c","וְנַפְשָׁא","ונפשא","Unresolved","","No lexical entry yet","true","1","Targum Jonathan on I Samuel 18:1"
"targum-jonathan-on-i-samuel","Targum Jonathan on I Samuel","tok-5d4d455ef706","וּנְצַחְנָא","ונצחנא","Unresolved","","No lexical entry yet","true","1","Targum Jonathan on I Samuel 17:8"
"targum-jonathan-on-i-samuel","Targum Jonathan on I Samuel","tok-115df79b6bd2","וּנְקוּם","ונקומ","Unresolved","","No lexical entry yet","true","1","Targum Jonathan on I Samuel 14:9"
"targum-jonathan-on-i-samuel","Targum Jonathan on I Samuel","tok-942d75f66350","וְנִקְטוֹל","ונקטול","Unresolved","","No lexical entry yet","true","1","Targum Jonathan on I Samuel 14:36"
"targum-jonathan-on-i-samuel","Targum Jonathan on I Samuel","tok-8dd9071416c2","וְנַקְטְלִינוּן","ונקטלינונ","Unresolved","","No lexical entry yet","true","1","Targum Jonathan on I Samuel 11:12"
"targum-jonathan-on-i-samuel","Targum Jonathan on I Samuel","tok-4f770e0af455","וְנִשְׁאַל","ונשאל","Unresolved","","No lexical entry yet","true","1","Targum Jonathan on I Samuel 14:36"
"targum-jonathan-on-i-samuel","Targum Jonathan on I Samuel","tok-62582fb35b9f","וּנְשֵׁיהוֹן","ונשיהונ","Unresolved","","No lexical entry yet","true","1","Targum Jonathan on I Samuel 30:3"
"targum-jonathan-on-i-samuel","Targum Jonathan on I Samuel","tok-7e9eab364bd9","וּנְשִׁיקוּ","ונשיקו","Unresolved","","No lexical entry yet","true","1","Targum Jonathan on I Samuel 20:41"
"targum-jonathan-on-i-samuel","Targum Jonathan on I Samuel","tok-b1c378b590ad","וְנִשְׁלַח","ונשלח","Unresolved","","No lexical entry yet","true","1","Targum Jonathan on I Samuel 11:3"
"targum-jonathan-on-i-samuel","Targum Jonathan on I Samuel","tok-d016a72d1566","וְנַשְׁקֵיהּ","ונשקיה","Unresolved","","No lexical entry yet","true","1","Targum Jonathan on I Samuel 10:1"
"targum-jonathan-on-i-samuel","Targum Jonathan on I Samuel","tok-1b9cc8293ef7","וְנִתְגְלֵי","ונתגלי","Unresolved","","No lexical entry yet","true","1","Targum Jonathan on I Samuel 14:8"
"targum-jonathan-on-i-samuel","Targum Jonathan on I Samuel","tok-075b07b737f5","וְנִתְמְטֵי","ונתמטי","Unresolved","","No lexical entry yet","true","1","Targum Jonathan on I Samuel 9:9"
"targum-jonathan-on-i-samuel","Targum Jonathan on I Samuel","tok-788a058376dd","וְסַב","וסב","Unresolved","","No lexical entry yet","true","1","Targum Jonathan on I Samuel 2:16"
"targum-jonathan-on-i-samuel","Targum Jonathan on I Samuel","tok-3dfdf32909d8","וְסָבֵית","וסבית","Unresolved","","No lexical entry yet","true","1","Targum Jonathan on I Samuel 12:2"
"targum-jonathan-on-i-samuel","Targum Jonathan on I Samuel","tok-8bad42be2d6f","וְסַבַּר","וסבר","Unresolved","","No lexical entry yet","true","1","Targum Jonathan on I Samuel 3:8"
"targum-jonathan-on-i-samuel","Targum Jonathan on I Samuel","tok-0dca9b665737","וְסַגִי","וסגי","Unresolved","","No lexical entry yet","true","2","Targum Jonathan on I Samuel 2:26; Targum Jonathan on I Samuel 14:16"
"targum-jonathan-on-i-samuel","Targum Jonathan on I Samuel","tok-1ec5d682a9a8","וְסָגֵי","וסגי","Unresolved","","No lexical entry yet","true","1","Targum Jonathan on I Samuel 14:19"
"targum-jonathan-on-i-samuel","Targum Jonathan on I Samuel","tok-776010411683","וּסְגֵי","וסגי","Unresolved","","No lexical entry yet","true","1","Targum Jonathan on I Samuel 18:30"
"targum-jonathan-on-i-samuel","Targum Jonathan on I Samuel","tok-044d467eebbd","וּסְגִיאוּ","וסגיאו","Unresolved","","No lexical entry yet","true","1","Targum Jonathan on I Samuel 7:2"
"targum-jonathan-on-i-samuel","Targum Jonathan on I Samuel","tok-177b115ef386","וְסַגִיאִין","וסגיאינ","Unresolved","","No lexical entry yet","true","1","Targum Jonathan on I Samuel 2:5"
"targum-jonathan-on-i-samuel","Targum Jonathan on I Samuel","tok-8f431b87e82d","וּסְגִיד","וסגיד","Unresolved","","No lexical entry yet","true","5","Targum Jonathan on I Samuel 1:28; Targum Jonathan on I Samuel 15:31; Targum Jonathan on I Samuel 20:41; Targum Jonathan on I Samuel 24:9; Targum Jonathan on I Samuel 28:14"
"targum-jonathan-on-i-samuel","Targum Jonathan on I Samuel","tok-90167e26ef46","וּסְגִידוּ","וסגידו","Unresolved","","No lexical entry yet","true","1","Targum Jonathan on I Samuel 1:19"
"targum-jonathan-on-i-samuel","Targum Jonathan on I Samuel","tok-3692c2a29c8b","וּסְגִידַת","וסגידת","Unresolved","","No lexical entry yet","true","2","Targum Jonathan on I Samuel 25:23; Targum Jonathan on I Samuel 25:41"
"targum-jonathan-on-i-samuel","Targum Jonathan on I Samuel","tok-def4910aabca","וְסַדָרוּ","וסדרו","Unresolved","","No lexical entry yet","true","2","Targum Jonathan on I Samuel 17:2; Targum Jonathan on I Samuel 17:21"
"targum-jonathan-on-i-samuel","Targum Jonathan on I Samuel","tok-dbc59c275cb7","וּסְדָרוּ","וסדרו","Unresolved","","No lexical entry yet","true","1","Targum Jonathan on I Samuel 4:2"
"targum-jonathan-on-i-samuel","Targum Jonathan on I Samuel","tok-40cd86f8a2a1","וְסַדְרִנוּן","וסדרנונ","Unresolved","","No lexical entry yet","true","1","Targum Jonathan on I Samuel 8:21"
"targum-jonathan-on-i-samuel","Targum Jonathan on I Samuel","tok-f4ecb0457adf","וְסָהֵיד","וסהיד","Unresolved","","No lexical entry yet","true","1","Targum Jonathan on I Samuel 12:5"
"targum-jonathan-on-i-samuel","Targum Jonathan on I Samuel","tok-b08da124014d","וְסוּכְלָתָן","וסוכלתנ","Unresolved","","No lexical entry yet","true","1","Targum Jonathan on I Samuel 16:18"
"targum-jonathan-on-i-samuel","Targum Jonathan on I Samuel","tok-e7e3654c360c","וְסוּרְחַן","וסורחנ","Unresolved","","No lexical entry yet","true","1","Targum Jonathan on I Samuel 24:12"
"targum-jonathan-on-i-samuel","Targum Jonathan on I Samuel","tok-1ff73fb330c0","וּסְלִיק","וסליק","Unresolved","","No lexical entry yet","true","5","Targum Jonathan on I Samuel 1:3; Targum Jonathan on I Samuel 1:21; Targum Jonathan on I Samuel 13:15; Targum Jonathan on I Samuel 14:13; Targum Jonathan on I Samuel 27:8"
"targum-jonathan-on-i-samuel","Targum Jonathan on I Samuel","tok-6f3da811be62","וּסְלֵיק","וסליק","Unresolved","","No lexical entry yet","true","3","Targum Jonathan on I Samuel 11:1; Targum Jonathan on I Samuel 14:46; Targum Jonathan on I Samuel 24:1"
"targum-jonathan-on-i-samuel","Targum Jonathan on I Samuel","tok-e2afb23c2a0c","וּסְלִיקוּ","וסליקו","Unresolved","","No lexical entry yet","true","5","Targum Jonathan on I Samuel 7:7; Targum Jonathan on I Samuel 9:14; Targum Jonathan on I Samuel 13:5; Targum Jonathan on I Samuel 23:19; Targum Jonathan on I Samuel 25:13"
"targum-jonathan-on-i-samuel","Targum Jonathan on I Samuel","tok-d0fbd482824b","וּסְלִיקַת","וסליקת","Unresolved","","No lexical entry yet","true","1","Targum Jonathan on I Samuel 5:12"
"targum-jonathan-on-i-samuel","Targum Jonathan on I Samuel","tok-d128e704b39c","וְסַמוֹק","וסמוק","Unresolved","","No lexical entry yet","true","1","Targum Jonathan on I Samuel 17:42"
"targum-jonathan-on-i-samuel","Targum Jonathan on I Samuel","tok-f2f4fbb3822e","וּסְפָדוּ","וספדו","Unresolved","","No lexical entry yet","true","3","Targum Jonathan on I Samuel 25:1; Targum Jonathan on I Samuel 28:3"
"targum-jonathan-on-i-samuel","Targum Jonathan on I Samuel","tok-edbf7b30041b","וְסָרִיב","וסריב","Unresolved","","No lexical entry yet","true","1","Targum Jonathan on I Samuel 28:23"
"targum-jonathan-on-i-samuel","Targum Jonathan on I Samuel","tok-fa8a5654c0e3","וְסָרִיבוּ","וסריבו","Unresolved","","No lexical entry yet","true","1","Targum Jonathan on I Samuel 8:19"
"targum-jonathan-on-i-samuel","Targum Jonathan on I Samuel","tok-462bc2b0761f","וַעֲבַד","ועבד","Unresolved","","No lexical entry yet","true","4","Targum Jonathan on I Samuel 15:12; Targum Jonathan on I Samuel 16:4; Targum Jonathan on I Samuel 19:5; Targum Jonathan on I Samuel 28:17"
"targum-jonathan-on-i-samuel","Targum Jonathan on I Samuel","tok-aba763809bb0","וַעֲבַדוּ","ועבדו","Unresolved","","No lexical entry yet","true","1","Targum Jonathan on I Samuel 6:10"
"targum-jonathan-on-i-samuel","Targum Jonathan on I Samuel","tok-144e60e3722d","וְעַבְדֵי","ועבדי","Unresolved","","No lexical entry yet","true","1","Targum Jonathan on I Samuel 29:10"
"targum-jonathan-on-i-samuel","Targum Jonathan on I Samuel","tok-887bf43d713e","וְעָבְדֵי","ועבדי","Unresolved","","No lexical entry yet","true","1","Targum Jonathan on I Samuel 14:23"
"targum-jonathan-on-i-samuel","Targum Jonathan on I Samuel","tok-7c28de28bebd","וַעֲבַדְתָּא","ועבדתא","Unresolved","","No lexical entry yet","true","1","Targum Jonathan on I Samuel 15:19"
"targum-jonathan-on-i-samuel","Targum Jonathan on I Samuel","tok-48e7db7e0006","וַעֲבִידוּ","ועבידו","Unresolved","","No lexical entry yet","true","1","Targum Jonathan on I Samuel 6:7"
"targum-jonathan-on-i-samuel","Targum Jonathan on I Samuel","tok-9fbe0fe73905","וְעַבְּרִין","ועברינ","Unresolved","","No lexical entry yet","true","1","Targum Jonathan on I Samuel 23:7"
"targum-jonathan-on-i-samuel","Targum Jonathan on I Samuel","tok-2288cd8b7fef","וַעֲגָלָתָא","ועגלתא","Unresolved","","No lexical entry yet","true","1","Targum Jonathan on I Samuel 6:14"
"targum-jonathan-on-i-samuel","Targum Jonathan on I Samuel","tok-3c750819df41","וְעַדִיאַת","ועדיאת","Unresolved","","No lexical entry yet","true","2","Targum Jonathan on I Samuel 1:20; Targum Jonathan on I Samuel 2:21"
"targum-jonathan-on-i-samuel","Targum Jonathan on I Samuel","tok-65bd7ba6f20c","וְעוּלֵימָא","ועולימא","Unresolved","","No lexical entry yet","true","1","Targum Jonathan on I Samuel 20:39"
"targum-jonathan-on-i-samuel","Targum Jonathan on I Samuel","tok-1b612d62f550","וְעוּלֵמָא","ועולמא","Unresolved","","No lexical entry yet","true","1","Targum Jonathan on I Samuel 20:36"
"targum-jonathan-on-i-samuel","Targum Jonathan on I Samuel","tok-563766999f85","וְעֵינוֹהִי","ועינוהי","Unresolved","","No lexical entry yet","true","2","Targum Jonathan on I Samuel 3:2; Targum Jonathan on I Samuel 4:15"
"targum-jonathan-on-i-samuel","Targum Jonathan on I Samuel","tok-ba699923ce53","וְעַכְבְּרֵי","ועכברי","Unresolved","","No lexical entry yet","true","1","Targum Jonathan on I Samuel 6:18"
"targum-jonathan-on-i-samuel","Targum Jonathan on I Samuel","tok-2306812dcbb8","וַעֲלוֹ","ועלו","Unresolved","","No lexical entry yet","true","1","Targum Jonathan on I Samuel 11:11"
"targum-jonathan-on-i-samuel","Targum Jonathan on I Samuel","tok-f76eb12e421e","וְעֵלִי","ועלי","Unresolved","","No lexical entry yet","true","5","Targum Jonathan on I Samuel 1:9; Targum Jonathan on I Samuel 1:12; Targum Jonathan on I Samuel 2:22; Targum Jonathan on I Samuel 3:2; Targum Jonathan on I Samuel 4:15"
"targum-jonathan-on-i-samuel","Targum Jonathan on I Samuel","tok-37c758fd7e4d","וְעָלֵיל","ועליל","Unresolved","","No lexical entry yet","true","1","Targum Jonathan on I Samuel 18:16"
"targum-jonathan-on-i-samuel","Targum Jonathan on I Samuel","tok-47cfba15c8c8","וְעַמָא","ועמא","Unresolved","","No lexical entry yet","true","9","Targum Jonathan on I Samuel 13:5; Targum Jonathan on I Samuel 13:16; Targum Jonathan on I Samuel 14:2; Targum Jonathan on I Samuel 14:3; Targum Jonathan on I Samuel 14:41"
"targum-jonathan-on-i-samuel","Targum Jonathan on I Samuel","tok-942162d27301","וְעִמֵיהּ","ועמיה","Unresolved","","No lexical entry yet","true","2","Targum Jonathan on I Samuel 2:1; Targum Jonathan on I Samuel 26:2"
"targum-jonathan-on-i-samuel","Targum Jonathan on I Samuel","tok-a29a96507b75","וַעֲמַלְקָאָה","ועמלקאה","Unresolved","","No lexical entry yet","true","1","Targum Jonathan on I Samuel 30:1"
"targum-jonathan-on-i-samuel","Targum Jonathan on I Samuel","tok-7944f77272a7","וַעֲמַלְקָאֵי","ועמלקאי","Unresolved","","No lexical entry yet","true","1","Targum Jonathan on I Samuel 27:8"
"targum-jonathan-on-i-samuel","Targum Jonathan on I Samuel","tok-1b70b66fdece","וְעַסְרָא","ועסרא","Unresolved","","No lexical entry yet","true","2","Targum Jonathan on I Samuel 15:4; Targum Jonathan on I Samuel 17:17"
"targum-jonathan-on-i-samuel","Targum Jonathan on I Samuel","tok-5b38829bd87e","וְעַפְרָא","ועפרא","Unresolved","","No lexical entry yet","true","1","Targum Jonathan on I Samuel 4:12"
"targum-jonathan-on-i-samuel","Targum Jonathan on I Samuel","tok-3c6758f2d959","וְעָקַת","ועקת","Unresolved","","No lexical entry yet","true","1","Targum Jonathan on I Samuel 30:6"
"targum-jonathan-on-i-samuel","Targum Jonathan on I Samuel","tok-79ae5b5e02bd","וַעֲקַתְכוֹן","ועקתכונ","Unresolved","","No lexical entry yet","true","1","Targum Jonathan on I Samuel 10:19"
"targum-jonathan-on-i-samuel","Targum Jonathan on I Samuel","tok-17ba8bf0d1a7","וַעֲרַע","וערע","Unresolved","","No lexical entry yet","true","1","Targum Jonathan on I Samuel 9:18"
"targum-jonathan-on-i-samuel","Targum Jonathan on I Samuel","tok-bb88791e3f41","וַעֲרָעַת","וערעת","Unresolved","","No lexical entry yet","true","1","Targum Jonathan on I Samuel 25:20"
"targum-jonathan-on-i-samuel","Targum Jonathan on I Samuel","tok-39e11f801908","וַעֲרַק","וערק","Unresolved","","No lexical entry yet","true","4","Targum Jonathan on I Samuel 19:12; Targum Jonathan on I Samuel 20:1; Targum Jonathan on I Samuel 21:11; Targum Jonathan on I Samuel 22:20"
"targum-jonathan-on-i-samuel","Targum Jonathan on I Samuel","tok-9e344116ab6c","וְעַשְׁתְּרָתָא","ועשתרתא","Unresolved","","No lexical entry yet","true","1","Targum Jonathan on I Samuel 7:3"
"targum-jonathan-on-i-samuel","Targum Jonathan on I Samuel","tok-d98b781b7371","וְעַתִּיק","ועתיק","Unresolved","","No lexical entry yet","true","1","Targum Jonathan on I Samuel 1:15"
"targum-jonathan-on-i-samuel","Targum Jonathan on I Samuel","tok-41b0431cac22","וּפַטִימַיָא","ופטימיא","Unresolved","","No lexical entry yet","true","1","Targum Jonathan on I Samuel 15:9"
"targum-jonathan-on-i-samuel","Targum Jonathan on I Samuel","tok-3caa542da96d","וּפִינְחָס","ופינחס","Unresolved","","No lexical entry yet","true","4","Targum Jonathan on I Samuel 4:4; Targum Jonathan on I Samuel 4:11; Targum Jonathan on I Samuel 4:17; Targum Jonathan on I Samuel 17:8"
"targum-jonathan-on-i-samuel","Targum Jonathan on I Samuel","tok-ad729da6f5bb","וּפַיֵס","ופיס","Unresolved","","No lexical entry yet","true","1","Targum Jonathan on I Samuel 24:8"
"targum-jonathan-on-i-samuel","Targum Jonathan on I Samuel","tok-4b4cbfccab33","וּפְלַחוּ","ופלחו","Unresolved","","No lexical entry yet","true","2","Targum Jonathan on I Samuel 7:3; Targum Jonathan on I Samuel 7:4"
"targum-jonathan-on-i-samuel","Targum Jonathan on I Samuel","tok-e1ce1b3a1490","וּפְלָחוּ","ופלחו","Unresolved","","No lexical entry yet","true","1","Targum Jonathan on I Samuel 8:8"
"targum-jonathan-on-i-samuel","Targum Jonathan on I Samuel","tok-8cea03d3cf62","וּפְלַחְנָא","ופלחנא","Unresolved","","No lexical entry yet","true","1","Targum Jonathan on I Samuel 12:10"
"targum-jonathan-on-i-samuel","Targum Jonathan on I Samuel","tok-290aaab6c3b0","וּפְלִשְׁתָּאֵי","ופלשתאי","Unresolved","","No lexical entry yet","true","12","Targum Jonathan on I Samuel 4:1; Targum Jonathan on I Samuel 5:1; Targum Jonathan on I Samuel 7:10; Targum Jonathan on I Samuel 13:5; Targum Jonathan on I Samuel 13:11"
"targum-jonathan-on-i-samuel","Targum Jonathan on I Samuel","tok-769957a250f2","וּפִנְחָס","ופנחס","Unresolved","","No lexical entry yet","true","2","Targum Jonathan on I Samuel 1:3; Targum Jonathan on I Samuel 2:34"
"targum-jonathan-on-i-samuel","Targum Jonathan on I Samuel","tok-c5000eb8cafb","וּפְסַק","ופסק","Unresolved","","No lexical entry yet","true","3","Targum Jonathan on I Samuel 10:13; Targum Jonathan on I Samuel 17:51; Targum Jonathan on I Samuel 24:5"
"targum-jonathan-on-i-samuel","Targum Jonathan on I Samuel","tok-2b60e725174d","וּפְסַקוּ","ופסקו","Unresolved","","No lexical entry yet","true","1","Targum Jonathan on I Samuel 31:9"
"targum-jonathan-on-i-samuel","Targum Jonathan on I Samuel","tok-9203d8ce928f","וּפְסָקוּ","ופסקו","Unresolved","","No lexical entry yet","true","1","Targum Jonathan on I Samuel 25:9"
"targum-jonathan-on-i-samuel","Targum Jonathan on I Samuel","tok-9a6691b076e3","וּפַקְדֵיהּ","ופקדיה","Unresolved","","No lexical entry yet","true","1","Targum Jonathan on I Samuel 13:14"
"targum-jonathan-on-i-samuel","Targum Jonathan on I Samuel","tok-7ed544385026","וּפַקֵיד","ופקיד","Unresolved","","No lexical entry yet","true","1","Targum Jonathan on I Samuel 18:22"
"targum-jonathan-on-i-samuel","Targum Jonathan on I Samuel","tok-973146368d9c","וּפַרְעֹה","ופרעה","Unresolved","","No lexical entry yet","true","1","Targum Jonathan on I Samuel 6:6"
"targum-jonathan-on-i-samuel","Targum Jonathan on I Samuel","tok-d5fe1825cec4","וּפְרַק","ופרק","Unresolved","","No lexical entry yet","true","2","Targum Jonathan on I Samuel 14:23; Targum Jonathan on I Samuel 23:5"
"targum-jonathan-on-i-samuel","Targum Jonathan on I Samuel","tok-dfac91090c6a","וּפְרָקוּ","ופרקו","Unresolved","","No lexical entry yet","true","1","Targum Jonathan on I Samuel 14:45"
"targum-jonathan-on-i-samuel","Targum Jonathan on I Samuel","tok-d720de7ebed4","וּפָשַׁח","ופשח","Unresolved","","No lexical entry yet","true","1","Targum Jonathan on I Samuel 15:33"
"targum-jonathan-on-i-samuel","Targum Jonathan on I Samuel","tok-ebbe99416b12","וּפִתָּא","ופתא","Unresolved","","No lexical entry yet","true","1","Targum Jonathan on I Samuel 2:36"
"targum-jonathan-on-i-samuel","Targum Jonathan on I Samuel","tok-a2a984e3d03e","וּפִתְגָמָא","ופתגמא","Unresolved","","No lexical entry yet","true","2","Targum Jonathan on I Samuel 3:1; Targum Jonathan on I Samuel 20:23"
"targum-jonathan-on-i-samuel","Targum Jonathan on I Samuel","tok-7e7f08a6325a","וּפְתַח","ופתח","Unresolved","","No lexical entry yet","true","1","Targum Jonathan on I Samuel 3:15"
"targum-jonathan-on-i-samuel","Targum Jonathan on I Samuel","tok-0cdd2a16ff6d","וְצַדִיקַיָא","וצדיקיא","Unresolved","","No lexical entry yet","true","1","Targum Jonathan on I Samuel 2:8"
"targum-jonathan-on-i-samuel","Targum Jonathan on I Samuel","tok-76c340c9e1e0","וּצְוָחַת","וצוחת","Unresolved","","No lexical entry yet","true","1","Targum Jonathan on I Samuel 28:12"
"targum-jonathan-on-i-samuel","Targum Jonathan on I Samuel","tok-e084beb46fea","וְצַלוּ","וצלו","Unresolved","","No lexical entry yet","true","1","Targum Jonathan on I Samuel 8:3"
"targum-jonathan-on-i-samuel","Targum Jonathan on I Samuel","tok-42e205bc48ac","וְצַלָחוּ","וצלחו","Unresolved","","No lexical entry yet","true","1","Targum Jonathan on I Samuel 6:14"
"targum-jonathan-on-i-samuel","Targum Jonathan on I Samuel","tok-8ad1f01b6d62","וְצַלִי","וצלי","Unresolved","","No lexical entry yet","true","2","Targum Jonathan on I Samuel 7:9; Targum Jonathan on I Samuel 15:11"
"targum-jonathan-on-i-samuel","Targum Jonathan on I Samuel","tok-f17cd4cb9dfe","וְצַלֵי","וצלי","Unresolved","","No lexical entry yet","true","1","Targum Jonathan on I Samuel 8:6"
"targum-jonathan-on-i-samuel","Targum Jonathan on I Samuel","tok-a10a02bde13b","וְצַלִיאַת","וצליאת","Unresolved","","No lexical entry yet","true","1","Targum Jonathan on I Samuel 2:1"
"targum-jonathan-on-i-samuel","Targum Jonathan on I Samuel","tok-55fab839fa7b","וְצַלְמֵי","וצלמי","Unresolved","","No lexical entry yet","true","1","Targum Jonathan on I Samuel 6:5"
"targum-jonathan-on-i-samuel","Targum Jonathan on I Samuel","tok-89ff9b6dd7cc","וְצֶלְצְלִין","וצלצלינ","Unresolved","","No lexical entry yet","true","1","Targum Jonathan on I Samuel 10:5"
"targum-jonathan-on-i-samuel","Targum Jonathan on I Samuel","tok-b2b84ab4ea22","וְצָמוּ","וצמו","Unresolved","","No lexical entry yet","true","2","Targum Jonathan on I Samuel 7:6; Targum Jonathan on I Samuel 31:13"
"targum-jonathan-on-i-samuel","Targum Jonathan on I Samuel","tok-c7398cbfd59e","וְקַבֵּיל","וקביל","Unresolved","","No lexical entry yet","true","4","Targum Jonathan on I Samuel 7:9; Targum Jonathan on I Samuel 23:4; Targum Jonathan on I Samuel 25:35; Targum Jonathan on I Samuel 28:23"
"targum-jonathan-on-i-samuel","Targum Jonathan on I Samuel","tok-eb41ccd0dab5","וְקַבִילוּ","וקבילו","Unresolved","","No lexical entry yet","true","1","Targum Jonathan on I Samuel 8:3"
"targum-jonathan-on-i-samuel","Targum Jonathan on I Samuel","tok-e44ca99c9866","וְקַבֵּל","וקבל","Unresolved","","No lexical entry yet","true","1","Targum Jonathan on I Samuel 19:6"
"targum-jonathan-on-i-samuel","Targum Jonathan on I Samuel","tok-289ac64478a0","וְקַבֵּלִית","וקבלית","Unresolved","","No lexical entry yet","true","1","Targum Jonathan on I Samuel 15:24"
"targum-jonathan-on-i-samuel","Targum Jonathan on I Samuel","tok-dab64e006a06","וּקְבַע","וקבע","Unresolved","","No lexical entry yet","true","2","Targum Jonathan on I Samuel 2:14; Targum Jonathan on I Samuel 19:10"
"targum-jonathan-on-i-samuel","Targum Jonathan on I Samuel","tok-5675741c3e8f","וּקְבָרוּ","וקברו","Unresolved","","No lexical entry yet","true","1","Targum Jonathan on I Samuel 31:13"
"targum-jonathan-on-i-samuel","Targum Jonathan on I Samuel","tok-f8de52ebc8f7","וּקְבָרוֹהִי","וקברוהי","Unresolved","","No lexical entry yet","true","1","Targum Jonathan on I Samuel 28:3"
"targum-jonathan-on-i-samuel","Targum Jonathan on I Samuel","tok-898b0259af2d","וּקְבָרוּהִי","וקברוהי","Unresolved","","No lexical entry yet","true","1","Targum Jonathan on I Samuel 25:1"
"targum-jonathan-on-i-samuel","Targum Jonathan on I Samuel","tok-649d1ea74c16","וְקֳדָם","וקדמ","Unresolved","","No lexical entry yet","true","1","Targum Jonathan on I Samuel 16:7"
"targum-jonathan-on-i-samuel","Targum Jonathan on I Samuel","tok-96898ea2026b","וְקָדָם","וקדמ","Unresolved","","No lexical entry yet","true","3","Targum Jonathan on I Samuel 12:3; Targum Jonathan on I Samuel 15:30; Targum Jonathan on I Samuel 28:25"
"targum-jonathan-on-i-samuel","Targum Jonathan on I Samuel","tok-b931dcf0eda3","וּקְדָם","וקדמ","Unresolved","","No lexical entry yet","true","1","Targum Jonathan on I Samuel 13:12"
"targum-jonathan-on-i-samuel","Targum Jonathan on I Samuel","tok-18d54df5878f","וְקָדָמֵיהוֹן","וקדמיהונ","Unresolved","","No lexical entry yet","true","1","Targum Jonathan on I Samuel 10:5"
"targum-jonathan-on-i-samuel","Targum Jonathan on I Samuel","tok-176232c42a30","וְקוּלַס","וקולס","Unresolved","","No lexical entry yet","true","1","Targum Jonathan on I Samuel 17:5"
"targum-jonathan-on-i-samuel","Targum Jonathan on I Samuel","tok-41a70e685753","וְקוּם","וקומ","Unresolved","","No lexical entry yet","true","1","Targum Jonathan on I Samuel 9:3"
"targum-jonathan-on-i-samuel","Targum Jonathan on I Samuel","tok-56550dd16be8","וּקְטַל","וקטל","Unresolved","","No lexical entry yet","true","5","Targum Jonathan on I Samuel 6:19; Targum Jonathan on I Samuel 18:27; Targum Jonathan on I Samuel 19:5; Targum Jonathan on I Samuel 22:18"
"targum-jonathan-on-i-samuel","Targum Jonathan on I Samuel","tok-9603a1b65e67","וּקְטַלוּ","וקטלו","Unresolved","","No lexical entry yet","true","1","Targum Jonathan on I Samuel 14:31"
"targum-jonathan-on-i-samuel","Targum Jonathan on I Samuel","tok-f65710931bd5","וּקְטָלוּ","וקטלו","Unresolved","","No lexical entry yet","true","1","Targum Jonathan on I Samuel 31:2"
"targum-jonathan-on-i-samuel","Targum Jonathan on I Samuel","tok-fce37a017bbb","וּקְטֻלוּ","וקטלו","Unresolved","","No lexical entry yet","true","1","Targum Jonathan on I Samuel 22:17"
"targum-jonathan-on-i-samuel","Targum Jonathan on I Samuel","tok-dd6e6a7c227d","וְקַטְלֵיהּ","וקטליה","Unresolved","","No lexical entry yet","true","2","Targum Jonathan on I Samuel 17:50; Targum Jonathan on I Samuel 17:51"
"targum-jonathan-on-i-samuel","Targum Jonathan on I Samuel","tok-6202f1b3878e","וְקַטְלַנִי","וקטלני","Unresolved","","No lexical entry yet","true","1","Targum Jonathan on I Samuel 31:4"
"targum-jonathan-on-i-samuel","Targum Jonathan on I Samuel","tok-d9bf7d7e3c98","וּקְטַלְתֵּיהּ","וקטלתיה","Unresolved","","No lexical entry yet","true","1","Targum Jonathan on I Samuel 17:35"
"targum-jonathan-on-i-samuel","Targum Jonathan on I Samuel","tok-a1f87694527d","וְקַיָימַת","וקיימת","Unresolved","","No lexical entry yet","true","1","Targum Jonathan on I Samuel 1:11"
"targum-jonathan-on-i-samuel","Targum Jonathan on I Samuel","tok-d84d3093b1b4","וְקִישׁ","וקיש","Unresolved","","No lexical entry yet","true","1","Targum Jonathan on I Samuel 14:51"
"targum-jonathan-on-i-samuel","Targum Jonathan on I Samuel","tok-7953aa835485","וְקָלָא","וקלא","Unresolved","","No lexical entry yet","true","1","Targum Jonathan on I Samuel 3:3"
"targum-jonathan-on-i-samuel","Targum Jonathan on I Samuel","tok-3b1a210b9dbf","וְקָלָהּ","וקלה","Unresolved","","No lexical entry yet","true","1","Targum Jonathan on I Samuel 1:13"
"targum-jonathan-on-i-samuel","Targum Jonathan on I Samuel","tok-f08d204cdf67","וּקְלוֹ","וקלו","Unresolved","","No lexical entry yet","true","1","Targum Jonathan on I Samuel 31:12"
"targum-jonathan-on-i-samuel","Targum Jonathan on I Samuel","tok-0ff1d6e01038","וְקַלְעֵיהּ","וקלעיה","Unresolved","","No lexical entry yet","true","1","Targum Jonathan on I Samuel 17:40"
"targum-jonathan-on-i-samuel","Targum Jonathan on I Samuel","tok-dcf9dfe3fc44","וְקַם","וקמ","Unresolved","","No lexical entry yet","true","1","Targum Jonathan on I Samuel 20:34"
"targum-jonathan-on-i-samuel","Targum Jonathan on I Samuel","tok-e9a4a605ae44","וְקָם","וקמ","Unresolved","","No lexical entry yet","true","23","Targum Jonathan on I Samuel 3:6; Targum Jonathan on I Samuel 3:8; Targum Jonathan on I Samuel 9:26; Targum Jonathan on I Samuel 13:15; Targum Jonathan on I Samuel 16:13"
"targum-jonathan-on-i-samuel","Targum Jonathan on I Samuel","tok-4c91860be5fc","וְקָמָא","וקמא","Unresolved","","No lexical entry yet","true","1","Targum Jonathan on I Samuel 6:14"
"targum-jonathan-on-i-samuel","Targum Jonathan on I Samuel","tok-ec51386693fe","וְקָמַת","וקמת","Unresolved","","No lexical entry yet","true","3","Targum Jonathan on I Samuel 1:9; Targum Jonathan on I Samuel 25:41; Targum Jonathan on I Samuel 25:42"
"targum-jonathan-on-i-samuel","Targum Jonathan on I Samuel","tok-9f290f876cee","וְקָץ","וקצ","Unresolved","","No lexical entry yet","true","1","Targum Jonathan on I Samuel 25:14"
"targum-jonathan-on-i-samuel","Targum Jonathan on I Samuel","tok-2d5f566ee3f5","וּקְרָא","וקרא","Unresolved","","No lexical entry yet","true","14","Targum Jonathan on I Samuel 3:4; Targum Jonathan on I Samuel 3:10; Targum Jonathan on I Samuel 3:16; Targum Jonathan on I Samuel 7:12; Targum Jonathan on I Samuel 9:26"
"targum-jonathan-on-i-samuel","Targum Jonathan on I Samuel","tok-eed2f649e8c3","וּקְרַב","וקרב","Unresolved","","No lexical entry yet","true","1","Targum Jonathan on I Samuel 17:48"
"targum-jonathan-on-i-samuel","Targum Jonathan on I Samuel","tok-e03582ed3180","וּקְרָב","וקרב","Unresolved","","No lexical entry yet","true","1","Targum Jonathan on I Samuel 17:8"
"targum-jonathan-on-i-samuel","Targum Jonathan on I Samuel","tok-2705eb633446","וּקְרוֹ","וקרו","Unresolved","","No lexical entry yet","true","1","Targum Jonathan on I Samuel 6:2"
"targum-jonathan-on-i-samuel","Targum Jonathan on I Samuel","tok-f0d76029e91f","וְקָרֵיב","וקריב","Unresolved","","No lexical entry yet","true","5","Targum Jonathan on I Samuel 10:20; Targum Jonathan on I Samuel 10:21; Targum Jonathan on I Samuel 17:16; Targum Jonathan on I Samuel 17:41; Targum Jonathan on I Samuel 30:7"
"targum-jonathan-on-i-samuel","Targum Jonathan on I Samuel","tok-b4e8e3a2bf6c","וּקְרִיב","וקריב","Unresolved","","No lexical entry yet","true","1","Targum Jonathan on I Samuel 17:40"
"targum-jonathan-on-i-samuel","Targum Jonathan on I Samuel","tok-e63a8b0115c0","וְקָרִיבוּ","וקריבו","Unresolved","","No lexical entry yet","true","1","Targum Jonathan on I Samuel 14:34"
"targum-jonathan-on-i-samuel","Targum Jonathan on I Samuel","tok-ebffdc7a1ed2","וְקָרֵיבַת","וקריבת","Unresolved","","No lexical entry yet","true","1","Targum Jonathan on I Samuel 28:25"
"targum-jonathan-on-i-samuel","Targum Jonathan on I Samuel","tok-82c72ed3d4ca","וּקְרֵית","וקרית","Unresolved","","No lexical entry yet","true","1","Targum Jonathan on I Samuel 28:15"
"targum-jonathan-on-i-samuel","Targum Jonathan on I Samuel","tok-6e4f3e5fa0e1","וּקְרַת","וקרת","Unresolved","","No lexical entry yet","true","2","Targum Jonathan on I Samuel 1:20; Targum Jonathan on I Samuel 4:21"
"targum-jonathan-on-i-samuel","Targum Jonathan on I Samuel","tok-41b100eb2979","וּרְבָא","ורבא","Unresolved","","No lexical entry yet","true","2","Targum Jonathan on I Samuel 2:21; Targum Jonathan on I Samuel 3:19"
"targum-jonathan-on-i-samuel","Targum Jonathan on I Samuel","tok-b07500261739","וְרִבּוֹנִי","ורבוני","Unresolved","","No lexical entry yet","true","1","Targum Jonathan on I Samuel 24:12"
"targum-jonathan-on-i-samuel","Targum Jonathan on I Samuel","tok-a82409466f2f","וְרַבְיָא","ורביא","Unresolved","","No lexical entry yet","true","4","Targum Jonathan on I Samuel 1:24; Targum Jonathan on I Samuel 2:11; Targum Jonathan on I Samuel 2:26; Targum Jonathan on I Samuel 3:1"
"targum-jonathan-on-i-samuel","Targum Jonathan on I Samuel","tok-07158ce34e55","וְרַבָּנֵי","ורבני","Unresolved","","No lexical entry yet","true","2","Targum Jonathan on I Samuel 8:12; Targum Jonathan on I Samuel 22:7"
"targum-jonathan-on-i-samuel","Targum Jonathan on I Samuel","tok-06b19cbb3bb3","וּרְגִיזוּ","ורגיזו","Unresolved","","No lexical entry yet","true","1","Targum Jonathan on I Samuel 29:4"
"targum-jonathan-on-i-samuel","Targum Jonathan on I Samuel","tok-e5b450cd172c","וּרְדַף","ורדפ","Unresolved","","No lexical entry yet","true","2","Targum Jonathan on I Samuel 23:25; Targum Jonathan on I Samuel 30:10"
"targum-jonathan-on-i-samuel","Targum Jonathan on I Samuel","tok-48c214cacb1d","וּרְדָפוּ","ורדפו","Unresolved","","No lexical entry yet","true","2","Targum Jonathan on I Samuel 7:11; Targum Jonathan on I Samuel 17:52"
"targum-jonathan-on-i-samuel","Targum Jonathan on I Samuel","tok-e0df488ba6a5","וְרָדְפִין","ורדפינ","Unresolved","","No lexical entry yet","true","1","Targum Jonathan on I Samuel 8:11"
"targum-jonathan-on-i-samuel","Targum Jonathan on I Samuel","tok-dc5858886ffa","וּרְהַט","ורהט","Unresolved","","No lexical entry yet","true","5","Targum Jonathan on I Samuel 3:5; Targum Jonathan on I Samuel 4:12; Targum Jonathan on I Samuel 17:22; Targum Jonathan on I Samuel 17:48; Targum Jonathan on I Samuel 17:51"
"targum-jonathan-on-i-samuel","Targum Jonathan on I Samuel","tok-8be536fbf900","וּרְהָטוּ","ורהטו","Unresolved","","No lexical entry yet","true","1","Targum Jonathan on I Samuel 10:23"
"targum-jonathan-on-i-samuel","Targum Jonathan on I Samuel","tok-5c1fc80ab1e2","וְרוּחַ","ורוח","Unresolved","","No lexical entry yet","true","1","Targum Jonathan on I Samuel 16:14"
"targum-jonathan-on-i-samuel","Targum Jonathan on I Samuel","tok-6a933f4dd0f0","וְרוֹמֵי","ורומי","Unresolved","","No lexical entry yet","true","1","Targum Jonathan on I Samuel 2:5"
"targum-jonathan-on-i-samuel","Targum Jonathan on I Samuel","tok-8ddda000eff9","וּרְחִימַת","ורחימת","Unresolved","","No lexical entry yet","true","1","Targum Jonathan on I Samuel 18:20"
"targum-jonathan-on-i-samuel","Targum Jonathan on I Samuel","tok-f5b3925b4b63","וְרִחֲמֵיהּ","ורחמיה","Unresolved","","No lexical entry yet","true","1","Targum Jonathan on I Samuel 16:21"
"targum-jonathan-on-i-samuel","Targum Jonathan on I Samuel","tok-c42f5b3c80af","וְרַחֲמֵיהּ","ורחמיה","Unresolved","","No lexical entry yet","true","1","Targum Jonathan on I Samuel 18:1"
"targum-jonathan-on-i-samuel","Targum Jonathan on I Samuel","tok-7430cfcdb8ec","וְרַחֲקָךְ","ורחקכ","Unresolved","","No lexical entry yet","true","1","Targum Jonathan on I Samuel 15:26"
"targum-jonathan-on-i-samuel","Targum Jonathan on I Samuel","tok-049e74965a80","וְרֵישׁ","וריש","Unresolved","","No lexical entry yet","true","1","Targum Jonathan on I Samuel 5:4"
"targum-jonathan-on-i-samuel","Targum Jonathan on I Samuel","tok-81e552c5cad4","וְרֵישָׁא","ורישא","Unresolved","","No lexical entry yet","true","1","Targum Jonathan on I Samuel 17:57"
"targum-jonathan-on-i-samuel","Targum Jonathan on I Samuel","tok-7b20c879ba35","וּרְכִיבַת","ורכיבת","Unresolved","","No lexical entry yet","true","1","Targum Jonathan on I Samuel 25:42"
"targum-jonathan-on-i-samuel","Targum Jonathan on I Samuel","tok-2ae076475e5a","וְרָם","ורמ","Unresolved","","No lexical entry yet","true","1","Targum Jonathan on I Samuel 10:23"
"targum-jonathan-on-i-samuel","Targum Jonathan on I Samuel","tok-9f45fbe975f6","וּרְמִינָא","ורמינא","Unresolved","","No lexical entry yet","true","1","Targum Jonathan on I Samuel 17:8"
"targum-jonathan-on-i-samuel","Targum Jonathan on I Samuel","tok-e3b80650bf4e","וְרַשִׁיעָא","ורשיעא","Unresolved","","No lexical entry yet","true","1","Targum Jonathan on I Samuel 30:22"
"targum-jonathan-on-i-samuel","Targum Jonathan on I Samuel","tok-dbd675146b3e","וְרַשִׁיעַיָא","ורשיעיא","Unresolved","","No lexical entry yet","true","1","Targum Jonathan on I Samuel 2:9"
"targum-jonathan-on-i-samuel","Targum Jonathan on I Samuel","tok-e1e069ed06f7","וְשָׁאוּל","ושאול","Unresolved","","No lexical entry yet","true","19","Targum Jonathan on I Samuel 9:5; Targum Jonathan on I Samuel 13:3; Targum Jonathan on I Samuel 13:7; Targum Jonathan on I Samuel 13:16; Targum Jonathan on I Samuel 14:2"
"targum-jonathan-on-i-samuel","Targum Jonathan on I Samuel","tok-e00de83e3a61","וְשָׁאִיל","ושאיל","Unresolved","","No lexical entry yet","true","2","Targum Jonathan on I Samuel 22:10; Targum Jonathan on I Samuel 23:2"
"targum-jonathan-on-i-samuel","Targum Jonathan on I Samuel","tok-16df8bb4475a","וּשְׁאִיל","ושאיל","Unresolved","","No lexical entry yet","true","3","Targum Jonathan on I Samuel 25:39; Targum Jonathan on I Samuel 28:6; Targum Jonathan on I Samuel 30:21"
"targum-jonathan-on-i-samuel","Targum Jonathan on I Samuel","tok-b8249d969afa","וּשְׁאֵיל","ושאיל","Unresolved","","No lexical entry yet","true","1","Targum Jonathan on I Samuel 30:8"
"targum-jonathan-on-i-samuel","Targum Jonathan on I Samuel","tok-e57fbac0c9bc","וּשְׁאִילוּ","ושאילו","Unresolved","","No lexical entry yet","true","1","Targum Jonathan on I Samuel 10:22"
"targum-jonathan-on-i-samuel","Targum Jonathan on I Samuel","tok-9c274f6c90ff","וְשָׁאֵל","ושאל","Unresolved","","No lexical entry yet","true","1","Targum Jonathan on I Samuel 17:22"
"targum-jonathan-on-i-samuel","Targum Jonathan on I Samuel","tok-1434d250487a","וּשְׁאַל","ושאל","Unresolved","","No lexical entry yet","true","2","Targum Jonathan on I Samuel 14:37; Targum Jonathan on I Samuel 19:22"
"targum-jonathan-on-i-samuel","Targum Jonathan on I Samuel","tok-171f5460c908","וּשְׁאָלִית","ושאלית","Unresolved","","No lexical entry yet","true","1","Targum Jonathan on I Samuel 22:13"
"targum-jonathan-on-i-samuel","Targum Jonathan on I Samuel","tok-fc260227b275","וּשְׁבָא","ושבא","Unresolved","","No lexical entry yet","true","2","Targum Jonathan on I Samuel 27:9; Targum Jonathan on I Samuel 30:20"
"targum-jonathan-on-i-samuel","Targum Jonathan on I Samuel","tok-cd6f3e83b3d7","וְשַׁבַּח","ושבח","Unresolved","","No lexical entry yet","true","2","Targum Jonathan on I Samuel 10:10; Targum Jonathan on I Samuel 19:24"
"targum-jonathan-on-i-samuel","Targum Jonathan on I Samuel","tok-f8bbfe68ae37","וְשַׁבָּחוּ","ושבחו","Unresolved","","No lexical entry yet","true","3","Targum Jonathan on I Samuel 19:20; Targum Jonathan on I Samuel 19:21"
"targum-jonathan-on-i-samuel","Targum Jonathan on I Samuel","tok-6776f6afaac9","וּשְׁבֵיתִי","ושביתי","Unresolved","","No lexical entry yet","true","1","Targum Jonathan on I Samuel 17:8"
"targum-jonathan-on-i-samuel","Targum Jonathan on I Samuel","tok-b919fd8428fa","וּשְׁבַק","ושבק","Unresolved","","No lexical entry yet","true","2","Targum Jonathan on I Samuel 17:20; Targum Jonathan on I Samuel 17:22"
"targum-jonathan-on-i-samuel","Targum Jonathan on I Samuel","tok-962192108517","וּשְׁבָקוּ","ושבקו","Unresolved","","No lexical entry yet","true","2","Targum Jonathan on I Samuel 8:8; Targum Jonathan on I Samuel 31:7"
"targum-jonathan-on-i-samuel","Targum Jonathan on I Samuel","tok-6bd648853e11","וְשַׁבְקַנִי","ושבקני","Unresolved","","No lexical entry yet","true","1","Targum Jonathan on I Samuel 30:13"
"targum-jonathan-on-i-samuel","Targum Jonathan on I Samuel","tok-7f1120276a18","וְשַׁגֵישִׁינוּן","ושגישינונ","Unresolved","","No lexical entry yet","true","1","Targum Jonathan on I Samuel 7:10"
"targum-jonathan-on-i-samuel","Targum Jonathan on I Samuel","tok-5b54eb9adcf6","וְשַׁדֵר","ושדר","Unresolved","","No lexical entry yet","true","1","Targum Jonathan on I Samuel 30:26"
"targum-jonathan-on-i-samuel","Targum Jonathan on I Samuel","tok-e76b7486fc5c","וְשַׁדַר","ושדר","Unresolved","","No lexical entry yet","true","1","Targum Jonathan on I Samuel 16:20"
"targum-jonathan-on-i-samuel","Targum Jonathan on I Samuel","tok-19c220ac0858","וְשַׁוִי","ושוי","Unresolved","","No lexical entry yet","true","2","Targum Jonathan on I Samuel 7:12; Targum Jonathan on I Samuel 17:40"
"targum-jonathan-on-i-samuel","Targum Jonathan on I Samuel","tok-9d5d53d916ee","וְשַׁוֵי","ושוי","Unresolved","","No lexical entry yet","true","2","Targum Jonathan on I Samuel 9:24; Targum Jonathan on I Samuel 21:13"
"targum-jonathan-on-i-samuel","Targum Jonathan on I Samuel","tok-020a1a9a2fea","וְשַׁוִיאוּ","ושויאו","Unresolved","","No lexical entry yet","true","3","Targum Jonathan on I Samuel 6:11; Targum Jonathan on I Samuel 6:15; Targum Jonathan on I Samuel 31:10"
"targum-jonathan-on-i-samuel","Targum Jonathan on I Samuel","tok-c137a8e2eb71","וְשַׁוִיאַת","ושויאת","Unresolved","","No lexical entry yet","true","2","Targum Jonathan on I Samuel 19:13; Targum Jonathan on I Samuel 25:18"
"targum-jonathan-on-i-samuel","Targum Jonathan on I Samuel","tok-b09d8f8641b3","וְשׁוּם","ושומ","Unresolved","","No lexical entry yet","true","11","Targum Jonathan on I Samuel 1:2; Targum Jonathan on I Samuel 8:2; Targum Jonathan on I Samuel 14:4; Targum Jonathan on I Samuel 14:49; Targum Jonathan on I Samuel 14:50"
"targum-jonathan-on-i-samuel","Targum Jonathan on I Samuel","tok-98175d4f1e1d","וְשֵׁזִיבְתֵיהּ","ושזיבתיה","Unresolved","","No lexical entry yet","true","1","Targum Jonathan on I Samuel 17:35"
"targum-jonathan-on-i-samuel","Targum Jonathan on I Samuel","tok-af21bf382bb6","וְשָׁטוֹהִי","ושטוהי","Unresolved","","No lexical entry yet","true","1","Targum Jonathan on I Samuel 10:27"
"targum-jonathan-on-i-samuel","Targum Jonathan on I Samuel","tok-d8e6d07adf2b","וְשַׁטְיֵהּ","ושטיה","Unresolved","","No lexical entry yet","true","1","Targum Jonathan on I Samuel 17:42"
"targum-jonathan-on-i-samuel","Targum Jonathan on I Samuel","tok-53364dca3c42","וְשֵׁיזָבָא","ושיזבא","Unresolved","","No lexical entry yet","true","1","Targum Jonathan on I Samuel 30:8"
"targum-jonathan-on-i-samuel","Targum Jonathan on I Samuel","tok-4d52e92cc14f","וְשֵׁיזְבִית","ושיזבית","Unresolved","","No lexical entry yet","true","1","Targum Jonathan on I Samuel 10:18"
"targum-jonathan-on-i-samuel","Targum Jonathan on I Samuel","tok-ec889b69c4db","וְשֵׁיזִיב","ושיזיב","Unresolved","","No lexical entry yet","true","1","Targum Jonathan on I Samuel 30:18"
"targum-jonathan-on-i-samuel","Targum Jonathan on I Samuel","tok-0de0b1571de8","וְשֵׁיזֵיב","ושיזיב","Unresolved","","No lexical entry yet","true","2","Targum Jonathan on I Samuel 12:11; Targum Jonathan on I Samuel 14:48"
"targum-jonathan-on-i-samuel","Targum Jonathan on I Samuel","tok-e98c0814d863","וְשִׁית","ושית","Unresolved","","No lexical entry yet","true","2","Targum Jonathan on I Samuel 27:2; Targum Jonathan on I Samuel 30:9"
"targum-jonathan-on-i-samuel","Targum Jonathan on I Samuel","tok-ef55c7a32fbc","וּשְׁכַב","ושכב","Unresolved","","No lexical entry yet","true","1","Targum Jonathan on I Samuel 3:15"
"targum-jonathan-on-i-samuel","Targum Jonathan on I Samuel","tok-70edd975a92d","וּשְׁכוּב","ושכוב","Unresolved","","No lexical entry yet","true","1","Targum Jonathan on I Samuel 3:5"
"targum-jonathan-on-i-samuel","Targum Jonathan on I Samuel","tok-3cd507ac5938","וּשְׁכִיב","ושכיב","Unresolved","","No lexical entry yet","true","1","Targum Jonathan on I Samuel 3:9"
"targum-jonathan-on-i-samuel","Targum Jonathan on I Samuel","tok-72f5d87ef44e","וּשְׁלוֹט","ושלוט","Unresolved","","No lexical entry yet","true","1","Targum Jonathan on I Samuel 22:18"
"targum-jonathan-on-i-samuel","Targum Jonathan on I Samuel","tok-ab3913f181bb","וּשְׁלַח","ושלח","Unresolved","","No lexical entry yet","true","18","Targum Jonathan on I Samuel 4:4; Targum Jonathan on I Samuel 10:25; Targum Jonathan on I Samuel 11:7; Targum Jonathan on I Samuel 12:8; Targum Jonathan on I Samuel 12:11"
"targum-jonathan-on-i-samuel","Targum Jonathan on I Samuel","tok-85802861a3ee","וּשְׁלַחוּ","ושלחו","Unresolved","","No lexical entry yet","true","1","Targum Jonathan on I Samuel 5:11"
"targum-jonathan-on-i-samuel","Targum Jonathan on I Samuel","tok-847acebbecd9","וּשְׁלָחוּ","ושלחו","Unresolved","","No lexical entry yet","true","4","Targum Jonathan on I Samuel 5:8; Targum Jonathan on I Samuel 5:10; Targum Jonathan on I Samuel 6:21; Targum Jonathan on I Samuel 31:9"
"targum-jonathan-on-i-samuel","Targum Jonathan on I Samuel","tok-39b3d7ff27d0","וְשַׁלְחָךְ","ושלחכ","Unresolved","","No lexical entry yet","true","1","Targum Jonathan on I Samuel 15:18"
"targum-jonathan-on-i-samuel","Targum Jonathan on I Samuel","tok-bd8d2e2d5aed","וְשַׁלַחְתְּ","ושלחת","Unresolved","","No lexical entry yet","true","1","Targum Jonathan on I Samuel 19:17"
"targum-jonathan-on-i-samuel","Targum Jonathan on I Samuel","tok-882bbf329a31","וּשְׁלַט","ושלט","Unresolved","","No lexical entry yet","true","1","Targum Jonathan on I Samuel 22:18"
"targum-jonathan-on-i-samuel","Targum Jonathan on I Samuel","tok-6cf6548896e2","וְשַׁלְפָא","ושלפא","Unresolved","","No lexical entry yet","true","1","Targum Jonathan on I Samuel 17:51"
"targum-jonathan-on-i-samuel","Targum Jonathan on I Samuel","tok-fab555115442","וְשַׁלְשִׁלַת","ושלשלת","Unresolved","","No lexical entry yet","true","1","Targum Jonathan on I Samuel 19:12"
"targum-jonathan-on-i-samuel","Targum Jonathan on I Samuel","tok-38feae4b2f13","וּשְׁמוּאֵל","ושמואל","Unresolved","","No lexical entry yet","true","10","Targum Jonathan on I Samuel 2:18; Targum Jonathan on I Samuel 3:3; Targum Jonathan on I Samuel 3:7; Targum Jonathan on I Samuel 3:15; Targum Jonathan on I Samuel 9:17"
"targum-jonathan-on-i-samuel","Targum Jonathan on I Samuel","tok-c8b8ab0802d7","וּשְׁמֵיהּ","ושמיה","Unresolved","","No lexical entry yet","true","7","Targum Jonathan on I Samuel 1:1; Targum Jonathan on I Samuel 2:26; Targum Jonathan on I Samuel 9:1; Targum Jonathan on I Samuel 9:2; Targum Jonathan on I Samuel 17:12"
"targum-jonathan-on-i-samuel","Targum Jonathan on I Samuel","tok-2b75123af796","וּשְׁמַע","ושמע","Unresolved","","No lexical entry yet","true","10","Targum Jonathan on I Samuel 2:22; Targum Jonathan on I Samuel 4:14; Targum Jonathan on I Samuel 8:21; Targum Jonathan on I Samuel 17:11; Targum Jonathan on I Samuel 17:23"
"targum-jonathan-on-i-samuel","Targum Jonathan on I Samuel","tok-da2c0057d4b3","וּשְׁמָעוּ","ושמעו","Unresolved","","No lexical entry yet","true","6","Targum Jonathan on I Samuel 4:6; Targum Jonathan on I Samuel 7:7; Targum Jonathan on I Samuel 13:3; Targum Jonathan on I Samuel 22:1; Targum Jonathan on I Samuel 31:11"
"targum-jonathan-on-i-samuel","Targum Jonathan on I Samuel","tok-9184efa1dadc","וּשְׁמָעִית","ושמעית","Unresolved","","No lexical entry yet","true","1","Targum Jonathan on I Samuel 28:21"
"targum-jonathan-on-i-samuel","Targum Jonathan on I Samuel","tok-64f210a8948f","וּשְׁמָעַת","ושמעת","Unresolved","","No lexical entry yet","true","1","Targum Jonathan on I Samuel 4:19"
"targum-jonathan-on-i-samuel","Targum Jonathan on I Samuel","tok-175408e909ea","וְשַׁמֵשׁ","ושמש","Unresolved","","No lexical entry yet","true","1","Targum Jonathan on I Samuel 16:21"
"targum-jonathan-on-i-samuel","Targum Jonathan on I Samuel","tok-7805216903ff","וְשִׁנָא","ושנא","Unresolved","","No lexical entry yet","true","1","Targum Jonathan on I Samuel 14:4"
"targum-jonathan-on-i-samuel","Targum Jonathan on I Samuel","tok-6dc0b082e7ea","וְשִׁנָנָא","ושננא","Unresolved","","No lexical entry yet","true","1","Targum Jonathan on I Samuel 17:7"
"targum-jonathan-on-i-samuel","Targum Jonathan on I Samuel","tok-e740aeb89b45","וּשְׁפִיכוּ","ושפיכו","Unresolved","","No lexical entry yet","true","1","Targum Jonathan on I Samuel 7:6"
"targum-jonathan-on-i-samuel","Targum Jonathan on I Samuel","tok-3a1194a57702","וְשַׁפִּיר","ושפיר","Unresolved","","No lexical entry yet","true","2","Targum Jonathan on I Samuel 9:2; Targum Jonathan on I Samuel 16:12"
"targum-jonathan-on-i-samuel","Targum Jonathan on I Samuel","tok-c7e7ec1db995","וְשַׁפִּירַת","ושפירת","Unresolved","","No lexical entry yet","true","1","Targum Jonathan on I Samuel 25:3"
"targum-jonathan-on-i-samuel","Targum Jonathan on I Samuel","tok-f05354b2cd64","וּשְׁפַר","ושפר","Unresolved","","No lexical entry yet","true","1","Targum Jonathan on I Samuel 18:5"
"targum-jonathan-on-i-samuel","Targum Jonathan on I Samuel","tok-5ae02a8af4e3","וּשְׁרָא","ושרא","Unresolved","","No lexical entry yet","true","2","Targum Jonathan on I Samuel 11:1; Targum Jonathan on I Samuel 26:3"
"targum-jonathan-on-i-samuel","Targum Jonathan on I Samuel","tok-1907b09e1b29","וּשְׁרוֹ","ושרו","Unresolved","","No lexical entry yet","true","6","Targum Jonathan on I Samuel 4:1; Targum Jonathan on I Samuel 13:5; Targum Jonathan on I Samuel 17:1; Targum Jonathan on I Samuel 17:2; Targum Jonathan on I Samuel 28:4"
"targum-jonathan-on-i-samuel","Targum Jonathan on I Samuel","tok-f0253d2521e2","וְשִׁרְיָן","ושרינ","Unresolved","","No lexical entry yet","true","1","Targum Jonathan on I Samuel 17:5"
"targum-jonathan-on-i-samuel","Targum Jonathan on I Samuel","tok-06ded17b4e3a","וּשְׁרַת","ושרת","Unresolved","","No lexical entry yet","true","7","Targum Jonathan on I Samuel 10:10; Targum Jonathan on I Samuel 11:6; Targum Jonathan on I Samuel 16:13; Targum Jonathan on I Samuel 18:10; Targum Jonathan on I Samuel 19:9"
"targum-jonathan-on-i-samuel","Targum Jonathan on I Samuel","tok-7be29cdcc94a","וְשִׁתָּא","ושתא","Unresolved","","No lexical entry yet","true","1","Targum Jonathan on I Samuel 13:5"
"targum-jonathan-on-i-samuel","Targum Jonathan on I Samuel","tok-a2525866ef3a","וְשָׁתָן","ושתנ","Unresolved","","No lexical entry yet","true","1","Targum Jonathan on I Samuel 30:16"
"targum-jonathan-on-i-samuel","Targum Jonathan on I Samuel","tok-3ce7e3423580","וְתָאִיב","ותאיב","Unresolved","","No lexical entry yet","true","1","Targum Jonathan on I Samuel 27:9"
"targum-jonathan-on-i-samuel","Targum Jonathan on I Samuel","tok-bec4216ebd2c","וְתַב","ותב","Unresolved","","No lexical entry yet","true","3","Targum Jonathan on I Samuel 15:31; Targum Jonathan on I Samuel 17:15; Targum Jonathan on I Samuel 23:28"
"targum-jonathan-on-i-samuel","Targum Jonathan on I Samuel","tok-ea302634ba38","וְתָבָא","ותבא","Unresolved","","No lexical entry yet","true","1","Targum Jonathan on I Samuel 7:14"
"targum-jonathan-on-i-samuel","Targum Jonathan on I Samuel","tok-3ece298ef910","וְתָבוּ","ותבו","Unresolved","","No lexical entry yet","true","4","Targum Jonathan on I Samuel 1:19; Targum Jonathan on I Samuel 6:16; Targum Jonathan on I Samuel 17:53; Targum Jonathan on I Samuel 25:12"
"targum-jonathan-on-i-samuel","Targum Jonathan on I Samuel","tok-eea4cda1a2bb","וּתְבַר","ותבר","Unresolved","","No lexical entry yet","true","1","Targum Jonathan on I Samuel 25:38"
"targum-jonathan-on-i-samuel","Targum Jonathan on I Samuel","tok-78e9852543e1","וְתָבַת","ותבת","Unresolved","","No lexical entry yet","true","1","Targum Jonathan on I Samuel 30:12"
"targum-jonathan-on-i-samuel","Targum Jonathan on I Samuel","tok-d02c81290649","וְתַגִיחַ","ותגיח","Unresolved","","No lexical entry yet","true","1","Targum Jonathan on I Samuel 15:18"
"targum-jonathan-on-i-samuel","Targum Jonathan on I Samuel","tok-dadfd33a3a07","וְתַגִיחוּן","ותגיחונ","Unresolved","","No lexical entry yet","true","1","Targum Jonathan on I Samuel 4:9"
"targum-jonathan-on-i-samuel","Targum Jonathan on I Samuel","tok-53e5e0732748","וּתְגַמַר","ותגמר","Unresolved","","No lexical entry yet","true","2","Targum Jonathan on I Samuel 15:3; Targum Jonathan on I Samuel 15:18"
"targum-jonathan-on-i-samuel","Targum Jonathan on I Samuel","tok-802fba6ed107","וְתִדְכַּר","ותדכר","Unresolved","","No lexical entry yet","true","1","Targum Jonathan on I Samuel 25:31"
"targum-jonathan-on-i-samuel","Targum Jonathan on I Samuel","tok-7bee7cf8cc54","וּתְהֵא","ותהא","Unresolved","","No lexical entry yet","true","1","Targum Jonathan on I Samuel 25:29"
"targum-jonathan-on-i-samuel","Targum Jonathan on I Samuel","tok-456037354455","וְתֶהֱווּן","ותהוונ","Unresolved","","No lexical entry yet","true","1","Targum Jonathan on I Samuel 12:14"
"targum-jonathan-on-i-samuel","Targum Jonathan on I Samuel","tok-639d00978e90","וּתְהוֹן","ותהונ","Unresolved","","No lexical entry yet","true","2","Targum Jonathan on I Samuel 4:9; Targum Jonathan on I Samuel 17:9"
"targum-jonathan-on-i-samuel","Targum Jonathan on I Samuel","tok-5fb97d283a94","וּתְהַךְ","ותהכ","Unresolved","","No lexical entry yet","true","3","Targum Jonathan on I Samuel 10:3; Targum Jonathan on I Samuel 20:13; Targum Jonathan on I Samuel 20:19"
"targum-jonathan-on-i-samuel","Targum Jonathan on I Samuel","tok-70c2dc559c9d","וּתְהָכוּן","ותהכונ","Unresolved","","No lexical entry yet","true","1","Targum Jonathan on I Samuel 25:5"
"targum-jonathan-on-i-samuel","Targum Jonathan on I Samuel","tok-e3fbed3b1ed1","וְתוּב","ותוב","Unresolved","","No lexical entry yet","true","2","Targum Jonathan on I Samuel 15:25; Targum Jonathan on I Samuel 15:30"
"targum-jonathan-on-i-samuel","Targum Jonathan on I Samuel","tok-0a2ebcfff281","וְתוּפִּין","ותופינ","Unresolved","","No lexical entry yet","true","1","Targum Jonathan on I Samuel 10:5"
"targum-jonathan-on-i-samuel","Targum Jonathan on I Samuel","tok-9c0e322f4c3d","וְתוֹר","ותור","Unresolved","","No lexical entry yet","true","1","Targum Jonathan on I Samuel 22:19"
"targum-jonathan-on-i-samuel","Targum Jonathan on I Samuel","tok-c64053d130bf","וְתוֹרִין","ותורינ","Unresolved","","No lexical entry yet","true","3","Targum Jonathan on I Samuel 14:32; Targum Jonathan on I Samuel 15:21; Targum Jonathan on I Samuel 27:9"
"targum-jonathan-on-i-samuel","Targum Jonathan on I Samuel","tok-ef398d835c6e","וְתַזְמִין","ותזמינ","Unresolved","","No lexical entry yet","true","1","Targum Jonathan on I Samuel 16:3"
"targum-jonathan-on-i-samuel","Targum Jonathan on I Samuel","tok-20787ff41cde","וּתְחַוֵי","ותחוי","Unresolved","","No lexical entry yet","true","1","Targum Jonathan on I Samuel 8:9"
"targum-jonathan-on-i-samuel","Targum Jonathan on I Samuel","tok-7166eaa00e31","וְתֶחֱזוּן","ותחזונ","Unresolved","","No lexical entry yet","true","1","Targum Jonathan on I Samuel 6:9"
"targum-jonathan-on-i-samuel","Targum Jonathan on I Samuel","tok-5985d1fa6650","וְתִטַמָר","ותטמר","Unresolved","","No lexical entry yet","true","1","Targum Jonathan on I Samuel 19:2"
"targum-jonathan-on-i-samuel","Targum Jonathan on I Samuel","tok-47fd941203b0","וְתֵיזְלוּן","ותיזלונ","Unresolved","","No lexical entry yet","true","1","Targum Jonathan on I Samuel 29:10"
"targum-jonathan-on-i-samuel","Targum Jonathan on I Samuel","tok-a1ff814a2ab3","וְתֵיחוֹת","ותיחות","Unresolved","","No lexical entry yet","true","1","Targum Jonathan on I Samuel 10:8"
"targum-jonathan-on-i-samuel","Targum Jonathan on I Samuel","tok-10a35b345f36","וְתֵיחֲרוּב","ותיחרוב","Unresolved","","No lexical entry yet","true","1","Targum Jonathan on I Samuel 2:5"
"targum-jonathan-on-i-samuel","Targum Jonathan on I Samuel","tok-3e830035561d","וְתֵיכְלוּן","ותיכלונ","Unresolved","","No lexical entry yet","true","2","Targum Jonathan on I Samuel 9:19; Targum Jonathan on I Samuel 14:34"
"targum-jonathan-on-i-samuel","Targum Jonathan on I Samuel","tok-4e61c5931447","וְתִיכְסוּן","ותיכסונ","Unresolved","","No lexical entry yet","true","1","Targum Jonathan on I Samuel 14:34"
"targum-jonathan-on-i-samuel","Targum Jonathan on I Samuel","tok-879ffe298d93","וְתֵימַר","ותימר","Unresolved","","No lexical entry yet","true","3","Targum Jonathan on I Samuel 3:9; Targum Jonathan on I Samuel 16:2; Targum Jonathan on I Samuel 20:6"
"targum-jonathan-on-i-samuel","Targum Jonathan on I Samuel","tok-189d99913484","וְתֵימְרוּן","ותימרונ","Unresolved","","No lexical entry yet","true","2","Targum Jonathan on I Samuel 14:34; Targum Jonathan on I Samuel 25:6"
"targum-jonathan-on-i-samuel","Targum Jonathan on I Samuel","tok-203b087f913f","וְתֵיסְרוּן","ותיסרונ","Unresolved","","No lexical entry yet","true","1","Targum Jonathan on I Samuel 6:7"
"targum-jonathan-on-i-samuel","Targum Jonathan on I Samuel","tok-6b9a865aa6b0","וְתֵיעֲלוּן","ותיעלונ","Unresolved","","No lexical entry yet","true","1","Targum Jonathan on I Samuel 16:5"
"targum-jonathan-on-i-samuel","Targum Jonathan on I Samuel","tok-c96d1c3cba8a","וְתַיְתוּנֵיהּ","ותיתוניה","Unresolved","","No lexical entry yet","true","1","Targum Jonathan on I Samuel 16:17"
"targum-jonathan-on-i-samuel","Targum Jonathan on I Samuel","tok-ae767f619944","וְתֵיתֵי","ותיתי","Unresolved","","No lexical entry yet","true","1","Targum Jonathan on I Samuel 10:3"
"targum-jonathan-on-i-samuel","Targum Jonathan on I Samuel","tok-8c5fc3916780","וּתְלִיתָאָה","ותליתאה","Unresolved","","No lexical entry yet","true","1","Targum Jonathan on I Samuel 17:13"
"targum-jonathan-on-i-samuel","Targum Jonathan on I Samuel","tok-b64e7420ec33","וּתְלָתָא","ותלתא","Unresolved","","No lexical entry yet","true","3","Targum Jonathan on I Samuel 17:14; Targum Jonathan on I Samuel 30:12; Targum Jonathan on I Samuel 31:6"
"targum-jonathan-on-i-samuel","Targum Jonathan on I Samuel","tok-28b84620451b","וְתִמְחֵי","ותמחי","Unresolved","","No lexical entry yet","true","1","Targum Jonathan on I Samuel 15:3"
"targum-jonathan-on-i-samuel","Targum Jonathan on I Samuel","tok-d37bcb38dc60","וְתַמְלִיךְ","ותמליכ","Unresolved","","No lexical entry yet","true","1","Targum Jonathan on I Samuel 8:22"
"targum-jonathan-on-i-samuel","Targum Jonathan on I Samuel","tok-c1b19496c8ee","וּתְמַלֵל","ותמלל","Unresolved","","No lexical entry yet","true","1","Targum Jonathan on I Samuel 25:24"
"targum-jonathan-on-i-samuel","Targum Jonathan on I Samuel","tok-b184c38143f2","וְתַמָן","ותמנ","Unresolved","","No lexical entry yet","true","6","Targum Jonathan on I Samuel 1:3; Targum Jonathan on I Samuel 4:4; Targum Jonathan on I Samuel 6:14; Targum Jonathan on I Samuel 7:17; Targum Jonathan on I Samuel 21:8"
"targum-jonathan-on-i-samuel","Targum Jonathan on I Samuel","tok-e3f3d0500bb7","וְתַמְנֵי","ותמני","Unresolved","","No lexical entry yet","true","1","Targum Jonathan on I Samuel 4:15"
"targum-jonathan-on-i-samuel","Targum Jonathan on I Samuel","tok-dddbac3eb7ce","וְתִמְשַׁח","ותמשח","Unresolved","","No lexical entry yet","true","1","Targum Jonathan on I Samuel 16:3"
"targum-jonathan-on-i-samuel","Targum Jonathan on I Samuel","tok-33c6337f4da5","וְתִמְשְׁחִינֵיהּ","ותמשחיניה","Unresolved","","No lexical entry yet","true","1","Targum Jonathan on I Samuel 9:16"
"targum-jonathan-on-i-samuel","Targum Jonathan on I Samuel","tok-90a7b40e6144","וְתִנְיָנֵיהּ","ותניניה","Unresolved","","No lexical entry yet","true","1","Targum Jonathan on I Samuel 17:13"
"targum-jonathan-on-i-samuel","Targum Jonathan on I Samuel","tok-97004b62227a","וְתִסְבּוּן","ותסבונ","Unresolved","","No lexical entry yet","true","1","Targum Jonathan on I Samuel 6:8"
"targum-jonathan-on-i-samuel","Targum Jonathan on I Samuel","tok-2d32356e937b","וּתְסָרְבוּן","ותסרבונ","Unresolved","","No lexical entry yet","true","1","Targum Jonathan on I Samuel 12:15"
"targum-jonathan-on-i-samuel","Targum Jonathan on I Samuel","tok-3724e4f404e7","וְתַעְבְּדוּן","ותעבדונ","Unresolved","","No lexical entry yet","true","2","Targum Jonathan on I Samuel 6:5; Targum Jonathan on I Samuel 11:10"
"targum-jonathan-on-i-samuel","Targum Jonathan on I Samuel","tok-69d7406b369f","וְתַעְבֵּיד","ותעביד","Unresolved","","No lexical entry yet","true","1","Targum Jonathan on I Samuel 20:8"
"targum-jonathan-on-i-samuel","Targum Jonathan on I Samuel","tok-6d40c8d96ca5","וְתַעֲבֵּיד","ותעביד","Unresolved","","No lexical entry yet","true","1","Targum Jonathan on I Samuel 24:5"
"targum-jonathan-on-i-samuel","Targum Jonathan on I Samuel","tok-b389f1ee3df5","וּתְעָרַע","ותערע","Unresolved","","No lexical entry yet","true","1","Targum Jonathan on I Samuel 10:5"
"targum-jonathan-on-i-samuel","Targum Jonathan on I Samuel","tok-a788a4595cb1","וְתִפְלְחוּן","ותפלחונ","Unresolved","","No lexical entry yet","true","4","Targum Jonathan on I Samuel 12:14; Targum Jonathan on I Samuel 12:20; Targum Jonathan on I Samuel 12:24; Targum Jonathan on I Samuel 17:9"
"targum-jonathan-on-i-samuel","Targum Jonathan on I Samuel","tok-12f56063706a","וְתִפְרוֹק","ותפרוק","Unresolved","","No lexical entry yet","true","1","Targum Jonathan on I Samuel 23:2"
"targum-jonathan-on-i-samuel","Targum Jonathan on I Samuel","tok-192fbb74d851","וּתְצַוְחוּן","ותצוחונ","Unresolved","","No lexical entry yet","true","1","Targum Jonathan on I Samuel 8:18"
"targum-jonathan-on-i-samuel","Targum Jonathan on I Samuel","tok-76d4b474fc1c","וּתְקַבֵּל","ותקבל","Unresolved","","No lexical entry yet","true","1","Targum Jonathan on I Samuel 10:4"
"targum-jonathan-on-i-samuel","Targum Jonathan on I Samuel","tok-2dbf45b44fc9","וּתְקַבְּלוּן","ותקבלונ","Unresolved","","No lexical entry yet","true","1","Targum Jonathan on I Samuel 12:14"
"targum-jonathan-on-i-samuel","Targum Jonathan on I Samuel","tok-8876dbb068b3","וּתְקַדְמוּן","ותקדמונ","Unresolved","","No lexical entry yet","true","1","Targum Jonathan on I Samuel 29:10"
"targum-jonathan-on-i-samuel","Targum Jonathan on I Samuel","tok-09985c08e7c4","וְתִקְטוֹל","ותקטול","Unresolved","","No lexical entry yet","true","2","Targum Jonathan on I Samuel 15:3; Targum Jonathan on I Samuel 23:2"
"targum-jonathan-on-i-samuel","Targum Jonathan on I Samuel","tok-62a35ab47ca4","וּתְקֵיף","ותקיפ","Unresolved","","No lexical entry yet","true","7","Targum Jonathan on I Samuel 11:6; Targum Jonathan on I Samuel 15:11; Targum Jonathan on I Samuel 17:28; Targum Jonathan on I Samuel 17:50; Targum Jonathan on I Samuel 18:8"
"targum-jonathan-on-i-samuel","Targum Jonathan on I Samuel","tok-b5d382198316","וְתַקִיפוּ","ותקיפו","Unresolved","","No lexical entry yet","true","1","Targum Jonathan on I Samuel 31:3"
"targum-jonathan-on-i-samuel","Targum Jonathan on I Samuel","tok-0e4088c8588d","וּתְקֵיפַת","ותקיפת","Unresolved","","No lexical entry yet","true","1","Targum Jonathan on I Samuel 5:6"
"targum-jonathan-on-i-samuel","Targum Jonathan on I Samuel","tok-90b9df96bd3e","וְתַקְנָן","ותקננ","Unresolved","","No lexical entry yet","true","1","Targum Jonathan on I Samuel 2:26"
"targum-jonathan-on-i-samuel","Targum Jonathan on I Samuel","tok-964519d87e05","וּתְרֵין","ותרינ","Unresolved","","No lexical entry yet","true","4","Targum Jonathan on I Samuel 4:11; Targum Jonathan on I Samuel 25:18; Targum Jonathan on I Samuel 28:8; Targum Jonathan on I Samuel 30:12"
"targum-jonathan-on-i-samuel","Targum Jonathan on I Samuel","tok-6945df3e884e","וּתְרִיצִין","ותריצינ","Unresolved","","No lexical entry yet","true","1","Targum Jonathan on I Samuel 2:26"
"targum-jonathan-on-i-samuel","Targum Jonathan on I Samuel","tok-b85ef4a6b202","וְתַרְתֵּין","ותרתינ","Unresolved","","No lexical entry yet","true","5","Targum Jonathan on I Samuel 2:21; Targum Jonathan on I Samuel 5:4; Targum Jonathan on I Samuel 13:1; Targum Jonathan on I Samuel 27:3; Targum Jonathan on I Samuel 30:5"
"targum-jonathan-on-i-samuel","Targum Jonathan on I Samuel","tok-f023f3f07880","וְתַרְתֵּן","ותרתנ","Unresolved","","No lexical entry yet","true","1","Targum Jonathan on I Samuel 6:7"
"targum-jonathan-on-i-samuel","Targum Jonathan on I Samuel","tok-10859cfbdb9f","וְתִשְׁאֲלוּן","ותשאלונ","Unresolved","","No lexical entry yet","true","1","Targum Jonathan on I Samuel 25:5"
"targum-jonathan-on-i-samuel","Targum Jonathan on I Samuel","tok-c13b99b3e491","וּתְשַׁבַּח","ותשבח","Unresolved","","No lexical entry yet","true","1","Targum Jonathan on I Samuel 10:6"
"targum-jonathan-on-i-samuel","Targum Jonathan on I Samuel","tok-89240eea5662","וְתַשְׁכַּח","ותשכח","Unresolved","","No lexical entry yet","true","1","Targum Jonathan on I Samuel 10:2"
"targum-jonathan-on-i-samuel","Targum Jonathan on I Samuel","tok-af1723a8fef9","וְתִשְׁלְחוּן","ותשלחונ","Unresolved","","No lexical entry yet","true","1","Targum Jonathan on I Samuel 6:8"
"targum-jonathan-on-i-samuel","Targum Jonathan on I Samuel","tok-a57f6ad71179","וְתִשְׁלְחִינַנִי","ותשלחינני","Unresolved","","No lexical entry yet","true","1","Targum Jonathan on I Samuel 20:5"
"targum-jonathan-on-i-samuel","Targum Jonathan on I Samuel","tok-22d2478fa90f","וְתִשְׁמַע","ותשמע","Unresolved","","No lexical entry yet","true","1","Targum Jonathan on I Samuel 25:24"
"targum-jonathan-on-i-samuel","Targum Jonathan on I Samuel","tok-3d2be0f844e3","וְתִשְׁרֵי","ותשרי","Unresolved","","No lexical entry yet","true","1","Targum Jonathan on I Samuel 10:6"
"targum-jonathan-on-i-samuel","Targum Jonathan on I Samuel","tok-fd61519dd075","וְתִשְׁתַּנֵי","ותשתני","Unresolved","","No lexical entry yet","true","1","Targum Jonathan on I Samuel 10:6"
"targum-jonathan-on-i-samuel","Targum Jonathan on I Samuel","tok-70e357a2ab7b","וְתִתַּב","ותתב","Unresolved","","No lexical entry yet","true","1","Targum Jonathan on I Samuel 19:2"
"targum-jonathan-on-i-samuel","Targum Jonathan on I Samuel","tok-76bb5a0003e8","וְתִתְבְּעֵי","ותתבעי","Unresolved","","No lexical entry yet","true","1","Targum Jonathan on I Samuel 20:18"
"targum-jonathan-on-i-samuel","Targum Jonathan on I Samuel","tok-a62b62873d5a","וּתְתוּבוּן","ותתובונ","Unresolved","","No lexical entry yet","true","1","Targum Jonathan on I Samuel 23:23"
"targum-jonathan-on-i-samuel","Targum Jonathan on I Samuel","tok-ba2f00f60c35","וְתִתֵּיב","ותתיב","Unresolved","","No lexical entry yet","true","1","Targum Jonathan on I Samuel 20:19"
"targum-jonathan-on-i-samuel","Targum Jonathan on I Samuel","tok-d832a71c16a4","וּתְתִיבוּן","ותתיבונ","Unresolved","","No lexical entry yet","true","1","Targum Jonathan on I Samuel 6:7"
"targum-jonathan-on-i-samuel","Targum Jonathan on I Samuel","tok-4b2862e85a49","וְתִתְיְהַב","ותתיהב","Unresolved","","No lexical entry yet","true","1","Targum Jonathan on I Samuel 25:27"
"targum-jonathan-on-i-samuel","Targum Jonathan on I Samuel","tok-df00439ac14d","וְתִתְּנוּן","ותתנונ","Unresolved","","No lexical entry yet","true","2","Targum Jonathan on I Samuel 6:5; Targum Jonathan on I Samuel 6:8"
"targum-jonathan-on-i-samuel","Targum Jonathan on I Samuel","tok-823c5788e685","וְתִתְקַיֵים","ותתקיימ","Unresolved","","No lexical entry yet","true","1","Targum Jonathan on I Samuel 24:21"
"targum-jonathan-on-i-samuel","Targum Jonathan on I Samuel","tok-700f269883bb","זְוָדִין","זודינ","Unresolved","","No lexical entry yet","true","1","Targum Jonathan on I Samuel 9:7"
"targum-jonathan-on-i-samuel","Targum Jonathan on I Samuel","tok-d64f0d7aa08c","זוּזָא","זוזא","Unresolved","","No lexical entry yet","true","1","Targum Jonathan on I Samuel 9:8"
"targum-jonathan-on-i-samuel","Targum Jonathan on I Samuel","tok-bfec29e810a6","זוּר","זור","Unresolved","","No lexical entry yet","true","1","Targum Jonathan on I Samuel 15:6"
"targum-jonathan-on-i-samuel","Targum Jonathan on I Samuel","tok-a8d550891850","זְיַן","זינ","Unresolved","","No lexical entry yet","true","1","Targum Jonathan on I Samuel 13:19"
"targum-jonathan-on-i-samuel","Targum Jonathan on I Samuel","tok-4a210182fe78","זְיָנֵיהּ","זיניה","Unresolved","","No lexical entry yet","true","16","Targum Jonathan on I Samuel 14:1; Targum Jonathan on I Samuel 14:6; Targum Jonathan on I Samuel 14:7; Targum Jonathan on I Samuel 14:12; Targum Jonathan on I Samuel 14:13"
"targum-jonathan-on-i-samuel","Targum Jonathan on I Samuel","tok-bfb7c9257a51","זֵינֵיהּ","זיניה","Unresolved","","No lexical entry yet","true","1","Targum Jonathan on I Samuel 20:40"
"targum-jonathan-on-i-samuel","Targum Jonathan on I Samuel","tok-5e3cdfeec8b5","זְיָנִין","זינינ","Unresolved","","No lexical entry yet","true","1","Targum Jonathan on I Samuel 16:21"
"targum-jonathan-on-i-samuel","Targum Jonathan on I Samuel","tok-86963a6e4f36","זִיעָא","זיעא","Unresolved","","No lexical entry yet","true","2","Targum Jonathan on I Samuel 11:7; Targum Jonathan on I Samuel 14:15"
"targum-jonathan-on-i-samuel","Targum Jonathan on I Samuel","tok-d539038796c2","זִיף","זיפ","Unresolved","","No lexical entry yet","true","2","Targum Jonathan on I Samuel 23:19; Targum Jonathan on I Samuel 26:1"
"targum-jonathan-on-i-samuel","Targum Jonathan on I Samuel","tok-fef58b4fbcee","זַכַּאי","זכאי","Unresolved","","No lexical entry yet","true","5","Targum Jonathan on I Samuel 19:5; Targum Jonathan on I Samuel 24:18; Targum Jonathan on I Samuel 25:26; Targum Jonathan on I Samuel 25:31; Targum Jonathan on I Samuel 25:33"
"targum-jonathan-on-i-samuel","Targum Jonathan on I Samuel","tok-801195070e1d","זְכוּרוּ","זכורו","Unresolved","","No lexical entry yet","true","1","Targum Jonathan on I Samuel 28:9"
"targum-jonathan-on-i-samuel","Targum Jonathan on I Samuel","tok-fce79901f7d6","זַכְוָתָא","זכותא","Unresolved","","No lexical entry yet","true","1","Targum Jonathan on I Samuel 12:7"
"targum-jonathan-on-i-samuel","Targum Jonathan on I Samuel","tok-428d24885a0a","זְכוּתֵיה","זכותיה","Unresolved","","No lexical entry yet","true","1","Targum Jonathan on I Samuel 26:23"
"targum-jonathan-on-i-samuel","Targum Jonathan on I Samuel","tok-eb11a589fcc5","זַכֵּי","זכי","Unresolved","","No lexical entry yet","true","1","Targum Jonathan on I Samuel 2:9"
"targum-jonathan-on-i-samuel","Targum Jonathan on I Samuel","tok-5df1af4f1706","זַמִינוּ","זמינו","Unresolved","","No lexical entry yet","true","1","Targum Jonathan on I Samuel 7:1"
"targum-jonathan-on-i-samuel","Targum Jonathan on I Samuel","tok-f0a081c8343e","זְמִינַיָא","זמיניא","Unresolved","","No lexical entry yet","true","1","Targum Jonathan on I Samuel 9:22"
"targum-jonathan-on-i-samuel","Targum Jonathan on I Samuel","tok-48b1c1123807","זִמְנָא","זמנא","Unresolved","","No lexical entry yet","true","2","Targum Jonathan on I Samuel 2:22; Targum Jonathan on I Samuel 26:8"
"targum-jonathan-on-i-samuel","Targum Jonathan on I Samuel","tok-87657f75d333","זַמְנַיָא","זמניא","Unresolved","","No lexical entry yet","true","1","Targum Jonathan on I Samuel 9:13"
"targum-jonathan-on-i-samuel","Targum Jonathan on I Samuel","tok-02342c206761","זִמְנִין","זמנינ","Unresolved","","No lexical entry yet","true","2","Targum Jonathan on I Samuel 18:11; Targum Jonathan on I Samuel 20:41"
"targum-jonathan-on-i-samuel","Targum Jonathan on I Samuel","tok-5f9b551b6a08","זַמְנִינְהִי","זמנינהי","Unresolved","","No lexical entry yet","true","1","Targum Jonathan on I Samuel 20:26"
"targum-jonathan-on-i-samuel","Targum Jonathan on I Samuel","tok-a37fe324bfa1","זַמֵנִית","זמנית","Unresolved","","No lexical entry yet","true","1","Targum Jonathan on I Samuel 9:24"
"targum-jonathan-on-i-samuel","Targum Jonathan on I Samuel","tok-d3cb0674479d","זָעוּ","זעו","Unresolved","","No lexical entry yet","true","1","Targum Jonathan on I Samuel 14:15"
"targum-jonathan-on-i-samuel","Targum Jonathan on I Samuel","tok-61c980903a22","זְעִיר","זעיר","Unresolved","","No lexical entry yet","true","1","Targum Jonathan on I Samuel 20:35"
"targum-jonathan-on-i-samuel","Targum Jonathan on I Samuel","tok-987b2f85eb0b","זְעֵיר","זעיר","Unresolved","","No lexical entry yet","true","7","Targum Jonathan on I Samuel 2:19; Targum Jonathan on I Samuel 14:29; Targum Jonathan on I Samuel 14:43; Targum Jonathan on I Samuel 17:28; Targum Jonathan on I Samuel 20:2"
"targum-jonathan-on-i-samuel","Targum Jonathan on I Samuel","tok-fc3845ae18c2","זְעִירָא","זעירא","Unresolved","","No lexical entry yet","true","1","Targum Jonathan on I Samuel 30:19"
"targum-jonathan-on-i-samuel","Targum Jonathan on I Samuel","tok-bec6cea65b7b","זְעֵירָא","זעירא","Unresolved","","No lexical entry yet","true","2","Targum Jonathan on I Samuel 16:11; Targum Jonathan on I Samuel 17:14"
"targum-jonathan-on-i-samuel","Targum Jonathan on I Samuel","tok-df1c85a6ba38","זְעֶרְתָּא","זערתא","Unresolved","","No lexical entry yet","true","1","Targum Jonathan on I Samuel 14:49"
"targum-jonathan-on-i-samuel","Targum Jonathan on I Samuel","tok-8b724eea2621","זָקָת","זקת","Unresolved","","No lexical entry yet","true","1","Targum Jonathan on I Samuel 13:21"
"targum-jonathan-on-i-samuel","Targum Jonathan on I Samuel","tok-18a748d644b8","זְרָזֵיהּ","זרזיה","Unresolved","","No lexical entry yet","true","1","Targum Jonathan on I Samuel 18:4"
"targum-jonathan-on-i-samuel","Targum Jonathan on I Samuel","tok-fc9f7f296ae4","זְרִיזוּ","זריזו","Unresolved","","No lexical entry yet","true","1","Targum Jonathan on I Samuel 25:13"
"targum-jonathan-on-i-samuel","Targum Jonathan on I Samuel","tok-53db1d5c5ead","זַרְעֲיַת","זרעית","Unresolved","","No lexical entry yet","true","1","Targum Jonathan on I Samuel 9:21"
"targum-jonathan-on-i-samuel","Targum Jonathan on I Samuel","tok-c0d7dbdd49f9","זַרְעִית","זרעית","Unresolved","","No lexical entry yet","true","2","Targum Jonathan on I Samuel 10:21; Targum Jonathan on I Samuel 18:18"
"targum-jonathan-on-i-samuel","Targum Jonathan on I Samuel","tok-675007a8c654","זַרְעִיתָא","זרעיתא","Unresolved","","No lexical entry yet","true","2","Targum Jonathan on I Samuel 20:6; Targum Jonathan on I Samuel 20:29"
"targum-jonathan-on-i-samuel","Targum Jonathan on I Samuel","tok-d7b2bde8e347","חֲבִילָה","חבילה","Unresolved","","No lexical entry yet","true","1","Targum Jonathan on I Samuel 26:3"
"targum-jonathan-on-i-samuel","Targum Jonathan on I Samuel","tok-9b1685128a63","חָבִית","חבית","Unresolved","","No lexical entry yet","true","3","Targum Jonathan on I Samuel 15:24; Targum Jonathan on I Samuel 15:30; Targum Jonathan on I Samuel 26:21"
"targum-jonathan-on-i-samuel","Targum Jonathan on I Samuel","tok-74efa367c7bc","חֶבְלָהָא","חבלהא","Unresolved","","No lexical entry yet","true","1","Targum Jonathan on I Samuel 4:19"
"targum-jonathan-on-i-samuel","Targum Jonathan on I Samuel","tok-c2546bd68f85","חַבְנָא","חבנא","Unresolved","","No lexical entry yet","true","2","Targum Jonathan on I Samuel 7:6; Targum Jonathan on I Samuel 12:10"
"targum-jonathan-on-i-samuel","Targum Jonathan on I Samuel","tok-7a3687d74b60","חַבְרֵיהּ","חבריה","Unresolved","","No lexical entry yet","true","2","Targum Jonathan on I Samuel 20:41"
"targum-jonathan-on-i-samuel","Targum Jonathan on I Samuel","tok-585c3f17bd73","חֲדָא","חדא","Unresolved","","No lexical entry yet","true","15","Targum Jonathan on I Samuel 1:2; Targum Jonathan on I Samuel 1:24; Targum Jonathan on I Samuel 6:4; Targum Jonathan on I Samuel 6:7; Targum Jonathan on I Samuel 6:12"
"targum-jonathan-on-i-samuel","Targum Jonathan on I Samuel","tok-59ed725bd0cc","חָדָא","חדא","Unresolved","","No lexical entry yet","true","1","Targum Jonathan on I Samuel 26:8"
"targum-jonathan-on-i-samuel","Targum Jonathan on I Samuel","tok-f23696946a73","חֲדִיתִי","חדיתי","Unresolved","","No lexical entry yet","true","1","Targum Jonathan on I Samuel 2:1"
"targum-jonathan-on-i-samuel","Targum Jonathan on I Samuel","tok-fff1ba723472","חֲדַתָּא","חדתא","Unresolved","","No lexical entry yet","true","1","Targum Jonathan on I Samuel 2:1"
"targum-jonathan-on-i-samuel","Targum Jonathan on I Samuel","tok-94f89e3f4fc3","חַדְתָּא","חדתא","Unresolved","","No lexical entry yet","true","1","Targum Jonathan on I Samuel 6:7"
"targum-jonathan-on-i-samuel","Targum Jonathan on I Samuel","tok-0d0e60dd12b6","חַוָאָה","חואה","Unresolved","","No lexical entry yet","true","2","Targum Jonathan on I Samuel 10:16; Targum Jonathan on I Samuel 22:22"
"targum-jonathan-on-i-samuel","Targum Jonathan on I Samuel","tok-b0155e248ed7","חוֹב","חוב","Unresolved","","No lexical entry yet","true","2","Targum Jonathan on I Samuel 2:17; Targum Jonathan on I Samuel 24:12"
"targum-jonathan-on-i-samuel","Targum Jonathan on I Samuel","tok-b17c98cd3bfa","חוֹבָא","חובא","Unresolved","","No lexical entry yet","true","5","Targum Jonathan on I Samuel 14:38; Targum Jonathan on I Samuel 20:8; Targum Jonathan on I Samuel 25:24; Targum Jonathan on I Samuel 26:18; Targum Jonathan on I Samuel 28:10"
"targum-jonathan-on-i-samuel","Targum Jonathan on I Samuel","tok-7a45f55e6628","חוֹבִי","חובי","Unresolved","","No lexical entry yet","true","1","Targum Jonathan on I Samuel 20:1"
"targum-jonathan-on-i-samuel","Targum Jonathan on I Samuel","tok-e68d9c622851","חוֹבֵי","חובי","Unresolved","","No lexical entry yet","true","1","Targum Jonathan on I Samuel 3:14"
"targum-jonathan-on-i-samuel","Targum Jonathan on I Samuel","tok-0f2c5b0dc546","חוֹבֵיכוֹן","חוביכונ","Unresolved","","No lexical entry yet","true","1","Targum Jonathan on I Samuel 2:3"
"targum-jonathan-on-i-samuel","Targum Jonathan on I Samuel","tok-7ccba4d88b10","חוֹבִין","חובינ","Unresolved","","No lexical entry yet","true","1","Targum Jonathan on I Samuel 13:1"
"targum-jonathan-on-i-samuel","Targum Jonathan on I Samuel","tok-dc792ec2b0cd","חוֹבָנָא","חובנא","Unresolved","","No lexical entry yet","true","1","Targum Jonathan on I Samuel 12:19"
"targum-jonathan-on-i-samuel","Targum Jonathan on I Samuel","tok-6e98a718d4ef","חוֹבַתְהוֹן","חובתהונ","Unresolved","","No lexical entry yet","true","1","Targum Jonathan on I Samuel 24:14"
"targum-jonathan-on-i-samuel","Targum Jonathan on I Samuel","tok-3e3e351651d3","חַווּ","חוו","Unresolved","","No lexical entry yet","true","1","Targum Jonathan on I Samuel 22:17"
"targum-jonathan-on-i-samuel","Targum Jonathan on I Samuel","tok-35d5b07c10f2","חוּטְרֵיהּ","חוטריה","Unresolved","","No lexical entry yet","true","1","Targum Jonathan on I Samuel 17:40"
"targum-jonathan-on-i-samuel","Targum Jonathan on I Samuel","tok-09fca5988db6","חֲוֵי","חוי","Unresolved","","No lexical entry yet","true","1","Targum Jonathan on I Samuel 25:14"
"targum-jonathan-on-i-samuel","Targum Jonathan on I Samuel","tok-a028c93c499d","חַוֵי","חוי","Unresolved","","No lexical entry yet","true","7","Targum Jonathan on I Samuel 9:18; Targum Jonathan on I Samuel 10:15; Targum Jonathan on I Samuel 10:16; Targum Jonathan on I Samuel 14:1; Targum Jonathan on I Samuel 14:43"
"targum-jonathan-on-i-samuel","Targum Jonathan on I Samuel","tok-5b98451b834a","חֲוִיאַת","חויאת","Unresolved","","No lexical entry yet","true","1","Targum Jonathan on I Samuel 25:19"
"targum-jonathan-on-i-samuel","Targum Jonathan on I Samuel","tok-931010c5ab86","חַוִיאַת","חויאת","Unresolved","","No lexical entry yet","true","1","Targum Jonathan on I Samuel 25:36"
"targum-jonathan-on-i-samuel","Targum Jonathan on I Samuel","tok-3f7dd2d98ffb","חֲוֵיתָא","חויתא","Unresolved","","No lexical entry yet","true","1","Targum Jonathan on I Samuel 24:19"
"targum-jonathan-on-i-samuel","Targum Jonathan on I Samuel","tok-0eed42a28e0c","חוֹלָא","חולא","Unresolved","","No lexical entry yet","true","1","Targum Jonathan on I Samuel 21:6"
"targum-jonathan-on-i-samuel","Targum Jonathan on I Samuel","tok-b0ff3c27aaca","חוֹלִין","חולינ","Unresolved","","No lexical entry yet","true","2","Targum Jonathan on I Samuel 21:5; Targum Jonathan on I Samuel 21:7"
"targum-jonathan-on-i-samuel","Targum Jonathan on I Samuel","tok-ddddc92237f7","חוּלַק","חולק","Unresolved","","No lexical entry yet","true","2","Targum Jonathan on I Samuel 1:1; Targum Jonathan on I Samuel 1:5"
"targum-jonathan-on-i-samuel","Targum Jonathan on I Samuel","tok-4f806c901621","חוּלָקִין","חולקינ","Unresolved","","No lexical entry yet","true","1","Targum Jonathan on I Samuel 1:4"
"targum-jonathan-on-i-samuel","Targum Jonathan on I Samuel","tok-c1eb26a07883","חוֹרָאֵי","חוראי","Unresolved","","No lexical entry yet","true","1","Targum Jonathan on I Samuel 14:11"
"targum-jonathan-on-i-samuel","Targum Jonathan on I Samuel","tok-3d97ef01b59c","חוֹרוֹן","חורונ","Unresolved","","No lexical entry yet","true","1","Targum Jonathan on I Samuel 13:18"
"targum-jonathan-on-i-samuel","Targum Jonathan on I Samuel","tok-492a58c9fdbc","חוֹרִין","חורינ","Unresolved","","No lexical entry yet","true","2","Targum Jonathan on I Samuel 2:5; Targum Jonathan on I Samuel 17:25"
"targum-jonathan-on-i-samuel","Targum Jonathan on I Samuel","tok-44a34a270d3f","חוֹת","חות","Unresolved","","No lexical entry yet","true","1","Targum Jonathan on I Samuel 23:4"
"targum-jonathan-on-i-samuel","Targum Jonathan on I Samuel","tok-70217ae70218","חוּת","חות","Unresolved","","No lexical entry yet","true","1","Targum Jonathan on I Samuel 23:20"
"targum-jonathan-on-i-samuel","Targum Jonathan on I Samuel","tok-05f6d2c18d90","חוּתוּ","חותו","Unresolved","","No lexical entry yet","true","1","Targum Jonathan on I Samuel 6:21"
"targum-jonathan-on-i-samuel","Targum Jonathan on I Samuel","tok-5a2b5af8f4c0","חֲזָא","חזא","Unresolved","","No lexical entry yet","true","2","Targum Jonathan on I Samuel 9:17; Targum Jonathan on I Samuel 17:55"
"targum-jonathan-on-i-samuel","Targum Jonathan on I Samuel","tok-e5dfc39339bc","חֲזָאָה","חזאה","Unresolved","","No lexical entry yet","true","1","Targum Jonathan on I Samuel 24:11"
"targum-jonathan-on-i-samuel","Targum Jonathan on I Samuel","tok-b5820f258038","חֲזָהִי","חזהי","Unresolved","","No lexical entry yet","true","1","Targum Jonathan on I Samuel 23:22"
"targum-jonathan-on-i-samuel","Targum Jonathan on I Samuel","tok-89cd5e1a1b6c","חֲזוֹ","חזו","Unresolved","","No lexical entry yet","true","5","Targum Jonathan on I Samuel 6:16; Targum Jonathan on I Samuel 12:24; Targum Jonathan on I Samuel 13:6; Targum Jonathan on I Samuel 14:29; Targum Jonathan on I Samuel 16:17"
"targum-jonathan-on-i-samuel","Targum Jonathan on I Samuel","tok-d4a773bf6bab","חֶזְוַיָא","חזויא","Unresolved","","No lexical entry yet","true","4","Targum Jonathan on I Samuel 9:9; Targum Jonathan on I Samuel 9:11; Targum Jonathan on I Samuel 9:19"
"targum-jonathan-on-i-samuel","Targum Jonathan on I Samuel","tok-30d6179716f4","חָזְוַיָא","חזויא","Unresolved","","No lexical entry yet","true","1","Targum Jonathan on I Samuel 9:18"
"targum-jonathan-on-i-samuel","Targum Jonathan on I Samuel","tok-fefa4b4a25bd","חֶזְוֵיהּ","חזויה","Unresolved","","No lexical entry yet","true","1","Targum Jonathan on I Samuel 28:14"
"targum-jonathan-on-i-samuel","Targum Jonathan on I Samuel","tok-28f4eb6724c9","חָזִית","חזית","Unresolved","","No lexical entry yet","true","1","Targum Jonathan on I Samuel 28:13"
"targum-jonathan-on-i-samuel","Targum Jonathan on I Samuel","tok-fd9f222b28ee","חֲזֵיתָא","חזיתא","Unresolved","","No lexical entry yet","true","1","Targum Jonathan on I Samuel 19:5"
"targum-jonathan-on-i-samuel","Targum Jonathan on I Samuel","tok-e2bc0dcd68b0","חֲזֵיתוּן","חזיתונ","Unresolved","","No lexical entry yet","true","1","Targum Jonathan on I Samuel 21:15"
"targum-jonathan-on-i-samuel","Targum Jonathan on I Samuel","tok-2386210e3ed6","חֲזֵיתִי","חזיתי","Unresolved","","No lexical entry yet","true","2","Targum Jonathan on I Samuel 13:11; Targum Jonathan on I Samuel 28:13"
"targum-jonathan-on-i-samuel","Targum Jonathan on I Samuel","tok-c71e4faeb147","חַזֵיתִי","חזיתי","Unresolved","","No lexical entry yet","true","1","Targum Jonathan on I Samuel 22:9"
"targum-jonathan-on-i-samuel","Targum Jonathan on I Samuel","tok-64cb59f8a8c5","חָזָן","חזנ","Unresolved","","No lexical entry yet","true","1","Targum Jonathan on I Samuel 16:7"
"targum-jonathan-on-i-samuel","Targum Jonathan on I Samuel","tok-0cb5789ab0c0","חֲזֵתִי","חזתי","Unresolved","","No lexical entry yet","true","2","Targum Jonathan on I Samuel 16:18; Targum Jonathan on I Samuel 25:25"
"targum-jonathan-on-i-samuel","Targum Jonathan on I Samuel","tok-3d1e12f86c85","חֶטְאָה","חטאה","Unresolved","","No lexical entry yet","true","1","Targum Jonathan on I Samuel 10:26"
"targum-jonathan-on-i-samuel","Targum Jonathan on I Samuel","tok-e4c29ed14821","חֲטוּפִין","חטופינ","Unresolved","","No lexical entry yet","true","1","Targum Jonathan on I Samuel 2:10"
"targum-jonathan-on-i-samuel","Targum Jonathan on I Samuel","tok-aceb23dd4304","חָטֵי","חטי","Unresolved","","No lexical entry yet","true","1","Targum Jonathan on I Samuel 19:4"
"targum-jonathan-on-i-samuel","Targum Jonathan on I Samuel","tok-1f976f46b6e4","חִטִין","חטינ","Unresolved","","No lexical entry yet","true","2","Targum Jonathan on I Samuel 6:13; Targum Jonathan on I Samuel 12:17"
"targum-jonathan-on-i-samuel","Targum Jonathan on I Samuel","tok-171b98beb3f8","חָטִית","חטית","Unresolved","","No lexical entry yet","true","1","Targum Jonathan on I Samuel 24:12"
"targum-jonathan-on-i-samuel","Targum Jonathan on I Samuel","tok-36ec31b23a5a","חַיָב","חיב","Unresolved","","No lexical entry yet","true","2","Targum Jonathan on I Samuel 14:43; Targum Jonathan on I Samuel 20:31"
"targum-jonathan-on-i-samuel","Targum Jonathan on I Samuel","tok-57fc8d1cfdb5","חַיָבֵי","חיבי","Unresolved","","No lexical entry yet","true","1","Targum Jonathan on I Samuel 26:16"
"targum-jonathan-on-i-samuel","Targum Jonathan on I Samuel","tok-dc48f2c73a50","חַיָבַיָא","חיביא","Unresolved","","No lexical entry yet","true","1","Targum Jonathan on I Samuel 15:18"
"targum-jonathan-on-i-samuel","Targum Jonathan on I Samuel","tok-01ef14e07ad5","חַיְבִין","חיבינ","Unresolved","","No lexical entry yet","true","1","Targum Jonathan on I Samuel 14:33"
"targum-jonathan-on-i-samuel","Targum Jonathan on I Samuel","tok-d3193e79ba5e","חַיוֹהִי","חיוהי","Unresolved","","No lexical entry yet","true","2","Targum Jonathan on I Samuel 1:11; Targum Jonathan on I Samuel 7:15"
"targum-jonathan-on-i-samuel","Targum Jonathan on I Samuel","tok-9a0ef27b4423","חֵיזוּ","חיזו","Unresolved","","No lexical entry yet","true","1","Targum Jonathan on I Samuel 3:15"
"targum-jonathan-on-i-samuel","Targum Jonathan on I Samuel","tok-feccf3a34f6d","חֵילָא","חילא","Unresolved","","No lexical entry yet","true","9","Targum Jonathan on I Samuel 2:9; Targum Jonathan on I Samuel 9:1; Targum Jonathan on I Samuel 12:9; Targum Jonathan on I Samuel 16:18; Targum Jonathan on I Samuel 17:8"
"targum-jonathan-on-i-samuel","Targum Jonathan on I Samuel","tok-410744a38915","חֲיָלוּתֵיהּ","חילותיה","Unresolved","","No lexical entry yet","true","1","Targum Jonathan on I Samuel 2:2"
"targum-jonathan-on-i-samuel","Targum Jonathan on I Samuel","tok-eb65f19de34d","חִיסוּדָא","חיסודא","Unresolved","","No lexical entry yet","true","1","Targum Jonathan on I Samuel 11:2"
"targum-jonathan-on-i-samuel","Targum Jonathan on I Samuel","tok-1e1b1e6e7928","חִיסוּדִי","חיסודי","Unresolved","","No lexical entry yet","true","1","Targum Jonathan on I Samuel 25:39"
"targum-jonathan-on-i-samuel","Targum Jonathan on I Samuel","tok-b42e504092b2","חֲכִילָה","חכילה","Unresolved","","No lexical entry yet","true","1","Targum Jonathan on I Samuel 23:19"
"targum-jonathan-on-i-samuel","Targum Jonathan on I Samuel","tok-517f12e00e70","חֲכִּימַת","חכימת","Unresolved","","No lexical entry yet","true","1","Targum Jonathan on I Samuel 25:3"
"targum-jonathan-on-i-samuel","Targum Jonathan on I Samuel","tok-5eadf57acedb","חֲלַף","חלפ","Unresolved","","No lexical entry yet","true","6","Targum Jonathan on I Samuel 2:20; Targum Jonathan on I Samuel 15:23; Targum Jonathan on I Samuel 24:20; Targum Jonathan on I Samuel 25:21; Targum Jonathan on I Samuel 26:21"
"targum-jonathan-on-i-samuel","Targum Jonathan on I Samuel","tok-59ba63f8cf64","חַלָשָׁא","חלשא","Unresolved","","No lexical entry yet","true","1","Targum Jonathan on I Samuel 9:21"
"targum-jonathan-on-i-samuel","Targum Jonathan on I Samuel","tok-ac497f16a793","חַלָשִׁין","חלשינ","Unresolved","","No lexical entry yet","true","1","Targum Jonathan on I Samuel 2:4"
"targum-jonathan-on-i-samuel","Targum Jonathan on I Samuel","tok-0dc71b78e639","חָמוּהָא","חמוהא","Unresolved","","No lexical entry yet","true","2","Targum Jonathan on I Samuel 4:19; Targum Jonathan on I Samuel 4:21"
"targum-jonathan-on-i-samuel","Targum Jonathan on I Samuel","tok-e189d742c095","חַמִים","חמימ","Unresolved","","No lexical entry yet","true","1","Targum Jonathan on I Samuel 21:7"
"targum-jonathan-on-i-samuel","Targum Jonathan on I Samuel","tok-ab1d078bed8f","חֲמָר","חמר","Unresolved","","No lexical entry yet","true","1","Targum Jonathan on I Samuel 15:3"
"targum-jonathan-on-i-samuel","Targum Jonathan on I Samuel","tok-95dc37c61041","חֲמָרָא","חמרא","Unresolved","","No lexical entry yet","true","1","Targum Jonathan on I Samuel 25:42"
"targum-jonathan-on-i-samuel","Targum Jonathan on I Samuel","tok-9451ee150994","חַמְרָא","חמרא","Unresolved","","No lexical entry yet","true","3","Targum Jonathan on I Samuel 16:20; Targum Jonathan on I Samuel 25:20; Targum Jonathan on I Samuel 25:37"
"targum-jonathan-on-i-samuel","Targum Jonathan on I Samuel","tok-0fa3fa0b72fc","חַמָרָא","חמרא","Unresolved","","No lexical entry yet","true","1","Targum Jonathan on I Samuel 25:23"
"targum-jonathan-on-i-samuel","Targum Jonathan on I Samuel","tok-47c43bb638ff","חֲמָרַיָא","חמריא","Unresolved","","No lexical entry yet","true","1","Targum Jonathan on I Samuel 25:18"
"targum-jonathan-on-i-samuel","Targum Jonathan on I Samuel","tok-0725b9a82e37","חַמְרִיךְ","חמריכ","Unresolved","","No lexical entry yet","true","1","Targum Jonathan on I Samuel 1:14"
"targum-jonathan-on-i-samuel","Targum Jonathan on I Samuel","tok-58ad00abed27","חֲמָרֵיכוֹן","חמריכונ","Unresolved","","No lexical entry yet","true","1","Targum Jonathan on I Samuel 8:16"
"targum-jonathan-on-i-samuel","Targum Jonathan on I Samuel","tok-00c2fb1ede55","חַמְשָׁא","חמשא","Unresolved","","No lexical entry yet","true","4","Targum Jonathan on I Samuel 6:4; Targum Jonathan on I Samuel 17:5; Targum Jonathan on I Samuel 17:40; Targum Jonathan on I Samuel 21:4"
"targum-jonathan-on-i-samuel","Targum Jonathan on I Samuel","tok-02968a675592","חַמְשִׁין","חמשינ","Unresolved","","No lexical entry yet","true","2","Targum Jonathan on I Samuel 6:19; Targum Jonathan on I Samuel 8:12"
"targum-jonathan-on-i-samuel","Targum Jonathan on I Samuel","tok-e3900539e0b6","חַנָה","חנה","Unresolved","","No lexical entry yet","true","8","Targum Jonathan on I Samuel 1:2; Targum Jonathan on I Samuel 1:5; Targum Jonathan on I Samuel 1:8; Targum Jonathan on I Samuel 1:9; Targum Jonathan on I Samuel 1:15"
"targum-jonathan-on-i-samuel","Targum Jonathan on I Samuel","tok-1b2b12cedcbd","חַס","חס","Unresolved","","No lexical entry yet","true","4","Targum Jonathan on I Samuel 12:23; Targum Jonathan on I Samuel 20:2; Targum Jonathan on I Samuel 20:9; Targum Jonathan on I Samuel 22:15"
"targum-jonathan-on-i-samuel","Targum Jonathan on I Samuel","tok-286e352af5ef","חָס","חס","Unresolved","","No lexical entry yet","true","3","Targum Jonathan on I Samuel 14:45; Targum Jonathan on I Samuel 24:7; Targum Jonathan on I Samuel 26:11"
"targum-jonathan-on-i-samuel","Targum Jonathan on I Samuel","tok-c8a57ae0a8c2","חֲסָדִית","חסדית","Unresolved","","No lexical entry yet","true","1","Targum Jonathan on I Samuel 17:10"
"targum-jonathan-on-i-samuel","Targum Jonathan on I Samuel","tok-bd05d1309d41","חִסוּדָא","חסודא","Unresolved","","No lexical entry yet","true","1","Targum Jonathan on I Samuel 17:26"
"targum-jonathan-on-i-samuel","Targum Jonathan on I Samuel","tok-cc4a4f3e045a","חֲסַלְתֵּיהּ","חסלתיה","Unresolved","","No lexical entry yet","true","1","Targum Jonathan on I Samuel 1:24"
"targum-jonathan-on-i-samuel","Targum Jonathan on I Samuel","tok-53beba3962da","חַסְתּוּן","חסתונ","Unresolved","","No lexical entry yet","true","1","Targum Jonathan on I Samuel 23:21"
"targum-jonathan-on-i-samuel","Targum Jonathan on I Samuel","tok-094f4c3b3123","חָפְנִי","חפני","Unresolved","","No lexical entry yet","true","6","Targum Jonathan on I Samuel 1:3; Targum Jonathan on I Samuel 2:34; Targum Jonathan on I Samuel 4:4; Targum Jonathan on I Samuel 4:11; Targum Jonathan on I Samuel 4:17"
"targum-jonathan-on-i-samuel","Targum Jonathan on I Samuel","tok-7d23a10fa978","חֲצַד","חצד","Unresolved","","No lexical entry yet","true","2","Targum Jonathan on I Samuel 6:13; Targum Jonathan on I Samuel 12:17"
"targum-jonathan-on-i-samuel","Targum Jonathan on I Samuel","tok-2a99c1773f8b","חַצְדֵיהּ","חצדיה","Unresolved","","No lexical entry yet","true","1","Targum Jonathan on I Samuel 8:12"
"targum-jonathan-on-i-samuel","Targum Jonathan on I Samuel","tok-e5e0fd6ec835","חַצְדִין","חצדינ","Unresolved","","No lexical entry yet","true","1","Targum Jonathan on I Samuel 6:13"
"targum-jonathan-on-i-samuel","Targum Jonathan on I Samuel","tok-84ae748d99aa","חַקְלָא","חקלא","Unresolved","","No lexical entry yet","true","3","Targum Jonathan on I Samuel 11:5; Targum Jonathan on I Samuel 14:25; Targum Jonathan on I Samuel 27:5"
"targum-jonathan-on-i-samuel","Targum Jonathan on I Samuel","tok-ce6613873aac","חַקְלֵיכוֹן","חקליכונ","Unresolved","","No lexical entry yet","true","1","Targum Jonathan on I Samuel 8:14"
"targum-jonathan-on-i-samuel","Targum Jonathan on I Samuel","tok-a6e1a2e57f86","חַקְלִין","חקלינ","Unresolved","","No lexical entry yet","true","1","Targum Jonathan on I Samuel 22:7"
"targum-jonathan-on-i-samuel","Targum Jonathan on I Samuel","tok-156666f584ad","חַרְבָּא","חרבא","Unresolved","","No lexical entry yet","true","6","Targum Jonathan on I Samuel 13:22; Targum Jonathan on I Samuel 14:20; Targum Jonathan on I Samuel 21:9; Targum Jonathan on I Samuel 21:10; Targum Jonathan on I Samuel 22:10"
"targum-jonathan-on-i-samuel","Targum Jonathan on I Samuel","tok-7135a8ca9311","חַרְבִּי","חרבי","Unresolved","","No lexical entry yet","true","1","Targum Jonathan on I Samuel 21:9"
"targum-jonathan-on-i-samuel","Targum Jonathan on I Samuel","tok-862624ef0c37","חַרְבָּךְ","חרבכ","Unresolved","","No lexical entry yet","true","2","Targum Jonathan on I Samuel 15:33; Targum Jonathan on I Samuel 31:4"
"targum-jonathan-on-i-samuel","Targum Jonathan on I Samuel","tok-bd3952843afc","חֲרַכָּא","חרכא","Unresolved","","No lexical entry yet","true","1","Targum Jonathan on I Samuel 19:12"
"targum-jonathan-on-i-samuel","Targum Jonathan on I Samuel","tok-f4762d2ab39f","חָשִׁיב","חשיב","Unresolved","","No lexical entry yet","true","1","Targum Jonathan on I Samuel 18:25"
"targum-jonathan-on-i-samuel","Targum Jonathan on I Samuel","tok-6c99386d8124","חֲשִׁיכָא","חשיכא","Unresolved","","No lexical entry yet","true","1","Targum Jonathan on I Samuel 2:8"
"targum-jonathan-on-i-samuel","Targum Jonathan on I Samuel","tok-25ee910deb6e","חֲשִׁיכִין","חשיכינ","Unresolved","","No lexical entry yet","true","1","Targum Jonathan on I Samuel 2:5"
"targum-jonathan-on-i-samuel","Targum Jonathan on I Samuel","tok-00d69ffd42ad","חַשְׁמוֹנָאֵי","חשמונאי","Unresolved","","No lexical entry yet","true","1","Targum Jonathan on I Samuel 2:4"
"targum-jonathan-on-i-samuel","Targum Jonathan on I Samuel","tok-e4b78d2bed9d","חִתָּאָה","חתאה","Unresolved","","No lexical entry yet","true","1","Targum Jonathan on I Samuel 26:6"
"targum-jonathan-on-i-samuel","Targum Jonathan on I Samuel","tok-e1ddc6e3ef44","חֲתָנָא","חתנא","Unresolved","","No lexical entry yet","true","1","Targum Jonathan on I Samuel 18:18"
"targum-jonathan-on-i-samuel","Targum Jonathan on I Samuel","tok-c9a980dbd840","טַב","טב","Unresolved","","No lexical entry yet","true","2","Targum Jonathan on I Samuel 15:22; Targum Jonathan on I Samuel 25:8"
"targum-jonathan-on-i-samuel","Targum Jonathan on I Samuel","tok-d00439fdfb96","טָב","טב","Unresolved","","No lexical entry yet","true","2","Targum Jonathan on I Samuel 2:26; Targum Jonathan on I Samuel 20:7"
"targum-jonathan-on-i-samuel","Targum Jonathan on I Samuel","tok-7ddb33b77333","טָבָא","טבא","Unresolved","","No lexical entry yet","true","1","Targum Jonathan on I Samuel 1:8"
"targum-jonathan-on-i-samuel","Targum Jonathan on I Samuel","tok-f0334bfa9247","טַבָּחָא","טבחא","Unresolved","","No lexical entry yet","true","1","Targum Jonathan on I Samuel 9:24"
"targum-jonathan-on-i-samuel","Targum Jonathan on I Samuel","tok-eeaaf26b880b","טָבַיָא","טביא","Unresolved","","No lexical entry yet","true","1","Targum Jonathan on I Samuel 8:14"
"targum-jonathan-on-i-samuel","Targum Jonathan on I Samuel","tok-55a392cb755b","טָבִין","טבינ","Unresolved","","No lexical entry yet","true","1","Targum Jonathan on I Samuel 25:15"
"targum-jonathan-on-i-samuel","Targum Jonathan on I Samuel","tok-c760a635a75d","טַבְתָא","טבתא","Unresolved","","No lexical entry yet","true","4","Targum Jonathan on I Samuel 2:32; Targum Jonathan on I Samuel 24:20; Targum Jonathan on I Samuel 25:21; Targum Jonathan on I Samuel 25:30"
"targum-jonathan-on-i-samuel","Targum Jonathan on I Samuel","tok-0c4539858b7d","טַבְתָּא","טבתא","Unresolved","","No lexical entry yet","true","1","Targum Jonathan on I Samuel 24:18"
"targum-jonathan-on-i-samuel","Targum Jonathan on I Samuel","tok-3ef827d86aef","טוּלְמִין","טולמינ","Unresolved","","No lexical entry yet","true","2","Targum Jonathan on I Samuel 17:17; Targum Jonathan on I Samuel 21:4"
"targum-jonathan-on-i-samuel","Targum Jonathan on I Samuel","tok-254dd31694eb","טוּרָא","טורא","Unresolved","","No lexical entry yet","true","6","Targum Jonathan on I Samuel 17:3; Targum Jonathan on I Samuel 23:26; Targum Jonathan on I Samuel 25:20; Targum Jonathan on I Samuel 26:13"
"targum-jonathan-on-i-samuel","Targum Jonathan on I Samuel","tok-325fe703e941","טוּרְנֵי","טורני","Unresolved","","No lexical entry yet","true","6","Targum Jonathan on I Samuel 5:8; Targum Jonathan on I Samuel 5:11; Targum Jonathan on I Samuel 6:4; Targum Jonathan on I Samuel 6:16; Targum Jonathan on I Samuel 7:7"
"targum-jonathan-on-i-samuel","Targum Jonathan on I Samuel","tok-9486df309f1b","טוּרְנַיָא","טורניא","Unresolved","","No lexical entry yet","true","2","Targum Jonathan on I Samuel 6:18; Targum Jonathan on I Samuel 29:6"
"targum-jonathan-on-i-samuel","Targum Jonathan on I Samuel","tok-c911543a333f","טְחוֹרֵי","טחורי","Unresolved","","No lexical entry yet","true","2","Targum Jonathan on I Samuel 6:4; Targum Jonathan on I Samuel 6:17"
"targum-jonathan-on-i-samuel","Targum Jonathan on I Samuel","tok-514aff6b4328","טְחוֹרֵיהוֹן","טחוריהונ","Unresolved","","No lexical entry yet","true","1","Targum Jonathan on I Samuel 6:11"
"targum-jonathan-on-i-samuel","Targum Jonathan on I Samuel","tok-8058403b6dd9","טְחוֹרֵיכוֹן","טחוריכונ","Unresolved","","No lexical entry yet","true","1","Targum Jonathan on I Samuel 6:5"
"targum-jonathan-on-i-samuel","Targum Jonathan on I Samuel","tok-009192ed40cf","טִיבוּ","טיבו","Unresolved","","No lexical entry yet","true","4","Targum Jonathan on I Samuel 15:6; Targum Jonathan on I Samuel 20:8; Targum Jonathan on I Samuel 20:14; Targum Jonathan on I Samuel 24:19"
"targum-jonathan-on-i-samuel","Targum Jonathan on I Samuel","tok-880bf1442243","טִיבוּתָךְ","טיבותכ","Unresolved","","No lexical entry yet","true","1","Targum Jonathan on I Samuel 20:15"
"targum-jonathan-on-i-samuel","Targum Jonathan on I Samuel","tok-5abdfd03f8ce","טִיבֵיהוֹן","טיביהונ","Unresolved","","No lexical entry yet","true","1","Targum Jonathan on I Samuel 17:18"
"targum-jonathan-on-i-samuel","Targum Jonathan on I Samuel","tok-d9600dd309ba","טִינָרָא","טינרא","Unresolved","","No lexical entry yet","true","1","Targum Jonathan on I Samuel 13:6"
"targum-jonathan-on-i-samuel","Targum Jonathan on I Samuel","tok-cd71709b976b","טְעוּן","טעונ","Unresolved","","No lexical entry yet","true","2","Targum Jonathan on I Samuel 16:20"
"targum-jonathan-on-i-samuel","Targum Jonathan on I Samuel","tok-81e43490b71a","טַעֲוָתָא","טעותא","Unresolved","","No lexical entry yet","true","2","Targum Jonathan on I Samuel 15:23; Targum Jonathan on I Samuel 26:19"
"targum-jonathan-on-i-samuel","Targum Jonathan on I Samuel","tok-4445e2000923","טַעֲוַתְהוֹן","טעותהונ","Unresolved","","No lexical entry yet","true","1","Targum Jonathan on I Samuel 31:9"
"targum-jonathan-on-i-samuel","Targum Jonathan on I Samuel","tok-64945ac6d7a5","טַעֲוָתִי","טעותי","Unresolved","","No lexical entry yet","true","1","Targum Jonathan on I Samuel 17:8"
"targum-jonathan-on-i-samuel","Targum Jonathan on I Samuel","tok-d3c72a77e71c","טַעֲוַתְכוֹן","טעותכונ","Unresolved","","No lexical entry yet","true","1","Targum Jonathan on I Samuel 6:5"
"targum-jonathan-on-i-samuel","Targum Jonathan on I Samuel","tok-fd09c2051583","טַעֲוָתָנָא","טעותנא","Unresolved","","No lexical entry yet","true","1","Targum Jonathan on I Samuel 5:7"
"targum-jonathan-on-i-samuel","Targum Jonathan on I Samuel","tok-936aefed2747","טְעֵימִית","טעימית","Unresolved","","No lexical entry yet","true","1","Targum Jonathan on I Samuel 14:29"
"targum-jonathan-on-i-samuel","Targum Jonathan on I Samuel","tok-9a1634d3144f","טְעֵימַת","טעימת","Unresolved","","No lexical entry yet","true","1","Targum Jonathan on I Samuel 14:43"
"targum-jonathan-on-i-samuel","Targum Jonathan on I Samuel","tok-151192705b7a","טַעְמֵיהּ","טעמיה","Unresolved","","No lexical entry yet","true","1","Targum Jonathan on I Samuel 21:14"
"targum-jonathan-on-i-samuel","Targum Jonathan on I Samuel","tok-fe7bd92be672","טְפָא","טפא","Unresolved","","No lexical entry yet","true","1","Targum Jonathan on I Samuel 3:3"
"targum-jonathan-on-i-samuel","Targum Jonathan on I Samuel","tok-45c925ad6fc6","טְפֵישְׁתָּא","טפישתא","Unresolved","","No lexical entry yet","true","1","Targum Jonathan on I Samuel 13:13"
"targum-jonathan-on-i-samuel","Targum Jonathan on I Samuel","tok-01a0f0a60e1e","יָאִין","יאינ","Unresolved","","No lexical entry yet","true","1","Targum Jonathan on I Samuel 16:12"
"targum-jonathan-on-i-samuel","Targum Jonathan on I Samuel","tok-d565bc8dd559","יַבָּבָא","יבבא","Unresolved","","No lexical entry yet","true","3","Targum Jonathan on I Samuel 4:5; Targum Jonathan on I Samuel 4:6"
"targum-jonathan-on-i-samuel","Targum Jonathan on I Samuel","tok-ffe46f78c9d6","יְבֵישִׁין","יבישינ","Unresolved","","No lexical entry yet","true","1","Targum Jonathan on I Samuel 25:18"
"targum-jonathan-on-i-samuel","Targum Jonathan on I Samuel","tok-4e305743698d","יַבִּישִׁין","יבישינ","Unresolved","","No lexical entry yet","true","1","Targum Jonathan on I Samuel 30:12"
"targum-jonathan-on-i-samuel","Targum Jonathan on I Samuel","tok-55bbc29a88a4","יִבְעוּן","יבעונ","Unresolved","","No lexical entry yet","true","1","Targum Jonathan on I Samuel 16:16"
"targum-jonathan-on-i-samuel","Targum Jonathan on I Samuel","tok-5b89bcd1a090","יִבְעֵי","יבעי","Unresolved","","No lexical entry yet","true","1","Targum Jonathan on I Samuel 2:25"
"targum-jonathan-on-i-samuel","Targum Jonathan on I Samuel","tok-5b573cba8b44","יִבְעִינַנִי","יבעינני","Unresolved","","No lexical entry yet","true","1","Targum Jonathan on I Samuel 20:6"
"targum-jonathan-on-i-samuel","Targum Jonathan on I Samuel","tok-a4af36b61ce3","יְדָא","ידא","Unresolved","","No lexical entry yet","true","1","Targum Jonathan on I Samuel 23:17"
"targum-jonathan-on-i-samuel","Targum Jonathan on I Samuel","tok-1e7f92010a2c","יְדַבֵּר","ידבר","Unresolved","","No lexical entry yet","true","2","Targum Jonathan on I Samuel 8:13; Targum Jonathan on I Samuel 8:16"
"targum-jonathan-on-i-samuel","Targum Jonathan on I Samuel","tok-b21efb857b99","יַדְבֵּר","ידבר","Unresolved","","No lexical entry yet","true","1","Targum Jonathan on I Samuel 8:11"
"targum-jonathan-on-i-samuel","Targum Jonathan on I Samuel","tok-0663aba7100b","יְדוֹהִי","ידוהי","Unresolved","","No lexical entry yet","true","3","Targum Jonathan on I Samuel 2:1; Targum Jonathan on I Samuel 5:4; Targum Jonathan on I Samuel 14:13"
"targum-jonathan-on-i-samuel","Targum Jonathan on I Samuel","tok-6f917eed61cd","יְדֵיהּ","ידיה","Unresolved","","No lexical entry yet","true","6","Targum Jonathan on I Samuel 14:26; Targum Jonathan on I Samuel 14:27; Targum Jonathan on I Samuel 17:49; Targum Jonathan on I Samuel 23:16; Targum Jonathan on I Samuel 26:9"
"targum-jonathan-on-i-samuel","Targum Jonathan on I Samuel","tok-ac6b0963515a","יְדֵיהוֹן","ידיהונ","Unresolved","","No lexical entry yet","true","2","Targum Jonathan on I Samuel 22:17"
"targum-jonathan-on-i-samuel","Targum Jonathan on I Samuel","tok-54191ee6230f","יְדָךְ","ידכ","Unresolved","","No lexical entry yet","true","4","Targum Jonathan on I Samuel 21:4; Targum Jonathan on I Samuel 21:9; Targum Jonathan on I Samuel 25:8; Targum Jonathan on I Samuel 25:26"
"targum-jonathan-on-i-samuel","Targum Jonathan on I Samuel","tok-37b24c19f4ff","יַדְעִין","ידעינ","Unresolved","","No lexical entry yet","true","1","Targum Jonathan on I Samuel 20:39"
"targum-jonathan-on-i-samuel","Targum Jonathan on I Samuel","tok-7ff4f22d43e1","יָדְעִין","ידעינ","Unresolved","","No lexical entry yet","true","1","Targum Jonathan on I Samuel 2:12"
"targum-jonathan-on-i-samuel","Targum Jonathan on I Samuel","tok-9af687d16e2d","יְדַעְנָא","ידענא","Unresolved","","No lexical entry yet","true","2","Targum Jonathan on I Samuel 17:28; Targum Jonathan on I Samuel 29:9"
"targum-jonathan-on-i-samuel","Targum Jonathan on I Samuel","tok-2076bcbfaed0","יָדַעְנָא","ידענא","Unresolved","","No lexical entry yet","true","3","Targum Jonathan on I Samuel 20:30; Targum Jonathan on I Samuel 22:22; Targum Jonathan on I Samuel 24:21"
"targum-jonathan-on-i-samuel","Targum Jonathan on I Samuel","tok-19504e08888a","יְדַעַת","ידעת","Unresolved","","No lexical entry yet","true","1","Targum Jonathan on I Samuel 25:11"
"targum-jonathan-on-i-samuel","Targum Jonathan on I Samuel","tok-c865953e9746","יָדַעְתָּא","ידעתא","Unresolved","","No lexical entry yet","true","1","Targum Jonathan on I Samuel 28:9"
"targum-jonathan-on-i-samuel","Targum Jonathan on I Samuel","tok-87c112dcf316","יְהַב","יהב","Unresolved","","No lexical entry yet","true","4","Targum Jonathan on I Samuel 1:5; Targum Jonathan on I Samuel 22:10; Targum Jonathan on I Samuel 25:44"
"targum-jonathan-on-i-samuel","Targum Jonathan on I Samuel","tok-90aad66aceaa","יְהָבוּ","יהבו","Unresolved","","No lexical entry yet","true","2","Targum Jonathan on I Samuel 18:8"
"targum-jonathan-on-i-samuel","Targum Jonathan on I Samuel","tok-2a352ccb4f3b","יְהָבִית","יהבית","Unresolved","","No lexical entry yet","true","1","Targum Jonathan on I Samuel 9:23"
"targum-jonathan-on-i-samuel","Targum Jonathan on I Samuel","tok-2749564bde6d","יְהוּדָאֵי","יהודאי","Unresolved","","No lexical entry yet","true","3","Targum Jonathan on I Samuel 13:3; Targum Jonathan on I Samuel 14:11; Targum Jonathan on I Samuel 29:3"
"targum-jonathan-on-i-samuel","Targum Jonathan on I Samuel","tok-acf21dc4a497","יְהוּדָאִין","יהודאינ","Unresolved","","No lexical entry yet","true","1","Targum Jonathan on I Samuel 13:19"
"targum-jonathan-on-i-samuel","Targum Jonathan on I Samuel","tok-d33599ca40ac","יְהוֹן","יהונ","Unresolved","","No lexical entry yet","true","1","Targum Jonathan on I Samuel 25:26"
"targum-jonathan-on-i-samuel","Targum Jonathan on I Samuel","tok-e8fb23e6409b","יְהוֹנָתָן","יהונתנ","Unresolved","","No lexical entry yet","true","34","Targum Jonathan on I Samuel 14:6; Targum Jonathan on I Samuel 14:8; Targum Jonathan on I Samuel 18:1; Targum Jonathan on I Samuel 18:3; Targum Jonathan on I Samuel 18:4"
"targum-jonathan-on-i-samuel","Targum Jonathan on I Samuel","tok-721726fe8320","יוֹאֵל","יואל","Unresolved","","No lexical entry yet","true","2","Targum Jonathan on I Samuel 2:1; Targum Jonathan on I Samuel 8:2"
"targum-jonathan-on-i-samuel","Targum Jonathan on I Samuel","tok-e4fd98b0f842","יוֹדוּן","יודונ","Unresolved","","No lexical entry yet","true","1","Targum Jonathan on I Samuel 2:2"
"targum-jonathan-on-i-samuel","Targum Jonathan on I Samuel","tok-a0d16a407be5","יוֹטִיב","יוטיב","Unresolved","","No lexical entry yet","true","1","Targum Jonathan on I Samuel 25:31"
"targum-jonathan-on-i-samuel","Targum Jonathan on I Samuel","tok-4128adc20627","יוֹמָא","יומא","Unresolved","","No lexical entry yet","true","56","Targum Jonathan on I Samuel 4:3; Targum Jonathan on I Samuel 4:16; Targum Jonathan on I Samuel 5:5; Targum Jonathan on I Samuel 6:18; Targum Jonathan on I Samuel 8:8"
"targum-jonathan-on-i-samuel","Targum Jonathan on I Samuel","tok-1c35363dfde7","יוֹמֵי","יומי","Unresolved","","No lexical entry yet","true","4","Targum Jonathan on I Samuel 1:11; Targum Jonathan on I Samuel 7:13; Targum Jonathan on I Samuel 7:15; Targum Jonathan on I Samuel 14:52"
"targum-jonathan-on-i-samuel","Targum Jonathan on I Samuel","tok-edf204691535","יוֹמַיָא","יומיא","Unresolved","","No lexical entry yet","true","13","Targum Jonathan on I Samuel 1:20; Targum Jonathan on I Samuel 1:28; Targum Jonathan on I Samuel 2:31; Targum Jonathan on I Samuel 2:32; Targum Jonathan on I Samuel 2:35"
"targum-jonathan-on-i-samuel","Targum Jonathan on I Samuel","tok-7e9bdca9bedc","יוֹמִין","יומינ","Unresolved","","No lexical entry yet","true","16","Targum Jonathan on I Samuel 9:20; Targum Jonathan on I Samuel 10:8; Targum Jonathan on I Samuel 11:3; Targum Jonathan on I Samuel 13:8; Targum Jonathan on I Samuel 13:11"
"targum-jonathan-on-i-samuel","Targum Jonathan on I Samuel","tok-1e9072ed7396","יוֹנָתָן","יונתנ","Unresolved","","No lexical entry yet","true","21","Targum Jonathan on I Samuel 13:2; Targum Jonathan on I Samuel 13:3; Targum Jonathan on I Samuel 13:22; Targum Jonathan on I Samuel 14:1; Targum Jonathan on I Samuel 14:3"
"targum-jonathan-on-i-samuel","Targum Jonathan on I Samuel","tok-dfc5d269c273","יֵחוֹב","יחוב","Unresolved","","No lexical entry yet","true","1","Targum Jonathan on I Samuel 2:25"
"targum-jonathan-on-i-samuel","Targum Jonathan on I Samuel","tok-f65b4eb09461","יְחַווּן","יחוונ","Unresolved","","No lexical entry yet","true","1","Targum Jonathan on I Samuel 27:11"
"targum-jonathan-on-i-samuel","Targum Jonathan on I Samuel","tok-9ec613e440f3","יְחַוֵי","יחוי","Unresolved","","No lexical entry yet","true","4","Targum Jonathan on I Samuel 9:6; Targum Jonathan on I Samuel 20:2; Targum Jonathan on I Samuel 20:10; Targum Jonathan on I Samuel 22:22"
"targum-jonathan-on-i-samuel","Targum Jonathan on I Samuel","tok-153a38664ffa","יֵחוֹת","יחות","Unresolved","","No lexical entry yet","true","2","Targum Jonathan on I Samuel 26:6; Targum Jonathan on I Samuel 29:4"
"targum-jonathan-on-i-samuel","Targum Jonathan on I Samuel","tok-6c8e85ed44e9","יֵחוּת","יחות","Unresolved","","No lexical entry yet","true","1","Targum Jonathan on I Samuel 26:10"
"targum-jonathan-on-i-samuel","Targum Jonathan on I Samuel","tok-55932fdb89a6","יֶחֱטֵא","יחטא","Unresolved","","No lexical entry yet","true","1","Targum Jonathan on I Samuel 19:4"
"targum-jonathan-on-i-samuel","Targum Jonathan on I Samuel","tok-d5710e8540f8","יֶחֱתוּן","יחתונ","Unresolved","","No lexical entry yet","true","1","Targum Jonathan on I Samuel 13:12"
"targum-jonathan-on-i-samuel","Targum Jonathan on I Samuel","tok-ea9e8879da13","יִטַר","יטר","Unresolved","","No lexical entry yet","true","1","Targum Jonathan on I Samuel 2:9"
"targum-jonathan-on-i-samuel","Targum Jonathan on I Samuel","tok-4b5219ae1e6b","יְיָ","יי","Unresolved","","No lexical entry yet","true","241","Targum Jonathan on I Samuel 1:3; Targum Jonathan on I Samuel 1:5; Targum Jonathan on I Samuel 1:6; Targum Jonathan on I Samuel 1:10; Targum Jonathan on I Samuel 1:11"
"targum-jonathan-on-i-samuel","Targum Jonathan on I Samuel","tok-fdd3904a9e71","יֵיזִיל","ייזיל","Unresolved","","No lexical entry yet","true","1","Targum Jonathan on I Samuel 17:32"
"targum-jonathan-on-i-samuel","Targum Jonathan on I Samuel","tok-386fec3644a0","יֵיחוֹב","ייחוב","Unresolved","","No lexical entry yet","true","1","Targum Jonathan on I Samuel 2:25"
"targum-jonathan-on-i-samuel","Targum Jonathan on I Samuel","tok-e19d3b79a9f3","יֵיחוֹת","ייחות","Unresolved","","No lexical entry yet","true","1","Targum Jonathan on I Samuel 17:8"
"targum-jonathan-on-i-samuel","Targum Jonathan on I Samuel","tok-6f6744b70068","יֵימַר","יימר","Unresolved","","No lexical entry yet","true","2","Targum Jonathan on I Samuel 16:16; Targum Jonathan on I Samuel 20:7"
"targum-jonathan-on-i-samuel","Targum Jonathan on I Samuel","tok-5d0ef25452cb","יֵימְרוּן","יימרונ","Unresolved","","No lexical entry yet","true","4","Targum Jonathan on I Samuel 2:2; Targum Jonathan on I Samuel 14:9; Targum Jonathan on I Samuel 14:10; Targum Jonathan on I Samuel 19:24"
"targum-jonathan-on-i-samuel","Targum Jonathan on I Samuel","tok-e05c71680174","יֵיעוּל","ייעול","Unresolved","","No lexical entry yet","true","1","Targum Jonathan on I Samuel 21:16"
"targum-jonathan-on-i-samuel","Targum Jonathan on I Samuel","tok-4d4fd69f8c25","יֵיתוּן","ייתונ","Unresolved","","No lexical entry yet","true","3","Targum Jonathan on I Samuel 2:25; Targum Jonathan on I Samuel 10:7; Targum Jonathan on I Samuel 31:4"
"targum-jonathan-on-i-samuel","Targum Jonathan on I Samuel","tok-3a8da176c2c4","יֵיתֵי","ייתי","Unresolved","","No lexical entry yet","true","1","Targum Jonathan on I Samuel 2:36"
"targum-jonathan-on-i-samuel","Targum Jonathan on I Samuel","tok-3968a329551e","יָכִיל","יכיל","Unresolved","","No lexical entry yet","true","4","Targum Jonathan on I Samuel 3:2; Targum Jonathan on I Samuel 4:15; Targum Jonathan on I Samuel 6:20; Targum Jonathan on I Samuel 17:39"
"targum-jonathan-on-i-samuel","Targum Jonathan on I Samuel","tok-a0e379e965dd","יְלִידַת","ילידת","Unresolved","","No lexical entry yet","true","1","Targum Jonathan on I Samuel 4:20"
"targum-jonathan-on-i-samuel","Targum Jonathan on I Samuel","tok-ea324d01040a","יַמָא","ימא","Unresolved","","No lexical entry yet","true","1","Targum Jonathan on I Samuel 13:5"
"targum-jonathan-on-i-samuel","Targum Jonathan on I Samuel","tok-ae1e19c600ad","יְמוּתוּן","ימותונ","Unresolved","","No lexical entry yet","true","1","Targum Jonathan on I Samuel 2:33"
"targum-jonathan-on-i-samuel","Targum Jonathan on I Samuel","tok-9fd48dc5aba4","יִמְטֵי","ימטי","Unresolved","","No lexical entry yet","true","1","Targum Jonathan on I Samuel 26:10"
"targum-jonathan-on-i-samuel","Targum Jonathan on I Samuel","tok-94964db6e186","יְמָמִין","יממינ","Unresolved","","No lexical entry yet","true","1","Targum Jonathan on I Samuel 30:12"
"targum-jonathan-on-i-samuel","Targum Jonathan on I Samuel","tok-d1c708990695","יְמַנֵי","ימני","Unresolved","","No lexical entry yet","true","1","Targum Jonathan on I Samuel 22:7"
"targum-jonathan-on-i-samuel","Targum Jonathan on I Samuel","tok-207ccd5ba1aa","יִמְסַר","ימסר","Unresolved","","No lexical entry yet","true","1","Targum Jonathan on I Samuel 28:19"
"targum-jonathan-on-i-samuel","Targum Jonathan on I Samuel","tok-30cfe34a8ec5","יִמְסְרִינָךְ","ימסרינכ","Unresolved","","No lexical entry yet","true","1","Targum Jonathan on I Samuel 17:46"
"targum-jonathan-on-i-samuel","Targum Jonathan on I Samuel","tok-34dc378a9892","יַנִיק","יניק","Unresolved","","No lexical entry yet","true","3","Targum Jonathan on I Samuel 17:33; Targum Jonathan on I Samuel 17:42; Targum Jonathan on I Samuel 22:19"
"targum-jonathan-on-i-samuel","Targum Jonathan on I Samuel","tok-ac9319605141","יָנִיק","יניק","Unresolved","","No lexical entry yet","true","2","Targum Jonathan on I Samuel 1:24; Targum Jonathan on I Samuel 15:3"
"targum-jonathan-on-i-samuel","Targum Jonathan on I Samuel","tok-843770363dfa","יִסַב","יסב","Unresolved","","No lexical entry yet","true","4","Targum Jonathan on I Samuel 2:15; Targum Jonathan on I Samuel 8:14; Targum Jonathan on I Samuel 8:15; Targum Jonathan on I Samuel 8:17"
"targum-jonathan-on-i-samuel","Targum Jonathan on I Samuel","tok-5c9c3bf74b23","יִסְבּוּן","יסבונ","Unresolved","","No lexical entry yet","true","1","Targum Jonathan on I Samuel 2:16"
"targum-jonathan-on-i-samuel","Targum Jonathan on I Samuel","tok-a16f924c19b2","יְסוּפוּן","יסופונ","Unresolved","","No lexical entry yet","true","1","Targum Jonathan on I Samuel 2:5"
"targum-jonathan-on-i-samuel","Targum Jonathan on I Samuel","tok-efb279875f40","יִסַק","יסק","Unresolved","","No lexical entry yet","true","3","Targum Jonathan on I Samuel 6:9; Targum Jonathan on I Samuel 9:13; Targum Jonathan on I Samuel 29:9"
"targum-jonathan-on-i-samuel","Targum Jonathan on I Samuel","tok-851395e72ff3","יִסְתַּחַר","יסתחר","Unresolved","","No lexical entry yet","true","1","Targum Jonathan on I Samuel 5:8"
"targum-jonathan-on-i-samuel","Targum Jonathan on I Samuel","tok-4034e6753917","יִסְתַּלֵק","יסתלק","Unresolved","","No lexical entry yet","true","1","Targum Jonathan on I Samuel 6:20"
"targum-jonathan-on-i-samuel","Targum Jonathan on I Samuel","tok-487b2e126bc4","יַעְבֵּד","יעבד","Unresolved","","No lexical entry yet","true","1","Targum Jonathan on I Samuel 2:35"
"targum-jonathan-on-i-samuel","Targum Jonathan on I Samuel","tok-b990193393b6","יַעְבַּד","יעבד","Unresolved","","No lexical entry yet","true","1","Targum Jonathan on I Samuel 28:2"
"targum-jonathan-on-i-samuel","Targum Jonathan on I Samuel","tok-75dfb13953d2","יַעְבְּדוּן","יעבדונ","Unresolved","","No lexical entry yet","true","1","Targum Jonathan on I Samuel 13:19"
"targum-jonathan-on-i-samuel","Targum Jonathan on I Samuel","tok-128a90dfaa39","יַעְבֵּיד","יעביד","Unresolved","","No lexical entry yet","true","7","Targum Jonathan on I Samuel 2:10; Targum Jonathan on I Samuel 3:17; Targum Jonathan on I Samuel 3:18; Targum Jonathan on I Samuel 14:6; Targum Jonathan on I Samuel 20:2"
"targum-jonathan-on-i-samuel","Targum Jonathan on I Samuel","tok-9c3e9fa42092","יַעֲבֵיד","יעביד","Unresolved","","No lexical entry yet","true","2","Targum Jonathan on I Samuel 1:7; Targum Jonathan on I Samuel 14:44"
"targum-jonathan-on-i-samuel","Targum Jonathan on I Samuel","tok-aa52e7ea1b36","יַעֲבֵּיד","יעביד","Unresolved","","No lexical entry yet","true","2","Targum Jonathan on I Samuel 17:25; Targum Jonathan on I Samuel 20:13"
"targum-jonathan-on-i-samuel","Targum Jonathan on I Samuel","tok-1d04f2fd9bdb","יַעְדֵי","יעדי","Unresolved","","No lexical entry yet","true","1","Targum Jonathan on I Samuel 9:17"
"targum-jonathan-on-i-samuel","Targum Jonathan on I Samuel","tok-76dc1d24bfc9","יְעָרִים","יערימ","Unresolved","","No lexical entry yet","true","3","Targum Jonathan on I Samuel 6:21; Targum Jonathan on I Samuel 7:1; Targum Jonathan on I Samuel 7:2"
"targum-jonathan-on-i-samuel","Targum Jonathan on I Samuel","tok-6164cfd8ecf1","יְעַרְעִינָךְ","יערעינכ","Unresolved","","No lexical entry yet","true","1","Targum Jonathan on I Samuel 28:10"
"targum-jonathan-on-i-samuel","Targum Jonathan on I Samuel","tok-15648ac42993","יַעֲתְּרִינֵיהּ","יעתריניה","Unresolved","","No lexical entry yet","true","1","Targum Jonathan on I Samuel 17:25"
"targum-jonathan-on-i-samuel","Targum Jonathan on I Samuel","tok-8bad029148ba","יִפּוֹק","יפוק","Unresolved","","No lexical entry yet","true","1","Targum Jonathan on I Samuel 22:3"
"targum-jonathan-on-i-samuel","Targum Jonathan on I Samuel","tok-727286b88299","יִפְלְגוּן","יפלגונ","Unresolved","","No lexical entry yet","true","1","Targum Jonathan on I Samuel 30:24"
"targum-jonathan-on-i-samuel","Targum Jonathan on I Samuel","tok-601868245c26","יִפְלוּן","יפלונ","Unresolved","","No lexical entry yet","true","1","Targum Jonathan on I Samuel 2:2"
"targum-jonathan-on-i-samuel","Targum Jonathan on I Samuel","tok-165060abd72c","יִפְקוּן","יפקונ","Unresolved","","No lexical entry yet","true","1","Targum Jonathan on I Samuel 2:3"
"targum-jonathan-on-i-samuel","Targum Jonathan on I Samuel","tok-70696263948f","יַפְרְחִינָהּ","יפרחינה","Unresolved","","No lexical entry yet","true","1","Targum Jonathan on I Samuel 25:29"
"targum-jonathan-on-i-samuel","Targum Jonathan on I Samuel","tok-b3530105aaca","יִפְרְקִינָנָא","יפרקיננא","Unresolved","","No lexical entry yet","true","1","Targum Jonathan on I Samuel 10:27"
"targum-jonathan-on-i-samuel","Targum Jonathan on I Samuel","tok-62318a276466","יִצְלָן","יצלנ","Unresolved","","No lexical entry yet","true","1","Targum Jonathan on I Samuel 3:11"
"targum-jonathan-on-i-samuel","Targum Jonathan on I Samuel","tok-8f1a609e8850","יְקַבֵּיל","יקביל","Unresolved","","No lexical entry yet","true","1","Targum Jonathan on I Samuel 8:18"
"targum-jonathan-on-i-samuel","Targum Jonathan on I Samuel","tok-ba4775030be3","יִקְטוֹל","יקטול","Unresolved","","No lexical entry yet","true","1","Targum Jonathan on I Samuel 5:11"
"targum-jonathan-on-i-samuel","Targum Jonathan on I Samuel","tok-cbd41beee30b","יְקַיֵים","יקיימ","Unresolved","","No lexical entry yet","true","3","Targum Jonathan on I Samuel 2:20; Targum Jonathan on I Samuel 25:28; Targum Jonathan on I Samuel 25:30"
"targum-jonathan-on-i-samuel","Targum Jonathan on I Samuel","tok-077db192e289","יַקְרֵינִי","יקריני","Unresolved","","No lexical entry yet","true","1","Targum Jonathan on I Samuel 15:30"
"targum-jonathan-on-i-samuel","Targum Jonathan on I Samuel","tok-3a794962798e","יַרְדְנָא","ירדנא","Unresolved","","No lexical entry yet","true","1","Targum Jonathan on I Samuel 13:7"
"targum-jonathan-on-i-samuel","Targum Jonathan on I Samuel","tok-685442714803","יְרוּשְׁלֵם","ירושלמ","Unresolved","","No lexical entry yet","true","2","Targum Jonathan on I Samuel 2:2; Targum Jonathan on I Samuel 2:5"
"targum-jonathan-on-i-samuel","Targum Jonathan on I Samuel","tok-88b3597d9b72","יַרְחָא","ירחא","Unresolved","","No lexical entry yet","true","5","Targum Jonathan on I Samuel 20:5; Targum Jonathan on I Samuel 20:18; Targum Jonathan on I Samuel 20:24; Targum Jonathan on I Samuel 20:27; Targum Jonathan on I Samuel 20:34"
"targum-jonathan-on-i-samuel","Targum Jonathan on I Samuel","tok-e4757b5dacb5","יַרְחִין","ירחינ","Unresolved","","No lexical entry yet","true","3","Targum Jonathan on I Samuel 6:1; Targum Jonathan on I Samuel 17:8; Targum Jonathan on I Samuel 27:7"
"targum-jonathan-on-i-samuel","Targum Jonathan on I Samuel","tok-a276cfa9f2fb","יַרְחֵיק","ירחיק","Unresolved","","No lexical entry yet","true","1","Targum Jonathan on I Samuel 12:22"
"targum-jonathan-on-i-samuel","Targum Jonathan on I Samuel","tok-6da1bdad747d","יְרֹחָם","ירחמ","Unresolved","","No lexical entry yet","true","1","Targum Jonathan on I Samuel 1:1"
"targum-jonathan-on-i-samuel","Targum Jonathan on I Samuel","tok-4f4af8b69654","יְרַחְמְאֵל","ירחמאל","Unresolved","","No lexical entry yet","true","1","Targum Jonathan on I Samuel 30:29"
"targum-jonathan-on-i-samuel","Targum Jonathan on I Samuel","tok-0f95d17b2bd9","יְרַחְמְאֵלָה","ירחמאלה","Unresolved","","No lexical entry yet","true","1","Targum Jonathan on I Samuel 27:10"
"targum-jonathan-on-i-samuel","Targum Jonathan on I Samuel","tok-6b3d2b837db0","יִשְׁבּוֹק","ישבוק","Unresolved","","No lexical entry yet","true","1","Targum Jonathan on I Samuel 9:5"
"targum-jonathan-on-i-samuel","Targum Jonathan on I Samuel","tok-a16024399185","יְשַׁוֵי","ישוי","Unresolved","","No lexical entry yet","true","2","Targum Jonathan on I Samuel 22:15; Targum Jonathan on I Samuel 25:25"
"targum-jonathan-on-i-samuel","Targum Jonathan on I Samuel","tok-8089e6e12f68","יִשַׁי","ישי","Unresolved","","No lexical entry yet","true","20","Targum Jonathan on I Samuel 16:1; Targum Jonathan on I Samuel 16:5; Targum Jonathan on I Samuel 16:8; Targum Jonathan on I Samuel 16:9; Targum Jonathan on I Samuel 16:10"
"targum-jonathan-on-i-samuel","Targum Jonathan on I Samuel","tok-a7bbe6630b8b","יִשָׁי","ישי","Unresolved","","No lexical entry yet","true","1","Targum Jonathan on I Samuel 16:19"
"targum-jonathan-on-i-samuel","Targum Jonathan on I Samuel","tok-d1c0879bb0fd","יְשֵׁיזְבִינָנָא","ישיזביננא","Unresolved","","No lexical entry yet","true","1","Targum Jonathan on I Samuel 4:8"
"targum-jonathan-on-i-samuel","Targum Jonathan on I Samuel","tok-fec2099ff210","יְשֵׁיזְבִינַנִי","ישיזבינני","Unresolved","","No lexical entry yet","true","1","Targum Jonathan on I Samuel 17:37"
"targum-jonathan-on-i-samuel","Targum Jonathan on I Samuel","tok-2face50b8c86","יְשִׁימוֹן","ישימונ","Unresolved","","No lexical entry yet","true","2","Targum Jonathan on I Samuel 26:1; Targum Jonathan on I Samuel 26:3"
"targum-jonathan-on-i-samuel","Targum Jonathan on I Samuel","tok-3041c8856760","יְשַׁלְמִנָךְ","ישלמנכ","Unresolved","","No lexical entry yet","true","1","Targum Jonathan on I Samuel 24:20"
"targum-jonathan-on-i-samuel","Targum Jonathan on I Samuel","tok-4bf1e9f14f48","יִשְׁמְעוּן","ישמעונ","Unresolved","","No lexical entry yet","true","1","Targum Jonathan on I Samuel 13:3"
"targum-jonathan-on-i-samuel","Targum Jonathan on I Samuel","tok-a07fe904540f","יְשַׁמְשׁוּן","ישמשונ","Unresolved","","No lexical entry yet","true","1","Targum Jonathan on I Samuel 2:30"
"targum-jonathan-on-i-samuel","Targum Jonathan on I Samuel","tok-aa6283d692d9","יַשְׁקֵיף","ישקיפ","Unresolved","","No lexical entry yet","true","1","Targum Jonathan on I Samuel 2:10"
"targum-jonathan-on-i-samuel","Targum Jonathan on I Samuel","tok-cb0762e97e97","יִשְׁתַּבְקוּן","ישתבקונ","Unresolved","","No lexical entry yet","true","1","Targum Jonathan on I Samuel 3:14"
"targum-jonathan-on-i-samuel","Targum Jonathan on I Samuel","tok-c3a703eebf5d","יַתְבֵי","יתבי","Unresolved","","No lexical entry yet","true","7","Targum Jonathan on I Samuel 6:21; Targum Jonathan on I Samuel 23:2; Targum Jonathan on I Samuel 23:5; Targum Jonathan on I Samuel 23:11; Targum Jonathan on I Samuel 23:12"
"targum-jonathan-on-i-samuel","Targum Jonathan on I Samuel","tok-fca2043e97bc","יַתְבִין","יתבינ","Unresolved","","No lexical entry yet","true","1","Targum Jonathan on I Samuel 13:16"
"targum-jonathan-on-i-samuel","Targum Jonathan on I Samuel","tok-3eba9da8d1e9","יָתְבִין","יתבינ","Unresolved","","No lexical entry yet","true","1","Targum Jonathan on I Samuel 24:4"
"targum-jonathan-on-i-samuel","Targum Jonathan on I Samuel","tok-aa76fe3217e9","יְתֵבִנָךְ","יתבנכ","Unresolved","","No lexical entry yet","true","1","Targum Jonathan on I Samuel 20:10"
"targum-jonathan-on-i-samuel","Targum Jonathan on I Samuel","tok-5d3e2dfa8957","יִתְבַּר","יתבר","Unresolved","","No lexical entry yet","true","1","Targum Jonathan on I Samuel 17:32"
"targum-jonathan-on-i-samuel","Targum Jonathan on I Samuel","tok-ca3dfa0e9f14","יִתַבַּר","יתבר","Unresolved","","No lexical entry yet","true","1","Targum Jonathan on I Samuel 2:10"
"targum-jonathan-on-i-samuel","Targum Jonathan on I Samuel","tok-51f7e5469210","יִתַּבְּרִין","יתברינ","Unresolved","","No lexical entry yet","true","1","Targum Jonathan on I Samuel 2:4"
"targum-jonathan-on-i-samuel","Targum Jonathan on I Samuel","tok-7530ee49b53a","יַתְבַת","יתבת","Unresolved","","No lexical entry yet","true","1","Targum Jonathan on I Samuel 27:8"
"targum-jonathan-on-i-samuel","Targum Jonathan on I Samuel","tok-77f049b5f323","יִתְדְנוּן","יתדנונ","Unresolved","","No lexical entry yet","true","1","Targum Jonathan on I Samuel 2:9"
"targum-jonathan-on-i-samuel","Targum Jonathan on I Samuel","tok-291df61f2c2f","יָתָהּ","יתה","Unresolved","","No lexical entry yet","true","7","Targum Jonathan on I Samuel 9:23; Targum Jonathan on I Samuel 14:27; Targum Jonathan on I Samuel 15:9; Targum Jonathan on I Samuel 18:17; Targum Jonathan on I Samuel 20:9"
"targum-jonathan-on-i-samuel","Targum Jonathan on I Samuel","tok-f58fc88b4887","יַתְהוֹן","יתהונ","Unresolved","","No lexical entry yet","true","7","Targum Jonathan on I Samuel 5:6; Targum Jonathan on I Samuel 8:8; Targum Jonathan on I Samuel 9:12; Targum Jonathan on I Samuel 12:9; Targum Jonathan on I Samuel 15:18"
"targum-jonathan-on-i-samuel","Targum Jonathan on I Samuel","tok-ff272d91954a","יַתְהֶן","יתהנ","Unresolved","","No lexical entry yet","true","1","Targum Jonathan on I Samuel 10:2"
"targum-jonathan-on-i-samuel","Targum Jonathan on I Samuel","tok-6b008c7f8ea9","יָתִי","יתי","Unresolved","","No lexical entry yet","true","7","Targum Jonathan on I Samuel 5:11; Targum Jonathan on I Samuel 15:1; Targum Jonathan on I Samuel 17:8; Targum Jonathan on I Samuel 23:12; Targum Jonathan on I Samuel 28:15"
"targum-jonathan-on-i-samuel","Targum Jonathan on I Samuel","tok-f7b7e2f71663","יְתֵיב","יתיב","Unresolved","","No lexical entry yet","true","1","Targum Jonathan on I Samuel 27:5"
"targum-jonathan-on-i-samuel","Targum Jonathan on I Samuel","tok-588a12cf54c5","יָתִיב","יתיב","Unresolved","","No lexical entry yet","true","1","Targum Jonathan on I Samuel 19:9"
"targum-jonathan-on-i-samuel","Targum Jonathan on I Samuel","tok-5ce845e3791c","יָתֵיב","יתיב","Unresolved","","No lexical entry yet","true","7","Targum Jonathan on I Samuel 1:9; Targum Jonathan on I Samuel 4:13; Targum Jonathan on I Samuel 14:2; Targum Jonathan on I Samuel 22:6; Targum Jonathan on I Samuel 26:3"
"targum-jonathan-on-i-samuel","Targum Jonathan on I Samuel","tok-27db23e72873","יָתֵיה","יתיה","Unresolved","","No lexical entry yet","true","1","Targum Jonathan on I Samuel 23:23"
"targum-jonathan-on-i-samuel","Targum Jonathan on I Samuel","tok-a93073e77adf","יָתֵיהּ","יתיה","Unresolved","","No lexical entry yet","true","27","Targum Jonathan on I Samuel 1:23; Targum Jonathan on I Samuel 5:2; Targum Jonathan on I Samuel 5:3; Targum Jonathan on I Samuel 5:9; Targum Jonathan on I Samuel 6:3"
"targum-jonathan-on-i-samuel","Targum Jonathan on I Samuel","tok-cf1fcfa00dbb","יָתָךְ","יתכ","Unresolved","","No lexical entry yet","true","2","Targum Jonathan on I Samuel 8:7; Targum Jonathan on I Samuel 28:16"
"targum-jonathan-on-i-samuel","Targum Jonathan on I Samuel","tok-802417c2447e","יַתְכוֹן","יתכונ","Unresolved","","No lexical entry yet","true","8","Targum Jonathan on I Samuel 7:3; Targum Jonathan on I Samuel 10:18; Targum Jonathan on I Samuel 12:11; Targum Jonathan on I Samuel 12:22; Targum Jonathan on I Samuel 12:23"
"targum-jonathan-on-i-samuel","Targum Jonathan on I Samuel","tok-68e1eb220df8","יִתְמְחֵי","יתמחי","Unresolved","","No lexical entry yet","true","1","Targum Jonathan on I Samuel 26:10"
"targum-jonathan-on-i-samuel","Targum Jonathan on I Samuel","tok-3357545fb3cb","יָתָנָא","יתנא","Unresolved","","No lexical entry yet","true","3","Targum Jonathan on I Samuel 11:3; Targum Jonathan on I Samuel 17:9; Targum Jonathan on I Samuel 30:23"
"targum-jonathan-on-i-samuel","Targum Jonathan on I Samuel","tok-ab5b17c2cf40","יִתְּנוּן","יתנונ","Unresolved","","No lexical entry yet","true","1","Targum Jonathan on I Samuel 27:5"
"targum-jonathan-on-i-samuel","Targum Jonathan on I Samuel","tok-050f4768dc2b","יִתְנְסֵיס","יתנסיס","Unresolved","","No lexical entry yet","true","1","Targum Jonathan on I Samuel 20:3"
"targum-jonathan-on-i-samuel","Targum Jonathan on I Samuel","tok-d1404f517d14","יִתַּסְקוּן","יתסקונ","Unresolved","","No lexical entry yet","true","1","Targum Jonathan on I Samuel 2:15"
"targum-jonathan-on-i-samuel","Targum Jonathan on I Samuel","tok-1f7ed1e09cb9","יִתְעַבְּדַן","יתעבדנ","Unresolved","","No lexical entry yet","true","1","Targum Jonathan on I Samuel 2:1"
"targum-jonathan-on-i-samuel","Targum Jonathan on I Samuel","tok-0fd820b08b0e","יִתְעַבְּדָן","יתעבדנ","Unresolved","","No lexical entry yet","true","1","Targum Jonathan on I Samuel 2:4"
"targum-jonathan-on-i-samuel","Targum Jonathan on I Samuel","tok-4f4e08d4a871","יִתְעֲבֵיד","יתעביד","Unresolved","","No lexical entry yet","true","4","Targum Jonathan on I Samuel 2:2; Targum Jonathan on I Samuel 11:7; Targum Jonathan on I Samuel 17:26; Targum Jonathan on I Samuel 17:27"
"targum-jonathan-on-i-samuel","Targum Jonathan on I Samuel","tok-dc93651df934","יִתְפָּרְקוּן","יתפרקונ","Unresolved","","No lexical entry yet","true","1","Targum Jonathan on I Samuel 2:1"
"targum-jonathan-on-i-samuel","Targum Jonathan on I Samuel","tok-1a7fba6f6a13","יִתְקְטֵיל","יתקטיל","Unresolved","","No lexical entry yet","true","3","Targum Jonathan on I Samuel 11:13; Targum Jonathan on I Samuel 14:45; Targum Jonathan on I Samuel 20:32"
"targum-jonathan-on-i-samuel","Targum Jonathan on I Samuel","tok-c64753e16633","יִתְקְטֵל","יתקטל","Unresolved","","No lexical entry yet","true","2","Targum Jonathan on I Samuel 14:39; Targum Jonathan on I Samuel 19:6"
"targum-jonathan-on-i-samuel","Targum Jonathan on I Samuel","tok-17d7942f2048","יִתְקַטְלוּן","יתקטלונ","Unresolved","","No lexical entry yet","true","1","Targum Jonathan on I Samuel 2:34"
"targum-jonathan-on-i-samuel","Targum Jonathan on I Samuel","tok-f6398382e72f","יִתְקַיֵם","יתקימ","Unresolved","","No lexical entry yet","true","1","Targum Jonathan on I Samuel 9:6"
"targum-jonathan-on-i-samuel","Targum Jonathan on I Samuel","tok-0fe180739f05","יִתְקֵיף","יתקיפ","Unresolved","","No lexical entry yet","true","1","Targum Jonathan on I Samuel 20:7"
"targum-jonathan-on-i-samuel","Targum Jonathan on I Samuel","tok-40614e908aca","יִתְרְעֵי","יתרעי","Unresolved","","No lexical entry yet","true","1","Targum Jonathan on I Samuel 29:4"
"targum-jonathan-on-i-samuel","Targum Jonathan on I Samuel","tok-e19a12df26ce","יִתְשַׁד","יתשד","Unresolved","","No lexical entry yet","true","1","Targum Jonathan on I Samuel 26:20"
"targum-jonathan-on-i-samuel","Targum Jonathan on I Samuel","tok-cf902019e28d","יִתְשָׁטוּן","יתשטונ","Unresolved","","No lexical entry yet","true","1","Targum Jonathan on I Samuel 2:30"
"targum-jonathan-on-i-samuel","Targum Jonathan on I Samuel","tok-161182e2aed2","כָּא","כא","Unresolved","","No lexical entry yet","true","2","Targum Jonathan on I Samuel 21:4; Targum Jonathan on I Samuel 21:9"
"targum-jonathan-on-i-samuel","Targum Jonathan on I Samuel","tok-6948bf786946","כְאַבְנָא","כאבנא","Unresolved","","No lexical entry yet","true","1","Targum Jonathan on I Samuel 25:37"
"targum-jonathan-on-i-samuel","Targum Jonathan on I Samuel","tok-a931018fbc45","כְּאַכְסָן","כאכסנ","Unresolved","","No lexical entry yet","true","1","Targum Jonathan on I Samuel 17:7"
"targum-jonathan-on-i-samuel","Targum Jonathan on I Samuel","tok-a9409a27acc1","כְאַרְבְּעָא","כארבעא","Unresolved","","No lexical entry yet","true","1","Targum Jonathan on I Samuel 4:2"
"targum-jonathan-on-i-samuel","Targum Jonathan on I Samuel","tok-34ac714d9b88","כְּאִתְּתָא","כאתתא","Unresolved","","No lexical entry yet","true","2","Targum Jonathan on I Samuel 1:13; Targum Jonathan on I Samuel 2:5"
"targum-jonathan-on-i-samuel","Targum Jonathan on I Samuel","tok-378a870b78e8","כְּבֵית","כבית","Unresolved","","No lexical entry yet","true","1","Targum Jonathan on I Samuel 14:14"
"targum-jonathan-on-i-samuel","Targum Jonathan on I Samuel","tok-9b236e1d7b5e","כִּבְנֵי","כבני","Unresolved","","No lexical entry yet","true","1","Targum Jonathan on I Samuel 15:29"
"targum-jonathan-on-i-samuel","Targum Jonathan on I Samuel","tok-b7e8ebd498b4","כְּבַשׁ","כבש","Unresolved","","No lexical entry yet","true","2","Targum Jonathan on I Samuel 4:13; Targum Jonathan on I Samuel 4:18"
"targum-jonathan-on-i-samuel","Targum Jonathan on I Samuel","tok-1a7605e45db7","כְּגַבְרָא","כגברא","Unresolved","","No lexical entry yet","true","1","Targum Jonathan on I Samuel 11:7"
"targum-jonathan-on-i-samuel","Targum Jonathan on I Samuel","tok-7b6413e4319b","כַד","כד","Unresolved","","No lexical entry yet","true","2","Targum Jonathan on I Samuel 21:15; Targum Jonathan on I Samuel 23:3"
"targum-jonathan-on-i-samuel","Targum Jonathan on I Samuel","tok-f931ca955e33","כַּד","כד","Unresolved","","No lexical entry yet","true","29","Targum Jonathan on I Samuel 1:24; Targum Jonathan on I Samuel 2:15; Targum Jonathan on I Samuel 2:27; Targum Jonathan on I Samuel 4:5; Targum Jonathan on I Samuel 4:18"
"targum-jonathan-on-i-samuel","Targum Jonathan on I Samuel","tok-785e4e21f2de","כְּדֵין","כדינ","Unresolved","","No lexical entry yet","true","16","Targum Jonathan on I Samuel 2:14; Targum Jonathan on I Samuel 3:17; Targum Jonathan on I Samuel 11:7; Targum Jonathan on I Samuel 11:9; Targum Jonathan on I Samuel 14:9"
"targum-jonathan-on-i-samuel","Targum Jonathan on I Samuel","tok-2e7aa19cf5c0","כִּדְנַן","כדננ","Unresolved","","No lexical entry yet","true","4","Targum Jonathan on I Samuel 2:27; Targum Jonathan on I Samuel 9:9; Targum Jonathan on I Samuel 10:18; Targum Jonathan on I Samuel 15:2"
"targum-jonathan-on-i-samuel","Targum Jonathan on I Samuel","tok-a5d011b02c16","כִּדְתַקִין","כדתקינ","Unresolved","","No lexical entry yet","true","1","Targum Jonathan on I Samuel 1:23"
"targum-jonathan-on-i-samuel","Targum Jonathan on I Samuel","tok-d772b736e823","כָהֵין","כהינ","Unresolved","","No lexical entry yet","true","1","Targum Jonathan on I Samuel 2:28"
"targum-jonathan-on-i-samuel","Targum Jonathan on I Samuel","tok-f2d45572c32b","כָּהֵין","כהינ","Unresolved","","No lexical entry yet","true","2","Targum Jonathan on I Samuel 2:35; Targum Jonathan on I Samuel 14:3"
"targum-jonathan-on-i-samuel","Targum Jonathan on I Samuel","tok-bb186df9d020","כַהֲנָא","כהנא","Unresolved","","No lexical entry yet","true","2","Targum Jonathan on I Samuel 1:9; Targum Jonathan on I Samuel 2:11"
"targum-jonathan-on-i-samuel","Targum Jonathan on I Samuel","tok-2a3202b41219","כַּהֲנָא","כהנא","Unresolved","","No lexical entry yet","true","12","Targum Jonathan on I Samuel 2:14; Targum Jonathan on I Samuel 14:19; Targum Jonathan on I Samuel 14:36; Targum Jonathan on I Samuel 21:2; Targum Jonathan on I Samuel 21:3"
"targum-jonathan-on-i-samuel","Targum Jonathan on I Samuel","tok-f91685fadf36","כַּהֲנַיָא","כהניא","Unresolved","","No lexical entry yet","true","5","Targum Jonathan on I Samuel 2:36; Targum Jonathan on I Samuel 22:11; Targum Jonathan on I Samuel 22:17; Targum Jonathan on I Samuel 22:19; Targum Jonathan on I Samuel 22:21"
"targum-jonathan-on-i-samuel","Targum Jonathan on I Samuel","tok-2dcccd11670e","כוֹלָא","כולא","Unresolved","","No lexical entry yet","true","1","Targum Jonathan on I Samuel 2:3"
"targum-jonathan-on-i-samuel","Targum Jonathan on I Samuel","tok-b28f9e0956a5","כּוּלָא","כולא","Unresolved","","No lexical entry yet","true","1","Targum Jonathan on I Samuel 30:19"
"targum-jonathan-on-i-samuel","Targum Jonathan on I Samuel","tok-b6fd1ad61e75","כוּלְהוֹן","כולהונ","Unresolved","","No lexical entry yet","true","1","Targum Jonathan on I Samuel 26:12"
"targum-jonathan-on-i-samuel","Targum Jonathan on I Samuel","tok-9da4c4cf4df5","כּוּמְרֵי","כומרי","Unresolved","","No lexical entry yet","true","1","Targum Jonathan on I Samuel 5:5"
"targum-jonathan-on-i-samuel","Targum Jonathan on I Samuel","tok-b351da2963ef","כּוֹרְחָךְ","כורחכ","Unresolved","","No lexical entry yet","true","1","Targum Jonathan on I Samuel 2:16"
"targum-jonathan-on-i-samuel","Targum Jonathan on I Samuel","tok-43d1da319c98","כּוּרְסָא","כורסא","Unresolved","","No lexical entry yet","true","1","Targum Jonathan on I Samuel 4:18"
"targum-jonathan-on-i-samuel","Targum Jonathan on I Samuel","tok-49ea1076b7cd","כּוּרְסַיָא","כורסיא","Unresolved","","No lexical entry yet","true","1","Targum Jonathan on I Samuel 4:13"
"targum-jonathan-on-i-samuel","Targum Jonathan on I Samuel","tok-9ebcb1a8523c","כּוּרְסֵיהּ","כורסיה","Unresolved","","No lexical entry yet","true","1","Targum Jonathan on I Samuel 1:9"
"targum-jonathan-on-i-samuel","Targum Jonathan on I Samuel","tok-8650408bed83","כְּוָתָךְ","כותכ","Unresolved","","No lexical entry yet","true","1","Targum Jonathan on I Samuel 26:15"
"targum-jonathan-on-i-samuel","Targum Jonathan on I Samuel","tok-8b9683133f30","כּוֹתְלָא","כותלא","Unresolved","","No lexical entry yet","true","1","Targum Jonathan on I Samuel 20:25"
"targum-jonathan-on-i-samuel","Targum Jonathan on I Samuel","tok-cdc09f5c29fb","כִזְמַן","כזמנ","Unresolved","","No lexical entry yet","true","1","Targum Jonathan on I Samuel 3:10"
"targum-jonathan-on-i-samuel","Targum Jonathan on I Samuel","tok-ee35bad63fb2","כִּזְמַן","כזמנ","Unresolved","","No lexical entry yet","true","1","Targum Jonathan on I Samuel 20:25"
"targum-jonathan-on-i-samuel","Targum Jonathan on I Samuel","tok-54086344981c","כְּחַד","כחד","Unresolved","","No lexical entry yet","true","1","Targum Jonathan on I Samuel 17:36"
"targum-jonathan-on-i-samuel","Targum Jonathan on I Samuel","tok-2fd9078d06a6","כַּחֲדָא","כחדא","Unresolved","","No lexical entry yet","true","4","Targum Jonathan on I Samuel 11:11; Targum Jonathan on I Samuel 17:10; Targum Jonathan on I Samuel 30:24; Targum Jonathan on I Samuel 31:6"
"targum-jonathan-on-i-samuel","Targum Jonathan on I Samuel","tok-483fb55938b8","כְּחוֹב","כחוב","Unresolved","","No lexical entry yet","true","1","Targum Jonathan on I Samuel 15:23"
"targum-jonathan-on-i-samuel","Targum Jonathan on I Samuel","tok-8510dd2ec89b","כְּחוּלַק","כחולק","Unresolved","","No lexical entry yet","true","1","Targum Jonathan on I Samuel 30:24"
"targum-jonathan-on-i-samuel","Targum Jonathan on I Samuel","tok-0ecb8fb89ae3","כְּחָלָא","כחלא","Unresolved","","No lexical entry yet","true","1","Targum Jonathan on I Samuel 13:5"
"targum-jonathan-on-i-samuel","Targum Jonathan on I Samuel","tok-6633bdd98055","כְּיוֹמָא","כיומא","Unresolved","","No lexical entry yet","true","4","Targum Jonathan on I Samuel 9:13; Targum Jonathan on I Samuel 9:27; Targum Jonathan on I Samuel 22:8; Targum Jonathan on I Samuel 22:13"
"targum-jonathan-on-i-samuel","Targum Jonathan on I Samuel","tok-21805d7af033","כֵּיף","כיפ","Unresolved","","No lexical entry yet","true","2","Targum Jonathan on I Samuel 13:5; Targum Jonathan on I Samuel 23:28"
"targum-jonathan-on-i-samuel","Targum Jonathan on I Samuel","tok-4ae34bc33a7d","כֵיפַיָא","כיפיא","Unresolved","","No lexical entry yet","true","2","Targum Jonathan on I Samuel 13:6; Targum Jonathan on I Samuel 24:3"
"targum-jonathan-on-i-samuel","Targum Jonathan on I Samuel","tok-ccfb16bf40cf","כְּכוֹל","ככול","Unresolved","","No lexical entry yet","true","1","Targum Jonathan on I Samuel 11:10"
"targum-jonathan-on-i-samuel","Targum Jonathan on I Samuel","tok-5fae27323259","כָּלֵב","כלב","Unresolved","","No lexical entry yet","true","2","Targum Jonathan on I Samuel 25:3; Targum Jonathan on I Samuel 30:14"
"targum-jonathan-on-i-samuel","Targum Jonathan on I Samuel","tok-42c192c48b9e","כֻּלְהוֹן","כלהונ","Unresolved","","No lexical entry yet","true","1","Targum Jonathan on I Samuel 22:11"
"targum-jonathan-on-i-samuel","Targum Jonathan on I Samuel","tok-6eca7c294b2e","כֻּלְכוֹן","כלכונ","Unresolved","","No lexical entry yet","true","1","Targum Jonathan on I Samuel 22:8"
"targum-jonathan-on-i-samuel","Targum Jonathan on I Samuel","tok-7c4a179109a1","כְּמָא","כמא","Unresolved","","No lexical entry yet","true","15","Targum Jonathan on I Samuel 2:16; Targum Jonathan on I Samuel 4:9; Targum Jonathan on I Samuel 6:6; Targum Jonathan on I Samuel 12:15; Targum Jonathan on I Samuel 15:33"
"targum-jonathan-on-i-samuel","Targum Jonathan on I Samuel","tok-5afbfd522d37","כְּמֵאִיתְמַלֵי","כמאיתמלי","Unresolved","","No lexical entry yet","true","1","Targum Jonathan on I Samuel 19:7"
"targum-jonathan-on-i-samuel","Targum Jonathan on I Samuel","tok-d1c661a6ecfd","כְּמֵאִתְמָלֵי","כמאתמלי","Unresolved","","No lexical entry yet","true","2","Targum Jonathan on I Samuel 14:21; Targum Jonathan on I Samuel 21:6"
"targum-jonathan-on-i-samuel","Targum Jonathan on I Samuel","tok-0fb577323dcd","כִּמְבַשֵׁל","כמבשל","Unresolved","","No lexical entry yet","true","1","Targum Jonathan on I Samuel 2:13"
"targum-jonathan-on-i-samuel","Targum Jonathan on I Samuel","tok-5cd10460c22d","כְּמַיָא","כמיא","Unresolved","","No lexical entry yet","true","1","Targum Jonathan on I Samuel 7:6"
"targum-jonathan-on-i-samuel","Targum Jonathan on I Samuel","tok-b4149913f4de","כְמֵיעֲלָךְ","כמיעלכ","Unresolved","","No lexical entry yet","true","1","Targum Jonathan on I Samuel 10:5"
"targum-jonathan-on-i-samuel","Targum Jonathan on I Samuel","tok-3b55b171bb1d","כְּמֵיעַלְכוֹן","כמיעלכונ","Unresolved","","No lexical entry yet","true","1","Targum Jonathan on I Samuel 9:13"
"targum-jonathan-on-i-samuel","Targum Jonathan on I Samuel","tok-dff02cd48173","כְּמֵיתֵי","כמיתי","Unresolved","","No lexical entry yet","true","1","Targum Jonathan on I Samuel 5:10"
"targum-jonathan-on-i-samuel","Targum Jonathan on I Samuel","tok-f2a9ca86c3ec","כְּמַלְאָכָא","כמלאכא","Unresolved","","No lexical entry yet","true","1","Targum Jonathan on I Samuel 29:9"
"targum-jonathan-on-i-samuel","Targum Jonathan on I Samuel","tok-9d0f9e80bfbd","כָּמְנִין","כמנינ","Unresolved","","No lexical entry yet","true","1","Targum Jonathan on I Samuel 23:26"
"targum-jonathan-on-i-samuel","Targum Jonathan on I Samuel","tok-862be83f28cb","כְמֵסַק","כמסק","Unresolved","","No lexical entry yet","true","1","Targum Jonathan on I Samuel 9:26"
"targum-jonathan-on-i-samuel","Targum Jonathan on I Samuel","tok-ee87c5846f95","כְּמִשְׁתֵּי","כמשתי","Unresolved","","No lexical entry yet","true","1","Targum Jonathan on I Samuel 25:36"
"targum-jonathan-on-i-samuel","Targum Jonathan on I Samuel","tok-019b71d9997c","כְּנָבָל","כנבל","Unresolved","","No lexical entry yet","true","1","Targum Jonathan on I Samuel 25:26"
"targum-jonathan-on-i-samuel","Targum Jonathan on I Samuel","tok-6a01f1fadfc7","כִּנוֹרָא","כנורא","Unresolved","","No lexical entry yet","true","1","Targum Jonathan on I Samuel 16:23"
"targum-jonathan-on-i-samuel","Targum Jonathan on I Samuel","tok-7c7338b9fcd1","כְּנִישׁ","כניש","Unresolved","","No lexical entry yet","true","1","Targum Jonathan on I Samuel 21:8"
"targum-jonathan-on-i-samuel","Targum Jonathan on I Samuel","tok-edcdac8a24f0","כְּנִישׁוּ","כנישו","Unresolved","","No lexical entry yet","true","1","Targum Jonathan on I Samuel 7:5"
"targum-jonathan-on-i-samuel","Targum Jonathan on I Samuel","tok-87ade06e9d73","כְּנַף","כנפ","Unresolved","","No lexical entry yet","true","3","Targum Jonathan on I Samuel 24:5; Targum Jonathan on I Samuel 24:12"
"targum-jonathan-on-i-samuel","Targum Jonathan on I Samuel","tok-b8a4f42c4459","כַּנְפָא","כנפא","Unresolved","","No lexical entry yet","true","1","Targum Jonathan on I Samuel 24:6"
"targum-jonathan-on-i-samuel","Targum Jonathan on I Samuel","tok-1cf51684c8e6","כְּנַפְשֵׁיהּ","כנפשיה","Unresolved","","No lexical entry yet","true","2","Targum Jonathan on I Samuel 18:1; Targum Jonathan on I Samuel 18:3"
"targum-jonathan-on-i-samuel","Targum Jonathan on I Samuel","tok-65fd33df8b72","כְּנִשְׁתָּא","כנשתא","Unresolved","","No lexical entry yet","true","1","Targum Jonathan on I Samuel 2:1"
"targum-jonathan-on-i-samuel","Targum Jonathan on I Samuel","tok-bb541ce28f00","כַּסְדָאֵי","כסדאי","Unresolved","","No lexical entry yet","true","1","Targum Jonathan on I Samuel 2:3"
"targum-jonathan-on-i-samuel","Targum Jonathan on I Samuel","tok-027abd48f7b1","כַסֵי","כסי","Unresolved","","No lexical entry yet","true","3","Targum Jonathan on I Samuel 3:1; Targum Jonathan on I Samuel 3:18; Targum Jonathan on I Samuel 20:2"
"targum-jonathan-on-i-samuel","Targum Jonathan on I Samuel","tok-0bc791d01755","כַּסִי","כסי","Unresolved","","No lexical entry yet","true","1","Targum Jonathan on I Samuel 21:3"
"targum-jonathan-on-i-samuel","Targum Jonathan on I Samuel","tok-943e78077f85","כְּעִידַן","כעידנ","Unresolved","","No lexical entry yet","true","1","Targum Jonathan on I Samuel 9:16"
"targum-jonathan-on-i-samuel","Targum Jonathan on I Samuel","tok-e5fcf7472e42","כְּעַל","כעל","Unresolved","","No lexical entry yet","true","2","Targum Jonathan on I Samuel 19:5; Targum Jonathan on I Samuel 28:21"
"targum-jonathan-on-i-samuel","Targum Jonathan on I Samuel","tok-9bfcb2fe4dce","כְעַן","כענ","Unresolved","","No lexical entry yet","true","19","Targum Jonathan on I Samuel 2:16; Targum Jonathan on I Samuel 2:36; Targum Jonathan on I Samuel 3:17; Targum Jonathan on I Samuel 9:6; Targum Jonathan on I Samuel 9:12"
"targum-jonathan-on-i-samuel","Targum Jonathan on I Samuel","tok-c6fa1dc30f89","כְּעַן","כענ","Unresolved","","No lexical entry yet","true","28","Targum Jonathan on I Samuel 1:16; Targum Jonathan on I Samuel 8:5; Targum Jonathan on I Samuel 9:3; Targum Jonathan on I Samuel 9:6; Targum Jonathan on I Samuel 12:16"
"targum-jonathan-on-i-samuel","Targum Jonathan on I Samuel","tok-6ca86e62f143","כְּעָן","כענ","Unresolved","","No lexical entry yet","true","1","Targum Jonathan on I Samuel 19:2"
"targum-jonathan-on-i-samuel","Targum Jonathan on I Samuel","tok-7536aafa2487","כְּעַסְרִין","כעסרינ","Unresolved","","No lexical entry yet","true","1","Targum Jonathan on I Samuel 14:14"
"targum-jonathan-on-i-samuel","Targum Jonathan on I Samuel","tok-0192bcbfb540","כְּעַפְרָא","כעפרא","Unresolved","","No lexical entry yet","true","1","Targum Jonathan on I Samuel 17:8"
"targum-jonathan-on-i-samuel","Targum Jonathan on I Samuel","tok-af476e0e1b1f","כְפִסְעָא","כפסעא","Unresolved","","No lexical entry yet","true","1","Targum Jonathan on I Samuel 20:3"
"targum-jonathan-on-i-samuel","Targum Jonathan on I Samuel","tok-06bc1bd4a36b","כְּפִתְגָמָא","כפתגמא","Unresolved","","No lexical entry yet","true","4","Targum Jonathan on I Samuel 9:21; Targum Jonathan on I Samuel 17:27; Targum Jonathan on I Samuel 17:30"
"targum-jonathan-on-i-samuel","Targum Jonathan on I Samuel","tok-2c25a2aa4df9","כְּפִתְגָמַיָא","כפתגמיא","Unresolved","","No lexical entry yet","true","3","Targum Jonathan on I Samuel 2:23; Targum Jonathan on I Samuel 17:23; Targum Jonathan on I Samuel 18:24"
"targum-jonathan-on-i-samuel","Targum Jonathan on I Samuel","tok-b495794ab157","כְּקַבָּלָא","כקבלא","Unresolved","","No lexical entry yet","true","1","Targum Jonathan on I Samuel 15:22"
"targum-jonathan-on-i-samuel","Targum Jonathan on I Samuel","tok-5249296bb34f","כַּרְדוּט","כרדוט","Unresolved","","No lexical entry yet","true","1","Targum Jonathan on I Samuel 2:18"
"targum-jonathan-on-i-samuel","Targum Jonathan on I Samuel","tok-a52729ea60b7","כְּרוּבַיָא","כרוביא","Unresolved","","No lexical entry yet","true","1","Targum Jonathan on I Samuel 4:4"
"targum-jonathan-on-i-samuel","Targum Jonathan on I Samuel","tok-3c353135a22a","כְּרִיכָן","כריכנ","Unresolved","","No lexical entry yet","true","1","Targum Jonathan on I Samuel 6:18"
"targum-jonathan-on-i-samuel","Targum Jonathan on I Samuel","tok-db1c7eab22e5","כְּרֵית","כרית","Unresolved","","No lexical entry yet","true","1","Targum Jonathan on I Samuel 30:14"
"targum-jonathan-on-i-samuel","Targum Jonathan on I Samuel","tok-3d152d961069","כַּרְמֵיכוֹן","כרמיכונ","Unresolved","","No lexical entry yet","true","1","Targum Jonathan on I Samuel 8:14"
"targum-jonathan-on-i-samuel","Targum Jonathan on I Samuel","tok-611cc06d850d","כִּרְעוּתָךְ","כרעותכ","Unresolved","","No lexical entry yet","true","1","Targum Jonathan on I Samuel 14:7"
"targum-jonathan-on-i-samuel","Targum Jonathan on I Samuel","tok-c421ab0318c5","כְּשֵׁיצָיוּתֵיהּ","כשיציותיה","Unresolved","","No lexical entry yet","true","1","Targum Jonathan on I Samuel 13:10"
"targum-jonathan-on-i-samuel","Targum Jonathan on I Samuel","tok-996df8d26e66","כְּשִׁית","כשית","Unresolved","","No lexical entry yet","true","3","Targum Jonathan on I Samuel 13:15; Targum Jonathan on I Samuel 14:2; Targum Jonathan on I Samuel 23:13"
"targum-jonathan-on-i-samuel","Targum Jonathan on I Samuel","tok-ab58b4d59480","כִשְׁמֵיהּ","כשמיה","Unresolved","","No lexical entry yet","true","1","Targum Jonathan on I Samuel 25:25"
"targum-jonathan-on-i-samuel","Targum Jonathan on I Samuel","tok-e421a1a4b6f0","כָשַׁר","כשר","Unresolved","","No lexical entry yet","true","2","Targum Jonathan on I Samuel 11:12; Targum Jonathan on I Samuel 29:6"
"targum-jonathan-on-i-samuel","Targum Jonathan on I Samuel","tok-a4c668ead624","כָּשַׁר","כשר","Unresolved","","No lexical entry yet","true","1","Targum Jonathan on I Samuel 16:1"
"targum-jonathan-on-i-samuel","Targum Jonathan on I Samuel","tok-154c6b065828","כַּשְׁרִין","כשרינ","Unresolved","","No lexical entry yet","true","1","Targum Jonathan on I Samuel 2:20"
"targum-jonathan-on-i-samuel","Targum Jonathan on I Samuel","tok-113b0c9d1952","כְּשָׁתֵיק","כשתיק","Unresolved","","No lexical entry yet","true","1","Targum Jonathan on I Samuel 10:27"
"targum-jonathan-on-i-samuel","Targum Jonathan on I Samuel","tok-c7b47613dbac","כִּתְלָתִין","כתלתינ","Unresolved","","No lexical entry yet","true","1","Targum Jonathan on I Samuel 9:22"
"targum-jonathan-on-i-samuel","Targum Jonathan on I Samuel","tok-a6a4e546d816","כְּתֵפוֹהִי","כתפוהי","Unresolved","","No lexical entry yet","true","1","Targum Jonathan on I Samuel 17:6"
"targum-jonathan-on-i-samuel","Targum Jonathan on I Samuel","tok-209096ffdd67","כִתְפֵיהּ","כתפיה","Unresolved","","No lexical entry yet","true","1","Targum Jonathan on I Samuel 10:9"
"targum-jonathan-on-i-samuel","Targum Jonathan on I Samuel","tok-070d1027c98f","לְאַבְאָשָׁא","לאבאשא","Unresolved","","No lexical entry yet","true","1","Targum Jonathan on I Samuel 2:10"
"targum-jonathan-on-i-samuel","Targum Jonathan on I Samuel","tok-1dbbe78d507a","לַאֲבוּהִי","לאבוהי","Unresolved","","No lexical entry yet","true","1","Targum Jonathan on I Samuel 17:34"
"targum-jonathan-on-i-samuel","Targum Jonathan on I Samuel","tok-aa58348d7116","לַאֲבִיגַיִל","לאביגיל","Unresolved","","No lexical entry yet","true","1","Targum Jonathan on I Samuel 25:32"
"targum-jonathan-on-i-samuel","Targum Jonathan on I Samuel","tok-e7cd010f25a8","לַאֲבִינָדָב","לאבינדב","Unresolved","","No lexical entry yet","true","1","Targum Jonathan on I Samuel 16:8"
"targum-jonathan-on-i-samuel","Targum Jonathan on I Samuel","tok-33fa97016df4","לַאֲבִישַׁי","לאבישי","Unresolved","","No lexical entry yet","true","1","Targum Jonathan on I Samuel 26:9"
"targum-jonathan-on-i-samuel","Targum Jonathan on I Samuel","tok-22d6c1cb68b8","לְאֶבְיָתָר","לאביתר","Unresolved","","No lexical entry yet","true","3","Targum Jonathan on I Samuel 22:22; Targum Jonathan on I Samuel 23:9; Targum Jonathan on I Samuel 30:7"
"targum-jonathan-on-i-samuel","Targum Jonathan on I Samuel","tok-8f35aa434a48","לְאַגָחָא","לאגחא","Unresolved","","No lexical entry yet","true","6","Targum Jonathan on I Samuel 4:1; Targum Jonathan on I Samuel 7:10; Targum Jonathan on I Samuel 13:5; Targum Jonathan on I Samuel 17:1; Targum Jonathan on I Samuel 17:33"
"targum-jonathan-on-i-samuel","Targum Jonathan on I Samuel","tok-9d1b2dbc1a19","לַאֲגָחָא","לאגחא","Unresolved","","No lexical entry yet","true","2","Targum Jonathan on I Samuel 17:9; Targum Jonathan on I Samuel 23:8"
"targum-jonathan-on-i-samuel","Targum Jonathan on I Samuel","tok-0a484aadb866","לְאִגְרָא","לאגרא","Unresolved","","No lexical entry yet","true","1","Targum Jonathan on I Samuel 9:26"
"targum-jonathan-on-i-samuel","Targum Jonathan on I Samuel","tok-651101626d20","לְאוֹכָלוּתְהוֹן","לאוכלותהונ","Unresolved","","No lexical entry yet","true","1","Targum Jonathan on I Samuel 2:29"
"targum-jonathan-on-i-samuel","Targum Jonathan on I Samuel","tok-f64225b39935","לְאוֹמָאָה","לאומאה","Unresolved","","No lexical entry yet","true","1","Targum Jonathan on I Samuel 20:17"
"targum-jonathan-on-i-samuel","Targum Jonathan on I Samuel","tok-c661d47a3593","לְאוֹרְחָהּ","לאורחה","Unresolved","","No lexical entry yet","true","1","Targum Jonathan on I Samuel 1:18"
"targum-jonathan-on-i-samuel","Targum Jonathan on I Samuel","tok-3daf0e6c039f","לְאוֹרְחֵיהוֹן","לאורחיהונ","Unresolved","","No lexical entry yet","true","1","Targum Jonathan on I Samuel 30:2"
"targum-jonathan-on-i-samuel","Targum Jonathan on I Samuel","tok-3495e3127aa8","לְאוֹרְחַתְהוֹן","לאורחתהונ","Unresolved","","No lexical entry yet","true","1","Targum Jonathan on I Samuel 25:12"
"targum-jonathan-on-i-samuel","Targum Jonathan on I Samuel","tok-2b10fa6864e6","לְאוֹשָׁטָא","לאושטא","Unresolved","","No lexical entry yet","true","3","Targum Jonathan on I Samuel 22:17; Targum Jonathan on I Samuel 24:7; Targum Jonathan on I Samuel 26:23"
"targum-jonathan-on-i-samuel","Targum Jonathan on I Samuel","tok-0448caa02043","לְאוֹתָבוּתְהוֹן","לאותבותהונ","Unresolved","","No lexical entry yet","true","1","Targum Jonathan on I Samuel 2:8"
"targum-jonathan-on-i-samuel","Targum Jonathan on I Samuel","tok-a4f40026d76a","לְאִזְגַדַיָא","לאזגדיא","Unresolved","","No lexical entry yet","true","1","Targum Jonathan on I Samuel 11:9"
"targum-jonathan-on-i-samuel","Targum Jonathan on I Samuel","tok-6f8b250cbd17","לְאַח","לאח","Unresolved","","No lexical entry yet","true","1","Targum Jonathan on I Samuel 10:16"
"targum-jonathan-on-i-samuel","Targum Jonathan on I Samuel","tok-d82b603f8cdf","לְאַחָאָה","לאחאה","Unresolved","","No lexical entry yet","true","1","Targum Jonathan on I Samuel 2:6"
"targum-jonathan-on-i-samuel","Targum Jonathan on I Samuel","tok-0ed4702b6a2e","לַאֲחוֹהִי","לאחוהי","Unresolved","","No lexical entry yet","true","1","Targum Jonathan on I Samuel 17:22"
"targum-jonathan-on-i-samuel","Targum Jonathan on I Samuel","tok-9a28bcc96736","לַאֲחוֹרוֹהִי","לאחורוהי","Unresolved","","No lexical entry yet","true","2","Targum Jonathan on I Samuel 4:18; Targum Jonathan on I Samuel 24:9"
"targum-jonathan-on-i-samuel","Targum Jonathan on I Samuel","tok-e70beddbe1d4","לַאֲחִיָהּ","לאחיה","Unresolved","","No lexical entry yet","true","1","Targum Jonathan on I Samuel 14:18"
"targum-jonathan-on-i-samuel","Targum Jonathan on I Samuel","tok-6a62eb063262","לַאֲחָיךְ","לאחיכ","Unresolved","","No lexical entry yet","true","1","Targum Jonathan on I Samuel 17:17"
"targum-jonathan-on-i-samuel","Targum Jonathan on I Samuel","tok-7612395c7805","לַאֲחָיִךְ","לאחיכ","Unresolved","","No lexical entry yet","true","1","Targum Jonathan on I Samuel 17:17"
"targum-jonathan-on-i-samuel","Targum Jonathan on I Samuel","tok-7eea6bb50b25","לַאֲחִימֶלֶךְ","לאחימלכ","Unresolved","","No lexical entry yet","true","4","Targum Jonathan on I Samuel 21:3; Targum Jonathan on I Samuel 21:9; Targum Jonathan on I Samuel 22:20; Targum Jonathan on I Samuel 26:6"
"targum-jonathan-on-i-samuel","Targum Jonathan on I Samuel","tok-5567607b091d","לְאַיְתָאָה","לאיתאה","Unresolved","","No lexical entry yet","true","2","Targum Jonathan on I Samuel 25:30; Targum Jonathan on I Samuel 27:11"
"targum-jonathan-on-i-samuel","Targum Jonathan on I Samuel","tok-f58efc5a6ca2","לְאָכִישׁ","לאכיש","Unresolved","","No lexical entry yet","true","3","Targum Jonathan on I Samuel 27:5; Targum Jonathan on I Samuel 28:2; Targum Jonathan on I Samuel 29:8"
"targum-jonathan-on-i-samuel","Targum Jonathan on I Samuel","tok-afdc739ac0fd","לְאַמְהוּ","לאמהו","Unresolved","","No lexical entry yet","true","1","Targum Jonathan on I Samuel 25:41"
"targum-jonathan-on-i-samuel","Targum Jonathan on I Samuel","tok-91d1c895483b","לְאַמְתָךְ","לאמתכ","Unresolved","","No lexical entry yet","true","1","Targum Jonathan on I Samuel 1:11"
"targum-jonathan-on-i-samuel","Targum Jonathan on I Samuel","tok-0ddfebb7cc20","לֶאֱנָשׁ","לאנש","Unresolved","","No lexical entry yet","true","1","Targum Jonathan on I Samuel 11:9"
"targum-jonathan-on-i-samuel","Targum Jonathan on I Samuel","tok-616d599355aa","לְאַסְחָאָה","לאסחאה","Unresolved","","No lexical entry yet","true","1","Targum Jonathan on I Samuel 25:41"
"targum-jonathan-on-i-samuel","Targum Jonathan on I Samuel","tok-2d0b6b535c1d","לְאַסְחֲרוּתָא","לאסחרותא","Unresolved","","No lexical entry yet","true","1","Targum Jonathan on I Samuel 9:22"
"targum-jonathan-on-i-samuel","Targum Jonathan on I Samuel","tok-3fa9624a4131","לְאִסְטַרְטְגֵי","לאסטרטגי","Unresolved","","No lexical entry yet","true","1","Targum Jonathan on I Samuel 14:11"
"targum-jonathan-on-i-samuel","Targum Jonathan on I Samuel","tok-969bce7cde73","לְאִסְטַרְטִיג","לאסטרטיג","Unresolved","","No lexical entry yet","true","2","Targum Jonathan on I Samuel 14:1; Targum Jonathan on I Samuel 14:6"
"targum-jonathan-on-i-samuel","Targum Jonathan on I Samuel","tok-335038068618","לְאַסָקָא","לאסקא","Unresolved","","No lexical entry yet","true","7","Targum Jonathan on I Samuel 2:6; Targum Jonathan on I Samuel 2:28; Targum Jonathan on I Samuel 10:8; Targum Jonathan on I Samuel 13:10; Targum Jonathan on I Samuel 28:7"
"targum-jonathan-on-i-samuel","Targum Jonathan on I Samuel","tok-cb30d2468842","לְאִסְתַּקָפָא","לאסתקפא","Unresolved","","No lexical entry yet","true","1","Targum Jonathan on I Samuel 22:22"
"targum-jonathan-on-i-samuel","Targum Jonathan on I Samuel","tok-04143b9a3ceb","לְאַעְבָּרוּתֵיהּ","לאעברותיה","Unresolved","","No lexical entry yet","true","1","Targum Jonathan on I Samuel 20:36"
"targum-jonathan-on-i-samuel","Targum Jonathan on I Samuel","tok-73952d981953","לְאַעָלָא","לאעלא","Unresolved","","No lexical entry yet","true","1","Targum Jonathan on I Samuel 9:7"
"targum-jonathan-on-i-samuel","Targum Jonathan on I Samuel","tok-7ca8429e120d","לַאֲפֵק","לאפק","Unresolved","","No lexical entry yet","true","1","Targum Jonathan on I Samuel 29:1"
"targum-jonathan-on-i-samuel","Targum Jonathan on I Samuel","tok-92529fd89de6","לַאֲצָתָא","לאצתא","Unresolved","","No lexical entry yet","true","1","Targum Jonathan on I Samuel 15:22"
"targum-jonathan-on-i-samuel","Targum Jonathan on I Samuel","tok-235035cda020","לְאַקְטָרָא","לאקטרא","Unresolved","","No lexical entry yet","true","1","Targum Jonathan on I Samuel 2:28"
"targum-jonathan-on-i-samuel","Targum Jonathan on I Samuel","tok-ed695d52ee68","לְאַקְנָיוּתָהּ","לאקניותה","Unresolved","","No lexical entry yet","true","1","Targum Jonathan on I Samuel 1:6"
"targum-jonathan-on-i-samuel","Targum Jonathan on I Samuel","tok-17497d51ab94","לַאֲרוֹנָא","לארונא","Unresolved","","No lexical entry yet","true","1","Targum Jonathan on I Samuel 6:2"
"targum-jonathan-on-i-samuel","Targum Jonathan on I Samuel","tok-3925b39f045f","לְאַרַע","לארע","Unresolved","","No lexical entry yet","true","2","Targum Jonathan on I Samuel 13:7; Targum Jonathan on I Samuel 27:1"
"targum-jonathan-on-i-samuel","Targum Jonathan on I Samuel","tok-77a619345b16","לַאֲרַע","לארע","Unresolved","","No lexical entry yet","true","2","Targum Jonathan on I Samuel 22:5; Targum Jonathan on I Samuel 29:11"
"targum-jonathan-on-i-samuel","Targum Jonathan on I Samuel","tok-51bdb0dd9484","לְאַרְעָא","לארעא","Unresolved","","No lexical entry yet","true","5","Targum Jonathan on I Samuel 13:17; Targum Jonathan on I Samuel 13:20; Targum Jonathan on I Samuel 14:45; Targum Jonathan on I Samuel 26:20; Targum Jonathan on I Samuel 28:20"
"targum-jonathan-on-i-samuel","Targum Jonathan on I Samuel","tok-1adbac5807e9","לְאַשְׁדוֹד","לאשדוד","Unresolved","","No lexical entry yet","true","1","Targum Jonathan on I Samuel 5:1"
"targum-jonathan-on-i-samuel","Targum Jonathan on I Samuel","tok-bb639d4b52ab","לְאִשְׁתַּטָאָה","לאשתטאה","Unresolved","","No lexical entry yet","true","1","Targum Jonathan on I Samuel 21:16"
"targum-jonathan-on-i-samuel","Targum Jonathan on I Samuel","tok-f440d69aefc1","לְאִשְׁתַּפָּלָא","לאשתפלא","Unresolved","","No lexical entry yet","true","1","Targum Jonathan on I Samuel 2:36"
"targum-jonathan-on-i-samuel","Targum Jonathan on I Samuel","tok-80902c8c56aa","לְאִתְגָלָאָה","לאתגלאה","Unresolved","","No lexical entry yet","true","1","Targum Jonathan on I Samuel 3:21"
"targum-jonathan-on-i-samuel","Targum Jonathan on I Samuel","tok-4e25580914ef","לְאִתַּגָרָא","לאתגרא","Unresolved","","No lexical entry yet","true","1","Targum Jonathan on I Samuel 2:5"
"targum-jonathan-on-i-samuel","Targum Jonathan on I Samuel","tok-131595e46bdc","לְאִתּוּ","לאתו","Unresolved","","No lexical entry yet","true","5","Targum Jonathan on I Samuel 18:17; Targum Jonathan on I Samuel 18:27; Targum Jonathan on I Samuel 25:39; Targum Jonathan on I Samuel 25:40; Targum Jonathan on I Samuel 25:42"
"targum-jonathan-on-i-samuel","Targum Jonathan on I Samuel","tok-e65e5300ba47","לְאִתְחַתָּנָא","לאתחתנא","Unresolved","","No lexical entry yet","true","3","Targum Jonathan on I Samuel 18:23; Targum Jonathan on I Samuel 18:26; Targum Jonathan on I Samuel 18:27"
"targum-jonathan-on-i-samuel","Targum Jonathan on I Samuel","tok-e7578f7b7959","לְאִתִּי","לאתי","Unresolved","","No lexical entry yet","true","1","Targum Jonathan on I Samuel 18:19"
"targum-jonathan-on-i-samuel","Targum Jonathan on I Samuel","tok-89d5fa541a33","לְאִתְפְּרָעָא","לאתפרעא","Unresolved","","No lexical entry yet","true","1","Targum Jonathan on I Samuel 18:25"
"targum-jonathan-on-i-samuel","Targum Jonathan on I Samuel","tok-29362bb6f662","לְאִתְקְטָלָא","לאתקטלא","Unresolved","","No lexical entry yet","true","2","Targum Jonathan on I Samuel 19:5; Targum Jonathan on I Samuel 28:21"
"targum-jonathan-on-i-samuel","Targum Jonathan on I Samuel","tok-cc06ce68bf8f","לַאֲתַר","לאתר","Unresolved","","No lexical entry yet","true","1","Targum Jonathan on I Samuel 21:3"
"targum-jonathan-on-i-samuel","Targum Jonathan on I Samuel","tok-310987c17c3a","לְאַתְרָא","לאתרא","Unresolved","","No lexical entry yet","true","3","Targum Jonathan on I Samuel 20:19; Targum Jonathan on I Samuel 23:28; Targum Jonathan on I Samuel 26:5"
"targum-jonathan-on-i-samuel","Targum Jonathan on I Samuel","tok-81cc06391db5","לְאַתְרֵיהּ","לאתריה","Unresolved","","No lexical entry yet","true","5","Targum Jonathan on I Samuel 5:3; Targum Jonathan on I Samuel 5:11; Targum Jonathan on I Samuel 6:2; Targum Jonathan on I Samuel 26:25; Targum Jonathan on I Samuel 29:4"
"targum-jonathan-on-i-samuel","Targum Jonathan on I Samuel","tok-2fc44b1b6964","לְאַתְרֵיהוֹן","לאתריהונ","Unresolved","","No lexical entry yet","true","2","Targum Jonathan on I Samuel 2:20; Targum Jonathan on I Samuel 14:46"
"targum-jonathan-on-i-samuel","Targum Jonathan on I Samuel","tok-7b120f972551","לִבְּהוֹן","לבהונ","Unresolved","","No lexical entry yet","true","2","Targum Jonathan on I Samuel 6:6; Targum Jonathan on I Samuel 7:6"
"targum-jonathan-on-i-samuel","Targum Jonathan on I Samuel","tok-f352c064701d","לְבַהֲתָתָךְ","לבהתתכ","Unresolved","","No lexical entry yet","true","1","Targum Jonathan on I Samuel 20:30"
"targum-jonathan-on-i-samuel","Targum Jonathan on I Samuel","tok-292cf1db9c6e","לְבוּשׁוֹהִי","לבושוהי","Unresolved","","No lexical entry yet","true","2","Targum Jonathan on I Samuel 17:38; Targum Jonathan on I Samuel 19:24"
"targum-jonathan-on-i-samuel","Targum Jonathan on I Samuel","tok-96f31186963e","לְבוּשִׁין","לבושינ","Unresolved","","No lexical entry yet","true","2","Targum Jonathan on I Samuel 27:9; Targum Jonathan on I Samuel 28:8"
"targum-jonathan-on-i-samuel","Targum Jonathan on I Samuel","tok-a586de6241b2","לָבֵישׁ","לביש","Unresolved","","No lexical entry yet","true","2","Targum Jonathan on I Samuel 14:3; Targum Jonathan on I Samuel 17:5"
"targum-jonathan-on-i-samuel","Targum Jonathan on I Samuel","tok-86c8a0226f40","לְבֵיתְהוֹן","לביתהונ","Unresolved","","No lexical entry yet","true","1","Targum Jonathan on I Samuel 1:19"
"targum-jonathan-on-i-samuel","Targum Jonathan on I Samuel","tok-45f13940a02f","לְבֵיתִי","לביתי","Unresolved","","No lexical entry yet","true","1","Targum Jonathan on I Samuel 21:16"
"targum-jonathan-on-i-samuel","Targum Jonathan on I Samuel","tok-19c46dfea2c3","לְבֵיתֵיהּ","לביתיה","Unresolved","","No lexical entry yet","true","6","Targum Jonathan on I Samuel 2:11; Targum Jonathan on I Samuel 10:25; Targum Jonathan on I Samuel 10:26; Targum Jonathan on I Samuel 15:34; Targum Jonathan on I Samuel 23:18"
"targum-jonathan-on-i-samuel","Targum Jonathan on I Samuel","tok-e132dbd09061","לְבֵיתָךְ","לביתכ","Unresolved","","No lexical entry yet","true","1","Targum Jonathan on I Samuel 25:35"
"targum-jonathan-on-i-samuel","Targum Jonathan on I Samuel","tok-830a7384cfbd","לִבָּךְ","לבכ","Unresolved","","No lexical entry yet","true","2","Targum Jonathan on I Samuel 9:20; Targum Jonathan on I Samuel 17:28"
"targum-jonathan-on-i-samuel","Targum Jonathan on I Samuel","tok-b549518eef2c","לִבְּכוֹן","לבכונ","Unresolved","","No lexical entry yet","true","5","Targum Jonathan on I Samuel 6:6; Targum Jonathan on I Samuel 7:3; Targum Jonathan on I Samuel 12:20; Targum Jonathan on I Samuel 12:24"
"targum-jonathan-on-i-samuel","Targum Jonathan on I Samuel","tok-53d724216038","לְבַסָרָא","לבסרא","Unresolved","","No lexical entry yet","true","1","Targum Jonathan on I Samuel 31:9"
"targum-jonathan-on-i-samuel","Targum Jonathan on I Samuel","tok-4732d09a04f8","לְבַעֲלָהּ","לבעלה","Unresolved","","No lexical entry yet","true","1","Targum Jonathan on I Samuel 1:22"
"targum-jonathan-on-i-samuel","Targum Jonathan on I Samuel","tok-3a9f9ad16ae1","לְבַר","לבר","Unresolved","","No lexical entry yet","true","2","Targum Jonathan on I Samuel 10:11; Targum Jonathan on I Samuel 20:30"
"targum-jonathan-on-i-samuel","Targum Jonathan on I Samuel","tok-cd01a0ada4ee","לְבָרָא","לברא","Unresolved","","No lexical entry yet","true","1","Targum Jonathan on I Samuel 9:26"
"targum-jonathan-on-i-samuel","Targum Jonathan on I Samuel","tok-5b2034151c62","לִבְרִי","לברי","Unresolved","","No lexical entry yet","true","1","Targum Jonathan on I Samuel 10:2"
"targum-jonathan-on-i-samuel","Targum Jonathan on I Samuel","tok-7b66d8ca23e0","לְבָרָכָא","לברכא","Unresolved","","No lexical entry yet","true","1","Targum Jonathan on I Samuel 25:14"
"targum-jonathan-on-i-samuel","Targum Jonathan on I Samuel","tok-5d4b4c4affc7","לְגִבְעֲתָא","לגבעתא","Unresolved","","No lexical entry yet","true","7","Targum Jonathan on I Samuel 10:10; Targum Jonathan on I Samuel 10:26; Targum Jonathan on I Samuel 11:4; Targum Jonathan on I Samuel 13:15; Targum Jonathan on I Samuel 15:34"
"targum-jonathan-on-i-samuel","Targum Jonathan on I Samuel","tok-a1fed41c37c2","לְגִבְעַתָא","לגבעתא","Unresolved","","No lexical entry yet","true","1","Targum Jonathan on I Samuel 10:5"
"targum-jonathan-on-i-samuel","Targum Jonathan on I Samuel","tok-34232de8c83c","לִגְבַר","לגבר","Unresolved","","No lexical entry yet","true","4","Targum Jonathan on I Samuel 2:25; Targum Jonathan on I Samuel 10:6; Targum Jonathan on I Samuel 18:17; Targum Jonathan on I Samuel 26:23"
"targum-jonathan-on-i-samuel","Targum Jonathan on I Samuel","tok-a22121b7f388","לְגַבְרָא","לגברא","Unresolved","","No lexical entry yet","true","4","Targum Jonathan on I Samuel 2:15; Targum Jonathan on I Samuel 17:26; Targum Jonathan on I Samuel 17:27; Targum Jonathan on I Samuel 30:13"
"targum-jonathan-on-i-samuel","Targum Jonathan on I Samuel","tok-f562f544de25","לְגַבְרוֹהִי","לגברוהי","Unresolved","","No lexical entry yet","true","2","Targum Jonathan on I Samuel 24:7; Targum Jonathan on I Samuel 25:13"
"targum-jonathan-on-i-samuel","Targum Jonathan on I Samuel","tok-d266531d6d31","לְגַבְרַיָא","לגבריא","Unresolved","","No lexical entry yet","true","2","Targum Jonathan on I Samuel 17:26; Targum Jonathan on I Samuel 25:11"
"targum-jonathan-on-i-samuel","Targum Jonathan on I Samuel","tok-3c8e6a72b211","לְגַבְרִין","לגברינ","Unresolved","","No lexical entry yet","true","2","Targum Jonathan on I Samuel 4:9"
"targum-jonathan-on-i-samuel","Targum Jonathan on I Samuel","tok-33305f6cc9eb","לְגָזְזַי","לגזזי","Unresolved","","No lexical entry yet","true","1","Targum Jonathan on I Samuel 25:11"
"targum-jonathan-on-i-samuel","Targum Jonathan on I Samuel","tok-8b0e59bedaa9","לִגְזֵירַת","לגזירת","Unresolved","","No lexical entry yet","true","1","Targum Jonathan on I Samuel 30:25"
"targum-jonathan-on-i-samuel","Targum Jonathan on I Samuel","tok-9d942e066514","לְגָיו","לגיו","Unresolved","","No lexical entry yet","true","1","Targum Jonathan on I Samuel 6:7"
"targum-jonathan-on-i-samuel","Targum Jonathan on I Samuel","tok-4796b3f87b92","לְגִלְגָלָא","לגלגלא","Unresolved","","No lexical entry yet","true","7","Targum Jonathan on I Samuel 10:8; Targum Jonathan on I Samuel 11:14; Targum Jonathan on I Samuel 11:15; Targum Jonathan on I Samuel 13:4; Targum Jonathan on I Samuel 13:8"
"targum-jonathan-on-i-samuel","Targum Jonathan on I Samuel","tok-2d4aab53fa18","לְגַמָרוּתְהוֹן","לגמרותהונ","Unresolved","","No lexical entry yet","true","1","Targum Jonathan on I Samuel 15:9"
"targum-jonathan-on-i-samuel","Targum Jonathan on I Samuel","tok-946cb406a117","לְגַת","לגת","Unresolved","","No lexical entry yet","true","3","Targum Jonathan on I Samuel 5:8; Targum Jonathan on I Samuel 27:4; Targum Jonathan on I Samuel 27:11"
"targum-jonathan-on-i-samuel","Targum Jonathan on I Samuel","tok-5343a9ca2d8b","לְדַבָּחָא","לדבחא","Unresolved","","No lexical entry yet","true","7","Targum Jonathan on I Samuel 1:21; Targum Jonathan on I Samuel 2:14; Targum Jonathan on I Samuel 2:19; Targum Jonathan on I Samuel 15:15; Targum Jonathan on I Samuel 15:21"
"targum-jonathan-on-i-samuel","Targum Jonathan on I Samuel","tok-467eb8079b76","לְדוֹאֵג","לדואג","Unresolved","","No lexical entry yet","true","1","Targum Jonathan on I Samuel 22:18"
"targum-jonathan-on-i-samuel","Targum Jonathan on I Samuel","tok-9542b4ababe9","לְדִי","לדי","Unresolved","","No lexical entry yet","true","1","Targum Jonathan on I Samuel 30:27"
"targum-jonathan-on-i-samuel","Targum Jonathan on I Samuel","tok-a8e839942de5","לְדַיָין","לדיינ","Unresolved","","No lexical entry yet","true","1","Targum Jonathan on I Samuel 24:16"
"targum-jonathan-on-i-samuel","Targum Jonathan on I Samuel","tok-399324872a29","לְדֵין","לדינ","Unresolved","","No lexical entry yet","true","2","Targum Jonathan on I Samuel 21:12; Targum Jonathan on I Samuel 25:21"
"targum-jonathan-on-i-samuel","Targum Jonathan on I Samuel","tok-2816d92e3d04","לְדִמְיַקְרִין","לדמיקרינ","Unresolved","","No lexical entry yet","true","1","Targum Jonathan on I Samuel 2:30"
"targum-jonathan-on-i-samuel","Targum Jonathan on I Samuel","tok-bf74172d4aed","לְהוֹדָעָא","להודעא","Unresolved","","No lexical entry yet","true","1","Targum Jonathan on I Samuel 2:9"
"targum-jonathan-on-i-samuel","Targum Jonathan on I Samuel","tok-253716c92c04","לְהוֹדָעוּתַנִי","להודעותני","Unresolved","","No lexical entry yet","true","1","Targum Jonathan on I Samuel 28:15"
"targum-jonathan-on-i-samuel","Targum Jonathan on I Samuel","tok-5923ee2f7165","לְהוֹן","להונ","Unresolved","","No lexical entry yet","true","26","Targum Jonathan on I Samuel 2:1; Targum Jonathan on I Samuel 2:4; Targum Jonathan on I Samuel 2:8; Targum Jonathan on I Samuel 2:23; Targum Jonathan on I Samuel 3:13"
"targum-jonathan-on-i-samuel","Targum Jonathan on I Samuel","tok-4e3c0d5e5c28","לְהַלָכָא","להלכא","Unresolved","","No lexical entry yet","true","1","Targum Jonathan on I Samuel 23:13"
"targum-jonathan-on-i-samuel","Targum Jonathan on I Samuel","tok-0cdeb76d68e6","לְוַת","לות","Unresolved","","No lexical entry yet","true","47","Targum Jonathan on I Samuel 1:25; Targum Jonathan on I Samuel 2:27; Targum Jonathan on I Samuel 2:34; Targum Jonathan on I Samuel 3:5; Targum Jonathan on I Samuel 3:6"
"targum-jonathan-on-i-samuel","Targum Jonathan on I Samuel","tok-2801ec4af758","לְוָתָהּ","לותה","Unresolved","","No lexical entry yet","true","1","Targum Jonathan on I Samuel 28:7"
"targum-jonathan-on-i-samuel","Targum Jonathan on I Samuel","tok-0894cb06b786","לְוַתְהוֹן","לותהונ","Unresolved","","No lexical entry yet","true","2","Targum Jonathan on I Samuel 5:8; Targum Jonathan on I Samuel 14:9"
"targum-jonathan-on-i-samuel","Targum Jonathan on I Samuel","tok-e02a8a7cae72","לְוָתִי","לותי","Unresolved","","No lexical entry yet","true","14","Targum Jonathan on I Samuel 13:9; Targum Jonathan on I Samuel 13:12; Targum Jonathan on I Samuel 14:33; Targum Jonathan on I Samuel 14:34; Targum Jonathan on I Samuel 15:32"
"targum-jonathan-on-i-samuel","Targum Jonathan on I Samuel","tok-c4f68ee51aa9","לְוָתֵיהּ","לותיה","Unresolved","","No lexical entry yet","true","4","Targum Jonathan on I Samuel 14:52; Targum Jonathan on I Samuel 15:32; Targum Jonathan on I Samuel 22:1; Targum Jonathan on I Samuel 22:2"
"targum-jonathan-on-i-samuel","Targum Jonathan on I Samuel","tok-025033c517cc","לְוָתִיךְ","לותיכ","Unresolved","","No lexical entry yet","true","1","Targum Jonathan on I Samuel 25:40"
"targum-jonathan-on-i-samuel","Targum Jonathan on I Samuel","tok-d76f974fd82c","לְוָתָךְ","לותכ","Unresolved","","No lexical entry yet","true","5","Targum Jonathan on I Samuel 9:16; Targum Jonathan on I Samuel 10:8; Targum Jonathan on I Samuel 11:3; Targum Jonathan on I Samuel 20:12"
"targum-jonathan-on-i-samuel","Targum Jonathan on I Samuel","tok-d077e27cf6e8","לְוַתְכוֹן","לותכונ","Unresolved","","No lexical entry yet","true","2","Targum Jonathan on I Samuel 6:21; Targum Jonathan on I Samuel 14:9"
"targum-jonathan-on-i-samuel","Targum Jonathan on I Samuel","tok-d705e953ae89","לְוַתְכוּן","לותכונ","Unresolved","","No lexical entry yet","true","1","Targum Jonathan on I Samuel 11:10"
"targum-jonathan-on-i-samuel","Targum Jonathan on I Samuel","tok-8d70f6d7fcc8","לְוָתָנָא","לותנא","Unresolved","","No lexical entry yet","true","1","Targum Jonathan on I Samuel 5:10"
"targum-jonathan-on-i-samuel","Targum Jonathan on I Samuel","tok-282dbd9c9f52","לְזִימְנָא","לזימנא","Unresolved","","No lexical entry yet","true","2","Targum Jonathan on I Samuel 9:24; Targum Jonathan on I Samuel 13:8"
"targum-jonathan-on-i-samuel","Targum Jonathan on I Samuel","tok-3b40069a12da","לְזִיעַ","לזיע","Unresolved","","No lexical entry yet","true","1","Targum Jonathan on I Samuel 14:15"
"targum-jonathan-on-i-samuel","Targum Jonathan on I Samuel","tok-14fc1438d5b0","לְזִיף","לזיפ","Unresolved","","No lexical entry yet","true","1","Targum Jonathan on I Samuel 23:24"
"targum-jonathan-on-i-samuel","Targum Jonathan on I Samuel","tok-82c1916c5f88","לִזְמַן","לזמנ","Unresolved","","No lexical entry yet","true","3","Targum Jonathan on I Samuel 1:20; Targum Jonathan on I Samuel 13:11; Targum Jonathan on I Samuel 25:38"
"targum-jonathan-on-i-samuel","Targum Jonathan on I Samuel","tok-a2df4b8e97dd","לְזִמְנָא","לזמנא","Unresolved","","No lexical entry yet","true","1","Targum Jonathan on I Samuel 20:35"
"targum-jonathan-on-i-samuel","Targum Jonathan on I Samuel","tok-cc4bd9bd84c3","לְזַרְעֲיָתֵהּ","לזרעיתה","Unresolved","","No lexical entry yet","true","1","Targum Jonathan on I Samuel 10:21"
"targum-jonathan-on-i-samuel","Targum Jonathan on I Samuel","tok-c35d2c007456","לְחַבָּלָא","לחבלא","Unresolved","","No lexical entry yet","true","2","Targum Jonathan on I Samuel 23:10; Targum Jonathan on I Samuel 26:15"
"targum-jonathan-on-i-samuel","Targum Jonathan on I Samuel","tok-fc0fa63cb03c","לְחַבְרֵיהּ","לחבריה","Unresolved","","No lexical entry yet","true","1","Targum Jonathan on I Samuel 10:11"
"targum-jonathan-on-i-samuel","Targum Jonathan on I Samuel","tok-6d349e4936c7","לְחַבְרָךְ","לחברכ","Unresolved","","No lexical entry yet","true","2","Targum Jonathan on I Samuel 15:28; Targum Jonathan on I Samuel 28:17"
"targum-jonathan-on-i-samuel","Targum Jonathan on I Samuel","tok-1ce7319f0a8e","לַחְדָא","לחדא","Unresolved","","No lexical entry yet","true","1","Targum Jonathan on I Samuel 21:13"
"targum-jonathan-on-i-samuel","Targum Jonathan on I Samuel","tok-37721bfb9f1e","לַחֲדָא","לחדא","Unresolved","","No lexical entry yet","true","31","Targum Jonathan on I Samuel 2:17; Targum Jonathan on I Samuel 2:22; Targum Jonathan on I Samuel 2:36; Targum Jonathan on I Samuel 4:10; Targum Jonathan on I Samuel 5:9"
"targum-jonathan-on-i-samuel","Targum Jonathan on I Samuel","tok-70aafa28e045","לְחַוָאָה","לחואה","Unresolved","","No lexical entry yet","true","1","Targum Jonathan on I Samuel 4:13"
"targum-jonathan-on-i-samuel","Targum Jonathan on I Samuel","tok-2ab65e2596e1","לְחוֹבִי","לחובי","Unresolved","","No lexical entry yet","true","1","Targum Jonathan on I Samuel 15:25"
"targum-jonathan-on-i-samuel","Targum Jonathan on I Samuel","tok-a0c8600272b5","לְחוֹבֵי","לחובי","Unresolved","","No lexical entry yet","true","1","Targum Jonathan on I Samuel 25:28"
"targum-jonathan-on-i-samuel","Targum Jonathan on I Samuel","tok-af936b34cc53","לְחוֹרְשָׁא","לחורשא","Unresolved","","No lexical entry yet","true","1","Targum Jonathan on I Samuel 14:26"
"targum-jonathan-on-i-samuel","Targum Jonathan on I Samuel","tok-6d74311a1417","לְחוּרְשָׁא","לחורשא","Unresolved","","No lexical entry yet","true","2","Targum Jonathan on I Samuel 22:5; Targum Jonathan on I Samuel 23:16"
"targum-jonathan-on-i-samuel","Targum Jonathan on I Samuel","tok-d32e2250cc72","לְחַטְרֵי","לחטרי","Unresolved","","No lexical entry yet","true","1","Targum Jonathan on I Samuel 24:4"
"targum-jonathan-on-i-samuel","Targum Jonathan on I Samuel","tok-14fa9fd15ff0","לְחַיָךְ","לחיכ","Unresolved","","No lexical entry yet","true","1","Targum Jonathan on I Samuel 25:6"
"targum-jonathan-on-i-samuel","Targum Jonathan on I Samuel","tok-edfe89a08935","לְחֵילָא","לחילא","Unresolved","","No lexical entry yet","true","1","Targum Jonathan on I Samuel 28:1"
"targum-jonathan-on-i-samuel","Targum Jonathan on I Samuel","tok-159d6dad139a","לְחֵילַת","לחילת","Unresolved","","No lexical entry yet","true","1","Targum Jonathan on I Samuel 13:18"
"targum-jonathan-on-i-samuel","Targum Jonathan on I Samuel","tok-2f1b936a39de","לְחַלָצָא","לחלצא","Unresolved","","No lexical entry yet","true","1","Targum Jonathan on I Samuel 31:8"
"targum-jonathan-on-i-samuel","Targum Jonathan on I Samuel","tok-c4732d4feffc","לַחְמָא","לחמא","Unresolved","","No lexical entry yet","true","9","Targum Jonathan on I Samuel 14:24; Targum Jonathan on I Samuel 14:28; Targum Jonathan on I Samuel 20:24; Targum Jonathan on I Samuel 20:34; Targum Jonathan on I Samuel 21:5"
"targum-jonathan-on-i-samuel","Targum Jonathan on I Samuel","tok-777c667e5da2","לְחַמְשָׁא","לחמשא","Unresolved","","No lexical entry yet","true","1","Targum Jonathan on I Samuel 6:18"
"targum-jonathan-on-i-samuel","Targum Jonathan on I Samuel","tok-4aa122d0150f","לְחַסָדָא","לחסדא","Unresolved","","No lexical entry yet","true","1","Targum Jonathan on I Samuel 17:25"
"targum-jonathan-on-i-samuel","Targum Jonathan on I Samuel","tok-dc9cb7e29f89","לַחֲקַל","לחקל","Unresolved","","No lexical entry yet","true","1","Targum Jonathan on I Samuel 6:14"
"targum-jonathan-on-i-samuel","Targum Jonathan on I Samuel","tok-06ef671fd663","לְחַקְלָא","לחקלא","Unresolved","","No lexical entry yet","true","3","Targum Jonathan on I Samuel 20:11; Targum Jonathan on I Samuel 20:35"
"targum-jonathan-on-i-samuel","Targum Jonathan on I Samuel","tok-163d0a3d4646","לְחָרָפָא","לחרפא","Unresolved","","No lexical entry yet","true","2","Targum Jonathan on I Samuel 13:20; Targum Jonathan on I Samuel 13:21"
"targum-jonathan-on-i-samuel","Targum Jonathan on I Samuel","tok-8d86cdd9f7a5","לְחַשָׁכָא","לחשכא","Unresolved","","No lexical entry yet","true","1","Targum Jonathan on I Samuel 2:33"
"targum-jonathan-on-i-samuel","Targum Jonathan on I Samuel","tok-cb28fc12e760","לְטַבָּחָא","לטבחא","Unresolved","","No lexical entry yet","true","1","Targum Jonathan on I Samuel 9:23"
"targum-jonathan-on-i-samuel","Targum Jonathan on I Samuel","tok-2fe301499dd1","לְטַעֲוָתָא","לטעותא","Unresolved","","No lexical entry yet","true","1","Targum Jonathan on I Samuel 12:21"
"targum-jonathan-on-i-samuel","Targum Jonathan on I Samuel","tok-ce188af19e7f","לִיבֵּךְ","ליבכ","Unresolved","","No lexical entry yet","true","1","Targum Jonathan on I Samuel 1:8"
"targum-jonathan-on-i-samuel","Targum Jonathan on I Samuel","tok-d1e33a62a07c","לְיָבֵשׁ","ליבש","Unresolved","","No lexical entry yet","true","1","Targum Jonathan on I Samuel 31:12"
"targum-jonathan-on-i-samuel","Targum Jonathan on I Samuel","tok-538aea64f307","לִיהוּדָאֵי","ליהודאי","Unresolved","","No lexical entry yet","true","1","Targum Jonathan on I Samuel 4:9"
"targum-jonathan-on-i-samuel","Targum Jonathan on I Samuel","tok-d77dc32dfc3b","לִיהוּדָה","ליהודה","Unresolved","","No lexical entry yet","true","1","Targum Jonathan on I Samuel 30:14"
"targum-jonathan-on-i-samuel","Targum Jonathan on I Samuel","tok-921ee75880b3","לִיהוֹנָתָן","ליהונתנ","Unresolved","","No lexical entry yet","true","4","Targum Jonathan on I Samuel 20:5; Targum Jonathan on I Samuel 20:10; Targum Jonathan on I Samuel 20:13; Targum Jonathan on I Samuel 20:27"
"targum-jonathan-on-i-samuel","Targum Jonathan on I Samuel","tok-02297db43be8","לֵיוָאֵי","ליואי","Unresolved","","No lexical entry yet","true","1","Targum Jonathan on I Samuel 2:1"
"targum-jonathan-on-i-samuel","Targum Jonathan on I Samuel","tok-eacc14d8c4f4","לְיוֹנָתָן","ליונתנ","Unresolved","","No lexical entry yet","true","1","Targum Jonathan on I Samuel 14:43"
"targum-jonathan-on-i-samuel","Targum Jonathan on I Samuel","tok-7f3d23100d61","לְיִזְרְעֶאל","ליזרעאל","Unresolved","","No lexical entry yet","true","1","Targum Jonathan on I Samuel 29:11"
"targum-jonathan-on-i-samuel","Targum Jonathan on I Samuel","tok-466b0bb29a8f","לִיטִין","ליטינ","Unresolved","","No lexical entry yet","true","1","Targum Jonathan on I Samuel 26:19"
"targum-jonathan-on-i-samuel","Targum Jonathan on I Samuel","tok-08dec933f72d","לִיךְ","ליכ","Unresolved","","No lexical entry yet","true","3","Targum Jonathan on I Samuel 1:8; Targum Jonathan on I Samuel 25:34"
"targum-jonathan-on-i-samuel","Targum Jonathan on I Samuel","tok-efa4714e8edc","לֵילַוָן","לילונ","Unresolved","","No lexical entry yet","true","1","Targum Jonathan on I Samuel 30:12"
"targum-jonathan-on-i-samuel","Targum Jonathan on I Samuel","tok-045985d76f0f","לֵילְיָא","ליליא","Unresolved","","No lexical entry yet","true","4","Targum Jonathan on I Samuel 15:11; Targum Jonathan on I Samuel 19:24; Targum Jonathan on I Samuel 28:20; Targum Jonathan on I Samuel 31:12"
"targum-jonathan-on-i-samuel","Targum Jonathan on I Samuel","tok-c5bf9649d4af","לְיַמִינָא","לימינא","Unresolved","","No lexical entry yet","true","1","Targum Jonathan on I Samuel 6:12"
"targum-jonathan-on-i-samuel","Targum Jonathan on I Samuel","tok-ad1de1e65d16","לְיַצָפָא","ליצפא","Unresolved","","No lexical entry yet","true","1","Targum Jonathan on I Samuel 25:31"
"targum-jonathan-on-i-samuel","Targum Jonathan on I Samuel","tok-915217ce5677","לִירוּשְׁלֵם","לירושלמ","Unresolved","","No lexical entry yet","true","1","Targum Jonathan on I Samuel 17:54"
"targum-jonathan-on-i-samuel","Targum Jonathan on I Samuel","tok-dc30ed5677d0","לְיִשַׁי","לישי","Unresolved","","No lexical entry yet","true","5","Targum Jonathan on I Samuel 16:3; Targum Jonathan on I Samuel 16:10; Targum Jonathan on I Samuel 16:11; Targum Jonathan on I Samuel 16:18"
"targum-jonathan-on-i-samuel","Targum Jonathan on I Samuel","tok-f19e52da2618","לִישִׁימוֹן","לישימונ","Unresolved","","No lexical entry yet","true","2","Targum Jonathan on I Samuel 23:19; Targum Jonathan on I Samuel 23:24"
"targum-jonathan-on-i-samuel","Targum Jonathan on I Samuel","tok-61243e0df7c9","לֵיתָךְ","ליתכ","Unresolved","","No lexical entry yet","true","1","Targum Jonathan on I Samuel 19:11"
"targum-jonathan-on-i-samuel","Targum Jonathan on I Samuel","tok-20a0915bc9b7","לְכָא","לכא","Unresolved","","No lexical entry yet","true","1","Targum Jonathan on I Samuel 23:28"
"targum-jonathan-on-i-samuel","Targum Jonathan on I Samuel","tok-4a47d7d46c86","לְכַהֲנָא","לכהנא","Unresolved","","No lexical entry yet","true","2","Targum Jonathan on I Samuel 2:15; Targum Jonathan on I Samuel 14:19"
"targum-jonathan-on-i-samuel","Targum Jonathan on I Samuel","tok-094ae576ff2e","לְכוּלְהוֹן","לכולהונ","Unresolved","","No lexical entry yet","true","1","Targum Jonathan on I Samuel 6:4"
"targum-jonathan-on-i-samuel","Targum Jonathan on I Samuel","tok-4796116c2183","לְכוּמָרַיָא","לכומריא","Unresolved","","No lexical entry yet","true","1","Targum Jonathan on I Samuel 6:2"
"targum-jonathan-on-i-samuel","Targum Jonathan on I Samuel","tok-d389cb4e6aa5","לְכוֹן","לכונ","Unresolved","","No lexical entry yet","true","18","Targum Jonathan on I Samuel 2:3; Targum Jonathan on I Samuel 4:9; Targum Jonathan on I Samuel 6:3; Targum Jonathan on I Samuel 8:18; Targum Jonathan on I Samuel 10:2"
"targum-jonathan-on-i-samuel","Targum Jonathan on I Samuel","tok-18ddb7e1b894","לְכֵיפָא","לכיפא","Unresolved","","No lexical entry yet","true","1","Targum Jonathan on I Samuel 23:25"
"targum-jonathan-on-i-samuel","Targum Jonathan on I Samuel","tok-7ff4684c5f10","לְכֻלְכוֹן","לכלכונ","Unresolved","","No lexical entry yet","true","2","Targum Jonathan on I Samuel 22:7"
"targum-jonathan-on-i-samuel","Targum Jonathan on I Samuel","tok-9e3a5e50bc94","לִכְמָנָא","לכמנא","Unresolved","","No lexical entry yet","true","2","Targum Jonathan on I Samuel 22:8; Targum Jonathan on I Samuel 22:13"
"targum-jonathan-on-i-samuel","Targum Jonathan on I Samuel","tok-4e3af67ed3f2","לְכַרְכּוּמָא","לכרכומא","Unresolved","","No lexical entry yet","true","1","Targum Jonathan on I Samuel 17:20"
"targum-jonathan-on-i-samuel","Targum Jonathan on I Samuel","tok-e8e7bb2b9536","לְכַרְמְלָא","לכרמלא","Unresolved","","No lexical entry yet","true","2","Targum Jonathan on I Samuel 25:5; Targum Jonathan on I Samuel 25:40"
"targum-jonathan-on-i-samuel","Targum Jonathan on I Samuel","tok-f7b12379c824","לְכַרְמֶלָא","לכרמלא","Unresolved","","No lexical entry yet","true","1","Targum Jonathan on I Samuel 15:12"
"targum-jonathan-on-i-samuel","Targum Jonathan on I Samuel","tok-876166018d69","לִלְבוּשׁוֹהִי","ללבושוהי","Unresolved","","No lexical entry yet","true","1","Targum Jonathan on I Samuel 17:39"
"targum-jonathan-on-i-samuel","Targum Jonathan on I Samuel","tok-196facc9bd34","לְלַחְמָא","ללחמא","Unresolved","","No lexical entry yet","true","1","Targum Jonathan on I Samuel 20:27"
"targum-jonathan-on-i-samuel","Targum Jonathan on I Samuel","tok-2e3c43d4de4f","לְמָא","למא","Unresolved","","No lexical entry yet","true","9","Targum Jonathan on I Samuel 2:23; Targum Jonathan on I Samuel 2:29; Targum Jonathan on I Samuel 12:21; Targum Jonathan on I Samuel 19:17; Targum Jonathan on I Samuel 20:8"
"targum-jonathan-on-i-samuel","Targum Jonathan on I Samuel","tok-10ef958713ab","לְמָאֲוָן","למאונ","Unresolved","","No lexical entry yet","true","1","Targum Jonathan on I Samuel 29:2"
"targum-jonathan-on-i-samuel","Targum Jonathan on I Samuel","tok-e310a370ef06","לְמִבְכֵּי","למבכי","Unresolved","","No lexical entry yet","true","1","Targum Jonathan on I Samuel 30:4"
"targum-jonathan-on-i-samuel","Targum Jonathan on I Samuel","tok-00609d8f9699","לְמִבְנֵי","למבני","Unresolved","","No lexical entry yet","true","1","Targum Jonathan on I Samuel 14:35"
"targum-jonathan-on-i-samuel","Targum Jonathan on I Samuel","tok-22f75c281bc0","לְמִבְעוֹהִי","למבעוהי","Unresolved","","No lexical entry yet","true","1","Targum Jonathan on I Samuel 27:4"
"targum-jonathan-on-i-samuel","Targum Jonathan on I Samuel","tok-79640167a2db","לְמִבְעֵי","למבעי","Unresolved","","No lexical entry yet","true","5","Targum Jonathan on I Samuel 10:2; Targum Jonathan on I Samuel 10:14; Targum Jonathan on I Samuel 23:25; Targum Jonathan on I Samuel 24:3; Targum Jonathan on I Samuel 26:2"
"targum-jonathan-on-i-samuel","Targum Jonathan on I Samuel","tok-b0e780b87381","לְמִבְעֵיהוֹן","למבעיהונ","Unresolved","","No lexical entry yet","true","1","Targum Jonathan on I Samuel 9:20"
"targum-jonathan-on-i-samuel","Targum Jonathan on I Samuel","tok-59eb973e16f4","לְמִבְעֵנִי","למבעני","Unresolved","","No lexical entry yet","true","1","Targum Jonathan on I Samuel 27:1"
"targum-jonathan-on-i-samuel","Targum Jonathan on I Samuel","tok-e82eb7d99923","לִמְגִיזַת","למגיזת","Unresolved","","No lexical entry yet","true","1","Targum Jonathan on I Samuel 13:23"
"targum-jonathan-on-i-samuel","Targum Jonathan on I Samuel","tok-41824a8d28c8","לְמַדְבְּחָא","למדבחא","Unresolved","","No lexical entry yet","true","1","Targum Jonathan on I Samuel 2:15"
"targum-jonathan-on-i-samuel","Targum Jonathan on I Samuel","tok-db854726e160","לְמַדְבְּרָא","למדברא","Unresolved","","No lexical entry yet","true","4","Targum Jonathan on I Samuel 13:18; Targum Jonathan on I Samuel 25:1; Targum Jonathan on I Samuel 26:2; Targum Jonathan on I Samuel 26:3"
"targum-jonathan-on-i-samuel","Targum Jonathan on I Samuel","tok-dc2efc855826","לְמִדְחַל","למדחל","Unresolved","","No lexical entry yet","true","2","Targum Jonathan on I Samuel 2:12; Targum Jonathan on I Samuel 18:29"
"targum-jonathan-on-i-samuel","Targum Jonathan on I Samuel","tok-15a4777d6fc3","לְמִדַיְנָנָא","למדיננא","Unresolved","","No lexical entry yet","true","2","Targum Jonathan on I Samuel 8:5; Targum Jonathan on I Samuel 8:6"
"targum-jonathan-on-i-samuel","Targum Jonathan on I Samuel","tok-bbdfbeabb0ae","לְמֶהֱוֵי","למהוי","Unresolved","","No lexical entry yet","true","17","Targum Jonathan on I Samuel 2:1; Targum Jonathan on I Samuel 2:5; Targum Jonathan on I Samuel 2:28; Targum Jonathan on I Samuel 8:16; Targum Jonathan on I Samuel 9:16"
"targum-jonathan-on-i-samuel","Targum Jonathan on I Samuel","tok-5fdd106c6c41","לְמוֹעֵד","למועד","Unresolved","","No lexical entry yet","true","2","Targum Jonathan on I Samuel 1:3; Targum Jonathan on I Samuel 2:19"
"targum-jonathan-on-i-samuel","Targum Jonathan on I Samuel","tok-23185c0d0c1c","לְמֵחַדְהוֹן","למחדהונ","Unresolved","","No lexical entry yet","true","1","Targum Jonathan on I Samuel 23:26"
"targum-jonathan-on-i-samuel","Targum Jonathan on I Samuel","tok-590075c35889","לְמֶחְזֵי","למחזי","Unresolved","","No lexical entry yet","true","2","Targum Jonathan on I Samuel 6:13; Targum Jonathan on I Samuel 17:28"
"targum-jonathan-on-i-samuel","Targum Jonathan on I Samuel","tok-91dd73bc8b0a","לְמֶחֱזֵי","למחזי","Unresolved","","No lexical entry yet","true","3","Targum Jonathan on I Samuel 3:2; Targum Jonathan on I Samuel 4:15; Targum Jonathan on I Samuel 15:35"
"targum-jonathan-on-i-samuel","Targum Jonathan on I Samuel","tok-774ff1e7b378","לְמִטְוֵי","למטוי","Unresolved","","No lexical entry yet","true","1","Targum Jonathan on I Samuel 2:15"
"targum-jonathan-on-i-samuel","Targum Jonathan on I Samuel","tok-4289e91e3f3a","לְמִטַר","למטר","Unresolved","","No lexical entry yet","true","3","Targum Jonathan on I Samuel 7:1; Targum Jonathan on I Samuel 25:13; Targum Jonathan on I Samuel 30:24"
"targum-jonathan-on-i-samuel","Targum Jonathan on I Samuel","tok-fb385abba164","לְמִטְרֵיהּ","למטריה","Unresolved","","No lexical entry yet","true","1","Targum Jonathan on I Samuel 19:11"
"targum-jonathan-on-i-samuel","Targum Jonathan on I Samuel","tok-83f83e59aa51","לְמִיבְעֵי","למיבעי","Unresolved","","No lexical entry yet","true","1","Targum Jonathan on I Samuel 26:20"
"targum-jonathan-on-i-samuel","Targum Jonathan on I Samuel","tok-e272e418203d","לְמֵיגַד","למיגד","Unresolved","","No lexical entry yet","true","1","Targum Jonathan on I Samuel 31:3"
"targum-jonathan-on-i-samuel","Targum Jonathan on I Samuel","tok-0d97be11ebd2","לְמִיגַר","למיגר","Unresolved","","No lexical entry yet","true","1","Targum Jonathan on I Samuel 8:12"
"targum-jonathan-on-i-samuel","Targum Jonathan on I Samuel","tok-8ff19c72042d","לְמִידַע","למידע","Unresolved","","No lexical entry yet","true","1","Targum Jonathan on I Samuel 3:7"
"targum-jonathan-on-i-samuel","Targum Jonathan on I Samuel","tok-66401ef9f569","לְמֵיזַל","למיזל","Unresolved","","No lexical entry yet","true","10","Targum Jonathan on I Samuel 10:9; Targum Jonathan on I Samuel 15:27; Targum Jonathan on I Samuel 17:33; Targum Jonathan on I Samuel 17:39; Targum Jonathan on I Samuel 20:6"
"targum-jonathan-on-i-samuel","Targum Jonathan on I Samuel","tok-5e711a742690","לְמֵיחַת","למיחת","Unresolved","","No lexical entry yet","true","3","Targum Jonathan on I Samuel 23:8; Targum Jonathan on I Samuel 23:11; Targum Jonathan on I Samuel 23:20"
"targum-jonathan-on-i-samuel","Targum Jonathan on I Samuel","tok-39a71e3607ae","לְמֵיחָת","למיחת","Unresolved","","No lexical entry yet","true","1","Targum Jonathan on I Samuel 23:11"
"targum-jonathan-on-i-samuel","Targum Jonathan on I Samuel","tok-86c2fb5c4e82","לְמִיכַל","למיכל","Unresolved","","No lexical entry yet","true","1","Targum Jonathan on I Samuel 19:17"
"targum-jonathan-on-i-samuel","Targum Jonathan on I Samuel","tok-2e696bb7ab29","לְמֵיכַל","למיכל","Unresolved","","No lexical entry yet","true","5","Targum Jonathan on I Samuel 2:36; Targum Jonathan on I Samuel 9:13; Targum Jonathan on I Samuel 14:33; Targum Jonathan on I Samuel 14:34; Targum Jonathan on I Samuel 20:5"
"targum-jonathan-on-i-samuel","Targum Jonathan on I Samuel","tok-c84edf23b913","לְמֵיכָל","למיכל","Unresolved","","No lexical entry yet","true","1","Targum Jonathan on I Samuel 20:24"
"targum-jonathan-on-i-samuel","Targum Jonathan on I Samuel","tok-dc91d814ba19","לְמֵילַד","למילד","Unresolved","","No lexical entry yet","true","1","Targum Jonathan on I Samuel 4:19"
"targum-jonathan-on-i-samuel","Targum Jonathan on I Samuel","tok-1d93e843894b","לְמִילֵי","למילי","Unresolved","","No lexical entry yet","true","1","Targum Jonathan on I Samuel 15:22"
"targum-jonathan-on-i-samuel","Targum Jonathan on I Samuel","tok-67f7a234c3de","לְמִימְחֵי","למימחי","Unresolved","","No lexical entry yet","true","1","Targum Jonathan on I Samuel 19:10"
"targum-jonathan-on-i-samuel","Targum Jonathan on I Samuel","tok-4a4a12bf658f","לְמֵימַר","למימר","Unresolved","","No lexical entry yet","true","36","Targum Jonathan on I Samuel 2:25; Targum Jonathan on I Samuel 4:21; Targum Jonathan on I Samuel 6:2; Targum Jonathan on I Samuel 6:21; Targum Jonathan on I Samuel 7:3"
"targum-jonathan-on-i-samuel","Targum Jonathan on I Samuel","tok-a15afd15e881","לְמֵימָר","למימר","Unresolved","","No lexical entry yet","true","20","Targum Jonathan on I Samuel 5:10; Targum Jonathan on I Samuel 8:7; Targum Jonathan on I Samuel 15:10; Targum Jonathan on I Samuel 16:22; Targum Jonathan on I Samuel 17:10"
"targum-jonathan-on-i-samuel","Targum Jonathan on I Samuel","tok-4e0d22a2f720","לְמֵימְרָא","למימרא","Unresolved","","No lexical entry yet","true","4","Targum Jonathan on I Samuel 12:15; Targum Jonathan on I Samuel 15:19; Targum Jonathan on I Samuel 15:20; Targum Jonathan on I Samuel 15:22"
"targum-jonathan-on-i-samuel","Targum Jonathan on I Samuel","tok-01db852f3b43","לְמֵימְרֵיהּ","למימריה","Unresolved","","No lexical entry yet","true","2","Targum Jonathan on I Samuel 12:14; Targum Jonathan on I Samuel 15:22"
"targum-jonathan-on-i-samuel","Targum Jonathan on I Samuel","tok-0edda6d4a236","לְמֵימְרֵיהוֹן","למימריהונ","Unresolved","","No lexical entry yet","true","4","Targum Jonathan on I Samuel 8:9; Targum Jonathan on I Samuel 8:22; Targum Jonathan on I Samuel 15:24; Targum Jonathan on I Samuel 28:23"
"targum-jonathan-on-i-samuel","Targum Jonathan on I Samuel","tok-a7096f7b4eae","לְמֵימְרֵיכוֹן","למימריכונ","Unresolved","","No lexical entry yet","true","1","Targum Jonathan on I Samuel 12:1"
"targum-jonathan-on-i-samuel","Targum Jonathan on I Samuel","tok-0e3d7f54d80d","לְמִיסַק","למיסק","Unresolved","","No lexical entry yet","true","1","Targum Jonathan on I Samuel 9:14"
"targum-jonathan-on-i-samuel","Targum Jonathan on I Samuel","tok-e8f6ceafdb1c","לְמֵיעַל","למיעל","Unresolved","","No lexical entry yet","true","3","Targum Jonathan on I Samuel 7:13; Targum Jonathan on I Samuel 23:7; Targum Jonathan on I Samuel 23:10"
"targum-jonathan-on-i-samuel","Targum Jonathan on I Samuel","tok-5290f0208ffc","לְמֵיקַם","למיקמ","Unresolved","","No lexical entry yet","true","3","Targum Jonathan on I Samuel 6:20; Targum Jonathan on I Samuel 22:13; Targum Jonathan on I Samuel 24:8"
"targum-jonathan-on-i-samuel","Targum Jonathan on I Samuel","tok-a38fe9ea36dc","לְמִישְׁאַל","למישאל","Unresolved","","No lexical entry yet","true","1","Targum Jonathan on I Samuel 12:17"
"targum-jonathan-on-i-samuel","Targum Jonathan on I Samuel","tok-a95096cb669f","לְמֵיתַב","למיתב","Unresolved","","No lexical entry yet","true","1","Targum Jonathan on I Samuel 18:2"
"targum-jonathan-on-i-samuel","Targum Jonathan on I Samuel","tok-5a7fbd4a2b0c","לְמֵיתֵי","למיתי","Unresolved","","No lexical entry yet","true","3","Targum Jonathan on I Samuel 20:9; Targum Jonathan on I Samuel 20:13; Targum Jonathan on I Samuel 25:17"
"targum-jonathan-on-i-samuel","Targum Jonathan on I Samuel","tok-1f7e41d8fcf8","לְמִכְהֵי","למכהי","Unresolved","","No lexical entry yet","true","1","Targum Jonathan on I Samuel 3:2"
"targum-jonathan-on-i-samuel","Targum Jonathan on I Samuel","tok-93058416c9ec","לְמִכְמָשׁ","למכמש","Unresolved","","No lexical entry yet","true","1","Targum Jonathan on I Samuel 13:11"
"targum-jonathan-on-i-samuel","Targum Jonathan on I Samuel","tok-22dbed8b42f8","לְמִלְבַּשׁ","למלבש","Unresolved","","No lexical entry yet","true","2","Targum Jonathan on I Samuel 2:28; Targum Jonathan on I Samuel 22:18"
"targum-jonathan-on-i-samuel","Targum Jonathan on I Samuel","tok-a113fcaa99ba","לְמַלְכָּא","למלכא","Unresolved","","No lexical entry yet","true","4","Targum Jonathan on I Samuel 18:18; Targum Jonathan on I Samuel 18:25; Targum Jonathan on I Samuel 18:27; Targum Jonathan on I Samuel 22:3"
"targum-jonathan-on-i-samuel","Targum Jonathan on I Samuel","tok-a947d9411ad4","לְמַלְכַיָא","למלכיא","Unresolved","","No lexical entry yet","true","1","Targum Jonathan on I Samuel 27:6"
"targum-jonathan-on-i-samuel","Targum Jonathan on I Samuel","tok-92657a515d99","לְמַלְכֵּיהּ","למלכיה","Unresolved","","No lexical entry yet","true","1","Targum Jonathan on I Samuel 2:10"
"targum-jonathan-on-i-samuel","Targum Jonathan on I Samuel","tok-9fd7eebdf4df","לְמַלָלָא","למללא","Unresolved","","No lexical entry yet","true","4","Targum Jonathan on I Samuel 2:1; Targum Jonathan on I Samuel 2:3; Targum Jonathan on I Samuel 18:1; Targum Jonathan on I Samuel 24:17"
"targum-jonathan-on-i-samuel","Targum Jonathan on I Samuel","tok-e58c8f69c8d1","לְמִמְחֵי","לממחי","Unresolved","","No lexical entry yet","true","1","Targum Jonathan on I Samuel 20:20"
"targum-jonathan-on-i-samuel","Targum Jonathan on I Samuel","tok-5b6ebe233533","לְמִמְחֵיהּ","לממחיה","Unresolved","","No lexical entry yet","true","1","Targum Jonathan on I Samuel 20:33"
"targum-jonathan-on-i-samuel","Targum Jonathan on I Samuel","tok-c95570aaac02","לְמִמְלֵי","לממלי","Unresolved","","No lexical entry yet","true","1","Targum Jonathan on I Samuel 9:11"
"targum-jonathan-on-i-samuel","Targum Jonathan on I Samuel","tok-2751b655b63e","לְמִמְלַךְ","לממלכ","Unresolved","","No lexical entry yet","true","1","Targum Jonathan on I Samuel 11:12"
"targum-jonathan-on-i-samuel","Targum Jonathan on I Samuel","tok-5e785c1f9cc5","לְמִמְסַר","לממסר","Unresolved","","No lexical entry yet","true","2","Targum Jonathan on I Samuel 18:25; Targum Jonathan on I Samuel 23:12"
"targum-jonathan-on-i-samuel","Targum Jonathan on I Samuel","tok-680f33330133","לְמִמְסְרִי","לממסרי","Unresolved","","No lexical entry yet","true","2","Targum Jonathan on I Samuel 23:11; Targum Jonathan on I Samuel 23:12"
"targum-jonathan-on-i-samuel","Targum Jonathan on I Samuel","tok-a7a9848216a2","לְמִמָת","לממת","Unresolved","","No lexical entry yet","true","1","Targum Jonathan on I Samuel 14:43"
"targum-jonathan-on-i-samuel","Targum Jonathan on I Samuel","tok-242b70882c19","לְמָנָא","למנא","Unresolved","","No lexical entry yet","true","1","Targum Jonathan on I Samuel 17:49"
"targum-jonathan-on-i-samuel","Targum Jonathan on I Samuel","tok-df4210ce09be","לְמִסְבָהּ","למסבה","Unresolved","","No lexical entry yet","true","1","Targum Jonathan on I Samuel 25:39"
"targum-jonathan-on-i-samuel","Targum Jonathan on I Samuel","tok-595eafc80252","לְמִסְבִיךְ","למסביכ","Unresolved","","No lexical entry yet","true","1","Targum Jonathan on I Samuel 25:40"
"targum-jonathan-on-i-samuel","Targum Jonathan on I Samuel","tok-1cb72b816c49","לְמִסְגַד","למסגד","Unresolved","","No lexical entry yet","true","2","Targum Jonathan on I Samuel 1:3; Targum Jonathan on I Samuel 10:3"
"targum-jonathan-on-i-samuel","Targum Jonathan on I Samuel","tok-215cce7be96f","לְמִסְעַד","למסעד","Unresolved","","No lexical entry yet","true","1","Targum Jonathan on I Samuel 19:15"
"targum-jonathan-on-i-samuel","Targum Jonathan on I Samuel","tok-460f0f1beafb","לְמָעָא","למעא","Unresolved","","No lexical entry yet","true","1","Targum Jonathan on I Samuel 2:36"
"targum-jonathan-on-i-samuel","Targum Jonathan on I Samuel","tok-ae2107989750","לְמֶעְבַּד","למעבד","Unresolved","","No lexical entry yet","true","5","Targum Jonathan on I Samuel 8:12; Targum Jonathan on I Samuel 9:7; Targum Jonathan on I Samuel 12:22; Targum Jonathan on I Samuel 12:24; Targum Jonathan on I Samuel 24:4"
"targum-jonathan-on-i-samuel","Targum Jonathan on I Samuel","tok-d229f918f6e0","לְמֶעְבַּר","למעבר","Unresolved","","No lexical entry yet","true","2","Targum Jonathan on I Samuel 14:4; Targum Jonathan on I Samuel 15:17"
"targum-jonathan-on-i-samuel","Targum Jonathan on I Samuel","tok-b4f97060a34b","לְמַעֲנֵי","למעני","Unresolved","","No lexical entry yet","true","1","Targum Jonathan on I Samuel 9:8"
"targum-jonathan-on-i-samuel","Targum Jonathan on I Samuel","tok-329d4815851d","לִמְעָרַת","למערת","Unresolved","","No lexical entry yet","true","1","Targum Jonathan on I Samuel 22:1"
"targum-jonathan-on-i-samuel","Targum Jonathan on I Samuel","tok-a8b4fb64ce03","לְמִפְרַק","למפרק","Unresolved","","No lexical entry yet","true","1","Targum Jonathan on I Samuel 14:6"
"targum-jonathan-on-i-samuel","Targum Jonathan on I Samuel","tok-5664b673cf45","לִמְצַדְתָּא","למצדתא","Unresolved","","No lexical entry yet","true","1","Targum Jonathan on I Samuel 24:23"
"targum-jonathan-on-i-samuel","Targum Jonathan on I Samuel","tok-9e8b08e90cee","לְמִצְפַּיָא","למצפיא","Unresolved","","No lexical entry yet","true","5","Targum Jonathan on I Samuel 7:5; Targum Jonathan on I Samuel 7:6; Targum Jonathan on I Samuel 7:7; Targum Jonathan on I Samuel 10:17; Targum Jonathan on I Samuel 22:3"
"targum-jonathan-on-i-samuel","Targum Jonathan on I Samuel","tok-6a06ff2874b0","לְמֵצַר","למצר","Unresolved","","No lexical entry yet","true","1","Targum Jonathan on I Samuel 23:8"
"targum-jonathan-on-i-samuel","Targum Jonathan on I Samuel","tok-49c750bb74d0","לְמִצְרָיִם","למצרימ","Unresolved","","No lexical entry yet","true","1","Targum Jonathan on I Samuel 12:8"
"targum-jonathan-on-i-samuel","Targum Jonathan on I Samuel","tok-1af53400e973","לְמִקְטַל","למקטל","Unresolved","","No lexical entry yet","true","3","Targum Jonathan on I Samuel 19:1; Targum Jonathan on I Samuel 19:5; Targum Jonathan on I Samuel 20:33"
"targum-jonathan-on-i-samuel","Targum Jonathan on I Samuel","tok-69db55d1102a","לְמִקְטְלָהּ","למקטלה","Unresolved","","No lexical entry yet","true","1","Targum Jonathan on I Samuel 24:12"
"targum-jonathan-on-i-samuel","Targum Jonathan on I Samuel","tok-8d8da9eb31d3","לְמִקְטְלִי","למקטלי","Unresolved","","No lexical entry yet","true","3","Targum Jonathan on I Samuel 20:1; Targum Jonathan on I Samuel 22:23; Targum Jonathan on I Samuel 28:9"
"targum-jonathan-on-i-samuel","Targum Jonathan on I Samuel","tok-020eb7f4b0bd","לְמִקְטְלֵיהּ","למקטליה","Unresolved","","No lexical entry yet","true","2","Targum Jonathan on I Samuel 19:15; Targum Jonathan on I Samuel 23:15"
"targum-jonathan-on-i-samuel","Targum Jonathan on I Samuel","tok-a1e41853293a","לְמִקְטְלָךְ","למקטלכ","Unresolved","","No lexical entry yet","true","4","Targum Jonathan on I Samuel 19:2; Targum Jonathan on I Samuel 22:23; Targum Jonathan on I Samuel 24:11; Targum Jonathan on I Samuel 25:29"
"targum-jonathan-on-i-samuel","Targum Jonathan on I Samuel","tok-f89023cd4f07","לְמִקְרֵי","למקרי","Unresolved","","No lexical entry yet","true","3","Targum Jonathan on I Samuel 3:6; Targum Jonathan on I Samuel 3:8; Targum Jonathan on I Samuel 22:11"
"targum-jonathan-on-i-samuel","Targum Jonathan on I Samuel","tok-cd7d139dd5fe","לְמִרְגְמֵיהּ","למרגמיה","Unresolved","","No lexical entry yet","true","1","Targum Jonathan on I Samuel 30:6"
"targum-jonathan-on-i-samuel","Targum Jonathan on I Samuel","tok-6d698176fe69","לְמִרְדְפָךְ","למרדפכ","Unresolved","","No lexical entry yet","true","1","Targum Jonathan on I Samuel 25:29"
"targum-jonathan-on-i-samuel","Targum Jonathan on I Samuel","tok-92a424a02649","לְמִרְעֵי","למרעי","Unresolved","","No lexical entry yet","true","1","Targum Jonathan on I Samuel 17:15"
"targum-jonathan-on-i-samuel","Targum Jonathan on I Samuel","tok-547f678241a9","לְמִשְׁאַל","למשאל","Unresolved","","No lexical entry yet","true","5","Targum Jonathan on I Samuel 10:27; Targum Jonathan on I Samuel 12:19; Targum Jonathan on I Samuel 13:10; Targum Jonathan on I Samuel 22:15; Targum Jonathan on I Samuel 23:4"
"targum-jonathan-on-i-samuel","Targum Jonathan on I Samuel","tok-6679763ff46f","לִמְשִׁיחָא","למשיחא","Unresolved","","No lexical entry yet","true","1","Targum Jonathan on I Samuel 24:7"
"targum-jonathan-on-i-samuel","Targum Jonathan on I Samuel","tok-2086587eaa51","לְמִשְׁלַט","למשלט","Unresolved","","No lexical entry yet","true","2","Targum Jonathan on I Samuel 2:3; Targum Jonathan on I Samuel 22:17"
"targum-jonathan-on-i-samuel","Targum Jonathan on I Samuel","tok-95d9087aff40","לְמַשְׁרִיתָא","למשריתא","Unresolved","","No lexical entry yet","true","8","Targum Jonathan on I Samuel 4:3; Targum Jonathan on I Samuel 4:5; Targum Jonathan on I Samuel 4:6; Targum Jonathan on I Samuel 4:7; Targum Jonathan on I Samuel 17:17"
"targum-jonathan-on-i-samuel","Targum Jonathan on I Samuel","tok-ccb10dde639b","לְמֵתַב","למתב","Unresolved","","No lexical entry yet","true","1","Targum Jonathan on I Samuel 29:11"
"targum-jonathan-on-i-samuel","Targum Jonathan on I Samuel","tok-b44b3c749902","לְמִתְבַּע","למתבע","Unresolved","","No lexical entry yet","true","1","Targum Jonathan on I Samuel 9:9"
"targum-jonathan-on-i-samuel","Targum Jonathan on I Samuel","tok-11260d09cb7e","לְמַתְלָא","למתלא","Unresolved","","No lexical entry yet","true","1","Targum Jonathan on I Samuel 10:12"
"targum-jonathan-on-i-samuel","Targum Jonathan on I Samuel","tok-ae56dbb4c131","לְמִתַּן","למתנ","Unresolved","","No lexical entry yet","true","1","Targum Jonathan on I Samuel 18:19"
"targum-jonathan-on-i-samuel","Targum Jonathan on I Samuel","tok-08c99721db7f","לָנָא","לנא","Unresolved","","No lexical entry yet","true","27","Targum Jonathan on I Samuel 4:3; Targum Jonathan on I Samuel 4:7; Targum Jonathan on I Samuel 4:8; Targum Jonathan on I Samuel 6:9; Targum Jonathan on I Samuel 8:5"
"targum-jonathan-on-i-samuel","Targum Jonathan on I Samuel","tok-1e0041b5bf2f","לִנְבִיָא","לנביא","Unresolved","","No lexical entry yet","true","4","Targum Jonathan on I Samuel 9:7; Targum Jonathan on I Samuel 9:8; Targum Jonathan on I Samuel 9:9"
"targum-jonathan-on-i-samuel","Targum Jonathan on I Samuel","tok-f6cee972acba","לְנָבָל","לנבל","Unresolved","","No lexical entry yet","true","1","Targum Jonathan on I Samuel 25:34"
"targum-jonathan-on-i-samuel","Targum Jonathan on I Samuel","tok-3b7edd274d26","לְנַגְנָא","לנגנא","Unresolved","","No lexical entry yet","true","1","Targum Jonathan on I Samuel 16:16"
"targum-jonathan-on-i-samuel","Targum Jonathan on I Samuel","tok-922246dae17e","לְנַגָנָא","לנגנא","Unresolved","","No lexical entry yet","true","2","Targum Jonathan on I Samuel 16:17; Targum Jonathan on I Samuel 16:18"
"targum-jonathan-on-i-samuel","Targum Jonathan on I Samuel","tok-2135fcb6b44b","לְנוֹב","לנוב","Unresolved","","No lexical entry yet","true","2","Targum Jonathan on I Samuel 21:2; Targum Jonathan on I Samuel 22:9"
"targum-jonathan-on-i-samuel","Targum Jonathan on I Samuel","tok-69945d05e15e","לְנָחָשׁ","לנחש","Unresolved","","No lexical entry yet","true","1","Targum Jonathan on I Samuel 11:1"
"targum-jonathan-on-i-samuel","Targum Jonathan on I Samuel","tok-d5226bf65f2a","לְנָטֵל","לנטל","Unresolved","","No lexical entry yet","true","1","Targum Jonathan on I Samuel 31:4"
"targum-jonathan-on-i-samuel","Targum Jonathan on I Samuel","tok-d2156b3e75fc","לִנְטַל","לנטל","Unresolved","","No lexical entry yet","true","1","Targum Jonathan on I Samuel 14:12"
"targum-jonathan-on-i-samuel","Targum Jonathan on I Samuel","tok-98c76f660879","לְנִכְסַת","לנכסת","Unresolved","","No lexical entry yet","true","1","Targum Jonathan on I Samuel 16:5"
"targum-jonathan-on-i-samuel","Targum Jonathan on I Samuel","tok-ee4beb2adf55","לְנַפְשֵׁיהּ","לנפשיה","Unresolved","","No lexical entry yet","true","1","Targum Jonathan on I Samuel 2:14"
"targum-jonathan-on-i-samuel","Targum Jonathan on I Samuel","tok-800856c5125f","לִנְשִׁין","לנשינ","Unresolved","","No lexical entry yet","true","1","Targum Jonathan on I Samuel 25:43"
"targum-jonathan-on-i-samuel","Targum Jonathan on I Samuel","tok-2a9f588e66e5","לְסָבֵי","לסבי","Unresolved","","No lexical entry yet","true","1","Targum Jonathan on I Samuel 30:26"
"targum-jonathan-on-i-samuel","Targum Jonathan on I Samuel","tok-d770e3386dd5","לִסְגֵי","לסגי","Unresolved","","No lexical entry yet","true","1","Targum Jonathan on I Samuel 13:5"
"targum-jonathan-on-i-samuel","Targum Jonathan on I Samuel","tok-8629bb4d1535","לְסִדְרָא","לסדרא","Unresolved","","No lexical entry yet","true","2","Targum Jonathan on I Samuel 17:22; Targum Jonathan on I Samuel 17:48"
"targum-jonathan-on-i-samuel","Targum Jonathan on I Samuel","tok-b3bdc4cee668","לְסַדְרָא","לסדרא","Unresolved","","No lexical entry yet","true","1","Targum Jonathan on I Samuel 17:8"
"targum-jonathan-on-i-samuel","Targum Jonathan on I Samuel","tok-99623deb0869","לְסִידְרָא","לסידרא","Unresolved","","No lexical entry yet","true","1","Targum Jonathan on I Samuel 17:20"
"targum-jonathan-on-i-samuel","Targum Jonathan on I Samuel","tok-36321be38301","לְסַנְאֵי","לסנאי","Unresolved","","No lexical entry yet","true","1","Targum Jonathan on I Samuel 25:22"
"targum-jonathan-on-i-samuel","Targum Jonathan on I Samuel","tok-68aedd959aa7","לְעַבְדוֹהִי","לעבדוהי","Unresolved","","No lexical entry yet","true","5","Targum Jonathan on I Samuel 8:14; Targum Jonathan on I Samuel 16:17; Targum Jonathan on I Samuel 21:15; Targum Jonathan on I Samuel 22:7; Targum Jonathan on I Samuel 28:7"
"targum-jonathan-on-i-samuel","Targum Jonathan on I Samuel","tok-d650b6329f40","לְעַבְדִין","לעבדינ","Unresolved","","No lexical entry yet","true","3","Targum Jonathan on I Samuel 8:17; Targum Jonathan on I Samuel 17:9"
"targum-jonathan-on-i-samuel","Targum Jonathan on I Samuel","tok-644d64467e47","לְעַבְדָךְ","לעבדכ","Unresolved","","No lexical entry yet","true","3","Targum Jonathan on I Samuel 20:7; Targum Jonathan on I Samuel 23:11; Targum Jonathan on I Samuel 25:8"
"targum-jonathan-on-i-samuel","Targum Jonathan on I Samuel","tok-ee0119cd24a0","לְעֶבְרָא","לעברא","Unresolved","","No lexical entry yet","true","2","Targum Jonathan on I Samuel 14:40"
"targum-jonathan-on-i-samuel","Targum Jonathan on I Samuel","tok-62dd58df73ec","לְעַדְרִיאֵל","לעדריאל","Unresolved","","No lexical entry yet","true","1","Targum Jonathan on I Samuel 18:19"
"targum-jonathan-on-i-samuel","Targum Jonathan on I Samuel","tok-4fb2aff60d34","לְעוּלֵימָא","לעולימא","Unresolved","","No lexical entry yet","true","7","Targum Jonathan on I Samuel 9:5; Targum Jonathan on I Samuel 9:27; Targum Jonathan on I Samuel 14:1; Targum Jonathan on I Samuel 14:6; Targum Jonathan on I Samuel 20:21"
"targum-jonathan-on-i-samuel","Targum Jonathan on I Samuel","tok-d6f5bc06db12","לְעוּלֵימַיָא","לעולימיא","Unresolved","","No lexical entry yet","true","2","Targum Jonathan on I Samuel 21:6; Targum Jonathan on I Samuel 25:5"
"targum-jonathan-on-i-samuel","Targum Jonathan on I Samuel","tok-fbb343262f89","לְעוּלֵימֵיהּ","לעולימיה","Unresolved","","No lexical entry yet","true","3","Targum Jonathan on I Samuel 9:7; Targum Jonathan on I Samuel 9:10; Targum Jonathan on I Samuel 20:36"
"targum-jonathan-on-i-samuel","Targum Jonathan on I Samuel","tok-7bd7a7424b17","לְעוּלֵמָהָא","לעולמהא","Unresolved","","No lexical entry yet","true","1","Targum Jonathan on I Samuel 25:19"
"targum-jonathan-on-i-samuel","Targum Jonathan on I Samuel","tok-bec8635453cd","לְעוּלֵמַיָא","לעולמיא","Unresolved","","No lexical entry yet","true","1","Targum Jonathan on I Samuel 25:27"
"targum-jonathan-on-i-samuel","Targum Jonathan on I Samuel","tok-ae4102da8b7b","לְעוֹפָא","לעופא","Unresolved","","No lexical entry yet","true","2","Targum Jonathan on I Samuel 17:44; Targum Jonathan on I Samuel 17:46"
"targum-jonathan-on-i-samuel","Targum Jonathan on I Samuel","tok-e399afa409cc","לְעוּשְׁפַיָא","לעושפיא","Unresolved","","No lexical entry yet","true","1","Targum Jonathan on I Samuel 13:21"
"targum-jonathan-on-i-samuel","Targum Jonathan on I Samuel","tok-3d322ea544de","לְעֵינֵיכוֹן","לעיניכונ","Unresolved","","No lexical entry yet","true","1","Targum Jonathan on I Samuel 12:16"
"targum-jonathan-on-i-samuel","Targum Jonathan on I Samuel","tok-f7fdec0f5284","לְעֵלִי","לעלי","Unresolved","","No lexical entry yet","true","3","Targum Jonathan on I Samuel 3:15; Targum Jonathan on I Samuel 4:14; Targum Jonathan on I Samuel 4:16"
"targum-jonathan-on-i-samuel","Targum Jonathan on I Samuel","tok-2164af98f5e5","לְעָלָם","לעלמ","Unresolved","","No lexical entry yet","true","1","Targum Jonathan on I Samuel 15:29"
"targum-jonathan-on-i-samuel","Targum Jonathan on I Samuel","tok-2936736161c9","לַעֲלָם","לעלמ","Unresolved","","No lexical entry yet","true","1","Targum Jonathan on I Samuel 27:12"
"targum-jonathan-on-i-samuel","Targum Jonathan on I Samuel","tok-34e147582fd4","לְעַמָא","לעמא","Unresolved","","No lexical entry yet","true","8","Targum Jonathan on I Samuel 8:10; Targum Jonathan on I Samuel 9:12; Targum Jonathan on I Samuel 11:5; Targum Jonathan on I Samuel 11:14; Targum Jonathan on I Samuel 12:6"
"targum-jonathan-on-i-samuel","Targum Jonathan on I Samuel","tok-d9566e649240","לְעַמֵיהּ","לעמיה","Unresolved","","No lexical entry yet","true","1","Targum Jonathan on I Samuel 2:10"
"targum-jonathan-on-i-samuel","Targum Jonathan on I Samuel","tok-d563cf4185f8","לְעֶקְרוֹן","לעקרונ","Unresolved","","No lexical entry yet","true","3","Targum Jonathan on I Samuel 5:10; Targum Jonathan on I Samuel 6:16"
"targum-jonathan-on-i-samuel","Targum Jonathan on I Samuel","tok-a880c3d087fe","לְפוּלְחָנָא","לפולחנא","Unresolved","","No lexical entry yet","true","1","Targum Jonathan on I Samuel 7:3"
"targum-jonathan-on-i-samuel","Targum Jonathan on I Samuel","tok-4094df0eed4c","לְפוּמֵיהּ","לפומיה","Unresolved","","No lexical entry yet","true","2","Targum Jonathan on I Samuel 14:26; Targum Jonathan on I Samuel 14:27"
"targum-jonathan-on-i-samuel","Targum Jonathan on I Samuel","tok-a831fd326221","לְפִילְגִיסָא","לפילגיסא","Unresolved","","No lexical entry yet","true","1","Targum Jonathan on I Samuel 20:20"
"targum-jonathan-on-i-samuel","Targum Jonathan on I Samuel","tok-b0ec267e7294","לְפַלְגָא","לפלגא","Unresolved","","No lexical entry yet","true","1","Targum Jonathan on I Samuel 15:12"
"targum-jonathan-on-i-samuel","Targum Jonathan on I Samuel","tok-3ea0f20ed10c","לְפֻלְחָנָא","לפלחנא","Unresolved","","No lexical entry yet","true","1","Targum Jonathan on I Samuel 7:3"
"targum-jonathan-on-i-samuel","Targum Jonathan on I Samuel","tok-b785aba88640","לְפַלְטִי","לפלטי","Unresolved","","No lexical entry yet","true","1","Targum Jonathan on I Samuel 25:44"
"targum-jonathan-on-i-samuel","Targum Jonathan on I Samuel","tok-5f8d9363d2c6","לִפְלִשְׁתָּאָה","לפלשתאה","Unresolved","","No lexical entry yet","true","1","Targum Jonathan on I Samuel 17:45"
"targum-jonathan-on-i-samuel","Targum Jonathan on I Samuel","tok-63a14488ea05","לִפְלִשְׁתָּאֵי","לפלשתאי","Unresolved","","No lexical entry yet","true","2","Targum Jonathan on I Samuel 14:21; Targum Jonathan on I Samuel 17:8"
"targum-jonathan-on-i-samuel","Targum Jonathan on I Samuel","tok-91f7dadd20f1","לִפְנִנָה","לפננה","Unresolved","","No lexical entry yet","true","2","Targum Jonathan on I Samuel 1:2; Targum Jonathan on I Samuel 1:4"
"targum-jonathan-on-i-samuel","Targum Jonathan on I Samuel","tok-d824fdc83d60","לְפִתְגַם","לפתגמ","Unresolved","","No lexical entry yet","true","2","Targum Jonathan on I Samuel 15:8; Targum Jonathan on I Samuel 22:19"
"targum-jonathan-on-i-samuel","Targum Jonathan on I Samuel","tok-a8d75c5f2dab","לְפִתְגָם","לפתגמ","Unresolved","","No lexical entry yet","true","1","Targum Jonathan on I Samuel 22:19"
"targum-jonathan-on-i-samuel","Targum Jonathan on I Samuel","tok-108de19d8dfe","לְפִתְגָמָא","לפתגמא","Unresolved","","No lexical entry yet","true","1","Targum Jonathan on I Samuel 30:24"
"targum-jonathan-on-i-samuel","Targum Jonathan on I Samuel","tok-9ffe1f60d491","לְפָתוֹרָא","לפתורא","Unresolved","","No lexical entry yet","true","1","Targum Jonathan on I Samuel 20:29"
"targum-jonathan-on-i-samuel","Targum Jonathan on I Samuel","tok-6258413e9328","לְצֵית","לצית","Unresolved","","No lexical entry yet","true","1","Targum Jonathan on I Samuel 5:12"
"targum-jonathan-on-i-samuel","Targum Jonathan on I Samuel","tok-ab4ace3500a0","לְצַלָאָה","לצלאה","Unresolved","","No lexical entry yet","true","4","Targum Jonathan on I Samuel 1:12; Targum Jonathan on I Samuel 1:26; Targum Jonathan on I Samuel 2:22; Targum Jonathan on I Samuel 12:23"
"targum-jonathan-on-i-samuel","Targum Jonathan on I Samuel","tok-871e3a82e528","לְצִקְלַג","לצקלג","Unresolved","","No lexical entry yet","true","2","Targum Jonathan on I Samuel 30:1; Targum Jonathan on I Samuel 30:26"
"targum-jonathan-on-i-samuel","Targum Jonathan on I Samuel","tok-c1b1489d340e","לְקָבֵיל","לקביל","Unresolved","","No lexical entry yet","true","1","Targum Jonathan on I Samuel 14:5"
"targum-jonathan-on-i-samuel","Targum Jonathan on I Samuel","tok-ae6252fb1899","לִקֳבֵיל","לקביל","Unresolved","","No lexical entry yet","true","1","Targum Jonathan on I Samuel 17:30"
"targum-jonathan-on-i-samuel","Targum Jonathan on I Samuel","tok-8e6ac9a42764","לְקַבָּלָא","לקבלא","Unresolved","","No lexical entry yet","true","1","Targum Jonathan on I Samuel 8:19"
"targum-jonathan-on-i-samuel","Targum Jonathan on I Samuel","tok-d3e5116ffb7e","לָקֳדָם","לקדמ","Unresolved","","No lexical entry yet","true","2","Targum Jonathan on I Samuel 2:25; Targum Jonathan on I Samuel 10:17"
"targum-jonathan-on-i-samuel","Targum Jonathan on I Samuel","tok-3605796037b3","לְקָדָמוּת","לקדמות","Unresolved","","No lexical entry yet","true","1","Targum Jonathan on I Samuel 4:1"
"targum-jonathan-on-i-samuel","Targum Jonathan on I Samuel","tok-de62f8f35aae","לִקְדָמוּת","לקדמות","Unresolved","","No lexical entry yet","true","1","Targum Jonathan on I Samuel 23:28"
"targum-jonathan-on-i-samuel","Targum Jonathan on I Samuel","tok-a78938a10f28","לִקֳדָמוּת","לקדמות","Unresolved","","No lexical entry yet","true","2","Targum Jonathan on I Samuel 17:21; Targum Jonathan on I Samuel 17:48"
"targum-jonathan-on-i-samuel","Targum Jonathan on I Samuel","tok-a3cbe5a8682f","לִקָדָמוּת","לקדמות","Unresolved","","No lexical entry yet","true","1","Targum Jonathan on I Samuel 30:21"
"targum-jonathan-on-i-samuel","Targum Jonathan on I Samuel","tok-7313e5350f99","לָקֳדָמוּת","לקדמות","Unresolved","","No lexical entry yet","true","7","Targum Jonathan on I Samuel 4:2; Targum Jonathan on I Samuel 15:12; Targum Jonathan on I Samuel 17:2; Targum Jonathan on I Samuel 17:48; Targum Jonathan on I Samuel 17:55"
"targum-jonathan-on-i-samuel","Targum Jonathan on I Samuel","tok-53cb5dc12eb6","לָקֳדָמוּתָהּ","לקדמותה","Unresolved","","No lexical entry yet","true","1","Targum Jonathan on I Samuel 25:20"
"targum-jonathan-on-i-samuel","Targum Jonathan on I Samuel","tok-61184d664c0a","לָקֳדָמוּתְהוֹן","לקדמותהונ","Unresolved","","No lexical entry yet","true","1","Targum Jonathan on I Samuel 9:14"
"targum-jonathan-on-i-samuel","Targum Jonathan on I Samuel","tok-ade146155784","לָקֳדָמוּתִי","לקדמותי","Unresolved","","No lexical entry yet","true","2","Targum Jonathan on I Samuel 25:32; Targum Jonathan on I Samuel 25:34"
"targum-jonathan-on-i-samuel","Targum Jonathan on I Samuel","tok-bbdedddcc894","לִקְדָמוּתֵיהּ","לקדמותיה","Unresolved","","No lexical entry yet","true","1","Targum Jonathan on I Samuel 16:4"
"targum-jonathan-on-i-samuel","Targum Jonathan on I Samuel","tok-56653f4c6235","לָקֳדָמוּתֵיהּ","לקדמותיה","Unresolved","","No lexical entry yet","true","2","Targum Jonathan on I Samuel 10:10; Targum Jonathan on I Samuel 13:10"
"targum-jonathan-on-i-samuel","Targum Jonathan on I Samuel","tok-137444b5c4b1","לָקֳדָמַי","לקדמי","Unresolved","","No lexical entry yet","true","1","Targum Jonathan on I Samuel 9:19"
"targum-jonathan-on-i-samuel","Targum Jonathan on I Samuel","tok-0db76bf031ac","לָקֳדָמָי","לקדמי","Unresolved","","No lexical entry yet","true","1","Targum Jonathan on I Samuel 9:16"
"targum-jonathan-on-i-samuel","Targum Jonathan on I Samuel","tok-8ae572d3c4e2","לְקֻדְשָׁא","לקדשא","Unresolved","","No lexical entry yet","true","1","Targum Jonathan on I Samuel 21:6"
"targum-jonathan-on-i-samuel","Targum Jonathan on I Samuel","tok-a479ece64ced","לָקוּ","לקו","Unresolved","","No lexical entry yet","true","1","Targum Jonathan on I Samuel 5:12"
"targum-jonathan-on-i-samuel","Targum Jonathan on I Samuel","tok-1b741baa4c87","לְקַטָלוּתְהוֹן","לקטלותהונ","Unresolved","","No lexical entry yet","true","1","Targum Jonathan on I Samuel 2:25"
"targum-jonathan-on-i-samuel","Targum Jonathan on I Samuel","tok-fd4e03aea2cb","לְקַטָלוּתָנָא","לקטלותנא","Unresolved","","No lexical entry yet","true","1","Targum Jonathan on I Samuel 5:10"
"targum-jonathan-on-i-samuel","Targum Jonathan on I Samuel","tok-ec3ac99752b8","לְקִיבְלָהּ","לקיבלה","Unresolved","","No lexical entry yet","true","1","Targum Jonathan on I Samuel 25:42"
"targum-jonathan-on-i-samuel","Targum Jonathan on I Samuel","tok-05d99aed79a3","לְקִירְוֹהִי","לקירוהי","Unresolved","","No lexical entry yet","true","1","Targum Jonathan on I Samuel 13:2"
"targum-jonathan-on-i-samuel","Targum Jonathan on I Samuel","tok-fb9700694adc","לְקִירְווֹהִי","לקירווהי","Unresolved","","No lexical entry yet","true","1","Targum Jonathan on I Samuel 4:10"
"targum-jonathan-on-i-samuel","Targum Jonathan on I Samuel","tok-d7d57b0a26fe","לְקִישׁ","לקיש","Unresolved","","No lexical entry yet","true","1","Targum Jonathan on I Samuel 9:3"
"targum-jonathan-on-i-samuel","Targum Jonathan on I Samuel","tok-e6e490a469d3","לִקְעִילָה","לקעילה","Unresolved","","No lexical entry yet","true","7","Targum Jonathan on I Samuel 23:3; Targum Jonathan on I Samuel 23:4; Targum Jonathan on I Samuel 23:5; Targum Jonathan on I Samuel 23:6; Targum Jonathan on I Samuel 23:7"
"targum-jonathan-on-i-samuel","Targum Jonathan on I Samuel","tok-1d82f0b4a417","לִקְרָבָא","לקרבא","Unresolved","","No lexical entry yet","true","2","Targum Jonathan on I Samuel 17:13"
"targum-jonathan-on-i-samuel","Targum Jonathan on I Samuel","tok-e525dbf000fb","לִקָרָבָא","לקרבא","Unresolved","","No lexical entry yet","true","1","Targum Jonathan on I Samuel 2:29"
"targum-jonathan-on-i-samuel","Targum Jonathan on I Samuel","tok-cfadabc73b73","לְקַרְתָּא","לקרתא","Unresolved","","No lexical entry yet","true","11","Targum Jonathan on I Samuel 4:13; Targum Jonathan on I Samuel 9:10; Targum Jonathan on I Samuel 9:12; Targum Jonathan on I Samuel 9:13; Targum Jonathan on I Samuel 9:14"
"targum-jonathan-on-i-samuel","Targum Jonathan on I Samuel","tok-cf447ceb4360","לְקַרְתֵּיהּ","לקרתיה","Unresolved","","No lexical entry yet","true","1","Targum Jonathan on I Samuel 8:22"
"targum-jonathan-on-i-samuel","Targum Jonathan on I Samuel","tok-569726b33681","לְרַב","לרב","Unresolved","","No lexical entry yet","true","1","Targum Jonathan on I Samuel 17:18"
"targum-jonathan-on-i-samuel","Targum Jonathan on I Samuel","tok-de93807fb1da","לְרַבָּא","לרבא","Unresolved","","No lexical entry yet","true","1","Targum Jonathan on I Samuel 22:2"
"targum-jonathan-on-i-samuel","Targum Jonathan on I Samuel","tok-ca939f2f1c64","לְרִבּוֹנִי","לרבוני","Unresolved","","No lexical entry yet","true","6","Targum Jonathan on I Samuel 24:7; Targum Jonathan on I Samuel 25:27; Targum Jonathan on I Samuel 25:28; Targum Jonathan on I Samuel 25:30; Targum Jonathan on I Samuel 25:31"
"targum-jonathan-on-i-samuel","Targum Jonathan on I Samuel","tok-f90dda334d5e","לְרַבְיָא","לרביא","Unresolved","","No lexical entry yet","true","2","Targum Jonathan on I Samuel 3:8; Targum Jonathan on I Samuel 4:21"
"targum-jonathan-on-i-samuel","Targum Jonathan on I Samuel","tok-5376e19fd20d","לְרַבָּיוּתָךְ","לרביותכ","Unresolved","","No lexical entry yet","true","1","Targum Jonathan on I Samuel 15:1"
"targum-jonathan-on-i-samuel","Targum Jonathan on I Samuel","tok-d6444e3fdf42","לְרַבְרְבוֹהִי","לרברבוהי","Unresolved","","No lexical entry yet","true","1","Targum Jonathan on I Samuel 8:15"
"targum-jonathan-on-i-samuel","Targum Jonathan on I Samuel","tok-99b4e160e7d4","לְרַבְרְבֵי","לרברבי","Unresolved","","No lexical entry yet","true","1","Targum Jonathan on I Samuel 29:3"
"targum-jonathan-on-i-samuel","Targum Jonathan on I Samuel","tok-cf0f059ba8ed","לִרְהָטַיָא","לרהטיא","Unresolved","","No lexical entry yet","true","1","Targum Jonathan on I Samuel 22:17"
"targum-jonathan-on-i-samuel","Targum Jonathan on I Samuel","tok-73209b1d6875","לְרוֹחֲצָן","לרוחצנ","Unresolved","","No lexical entry yet","true","1","Targum Jonathan on I Samuel 12:11"
"targum-jonathan-on-i-samuel","Targum Jonathan on I Samuel","tok-c04bbe6d47f3","לְרַחֲמוֹהִי","לרחמוהי","Unresolved","","No lexical entry yet","true","1","Targum Jonathan on I Samuel 30:26"
"targum-jonathan-on-i-samuel","Targum Jonathan on I Samuel","tok-280c173b89cf","לְרֵישֵׁי","לרישי","Unresolved","","No lexical entry yet","true","1","Targum Jonathan on I Samuel 28:2"
"targum-jonathan-on-i-samuel","Targum Jonathan on I Samuel","tok-3860403cb2dc","לְרָמָתָא","לרמתא","Unresolved","","No lexical entry yet","true","8","Targum Jonathan on I Samuel 1:19; Targum Jonathan on I Samuel 2:11; Targum Jonathan on I Samuel 7:17; Targum Jonathan on I Samuel 8:4; Targum Jonathan on I Samuel 15:34"
"targum-jonathan-on-i-samuel","Targum Jonathan on I Samuel","tok-fd773ebebc0d","לְרַשִׁיעַיָא","לרשיעיא","Unresolved","","No lexical entry yet","true","1","Targum Jonathan on I Samuel 2:8"
"targum-jonathan-on-i-samuel","Targum Jonathan on I Samuel","tok-2b0e83770e83","לְשָׁאוּל","לשאול","Unresolved","","No lexical entry yet","true","32","Targum Jonathan on I Samuel 9:3; Targum Jonathan on I Samuel 9:26; Targum Jonathan on I Samuel 9:27; Targum Jonathan on I Samuel 13:13; Targum Jonathan on I Samuel 13:22"
"targum-jonathan-on-i-samuel","Targum Jonathan on I Samuel","tok-3c031593b7c2","לִשְׁאוֹל","לשאול","Unresolved","","No lexical entry yet","true","1","Targum Jonathan on I Samuel 2:6"
"targum-jonathan-on-i-samuel","Targum Jonathan on I Samuel","tok-dc782e7c3bad","לְשַׁבָּחָא","לשבחא","Unresolved","","No lexical entry yet","true","2","Targum Jonathan on I Samuel 2:1; Targum Jonathan on I Samuel 18:6"
"targum-jonathan-on-i-samuel","Targum Jonathan on I Samuel","tok-62412a027bfe","לְשֵׁבֶט","לשבט","Unresolved","","No lexical entry yet","true","1","Targum Jonathan on I Samuel 17:1"
"targum-jonathan-on-i-samuel","Targum Jonathan on I Samuel","tok-7a6daf8cbe13","לְשִׁבְטֵיכוֹן","לשבטיכונ","Unresolved","","No lexical entry yet","true","1","Targum Jonathan on I Samuel 10:19"
"targum-jonathan-on-i-samuel","Targum Jonathan on I Samuel","tok-d9eea348c525","לְשַׁוְיוּתֵיהּ","לשויותיה","Unresolved","","No lexical entry yet","true","1","Targum Jonathan on I Samuel 21:7"
"targum-jonathan-on-i-samuel","Targum Jonathan on I Samuel","tok-70199d5dd8ec","לְשׁוֹכֹה","לשוכה","Unresolved","","No lexical entry yet","true","1","Targum Jonathan on I Samuel 17:1"
"targum-jonathan-on-i-samuel","Targum Jonathan on I Samuel","tok-8138adf12014","לְשָׂטָן","לשטנ","Unresolved","","No lexical entry yet","true","1","Targum Jonathan on I Samuel 29:4"
"targum-jonathan-on-i-samuel","Targum Jonathan on I Samuel","tok-964ad74b126f","לְשִׁילֹה","לשילה","Unresolved","","No lexical entry yet","true","1","Targum Jonathan on I Samuel 4:4"
"targum-jonathan-on-i-samuel","Targum Jonathan on I Samuel","tok-7d7a406049b2","לְשֵׁירוּתָא","לשירותא","Unresolved","","No lexical entry yet","true","2","Targum Jonathan on I Samuel 9:24; Targum Jonathan on I Samuel 16:5"
"targum-jonathan-on-i-samuel","Targum Jonathan on I Samuel","tok-d86eab195c73","לְשִׁלֹה","לשלה","Unresolved","","No lexical entry yet","true","1","Targum Jonathan on I Samuel 4:12"
"targum-jonathan-on-i-samuel","Targum Jonathan on I Samuel","tok-133af968d98a","לְשִׁלוֹ","לשלו","Unresolved","","No lexical entry yet","true","1","Targum Jonathan on I Samuel 1:24"
"targum-jonathan-on-i-samuel","Targum Jonathan on I Samuel","tok-dcbbbc4255ef","לִשְׁלָם","לשלמ","Unresolved","","No lexical entry yet","true","8","Targum Jonathan on I Samuel 1:17; Targum Jonathan on I Samuel 10:4; Targum Jonathan on I Samuel 17:18; Targum Jonathan on I Samuel 20:13; Targum Jonathan on I Samuel 20:42"
"targum-jonathan-on-i-samuel","Targum Jonathan on I Samuel","tok-fd7b07d3d343","לְשַׁלָמָא","לשלמא","Unresolved","","No lexical entry yet","true","1","Targum Jonathan on I Samuel 2:3"
"targum-jonathan-on-i-samuel","Targum Jonathan on I Samuel","tok-bc0ffe21e247","לְשַׁלְמָאָה","לשלמאה","Unresolved","","No lexical entry yet","true","1","Targum Jonathan on I Samuel 15:6"
"targum-jonathan-on-i-samuel","Targum Jonathan on I Samuel","tok-dd7f162e78cc","לִשְׁמוּאֵל","לשמואל","Unresolved","","No lexical entry yet","true","16","Targum Jonathan on I Samuel 3:4; Targum Jonathan on I Samuel 3:9; Targum Jonathan on I Samuel 3:11; Targum Jonathan on I Samuel 3:21; Targum Jonathan on I Samuel 7:8"
"targum-jonathan-on-i-samuel","Targum Jonathan on I Samuel","tok-43abcfeb5655","לְשַׁמָשָׁא","לשמשא","Unresolved","","No lexical entry yet","true","1","Targum Jonathan on I Samuel 2:28"
"targum-jonathan-on-i-samuel","Targum Jonathan on I Samuel","tok-59cab16f90fa","לְשַׁמָשָׁן","לשמשנ","Unresolved","","No lexical entry yet","true","1","Targum Jonathan on I Samuel 8:13"
"targum-jonathan-on-i-samuel","Targum Jonathan on I Samuel","tok-0867fdd9b8ca","לְשִׁקְרָא","לשקרא","Unresolved","","No lexical entry yet","true","1","Targum Jonathan on I Samuel 25:21"
"targum-jonathan-on-i-samuel","Targum Jonathan on I Samuel","tok-56ba61f6a946","לִתְחוֹת","לתחות","Unresolved","","No lexical entry yet","true","1","Targum Jonathan on I Samuel 21:5"
"targum-jonathan-on-i-samuel","Targum Jonathan on I Samuel","tok-a9555829e20b","לְתַמָן","לתמנ","Unresolved","","No lexical entry yet","true","3","Targum Jonathan on I Samuel 10:10; Targum Jonathan on I Samuel 19:23; Targum Jonathan on I Samuel 22:1"
"targum-jonathan-on-i-samuel","Targum Jonathan on I Samuel","tok-4033a3ebaf20","לְתִנְיָן","לתנינ","Unresolved","","No lexical entry yet","true","1","Targum Jonathan on I Samuel 23:17"
"targum-jonathan-on-i-samuel","Targum Jonathan on I Samuel","tok-d8898a30cef1","לְתַקָלָא","לתקלא","Unresolved","","No lexical entry yet","true","1","Targum Jonathan on I Samuel 18:21"
"targum-jonathan-on-i-samuel","Targum Jonathan on I Samuel","tok-dc856cfe33e5","מָא","מא","Unresolved","","No lexical entry yet","true","4","Targum Jonathan on I Samuel 11:12; Targum Jonathan on I Samuel 20:4; Targum Jonathan on I Samuel 20:27; Targum Jonathan on I Samuel 21:2"
"targum-jonathan-on-i-samuel","Targum Jonathan on I Samuel","tok-d380048a87c1","מֵאֶבֶן","מאבנ","Unresolved","","No lexical entry yet","true","1","Targum Jonathan on I Samuel 5:1"
"targum-jonathan-on-i-samuel","Targum Jonathan on I Samuel","tok-183e25e7797e","מְאָה","מאה","Unresolved","","No lexical entry yet","true","10","Targum Jonathan on I Samuel 11:8; Targum Jonathan on I Samuel 14:2; Targum Jonathan on I Samuel 17:7; Targum Jonathan on I Samuel 22:2; Targum Jonathan on I Samuel 23:13"
"targum-jonathan-on-i-samuel","Targum Jonathan on I Samuel","tok-146d7ea59e2b","מֵאָה","מאה","Unresolved","","No lexical entry yet","true","1","Targum Jonathan on I Samuel 13:15"
"targum-jonathan-on-i-samuel","Targum Jonathan on I Samuel","tok-25ea38fe6395","מַאֲוָתָא","מאותא","Unresolved","","No lexical entry yet","true","1","Targum Jonathan on I Samuel 22:7"
"targum-jonathan-on-i-samuel","Targum Jonathan on I Samuel","tok-351d3795c2ba","מָאִים","מאימ","Unresolved","","No lexical entry yet","true","3","Targum Jonathan on I Samuel 6:5; Targum Jonathan on I Samuel 9:6; Targum Jonathan on I Samuel 14:6"
"targum-jonathan-on-i-samuel","Targum Jonathan on I Samuel","tok-0c1ade8c6a14","מֵאִיסָדֵי","מאיסדי","Unresolved","","No lexical entry yet","true","1","Targum Jonathan on I Samuel 26:12"
"targum-jonathan-on-i-samuel","Targum Jonathan on I Samuel","tok-73392ad924a0","מֵאִיתְמְלֵי","מאיתמלי","Unresolved","","No lexical entry yet","true","1","Targum Jonathan on I Samuel 4:7"
"targum-jonathan-on-i-samuel","Targum Jonathan on I Samuel","tok-4bfc7ac10ed2","מְאַלְלִין","מאללינ","Unresolved","","No lexical entry yet","true","1","Targum Jonathan on I Samuel 26:4"
"targum-jonathan-on-i-samuel","Targum Jonathan on I Samuel","tok-7363d13172a5","מָאן","מאנ","Unresolved","","No lexical entry yet","true","1","Targum Jonathan on I Samuel 13:21"
"targum-jonathan-on-i-samuel","Targum Jonathan on I Samuel","tok-4092814f8d27","מָאנֵי","מאני","Unresolved","","No lexical entry yet","true","1","Targum Jonathan on I Samuel 8:12"
"targum-jonathan-on-i-samuel","Targum Jonathan on I Samuel","tok-577f16384a62","מֵאַרְעָא","מארעא","Unresolved","","No lexical entry yet","true","4","Targum Jonathan on I Samuel 9:16; Targum Jonathan on I Samuel 12:6; Targum Jonathan on I Samuel 28:23; Targum Jonathan on I Samuel 30:16"
"targum-jonathan-on-i-samuel","Targum Jonathan on I Samuel","tok-e5042c19e052","מֵאִתְמָלֵי","מאתמלי","Unresolved","","No lexical entry yet","true","1","Targum Jonathan on I Samuel 10:11"
"targum-jonathan-on-i-samuel","Targum Jonathan on I Samuel","tok-39ad044205dc","מָאתָן","מאתנ","Unresolved","","No lexical entry yet","true","5","Targum Jonathan on I Samuel 15:4; Targum Jonathan on I Samuel 18:27; Targum Jonathan on I Samuel 25:18; Targum Jonathan on I Samuel 30:10; Targum Jonathan on I Samuel 30:21"
"targum-jonathan-on-i-samuel","Targum Jonathan on I Samuel","tok-4a1423788113","מְבַזְעִין","מבזעינ","Unresolved","","No lexical entry yet","true","1","Targum Jonathan on I Samuel 4:12"
"targum-jonathan-on-i-samuel","Targum Jonathan on I Samuel","tok-8d4e548b15b7","מִבִּזַת","מבזת","Unresolved","","No lexical entry yet","true","2","Targum Jonathan on I Samuel 14:30; Targum Jonathan on I Samuel 30:26"
"targum-jonathan-on-i-samuel","Targum Jonathan on I Samuel","tok-1ec511e447f7","מִבִּזְתָא","מבזתא","Unresolved","","No lexical entry yet","true","1","Targum Jonathan on I Samuel 30:26"
"targum-jonathan-on-i-samuel","Targum Jonathan on I Samuel","tok-ddbc968f36fb","מִבֵּינֵיהוֹן","מביניהונ","Unresolved","","No lexical entry yet","true","2","Targum Jonathan on I Samuel 17:4; Targum Jonathan on I Samuel 17:23"
"targum-jonathan-on-i-samuel","Targum Jonathan on I Samuel","tok-380a14780be7","מִבֵּינֵיכוֹן","מביניכונ","Unresolved","","No lexical entry yet","true","1","Targum Jonathan on I Samuel 7:3"
"targum-jonathan-on-i-samuel","Targum Jonathan on I Samuel","tok-37da93a81ba4","מְבַסֵר","מבסר","Unresolved","","No lexical entry yet","true","1","Targum Jonathan on I Samuel 11:12"
"targum-jonathan-on-i-samuel","Targum Jonathan on I Samuel","tok-a6028e24ae74","מִבְעָא","מבעא","Unresolved","","No lexical entry yet","true","1","Targum Jonathan on I Samuel 20:6"
"targum-jonathan-on-i-samuel","Targum Jonathan on I Samuel","tok-b63843d91e85","מִבַּעֲלֵי","מבעלי","Unresolved","","No lexical entry yet","true","1","Targum Jonathan on I Samuel 14:24"
"targum-jonathan-on-i-samuel","Targum Jonathan on I Samuel","tok-8687b6f105fd","מְבַעֲתָא","מבעתא","Unresolved","","No lexical entry yet","true","1","Targum Jonathan on I Samuel 16:15"
"targum-jonathan-on-i-samuel","Targum Jonathan on I Samuel","tok-39640da15b75","מְבַשֵׁל","מבשל","Unresolved","","No lexical entry yet","true","1","Targum Jonathan on I Samuel 2:15"
"targum-jonathan-on-i-samuel","Targum Jonathan on I Samuel","tok-bde6cd891e16","מִבָתַר","מבתר","Unresolved","","No lexical entry yet","true","1","Targum Jonathan on I Samuel 24:2"
"targum-jonathan-on-i-samuel","Targum Jonathan on I Samuel","tok-785b962ce696","מִבָּתַר","מבתר","Unresolved","","No lexical entry yet","true","4","Targum Jonathan on I Samuel 12:20; Targum Jonathan on I Samuel 12:21; Targum Jonathan on I Samuel 14:46; Targum Jonathan on I Samuel 15:11"
"targum-jonathan-on-i-samuel","Targum Jonathan on I Samuel","tok-6074c400fe75","מִבַּתְרֵיהֶן","מבתריהנ","Unresolved","","No lexical entry yet","true","1","Targum Jonathan on I Samuel 6:7"
"targum-jonathan-on-i-samuel","Targum Jonathan on I Samuel","tok-62bb0b89f8d7","מִגְבַר","מגבר","Unresolved","","No lexical entry yet","true","2","Targum Jonathan on I Samuel 15:3; Targum Jonathan on I Samuel 22:19"
"targum-jonathan-on-i-samuel","Targum Jonathan on I Samuel","tok-66e09ecf3667","מִגַבְרַיָא","מגבריא","Unresolved","","No lexical entry yet","true","1","Targum Jonathan on I Samuel 30:22"
"targum-jonathan-on-i-samuel","Targum Jonathan on I Samuel","tok-fc2e85406012","מִגֵהִנָם","מגהנמ","Unresolved","","No lexical entry yet","true","1","Targum Jonathan on I Samuel 2:9"
"targum-jonathan-on-i-samuel","Targum Jonathan on I Samuel","tok-40898786306d","מִגוֹ","מגו","Unresolved","","No lexical entry yet","true","2","Targum Jonathan on I Samuel 15:6"
"targum-jonathan-on-i-samuel","Targum Jonathan on I Samuel","tok-40e7978e4fe5","מָגוֹג","מגוג","Unresolved","","No lexical entry yet","true","1","Targum Jonathan on I Samuel 2:10"
"targum-jonathan-on-i-samuel","Targum Jonathan on I Samuel","tok-c58e07abcf38","מְגִיזָתָא","מגיזתא","Unresolved","","No lexical entry yet","true","1","Targum Jonathan on I Samuel 14:4"
"targum-jonathan-on-i-samuel","Targum Jonathan on I Samuel","tok-116f6c2f2bde","מְגִיחַ","מגיח","Unresolved","","No lexical entry yet","true","1","Targum Jonathan on I Samuel 25:28"
"targum-jonathan-on-i-samuel","Targum Jonathan on I Samuel","tok-f6fb105b0b1f","מְגִיחִין","מגיחינ","Unresolved","","No lexical entry yet","true","3","Targum Jonathan on I Samuel 17:19; Targum Jonathan on I Samuel 23:1; Targum Jonathan on I Samuel 28:15"
"targum-jonathan-on-i-samuel","Targum Jonathan on I Samuel","tok-ae38719ddb47","מַגִיחִין","מגיחינ","Unresolved","","No lexical entry yet","true","1","Targum Jonathan on I Samuel 31:1"
"targum-jonathan-on-i-samuel","Targum Jonathan on I Samuel","tok-887d906051f4","מִגְלָא","מגלא","Unresolved","","No lexical entry yet","true","1","Targum Jonathan on I Samuel 1:11"
"targum-jonathan-on-i-samuel","Targum Jonathan on I Samuel","tok-1b186fcb5059","מִגָמָל","מגמל","Unresolved","","No lexical entry yet","true","1","Targum Jonathan on I Samuel 15:3"
"targum-jonathan-on-i-samuel","Targum Jonathan on I Samuel","tok-1f8246e14408","מִגָת","מגת","Unresolved","","No lexical entry yet","true","2","Targum Jonathan on I Samuel 17:4; Targum Jonathan on I Samuel 17:23"
"targum-jonathan-on-i-samuel","Targum Jonathan on I Samuel","tok-f903f83715d4","מִדְאַסְגִיאַת","מדאסגיאת","Unresolved","","No lexical entry yet","true","1","Targum Jonathan on I Samuel 1:12"
"targum-jonathan-on-i-samuel","Targum Jonathan on I Samuel","tok-0b53c40cb7aa","מִדְבְּחָא","מדבחא","Unresolved","","No lexical entry yet","true","1","Targum Jonathan on I Samuel 7:17"
"targum-jonathan-on-i-samuel","Targum Jonathan on I Samuel","tok-e6c450a37017","מַדְבְּחָא","מדבחא","Unresolved","","No lexical entry yet","true","2","Targum Jonathan on I Samuel 14:35"
"targum-jonathan-on-i-samuel","Targum Jonathan on I Samuel","tok-b8d43984a81d","מַדְבְּחִי","מדבחי","Unresolved","","No lexical entry yet","true","2","Targum Jonathan on I Samuel 2:28; Targum Jonathan on I Samuel 2:33"
"targum-jonathan-on-i-samuel","Targum Jonathan on I Samuel","tok-f4cd6701f827","מִדְבֵית","מדבית","Unresolved","","No lexical entry yet","true","1","Targum Jonathan on I Samuel 25:3"
"targum-jonathan-on-i-samuel","Targum Jonathan on I Samuel","tok-24d328b52dfa","מִדֵין","מדינ","Unresolved","","No lexical entry yet","true","1","Targum Jonathan on I Samuel 30:13"
"targum-jonathan-on-i-samuel","Targum Jonathan on I Samuel","tok-9a2a0ae0018d","מִדָן","מדנ","Unresolved","","No lexical entry yet","true","1","Targum Jonathan on I Samuel 3:20"
"targum-jonathan-on-i-samuel","Targum Jonathan on I Samuel","tok-feb75514868d","מַדְנַח","מדנח","Unresolved","","No lexical entry yet","true","1","Targum Jonathan on I Samuel 13:5"
"targum-jonathan-on-i-samuel","Targum Jonathan on I Samuel","tok-09e26deba360","מַדְעָא","מדעא","Unresolved","","No lexical entry yet","true","1","Targum Jonathan on I Samuel 4:1"
"targum-jonathan-on-i-samuel","Targum Jonathan on I Samuel","tok-4309ce12b601","מַדָעִיךְ","מדעיכ","Unresolved","","No lexical entry yet","true","1","Targum Jonathan on I Samuel 25:33"
"targum-jonathan-on-i-samuel","Targum Jonathan on I Samuel","tok-55ca9a735661","מִדַעַם","מדעמ","Unresolved","","No lexical entry yet","true","10","Targum Jonathan on I Samuel 15:9; Targum Jonathan on I Samuel 20:21; Targum Jonathan on I Samuel 20:26; Targum Jonathan on I Samuel 20:39; Targum Jonathan on I Samuel 21:3"
"targum-jonathan-on-i-samuel","Targum Jonathan on I Samuel","tok-22a621120f06","מִדָעַם","מדעמ","Unresolved","","No lexical entry yet","true","3","Targum Jonathan on I Samuel 12:4; Targum Jonathan on I Samuel 12:5; Targum Jonathan on I Samuel 25:21"
"targum-jonathan-on-i-samuel","Targum Jonathan on I Samuel","tok-0c5ea5dedab1","מַדְרוֹכִיתָא","מדרוכיתא","Unresolved","","No lexical entry yet","true","1","Targum Jonathan on I Samuel 14:4"
"targum-jonathan-on-i-samuel","Targum Jonathan on I Samuel","tok-d12b0c3c3055","מִדָרוֹמָא","מדרומא","Unresolved","","No lexical entry yet","true","1","Targum Jonathan on I Samuel 14:5"
"targum-jonathan-on-i-samuel","Targum Jonathan on I Samuel","tok-65557045a35b","מֵהֵיכָלָא","מהיכלא","Unresolved","","No lexical entry yet","true","1","Targum Jonathan on I Samuel 3:3"
"targum-jonathan-on-i-samuel","Targum Jonathan on I Samuel","tok-61e96a21105d","מְהֵימָן","מהימנ","Unresolved","","No lexical entry yet","true","3","Targum Jonathan on I Samuel 2:35; Targum Jonathan on I Samuel 3:20; Targum Jonathan on I Samuel 22:14"
"targum-jonathan-on-i-samuel","Targum Jonathan on I Samuel","tok-8d1801a7ca37","מוֹעֲדָא","מועדא","Unresolved","","No lexical entry yet","true","1","Targum Jonathan on I Samuel 1:4"
"targum-jonathan-on-i-samuel","Targum Jonathan on I Samuel","tok-9ebca92aadb7","מוֹעֲדַיָא","מועדיא","Unresolved","","No lexical entry yet","true","2","Targum Jonathan on I Samuel 1:21; Targum Jonathan on I Samuel 2:19"
"targum-jonathan-on-i-samuel","Targum Jonathan on I Samuel","tok-9ee36e0190b5","מוּרְנִיתָא","מורניתא","Unresolved","","No lexical entry yet","true","8","Targum Jonathan on I Samuel 18:11; Targum Jonathan on I Samuel 19:10; Targum Jonathan on I Samuel 20:33; Targum Jonathan on I Samuel 21:9; Targum Jonathan on I Samuel 26:11"
"targum-jonathan-on-i-samuel","Targum Jonathan on I Samuel","tok-32e592b4a2e7","מוֹתָא","מותא","Unresolved","","No lexical entry yet","true","2","Targum Jonathan on I Samuel 15:32; Targum Jonathan on I Samuel 20:3"
"targum-jonathan-on-i-samuel","Targum Jonathan on I Samuel","tok-313fa30fa77f","מוּתָה","מותה","Unresolved","","No lexical entry yet","true","1","Targum Jonathan on I Samuel 4:20"
"targum-jonathan-on-i-samuel","Targum Jonathan on I Samuel","tok-fa320cc07249","מוֹתֵיהּ","מותיה","Unresolved","","No lexical entry yet","true","1","Targum Jonathan on I Samuel 15:35"
"targum-jonathan-on-i-samuel","Targum Jonathan on I Samuel","tok-22803acfb5b8","מוֹתָרָא","מותרא","Unresolved","","No lexical entry yet","true","1","Targum Jonathan on I Samuel 15:15"
"targum-jonathan-on-i-samuel","Targum Jonathan on I Samuel","tok-55d7e3be38b8","מְזוּזֵי","מזוזי","Unresolved","","No lexical entry yet","true","1","Targum Jonathan on I Samuel 1:9"
"targum-jonathan-on-i-samuel","Targum Jonathan on I Samuel","tok-7c23ef8b15bf","מְזוֹנָא","מזונא","Unresolved","","No lexical entry yet","true","1","Targum Jonathan on I Samuel 9:13"
"targum-jonathan-on-i-samuel","Targum Jonathan on I Samuel","tok-f4579f0ce9e4","מִזְמַן","מזמנ","Unresolved","","No lexical entry yet","true","2","Targum Jonathan on I Samuel 1:3; Targum Jonathan on I Samuel 2:19"
"targum-jonathan-on-i-samuel","Targum Jonathan on I Samuel","tok-4d746bd17eeb","מִזְעֵירָא","מזעירא","Unresolved","","No lexical entry yet","true","2","Targum Jonathan on I Samuel 5:9; Targum Jonathan on I Samuel 30:2"
"targum-jonathan-on-i-samuel","Targum Jonathan on I Samuel","tok-78a0aad93088","מִזְעִירֵי","מזעירי","Unresolved","","No lexical entry yet","true","1","Targum Jonathan on I Samuel 9:21"
"targum-jonathan-on-i-samuel","Targum Jonathan on I Samuel","tok-9ae2d4378e43","מִזְעֵירַי","מזעירי","Unresolved","","No lexical entry yet","true","1","Targum Jonathan on I Samuel 12:2"
"targum-jonathan-on-i-samuel","Targum Jonathan on I Samuel","tok-c36a8598d131","מְחָא","מחא","Unresolved","","No lexical entry yet","true","4","Targum Jonathan on I Samuel 6:19; Targum Jonathan on I Samuel 13:4; Targum Jonathan on I Samuel 19:8; Targum Jonathan on I Samuel 23:5"
"targum-jonathan-on-i-samuel","Targum Jonathan on I Samuel","tok-6db16378d65f","מָחָא","מחא","Unresolved","","No lexical entry yet","true","2","Targum Jonathan on I Samuel 4:8; Targum Jonathan on I Samuel 6:19"
"targum-jonathan-on-i-samuel","Targum Jonathan on I Samuel","tok-5654d6b74064","מְחַבְּלָא","מחבלא","Unresolved","","No lexical entry yet","true","1","Targum Jonathan on I Samuel 13:17"
"targum-jonathan-on-i-samuel","Targum Jonathan on I Samuel","tok-1556bd8d92aa","מֵחוֹבִי","מחובי","Unresolved","","No lexical entry yet","true","1","Targum Jonathan on I Samuel 15:29"
"targum-jonathan-on-i-samuel","Targum Jonathan on I Samuel","tok-8fcb0d7e8310","מַחֲוִילָה","מחוילה","Unresolved","","No lexical entry yet","true","1","Targum Jonathan on I Samuel 15:7"
"targum-jonathan-on-i-samuel","Targum Jonathan on I Samuel","tok-ece4a610f8cc","מְחַר","מחר","Unresolved","","No lexical entry yet","true","5","Targum Jonathan on I Samuel 11:9; Targum Jonathan on I Samuel 11:10; Targum Jonathan on I Samuel 20:5; Targum Jonathan on I Samuel 20:12; Targum Jonathan on I Samuel 20:18"
"targum-jonathan-on-i-samuel","Targum Jonathan on I Samuel","tok-39632abb5ea5","מְחָר","מחר","Unresolved","","No lexical entry yet","true","2","Targum Jonathan on I Samuel 9:16; Targum Jonathan on I Samuel 19:11"
"targum-jonathan-on-i-samuel","Targum Jonathan on I Samuel","tok-11ce72e70ef1","מְחָתָא","מחתא","Unresolved","","No lexical entry yet","true","9","Targum Jonathan on I Samuel 4:10; Targum Jonathan on I Samuel 4:17; Targum Jonathan on I Samuel 5:7; Targum Jonathan on I Samuel 5:9; Targum Jonathan on I Samuel 6:4"
"targum-jonathan-on-i-samuel","Targum Jonathan on I Samuel","tok-def9588d35ae","מֲחָתָא","מחתא","Unresolved","","No lexical entry yet","true","1","Targum Jonathan on I Samuel 5:11"
"targum-jonathan-on-i-samuel","Targum Jonathan on I Samuel","tok-ad70f6222c11","מַחְתָא","מחתא","Unresolved","","No lexical entry yet","true","1","Targum Jonathan on I Samuel 5:4"
"targum-jonathan-on-i-samuel","Targum Jonathan on I Samuel","tok-a05fe314c12e","מָחָתָא","מחתא","Unresolved","","No lexical entry yet","true","1","Targum Jonathan on I Samuel 5:6"
"targum-jonathan-on-i-samuel","Targum Jonathan on I Samuel","tok-218f148a045d","מְחָתֵיהּ","מחתיה","Unresolved","","No lexical entry yet","true","4","Targum Jonathan on I Samuel 5:7; Targum Jonathan on I Samuel 6:3; Targum Jonathan on I Samuel 6:5; Targum Jonathan on I Samuel 6:9"
"targum-jonathan-on-i-samuel","Targum Jonathan on I Samuel","tok-446329fb71e1","מְטוֹ","מטו","Unresolved","","No lexical entry yet","true","1","Targum Jonathan on I Samuel 14:23"
"targum-jonathan-on-i-samuel","Targum Jonathan on I Samuel","tok-de79f48dcc46","מִטוּרָא","מטורא","Unresolved","","No lexical entry yet","true","1","Targum Jonathan on I Samuel 1:1"
"targum-jonathan-on-i-samuel","Targum Jonathan on I Samuel","tok-787d50626425","מַטְמוֹרַיָתָא","מטמוריתא","Unresolved","","No lexical entry yet","true","1","Targum Jonathan on I Samuel 23:23"
"targum-jonathan-on-i-samuel","Targum Jonathan on I Samuel","tok-9de2cb562d12","מִטְמַר","מטמר","Unresolved","","No lexical entry yet","true","1","Targum Jonathan on I Samuel 22:4"
"targum-jonathan-on-i-samuel","Targum Jonathan on I Samuel","tok-2a205379d8aa","מִטַמָר","מטמר","Unresolved","","No lexical entry yet","true","2","Targum Jonathan on I Samuel 23:19; Targum Jonathan on I Samuel 26:1"
"targum-jonathan-on-i-samuel","Targum Jonathan on I Samuel","tok-ba0a80a88ff2","מְטַעֲנִין","מטענינ","Unresolved","","No lexical entry yet","true","1","Targum Jonathan on I Samuel 14:13"
"targum-jonathan-on-i-samuel","Targum Jonathan on I Samuel","tok-905288754b39","מַטְרִי","מטרי","Unresolved","","No lexical entry yet","true","1","Targum Jonathan on I Samuel 10:21"
"targum-jonathan-on-i-samuel","Targum Jonathan on I Samuel","tok-5b166fcf15e1","מַטַרְתָּא","מטרתא","Unresolved","","No lexical entry yet","true","1","Targum Jonathan on I Samuel 14:12"
"targum-jonathan-on-i-samuel","Targum Jonathan on I Samuel","tok-3daf63641a3a","מַיָא","מיא","Unresolved","","No lexical entry yet","true","3","Targum Jonathan on I Samuel 9:11; Targum Jonathan on I Samuel 30:11; Targum Jonathan on I Samuel 30:12"
"targum-jonathan-on-i-samuel","Targum Jonathan on I Samuel","tok-59d336381ac9","מִידָא","מידא","Unresolved","","No lexical entry yet","true","9","Targum Jonathan on I Samuel 2:1; Targum Jonathan on I Samuel 7:3; Targum Jonathan on I Samuel 7:8; Targum Jonathan on I Samuel 7:14; Targum Jonathan on I Samuel 9:16"
"targum-jonathan-on-i-samuel","Targum Jonathan on I Samuel","tok-7b126ddae5e9","מִידֵיהוֹן","מידיהונ","Unresolved","","No lexical entry yet","true","1","Targum Jonathan on I Samuel 10:4"
"targum-jonathan-on-i-samuel","Targum Jonathan on I Samuel","tok-bde5cadb70a6","מְיוֹמָא","מיומא","Unresolved","","No lexical entry yet","true","1","Targum Jonathan on I Samuel 29:6"
"targum-jonathan-on-i-samuel","Targum Jonathan on I Samuel","tok-88c9ac76c6ad","מִיוֹמָא","מיומא","Unresolved","","No lexical entry yet","true","7","Targum Jonathan on I Samuel 7:2; Targum Jonathan on I Samuel 8:8; Targum Jonathan on I Samuel 16:13; Targum Jonathan on I Samuel 18:9; Targum Jonathan on I Samuel 29:3"
"targum-jonathan-on-i-samuel","Targum Jonathan on I Samuel","tok-5eb739e0cf90","מִיוֹמָךְ","מיומכ","Unresolved","","No lexical entry yet","true","1","Targum Jonathan on I Samuel 25:28"
"targum-jonathan-on-i-samuel","Targum Jonathan on I Samuel","tok-f98b43248d41","מֵיזַל","מיזל","Unresolved","","No lexical entry yet","true","3","Targum Jonathan on I Samuel 6:12; Targum Jonathan on I Samuel 14:19; Targum Jonathan on I Samuel 19:23"
"targum-jonathan-on-i-samuel","Targum Jonathan on I Samuel","tok-e9f52e70926b","מִיִזְרֶעֶאל","מיזרעאל","Unresolved","","No lexical entry yet","true","1","Targum Jonathan on I Samuel 25:43"
"targum-jonathan-on-i-samuel","Targum Jonathan on I Samuel","tok-169338081fcc","מֵיחַם","מיחמ","Unresolved","","No lexical entry yet","true","1","Targum Jonathan on I Samuel 11:11"
"targum-jonathan-on-i-samuel","Targum Jonathan on I Samuel","tok-264476e2614a","מִיכַל","מיכל","Unresolved","","No lexical entry yet","true","7","Targum Jonathan on I Samuel 18:20; Targum Jonathan on I Samuel 18:27; Targum Jonathan on I Samuel 19:11; Targum Jonathan on I Samuel 19:12; Targum Jonathan on I Samuel 19:13"
"targum-jonathan-on-i-samuel","Targum Jonathan on I Samuel","tok-ab9ead943bc3","מִיכָל","מיכל","Unresolved","","No lexical entry yet","true","1","Targum Jonathan on I Samuel 14:49"
"targum-jonathan-on-i-samuel","Targum Jonathan on I Samuel","tok-aad355b3ae36","מֵיכַל","מיכל","Unresolved","","No lexical entry yet","true","1","Targum Jonathan on I Samuel 14:30"
"targum-jonathan-on-i-samuel","Targum Jonathan on I Samuel","tok-d901577e2a97","מֵיכְלֵי","מיכלי","Unresolved","","No lexical entry yet","true","1","Targum Jonathan on I Samuel 25:11"
"targum-jonathan-on-i-samuel","Targum Jonathan on I Samuel","tok-de4ed071e0b5","מִילֵי","מילי","Unresolved","","No lexical entry yet","true","1","Targum Jonathan on I Samuel 15:23"
"targum-jonathan-on-i-samuel","Targum Jonathan on I Samuel","tok-62871ddd3398","מֵימַר","מימר","Unresolved","","No lexical entry yet","true","2","Targum Jonathan on I Samuel 2:30; Targum Jonathan on I Samuel 20:21"
"targum-jonathan-on-i-samuel","Targum Jonathan on I Samuel","tok-8ffd1a78cfaa","מֵימְרָא","מימרא","Unresolved","","No lexical entry yet","true","13","Targum Jonathan on I Samuel 4:8; Targum Jonathan on I Samuel 10:7; Targum Jonathan on I Samuel 12:5; Targum Jonathan on I Samuel 12:14; Targum Jonathan on I Samuel 12:15"
"targum-jonathan-on-i-samuel","Targum Jonathan on I Samuel","tok-eab2ddfc5bf3","מֵימְרֵיהּ","מימריה","Unresolved","","No lexical entry yet","true","1","Targum Jonathan on I Samuel 2:8"
"targum-jonathan-on-i-samuel","Targum Jonathan on I Samuel","tok-5ad70b1c0a16","מִיַנְקוּתֵיהּ","מינקותיה","Unresolved","","No lexical entry yet","true","1","Targum Jonathan on I Samuel 17:33"
"targum-jonathan-on-i-samuel","Targum Jonathan on I Samuel","tok-2f6778c99170","מְיַנְקָן","מינקנ","Unresolved","","No lexical entry yet","true","2","Targum Jonathan on I Samuel 6:7; Targum Jonathan on I Samuel 6:10"
"targum-jonathan-on-i-samuel","Targum Jonathan on I Samuel","tok-59eb542412b1","מֵישַׁר","מישר","Unresolved","","No lexical entry yet","true","2","Targum Jonathan on I Samuel 10:3; Targum Jonathan on I Samuel 14:31"
"targum-jonathan-on-i-samuel","Targum Jonathan on I Samuel","tok-a2f8a29e0580","מִיתוּ","מיתו","Unresolved","","No lexical entry yet","true","2","Targum Jonathan on I Samuel 5:12; Targum Jonathan on I Samuel 31:7"
"targum-jonathan-on-i-samuel","Targum Jonathan on I Samuel","tok-a65fb2716da4","מֵיתוֹהִי","מיתוהי","Unresolved","","No lexical entry yet","true","2","Targum Jonathan on I Samuel 9:13; Targum Jonathan on I Samuel 16:11"
"targum-jonathan-on-i-samuel","Targum Jonathan on I Samuel","tok-23bb5d2223a2","מֵיתֵי","מיתי","Unresolved","","No lexical entry yet","true","2","Targum Jonathan on I Samuel 9:15; Targum Jonathan on I Samuel 10:8"
"targum-jonathan-on-i-samuel","Targum Jonathan on I Samuel","tok-35976b16229f","מֵיתָךְ","מיתכ","Unresolved","","No lexical entry yet","true","1","Targum Jonathan on I Samuel 16:4"
"targum-jonathan-on-i-samuel","Targum Jonathan on I Samuel","tok-eded6c47b115","מִכָּא","מכא","Unresolved","","No lexical entry yet","true","6","Targum Jonathan on I Samuel 14:4; Targum Jonathan on I Samuel 17:3; Targum Jonathan on I Samuel 23:26"
"targum-jonathan-on-i-samuel","Targum Jonathan on I Samuel","tok-24d09e748c19","מְכִילְתָא","מכילתא","Unresolved","","No lexical entry yet","true","1","Targum Jonathan on I Samuel 17:17"
"targum-jonathan-on-i-samuel","Targum Jonathan on I Samuel","tok-1f18c8dbf732","מִכְמָשׁ","מכמש","Unresolved","","No lexical entry yet","true","2","Targum Jonathan on I Samuel 13:23; Targum Jonathan on I Samuel 14:5"
"targum-jonathan-on-i-samuel","Targum Jonathan on I Samuel","tok-a2ffdd0959af","מִכְּעַן","מכענ","Unresolved","","No lexical entry yet","true","1","Targum Jonathan on I Samuel 20:12"
"targum-jonathan-on-i-samuel","Targum Jonathan on I Samuel","tok-95b4f1cf7551","מְכַרְכָא","מכרכא","Unresolved","","No lexical entry yet","true","1","Targum Jonathan on I Samuel 21:10"
"targum-jonathan-on-i-samuel","Targum Jonathan on I Samuel","tok-441da9a2b456","מִכַּתְפֵיהּ","מכתפיה","Unresolved","","No lexical entry yet","true","2","Targum Jonathan on I Samuel 9:2; Targum Jonathan on I Samuel 10:23"
"targum-jonathan-on-i-samuel","Targum Jonathan on I Samuel","tok-f8ac9e9547a9","מִלְאַבְאָשָׁא","מלאבאשא","Unresolved","","No lexical entry yet","true","1","Targum Jonathan on I Samuel 25:34"
"targum-jonathan-on-i-samuel","Targum Jonathan on I Samuel","tok-e14d4e1357e0","מִלְאוֹשָׁטָא","מלאושטא","Unresolved","","No lexical entry yet","true","1","Targum Jonathan on I Samuel 26:11"
"targum-jonathan-on-i-samuel","Targum Jonathan on I Samuel","tok-46cb325e491a","מַלְאָכָא","מלאכא","Unresolved","","No lexical entry yet","true","1","Targum Jonathan on I Samuel 28:13"
"targum-jonathan-on-i-samuel","Targum Jonathan on I Samuel","tok-99ca37add090","מִלְאִתְמְנָעָא","מלאתמנעא","Unresolved","","No lexical entry yet","true","1","Targum Jonathan on I Samuel 12:23"
"targum-jonathan-on-i-samuel","Targum Jonathan on I Samuel","tok-0868c8b3ad89","מִלְוַת","מלות","Unresolved","","No lexical entry yet","true","2","Targum Jonathan on I Samuel 10:9; Targum Jonathan on I Samuel 17:15"
"targum-jonathan-on-i-samuel","Targum Jonathan on I Samuel","tok-07a1c8f91979","מִלְוָתִי","מלותי","Unresolved","","No lexical entry yet","true","1","Targum Jonathan on I Samuel 10:2"
"targum-jonathan-on-i-samuel","Targum Jonathan on I Samuel","tok-e0df4ab378f6","מִלְוָתֵיהּ","מלותיה","Unresolved","","No lexical entry yet","true","2","Targum Jonathan on I Samuel 17:30; Targum Jonathan on I Samuel 18:13"
"targum-jonathan-on-i-samuel","Targum Jonathan on I Samuel","tok-95286e33a38d","מִלְחַוָאָה","מלחואה","Unresolved","","No lexical entry yet","true","1","Targum Jonathan on I Samuel 3:15"
"targum-jonathan-on-i-samuel","Targum Jonathan on I Samuel","tok-4d9b26c13319","מִלֵיהוֹן","מליהונ","Unresolved","","No lexical entry yet","true","1","Targum Jonathan on I Samuel 2:25"
"targum-jonathan-on-i-samuel","Targum Jonathan on I Samuel","tok-f33a2a50a55a","מַלֵיל","מליל","Unresolved","","No lexical entry yet","true","4","Targum Jonathan on I Samuel 3:9; Targum Jonathan on I Samuel 15:16; Targum Jonathan on I Samuel 18:24; Targum Jonathan on I Samuel 20:26"
"targum-jonathan-on-i-samuel","Targum Jonathan on I Samuel","tok-ffa9eecfbb54","מַלִילוּ","מלילו","Unresolved","","No lexical entry yet","true","1","Targum Jonathan on I Samuel 18:22"
"targum-jonathan-on-i-samuel","Targum Jonathan on I Samuel","tok-98fdf231a489","מַלֵילְנָא","מלילנא","Unresolved","","No lexical entry yet","true","1","Targum Jonathan on I Samuel 20:23"
"targum-jonathan-on-i-samuel","Targum Jonathan on I Samuel","tok-7e6d24a7e2c2","מַלִיף","מליפ","Unresolved","","No lexical entry yet","true","1","Targum Jonathan on I Samuel 19:20"
"targum-jonathan-on-i-samuel","Targum Jonathan on I Samuel","tok-3742ddfe9966","מַלְכוּ","מלכו","Unresolved","","No lexical entry yet","true","3","Targum Jonathan on I Samuel 2:35; Targum Jonathan on I Samuel 15:29; Targum Jonathan on I Samuel 25:28"
"targum-jonathan-on-i-samuel","Targum Jonathan on I Samuel","tok-790b6710be90","מַלְכוּתָא","מלכותא","Unresolved","","No lexical entry yet","true","8","Targum Jonathan on I Samuel 10:7; Targum Jonathan on I Samuel 10:16; Targum Jonathan on I Samuel 11:14; Targum Jonathan on I Samuel 15:28; Targum Jonathan on I Samuel 18:8"
"targum-jonathan-on-i-samuel","Targum Jonathan on I Samuel","tok-d884298d99dd","מַלְכְּוָתָא","מלכותא","Unresolved","","No lexical entry yet","true","1","Targum Jonathan on I Samuel 10:18"
"targum-jonathan-on-i-samuel","Targum Jonathan on I Samuel","tok-1120ea88ce8e","מַלְכוּתָךְ","מלכותכ","Unresolved","","No lexical entry yet","true","2","Targum Jonathan on I Samuel 13:13; Targum Jonathan on I Samuel 13:14"
"targum-jonathan-on-i-samuel","Targum Jonathan on I Samuel","tok-f83b3ffe372f","מַלְכַיָא","מלכיא","Unresolved","","No lexical entry yet","true","1","Targum Jonathan on I Samuel 31:12"
"targum-jonathan-on-i-samuel","Targum Jonathan on I Samuel","tok-f97f80015129","מַלְכְּכוֹן","מלככונ","Unresolved","","No lexical entry yet","true","3","Targum Jonathan on I Samuel 8:18; Targum Jonathan on I Samuel 12:12; Targum Jonathan on I Samuel 12:25"
"targum-jonathan-on-i-samuel","Targum Jonathan on I Samuel","tok-4d879bb52fa9","מַלְכָּנָא","מלכנא","Unresolved","","No lexical entry yet","true","1","Targum Jonathan on I Samuel 8:20"
"targum-jonathan-on-i-samuel","Targum Jonathan on I Samuel","tok-754d81adcbe2","מַלֵל","מלל","Unresolved","","No lexical entry yet","true","1","Targum Jonathan on I Samuel 3:10"
"targum-jonathan-on-i-samuel","Targum Jonathan on I Samuel","tok-1287e230e2f8","מַלֵלִית","מללית","Unresolved","","No lexical entry yet","true","1","Targum Jonathan on I Samuel 3:12"
"targum-jonathan-on-i-samuel","Targum Jonathan on I Samuel","tok-f6e73dead00d","מַלֶלְתָּא","מללתא","Unresolved","","No lexical entry yet","true","1","Targum Jonathan on I Samuel 9:21"
"targum-jonathan-on-i-samuel","Targum Jonathan on I Samuel","tok-adf717d93890","מִלְמֶהֱוֵי","מלמהוי","Unresolved","","No lexical entry yet","true","5","Targum Jonathan on I Samuel 2:31; Targum Jonathan on I Samuel 8:7; Targum Jonathan on I Samuel 15:23; Targum Jonathan on I Samuel 15:26; Targum Jonathan on I Samuel 16:1"
"targum-jonathan-on-i-samuel","Targum Jonathan on I Samuel","tok-36b89f205bb0","מִלְמֶחְטֵי","מלמחטי","Unresolved","","No lexical entry yet","true","1","Targum Jonathan on I Samuel 12:23"
"targum-jonathan-on-i-samuel","Targum Jonathan on I Samuel","tok-d1de38281d57","מִלְמֵידַר","מלמידר","Unresolved","","No lexical entry yet","true","1","Targum Jonathan on I Samuel 26:19"
"targum-jonathan-on-i-samuel","Targum Jonathan on I Samuel","tok-355876bb3346","מִלְמֵיזַל","מלמיזל","Unresolved","","No lexical entry yet","true","1","Targum Jonathan on I Samuel 30:21"
"targum-jonathan-on-i-samuel","Targum Jonathan on I Samuel","tok-e2ef040e59b0","מִלְמַלָלָא","מלמללא","Unresolved","","No lexical entry yet","true","1","Targum Jonathan on I Samuel 25:17"
"targum-jonathan-on-i-samuel","Targum Jonathan on I Samuel","tok-8404528d5018","מִלְמֶעְבַּד","מלמעבד","Unresolved","","No lexical entry yet","true","1","Targum Jonathan on I Samuel 25:39"
"targum-jonathan-on-i-samuel","Targum Jonathan on I Samuel","tok-8a24eee914aa","מִלְמֶעֱבַר","מלמעבר","Unresolved","","No lexical entry yet","true","1","Targum Jonathan on I Samuel 30:10"
"targum-jonathan-on-i-samuel","Targum Jonathan on I Samuel","tok-e68a6c4c97c4","מִלְמִפַּק","מלמפק","Unresolved","","No lexical entry yet","true","1","Targum Jonathan on I Samuel 23:13"
"targum-jonathan-on-i-samuel","Targum Jonathan on I Samuel","tok-747985bd4777","מִלְמִקְטַל","מלמקטל","Unresolved","","No lexical entry yet","true","2","Targum Jonathan on I Samuel 17:57; Targum Jonathan on I Samuel 18:6"
"targum-jonathan-on-i-samuel","Targum Jonathan on I Samuel","tok-4a805c6b372d","מִלְמִרְדַף","מלמרדפ","Unresolved","","No lexical entry yet","true","2","Targum Jonathan on I Samuel 17:53; Targum Jonathan on I Samuel 23:28"
"targum-jonathan-on-i-samuel","Targum Jonathan on I Samuel","tok-2e7c808435c9","מִלְמִשְׁפַּךְ","מלמשפכ","Unresolved","","No lexical entry yet","true","2","Targum Jonathan on I Samuel 25:26; Targum Jonathan on I Samuel 25:33"
"targum-jonathan-on-i-samuel","Targum Jonathan on I Samuel","tok-f9d315d5a529","מִלְצַלָאָה","מלצלאה","Unresolved","","No lexical entry yet","true","1","Targum Jonathan on I Samuel 7:8"
"targum-jonathan-on-i-samuel","Targum Jonathan on I Samuel","tok-049cd5d3b32f","מִלְקַדְמִין","מלקדמינ","Unresolved","","No lexical entry yet","true","1","Targum Jonathan on I Samuel 9:9"
"targum-jonathan-on-i-samuel","Targum Jonathan on I Samuel","tok-49cf3a7c3b3a","מִלְרַע","מלרע","Unresolved","","No lexical entry yet","true","2","Targum Jonathan on I Samuel 2:8; Targum Jonathan on I Samuel 7:11"
"targum-jonathan-on-i-samuel","Targum Jonathan on I Samuel","tok-b39da0d9677d","מִלְשַׁבָּחָא","מלשבחא","Unresolved","","No lexical entry yet","true","1","Targum Jonathan on I Samuel 10:13"
"targum-jonathan-on-i-samuel","Targum Jonathan on I Samuel","tok-3d434e32238a","מִמַדְבְּרָא","ממדברא","Unresolved","","No lexical entry yet","true","1","Targum Jonathan on I Samuel 25:14"
"targum-jonathan-on-i-samuel","Targum Jonathan on I Samuel","tok-7921c21f1c48","מִמָה","ממה","Unresolved","","No lexical entry yet","true","1","Targum Jonathan on I Samuel 15:29"
"targum-jonathan-on-i-samuel","Targum Jonathan on I Samuel","tok-1f519f2661ae","מָמוֹן","ממונ","Unresolved","","No lexical entry yet","true","3","Targum Jonathan on I Samuel 8:3; Targum Jonathan on I Samuel 9:7; Targum Jonathan on I Samuel 12:3"
"targum-jonathan-on-i-samuel","Targum Jonathan on I Samuel","tok-d4dffdecc56f","מִמַטְרַת","ממטרת","Unresolved","","No lexical entry yet","true","1","Targum Jonathan on I Samuel 2:36"
"targum-jonathan-on-i-samuel","Targum Jonathan on I Samuel","tok-a0d72eb43354","מֵמִית","ממית","Unresolved","","No lexical entry yet","true","2","Targum Jonathan on I Samuel 2:6; Targum Jonathan on I Samuel 14:13"
"targum-jonathan-on-i-samuel","Targum Jonathan on I Samuel","tok-b68ac0daa910","מִמִכְמָשׁ","ממכמש","Unresolved","","No lexical entry yet","true","1","Targum Jonathan on I Samuel 14:31"
"targum-jonathan-on-i-samuel","Targum Jonathan on I Samuel","tok-7d29274c9ca4","מְמַלֵיל","ממליל","Unresolved","","No lexical entry yet","true","1","Targum Jonathan on I Samuel 17:23"
"targum-jonathan-on-i-samuel","Targum Jonathan on I Samuel","tok-2d9a70635445","מִמְלַךְ","ממלכ","Unresolved","","No lexical entry yet","true","2","Targum Jonathan on I Samuel 24:21; Targum Jonathan on I Samuel 26:25"
"targum-jonathan-on-i-samuel","Targum Jonathan on I Samuel","tok-75450e60e016","מִמָן","ממנ","Unresolved","","No lexical entry yet","true","1","Targum Jonathan on I Samuel 2:25"
"targum-jonathan-on-i-samuel","Targum Jonathan on I Samuel","tok-66496a6b4034","מְמַנָא","ממנא","Unresolved","","No lexical entry yet","true","1","Targum Jonathan on I Samuel 22:9"
"targum-jonathan-on-i-samuel","Targum Jonathan on I Samuel","tok-0911d50cc5f7","מְמַסְכֵּין","ממסכינ","Unresolved","","No lexical entry yet","true","1","Targum Jonathan on I Samuel 2:7"
"targum-jonathan-on-i-samuel","Targum Jonathan on I Samuel","tok-50f4434ec698","מִמְעַרְתָּא","ממערתא","Unresolved","","No lexical entry yet","true","1","Targum Jonathan on I Samuel 24:8"
"targum-jonathan-on-i-samuel","Targum Jonathan on I Samuel","tok-e7abc3429bc5","מִמַשִׁרְיַת","ממשרית","Unresolved","","No lexical entry yet","true","1","Targum Jonathan on I Samuel 17:4"
"targum-jonathan-on-i-samuel","Targum Jonathan on I Samuel","tok-409b678af2a0","מִמַשְׁרִיתָא","ממשריתא","Unresolved","","No lexical entry yet","true","1","Targum Jonathan on I Samuel 13:17"
"targum-jonathan-on-i-samuel","Targum Jonathan on I Samuel","tok-fa2fc1f24dd1","מְמַת","ממת","Unresolved","","No lexical entry yet","true","1","Targum Jonathan on I Samuel 14:44"
"targum-jonathan-on-i-samuel","Targum Jonathan on I Samuel","tok-08fc4b250580","מֵמַת","ממת","Unresolved","","No lexical entry yet","true","1","Targum Jonathan on I Samuel 22:16"
"targum-jonathan-on-i-samuel","Targum Jonathan on I Samuel","tok-7cb4ee329f6f","מָנָא","מנא","Unresolved","","No lexical entry yet","true","4","Targum Jonathan on I Samuel 10:1; Targum Jonathan on I Samuel 26:11; Targum Jonathan on I Samuel 26:12; Targum Jonathan on I Samuel 26:16"
"targum-jonathan-on-i-samuel","Targum Jonathan on I Samuel","tok-70c0e7702715","מִנָבָל","מנבל","Unresolved","","No lexical entry yet","true","1","Targum Jonathan on I Samuel 25:37"
"targum-jonathan-on-i-samuel","Targum Jonathan on I Samuel","tok-48688e31d0eb","מְנַגֵן","מנגנ","Unresolved","","No lexical entry yet","true","2","Targum Jonathan on I Samuel 18:10; Targum Jonathan on I Samuel 19:9"
"targum-jonathan-on-i-samuel","Targum Jonathan on I Samuel","tok-44cb3cfad8b3","מִנְדָנָהּ","מנדנה","Unresolved","","No lexical entry yet","true","1","Targum Jonathan on I Samuel 17:51"
"targum-jonathan-on-i-samuel","Targum Jonathan on I Samuel","tok-f878c1e10321","מִנָה","מנה","Unresolved","","No lexical entry yet","true","1","Targum Jonathan on I Samuel 25:35"
"targum-jonathan-on-i-samuel","Targum Jonathan on I Samuel","tok-1cb68724e422","מִנָהּ","מנה","Unresolved","","No lexical entry yet","true","3","Targum Jonathan on I Samuel 1:5; Targum Jonathan on I Samuel 1:6; Targum Jonathan on I Samuel 21:10"
"targum-jonathan-on-i-samuel","Targum Jonathan on I Samuel","tok-a25c14226f08","מִנְהוֹן","מנהונ","Unresolved","","No lexical entry yet","true","3","Targum Jonathan on I Samuel 6:6; Targum Jonathan on I Samuel 17:36; Targum Jonathan on I Samuel 30:17"
"targum-jonathan-on-i-samuel","Targum Jonathan on I Samuel","tok-d2cdcea74011","מַנְהַר","מנהר","Unresolved","","No lexical entry yet","true","3","Targum Jonathan on I Samuel 14:36; Targum Jonathan on I Samuel 25:22; Targum Jonathan on I Samuel 25:36"
"targum-jonathan-on-i-samuel","Targum Jonathan on I Samuel","tok-384f85042f21","מַנְהָר","מנהר","Unresolved","","No lexical entry yet","true","1","Targum Jonathan on I Samuel 25:34"
"targum-jonathan-on-i-samuel","Targum Jonathan on I Samuel","tok-54fd78079895","מָנַיָא","מניא","Unresolved","","No lexical entry yet","true","4","Targum Jonathan on I Samuel 17:22; Targum Jonathan on I Samuel 25:13; Targum Jonathan on I Samuel 30:24"
"targum-jonathan-on-i-samuel","Targum Jonathan on I Samuel","tok-fe49e61c7419","מִנֵיהּ","מניה","Unresolved","","No lexical entry yet","true","8","Targum Jonathan on I Samuel 3:18; Targum Jonathan on I Samuel 8:10; Targum Jonathan on I Samuel 9:2; Targum Jonathan on I Samuel 12:3; Targum Jonathan on I Samuel 16:14"
"targum-jonathan-on-i-samuel","Targum Jonathan on I Samuel","tok-263d006244ef","מָנֵיהוֹן","מניהונ","Unresolved","","No lexical entry yet","true","1","Targum Jonathan on I Samuel 21:6"
"targum-jonathan-on-i-samuel","Targum Jonathan on I Samuel","tok-a82669e12bc0","מִנִיךְ","מניכ","Unresolved","","No lexical entry yet","true","1","Targum Jonathan on I Samuel 25:35"
"targum-jonathan-on-i-samuel","Targum Jonathan on I Samuel","tok-4add8dfbbb3c","מִנָיִךְ","מניכ","Unresolved","","No lexical entry yet","true","1","Targum Jonathan on I Samuel 1:14"
"targum-jonathan-on-i-samuel","Targum Jonathan on I Samuel","tok-9a98b15f5ca7","מִנְיַן","מנינ","Unresolved","","No lexical entry yet","true","3","Targum Jonathan on I Samuel 6:4; Targum Jonathan on I Samuel 6:18; Targum Jonathan on I Samuel 27:7"
"targum-jonathan-on-i-samuel","Targum Jonathan on I Samuel","tok-b61445484681","מְנִינִי","מניני","Unresolved","","No lexical entry yet","true","1","Targum Jonathan on I Samuel 2:36"
"targum-jonathan-on-i-samuel","Targum Jonathan on I Samuel","tok-b9e3f7fad119","מִנָךְ","מנכ","Unresolved","","No lexical entry yet","true","12","Targum Jonathan on I Samuel 2:2; Targum Jonathan on I Samuel 2:15; Targum Jonathan on I Samuel 2:16; Targum Jonathan on I Samuel 15:28; Targum Jonathan on I Samuel 17:46"
"targum-jonathan-on-i-samuel","Targum Jonathan on I Samuel","tok-17d052e8ce06","מִנְכוֹן","מנכונ","Unresolved","","No lexical entry yet","true","3","Targum Jonathan on I Samuel 6:3; Targum Jonathan on I Samuel 6:5; Targum Jonathan on I Samuel 22:8"
"targum-jonathan-on-i-samuel","Targum Jonathan on I Samuel","tok-313b992a3449","מִנִכְסַת","מנכסת","Unresolved","","No lexical entry yet","true","1","Targum Jonathan on I Samuel 15:22"
"targum-jonathan-on-i-samuel","Targum Jonathan on I Samuel","tok-cc2d9e0885a1","מִנָן","מננ","Unresolved","","No lexical entry yet","true","1","Targum Jonathan on I Samuel 25:11"
"targum-jonathan-on-i-samuel","Targum Jonathan on I Samuel","tok-036f92dc2537","מָנָן","מננ","Unresolved","","No lexical entry yet","true","1","Targum Jonathan on I Samuel 25:18"
"targum-jonathan-on-i-samuel","Targum Jonathan on I Samuel","tok-5cacfc951c91","מִנָנָא","מננא","Unresolved","","No lexical entry yet","true","4","Targum Jonathan on I Samuel 6:20; Targum Jonathan on I Samuel 7:8; Targum Jonathan on I Samuel 9:7; Targum Jonathan on I Samuel 14:17"
"targum-jonathan-on-i-samuel","Targum Jonathan on I Samuel","tok-00b8654db78d","מְנַע","מנע","Unresolved","","No lexical entry yet","true","1","Targum Jonathan on I Samuel 25:39"
"targum-jonathan-on-i-samuel","Targum Jonathan on I Samuel","tok-deb18e25ad36","מְנָעָךְ","מנעכ","Unresolved","","No lexical entry yet","true","1","Targum Jonathan on I Samuel 25:26"
"targum-jonathan-on-i-samuel","Targum Jonathan on I Samuel","tok-b4edc3ad3aab","מִנְשַׁיָא","מנשיא","Unresolved","","No lexical entry yet","true","1","Targum Jonathan on I Samuel 15:33"
"targum-jonathan-on-i-samuel","Targum Jonathan on I Samuel","tok-bcfcf87e9257","מָנָתָא","מנתא","Unresolved","","No lexical entry yet","true","1","Targum Jonathan on I Samuel 9:23"
"targum-jonathan-on-i-samuel","Targum Jonathan on I Samuel","tok-5fdba1ee0ba8","מִסְגֵי","מסגי","Unresolved","","No lexical entry yet","true","1","Targum Jonathan on I Samuel 1:16"
"targum-jonathan-on-i-samuel","Targum Jonathan on I Samuel","tok-54766a3df52d","מִסִדְרָא","מסדרא","Unresolved","","No lexical entry yet","true","1","Targum Jonathan on I Samuel 4:12"
"targum-jonathan-on-i-samuel","Targum Jonathan on I Samuel","tok-ab6aa91a4ed8","מִסוֹאֲבַת","מסואבת","Unresolved","","No lexical entry yet","true","1","Targum Jonathan on I Samuel 21:5"
"targum-jonathan-on-i-samuel","Targum Jonathan on I Samuel","tok-e506966e5e2d","מִסְחוֹר","מסחור","Unresolved","","No lexical entry yet","true","1","Targum Jonathan on I Samuel 12:11"
"targum-jonathan-on-i-samuel","Targum Jonathan on I Samuel","tok-d99d06751650","מִסְטַר","מסטר","Unresolved","","No lexical entry yet","true","3","Targum Jonathan on I Samuel 20:41; Targum Jonathan on I Samuel 23:26"
"targum-jonathan-on-i-samuel","Targum Jonathan on I Samuel","tok-c35b0b31d754","מִסִטְרָא","מסטרא","Unresolved","","No lexical entry yet","true","1","Targum Jonathan on I Samuel 20:25"
"targum-jonathan-on-i-samuel","Targum Jonathan on I Samuel","tok-9d6be67a3712","מִסִטְרֵיהּ","מסטריה","Unresolved","","No lexical entry yet","true","1","Targum Jonathan on I Samuel 6:8"
"targum-jonathan-on-i-samuel","Targum Jonathan on I Samuel","tok-9499889e3fc8","מִסְיָפֵי","מסיפי","Unresolved","","No lexical entry yet","true","1","Targum Jonathan on I Samuel 2:10"
"targum-jonathan-on-i-samuel","Targum Jonathan on I Samuel","tok-5ca046904d9b","מַסִיק","מסיק","Unresolved","","No lexical entry yet","true","1","Targum Jonathan on I Samuel 7:10"
"targum-jonathan-on-i-samuel","Targum Jonathan on I Samuel","tok-a7d3f780f417","מְסָכֵי","מסכי","Unresolved","","No lexical entry yet","true","1","Targum Jonathan on I Samuel 4:13"
"targum-jonathan-on-i-samuel","Targum Jonathan on I Samuel","tok-a7140892f559","מִסְכֵּינָא","מסכינא","Unresolved","","No lexical entry yet","true","1","Targum Jonathan on I Samuel 2:8"
"targum-jonathan-on-i-samuel","Targum Jonathan on I Samuel","tok-5543b99dd37a","מִסְכֵּן","מסכנ","Unresolved","","No lexical entry yet","true","1","Targum Jonathan on I Samuel 18:23"
"targum-jonathan-on-i-samuel","Targum Jonathan on I Samuel","tok-68a6df57fd49","מִסְכְּנוּתְהוֹן","מסכנותהונ","Unresolved","","No lexical entry yet","true","1","Targum Jonathan on I Samuel 2:5"
"targum-jonathan-on-i-samuel","Targum Jonathan on I Samuel","tok-d7b63a756805","מִסְעַר","מסער","Unresolved","","No lexical entry yet","true","1","Targum Jonathan on I Samuel 14:45"
"targum-jonathan-on-i-samuel","Targum Jonathan on I Samuel","tok-16ab53fea6dd","מַסְקָהּ","מסקה","Unresolved","","No lexical entry yet","true","1","Targum Jonathan on I Samuel 1:7"
"targum-jonathan-on-i-samuel","Targum Jonathan on I Samuel","tok-f0c681fe94d9","מַסְרֵיהּ","מסריה","Unresolved","","No lexical entry yet","true","1","Targum Jonathan on I Samuel 23:14"
"targum-jonathan-on-i-samuel","Targum Jonathan on I Samuel","tok-628d47353fe1","מַסְרִינוּן","מסרינונ","Unresolved","","No lexical entry yet","true","2","Targum Jonathan on I Samuel 14:10; Targum Jonathan on I Samuel 14:12"
"targum-jonathan-on-i-samuel","Targum Jonathan on I Samuel","tok-42ba3634e87b","מְסַרְתֵּיהּ","מסרתיה","Unresolved","","No lexical entry yet","true","1","Targum Jonathan on I Samuel 1:28"
"targum-jonathan-on-i-samuel","Targum Jonathan on I Samuel","tok-c350c9b33993","מִסְתַּכְיָא","מסתכיא","Unresolved","","No lexical entry yet","true","1","Targum Jonathan on I Samuel 14:5"
"targum-jonathan-on-i-samuel","Targum Jonathan on I Samuel","tok-24f2e46847be","מֵעַבְדֵי","מעבדי","Unresolved","","No lexical entry yet","true","1","Targum Jonathan on I Samuel 21:8"
"targum-jonathan-on-i-samuel","Targum Jonathan on I Samuel","tok-9868b32a5b78","מֵעֶבְרָא","מעברא","Unresolved","","No lexical entry yet","true","2","Targum Jonathan on I Samuel 14:4"
"targum-jonathan-on-i-samuel","Targum Jonathan on I Samuel","tok-0e12956508fb","מֵעֲדָאָה","מעדאה","Unresolved","","No lexical entry yet","true","1","Targum Jonathan on I Samuel 30:22"
"targum-jonathan-on-i-samuel","Targum Jonathan on I Samuel","tok-a62b44e89b89","מְעַדְיָא","מעדיא","Unresolved","","No lexical entry yet","true","1","Targum Jonathan on I Samuel 4:19"
"targum-jonathan-on-i-samuel","Targum Jonathan on I Samuel","tok-c90e98a2b912","מֵעִדָרָא","מעדרא","Unresolved","","No lexical entry yet","true","1","Targum Jonathan on I Samuel 17:34"
"targum-jonathan-on-i-samuel","Targum Jonathan on I Samuel","tok-31590f1ce8d2","מָעוֹךְ","מעוכ","Unresolved","","No lexical entry yet","true","1","Targum Jonathan on I Samuel 27:2"
"targum-jonathan-on-i-samuel","Targum Jonathan on I Samuel","tok-64b1d1cd05f5","מֵעוּלֵימַיָא","מעולימיא","Unresolved","","No lexical entry yet","true","1","Targum Jonathan on I Samuel 16:18"
"targum-jonathan-on-i-samuel","Targum Jonathan on I Samuel","tok-6aa21196ccb9","מֵעוּלֵמַיָא","מעולמיא","Unresolved","","No lexical entry yet","true","3","Targum Jonathan on I Samuel 9:3; Targum Jonathan on I Samuel 25:14; Targum Jonathan on I Samuel 26:22"
"targum-jonathan-on-i-samuel","Targum Jonathan on I Samuel","tok-7315e23b8e74","מְעִילָא","מעילא","Unresolved","","No lexical entry yet","true","3","Targum Jonathan on I Samuel 18:4; Targum Jonathan on I Samuel 24:5; Targum Jonathan on I Samuel 28:14"
"targum-jonathan-on-i-samuel","Targum Jonathan on I Samuel","tok-8fea5d13b81a","מֵעִילַוֹהִי","מעילוהי","Unresolved","","No lexical entry yet","true","1","Targum Jonathan on I Samuel 13:8"
"targum-jonathan-on-i-samuel","Targum Jonathan on I Samuel","tok-b5840aa3100d","מְעִילֵיהּ","מעיליה","Unresolved","","No lexical entry yet","true","1","Targum Jonathan on I Samuel 15:27"
"targum-jonathan-on-i-samuel","Targum Jonathan on I Samuel","tok-1c7cf9e2c0c9","מְעִילָךְ","מעילכ","Unresolved","","No lexical entry yet","true","2","Targum Jonathan on I Samuel 24:12"
"targum-jonathan-on-i-samuel","Targum Jonathan on I Samuel","tok-a0f02980949f","מֵעִלַווֹהִי","מעלווהי","Unresolved","","No lexical entry yet","true","1","Targum Jonathan on I Samuel 17:39"
"targum-jonathan-on-i-samuel","Targum Jonathan on I Samuel","tok-5e8320913418","מֵעִלַוַי","מעלוי","Unresolved","","No lexical entry yet","true","1","Targum Jonathan on I Samuel 13:11"
"targum-jonathan-on-i-samuel","Targum Jonathan on I Samuel","tok-4e7728ba1b8c","מַעֲלָנָא","מעלנא","Unresolved","","No lexical entry yet","true","3","Targum Jonathan on I Samuel 15:7; Targum Jonathan on I Samuel 17:52; Targum Jonathan on I Samuel 27:8"
"targum-jonathan-on-i-samuel","Targum Jonathan on I Samuel","tok-afe89c2848ab","מֵעִם","מעמ","Unresolved","","No lexical entry yet","true","1","Targum Jonathan on I Samuel 20:34"
"targum-jonathan-on-i-samuel","Targum Jonathan on I Samuel","tok-c52789e754c0","מֵעַם","מעמ","Unresolved","","No lexical entry yet","true","1","Targum Jonathan on I Samuel 2:5"
"targum-jonathan-on-i-samuel","Targum Jonathan on I Samuel","tok-c95831420bfa","מֵעַמָא","מעמא","Unresolved","","No lexical entry yet","true","1","Targum Jonathan on I Samuel 14:28"
"targum-jonathan-on-i-samuel","Targum Jonathan on I Samuel","tok-9b32d31014d9","מֵעַמַלְקָאָה","מעמלקאה","Unresolved","","No lexical entry yet","true","1","Targum Jonathan on I Samuel 15:15"
"targum-jonathan-on-i-samuel","Targum Jonathan on I Samuel","tok-cfc3edf3fb08","מֵעַפְרָא","מעפרא","Unresolved","","No lexical entry yet","true","1","Targum Jonathan on I Samuel 2:8"
"targum-jonathan-on-i-samuel","Targum Jonathan on I Samuel","tok-bf5fbaf43622","מַעְצוֹר","מעצור","Unresolved","","No lexical entry yet","true","1","Targum Jonathan on I Samuel 14:6"
"targum-jonathan-on-i-samuel","Targum Jonathan on I Samuel","tok-6a96bee8b96e","מֵעֶקְרוֹן","מעקרונ","Unresolved","","No lexical entry yet","true","1","Targum Jonathan on I Samuel 7:14"
"targum-jonathan-on-i-samuel","Targum Jonathan on I Samuel","tok-857c791bb115","מְעַרְתָּא","מערתא","Unresolved","","No lexical entry yet","true","3","Targum Jonathan on I Samuel 24:4; Targum Jonathan on I Samuel 24:9"
"targum-jonathan-on-i-samuel","Targum Jonathan on I Samuel","tok-ecbe4ab1ce81","מַעֲשְׂרָא","מעשרא","Unresolved","","No lexical entry yet","true","1","Targum Jonathan on I Samuel 1:8"
"targum-jonathan-on-i-samuel","Targum Jonathan on I Samuel","tok-6304c5d61ca6","מִפּוּמֵיהּ","מפומיה","Unresolved","","No lexical entry yet","true","1","Targum Jonathan on I Samuel 17:35"
"targum-jonathan-on-i-samuel","Targum Jonathan on I Samuel","tok-eeddab941f8b","מִפּוּמְכוֹן","מפומכונ","Unresolved","","No lexical entry yet","true","1","Targum Jonathan on I Samuel 2:3"
"targum-jonathan-on-i-samuel","Targum Jonathan on I Samuel","tok-b2c97adf1b69","מְפַנְקָא","מפנקא","Unresolved","","No lexical entry yet","true","1","Targum Jonathan on I Samuel 15:32"
"targum-jonathan-on-i-samuel","Targum Jonathan on I Samuel","tok-40678989d35d","מִפַּקְהוֹן","מפקהונ","Unresolved","","No lexical entry yet","true","1","Targum Jonathan on I Samuel 18:30"
"targum-jonathan-on-i-samuel","Targum Jonathan on I Samuel","tok-ad831587bfe2","מַפְקָךְ","מפקכ","Unresolved","","No lexical entry yet","true","1","Targum Jonathan on I Samuel 29:6"
"targum-jonathan-on-i-samuel","Targum Jonathan on I Samuel","tok-6b0b70fe3e4b","מִפִּתְגָמֵי","מפתגמי","Unresolved","","No lexical entry yet","true","1","Targum Jonathan on I Samuel 28:20"
"targum-jonathan-on-i-samuel","Targum Jonathan on I Samuel","tok-0ca758871dce","מַצְלַח","מצלח","Unresolved","","No lexical entry yet","true","3","Targum Jonathan on I Samuel 18:5; Targum Jonathan on I Samuel 18:14; Targum Jonathan on I Samuel 18:15"
"targum-jonathan-on-i-samuel","Targum Jonathan on I Samuel","tok-50e52b1c0d50","מְצַלְיָא","מצליא","Unresolved","","No lexical entry yet","true","1","Targum Jonathan on I Samuel 1:13"
"targum-jonathan-on-i-samuel","Targum Jonathan on I Samuel","tok-5f400c0891d8","מִצִפוּנָא","מצפונא","Unresolved","","No lexical entry yet","true","1","Targum Jonathan on I Samuel 14:5"
"targum-jonathan-on-i-samuel","Targum Jonathan on I Samuel","tok-2ece85f958e4","מִצְפַּיָא","מצפיא","Unresolved","","No lexical entry yet","true","2","Targum Jonathan on I Samuel 7:11; Targum Jonathan on I Samuel 7:12"
"targum-jonathan-on-i-samuel","Targum Jonathan on I Samuel","tok-264e30c65a11","מִצְרָאָה","מצראה","Unresolved","","No lexical entry yet","true","2","Targum Jonathan on I Samuel 30:11; Targum Jonathan on I Samuel 30:13"
"targum-jonathan-on-i-samuel","Targum Jonathan on I Samuel","tok-95b5fb2e93a0","מִצְרָאֵי","מצראי","Unresolved","","No lexical entry yet","true","1","Targum Jonathan on I Samuel 6:6"
"targum-jonathan-on-i-samuel","Targum Jonathan on I Samuel","tok-358854b2fc20","מִקְבָּלָא","מקבלא","Unresolved","","No lexical entry yet","true","1","Targum Jonathan on I Samuel 30:17"
"targum-jonathan-on-i-samuel","Targum Jonathan on I Samuel","tok-3c607e61b631","מַקְדוֹן","מקדונ","Unresolved","","No lexical entry yet","true","1","Targum Jonathan on I Samuel 2:4"
"targum-jonathan-on-i-samuel","Targum Jonathan on I Samuel","tok-ac093b327536","מִקְדוּנָאֵי","מקדונאי","Unresolved","","No lexical entry yet","true","1","Targum Jonathan on I Samuel 2:4"
"targum-jonathan-on-i-samuel","Targum Jonathan on I Samuel","tok-9c36ec40c018","מַקְדְשָׁא","מקדשא","Unresolved","","No lexical entry yet","true","5","Targum Jonathan on I Samuel 1:7; Targum Jonathan on I Samuel 1:24; Targum Jonathan on I Samuel 2:1; Targum Jonathan on I Samuel 3:3; Targum Jonathan on I Samuel 3:15"
"targum-jonathan-on-i-samuel","Targum Jonathan on I Samuel","tok-8bee5fd648f2","מַקְדְשִׁי","מקדשי","Unresolved","","No lexical entry yet","true","2","Targum Jonathan on I Samuel 2:29; Targum Jonathan on I Samuel 2:32"
"targum-jonathan-on-i-samuel","Targum Jonathan on I Samuel","tok-f1dd8c6b3013","מְקַיְמִין","מקימינ","Unresolved","","No lexical entry yet","true","1","Targum Jonathan on I Samuel 15:29"
"targum-jonathan-on-i-samuel","Targum Jonathan on I Samuel","tok-513a55a605e4","מִקִירְוִין","מקירוינ","Unresolved","","No lexical entry yet","true","1","Targum Jonathan on I Samuel 6:18"
"targum-jonathan-on-i-samuel","Targum Jonathan on I Samuel","tok-fc36cf91c95a","מִקִלְקַלְתָּא","מקלקלתא","Unresolved","","No lexical entry yet","true","1","Targum Jonathan on I Samuel 2:8"
"targum-jonathan-on-i-samuel","Targum Jonathan on I Samuel","tok-a33ec188dd44","מִקְעִילָה","מקעילה","Unresolved","","No lexical entry yet","true","2","Targum Jonathan on I Samuel 23:13"
"targum-jonathan-on-i-samuel","Targum Jonathan on I Samuel","tok-53e067b8a86d","מַקַף","מקפ","Unresolved","","No lexical entry yet","true","1","Targum Jonathan on I Samuel 25:16"
"targum-jonathan-on-i-samuel","Targum Jonathan on I Samuel","tok-9bb9de53fd8e","מִקַרְתֵּיהּ","מקרתיה","Unresolved","","No lexical entry yet","true","1","Targum Jonathan on I Samuel 1:3"
"targum-jonathan-on-i-samuel","Targum Jonathan on I Samuel","tok-629f249ac658","מִקַשְׁתַּיָא","מקשתיא","Unresolved","","No lexical entry yet","true","1","Targum Jonathan on I Samuel 31:3"
"targum-jonathan-on-i-samuel","Targum Jonathan on I Samuel","tok-9af44129df1c","מֵרַב","מרב","Unresolved","","No lexical entry yet","true","3","Targum Jonathan on I Samuel 14:49; Targum Jonathan on I Samuel 18:17; Targum Jonathan on I Samuel 18:19"
"targum-jonathan-on-i-samuel","Targum Jonathan on I Samuel","tok-b7c6204e6ac7","מַרְגְזָא","מרגזא","Unresolved","","No lexical entry yet","true","2","Targum Jonathan on I Samuel 1:6; Targum Jonathan on I Samuel 1:7"
"targum-jonathan-on-i-samuel","Targum Jonathan on I Samuel","tok-4ec79182f908","מַרְגְזִין","מרגזינ","Unresolved","","No lexical entry yet","true","1","Targum Jonathan on I Samuel 3:13"
"targum-jonathan-on-i-samuel","Targum Jonathan on I Samuel","tok-37bbf6b3d704","מָרְדְכַי","מרדכי","Unresolved","","No lexical entry yet","true","1","Targum Jonathan on I Samuel 2:5"
"targum-jonathan-on-i-samuel","Targum Jonathan on I Samuel","tok-a7e69d8e670c","מְרַדְתּוּן","מרדתונ","Unresolved","","No lexical entry yet","true","2","Targum Jonathan on I Samuel 22:8; Targum Jonathan on I Samuel 22:13"
"targum-jonathan-on-i-samuel","Targum Jonathan on I Samuel","tok-ada99d346a2a","מַרְוָתָא","מרותא","Unresolved","","No lexical entry yet","true","1","Targum Jonathan on I Samuel 9:17"
"targum-jonathan-on-i-samuel","Targum Jonathan on I Samuel","tok-39e9af3b6152","מֵרָחִיק","מרחיק","Unresolved","","No lexical entry yet","true","1","Targum Jonathan on I Samuel 26:13"
"targum-jonathan-on-i-samuel","Targum Jonathan on I Samuel","tok-916a2cfc20e6","מְרַחֲקָא","מרחקא","Unresolved","","No lexical entry yet","true","1","Targum Jonathan on I Samuel 21:6"
"targum-jonathan-on-i-samuel","Targum Jonathan on I Samuel","tok-c0927888afc1","מְרִיר","מריר","Unresolved","","No lexical entry yet","true","1","Targum Jonathan on I Samuel 15:32"
"targum-jonathan-on-i-samuel","Targum Jonathan on I Samuel","tok-d9e2dfceb8f2","מָרִיר","מריר","Unresolved","","No lexical entry yet","true","1","Targum Jonathan on I Samuel 22:2"
"targum-jonathan-on-i-samuel","Targum Jonathan on I Samuel","tok-57920c93192a","מְרִירַת","מרירת","Unresolved","","No lexical entry yet","true","1","Targum Jonathan on I Samuel 1:10"
"targum-jonathan-on-i-samuel","Targum Jonathan on I Samuel","tok-9c430eeb4132","מֵרֵישׁ","מריש","Unresolved","","No lexical entry yet","true","1","Targum Jonathan on I Samuel 2:29"
"targum-jonathan-on-i-samuel","Targum Jonathan on I Samuel","tok-a6fe5e0c3a36","מֵרָמָתָא","מרמתא","Unresolved","","No lexical entry yet","true","1","Targum Jonathan on I Samuel 1:1"
"targum-jonathan-on-i-samuel","Targum Jonathan on I Samuel","tok-c45b70434103","מְרַע","מרע","Unresolved","","No lexical entry yet","true","1","Targum Jonathan on I Samuel 19:14"
"targum-jonathan-on-i-samuel","Targum Jonathan on I Samuel","tok-5a5264cb44c7","מֵרַשִׁיעִין","מרשיעינ","Unresolved","","No lexical entry yet","true","1","Targum Jonathan on I Samuel 24:14"
"targum-jonathan-on-i-samuel","Targum Jonathan on I Samuel","tok-ee1229a2c51b","מָרַת","מרת","Unresolved","","No lexical entry yet","true","1","Targum Jonathan on I Samuel 30:6"
"targum-jonathan-on-i-samuel","Targum Jonathan on I Samuel","tok-f494ce9865fd","מִשְׁבוּעֲתָא","משבועתא","Unresolved","","No lexical entry yet","true","1","Targum Jonathan on I Samuel 14:26"
"targum-jonathan-on-i-samuel","Targum Jonathan on I Samuel","tok-9f05458466dd","מְשַׁבַּח","משבח","Unresolved","","No lexical entry yet","true","1","Targum Jonathan on I Samuel 10:11"
"targum-jonathan-on-i-samuel","Targum Jonathan on I Samuel","tok-026dc14c8228","מְשַׁבְּחִין","משבחינ","Unresolved","","No lexical entry yet","true","3","Targum Jonathan on I Samuel 10:5; Targum Jonathan on I Samuel 19:20; Targum Jonathan on I Samuel 21:12"
"targum-jonathan-on-i-samuel","Targum Jonathan on I Samuel","tok-6f98c68089b6","מִשִׁבְטָא","משבטא","Unresolved","","No lexical entry yet","true","3","Targum Jonathan on I Samuel 4:12; Targum Jonathan on I Samuel 9:1"
"targum-jonathan-on-i-samuel","Targum Jonathan on I Samuel","tok-9c869f04164a","מִשׁוּרָא","משורא","Unresolved","","No lexical entry yet","true","1","Targum Jonathan on I Samuel 31:12"
"targum-jonathan-on-i-samuel","Targum Jonathan on I Samuel","tok-635d2747ffcc","מִשְׁחָא","משחא","Unresolved","","No lexical entry yet","true","1","Targum Jonathan on I Samuel 16:1"
"targum-jonathan-on-i-samuel","Targum Jonathan on I Samuel","tok-007af5115851","מַשְׁחֵיהּ","משחיה","Unresolved","","No lexical entry yet","true","1","Targum Jonathan on I Samuel 16:12"
"targum-jonathan-on-i-samuel","Targum Jonathan on I Samuel","tok-a29177823664","מַשְׁחָךְ","משחכ","Unresolved","","No lexical entry yet","true","1","Targum Jonathan on I Samuel 10:1"
"targum-jonathan-on-i-samuel","Targum Jonathan on I Samuel","tok-d97cec4488e7","מְשֵׁיזְבִין","משיזבינ","Unresolved","","No lexical entry yet","true","1","Targum Jonathan on I Samuel 12:21"
"targum-jonathan-on-i-samuel","Targum Jonathan on I Samuel","tok-71f93c3f09e3","מְשֵׁיזִיב","משיזיב","Unresolved","","No lexical entry yet","true","1","Targum Jonathan on I Samuel 19:11"
"targum-jonathan-on-i-samuel","Targum Jonathan on I Samuel","tok-b0f48c20d2a1","מְשִׁיחִי","משיחי","Unresolved","","No lexical entry yet","true","1","Targum Jonathan on I Samuel 2:35"
"targum-jonathan-on-i-samuel","Targum Jonathan on I Samuel","tok-d8610b7ea8a1","מִשִׁילֹה","משילה","Unresolved","","No lexical entry yet","true","1","Targum Jonathan on I Samuel 4:3"
"targum-jonathan-on-i-samuel","Targum Jonathan on I Samuel","tok-04c1d880ee98","מַשִׁירְיָן","משירינ","Unresolved","","No lexical entry yet","true","2","Targum Jonathan on I Samuel 11:11; Targum Jonathan on I Samuel 13:17"
"targum-jonathan-on-i-samuel","Targum Jonathan on I Samuel","tok-b4c4e6a91942","מַשִׁירְיַתְהוֹן","משיריתהונ","Unresolved","","No lexical entry yet","true","1","Targum Jonathan on I Samuel 28:1"
"targum-jonathan-on-i-samuel","Targum Jonathan on I Samuel","tok-d333d71f50f6","מְשַׁלְחִין","משלחינ","Unresolved","","No lexical entry yet","true","1","Targum Jonathan on I Samuel 6:3"
"targum-jonathan-on-i-samuel","Targum Jonathan on I Samuel","tok-3b2bf68e6bea","מַשִׁלְיָא","משליא","Unresolved","","No lexical entry yet","true","1","Targum Jonathan on I Samuel 2:14"
"targum-jonathan-on-i-samuel","Targum Jonathan on I Samuel","tok-61a28b20f1b7","מִשְׁלַם","משלמ","Unresolved","","No lexical entry yet","true","1","Targum Jonathan on I Samuel 1:20"
"targum-jonathan-on-i-samuel","Targum Jonathan on I Samuel","tok-56e09b164068","מִשְׁמַע","משמע","Unresolved","","No lexical entry yet","true","1","Targum Jonathan on I Samuel 23:10"
"targum-jonathan-on-i-samuel","Targum Jonathan on I Samuel","tok-e3f69dd3fb06","מִשְׁמַעְתָּךְ","משמעתכ","Unresolved","","No lexical entry yet","true","1","Targum Jonathan on I Samuel 22:14"
"targum-jonathan-on-i-samuel","Targum Jonathan on I Samuel","tok-3206e2e45049","מְשַׁמְשִׁין","משמשינ","Unresolved","","No lexical entry yet","true","1","Targum Jonathan on I Samuel 1:3"
"targum-jonathan-on-i-samuel","Targum Jonathan on I Samuel","tok-53ca6be5d648","מַשְׁפִּיל","משפיל","Unresolved","","No lexical entry yet","true","1","Targum Jonathan on I Samuel 2:7"
"targum-jonathan-on-i-samuel","Targum Jonathan on I Samuel","tok-a3ef1d6cc717","מַשְׁרוּעִיתָא","משרועיתא","Unresolved","","No lexical entry yet","true","1","Targum Jonathan on I Samuel 14:4"
"targum-jonathan-on-i-samuel","Targum Jonathan on I Samuel","tok-3f28782d2c9b","מַשִׁרְיָן","משרינ","Unresolved","","No lexical entry yet","true","1","Targum Jonathan on I Samuel 14:48"
"targum-jonathan-on-i-samuel","Targum Jonathan on I Samuel","tok-6da569809978","מַשִׁרְיַת","משרית","Unresolved","","No lexical entry yet","true","3","Targum Jonathan on I Samuel 14:16; Targum Jonathan on I Samuel 17:46; Targum Jonathan on I Samuel 28:5"
"targum-jonathan-on-i-samuel","Targum Jonathan on I Samuel","tok-9b1c9630eeab","מַשְׁרִיתָא","משריתא","Unresolved","","No lexical entry yet","true","5","Targum Jonathan on I Samuel 11:11; Targum Jonathan on I Samuel 13:17; Targum Jonathan on I Samuel 28:19; Targum Jonathan on I Samuel 30:8; Targum Jonathan on I Samuel 30:23"
"targum-jonathan-on-i-samuel","Targum Jonathan on I Samuel","tok-46dcf93ad998","מַשִׁרְיָתָהָא","משריתהא","Unresolved","","No lexical entry yet","true","1","Targum Jonathan on I Samuel 2:5"
"targum-jonathan-on-i-samuel","Targum Jonathan on I Samuel","tok-df4278a7c56d","מַשִׁרְיַתְהוֹן","משריתהונ","Unresolved","","No lexical entry yet","true","2","Targum Jonathan on I Samuel 17:53; Targum Jonathan on I Samuel 29:1"
"targum-jonathan-on-i-samuel","Targum Jonathan on I Samuel","tok-174a601d9feb","מַשִׁרְיָתֵיהּ","משריתיה","Unresolved","","No lexical entry yet","true","2","Targum Jonathan on I Samuel 2:2; Targum Jonathan on I Samuel 15:5"
"targum-jonathan-on-i-samuel","Targum Jonathan on I Samuel","tok-330c4fb6926f","מַשְׁרִיתֵיהוֹן","משריתיהונ","Unresolved","","No lexical entry yet","true","1","Targum Jonathan on I Samuel 17:1"
"targum-jonathan-on-i-samuel","Targum Jonathan on I Samuel","tok-458df3a1101d","מִשְׁתַּטְיָא","משתטיא","Unresolved","","No lexical entry yet","true","1","Targum Jonathan on I Samuel 1:14"
"targum-jonathan-on-i-samuel","Targum Jonathan on I Samuel","tok-25c00f7dc8bc","מִשְׁתִּי","משתי","Unresolved","","No lexical entry yet","true","1","Targum Jonathan on I Samuel 25:11"
"targum-jonathan-on-i-samuel","Targum Jonathan on I Samuel","tok-3be2b67a574c","מִשְׁתְּיָא","משתיא","Unresolved","","No lexical entry yet","true","1","Targum Jonathan on I Samuel 25:36"
"targum-jonathan-on-i-samuel","Targum Jonathan on I Samuel","tok-2cb4b3293db5","מִשְׁתְּכַח","משתכח","Unresolved","","No lexical entry yet","true","1","Targum Jonathan on I Samuel 13:19"
"targum-jonathan-on-i-samuel","Targum Jonathan on I Samuel","tok-39223d17d8c1","מִשְׁתְּמָע","משתמע","Unresolved","","No lexical entry yet","true","1","Targum Jonathan on I Samuel 1:13"
"targum-jonathan-on-i-samuel","Targum Jonathan on I Samuel","tok-93ff26a6eba9","מִתְאַבֵּל","מתאבל","Unresolved","","No lexical entry yet","true","1","Targum Jonathan on I Samuel 16:1"
"targum-jonathan-on-i-samuel","Targum Jonathan on I Samuel","tok-e1a6277fe0bd","מִתְאֲכֵיל","מתאכיל","Unresolved","","No lexical entry yet","true","1","Targum Jonathan on I Samuel 21:6"
"targum-jonathan-on-i-samuel","Targum Jonathan on I Samuel","tok-9a797de5f2a2","מִתְאַמְרִין","מתאמרינ","Unresolved","","No lexical entry yet","true","1","Targum Jonathan on I Samuel 20:12"
"targum-jonathan-on-i-samuel","Targum Jonathan on I Samuel","tok-ece9e760e641","מִתְבְּעֵי","מתבעי","Unresolved","","No lexical entry yet","true","1","Targum Jonathan on I Samuel 23:26"
"targum-jonathan-on-i-samuel","Targum Jonathan on I Samuel","tok-161ad8497f43","מַתְבְּרָא","מתברא","Unresolved","","No lexical entry yet","true","1","Targum Jonathan on I Samuel 9:4"
"targum-jonathan-on-i-samuel","Targum Jonathan on I Samuel","tok-3fbae3efad6b","מִתְגָרֵי","מתגרי","Unresolved","","No lexical entry yet","true","1","Targum Jonathan on I Samuel 28:9"
"targum-jonathan-on-i-samuel","Targum Jonathan on I Samuel","tok-8fec0a615905","מִתּוֹר","מתור","Unresolved","","No lexical entry yet","true","1","Targum Jonathan on I Samuel 15:3"
"targum-jonathan-on-i-samuel","Targum Jonathan on I Samuel","tok-b3fe3723b473","מְתִיחַ","מתיח","Unresolved","","No lexical entry yet","true","1","Targum Jonathan on I Samuel 2:3"
"targum-jonathan-on-i-samuel","Targum Jonathan on I Samuel","tok-8daa78afeb1e","מַתְלָא","מתלא","Unresolved","","No lexical entry yet","true","1","Targum Jonathan on I Samuel 24:14"
"targum-jonathan-on-i-samuel","Targum Jonathan on I Samuel","tok-ed674fdfda37","מִתַּלְמִידֵי","מתלמידי","Unresolved","","No lexical entry yet","true","1","Targum Jonathan on I Samuel 1:1"
"targum-jonathan-on-i-samuel","Targum Jonathan on I Samuel","tok-6eeebba41fde","מִתַּמָן","מתמנ","Unresolved","","No lexical entry yet","true","8","Targum Jonathan on I Samuel 4:4; Targum Jonathan on I Samuel 10:3; Targum Jonathan on I Samuel 10:12; Targum Jonathan on I Samuel 10:23; Targum Jonathan on I Samuel 17:49"
"targum-jonathan-on-i-samuel","Targum Jonathan on I Samuel","tok-29f13b3ce29f","מַתָּנָא","מתנא","Unresolved","","No lexical entry yet","true","1","Targum Jonathan on I Samuel 30:26"
"targum-jonathan-on-i-samuel","Targum Jonathan on I Samuel","tok-68fe7e4b0022","מִתְנַבֵּי","מתנבי","Unresolved","","No lexical entry yet","true","1","Targum Jonathan on I Samuel 9:6"
"targum-jonathan-on-i-samuel","Targum Jonathan on I Samuel","tok-42be76777d51","מִתְפַּנְיָא","מתפניא","Unresolved","","No lexical entry yet","true","3","Targum Jonathan on I Samuel 13:17; Targum Jonathan on I Samuel 13:18"
"targum-jonathan-on-i-samuel","Targum Jonathan on I Samuel","tok-d8cfc5f941b6","מִתְפְּסַל","מתפסל","Unresolved","","No lexical entry yet","true","1","Targum Jonathan on I Samuel 21:6"
"targum-jonathan-on-i-samuel","Targum Jonathan on I Samuel","tok-d609ed4129e4","מִתְפְּרַע","מתפרע","Unresolved","","No lexical entry yet","true","1","Targum Jonathan on I Samuel 3:13"
"targum-jonathan-on-i-samuel","Targum Jonathan on I Samuel","tok-ec8e8b86869c","מִתְפָּרְקִין","מתפרקינ","Unresolved","","No lexical entry yet","true","1","Targum Jonathan on I Samuel 10:19"
"targum-jonathan-on-i-samuel","Targum Jonathan on I Samuel","tok-0dcc46639269","מִתְקְטֵל","מתקטל","Unresolved","","No lexical entry yet","true","1","Targum Jonathan on I Samuel 19:11"
"targum-jonathan-on-i-samuel","Targum Jonathan on I Samuel","tok-e55b7d2e1e8b","מִתְקֵיף","מתקיפ","Unresolved","","No lexical entry yet","true","1","Targum Jonathan on I Samuel 20:7"
"targum-jonathan-on-i-samuel","Targum Jonathan on I Samuel","tok-a6338ee98450","מַתְקַל","מתקל","Unresolved","","No lexical entry yet","true","1","Targum Jonathan on I Samuel 17:7"
"targum-jonathan-on-i-samuel","Targum Jonathan on I Samuel","tok-670c359f3d40","מִתְקְרֵי","מתקרי","Unresolved","","No lexical entry yet","true","2","Targum Jonathan on I Samuel 3:8; Targum Jonathan on I Samuel 9:9"
"targum-jonathan-on-i-samuel","Targum Jonathan on I Samuel","tok-8412458a6dea","מִתְּרַב","מתרב","Unresolved","","No lexical entry yet","true","1","Targum Jonathan on I Samuel 15:22"
"targum-jonathan-on-i-samuel","Targum Jonathan on I Samuel","tok-0521096a5bc2","מִתְּרֵין","מתרינ","Unresolved","","No lexical entry yet","true","1","Targum Jonathan on I Samuel 18:21"
"targum-jonathan-on-i-samuel","Targum Jonathan on I Samuel","tok-c176265298e0","מִתְתַּכֵּל","מתתכל","Unresolved","","No lexical entry yet","true","1","Targum Jonathan on I Samuel 2:32"
"targum-jonathan-on-i-samuel","Targum Jonathan on I Samuel","tok-08bc47b0094c","נְבוּאֲתָא","נבואתא","Unresolved","","No lexical entry yet","true","2","Targum Jonathan on I Samuel 3:15; Targum Jonathan on I Samuel 3:20"
"targum-jonathan-on-i-samuel","Targum Jonathan on I Samuel","tok-76c7c95b5dc5","נְבוּכַדְנֶצַר","נבוכדנצר","Unresolved","","No lexical entry yet","true","1","Targum Jonathan on I Samuel 2:3"
"targum-jonathan-on-i-samuel","Targum Jonathan on I Samuel","tok-e0e6657e138b","נְבִיאוֹהִי","נביאוהי","Unresolved","","No lexical entry yet","true","1","Targum Jonathan on I Samuel 15:22"
"targum-jonathan-on-i-samuel","Targum Jonathan on I Samuel","tok-48beb2fbdfaf","נְבִיאַיָא","נביאיא","Unresolved","","No lexical entry yet","true","1","Targum Jonathan on I Samuel 1:1"
"targum-jonathan-on-i-samuel","Targum Jonathan on I Samuel","tok-6beb99aea84b","נִבְלִין","נבלינ","Unresolved","","No lexical entry yet","true","2","Targum Jonathan on I Samuel 2:1; Targum Jonathan on I Samuel 10:5"
"targum-jonathan-on-i-samuel","Targum Jonathan on I Samuel","tok-6501da0360ac","נֶגֶב","נגב","Unresolved","","No lexical entry yet","true","1","Targum Jonathan on I Samuel 30:27"
"targum-jonathan-on-i-samuel","Targum Jonathan on I Samuel","tok-9df9f9101a64","נְגַדָא","נגדא","Unresolved","","No lexical entry yet","true","1","Targum Jonathan on I Samuel 6:7"
"targum-jonathan-on-i-samuel","Targum Jonathan on I Samuel","tok-69e52374c6cf","נִדְרֵיהּ","נדריה","Unresolved","","No lexical entry yet","true","1","Targum Jonathan on I Samuel 1:21"
"targum-jonathan-on-i-samuel","Targum Jonathan on I Samuel","tok-b513f95c90e2","נַהֲרָא","נהרא","Unresolved","","No lexical entry yet","true","1","Targum Jonathan on I Samuel 14:29"
"targum-jonathan-on-i-samuel","Targum Jonathan on I Samuel","tok-d4bdc896ce3e","נוֹב","נוב","Unresolved","","No lexical entry yet","true","1","Targum Jonathan on I Samuel 22:19"
"targum-jonathan-on-i-samuel","Targum Jonathan on I Samuel","tok-1e13a7583d4c","נוֹדָא","נודא","Unresolved","","No lexical entry yet","true","1","Targum Jonathan on I Samuel 19:13"
"targum-jonathan-on-i-samuel","Targum Jonathan on I Samuel","tok-fd4431bb591a","נֵחוֹת","נחות","Unresolved","","No lexical entry yet","true","1","Targum Jonathan on I Samuel 14:36"
"targum-jonathan-on-i-samuel","Targum Jonathan on I Samuel","tok-cde42d894ff0","נָחִית","נחית","Unresolved","","No lexical entry yet","true","1","Targum Jonathan on I Samuel 10:8"
"targum-jonathan-on-i-samuel","Targum Jonathan on I Samuel","tok-f36b05e17706","נַחֲלָא","נחלא","Unresolved","","No lexical entry yet","true","2","Targum Jonathan on I Samuel 17:40; Targum Jonathan on I Samuel 30:9"
"targum-jonathan-on-i-samuel","Targum Jonathan on I Samuel","tok-1cb39f8eed02","נָחָשׁ","נחש","Unresolved","","No lexical entry yet","true","3","Targum Jonathan on I Samuel 11:1; Targum Jonathan on I Samuel 11:2; Targum Jonathan on I Samuel 12:12"
"targum-jonathan-on-i-samuel","Targum Jonathan on I Samuel","tok-900f3ae61108","נְחָשָׁא","נחשא","Unresolved","","No lexical entry yet","true","1","Targum Jonathan on I Samuel 17:5"
"targum-jonathan-on-i-samuel","Targum Jonathan on I Samuel","tok-02701f40c1e0","נַחֲתִין","נחתינ","Unresolved","","No lexical entry yet","true","2","Targum Jonathan on I Samuel 9:27; Targum Jonathan on I Samuel 10:5"
"targum-jonathan-on-i-samuel","Targum Jonathan on I Samuel","tok-3b392c61e1a2","נָחֲתִין","נחתינ","Unresolved","","No lexical entry yet","true","1","Targum Jonathan on I Samuel 25:20"
"targum-jonathan-on-i-samuel","Targum Jonathan on I Samuel","tok-14af71322e63","נְחַתְתָּא","נחתתא","Unresolved","","No lexical entry yet","true","2","Targum Jonathan on I Samuel 17:28"
"targum-jonathan-on-i-samuel","Targum Jonathan on I Samuel","tok-c3d2f96d721e","נָטִיל","נטיל","Unresolved","","No lexical entry yet","true","3","Targum Jonathan on I Samuel 10:3"
"targum-jonathan-on-i-samuel","Targum Jonathan on I Samuel","tok-fd4654dff148","נָטֵיל","נטיל","Unresolved","","No lexical entry yet","true","2","Targum Jonathan on I Samuel 14:1; Targum Jonathan on I Samuel 17:41"
"targum-jonathan-on-i-samuel","Targum Jonathan on I Samuel","tok-d3ce51d0606e","נְטִיר","נטיר","Unresolved","","No lexical entry yet","true","1","Targum Jonathan on I Samuel 9:24"
"targum-jonathan-on-i-samuel","Targum Jonathan on I Samuel","tok-1385c9479b25","נָטִיר","נטיר","Unresolved","","No lexical entry yet","true","2","Targum Jonathan on I Samuel 17:22; Targum Jonathan on I Samuel 22:23"
"targum-jonathan-on-i-samuel","Targum Jonathan on I Samuel","tok-431d12765006","נַטְרָא","נטרא","Unresolved","","No lexical entry yet","true","1","Targum Jonathan on I Samuel 28:2"
"targum-jonathan-on-i-samuel","Targum Jonathan on I Samuel","tok-1ee9d8d3887b","נָטְרָא","נטרא","Unresolved","","No lexical entry yet","true","1","Targum Jonathan on I Samuel 17:20"
"targum-jonathan-on-i-samuel","Targum Jonathan on I Samuel","tok-cbe1325cfc88","נָטְרִין","נטרינ","Unresolved","","No lexical entry yet","true","1","Targum Jonathan on I Samuel 21:5"
"targum-jonathan-on-i-samuel","Targum Jonathan on I Samuel","tok-67f609719f1f","נְטָרִית","נטרית","Unresolved","","No lexical entry yet","true","1","Targum Jonathan on I Samuel 25:21"
"targum-jonathan-on-i-samuel","Targum Jonathan on I Samuel","tok-197caeb558d5","נְטַרְתָּא","נטרתא","Unresolved","","No lexical entry yet","true","3","Targum Jonathan on I Samuel 13:13; Targum Jonathan on I Samuel 13:14; Targum Jonathan on I Samuel 26:15"
"targum-jonathan-on-i-samuel","Targum Jonathan on I Samuel","tok-e1c002eef946","נְטַרְתּוּן","נטרתונ","Unresolved","","No lexical entry yet","true","1","Targum Jonathan on I Samuel 26:16"
"targum-jonathan-on-i-samuel","Targum Jonathan on I Samuel","tok-04cbc7686265","נֵיזִיל","ניזיל","Unresolved","","No lexical entry yet","true","1","Targum Jonathan on I Samuel 9:7"
"targum-jonathan-on-i-samuel","Targum Jonathan on I Samuel","tok-f6fcc80d8201","נֵיזֵיל","ניזיל","Unresolved","","No lexical entry yet","true","1","Targum Jonathan on I Samuel 9:10"
"targum-jonathan-on-i-samuel","Targum Jonathan on I Samuel","tok-e650a5d40cbb","נֵיזַיל","ניזיל","Unresolved","","No lexical entry yet","true","1","Targum Jonathan on I Samuel 9:6"
"targum-jonathan-on-i-samuel","Targum Jonathan on I Samuel","tok-674f64bf0926","נַיְידָן","ניידנ","Unresolved","","No lexical entry yet","true","1","Targum Jonathan on I Samuel 1:13"
"targum-jonathan-on-i-samuel","Targum Jonathan on I Samuel","tok-6253e8715818","נִימוּסָא","נימוסא","Unresolved","","No lexical entry yet","true","3","Targum Jonathan on I Samuel 8:9; Targum Jonathan on I Samuel 8:11; Targum Jonathan on I Samuel 10:25"
"targum-jonathan-on-i-samuel","Targum Jonathan on I Samuel","tok-d5e7694e2ea8","נִיסַק","ניסק","Unresolved","","No lexical entry yet","true","1","Targum Jonathan on I Samuel 14:9"
"targum-jonathan-on-i-samuel","Targum Jonathan on I Samuel","tok-bfd18eb1a1d5","נִירֵיהּ","ניריה","Unresolved","","No lexical entry yet","true","1","Targum Jonathan on I Samuel 8:12"
"targum-jonathan-on-i-samuel","Targum Jonathan on I Samuel","tok-8e32247e016e","נִכְסַת","נכסת","Unresolved","","No lexical entry yet","true","6","Targum Jonathan on I Samuel 6:15; Targum Jonathan on I Samuel 9:12; Targum Jonathan on I Samuel 10:8; Targum Jonathan on I Samuel 11:15; Targum Jonathan on I Samuel 20:6"
"targum-jonathan-on-i-samuel","Targum Jonathan on I Samuel","tok-ce705cd13871","נִכְסְתָא","נכסתא","Unresolved","","No lexical entry yet","true","1","Targum Jonathan on I Samuel 2:13"
"targum-jonathan-on-i-samuel","Targum Jonathan on I Samuel","tok-5fd136fc2472","נְמוּת","נמות","Unresolved","","No lexical entry yet","true","1","Targum Jonathan on I Samuel 12:19"
"targum-jonathan-on-i-samuel","Targum Jonathan on I Samuel","tok-cb4db1e9d05a","נִמְסְרִינֵיהּ","נמסריניה","Unresolved","","No lexical entry yet","true","1","Targum Jonathan on I Samuel 23:20"
"targum-jonathan-on-i-samuel","Targum Jonathan on I Samuel","tok-62d3ffd9f1ee","נִסָא","נסא","Unresolved","","No lexical entry yet","true","3","Targum Jonathan on I Samuel 2:1; Targum Jonathan on I Samuel 14:6; Targum Jonathan on I Samuel 17:39"
"targum-jonathan-on-i-samuel","Targum Jonathan on I Samuel","tok-169485c2f6c1","נִסַב","נסב","Unresolved","","No lexical entry yet","true","1","Targum Jonathan on I Samuel 4:3"
"targum-jonathan-on-i-samuel","Targum Jonathan on I Samuel","tok-b75abd9504d0","נַסְבֵית","נסבית","Unresolved","","No lexical entry yet","true","1","Targum Jonathan on I Samuel 21:9"
"targum-jonathan-on-i-samuel","Targum Jonathan on I Samuel","tok-adf2dc93c853","נְסִיב","נסיב","Unresolved","","No lexical entry yet","true","2","Targum Jonathan on I Samuel 2:14; Targum Jonathan on I Samuel 25:43"
"targum-jonathan-on-i-samuel","Targum Jonathan on I Samuel","tok-687bdf1d98af","נְסִיבוּ","נסיבו","Unresolved","","No lexical entry yet","true","1","Targum Jonathan on I Samuel 30:19"
"targum-jonathan-on-i-samuel","Targum Jonathan on I Samuel","tok-e780cf7f4b74","נִסִין","נסינ","Unresolved","","No lexical entry yet","true","2","Targum Jonathan on I Samuel 2:1; Targum Jonathan on I Samuel 2:4"
"targum-jonathan-on-i-samuel","Targum Jonathan on I Samuel","tok-4a0a3eef2dbc","נִסְתְּחַר","נסתחר","Unresolved","","No lexical entry yet","true","1","Targum Jonathan on I Samuel 16:11"
"targum-jonathan-on-i-samuel","Targum Jonathan on I Samuel","tok-b06a523acd60","נַעְבֵּיד","נעביד","Unresolved","","No lexical entry yet","true","2","Targum Jonathan on I Samuel 5:8; Targum Jonathan on I Samuel 6:2"
"targum-jonathan-on-i-samuel","Targum Jonathan on I Samuel","tok-ddbb194c7d42","נָעֵיל","נעיל","Unresolved","","No lexical entry yet","true","1","Targum Jonathan on I Samuel 9:7"
"targum-jonathan-on-i-samuel","Targum Jonathan on I Samuel","tok-f54032b7f9dc","נְעִיצָא","נעיצא","Unresolved","","No lexical entry yet","true","1","Targum Jonathan on I Samuel 26:7"
"targum-jonathan-on-i-samuel","Targum Jonathan on I Samuel","tok-0d7ecc5dbf29","נִפּוֹק","נפוק","Unresolved","","No lexical entry yet","true","1","Targum Jonathan on I Samuel 11:10"
"targum-jonathan-on-i-samuel","Targum Jonathan on I Samuel","tok-249d1aaee84a","נָפִיק","נפיק","Unresolved","","No lexical entry yet","true","2","Targum Jonathan on I Samuel 17:6; Targum Jonathan on I Samuel 17:55"
"targum-jonathan-on-i-samuel","Targum Jonathan on I Samuel","tok-caf6d50167d9","נָפֵיק","נפיק","Unresolved","","No lexical entry yet","true","3","Targum Jonathan on I Samuel 9:14; Targum Jonathan on I Samuel 11:7; Targum Jonathan on I Samuel 17:8"
"targum-jonathan-on-i-samuel","Targum Jonathan on I Samuel","tok-1deebc03f4e9","נְפָלַת","נפלת","Unresolved","","No lexical entry yet","true","1","Targum Jonathan on I Samuel 26:12"
"targum-jonathan-on-i-samuel","Targum Jonathan on I Samuel","tok-38c48b5e15dd","נְפַק","נפק","Unresolved","","No lexical entry yet","true","3","Targum Jonathan on I Samuel 23:15; Targum Jonathan on I Samuel 24:15; Targum Jonathan on I Samuel 26:20"
"targum-jonathan-on-i-samuel","Targum Jonathan on I Samuel","tok-883b8e440eeb","נָפֵק","נפק","Unresolved","","No lexical entry yet","true","1","Targum Jonathan on I Samuel 18:16"
"targum-jonathan-on-i-samuel","Targum Jonathan on I Samuel","tok-5003bf59e662","נְפָקוּ","נפקו","Unresolved","","No lexical entry yet","true","2","Targum Jonathan on I Samuel 14:41; Targum Jonathan on I Samuel 17:20"
"targum-jonathan-on-i-samuel","Targum Jonathan on I Samuel","tok-4563dbdb9e4e","נַפְקִין","נפקינ","Unresolved","","No lexical entry yet","true","2","Targum Jonathan on I Samuel 9:11; Targum Jonathan on I Samuel 14:11"
"targum-jonathan-on-i-samuel","Targum Jonathan on I Samuel","tok-d25bff83bab5","נַפְשָׁא","נפשא","Unresolved","","No lexical entry yet","true","2","Targum Jonathan on I Samuel 25:29; Targum Jonathan on I Samuel 30:6"
"targum-jonathan-on-i-samuel","Targum Jonathan on I Samuel","tok-147040376eba","נַפְשֵׁיהּ","נפשיה","Unresolved","","No lexical entry yet","true","2","Targum Jonathan on I Samuel 19:5; Targum Jonathan on I Samuel 20:17"
"targum-jonathan-on-i-samuel","Targum Jonathan on I Samuel","tok-a3b8655707df","נַפְשָׁךְ","נפשכ","Unresolved","","No lexical entry yet","true","11","Targum Jonathan on I Samuel 1:26; Targum Jonathan on I Samuel 2:16; Targum Jonathan on I Samuel 2:33; Targum Jonathan on I Samuel 15:17; Targum Jonathan on I Samuel 17:55"
"targum-jonathan-on-i-samuel","Targum Jonathan on I Samuel","tok-6671231a5c70","נִצְחָן","נצחנ","Unresolved","","No lexical entry yet","true","1","Targum Jonathan on I Samuel 17:47"
"targum-jonathan-on-i-samuel","Targum Jonathan on I Samuel","tok-373a818bb6fc","נִצְחָנֵיה","נצחניה","Unresolved","","No lexical entry yet","true","1","Targum Jonathan on I Samuel 15:29"
"targum-jonathan-on-i-samuel","Targum Jonathan on I Samuel","tok-3b934360f663","נְשׁוֹהִי","נשוהי","Unresolved","","No lexical entry yet","true","2","Targum Jonathan on I Samuel 27:3; Targum Jonathan on I Samuel 30:18"
"targum-jonathan-on-i-samuel","Targum Jonathan on I Samuel","tok-8ac6b3fa9828","נְשֵׁי","נשי","Unresolved","","No lexical entry yet","true","1","Targum Jonathan on I Samuel 30:5"
"targum-jonathan-on-i-samuel","Targum Jonathan on I Samuel","tok-150ffba89fdd","נְשַׁיָא","נשיא","Unresolved","","No lexical entry yet","true","6","Targum Jonathan on I Samuel 2:22; Targum Jonathan on I Samuel 4:20; Targum Jonathan on I Samuel 15:33; Targum Jonathan on I Samuel 18:6; Targum Jonathan on I Samuel 18:7"
"targum-jonathan-on-i-samuel","Targum Jonathan on I Samuel","tok-6270ca12a030","נְשִׁין","נשינ","Unresolved","","No lexical entry yet","true","1","Targum Jonathan on I Samuel 1:2"
"targum-jonathan-on-i-samuel","Targum Jonathan on I Samuel","tok-f3899fbeee9d","נְשַׁלְחִינֵיהּ","נשלחיניה","Unresolved","","No lexical entry yet","true","1","Targum Jonathan on I Samuel 6:2"
"targum-jonathan-on-i-samuel","Targum Jonathan on I Samuel","tok-009ff89d849b","נִתְפְּרִיק","נתפריק","Unresolved","","No lexical entry yet","true","1","Targum Jonathan on I Samuel 4:3"
"targum-jonathan-on-i-samuel","Targum Jonathan on I Samuel","tok-9d57ea1f6a7c","נִתְקְרַב","נתקרב","Unresolved","","No lexical entry yet","true","1","Targum Jonathan on I Samuel 14:36"
"targum-jonathan-on-i-samuel","Targum Jonathan on I Samuel","tok-cfede84f5893","סְאִין","סאינ","Unresolved","","No lexical entry yet","true","1","Targum Jonathan on I Samuel 25:18"
"targum-jonathan-on-i-samuel","Targum Jonathan on I Samuel","tok-a1dceb9bb5b2","סַב","סב","Unresolved","","No lexical entry yet","true","3","Targum Jonathan on I Samuel 17:17; Targum Jonathan on I Samuel 21:10; Targum Jonathan on I Samuel 26:11"
"targum-jonathan-on-i-samuel","Targum Jonathan on I Samuel","tok-fc8ea8bed024","סַבְהִי","סבהי","Unresolved","","No lexical entry yet","true","1","Targum Jonathan on I Samuel 20:21"
"targum-jonathan-on-i-samuel","Targum Jonathan on I Samuel","tok-68297541bad3","סְבוּ","סבו","Unresolved","","No lexical entry yet","true","1","Targum Jonathan on I Samuel 6:7"
"targum-jonathan-on-i-samuel","Targum Jonathan on I Samuel","tok-0ba0d3248f74","סָבֵי","סבי","Unresolved","","No lexical entry yet","true","5","Targum Jonathan on I Samuel 4:3; Targum Jonathan on I Samuel 8:4; Targum Jonathan on I Samuel 11:3; Targum Jonathan on I Samuel 15:30; Targum Jonathan on I Samuel 16:4"
"targum-jonathan-on-i-samuel","Targum Jonathan on I Samuel","tok-cb3ca800f7df","סְבִירִין","סבירינ","Unresolved","","No lexical entry yet","true","1","Targum Jonathan on I Samuel 23:12"
"targum-jonathan-on-i-samuel","Targum Jonathan on I Samuel","tok-05ba9708a7b4","סָבֵר","סבר","Unresolved","","No lexical entry yet","true","1","Targum Jonathan on I Samuel 23:11"
"targum-jonathan-on-i-samuel","Targum Jonathan on I Samuel","tok-23371dad7994","סִבְתָּא","סבתא","Unresolved","","No lexical entry yet","true","1","Targum Jonathan on I Samuel 8:5"
"targum-jonathan-on-i-samuel","Targum Jonathan on I Samuel","tok-7c810a525651","סִגוּף","סגופ","Unresolved","","No lexical entry yet","true","1","Targum Jonathan on I Samuel 1:11"
"targum-jonathan-on-i-samuel","Targum Jonathan on I Samuel","tok-ca8eba41261c","סַגִי","סגי","Unresolved","","No lexical entry yet","true","6","Targum Jonathan on I Samuel 2:2; Targum Jonathan on I Samuel 2:5; Targum Jonathan on I Samuel 2:17; Targum Jonathan on I Samuel 17:25; Targum Jonathan on I Samuel 26:13"
"targum-jonathan-on-i-samuel","Targum Jonathan on I Samuel","tok-40b36f2ae87d","סַגִיאָה","סגיאה","Unresolved","","No lexical entry yet","true","5","Targum Jonathan on I Samuel 6:19; Targum Jonathan on I Samuel 12:17; Targum Jonathan on I Samuel 19:8; Targum Jonathan on I Samuel 23:5; Targum Jonathan on I Samuel 30:16"
"targum-jonathan-on-i-samuel","Targum Jonathan on I Samuel","tok-1e1217324170","סַגִיאַת","סגיאת","Unresolved","","No lexical entry yet","true","1","Targum Jonathan on I Samuel 14:30"
"targum-jonathan-on-i-samuel","Targum Jonathan on I Samuel","tok-6548bf82ada8","סַגְיוֹת","סגיות","Unresolved","","No lexical entry yet","true","1","Targum Jonathan on I Samuel 2:33"
"targum-jonathan-on-i-samuel","Targum Jonathan on I Samuel","tok-fc1d12db5bfb","סִדְרָא","סדרא","Unresolved","","No lexical entry yet","true","4","Targum Jonathan on I Samuel 4:16; Targum Jonathan on I Samuel 17:21"
"targum-jonathan-on-i-samuel","Targum Jonathan on I Samuel","tok-c5e5afaf62d2","סְהֵיד","סהיד","Unresolved","","No lexical entry yet","true","1","Targum Jonathan on I Samuel 12:5"
"targum-jonathan-on-i-samuel","Targum Jonathan on I Samuel","tok-934ea0f36a5e","סָהִיד","סהיד","Unresolved","","No lexical entry yet","true","3","Targum Jonathan on I Samuel 12:5; Targum Jonathan on I Samuel 20:23; Targum Jonathan on I Samuel 20:42"
"targum-jonathan-on-i-samuel","Targum Jonathan on I Samuel","tok-9acbc90cc5d0","סוּרְחָנִי","סורחני","Unresolved","","No lexical entry yet","true","1","Targum Jonathan on I Samuel 20:1"
"targum-jonathan-on-i-samuel","Targum Jonathan on I Samuel","tok-c12a1c6ee870","סְחוֹר","סחור","Unresolved","","No lexical entry yet","true","7","Targum Jonathan on I Samuel 12:11; Targum Jonathan on I Samuel 14:21; Targum Jonathan on I Samuel 14:47; Targum Jonathan on I Samuel 31:9"
"targum-jonathan-on-i-samuel","Targum Jonathan on I Samuel","tok-e57ef4ab842d","סַחֲרָנוֹהִי","סחרנוהי","Unresolved","","No lexical entry yet","true","2","Targum Jonathan on I Samuel 26:5; Targum Jonathan on I Samuel 26:7"
"targum-jonathan-on-i-samuel","Targum Jonathan on I Samuel","tok-b67bdf369a0e","סְטָאָה","סטאה","Unresolved","","No lexical entry yet","true","1","Targum Jonathan on I Samuel 6:12"
"targum-jonathan-on-i-samuel","Targum Jonathan on I Samuel","tok-35e339d84115","סִיב","סיב","Unresolved","","No lexical entry yet","true","6","Targum Jonathan on I Samuel 2:22; Targum Jonathan on I Samuel 2:31; Targum Jonathan on I Samuel 2:32; Targum Jonathan on I Samuel 4:18; Targum Jonathan on I Samuel 8:1"
"targum-jonathan-on-i-samuel","Targum Jonathan on I Samuel","tok-7e9b175a428c","סִיכַת","סיכת","Unresolved","","No lexical entry yet","true","1","Targum Jonathan on I Samuel 13:20"
"targum-jonathan-on-i-samuel","Targum Jonathan on I Samuel","tok-008a826577db","סִיסְרָא","סיסרא","Unresolved","","No lexical entry yet","true","1","Targum Jonathan on I Samuel 12:9"
"targum-jonathan-on-i-samuel","Targum Jonathan on I Samuel","tok-9fbf322f6386","סִיעַת","סיעת","Unresolved","","No lexical entry yet","true","3","Targum Jonathan on I Samuel 10:5; Targum Jonathan on I Samuel 10:10; Targum Jonathan on I Samuel 19:20"
"targum-jonathan-on-i-samuel","Targum Jonathan on I Samuel","tok-5e11da09ecc8","סִיפָא","סיפא","Unresolved","","No lexical entry yet","true","1","Targum Jonathan on I Samuel 1:9"
"targum-jonathan-on-i-samuel","Targum Jonathan on I Samuel","tok-161a5f66a7cf","סַיְפִין","סיפינ","Unresolved","","No lexical entry yet","true","1","Targum Jonathan on I Samuel 13:19"
"targum-jonathan-on-i-samuel","Targum Jonathan on I Samuel","tok-f21f0a436b2a","סִכְוָאַיָא","סכואיא","Unresolved","","No lexical entry yet","true","1","Targum Jonathan on I Samuel 14:16"
"targum-jonathan-on-i-samuel","Targum Jonathan on I Samuel","tok-928a8ad9841f","סְלִיק","סליק","Unresolved","","No lexical entry yet","true","4","Targum Jonathan on I Samuel 15:34; Targum Jonathan on I Samuel 17:23; Targum Jonathan on I Samuel 17:25; Targum Jonathan on I Samuel 28:14"
"targum-jonathan-on-i-samuel","Targum Jonathan on I Samuel","tok-22e3d8f66b8d","סְלִיקוּ","סליקו","Unresolved","","No lexical entry yet","true","2","Targum Jonathan on I Samuel 24:23; Targum Jonathan on I Samuel 29:11"
"targum-jonathan-on-i-samuel","Targum Jonathan on I Samuel","tok-bd57d7c145cd","סְלִיקַת","סליקת","Unresolved","","No lexical entry yet","true","1","Targum Jonathan on I Samuel 1:22"
"targum-jonathan-on-i-samuel","Targum Jonathan on I Samuel","tok-4de3388d57c1","סַלְקִין","סלקינ","Unresolved","","No lexical entry yet","true","1","Targum Jonathan on I Samuel 9:11"
"targum-jonathan-on-i-samuel","Targum Jonathan on I Samuel","tok-0d81cad54592","סַמוֹק","סמוק","Unresolved","","No lexical entry yet","true","1","Targum Jonathan on I Samuel 16:12"
"targum-jonathan-on-i-samuel","Targum Jonathan on I Samuel","tok-a0de51dd1196","סַנְאֵי","סנאי","Unresolved","","No lexical entry yet","true","3","Targum Jonathan on I Samuel 20:15; Targum Jonathan on I Samuel 20:16; Targum Jonathan on I Samuel 30:26"
"targum-jonathan-on-i-samuel","Targum Jonathan on I Samuel","tok-eddd286fa21c","סַנְאָךְ","סנאכ","Unresolved","","No lexical entry yet","true","1","Targum Jonathan on I Samuel 25:26"
"targum-jonathan-on-i-samuel","Targum Jonathan on I Samuel","tok-525c197ca169","סַנְחֵרִיב","סנחריב","Unresolved","","No lexical entry yet","true","1","Targum Jonathan on I Samuel 2:2"
"targum-jonathan-on-i-samuel","Targum Jonathan on I Samuel","tok-b7e0fa35bd63","סְעָדָא","סעדא","Unresolved","","No lexical entry yet","true","1","Targum Jonathan on I Samuel 4:1"
"targum-jonathan-on-i-samuel","Targum Jonathan on I Samuel","tok-4882d6edf7d2","סַעֲדָא","סעדא","Unresolved","","No lexical entry yet","true","2","Targum Jonathan on I Samuel 5:1; Targum Jonathan on I Samuel 7:12"
"targum-jonathan-on-i-samuel","Targum Jonathan on I Samuel","tok-989445029206","סַעֲדָנָא","סעדנא","Unresolved","","No lexical entry yet","true","1","Targum Jonathan on I Samuel 7:12"
"targum-jonathan-on-i-samuel","Targum Jonathan on I Samuel","tok-b37df04a5aa6","סַעֲרוּ","סערו","Unresolved","","No lexical entry yet","true","1","Targum Jonathan on I Samuel 14:17"
"targum-jonathan-on-i-samuel","Targum Jonathan on I Samuel","tok-4a6a320ef86a","סִפְוָתָהָא","ספותהא","Unresolved","","No lexical entry yet","true","1","Targum Jonathan on I Samuel 1:13"
"targum-jonathan-on-i-samuel","Targum Jonathan on I Samuel","tok-78c5ce85794e","סַפְרַיָא","ספריא","Unresolved","","No lexical entry yet","true","5","Targum Jonathan on I Samuel 10:5; Targum Jonathan on I Samuel 10:10; Targum Jonathan on I Samuel 10:11; Targum Jonathan on I Samuel 19:20; Targum Jonathan on I Samuel 28:15"
"targum-jonathan-on-i-samuel","Targum Jonathan on I Samuel","tok-182cd6c169d9","סַק","סק","Unresolved","","No lexical entry yet","true","2","Targum Jonathan on I Samuel 9:19; Targum Jonathan on I Samuel 14:12"
"targum-jonathan-on-i-samuel","Targum Jonathan on I Samuel","tok-822db1bbc9d4","סַקוּ","סקו","Unresolved","","No lexical entry yet","true","2","Targum Jonathan on I Samuel 9:13; Targum Jonathan on I Samuel 25:5"
"targum-jonathan-on-i-samuel","Targum Jonathan on I Samuel","tok-68edb5c64bc9","סָקוּ","סקו","Unresolved","","No lexical entry yet","true","2","Targum Jonathan on I Samuel 14:10; Targum Jonathan on I Samuel 14:12"
"targum-jonathan-on-i-samuel","Targum Jonathan on I Samuel","tok-a3efb0137680","סְקוּפַת","סקופת","Unresolved","","No lexical entry yet","true","1","Targum Jonathan on I Samuel 5:5"
"targum-jonathan-on-i-samuel","Targum Jonathan on I Samuel","tok-d4db9a2605ee","סְקוּפְתָּא","סקופתא","Unresolved","","No lexical entry yet","true","1","Targum Jonathan on I Samuel 5:4"
"targum-jonathan-on-i-samuel","Targum Jonathan on I Samuel","tok-5086258660b3","סַקִי","סקי","Unresolved","","No lexical entry yet","true","1","Targum Jonathan on I Samuel 25:35"
"targum-jonathan-on-i-samuel","Targum Jonathan on I Samuel","tok-89407a608443","סַרְבָנִיתָא","סרבניתא","Unresolved","","No lexical entry yet","true","1","Targum Jonathan on I Samuel 20:30"
"targum-jonathan-on-i-samuel","Targum Jonathan on I Samuel","tok-dc64bf397b52","עָאן","עאנ","Unresolved","","No lexical entry yet","true","4","Targum Jonathan on I Samuel 14:32; Targum Jonathan on I Samuel 25:2; Targum Jonathan on I Samuel 25:18; Targum Jonathan on I Samuel 27:9"
"targum-jonathan-on-i-samuel","Targum Jonathan on I Samuel","tok-b7c5cb153268","עָאָן","עאנ","Unresolved","","No lexical entry yet","true","1","Targum Jonathan on I Samuel 15:21"
"targum-jonathan-on-i-samuel","Targum Jonathan on I Samuel","tok-ba0510323786","עָאנָא","עאנא","Unresolved","","No lexical entry yet","true","1","Targum Jonathan on I Samuel 24:4"
"targum-jonathan-on-i-samuel","Targum Jonathan on I Samuel","tok-69a3c7d72baf","עַבְדָא","עבדא","Unresolved","","No lexical entry yet","true","2","Targum Jonathan on I Samuel 29:3; Targum Jonathan on I Samuel 30:13"
"targum-jonathan-on-i-samuel","Targum Jonathan on I Samuel","tok-34cc8c832aef","עָבְדָא","עבדא","Unresolved","","No lexical entry yet","true","1","Targum Jonathan on I Samuel 2:19"
"targum-jonathan-on-i-samuel","Targum Jonathan on I Samuel","tok-d4a9a35d61a8","עֲבַדוּ","עבדו","Unresolved","","No lexical entry yet","true","1","Targum Jonathan on I Samuel 8:8"
"targum-jonathan-on-i-samuel","Targum Jonathan on I Samuel","tok-2ce90d4b8ae5","עַבְדוֹהִי","עבדוהי","Unresolved","","No lexical entry yet","true","9","Targum Jonathan on I Samuel 2:9; Targum Jonathan on I Samuel 18:22; Targum Jonathan on I Samuel 18:26; Targum Jonathan on I Samuel 19:1; Targum Jonathan on I Samuel 22:6"
"targum-jonathan-on-i-samuel","Targum Jonathan on I Samuel","tok-1d1b8d417a00","עַבְדַיָא","עבדיא","Unresolved","","No lexical entry yet","true","1","Targum Jonathan on I Samuel 25:10"
"targum-jonathan-on-i-samuel","Targum Jonathan on I Samuel","tok-7257d8aef4a1","עַבְדֵיהּ","עבדיה","Unresolved","","No lexical entry yet","true","3","Targum Jonathan on I Samuel 25:39; Targum Jonathan on I Samuel 26:18; Targum Jonathan on I Samuel 26:19"
"targum-jonathan-on-i-samuel","Targum Jonathan on I Samuel","tok-5a12a18461a7","עַבְדֵיכוֹן","עבדיכונ","Unresolved","","No lexical entry yet","true","1","Targum Jonathan on I Samuel 8:16"
"targum-jonathan-on-i-samuel","Targum Jonathan on I Samuel","tok-506fbe7376da","עַבְדִין","עבדינ","Unresolved","","No lexical entry yet","true","1","Targum Jonathan on I Samuel 17:8"
"targum-jonathan-on-i-samuel","Targum Jonathan on I Samuel","tok-93fdc245cfef","עָבְדִין","עבדינ","Unresolved","","No lexical entry yet","true","3","Targum Jonathan on I Samuel 2:14; Targum Jonathan on I Samuel 8:8; Targum Jonathan on I Samuel 8:16"
"targum-jonathan-on-i-samuel","Targum Jonathan on I Samuel","tok-5adc60745bbe","עֲבָדִית","עבדית","Unresolved","","No lexical entry yet","true","4","Targum Jonathan on I Samuel 17:29; Targum Jonathan on I Samuel 20:1; Targum Jonathan on I Samuel 26:18; Targum Jonathan on I Samuel 29:8"
"targum-jonathan-on-i-samuel","Targum Jonathan on I Samuel","tok-ba4407d1a398","עֲבַדְתְּ","עבדת","Unresolved","","No lexical entry yet","true","1","Targum Jonathan on I Samuel 15:6"
"targum-jonathan-on-i-samuel","Targum Jonathan on I Samuel","tok-94e1c0946358","עֲבַדְתָּא","עבדתא","Unresolved","","No lexical entry yet","true","4","Targum Jonathan on I Samuel 13:11; Targum Jonathan on I Samuel 14:43; Targum Jonathan on I Samuel 26:16; Targum Jonathan on I Samuel 28:18"
"targum-jonathan-on-i-samuel","Targum Jonathan on I Samuel","tok-108164f97509","עֲבִיד","עביד","Unresolved","","No lexical entry yet","true","1","Targum Jonathan on I Samuel 14:36"
"targum-jonathan-on-i-samuel","Targum Jonathan on I Samuel","tok-221d378d929e","עֲבֵיד","עביד","Unresolved","","No lexical entry yet","true","4","Targum Jonathan on I Samuel 10:7; Targum Jonathan on I Samuel 13:19; Targum Jonathan on I Samuel 14:7; Targum Jonathan on I Samuel 14:40"
"targum-jonathan-on-i-samuel","Targum Jonathan on I Samuel","tok-1f8e64caaad4","עָבִיד","עביד","Unresolved","","No lexical entry yet","true","3","Targum Jonathan on I Samuel 3:11; Targum Jonathan on I Samuel 16:18; Targum Jonathan on I Samuel 17:33"
"targum-jonathan-on-i-samuel","Targum Jonathan on I Samuel","tok-5b7757d62b0c","עָבֵיד","עביד","Unresolved","","No lexical entry yet","true","4","Targum Jonathan on I Samuel 12:16; Targum Jonathan on I Samuel 13:14; Targum Jonathan on I Samuel 14:52; Targum Jonathan on I Samuel 18:17"
"targum-jonathan-on-i-samuel","Targum Jonathan on I Samuel","tok-46f147cb58fb","עֶבִידִי","עבידי","Unresolved","","No lexical entry yet","true","1","Targum Jonathan on I Samuel 1:23"
"targum-jonathan-on-i-samuel","Targum Jonathan on I Samuel","tok-7b026a80e02b","עֲבִידְתָּא","עבידתא","Unresolved","","No lexical entry yet","true","1","Targum Jonathan on I Samuel 8:16"
"targum-jonathan-on-i-samuel","Targum Jonathan on I Samuel","tok-d5b7aff77176","עִבְרָא","עברא","Unresolved","","No lexical entry yet","true","1","Targum Jonathan on I Samuel 26:13"
"targum-jonathan-on-i-samuel","Targum Jonathan on I Samuel","tok-8e7fa843e2c5","עָבְרֵי","עברי","Unresolved","","No lexical entry yet","true","1","Targum Jonathan on I Samuel 2:8"
"targum-jonathan-on-i-samuel","Targum Jonathan on I Samuel","tok-fcf15eaf68e2","עָבְרִין","עברינ","Unresolved","","No lexical entry yet","true","3","Targum Jonathan on I Samuel 14:8; Targum Jonathan on I Samuel 29:2"
"targum-jonathan-on-i-samuel","Targum Jonathan on I Samuel","tok-ab74e31ab08c","עֲבָרִית","עברית","Unresolved","","No lexical entry yet","true","1","Targum Jonathan on I Samuel 15:24"
"targum-jonathan-on-i-samuel","Targum Jonathan on I Samuel","tok-bbff919273bf","עֵגֶל","עגל","Unresolved","","No lexical entry yet","true","1","Targum Jonathan on I Samuel 28:24"
"targum-jonathan-on-i-samuel","Targum Jonathan on I Samuel","tok-215d176b508e","עֶגְלַת","עגלת","Unresolved","","No lexical entry yet","true","1","Targum Jonathan on I Samuel 16:2"
"targum-jonathan-on-i-samuel","Targum Jonathan on I Samuel","tok-2e9381a3b180","עֲגָלָתָא","עגלתא","Unresolved","","No lexical entry yet","true","2","Targum Jonathan on I Samuel 6:7; Targum Jonathan on I Samuel 6:14"
"targum-jonathan-on-i-samuel","Targum Jonathan on I Samuel","tok-87908b7d5772","עֲדָאָה","עדאה","Unresolved","","No lexical entry yet","true","1","Targum Jonathan on I Samuel 30:16"
"targum-jonathan-on-i-samuel","Targum Jonathan on I Samuel","tok-b9558c43b0c4","עַדְבִין","עדבינ","Unresolved","","No lexical entry yet","true","1","Targum Jonathan on I Samuel 14:42"
"targum-jonathan-on-i-samuel","Targum Jonathan on I Samuel","tok-dd4f82fb6a76","עֲדָהָא","עדהא","Unresolved","","No lexical entry yet","true","1","Targum Jonathan on I Samuel 30:20"
"targum-jonathan-on-i-samuel","Targum Jonathan on I Samuel","tok-4f55e1eb33ca","עֲדֻלָם","עדלמ","Unresolved","","No lexical entry yet","true","1","Targum Jonathan on I Samuel 22:1"
"targum-jonathan-on-i-samuel","Targum Jonathan on I Samuel","tok-305f1eeeb356","עֲדָת","עדת","Unresolved","","No lexical entry yet","true","1","Targum Jonathan on I Samuel 16:14"
"targum-jonathan-on-i-samuel","Targum Jonathan on I Samuel","tok-9e88d38d3cda","עוֹבָדוֹהִי","עובדוהי","Unresolved","","No lexical entry yet","true","3","Targum Jonathan on I Samuel 2:3; Targum Jonathan on I Samuel 2:26; Targum Jonathan on I Samuel 19:4"
"targum-jonathan-on-i-samuel","Targum Jonathan on I Samuel","tok-980fa504f5b1","עוֹבָדַיָא","עובדיא","Unresolved","","No lexical entry yet","true","1","Targum Jonathan on I Samuel 8:8"
"targum-jonathan-on-i-samuel","Targum Jonathan on I Samuel","tok-2c49340c5ba8","עוֹבָדֵיהּ","עובדיה","Unresolved","","No lexical entry yet","true","1","Targum Jonathan on I Samuel 15:28"
"targum-jonathan-on-i-samuel","Targum Jonathan on I Samuel","tok-f7fe755eab0e","עוֹבָדֵיכוֹן","עובדיכונ","Unresolved","","No lexical entry yet","true","1","Targum Jonathan on I Samuel 12:25"
"targum-jonathan-on-i-samuel","Targum Jonathan on I Samuel","tok-ae4274bf97db","עוֹבְדִין","עובדינ","Unresolved","","No lexical entry yet","true","1","Targum Jonathan on I Samuel 25:3"
"targum-jonathan-on-i-samuel","Targum Jonathan on I Samuel","tok-f1b4cd18af11","עוּלְבַן","עולבנ","Unresolved","","No lexical entry yet","true","1","Targum Jonathan on I Samuel 1:15"
"targum-jonathan-on-i-samuel","Targum Jonathan on I Samuel","tok-d4e457ad1d70","עוּלְבָּנִי","עולבני","Unresolved","","No lexical entry yet","true","1","Targum Jonathan on I Samuel 24:16"
"targum-jonathan-on-i-samuel","Targum Jonathan on I Samuel","tok-7483e150da1e","עוּלֵימָא","עולימא","Unresolved","","No lexical entry yet","true","14","Targum Jonathan on I Samuel 2:13; Targum Jonathan on I Samuel 2:15; Targum Jonathan on I Samuel 2:18; Targum Jonathan on I Samuel 9:8; Targum Jonathan on I Samuel 17:55"
"targum-jonathan-on-i-samuel","Targum Jonathan on I Samuel","tok-eaf5728e7270","עוּלֵימֵי","עולימי","Unresolved","","No lexical entry yet","true","1","Targum Jonathan on I Samuel 25:9"
"targum-jonathan-on-i-samuel","Targum Jonathan on I Samuel","tok-c030ce8f169a","עוּלֵימַיָא","עולימיא","Unresolved","","No lexical entry yet","true","4","Targum Jonathan on I Samuel 16:11; Targum Jonathan on I Samuel 21:3; Targum Jonathan on I Samuel 21:5; Targum Jonathan on I Samuel 25:8"
"targum-jonathan-on-i-samuel","Targum Jonathan on I Samuel","tok-d3eb4ccc63b6","עוּלֵימֵיהּ","עולימיה","Unresolved","","No lexical entry yet","true","1","Targum Jonathan on I Samuel 9:22"
"targum-jonathan-on-i-samuel","Targum Jonathan on I Samuel","tok-1ce689267620","עוּלֵימִין","עולימינ","Unresolved","","No lexical entry yet","true","2","Targum Jonathan on I Samuel 2:33; Targum Jonathan on I Samuel 25:5"
"targum-jonathan-on-i-samuel","Targum Jonathan on I Samuel","tok-89c63893a8a7","עוּלֵימְכוֹן","עולימכונ","Unresolved","","No lexical entry yet","true","1","Targum Jonathan on I Samuel 8:16"
"targum-jonathan-on-i-samuel","Targum Jonathan on I Samuel","tok-f5148c730738","עוּלֵימָן","עולימנ","Unresolved","","No lexical entry yet","true","1","Targum Jonathan on I Samuel 9:11"
"targum-jonathan-on-i-samuel","Targum Jonathan on I Samuel","tok-3af89f6e203d","עוּלֵימְתָהָא","עולימתהא","Unresolved","","No lexical entry yet","true","1","Targum Jonathan on I Samuel 25:42"
"targum-jonathan-on-i-samuel","Targum Jonathan on I Samuel","tok-3325b4b68ed8","עוּלֵמָא","עולמא","Unresolved","","No lexical entry yet","true","1","Targum Jonathan on I Samuel 25:14"
"targum-jonathan-on-i-samuel","Targum Jonathan on I Samuel","tok-73f2ca260079","עוּלֵמַיָא","עולמיא","Unresolved","","No lexical entry yet","true","1","Targum Jonathan on I Samuel 2:17"
"targum-jonathan-on-i-samuel","Targum Jonathan on I Samuel","tok-7dadef680fee","עוּלֵמָךְ","עולמכ","Unresolved","","No lexical entry yet","true","1","Targum Jonathan on I Samuel 25:8"
"targum-jonathan-on-i-samuel","Targum Jonathan on I Samuel","tok-c6ff4f293c86","עוּשְׁפֵיהּ","עושפיה","Unresolved","","No lexical entry yet","true","1","Targum Jonathan on I Samuel 13:20"
"targum-jonathan-on-i-samuel","Targum Jonathan on I Samuel","tok-86b987dca29f","עוֹתַר","עותר","Unresolved","","No lexical entry yet","true","1","Targum Jonathan on I Samuel 17:25"
"targum-jonathan-on-i-samuel","Targum Jonathan on I Samuel","tok-0e9044511c52","עִזֵי","עזי","Unresolved","","No lexical entry yet","true","1","Targum Jonathan on I Samuel 16:20"
"targum-jonathan-on-i-samuel","Targum Jonathan on I Samuel","tok-0661bb002ad1","עִזִין","עזינ","Unresolved","","No lexical entry yet","true","1","Targum Jonathan on I Samuel 25:2"
"targum-jonathan-on-i-samuel","Targum Jonathan on I Samuel","tok-2f1f36d25988","עֲזֵקָה","עזקה","Unresolved","","No lexical entry yet","true","1","Targum Jonathan on I Samuel 17:1"
"targum-jonathan-on-i-samuel","Targum Jonathan on I Samuel","tok-5a9c5bdeab75","עַטִיף","עטיפ","Unresolved","","No lexical entry yet","true","1","Targum Jonathan on I Samuel 28:14"
"targum-jonathan-on-i-samuel","Targum Jonathan on I Samuel","tok-cb5879edb81f","עֲטָרוּ","עטרו","Unresolved","","No lexical entry yet","true","1","Targum Jonathan on I Samuel 9:7"
"targum-jonathan-on-i-samuel","Targum Jonathan on I Samuel","tok-270dc53b4f4c","עֵיל","עיל","Unresolved","","No lexical entry yet","true","1","Targum Jonathan on I Samuel 4:4"
"targum-jonathan-on-i-samuel","Targum Jonathan on I Samuel","tok-e42bf4ef80be","עֵינָא","עינא","Unresolved","","No lexical entry yet","true","1","Targum Jonathan on I Samuel 11:2"
"targum-jonathan-on-i-samuel","Targum Jonathan on I Samuel","tok-51886180d698","עֵינוֹהִי","עינוהי","Unresolved","","No lexical entry yet","true","4","Targum Jonathan on I Samuel 14:27; Targum Jonathan on I Samuel 16:12; Targum Jonathan on I Samuel 17:49"
"targum-jonathan-on-i-samuel","Targum Jonathan on I Samuel","tok-459a27d7eed4","עֵינֵיהוֹן","עיניהונ","Unresolved","","No lexical entry yet","true","1","Targum Jonathan on I Samuel 6:13"
"targum-jonathan-on-i-samuel","Targum Jonathan on I Samuel","tok-c9563a4746a7","עֵינָךְ","עינכ","Unresolved","","No lexical entry yet","true","2","Targum Jonathan on I Samuel 2:33; Targum Jonathan on I Samuel 24:11"
"targum-jonathan-on-i-samuel","Targum Jonathan on I Samuel","tok-bdd906c69e8c","עֵיסַק","עיסק","Unresolved","","No lexical entry yet","true","3","Targum Jonathan on I Samuel 9:5; Targum Jonathan on I Samuel 10:2; Targum Jonathan on I Samuel 10:16"
"targum-jonathan-on-i-samuel","Targum Jonathan on I Samuel","tok-a39637deae46","עִירוּעַ","עירוע","Unresolved","","No lexical entry yet","true","1","Targum Jonathan on I Samuel 20:26"
"targum-jonathan-on-i-samuel","Targum Jonathan on I Samuel","tok-fae441dbb035","עֵירוּעַ","עירוע","Unresolved","","No lexical entry yet","true","1","Targum Jonathan on I Samuel 6:9"
"targum-jonathan-on-i-samuel","Targum Jonathan on I Samuel","tok-96e746ab2416","עַכְבְּרֵי","עכברי","Unresolved","","No lexical entry yet","true","2","Targum Jonathan on I Samuel 6:4; Targum Jonathan on I Samuel 6:11"
"targum-jonathan-on-i-samuel","Targum Jonathan on I Samuel","tok-f6d732c489eb","עַכְבְּרֵיכוֹן","עכבריכונ","Unresolved","","No lexical entry yet","true","1","Targum Jonathan on I Samuel 6:5"
"targum-jonathan-on-i-samuel","Targum Jonathan on I Samuel","tok-ec3d304b3d68","עֲכַר","עכר","Unresolved","","No lexical entry yet","true","1","Targum Jonathan on I Samuel 14:29"
"targum-jonathan-on-i-samuel","Targum Jonathan on I Samuel","tok-4513a61d5906","עָלוּ","עלו","Unresolved","","No lexical entry yet","true","1","Targum Jonathan on I Samuel 14:25"
"targum-jonathan-on-i-samuel","Targum Jonathan on I Samuel","tok-11acb03d1b85","עִלַוָה","עלוה","Unresolved","","No lexical entry yet","true","1","Targum Jonathan on I Samuel 4:20"
"targum-jonathan-on-i-samuel","Targum Jonathan on I Samuel","tok-c72cff78fd39","עֲלוֹהִי","עלוהי","Unresolved","","No lexical entry yet","true","17","Targum Jonathan on I Samuel 1:11; Targum Jonathan on I Samuel 5:4; Targum Jonathan on I Samuel 10:10; Targum Jonathan on I Samuel 17:22; Targum Jonathan on I Samuel 18:4"
"targum-jonathan-on-i-samuel","Targum Jonathan on I Samuel","tok-ade9327640e8","עִלַוֵיהוֹן","עלויהונ","Unresolved","","No lexical entry yet","true","2","Targum Jonathan on I Samuel 17:8; Targum Jonathan on I Samuel 19:20"
"targum-jonathan-on-i-samuel","Targum Jonathan on I Samuel","tok-2ccaf7f0f007","עִלַוֵיכוֹן","עלויכונ","Unresolved","","No lexical entry yet","true","1","Targum Jonathan on I Samuel 17:8"
"targum-jonathan-on-i-samuel","Targum Jonathan on I Samuel","tok-69f0bb785373","עֲלַוָן","עלונ","Unresolved","","No lexical entry yet","true","2","Targum Jonathan on I Samuel 6:15; Targum Jonathan on I Samuel 10:8"
"targum-jonathan-on-i-samuel","Targum Jonathan on I Samuel","tok-0b4f68f5b945","עֲלֵיהוֹן","עליהונ","Unresolved","","No lexical entry yet","true","9","Targum Jonathan on I Samuel 2:10; Targum Jonathan on I Samuel 5:7; Targum Jonathan on I Samuel 8:7; Targum Jonathan on I Samuel 8:9; Targum Jonathan on I Samuel 9:20"
"targum-jonathan-on-i-samuel","Targum Jonathan on I Samuel","tok-659e3c3fe66d","עֲלֵיכוֹן","עליכונ","Unresolved","","No lexical entry yet","true","7","Targum Jonathan on I Samuel 7:5; Targum Jonathan on I Samuel 8:11; Targum Jonathan on I Samuel 12:1; Targum Jonathan on I Samuel 12:12; Targum Jonathan on I Samuel 12:13"
"targum-jonathan-on-i-samuel","Targum Jonathan on I Samuel","tok-356b2fa5c87f","עָלִין","עלינ","Unresolved","","No lexical entry yet","true","1","Targum Jonathan on I Samuel 9:14"
"targum-jonathan-on-i-samuel","Targum Jonathan on I Samuel","tok-58d86951b902","עֲלָךְ","עלכ","Unresolved","","No lexical entry yet","true","9","Targum Jonathan on I Samuel 10:6; Targum Jonathan on I Samuel 15:29; Targum Jonathan on I Samuel 16:16; Targum Jonathan on I Samuel 17:45; Targum Jonathan on I Samuel 19:3"
"targum-jonathan-on-i-samuel","Targum Jonathan on I Samuel","tok-b6bd4b29f308","עֲלָנָא","עלנא","Unresolved","","No lexical entry yet","true","9","Targum Jonathan on I Samuel 5:7; Targum Jonathan on I Samuel 8:19; Targum Jonathan on I Samuel 10:19; Targum Jonathan on I Samuel 11:12; Targum Jonathan on I Samuel 12:12"
"targum-jonathan-on-i-samuel","Targum Jonathan on I Samuel","tok-c12010f4b37a","עִלָנָא","עלנא","Unresolved","","No lexical entry yet","true","1","Targum Jonathan on I Samuel 25:16"
"targum-jonathan-on-i-samuel","Targum Jonathan on I Samuel","tok-261646dd27cb","עֲלַת","עלת","Unresolved","","No lexical entry yet","true","1","Targum Jonathan on I Samuel 9:16"
"targum-jonathan-on-i-samuel","Targum Jonathan on I Samuel","tok-9ac41ea59998","עֲלָתָא","עלתא","Unresolved","","No lexical entry yet","true","7","Targum Jonathan on I Samuel 6:14; Targum Jonathan on I Samuel 7:9; Targum Jonathan on I Samuel 7:10; Targum Jonathan on I Samuel 13:9; Targum Jonathan on I Samuel 13:10"
"targum-jonathan-on-i-samuel","Targum Jonathan on I Samuel","tok-8b66368a86aa","עַמָא","עמא","Unresolved","","No lexical entry yet","true","83","Targum Jonathan on I Samuel 2:13; Targum Jonathan on I Samuel 2:23; Targum Jonathan on I Samuel 2:24; Targum Jonathan on I Samuel 4:3; Targum Jonathan on I Samuel 4:4"
"targum-jonathan-on-i-samuel","Targum Jonathan on I Samuel","tok-f6388165128a","עִמְהוֹן","עמהונ","Unresolved","","No lexical entry yet","true","6","Targum Jonathan on I Samuel 10:6; Targum Jonathan on I Samuel 13:16; Targum Jonathan on I Samuel 14:21; Targum Jonathan on I Samuel 17:23; Targum Jonathan on I Samuel 25:15"
"targum-jonathan-on-i-samuel","Targum Jonathan on I Samuel","tok-1225ef33fde6","עַמוֹן","עמונ","Unresolved","","No lexical entry yet","true","5","Targum Jonathan on I Samuel 11:1; Targum Jonathan on I Samuel 11:2; Targum Jonathan on I Samuel 11:11; Targum Jonathan on I Samuel 12:12; Targum Jonathan on I Samuel 14:47"
"targum-jonathan-on-i-samuel","Targum Jonathan on I Samuel","tok-ed62eee9c714","עִמֵיהּ","עמיה","Unresolved","","No lexical entry yet","true","17","Targum Jonathan on I Samuel 2:10; Targum Jonathan on I Samuel 6:15; Targum Jonathan on I Samuel 10:26; Targum Jonathan on I Samuel 13:15; Targum Jonathan on I Samuel 15:6"
"targum-jonathan-on-i-samuel","Targum Jonathan on I Samuel","tok-75199e4bd9f4","עַמֵיהּ","עמיה","Unresolved","","No lexical entry yet","true","3","Targum Jonathan on I Samuel 12:22; Targum Jonathan on I Samuel 13:14; Targum Jonathan on I Samuel 15:1"
"targum-jonathan-on-i-samuel","Targum Jonathan on I Samuel","tok-b426a933cd57","עִמְכוֹן","עמכונ","Unresolved","","No lexical entry yet","true","6","Targum Jonathan on I Samuel 12:2; Targum Jonathan on I Samuel 12:7; Targum Jonathan on I Samuel 12:24; Targum Jonathan on I Samuel 22:3; Targum Jonathan on I Samuel 23:23"
"targum-jonathan-on-i-samuel","Targum Jonathan on I Samuel","tok-989980d3da15","עֲמַלְקָאָה","עמלקאה","Unresolved","","No lexical entry yet","true","3","Targum Jonathan on I Samuel 15:6; Targum Jonathan on I Samuel 15:20"
"targum-jonathan-on-i-samuel","Targum Jonathan on I Samuel","tok-dcb801cf0d0d","עַמַלְקָאָה","עמלקאה","Unresolved","","No lexical entry yet","true","1","Targum Jonathan on I Samuel 30:13"
"targum-jonathan-on-i-samuel","Targum Jonathan on I Samuel","tok-8d1da51c3754","עֲמַלְקָאֵי","עמלקאי","Unresolved","","No lexical entry yet","true","1","Targum Jonathan on I Samuel 30:18"
"targum-jonathan-on-i-samuel","Targum Jonathan on I Samuel","tok-3561b2fc7e0d","עַמְמַיָא","עממיא","Unresolved","","No lexical entry yet","true","8","Targum Jonathan on I Samuel 2:2; Targum Jonathan on I Samuel 2:3; Targum Jonathan on I Samuel 2:5; Targum Jonathan on I Samuel 7:3; Targum Jonathan on I Samuel 8:5"
"targum-jonathan-on-i-samuel","Targum Jonathan on I Samuel","tok-653c84e7e571","עַמְמִין","עממינ","Unresolved","","No lexical entry yet","true","1","Targum Jonathan on I Samuel 2:10"
"targum-jonathan-on-i-samuel","Targum Jonathan on I Samuel","tok-ebe291937afd","עִמָנָא","עמנא","Unresolved","","No lexical entry yet","true","7","Targum Jonathan on I Samuel 5:7; Targum Jonathan on I Samuel 5:10; Targum Jonathan on I Samuel 9:7; Targum Jonathan on I Samuel 23:19; Targum Jonathan on I Samuel 25:7"
"targum-jonathan-on-i-samuel","Targum Jonathan on I Samuel","tok-0f6bb1781225","עֲנָא","ענא","Unresolved","","No lexical entry yet","true","2","Targum Jonathan on I Samuel 15:14; Targum Jonathan on I Samuel 17:15"
"targum-jonathan-on-i-samuel","Targum Jonathan on I Samuel","tok-af53e946d8cd","עָנָא","ענא","Unresolved","","No lexical entry yet","true","6","Targum Jonathan on I Samuel 15:9; Targum Jonathan on I Samuel 15:15; Targum Jonathan on I Samuel 17:20; Targum Jonathan on I Samuel 17:28; Targum Jonathan on I Samuel 25:16"
"targum-jonathan-on-i-samuel","Targum Jonathan on I Samuel","tok-ba682057477e","עַנְכוֹן","ענכונ","Unresolved","","No lexical entry yet","true","1","Targum Jonathan on I Samuel 8:17"
"targum-jonathan-on-i-samuel","Targum Jonathan on I Samuel","tok-5e669aa31ee9","עֲסַר","עסר","Unresolved","","No lexical entry yet","true","1","Targum Jonathan on I Samuel 17:18"
"targum-jonathan-on-i-samuel","Targum Jonathan on I Samuel","tok-f86f598b8990","עַסְרָא","עסרא","Unresolved","","No lexical entry yet","true","2","Targum Jonathan on I Samuel 8:15; Targum Jonathan on I Samuel 8:17"
"targum-jonathan-on-i-samuel","Targum Jonathan on I Samuel","tok-d5402b4d89cd","עַסְרִין","עסרינ","Unresolved","","No lexical entry yet","true","1","Targum Jonathan on I Samuel 7:2"
"targum-jonathan-on-i-samuel","Targum Jonathan on I Samuel","tok-4dae4ca275d2","עָקָא","עקא","Unresolved","","No lexical entry yet","true","1","Targum Jonathan on I Samuel 26:24"
"targum-jonathan-on-i-samuel","Targum Jonathan on I Samuel","tok-dc7de5721269","עֲקְרָא","עקרא","Unresolved","","No lexical entry yet","true","1","Targum Jonathan on I Samuel 2:5"
"targum-jonathan-on-i-samuel","Targum Jonathan on I Samuel","tok-40f14ff91ddc","עֶקְרוֹן","עקרונ","Unresolved","","No lexical entry yet","true","2","Targum Jonathan on I Samuel 17:52"
"targum-jonathan-on-i-samuel","Targum Jonathan on I Samuel","tok-473809549261","עֶקְרוֹנָאֵי","עקרונאי","Unresolved","","No lexical entry yet","true","1","Targum Jonathan on I Samuel 5:10"
"targum-jonathan-on-i-samuel","Targum Jonathan on I Samuel","tok-70c2ba30b967","עָקַת","עקת","Unresolved","","No lexical entry yet","true","3","Targum Jonathan on I Samuel 1:15; Targum Jonathan on I Samuel 13:6; Targum Jonathan on I Samuel 28:15"
"targum-jonathan-on-i-samuel","Targum Jonathan on I Samuel","tok-1884a2b87430","עֲרִיק","עריק","Unresolved","","No lexical entry yet","true","1","Targum Jonathan on I Samuel 22:17"
"targum-jonathan-on-i-samuel","Targum Jonathan on I Samuel","tok-01011e57b3da","עֲרֵלָא","ערלא","Unresolved","","No lexical entry yet","true","2","Targum Jonathan on I Samuel 17:26; Targum Jonathan on I Samuel 17:36"
"targum-jonathan-on-i-samuel","Targum Jonathan on I Samuel","tok-0aaa38321961","עֲרֵלַיָא","ערליא","Unresolved","","No lexical entry yet","true","2","Targum Jonathan on I Samuel 14:6; Targum Jonathan on I Samuel 31:4"
"targum-jonathan-on-i-samuel","Targum Jonathan on I Samuel","tok-50ec9e2a82f1","עָרְלַתְהוֹן","ערלתהונ","Unresolved","","No lexical entry yet","true","1","Targum Jonathan on I Samuel 18:27"
"targum-jonathan-on-i-samuel","Targum Jonathan on I Samuel","tok-d7eb5af94b09","עַרְסָא","ערסא","Unresolved","","No lexical entry yet","true","3","Targum Jonathan on I Samuel 19:13; Targum Jonathan on I Samuel 19:16; Targum Jonathan on I Samuel 28:23"
"targum-jonathan-on-i-samuel","Targum Jonathan on I Samuel","tok-d3b894972c1e","עֲרַק","ערק","Unresolved","","No lexical entry yet","true","4","Targum Jonathan on I Samuel 19:10; Targum Jonathan on I Samuel 19:18; Targum Jonathan on I Samuel 23:6; Targum Jonathan on I Samuel 27:4"
"targum-jonathan-on-i-samuel","Targum Jonathan on I Samuel","tok-d93719586ce3","עֲשָׁקִית","עשקית","Unresolved","","No lexical entry yet","true","1","Targum Jonathan on I Samuel 12:3"
"targum-jonathan-on-i-samuel","Targum Jonathan on I Samuel","tok-42b3f283b2aa","עֲשַׁקְתָּנָא","עשקתנא","Unresolved","","No lexical entry yet","true","1","Targum Jonathan on I Samuel 12:4"
"targum-jonathan-on-i-samuel","Targum Jonathan on I Samuel","tok-3bfc14f12a93","עַשְׂרָא","עשרא","Unresolved","","No lexical entry yet","true","2","Targum Jonathan on I Samuel 25:5; Targum Jonathan on I Samuel 25:38"
"targum-jonathan-on-i-samuel","Targum Jonathan on I Samuel","tok-ae5ef7021d14","עַשְׁתְּרָתָא","עשתרתא","Unresolved","","No lexical entry yet","true","3","Targum Jonathan on I Samuel 7:4; Targum Jonathan on I Samuel 12:10; Targum Jonathan on I Samuel 31:10"
"targum-jonathan-on-i-samuel","Targum Jonathan on I Samuel","tok-ccad126ce422","עֲתִידָא","עתידא","Unresolved","","No lexical entry yet","true","1","Targum Jonathan on I Samuel 2:5"
"targum-jonathan-on-i-samuel","Targum Jonathan on I Samuel","tok-4c8ca0223908","עֲתָרוּ","עתרו","Unresolved","","No lexical entry yet","true","1","Targum Jonathan on I Samuel 2:5"
"targum-jonathan-on-i-samuel","Targum Jonathan on I Samuel","tok-5e7382466d05","פָּג","פג","Unresolved","","No lexical entry yet","true","1","Targum Jonathan on I Samuel 25:37"
"targum-jonathan-on-i-samuel","Targum Jonathan on I Samuel","tok-31424808b260","פִּגְמַת","פגמת","Unresolved","","No lexical entry yet","true","1","Targum Jonathan on I Samuel 13:21"
"targum-jonathan-on-i-samuel","Targum Jonathan on I Samuel","tok-65e15b37a93b","פִּגְרֵי","פגרי","Unresolved","","No lexical entry yet","true","1","Targum Jonathan on I Samuel 2:2"
"targum-jonathan-on-i-samuel","Targum Jonathan on I Samuel","tok-6d996efa2c7c","פַּדַן","פדנ","Unresolved","","No lexical entry yet","true","2","Targum Jonathan on I Samuel 11:7; Targum Jonathan on I Samuel 14:14"
"targum-jonathan-on-i-samuel","Targum Jonathan on I Samuel","tok-2fee5e21b3a5","פַדְנַיָא","פדניא","Unresolved","","No lexical entry yet","true","1","Targum Jonathan on I Samuel 13:21"
"targum-jonathan-on-i-samuel","Targum Jonathan on I Samuel","tok-8806d2118e43","פַּדָנֵיהּ","פדניה","Unresolved","","No lexical entry yet","true","1","Targum Jonathan on I Samuel 13:20"
"targum-jonathan-on-i-samuel","Targum Jonathan on I Samuel","tok-6649c6729dad","פּוּלְחָנָא","פולחנא","Unresolved","","No lexical entry yet","true","5","Targum Jonathan on I Samuel 7:2; Targum Jonathan on I Samuel 12:9; Targum Jonathan on I Samuel 12:10; Targum Jonathan on I Samuel 12:14; Targum Jonathan on I Samuel 12:20"
"targum-jonathan-on-i-samuel","Targum Jonathan on I Samuel","tok-b0bffeebb4e1","פּוּלְחָנִי","פולחני","Unresolved","","No lexical entry yet","true","2","Targum Jonathan on I Samuel 8:8; Targum Jonathan on I Samuel 15:11"
"targum-jonathan-on-i-samuel","Targum Jonathan on I Samuel","tok-e4bd6b99bda8","פּוּלְחָנֵיהּ","פולחניה","Unresolved","","No lexical entry yet","true","1","Targum Jonathan on I Samuel 12:21"
"targum-jonathan-on-i-samuel","Targum Jonathan on I Samuel","tok-5fc8f6658917","פּוּמְהוֹן","פומהונ","Unresolved","","No lexical entry yet","true","1","Targum Jonathan on I Samuel 2:5"
"targum-jonathan-on-i-samuel","Targum Jonathan on I Samuel","tok-149ffca6d78a","פּוּמִי","פומי","Unresolved","","No lexical entry yet","true","1","Targum Jonathan on I Samuel 2:1"
"targum-jonathan-on-i-samuel","Targum Jonathan on I Samuel","tok-d8d7574f7154","פוֹן","פונ","Unresolved","","No lexical entry yet","true","1","Targum Jonathan on I Samuel 25:34"
"targum-jonathan-on-i-samuel","Targum Jonathan on I Samuel","tok-c9f49ef9306f","פּוּרְעֲנוּת","פורענות","Unresolved","","No lexical entry yet","true","1","Targum Jonathan on I Samuel 2:10"
"targum-jonathan-on-i-samuel","Targum Jonathan on I Samuel","tok-0abd0d1591ee","פּוּרְעָנוּת","פורענות","Unresolved","","No lexical entry yet","true","2","Targum Jonathan on I Samuel 2:1; Targum Jonathan on I Samuel 2:3"
"targum-jonathan-on-i-samuel","Targum Jonathan on I Samuel","tok-781fbc664bba","פּוּרְקָנָא","פורקנא","Unresolved","","No lexical entry yet","true","4","Targum Jonathan on I Samuel 11:9; Targum Jonathan on I Samuel 11:13; Targum Jonathan on I Samuel 14:45; Targum Jonathan on I Samuel 19:5"
"targum-jonathan-on-i-samuel","Targum Jonathan on I Samuel","tok-398542faa1f4","פַּטִים","פטימ","Unresolved","","No lexical entry yet","true","1","Targum Jonathan on I Samuel 28:24"
"targum-jonathan-on-i-samuel","Targum Jonathan on I Samuel","tok-6c0ac41603b7","פַּטִימִין","פטימינ","Unresolved","","No lexical entry yet","true","1","Targum Jonathan on I Samuel 15:22"
"targum-jonathan-on-i-samuel","Targum Jonathan on I Samuel","tok-7f66efdd6aac","פַּטִיר","פטיר","Unresolved","","No lexical entry yet","true","1","Targum Jonathan on I Samuel 28:24"
"targum-jonathan-on-i-samuel","Targum Jonathan on I Samuel","tok-975fb4fdcbdd","פִּילַס","פילס","Unresolved","","No lexical entry yet","true","1","Targum Jonathan on I Samuel 30:12"
"targum-jonathan-on-i-samuel","Targum Jonathan on I Samuel","tok-0105c47d12aa","פִּינְחָס","פינחס","Unresolved","","No lexical entry yet","true","2","Targum Jonathan on I Samuel 4:19; Targum Jonathan on I Samuel 14:3"
"targum-jonathan-on-i-samuel","Targum Jonathan on I Samuel","tok-b1af5d4271bf","פִּיסַת","פיסת","Unresolved","","No lexical entry yet","true","1","Targum Jonathan on I Samuel 5:4"
"targum-jonathan-on-i-samuel","Targum Jonathan on I Samuel","tok-aa52d5ef3482","פַּלְגוּת","פלגות","Unresolved","","No lexical entry yet","true","1","Targum Jonathan on I Samuel 14:14"
"targum-jonathan-on-i-samuel","Targum Jonathan on I Samuel","tok-b4558b71caf4","פַּלְגוּתָא","פלגותא","Unresolved","","No lexical entry yet","true","1","Targum Jonathan on I Samuel 23:28"
"targum-jonathan-on-i-samuel","Targum Jonathan on I Samuel","tok-f2eed9c3e17b","פְּלַח","פלח","Unresolved","","No lexical entry yet","true","1","Targum Jonathan on I Samuel 27:12"
"targum-jonathan-on-i-samuel","Targum Jonathan on I Samuel","tok-b2e86585bca2","פַּלְחֵי","פלחי","Unresolved","","No lexical entry yet","true","1","Targum Jonathan on I Samuel 26:19"
"targum-jonathan-on-i-samuel","Targum Jonathan on I Samuel","tok-40f39185072c","פַּלִי","פלי","Unresolved","","No lexical entry yet","true","1","Targum Jonathan on I Samuel 28:3"
"targum-jonathan-on-i-samuel","Targum Jonathan on I Samuel","tok-26901563ba30","פַּלֵיג","פליג","Unresolved","","No lexical entry yet","true","1","Targum Jonathan on I Samuel 1:1"
"targum-jonathan-on-i-samuel","Targum Jonathan on I Samuel","tok-d83cb0892600","פְלִישְׁתָּאָה","פלישתאה","Unresolved","","No lexical entry yet","true","1","Targum Jonathan on I Samuel 17:26"
"targum-jonathan-on-i-samuel","Targum Jonathan on I Samuel","tok-dcc8b0a984a4","פְלִישְׁתָּאֵי","פלישתאי","Unresolved","","No lexical entry yet","true","3","Targum Jonathan on I Samuel 13:3; Targum Jonathan on I Samuel 13:4; Targum Jonathan on I Samuel 13:17"
"targum-jonathan-on-i-samuel","Targum Jonathan on I Samuel","tok-adf4c433e4d6","פְּלִישְׁתָּאֵי","פלישתאי","Unresolved","","No lexical entry yet","true","1","Targum Jonathan on I Samuel 14:52"
"targum-jonathan-on-i-samuel","Targum Jonathan on I Samuel","tok-928a98ef098a","פְלִשְׁתָּאָה","פלשתאה","Unresolved","","No lexical entry yet","true","7","Targum Jonathan on I Samuel 17:8; Targum Jonathan on I Samuel 17:26; Targum Jonathan on I Samuel 17:40; Targum Jonathan on I Samuel 17:42; Targum Jonathan on I Samuel 17:57"
"targum-jonathan-on-i-samuel","Targum Jonathan on I Samuel","tok-6d6e403f2ea8","פְּלִשְׁתְּאָה","פלשתאה","Unresolved","","No lexical entry yet","true","1","Targum Jonathan on I Samuel 17:8"
"targum-jonathan-on-i-samuel","Targum Jonathan on I Samuel","tok-ab29f2f98a8a","פְּלִשְׁתָּאָה","פלשתאה","Unresolved","","No lexical entry yet","true","18","Targum Jonathan on I Samuel 17:10; Targum Jonathan on I Samuel 17:11; Targum Jonathan on I Samuel 17:16; Targum Jonathan on I Samuel 17:23; Targum Jonathan on I Samuel 17:33"
"targum-jonathan-on-i-samuel","Targum Jonathan on I Samuel","tok-f0fb54fe39ce","פִּלִשְׁתָּאָה","פלשתאה","Unresolved","","No lexical entry yet","true","1","Targum Jonathan on I Samuel 17:32"
"targum-jonathan-on-i-samuel","Targum Jonathan on I Samuel","tok-8326f6444158","פְלִשְׁתָּאֵי","פלשתאי","Unresolved","","No lexical entry yet","true","49","Targum Jonathan on I Samuel 4:3; Targum Jonathan on I Samuel 4:6; Targum Jonathan on I Samuel 5:2; Targum Jonathan on I Samuel 5:11; Targum Jonathan on I Samuel 6:1"
"targum-jonathan-on-i-samuel","Targum Jonathan on I Samuel","tok-d16cc934e517","פְּלִשְׁתָאֵי","פלשתאי","Unresolved","","No lexical entry yet","true","1","Targum Jonathan on I Samuel 4:2"
"targum-jonathan-on-i-samuel","Targum Jonathan on I Samuel","tok-e4b1361807d6","פְּלִשְׁתָּאֵי","פלשתאי","Unresolved","","No lexical entry yet","true","36","Targum Jonathan on I Samuel 4:1; Targum Jonathan on I Samuel 4:2; Targum Jonathan on I Samuel 4:7; Targum Jonathan on I Samuel 4:9; Targum Jonathan on I Samuel 4:10"
"targum-jonathan-on-i-samuel","Targum Jonathan on I Samuel","tok-a13e665e58c3","פְּנִנָה","פננה","Unresolved","","No lexical entry yet","true","1","Targum Jonathan on I Samuel 1:2"
"targum-jonathan-on-i-samuel","Targum Jonathan on I Samuel","tok-356738d54174","פִסְחַיָא","פסחיא","Unresolved","","No lexical entry yet","true","1","Targum Jonathan on I Samuel 15:4"
"targum-jonathan-on-i-samuel","Targum Jonathan on I Samuel","tok-de1e2b0f40f3","פְסַק","פסק","Unresolved","","No lexical entry yet","true","1","Targum Jonathan on I Samuel 24:6"
"targum-jonathan-on-i-samuel","Targum Jonathan on I Samuel","tok-57afa629328d","פַצְחַיָא","פצחיא","Unresolved","","No lexical entry yet","true","1","Targum Jonathan on I Samuel 6:18"
"targum-jonathan-on-i-samuel","Targum Jonathan on I Samuel","tok-031b7e0b61ed","פַּקְדַנִי","פקדני","Unresolved","","No lexical entry yet","true","1","Targum Jonathan on I Samuel 21:3"
"targum-jonathan-on-i-samuel","Targum Jonathan on I Samuel","tok-8ef8e0be45bf","פַקֵיד","פקיד","Unresolved","","No lexical entry yet","true","1","Targum Jonathan on I Samuel 20:29"
"targum-jonathan-on-i-samuel","Targum Jonathan on I Samuel","tok-caf24fea7aa0","פַרְזְלָא","פרזלא","Unresolved","","No lexical entry yet","true","1","Targum Jonathan on I Samuel 17:7"
"targum-jonathan-on-i-samuel","Targum Jonathan on I Samuel","tok-a5d3341fd2f5","פָרִיס","פריס","Unresolved","","No lexical entry yet","true","1","Targum Jonathan on I Samuel 9:13"
"targum-jonathan-on-i-samuel","Targum Jonathan on I Samuel","tok-f83b5ec19ac6","פָרִיק","פריק","Unresolved","","No lexical entry yet","true","1","Targum Jonathan on I Samuel 10:19"
"targum-jonathan-on-i-samuel","Targum Jonathan on I Samuel","tok-6f0e874b74cc","פָּרִיק","פריק","Unresolved","","No lexical entry yet","true","1","Targum Jonathan on I Samuel 17:47"
"targum-jonathan-on-i-samuel","Targum Jonathan on I Samuel","tok-ebcdec73b676","פְּרִישָׁן","פרישנ","Unresolved","","No lexical entry yet","true","1","Targum Jonathan on I Samuel 4:8"
"targum-jonathan-on-i-samuel","Targum Jonathan on I Samuel","tok-0f1fc30be133","פַּרְעֹה","פרעה","Unresolved","","No lexical entry yet","true","1","Targum Jonathan on I Samuel 2:27"
"targum-jonathan-on-i-samuel","Targum Jonathan on I Samuel","tok-6bf8fb03dca8","פָּרְקוּתֵיהּ","פרקותיה","Unresolved","","No lexical entry yet","true","1","Targum Jonathan on I Samuel 4:18"
"targum-jonathan-on-i-samuel","Targum Jonathan on I Samuel","tok-89cdb67b428b","פְּרָשֵׁיהּ","פרשיה","Unresolved","","No lexical entry yet","true","1","Targum Jonathan on I Samuel 13:20"
"targum-jonathan-on-i-samuel","Targum Jonathan on I Samuel","tok-0d2598f4896d","פָּרָשִׁין","פרשינ","Unresolved","","No lexical entry yet","true","1","Targum Jonathan on I Samuel 13:5"
"targum-jonathan-on-i-samuel","Targum Jonathan on I Samuel","tok-5611d7b9a3fb","פִּתָּא","פתא","Unresolved","","No lexical entry yet","true","2","Targum Jonathan on I Samuel 2:36; Targum Jonathan on I Samuel 28:22"
"targum-jonathan-on-i-samuel","Targum Jonathan on I Samuel","tok-ea58fd378781","פִתְגַם","פתגמ","Unresolved","","No lexical entry yet","true","1","Targum Jonathan on I Samuel 3:7"
"targum-jonathan-on-i-samuel","Targum Jonathan on I Samuel","tok-2b5e7be76bfd","פִּתְגַם","פתגמ","Unresolved","","No lexical entry yet","true","5","Targum Jonathan on I Samuel 20:2; Targum Jonathan on I Samuel 21:9; Targum Jonathan on I Samuel 22:15; Targum Jonathan on I Samuel 25:36"
"targum-jonathan-on-i-samuel","Targum Jonathan on I Samuel","tok-0751e16b98c3","פִּתְגָם","פתגמ","Unresolved","","No lexical entry yet","true","4","Targum Jonathan on I Samuel 3:17; Targum Jonathan on I Samuel 4:1; Targum Jonathan on I Samuel 15:10; Targum Jonathan on I Samuel 17:29"
"targum-jonathan-on-i-samuel","Targum Jonathan on I Samuel","tok-9f38bbbca095","פִתְגָמָא","פתגמא","Unresolved","","No lexical entry yet","true","3","Targum Jonathan on I Samuel 3:11; Targum Jonathan on I Samuel 9:27; Targum Jonathan on I Samuel 20:39"
"targum-jonathan-on-i-samuel","Targum Jonathan on I Samuel","tok-bd8b785a20e8","פִּתְגָמָא","פתגמא","Unresolved","","No lexical entry yet","true","20","Targum Jonathan on I Samuel 3:17; Targum Jonathan on I Samuel 4:16; Targum Jonathan on I Samuel 8:6; Targum Jonathan on I Samuel 12:16; Targum Jonathan on I Samuel 14:12"
"targum-jonathan-on-i-samuel","Targum Jonathan on I Samuel","tok-2254acbb12d7","פִּתְגָמוֹהִי","פתגמוהי","Unresolved","","No lexical entry yet","true","2","Targum Jonathan on I Samuel 1:23; Targum Jonathan on I Samuel 3:19"
"targum-jonathan-on-i-samuel","Targum Jonathan on I Samuel","tok-24e8e7d728f7","פִּתְגָמֵי","פתגמי","Unresolved","","No lexical entry yet","true","6","Targum Jonathan on I Samuel 8:21; Targum Jonathan on I Samuel 11:5; Targum Jonathan on I Samuel 17:11; Targum Jonathan on I Samuel 24:10; Targum Jonathan on I Samuel 25:24"
"targum-jonathan-on-i-samuel","Targum Jonathan on I Samuel","tok-c822b1bc0b81","פִּתְגָמַי","פתגמי","Unresolved","","No lexical entry yet","true","1","Targum Jonathan on I Samuel 15:11"
"targum-jonathan-on-i-samuel","Targum Jonathan on I Samuel","tok-b8c9cf7bc5fe","פִתְגָמַיָא","פתגמיא","Unresolved","","No lexical entry yet","true","4","Targum Jonathan on I Samuel 17:31; Targum Jonathan on I Samuel 20:12; Targum Jonathan on I Samuel 21:13; Targum Jonathan on I Samuel 25:9"
"targum-jonathan-on-i-samuel","Targum Jonathan on I Samuel","tok-4f6284374898","פִּתְגָמַיָא","פתגמיא","Unresolved","","No lexical entry yet","true","10","Targum Jonathan on I Samuel 3:18; Targum Jonathan on I Samuel 8:10; Targum Jonathan on I Samuel 11:4; Targum Jonathan on I Samuel 11:6; Targum Jonathan on I Samuel 18:23"
"targum-jonathan-on-i-samuel","Targum Jonathan on I Samuel","tok-9ed323e4bbd3","פִּתְגָמֵיכוֹן","פתגמיכונ","Unresolved","","No lexical entry yet","true","1","Targum Jonathan on I Samuel 2:23"
"targum-jonathan-on-i-samuel","Targum Jonathan on I Samuel","tok-fe4a73f4d42e","פִּתְגָמִין","פתגמינ","Unresolved","","No lexical entry yet","true","3","Targum Jonathan on I Samuel 19:3; Targum Jonathan on I Samuel 19:4; Targum Jonathan on I Samuel 20:10"
"targum-jonathan-on-i-samuel","Targum Jonathan on I Samuel","tok-133ad4286e32","פִּתְגָמָךְ","פתגמכ","Unresolved","","No lexical entry yet","true","3","Targum Jonathan on I Samuel 9:10; Targum Jonathan on I Samuel 15:24; Targum Jonathan on I Samuel 28:21"
"targum-jonathan-on-i-samuel","Targum Jonathan on I Samuel","tok-6fa87648891a","פְּתוֹרָא","פתורא","Unresolved","","No lexical entry yet","true","1","Targum Jonathan on I Samuel 20:34"
"targum-jonathan-on-i-samuel","Targum Jonathan on I Samuel","tok-5feb26ee200b","פִּתִּין","פתינ","Unresolved","","No lexical entry yet","true","1","Targum Jonathan on I Samuel 10:3"
"targum-jonathan-on-i-samuel","Targum Jonathan on I Samuel","tok-f94849cb9a0f","צַדִיקַיָא","צדיקיא","Unresolved","","No lexical entry yet","true","2","Targum Jonathan on I Samuel 2:8; Targum Jonathan on I Samuel 2:9"
"targum-jonathan-on-i-samuel","Targum Jonathan on I Samuel","tok-48af3331581c","צוֹבָה","צובה","Unresolved","","No lexical entry yet","true","1","Targum Jonathan on I Samuel 14:47"
"targum-jonathan-on-i-samuel","Targum Jonathan on I Samuel","tok-ab66e3321994","צִוְחַת","צוחת","Unresolved","","No lexical entry yet","true","1","Targum Jonathan on I Samuel 5:12"
"targum-jonathan-on-i-samuel","Targum Jonathan on I Samuel","tok-0cae6d53137f","צַוְחָתָא","צוחתא","Unresolved","","No lexical entry yet","true","1","Targum Jonathan on I Samuel 4:14"
"targum-jonathan-on-i-samuel","Targum Jonathan on I Samuel","tok-68775f2dc066","צוּף","צופ","Unresolved","","No lexical entry yet","true","1","Targum Jonathan on I Samuel 1:1"
"targum-jonathan-on-i-samuel","Targum Jonathan on I Samuel","tok-24b8150166cc","צוֹרְכֵיהּ","צורכיה","Unresolved","","No lexical entry yet","true","1","Targum Jonathan on I Samuel 24:4"
"targum-jonathan-on-i-samuel","Targum Jonathan on I Samuel","tok-2e297ce4f25f","צְלָבוּ","צלבו","Unresolved","","No lexical entry yet","true","1","Targum Jonathan on I Samuel 31:10"
"targum-jonathan-on-i-samuel","Targum Jonathan on I Samuel","tok-f9cb32400af9","צְלוֹתִי","צלותי","Unresolved","","No lexical entry yet","true","1","Targum Jonathan on I Samuel 28:15"
"targum-jonathan-on-i-samuel","Targum Jonathan on I Samuel","tok-c92921c276af","צְלוֹתֵיהּ","צלותיה","Unresolved","","No lexical entry yet","true","4","Targum Jonathan on I Samuel 7:9; Targum Jonathan on I Samuel 14:37; Targum Jonathan on I Samuel 23:4; Targum Jonathan on I Samuel 28:6"
"targum-jonathan-on-i-samuel","Targum Jonathan on I Samuel","tok-1c6341b2338d","צְלוֹתְכוֹן","צלותכונ","Unresolved","","No lexical entry yet","true","1","Targum Jonathan on I Samuel 8:18"
"targum-jonathan-on-i-samuel","Targum Jonathan on I Samuel","tok-ea7e42ff9532","צַלֵי","צלי","Unresolved","","No lexical entry yet","true","1","Targum Jonathan on I Samuel 12:19"
"targum-jonathan-on-i-samuel","Targum Jonathan on I Samuel","tok-b1441791dbd2","צַלֵיתִי","צליתי","Unresolved","","No lexical entry yet","true","2","Targum Jonathan on I Samuel 1:27; Targum Jonathan on I Samuel 13:12"
"targum-jonathan-on-i-samuel","Targum Jonathan on I Samuel","tok-f90c380af565","צַלְמֵי","צלמי","Unresolved","","No lexical entry yet","true","2","Targum Jonathan on I Samuel 6:5; Targum Jonathan on I Samuel 6:11"
"targum-jonathan-on-i-samuel","Targum Jonathan on I Samuel","tok-14b89a4f6cdb","צַלְמָנַיָא","צלמניא","Unresolved","","No lexical entry yet","true","2","Targum Jonathan on I Samuel 19:13; Targum Jonathan on I Samuel 19:16"
"targum-jonathan-on-i-samuel","Targum Jonathan on I Samuel","tok-a11b55e64895","צַפְרָא","צפרא","Unresolved","","No lexical entry yet","true","7","Targum Jonathan on I Samuel 3:15; Targum Jonathan on I Samuel 9:26; Targum Jonathan on I Samuel 11:11; Targum Jonathan on I Samuel 14:36; Targum Jonathan on I Samuel 25:22"
"targum-jonathan-on-i-samuel","Targum Jonathan on I Samuel","tok-f4ff3746c661","צִקְלַג","צקלג","Unresolved","","No lexical entry yet","true","1","Targum Jonathan on I Samuel 30:14"
"targum-jonathan-on-i-samuel","Targum Jonathan on I Samuel","tok-021184232c68","צִקְלָג","צקלג","Unresolved","","No lexical entry yet","true","3","Targum Jonathan on I Samuel 27:6; Targum Jonathan on I Samuel 30:1"
"targum-jonathan-on-i-samuel","Targum Jonathan on I Samuel","tok-3634d412655c","צָרָתָהּ","צרתה","Unresolved","","No lexical entry yet","true","1","Targum Jonathan on I Samuel 1:6"
"targum-jonathan-on-i-samuel","Targum Jonathan on I Samuel","tok-5e3896956560","קָאֵים","קאימ","Unresolved","","No lexical entry yet","true","1","Targum Jonathan on I Samuel 19:20"
"targum-jonathan-on-i-samuel","Targum Jonathan on I Samuel","tok-b58f8a0b4f6b","קְבוּרְתָּא","קבורתא","Unresolved","","No lexical entry yet","true","1","Targum Jonathan on I Samuel 10:2"
"targum-jonathan-on-i-samuel","Targum Jonathan on I Samuel","tok-5c89f1e0a6cd","קַבֵיל","קביל","Unresolved","","No lexical entry yet","true","1","Targum Jonathan on I Samuel 28:22"
"targum-jonathan-on-i-samuel","Targum Jonathan on I Samuel","tok-20ce51a8e0d6","קַבֵּיל","קביל","Unresolved","","No lexical entry yet","true","5","Targum Jonathan on I Samuel 8:7; Targum Jonathan on I Samuel 8:9; Targum Jonathan on I Samuel 8:22; Targum Jonathan on I Samuel 14:37; Targum Jonathan on I Samuel 28:15"
"targum-jonathan-on-i-samuel","Targum Jonathan on I Samuel","tok-15937fdd76f8","קַבִּילוּ","קבילו","Unresolved","","No lexical entry yet","true","1","Targum Jonathan on I Samuel 2:25"
"targum-jonathan-on-i-samuel","Targum Jonathan on I Samuel","tok-38d0371804ee","קַבִּילַת","קבילת","Unresolved","","No lexical entry yet","true","1","Targum Jonathan on I Samuel 28:21"
"targum-jonathan-on-i-samuel","Targum Jonathan on I Samuel","tok-e347620d6b53","קַבֵּילְתָּא","קבילתא","Unresolved","","No lexical entry yet","true","2","Targum Jonathan on I Samuel 12:4; Targum Jonathan on I Samuel 28:18"
"targum-jonathan-on-i-samuel","Targum Jonathan on I Samuel","tok-04a3f4c00139","קְבֵילְתֵּהוֹן","קבילתהונ","Unresolved","","No lexical entry yet","true","1","Targum Jonathan on I Samuel 9:16"
"targum-jonathan-on-i-samuel","Targum Jonathan on I Samuel","tok-c032597f5f77","קַבְּלִית","קבלית","Unresolved","","No lexical entry yet","true","1","Targum Jonathan on I Samuel 12:3"
"targum-jonathan-on-i-samuel","Targum Jonathan on I Samuel","tok-18d5920cba9b","קַבְּלֵית","קבלית","Unresolved","","No lexical entry yet","true","1","Targum Jonathan on I Samuel 12:1"
"targum-jonathan-on-i-samuel","Targum Jonathan on I Samuel","tok-bf63c98fe6b7","קַבֵּלְתָּא","קבלתא","Unresolved","","No lexical entry yet","true","1","Targum Jonathan on I Samuel 15:19"
"targum-jonathan-on-i-samuel","Targum Jonathan on I Samuel","tok-ab1818cac951","קַדִישָׁא","קדישא","Unresolved","","No lexical entry yet","true","1","Targum Jonathan on I Samuel 6:20"
"targum-jonathan-on-i-samuel","Targum Jonathan on I Samuel","tok-a8a93d3392d9","קַדְמָאָה","קדמאה","Unresolved","","No lexical entry yet","true","1","Targum Jonathan on I Samuel 17:30"
"targum-jonathan-on-i-samuel","Targum Jonathan on I Samuel","tok-dd1741491728","קֳדָמוֹהִי","קדמוהי","Unresolved","","No lexical entry yet","true","22","Targum Jonathan on I Samuel 1:17; Targum Jonathan on I Samuel 1:27; Targum Jonathan on I Samuel 6:3; Targum Jonathan on I Samuel 6:4; Targum Jonathan on I Samuel 6:8"
"targum-jonathan-on-i-samuel","Targum Jonathan on I Samuel","tok-9b6737e41f4d","קֳדָמַי","קדמי","Unresolved","","No lexical entry yet","true","17","Targum Jonathan on I Samuel 2:28; Targum Jonathan on I Samuel 2:29; Targum Jonathan on I Samuel 2:30; Targum Jonathan on I Samuel 2:32; Targum Jonathan on I Samuel 2:35"
"targum-jonathan-on-i-samuel","Targum Jonathan on I Samuel","tok-29df369938f5","קֳדָמֵיכוֹן","קדמיכונ","Unresolved","","No lexical entry yet","true","1","Targum Jonathan on I Samuel 12:2"
"targum-jonathan-on-i-samuel","Targum Jonathan on I Samuel","tok-34c01144a26c","קֳדָמֵיתָא","קדמיתא","Unresolved","","No lexical entry yet","true","1","Targum Jonathan on I Samuel 2:29"
"targum-jonathan-on-i-samuel","Targum Jonathan on I Samuel","tok-b99fe6778f20","קַדְמֵיתָא","קדמיתא","Unresolved","","No lexical entry yet","true","1","Targum Jonathan on I Samuel 14:14"
"targum-jonathan-on-i-samuel","Targum Jonathan on I Samuel","tok-190fcf228f8b","קֳדָמָךְ","קדמכ","Unresolved","","No lexical entry yet","true","9","Targum Jonathan on I Samuel 1:11; Targum Jonathan on I Samuel 9:12; Targum Jonathan on I Samuel 9:24; Targum Jonathan on I Samuel 12:10; Targum Jonathan on I Samuel 16:16"
"targum-jonathan-on-i-samuel","Targum Jonathan on I Samuel","tok-bdf6aba85ae2","קֳדָמָנָא","קדמנא","Unresolved","","No lexical entry yet","true","1","Targum Jonathan on I Samuel 9:27"
"targum-jonathan-on-i-samuel","Targum Jonathan on I Samuel","tok-675a7950f552","קֻדְשָׁא","קדשא","Unresolved","","No lexical entry yet","true","1","Targum Jonathan on I Samuel 21:7"
"targum-jonathan-on-i-samuel","Targum Jonathan on I Samuel","tok-1bc1082e08fe","קְהָלָא","קהלא","Unresolved","","No lexical entry yet","true","1","Targum Jonathan on I Samuel 17:47"
"targum-jonathan-on-i-samuel","Targum Jonathan on I Samuel","tok-f3f60b536b70","קוּדְשָׁא","קודשא","Unresolved","","No lexical entry yet","true","1","Targum Jonathan on I Samuel 16:5"
"targum-jonathan-on-i-samuel","Targum Jonathan on I Samuel","tok-fd4f64bca165","קוּדְשַׁיָא","קודשיא","Unresolved","","No lexical entry yet","true","5","Targum Jonathan on I Samuel 2:29; Targum Jonathan on I Samuel 9:12; Targum Jonathan on I Samuel 13:9; Targum Jonathan on I Samuel 20:6; Targum Jonathan on I Samuel 20:29"
"targum-jonathan-on-i-samuel","Targum Jonathan on I Samuel","tok-b55f1cf7faf0","קוּדְשִׁין","קודשינ","Unresolved","","No lexical entry yet","true","6","Targum Jonathan on I Samuel 3:14; Targum Jonathan on I Samuel 6:15; Targum Jonathan on I Samuel 10:8; Targum Jonathan on I Samuel 11:15; Targum Jonathan on I Samuel 15:22"
"targum-jonathan-on-i-samuel","Targum Jonathan on I Samuel","tok-f9de01fe0df8","קוּלַס","קולס","Unresolved","","No lexical entry yet","true","1","Targum Jonathan on I Samuel 17:38"
"targum-jonathan-on-i-samuel","Targum Jonathan on I Samuel","tok-1e73988386df","קוּלְסָא","קולסא","Unresolved","","No lexical entry yet","true","1","Targum Jonathan on I Samuel 17:6"
"targum-jonathan-on-i-samuel","Targum Jonathan on I Samuel","tok-aec91cc6bcef","קוֹמָתֵיהּ","קומתיה","Unresolved","","No lexical entry yet","true","2","Targum Jonathan on I Samuel 16:7; Targum Jonathan on I Samuel 28:20"
"targum-jonathan-on-i-samuel","Targum Jonathan on I Samuel","tok-67f2c6077350","קוֹרָאָה","קוראה","Unresolved","","No lexical entry yet","true","1","Targum Jonathan on I Samuel 26:20"
"targum-jonathan-on-i-samuel","Targum Jonathan on I Samuel","tok-de72b26e3e12","קוּרְבַּן","קורבנ","Unresolved","","No lexical entry yet","true","2","Targum Jonathan on I Samuel 2:1; Targum Jonathan on I Samuel 2:29"
"targum-jonathan-on-i-samuel","Targum Jonathan on I Samuel","tok-c1dfc5ec2eb1","קוּרְבַּנָא","קורבנא","Unresolved","","No lexical entry yet","true","1","Targum Jonathan on I Samuel 2:28"
"targum-jonathan-on-i-samuel","Targum Jonathan on I Samuel","tok-ee9d4f148b00","קוּרְבָּנִי","קורבני","Unresolved","","No lexical entry yet","true","1","Targum Jonathan on I Samuel 26:19"
"targum-jonathan-on-i-samuel","Targum Jonathan on I Samuel","tok-6a8632b9e4c4","קוּרְבָּנַיָא","קורבניא","Unresolved","","No lexical entry yet","true","2","Targum Jonathan on I Samuel 2:17; Targum Jonathan on I Samuel 2:28"
"targum-jonathan-on-i-samuel","Targum Jonathan on I Samuel","tok-b7af1df81372","קוּשְׁטָא","קושטא","Unresolved","","No lexical entry yet","true","1","Targum Jonathan on I Samuel 2:30"
"targum-jonathan-on-i-samuel","Targum Jonathan on I Samuel","tok-d02d7920ff08","קוּשְׁטֵיהּ","קושטיה","Unresolved","","No lexical entry yet","true","1","Targum Jonathan on I Samuel 26:23"
"targum-jonathan-on-i-samuel","Targum Jonathan on I Samuel","tok-df3faff86567","קְטוֹל","קטול","Unresolved","","No lexical entry yet","true","2","Targum Jonathan on I Samuel 20:31; Targum Jonathan on I Samuel 26:16"
"targum-jonathan-on-i-samuel","Targum Jonathan on I Samuel","tok-e99a6986613c","קָטוֹלֵי","קטולי","Unresolved","","No lexical entry yet","true","1","Targum Jonathan on I Samuel 17:52"
"targum-jonathan-on-i-samuel","Targum Jonathan on I Samuel","tok-53c53e6daaf0","קְטוֹלְנִי","קטולני","Unresolved","","No lexical entry yet","true","1","Targum Jonathan on I Samuel 20:8"
"targum-jonathan-on-i-samuel","Targum Jonathan on I Samuel","tok-06d581f0755e","קְטוֹרֶת","קטורת","Unresolved","","No lexical entry yet","true","1","Targum Jonathan on I Samuel 2:28"
"targum-jonathan-on-i-samuel","Targum Jonathan on I Samuel","tok-6fec5a1b5cd8","קְטִילַיָא","קטיליא","Unresolved","","No lexical entry yet","true","1","Targum Jonathan on I Samuel 31:8"
"targum-jonathan-on-i-samuel","Targum Jonathan on I Samuel","tok-f9d8a8cd7eab","קְטִילִין","קטילינ","Unresolved","","No lexical entry yet","true","2","Targum Jonathan on I Samuel 17:8; Targum Jonathan on I Samuel 31:1"
"targum-jonathan-on-i-samuel","Targum Jonathan on I Samuel","tok-4f7d6f3ba655","קַטִילִין","קטילינ","Unresolved","","No lexical entry yet","true","1","Targum Jonathan on I Samuel 31:8"
"targum-jonathan-on-i-samuel","Targum Jonathan on I Samuel","tok-929348400b88","קְטַל","קטל","Unresolved","","No lexical entry yet","true","6","Targum Jonathan on I Samuel 17:36; Targum Jonathan on I Samuel 18:7; Targum Jonathan on I Samuel 21:12; Targum Jonathan on I Samuel 22:19; Targum Jonathan on I Samuel 22:21"
"targum-jonathan-on-i-samuel","Targum Jonathan on I Samuel","tok-316065aa8754","קְטָלָא","קטלא","Unresolved","","No lexical entry yet","true","1","Targum Jonathan on I Samuel 5:11"
"targum-jonathan-on-i-samuel","Targum Jonathan on I Samuel","tok-609bcf6d6988","קָטְלוּ","קטלו","Unresolved","","No lexical entry yet","true","1","Targum Jonathan on I Samuel 30:2"
"targum-jonathan-on-i-samuel","Targum Jonathan on I Samuel","tok-2274240feb67","קְטַלְתִּיךְ","קטלתיכ","Unresolved","","No lexical entry yet","true","1","Targum Jonathan on I Samuel 24:12"
"targum-jonathan-on-i-samuel","Targum Jonathan on I Samuel","tok-f1d0de5fff76","קְטַלְתָּנִי","קטלתני","Unresolved","","No lexical entry yet","true","1","Targum Jonathan on I Samuel 24:19"
"targum-jonathan-on-i-samuel","Targum Jonathan on I Samuel","tok-ce4e397fe794","קְיָמָא","קימא","Unresolved","","No lexical entry yet","true","6","Targum Jonathan on I Samuel 4:3; Targum Jonathan on I Samuel 4:4; Targum Jonathan on I Samuel 4:5; Targum Jonathan on I Samuel 25:28"
"targum-jonathan-on-i-samuel","Targum Jonathan on I Samuel","tok-0deafc52a7ea","קֳיָמָא","קימא","Unresolved","","No lexical entry yet","true","1","Targum Jonathan on I Samuel 17:8"
"targum-jonathan-on-i-samuel","Targum Jonathan on I Samuel","tok-06e495d421d0","קַיָמָא","קימא","Unresolved","","No lexical entry yet","true","4","Targum Jonathan on I Samuel 2:35; Targum Jonathan on I Samuel 17:26; Targum Jonathan on I Samuel 17:36; Targum Jonathan on I Samuel 20:2"
"targum-jonathan-on-i-samuel","Targum Jonathan on I Samuel","tok-94cdb26c0849","קַיְמִין","קימינ","Unresolved","","No lexical entry yet","true","3","Targum Jonathan on I Samuel 17:3; Targum Jonathan on I Samuel 22:6"
"targum-jonathan-on-i-samuel","Targum Jonathan on I Samuel","tok-f3999cd8b454","קַיֵמִית","קימית","Unresolved","","No lexical entry yet","true","1","Targum Jonathan on I Samuel 3:14"
"targum-jonathan-on-i-samuel","Targum Jonathan on I Samuel","tok-3cf74c86a91d","קָיְמִית","קימית","Unresolved","","No lexical entry yet","true","1","Targum Jonathan on I Samuel 15:13"
"targum-jonathan-on-i-samuel","Targum Jonathan on I Samuel","tok-0fb3eeb1e1a7","קַיֵמְתָּא","קימתא","Unresolved","","No lexical entry yet","true","1","Targum Jonathan on I Samuel 15:14"
"targum-jonathan-on-i-samuel","Targum Jonathan on I Samuel","tok-d69f076fed45","קִירְוֵי","קירוי","Unresolved","","No lexical entry yet","true","2","Targum Jonathan on I Samuel 6:18; Targum Jonathan on I Samuel 18:6"
"targum-jonathan-on-i-samuel","Targum Jonathan on I Samuel","tok-24300f9aa29d","קִירְוַיָא","קירויא","Unresolved","","No lexical entry yet","true","1","Targum Jonathan on I Samuel 7:14"
"targum-jonathan-on-i-samuel","Targum Jonathan on I Samuel","tok-265addf05911","קִישׁ","קיש","Unresolved","","No lexical entry yet","true","5","Targum Jonathan on I Samuel 9:1; Targum Jonathan on I Samuel 9:3; Targum Jonathan on I Samuel 10:11; Targum Jonathan on I Samuel 10:21; Targum Jonathan on I Samuel 17:8"
"targum-jonathan-on-i-samuel","Targum Jonathan on I Samuel","tok-b50e8502b742","קָלָא","קלא","Unresolved","","No lexical entry yet","true","1","Targum Jonathan on I Samuel 26:17"
"targum-jonathan-on-i-samuel","Targum Jonathan on I Samuel","tok-bc5a8da548bd","קַלְהוֹן","קלהונ","Unresolved","","No lexical entry yet","true","1","Targum Jonathan on I Samuel 30:4"
"targum-jonathan-on-i-samuel","Targum Jonathan on I Samuel","tok-796971b5fb2d","קַלְיָא","קליא","Unresolved","","No lexical entry yet","true","1","Targum Jonathan on I Samuel 30:3"
"targum-jonathan-on-i-samuel","Targum Jonathan on I Samuel","tok-e525bdc14046","קָלַיָא","קליא","Unresolved","","No lexical entry yet","true","1","Targum Jonathan on I Samuel 25:18"
"targum-jonathan-on-i-samuel","Targum Jonathan on I Samuel","tok-fee0d042ba36","קָלֵיהּ","קליה","Unresolved","","No lexical entry yet","true","1","Targum Jonathan on I Samuel 24:17"
"targum-jonathan-on-i-samuel","Targum Jonathan on I Samuel","tok-cb11d42e130a","קָלֵיהוֹן","קליהונ","Unresolved","","No lexical entry yet","true","1","Targum Jonathan on I Samuel 11:4"
"targum-jonathan-on-i-samuel","Targum Jonathan on I Samuel","tok-f6b352c2c019","קָלִין","קלינ","Unresolved","","No lexical entry yet","true","2","Targum Jonathan on I Samuel 12:17; Targum Jonathan on I Samuel 12:18"
"targum-jonathan-on-i-samuel","Targum Jonathan on I Samuel","tok-4f30de828ce4","קְלַן","קלנ","Unresolved","","No lexical entry yet","true","1","Targum Jonathan on I Samuel 20:30"
"targum-jonathan-on-i-samuel","Targum Jonathan on I Samuel","tok-154a1006e508","קִמְחָא","קמחא","Unresolved","","No lexical entry yet","true","1","Targum Jonathan on I Samuel 28:24"
"targum-jonathan-on-i-samuel","Targum Jonathan on I Samuel","tok-22898d5e9493","קְעִילָה","קעילה","Unresolved","","No lexical entry yet","true","4","Targum Jonathan on I Samuel 23:2; Targum Jonathan on I Samuel 23:5; Targum Jonathan on I Samuel 23:11; Targum Jonathan on I Samuel 23:12"
"targum-jonathan-on-i-samuel","Targum Jonathan on I Samuel","tok-fb59144666e1","קָצוּ","קצו","Unresolved","","No lexical entry yet","true","1","Targum Jonathan on I Samuel 8:7"
"targum-jonathan-on-i-samuel","Targum Jonathan on I Samuel","tok-212e4df521f2","קְצִיצָן","קציצנ","Unresolved","","No lexical entry yet","true","1","Targum Jonathan on I Samuel 5:4"
"targum-jonathan-on-i-samuel","Targum Jonathan on I Samuel","tok-131cbad7e8cc","קַצְרַיָא","קצריא","Unresolved","","No lexical entry yet","true","1","Targum Jonathan on I Samuel 13:21"
"targum-jonathan-on-i-samuel","Targum Jonathan on I Samuel","tok-512eabe47011","קַצְתָּא","קצתא","Unresolved","","No lexical entry yet","true","1","Targum Jonathan on I Samuel 15:26"
"targum-jonathan-on-i-samuel","Targum Jonathan on I Samuel","tok-bcbcd2d21a6d","קַצְתּוּן","קצתונ","Unresolved","","No lexical entry yet","true","1","Targum Jonathan on I Samuel 10:19"
"targum-jonathan-on-i-samuel","Targum Jonathan on I Samuel","tok-8a75bd60bc45","קְרָבָא","קרבא","Unresolved","","No lexical entry yet","true","37","Targum Jonathan on I Samuel 4:1; Targum Jonathan on I Samuel 4:2; Targum Jonathan on I Samuel 4:9; Targum Jonathan on I Samuel 4:10; Targum Jonathan on I Samuel 7:10"
"targum-jonathan-on-i-samuel","Targum Jonathan on I Samuel","tok-b33688065964","קְרָבִי","קרבי","Unresolved","","No lexical entry yet","true","1","Targum Jonathan on I Samuel 18:17"
"targum-jonathan-on-i-samuel","Targum Jonathan on I Samuel","tok-06d4ccc44b65","קְרָבֵי","קרבי","Unresolved","","No lexical entry yet","true","1","Targum Jonathan on I Samuel 25:28"
"targum-jonathan-on-i-samuel","Targum Jonathan on I Samuel","tok-97da3eb6b9d9","קְרָבַיָא","קרביא","Unresolved","","No lexical entry yet","true","1","Targum Jonathan on I Samuel 17:47"
"targum-jonathan-on-i-samuel","Targum Jonathan on I Samuel","tok-9ee906787dfc","קְרָבֵיהּ","קרביה","Unresolved","","No lexical entry yet","true","1","Targum Jonathan on I Samuel 8:12"
"targum-jonathan-on-i-samuel","Targum Jonathan on I Samuel","tok-8da65d5b5a4d","קְרָבִין","קרבינ","Unresolved","","No lexical entry yet","true","2","Targum Jonathan on I Samuel 16:18; Targum Jonathan on I Samuel 17:33"
"targum-jonathan-on-i-samuel","Targum Jonathan on I Samuel","tok-62020400f45d","קְרָבָנָא","קרבנא","Unresolved","","No lexical entry yet","true","1","Targum Jonathan on I Samuel 8:20"
"targum-jonathan-on-i-samuel","Targum Jonathan on I Samuel","tok-43fb1005b854","קְרוֹ","קרו","Unresolved","","No lexical entry yet","true","1","Targum Jonathan on I Samuel 23:28"
"targum-jonathan-on-i-samuel","Targum Jonathan on I Samuel","tok-29d9c9e3eded","קִרְוֵי","קרוי","Unresolved","","No lexical entry yet","true","2","Targum Jonathan on I Samuel 6:18; Targum Jonathan on I Samuel 27:5"
"targum-jonathan-on-i-samuel","Targum Jonathan on I Samuel","tok-df653cd3d9b5","קִרְוַיָא","קרויא","Unresolved","","No lexical entry yet","true","1","Targum Jonathan on I Samuel 31:7"
"targum-jonathan-on-i-samuel","Targum Jonathan on I Samuel","tok-a3a0954d2fcc","קְרֵיב","קריב","Unresolved","","No lexical entry yet","true","1","Targum Jonathan on I Samuel 23:9"
"targum-jonathan-on-i-samuel","Targum Jonathan on I Samuel","tok-d4f32ab2a4fb","קָרִיב","קריב","Unresolved","","No lexical entry yet","true","1","Targum Jonathan on I Samuel 30:7"
"targum-jonathan-on-i-samuel","Targum Jonathan on I Samuel","tok-76c50f50d247","קָרֵיב","קריב","Unresolved","","No lexical entry yet","true","2","Targum Jonathan on I Samuel 14:18; Targum Jonathan on I Samuel 14:19"
"targum-jonathan-on-i-samuel","Targum Jonathan on I Samuel","tok-80438373f0b0","קְרִיבוּ","קריבו","Unresolved","","No lexical entry yet","true","3","Targum Jonathan on I Samuel 13:9; Targum Jonathan on I Samuel 14:33; Targum Jonathan on I Samuel 14:34"
"targum-jonathan-on-i-samuel","Targum Jonathan on I Samuel","tok-dd448e778abd","קָרִיבוּ","קריבו","Unresolved","","No lexical entry yet","true","1","Targum Jonathan on I Samuel 15:32"
"targum-jonathan-on-i-samuel","Targum Jonathan on I Samuel","tok-1c5c5a2b320d","קְרִיבַת","קריבת","Unresolved","","No lexical entry yet","true","1","Targum Jonathan on I Samuel 6:9"
"targum-jonathan-on-i-samuel","Targum Jonathan on I Samuel","tok-237f3f514f1f","קִרְיַת","קרית","Unresolved","","No lexical entry yet","true","3","Targum Jonathan on I Samuel 6:21; Targum Jonathan on I Samuel 7:1; Targum Jonathan on I Samuel 22:19"
"targum-jonathan-on-i-samuel","Targum Jonathan on I Samuel","tok-c6d678e76e9c","קְרִיתָא","קריתא","Unresolved","","No lexical entry yet","true","1","Targum Jonathan on I Samuel 3:8"
"targum-jonathan-on-i-samuel","Targum Jonathan on I Samuel","tok-9089be215c07","קְרֵיתָא","קריתא","Unresolved","","No lexical entry yet","true","2","Targum Jonathan on I Samuel 3:5; Targum Jonathan on I Samuel 3:6"
"targum-jonathan-on-i-samuel","Targum Jonathan on I Samuel","tok-12138c6b0832","קְרֵיתִי","קריתי","Unresolved","","No lexical entry yet","true","2","Targum Jonathan on I Samuel 3:5; Targum Jonathan on I Samuel 3:6"
"targum-jonathan-on-i-samuel","Targum Jonathan on I Samuel","tok-e9496cff6b05","קַרְנָא","קרנא","Unresolved","","No lexical entry yet","true","1","Targum Jonathan on I Samuel 16:13"
"targum-jonathan-on-i-samuel","Targum Jonathan on I Samuel","tok-93a8ff5d8a1b","קַרְנָךְ","קרנכ","Unresolved","","No lexical entry yet","true","1","Targum Jonathan on I Samuel 16:1"
"targum-jonathan-on-i-samuel","Targum Jonathan on I Samuel","tok-4a13cfd893b0","קַרְתָּא","קרתא","Unresolved","","No lexical entry yet","true","8","Targum Jonathan on I Samuel 4:13; Targum Jonathan on I Samuel 5:9; Targum Jonathan on I Samuel 5:11; Targum Jonathan on I Samuel 5:12; Targum Jonathan on I Samuel 9:14"
"targum-jonathan-on-i-samuel","Targum Jonathan on I Samuel","tok-e9bed98c521b","קַרְתֵּיהּ","קרתיה","Unresolved","","No lexical entry yet","true","1","Targum Jonathan on I Samuel 20:6"
"targum-jonathan-on-i-samuel","Targum Jonathan on I Samuel","tok-64d2a7b8a670","קְשׁוֹט","קשוט","Unresolved","","No lexical entry yet","true","1","Targum Jonathan on I Samuel 9:6"
"targum-jonathan-on-i-samuel","Targum Jonathan on I Samuel","tok-81e86af7679c","קָשֵׁי","קשי","Unresolved","","No lexical entry yet","true","1","Targum Jonathan on I Samuel 25:3"
"targum-jonathan-on-i-samuel","Targum Jonathan on I Samuel","tok-e180f704446f","קַשְׁיָא","קשיא","Unresolved","","No lexical entry yet","true","1","Targum Jonathan on I Samuel 20:30"
"targum-jonathan-on-i-samuel","Targum Jonathan on I Samuel","tok-a232e9af5333","קָשִׁין","קשינ","Unresolved","","No lexical entry yet","true","1","Targum Jonathan on I Samuel 20:10"
"targum-jonathan-on-i-samuel","Targum Jonathan on I Samuel","tok-9f6dd32829de","קָשִׁישׁ","קשיש","Unresolved","","No lexical entry yet","true","1","Targum Jonathan on I Samuel 12:2"
"targum-jonathan-on-i-samuel","Targum Jonathan on I Samuel","tok-07bc2f9c7839","קַשְׁתַּיָא","קשתיא","Unresolved","","No lexical entry yet","true","1","Targum Jonathan on I Samuel 31:3"
"targum-jonathan-on-i-samuel","Targum Jonathan on I Samuel","tok-be7a50e0d3b3","קַשְׁתֵּיהּ","קשתיה","Unresolved","","No lexical entry yet","true","1","Targum Jonathan on I Samuel 18:4"
"targum-jonathan-on-i-samuel","Targum Jonathan on I Samuel","tok-daebcba9c485","קַשְׁתַּת","קשתת","Unresolved","","No lexical entry yet","true","1","Targum Jonathan on I Samuel 2:4"
"targum-jonathan-on-i-samuel","Targum Jonathan on I Samuel","tok-97692e31ed59","רַבָּא","רבא","Unresolved","","No lexical entry yet","true","12","Targum Jonathan on I Samuel 4:5; Targum Jonathan on I Samuel 4:6; Targum Jonathan on I Samuel 5:9; Targum Jonathan on I Samuel 12:16; Targum Jonathan on I Samuel 12:22"
"targum-jonathan-on-i-samuel","Targum Jonathan on I Samuel","tok-2b3e79933e93","רַבְּהוֹן","רבהונ","Unresolved","","No lexical entry yet","true","1","Targum Jonathan on I Samuel 10:12"
"targum-jonathan-on-i-samuel","Targum Jonathan on I Samuel","tok-de8baa94453d","רִבּוֹנִי","רבוני","Unresolved","","No lexical entry yet","true","20","Targum Jonathan on I Samuel 1:15; Targum Jonathan on I Samuel 1:26; Targum Jonathan on I Samuel 15:32; Targum Jonathan on I Samuel 22:12; Targum Jonathan on I Samuel 24:9"
"targum-jonathan-on-i-samuel","Targum Jonathan on I Samuel","tok-8dcbb571a30b","רִבּוֹנֵיהּ","רבוניה","Unresolved","","No lexical entry yet","true","3","Targum Jonathan on I Samuel 20:38; Targum Jonathan on I Samuel 25:10; Targum Jonathan on I Samuel 29:4"
"targum-jonathan-on-i-samuel","Targum Jonathan on I Samuel","tok-9ddcd12a061b","רִבּוֹנָךְ","רבונכ","Unresolved","","No lexical entry yet","true","3","Targum Jonathan on I Samuel 26:15; Targum Jonathan on I Samuel 29:10"
"targum-jonathan-on-i-samuel","Targum Jonathan on I Samuel","tok-4af0b351f78a","רִבּוֹנְכוֹן","רבונכונ","Unresolved","","No lexical entry yet","true","1","Targum Jonathan on I Samuel 26:16"
"targum-jonathan-on-i-samuel","Targum Jonathan on I Samuel","tok-195b9fc2b7fa","רִבּוֹנָנָא","רבוננא","Unresolved","","No lexical entry yet","true","3","Targum Jonathan on I Samuel 16:16; Targum Jonathan on I Samuel 25:14; Targum Jonathan on I Samuel 25:17"
"targum-jonathan-on-i-samuel","Targum Jonathan on I Samuel","tok-34e39f9e04b9","רַבְיָא","רביא","Unresolved","","No lexical entry yet","true","4","Targum Jonathan on I Samuel 1:22; Targum Jonathan on I Samuel 1:25; Targum Jonathan on I Samuel 1:27; Targum Jonathan on I Samuel 2:21"
"targum-jonathan-on-i-samuel","Targum Jonathan on I Samuel","tok-47e27c15dfea","רַבְיָךְ","רביכ","Unresolved","","No lexical entry yet","true","1","Targum Jonathan on I Samuel 15:17"
"targum-jonathan-on-i-samuel","Targum Jonathan on I Samuel","tok-cd107b7c1940","רַבָּנֵי","רבני","Unresolved","","No lexical entry yet","true","2","Targum Jonathan on I Samuel 8:12; Targum Jonathan on I Samuel 22:7"
"targum-jonathan-on-i-samuel","Targum Jonathan on I Samuel","tok-8a877cd75691","רַבְרְבֵי","רברבי","Unresolved","","No lexical entry yet","true","6","Targum Jonathan on I Samuel 2:8; Targum Jonathan on I Samuel 18:30; Targum Jonathan on I Samuel 29:3; Targum Jonathan on I Samuel 29:4; Targum Jonathan on I Samuel 29:9"
"targum-jonathan-on-i-samuel","Targum Jonathan on I Samuel","tok-86ec5332a958","רַבְרְבַיָא","רברביא","Unresolved","","No lexical entry yet","true","2","Targum Jonathan on I Samuel 17:13; Targum Jonathan on I Samuel 17:14"
"targum-jonathan-on-i-samuel","Targum Jonathan on I Samuel","tok-16a0890607b7","רַבְרְבִין","רברבינ","Unresolved","","No lexical entry yet","true","2","Targum Jonathan on I Samuel 4:8; Targum Jonathan on I Samuel 17:25"
"targum-jonathan-on-i-samuel","Targum Jonathan on I Samuel","tok-c52f970e7884","רַבְּתָא","רבתא","Unresolved","","No lexical entry yet","true","9","Targum Jonathan on I Samuel 4:10; Targum Jonathan on I Samuel 4:17; Targum Jonathan on I Samuel 6:9; Targum Jonathan on I Samuel 6:14; Targum Jonathan on I Samuel 6:15"
"targum-jonathan-on-i-samuel","Targum Jonathan on I Samuel","tok-2bae2875779b","רִגְלָאֵי","רגלאי","Unresolved","","No lexical entry yet","true","1","Targum Jonathan on I Samuel 15:4"
"targum-jonathan-on-i-samuel","Targum Jonathan on I Samuel","tok-0357a72a9b21","רִגְלוֹהִי","רגלוהי","Unresolved","","No lexical entry yet","true","2","Targum Jonathan on I Samuel 17:6; Targum Jonathan on I Samuel 25:24"
"targum-jonathan-on-i-samuel","Targum Jonathan on I Samuel","tok-ad93ed0c476c","רַגְלוֹהִי","רגלוהי","Unresolved","","No lexical entry yet","true","1","Targum Jonathan on I Samuel 14:13"
"targum-jonathan-on-i-samuel","Targum Jonathan on I Samuel","tok-0d650d2d4936","רְדוֹף","רדופ","Unresolved","","No lexical entry yet","true","1","Targum Jonathan on I Samuel 30:8"
"targum-jonathan-on-i-samuel","Targum Jonathan on I Samuel","tok-d228f8e4e6e3","רָדִיף","רדיפ","Unresolved","","No lexical entry yet","true","2","Targum Jonathan on I Samuel 24:15; Targum Jonathan on I Samuel 26:18"
"targum-jonathan-on-i-samuel","Targum Jonathan on I Samuel","tok-77e007bcc00b","רְהַט","רהט","Unresolved","","No lexical entry yet","true","2","Targum Jonathan on I Samuel 20:36"
"targum-jonathan-on-i-samuel","Targum Jonathan on I Samuel","tok-f3cfd0a10da7","רוּגְזָא","רוגזא","Unresolved","","No lexical entry yet","true","3","Targum Jonathan on I Samuel 17:28; Targum Jonathan on I Samuel 20:30; Targum Jonathan on I Samuel 20:34"
"targum-jonathan-on-i-samuel","Targum Jonathan on I Samuel","tok-ceb07b90f36f","רוּגְזֵיהּ","רוגזיה","Unresolved","","No lexical entry yet","true","2","Targum Jonathan on I Samuel 11:6; Targum Jonathan on I Samuel 28:18"
"targum-jonathan-on-i-samuel","Targum Jonathan on I Samuel","tok-04bcac62a671","רוּחֵיהּ","רוחיה","Unresolved","","No lexical entry yet","true","1","Targum Jonathan on I Samuel 30:12"
"targum-jonathan-on-i-samuel","Targum Jonathan on I Samuel","tok-1b8bebf62f6f","רָוֵי","רוי","Unresolved","","No lexical entry yet","true","1","Targum Jonathan on I Samuel 25:36"
"targum-jonathan-on-i-samuel","Targum Jonathan on I Samuel","tok-3ecc7ebb4daf","רַוְיָא","רויא","Unresolved","","No lexical entry yet","true","1","Targum Jonathan on I Samuel 1:13"
"targum-jonathan-on-i-samuel","Targum Jonathan on I Samuel","tok-a81f85cb945c","רוֹמְחִין","רומחינ","Unresolved","","No lexical entry yet","true","1","Targum Jonathan on I Samuel 13:19"
"targum-jonathan-on-i-samuel","Targum Jonathan on I Samuel","tok-c7e690fa2f32","רְחִים","רחימ","Unresolved","","No lexical entry yet","true","1","Targum Jonathan on I Samuel 1:5"
"targum-jonathan-on-i-samuel","Targum Jonathan on I Samuel","tok-e77e648f2c4b","רָחִיק","רחיק","Unresolved","","No lexical entry yet","true","3","Targum Jonathan on I Samuel 18:12; Targum Jonathan on I Samuel 28:15; Targum Jonathan on I Samuel 28:16"
"targum-jonathan-on-i-samuel","Targum Jonathan on I Samuel","tok-d55b01eba34c","רְחִיקוּ","רחיקו","Unresolved","","No lexical entry yet","true","1","Targum Jonathan on I Samuel 8:7"
"targum-jonathan-on-i-samuel","Targum Jonathan on I Samuel","tok-97417aedfe64","רַחֲמוּךְ","רחמוכ","Unresolved","","No lexical entry yet","true","1","Targum Jonathan on I Samuel 18:22"
"targum-jonathan-on-i-samuel","Targum Jonathan on I Samuel","tok-ec4aa259a6bb","רַחֲמֵיהּ","רחמיה","Unresolved","","No lexical entry yet","true","1","Targum Jonathan on I Samuel 20:17"
"targum-jonathan-on-i-samuel","Targum Jonathan on I Samuel","tok-def356859751","רַחֲמִין","רחמינ","Unresolved","","No lexical entry yet","true","7","Targum Jonathan on I Samuel 1:18; Targum Jonathan on I Samuel 16:22; Targum Jonathan on I Samuel 18:16; Targum Jonathan on I Samuel 20:3; Targum Jonathan on I Samuel 20:29"
"targum-jonathan-on-i-samuel","Targum Jonathan on I Samuel","tok-29cbcddbb3bc","רַחֲמַת","רחמת","Unresolved","","No lexical entry yet","true","1","Targum Jonathan on I Samuel 20:17"
"targum-jonathan-on-i-samuel","Targum Jonathan on I Samuel","tok-d4f6848fccab","רַחַמְתֵּיהּ","רחמתיה","Unresolved","","No lexical entry yet","true","1","Targum Jonathan on I Samuel 18:28"
"targum-jonathan-on-i-samuel","Targum Jonathan on I Samuel","tok-f796d4e51bb7","רַחֲקָךְ","רחקכ","Unresolved","","No lexical entry yet","true","1","Targum Jonathan on I Samuel 15:23"
"targum-jonathan-on-i-samuel","Targum Jonathan on I Samuel","tok-0e72e07942e1","רְחַקְתֵּיה","רחקתיה","Unresolved","","No lexical entry yet","true","1","Targum Jonathan on I Samuel 16:7"
"targum-jonathan-on-i-samuel","Targum Jonathan on I Samuel","tok-539917c19fd8","רְחַקְתֵּיהּ","רחקתיה","Unresolved","","No lexical entry yet","true","1","Targum Jonathan on I Samuel 16:1"
"targum-jonathan-on-i-samuel","Targum Jonathan on I Samuel","tok-e1045f9919fb","רְטִישִׁין","רטישינ","Unresolved","","No lexical entry yet","true","1","Targum Jonathan on I Samuel 30:16"
"targum-jonathan-on-i-samuel","Targum Jonathan on I Samuel","tok-7536d708a94b","רְטַשְׁתָּא","רטשתא","Unresolved","","No lexical entry yet","true","1","Targum Jonathan on I Samuel 17:28"
"targum-jonathan-on-i-samuel","Targum Jonathan on I Samuel","tok-e1ad32bf0726","רִיבְוָן","ריבונ","Unresolved","","No lexical entry yet","true","1","Targum Jonathan on I Samuel 18:8"
"targum-jonathan-on-i-samuel","Targum Jonathan on I Samuel","tok-c59a342a15dd","רִיגְלֵי","ריגלי","Unresolved","","No lexical entry yet","true","1","Targum Jonathan on I Samuel 25:41"
"targum-jonathan-on-i-samuel","Targum Jonathan on I Samuel","tok-56fcc4f16824","רֵיווּ","ריוו","Unresolved","","No lexical entry yet","true","1","Targum Jonathan on I Samuel 25:3"
"targum-jonathan-on-i-samuel","Targum Jonathan on I Samuel","tok-484e0372577c","רֵיקָן","ריקנ","Unresolved","","No lexical entry yet","true","1","Targum Jonathan on I Samuel 6:3"
"targum-jonathan-on-i-samuel","Targum Jonathan on I Samuel","tok-02e2165db1cd","רִירֵיהּ","ריריה","Unresolved","","No lexical entry yet","true","1","Targum Jonathan on I Samuel 21:14"
"targum-jonathan-on-i-samuel","Targum Jonathan on I Samuel","tok-e7292ff5e54c","רֵישׁ","ריש","Unresolved","","No lexical entry yet","true","2","Targum Jonathan on I Samuel 14:27; Targum Jonathan on I Samuel 26:13"
"targum-jonathan-on-i-samuel","Targum Jonathan on I Samuel","tok-19ea1a0ae8af","רֵישָׁא","רישא","Unresolved","","No lexical entry yet","true","1","Targum Jonathan on I Samuel 17:54"
"targum-jonathan-on-i-samuel","Targum Jonathan on I Samuel","tok-844b3592ed37","רֵישֵׁי","רישי","Unresolved","","No lexical entry yet","true","1","Targum Jonathan on I Samuel 14:38"
"targum-jonathan-on-i-samuel","Targum Jonathan on I Samuel","tok-9fac3045cbae","רֵישֵׁיהּ","רישיה","Unresolved","","No lexical entry yet","true","7","Targum Jonathan on I Samuel 4:12; Targum Jonathan on I Samuel 10:1; Targum Jonathan on I Samuel 14:45; Targum Jonathan on I Samuel 17:5; Targum Jonathan on I Samuel 17:38"
"targum-jonathan-on-i-samuel","Targum Jonathan on I Samuel","tok-bd89dd0abb4d","רֵישָׁךְ","רישכ","Unresolved","","No lexical entry yet","true","1","Targum Jonathan on I Samuel 17:46"
"targum-jonathan-on-i-samuel","Targum Jonathan on I Samuel","tok-9e10a4427e8b","רְכִיבָא","רכיבא","Unresolved","","No lexical entry yet","true","1","Targum Jonathan on I Samuel 25:20"
"targum-jonathan-on-i-samuel","Targum Jonathan on I Samuel","tok-cc0824a14b7e","רְמוֹ","רמו","Unresolved","","No lexical entry yet","true","1","Targum Jonathan on I Samuel 14:42"
"targum-jonathan-on-i-samuel","Targum Jonathan on I Samuel","tok-713368734b8d","רִמוֹן","רמונ","Unresolved","","No lexical entry yet","true","1","Targum Jonathan on I Samuel 14:2"
"targum-jonathan-on-i-samuel","Targum Jonathan on I Samuel","tok-e34d45a61c0e","רְמֵי","רמי","Unresolved","","No lexical entry yet","true","1","Targum Jonathan on I Samuel 4:12"
"targum-jonathan-on-i-samuel","Targum Jonathan on I Samuel","tok-4e33108bb0f9","רָמֵי","רמי","Unresolved","","No lexical entry yet","true","2","Targum Jonathan on I Samuel 5:3; Targum Jonathan on I Samuel 5:4"
"targum-jonathan-on-i-samuel","Targum Jonathan on I Samuel","tok-aa6c674ee572","רְמָן","רמנ","Unresolved","","No lexical entry yet","true","1","Targum Jonathan on I Samuel 31:8"
"targum-jonathan-on-i-samuel","Targum Jonathan on I Samuel","tok-91bc6a671d94","רַמְשָׁא","רמשא","Unresolved","","No lexical entry yet","true","3","Targum Jonathan on I Samuel 14:24; Targum Jonathan on I Samuel 20:5; Targum Jonathan on I Samuel 30:17"
"targum-jonathan-on-i-samuel","Targum Jonathan on I Samuel","tok-151098ce6668","רָמַת","רמת","Unresolved","","No lexical entry yet","true","1","Targum Jonathan on I Samuel 2:1"
"targum-jonathan-on-i-samuel","Targum Jonathan on I Samuel","tok-d8812961c62f","רַעֲוָא","רעוא","Unresolved","","No lexical entry yet","true","8","Targum Jonathan on I Samuel 2:25; Targum Jonathan on I Samuel 12:22; Targum Jonathan on I Samuel 15:22; Targum Jonathan on I Samuel 16:8; Targum Jonathan on I Samuel 16:9"
"targum-jonathan-on-i-samuel","Targum Jonathan on I Samuel","tok-5f7acf2150c0","רְעוּתֵהּ","רעותה","Unresolved","","No lexical entry yet","true","1","Targum Jonathan on I Samuel 13:14"
"targum-jonathan-on-i-samuel","Targum Jonathan on I Samuel","tok-43404f32aa17","רְעוּתִי","רעותי","Unresolved","","No lexical entry yet","true","1","Targum Jonathan on I Samuel 1:8"
"targum-jonathan-on-i-samuel","Targum Jonathan on I Samuel","tok-8a325baf7912","רְעוּתֵיהּ","רעותיה","Unresolved","","No lexical entry yet","true","1","Targum Jonathan on I Samuel 2:8"
"targum-jonathan-on-i-samuel","Targum Jonathan on I Samuel","tok-5c52463624f9","רָעֵי","רעי","Unresolved","","No lexical entry yet","true","2","Targum Jonathan on I Samuel 16:11; Targum Jonathan on I Samuel 20:30"
"targum-jonathan-on-i-samuel","Targum Jonathan on I Samuel","tok-4bd4d390ae95","רַעְיָא","רעיא","Unresolved","","No lexical entry yet","true","1","Targum Jonathan on I Samuel 21:8"
"targum-jonathan-on-i-samuel","Targum Jonathan on I Samuel","tok-57e7d1b534bd","רַעֲיָא","רעיא","Unresolved","","No lexical entry yet","true","2","Targum Jonathan on I Samuel 17:34; Targum Jonathan on I Samuel 17:40"
"targum-jonathan-on-i-samuel","Targum Jonathan on I Samuel","tok-970d729bdb86","רָעַיָא","רעיא","Unresolved","","No lexical entry yet","true","1","Targum Jonathan on I Samuel 25:7"
"targum-jonathan-on-i-samuel","Targum Jonathan on I Samuel","tok-d58c64543797","רָעָן","רענ","Unresolved","","No lexical entry yet","true","1","Targum Jonathan on I Samuel 25:16"
"targum-jonathan-on-i-samuel","Targum Jonathan on I Samuel","tok-7800afdebd86","רְשׁוּ","רשו","Unresolved","","No lexical entry yet","true","1","Targum Jonathan on I Samuel 22:2"
"targum-jonathan-on-i-samuel","Targum Jonathan on I Samuel","tok-7d2f598c73a9","רַשִׁיעָא","רשיעא","Unresolved","","No lexical entry yet","true","1","Targum Jonathan on I Samuel 25:17"
"targum-jonathan-on-i-samuel","Targum Jonathan on I Samuel","tok-1da08bc912c9","רִשְׁעָא","רשעא","Unresolved","","No lexical entry yet","true","2","Targum Jonathan on I Samuel 1:16; Targum Jonathan on I Samuel 10:27"
"targum-jonathan-on-i-samuel","Targum Jonathan on I Samuel","tok-72284bcc63c3","רַשִׁעַיָא","רשעיא","Unresolved","","No lexical entry yet","true","1","Targum Jonathan on I Samuel 2:12"
"targum-jonathan-on-i-samuel","Targum Jonathan on I Samuel","tok-2ecc622665ca","רְתִיכוֹהִי","רתיכוהי","Unresolved","","No lexical entry yet","true","2","Targum Jonathan on I Samuel 8:11; Targum Jonathan on I Samuel 8:12"
"targum-jonathan-on-i-samuel","Targum Jonathan on I Samuel","tok-3e396aa5cf34","רְתִיכִין","רתיכינ","Unresolved","","No lexical entry yet","true","1","Targum Jonathan on I Samuel 13:5"
"targum-jonathan-on-i-samuel","Targum Jonathan on I Samuel","tok-2fab821d024c","שָׁאֵיל","שאיל","Unresolved","","No lexical entry yet","true","1","Targum Jonathan on I Samuel 28:16"
"targum-jonathan-on-i-samuel","Targum Jonathan on I Samuel","tok-a279215201a8","שְׁאַל","שאל","Unresolved","","No lexical entry yet","true","2","Targum Jonathan on I Samuel 17:56; Targum Jonathan on I Samuel 25:8"
"targum-jonathan-on-i-samuel","Targum Jonathan on I Samuel","tok-856a5bdd4cd3","שְׁאֶלְתָּא","שאלתא","Unresolved","","No lexical entry yet","true","1","Targum Jonathan on I Samuel 2:20"
"targum-jonathan-on-i-samuel","Targum Jonathan on I Samuel","tok-ad6f7b626e4e","שְׁאֶלְתּוּן","שאלתונ","Unresolved","","No lexical entry yet","true","1","Targum Jonathan on I Samuel 12:13"
"targum-jonathan-on-i-samuel","Targum Jonathan on I Samuel","tok-e251e04aa8bc","שְׁאִלְתֵּיה","שאלתיה","Unresolved","","No lexical entry yet","true","1","Targum Jonathan on I Samuel 1:20"
"targum-jonathan-on-i-samuel","Targum Jonathan on I Samuel","tok-bf2ad0a688f7","שְׁבוֹק","שבוק","Unresolved","","No lexical entry yet","true","2","Targum Jonathan on I Samuel 15:25; Targum Jonathan on I Samuel 25:28"
"targum-jonathan-on-i-samuel","Targum Jonathan on I Samuel","tok-b0e8b13b594d","שִׁבְטָא","שבטא","Unresolved","","No lexical entry yet","true","5","Targum Jonathan on I Samuel 9:4; Targum Jonathan on I Samuel 10:20; Targum Jonathan on I Samuel 10:21; Targum Jonathan on I Samuel 15:17; Targum Jonathan on I Samuel 22:7"
"targum-jonathan-on-i-samuel","Targum Jonathan on I Samuel","tok-5cbfeb6f9111","שִׁבְטַיָא","שבטיא","Unresolved","","No lexical entry yet","true","3","Targum Jonathan on I Samuel 2:28; Targum Jonathan on I Samuel 9:21; Targum Jonathan on I Samuel 10:20"
"targum-jonathan-on-i-samuel","Targum Jonathan on I Samuel","tok-33811f2b0b5d","שָׁבַע","שבע","Unresolved","","No lexical entry yet","true","2","Targum Jonathan on I Samuel 3:20; Targum Jonathan on I Samuel 8:2"
"targum-jonathan-on-i-samuel","Targum Jonathan on I Samuel","tok-776cda0896cd","שַׁבְעָא","שבעא","Unresolved","","No lexical entry yet","true","7","Targum Jonathan on I Samuel 6:1; Targum Jonathan on I Samuel 10:8; Targum Jonathan on I Samuel 11:3; Targum Jonathan on I Samuel 13:8; Targum Jonathan on I Samuel 16:10"
"targum-jonathan-on-i-samuel","Targum Jonathan on I Samuel","tok-4478829869fa","שַׁבְעִין","שבעינ","Unresolved","","No lexical entry yet","true","1","Targum Jonathan on I Samuel 6:19"
"targum-jonathan-on-i-samuel","Targum Jonathan on I Samuel","tok-db3e7c57af92","שָׂבְעִין","שבעינ","Unresolved","","No lexical entry yet","true","1","Targum Jonathan on I Samuel 2:5"
"targum-jonathan-on-i-samuel","Targum Jonathan on I Samuel","tok-601b1a80638f","שְׁבַק","שבק","Unresolved","","No lexical entry yet","true","1","Targum Jonathan on I Samuel 10:2"
"targum-jonathan-on-i-samuel","Targum Jonathan on I Samuel","tok-8ede854e3936","שַׁבְקֵיהּ","שבקיה","Unresolved","","No lexical entry yet","true","1","Targum Jonathan on I Samuel 18:2"
"targum-jonathan-on-i-samuel","Targum Jonathan on I Samuel","tok-3d6ce5e4587a","שַׁבְקִינוּן","שבקינונ","Unresolved","","No lexical entry yet","true","1","Targum Jonathan on I Samuel 24:8"
"targum-jonathan-on-i-samuel","Targum Jonathan on I Samuel","tok-5ef9b1d5ee50","שְׁבַקְנָא","שבקנא","Unresolved","","No lexical entry yet","true","1","Targum Jonathan on I Samuel 12:10"
"targum-jonathan-on-i-samuel","Targum Jonathan on I Samuel","tok-3957048cd244","שְׁגָא","שגא","Unresolved","","No lexical entry yet","true","5","Targum Jonathan on I Samuel 14:17; Targum Jonathan on I Samuel 25:7; Targum Jonathan on I Samuel 25:15; Targum Jonathan on I Samuel 25:21; Targum Jonathan on I Samuel 30:19"
"targum-jonathan-on-i-samuel","Targum Jonathan on I Samuel","tok-d8a4ee1b060e","שִׁגוּשָׁא","שגושא","Unresolved","","No lexical entry yet","true","2","Targum Jonathan on I Samuel 5:9; Targum Jonathan on I Samuel 14:20"
"targum-jonathan-on-i-samuel","Targum Jonathan on I Samuel","tok-438da48f72d6","שִׁגּוּשַׁיָא","שגושיא","Unresolved","","No lexical entry yet","true","1","Targum Jonathan on I Samuel 4:14"
"targum-jonathan-on-i-samuel","Targum Jonathan on I Samuel","tok-3b55e5d594b8","שַׁדַר","שדר","Unresolved","","No lexical entry yet","true","1","Targum Jonathan on I Samuel 16:19"
"targum-jonathan-on-i-samuel","Targum Jonathan on I Samuel","tok-58b0dd1d1865","שׁוֹחֲדָא","שוחדא","Unresolved","","No lexical entry yet","true","1","Targum Jonathan on I Samuel 8:3"
"targum-jonathan-on-i-samuel","Targum Jonathan on I Samuel","tok-4940d3a44461","שׁוֹטִיתָא","שוטיתא","Unresolved","","No lexical entry yet","true","2","Targum Jonathan on I Samuel 14:27; Targum Jonathan on I Samuel 14:43"
"targum-jonathan-on-i-samuel","Targum Jonathan on I Samuel","tok-a3046d453da2","שַׁוִי","שוי","Unresolved","","No lexical entry yet","true","3","Targum Jonathan on I Samuel 9:23; Targum Jonathan on I Samuel 9:24; Targum Jonathan on I Samuel 17:54"
"targum-jonathan-on-i-samuel","Targum Jonathan on I Samuel","tok-f4f3efbe985c","שַׁוְיָא","שויא","Unresolved","","No lexical entry yet","true","2","Targum Jonathan on I Samuel 5:7; Targum Jonathan on I Samuel 6:4"
"targum-jonathan-on-i-samuel","Targum Jonathan on I Samuel","tok-1e445aaaa601","שַׁוִיאַת","שויאת","Unresolved","","No lexical entry yet","true","2","Targum Jonathan on I Samuel 4:20; Targum Jonathan on I Samuel 19:13"
"targum-jonathan-on-i-samuel","Targum Jonathan on I Samuel","tok-cf6a787ed837","שִׁוְיֵה","שויה","Unresolved","","No lexical entry yet","true","1","Targum Jonathan on I Samuel 20:25"
"targum-jonathan-on-i-samuel","Targum Jonathan on I Samuel","tok-c0ea0e6b1f68","שַׁוְיָה","שויה","Unresolved","","No lexical entry yet","true","1","Targum Jonathan on I Samuel 30:25"
"targum-jonathan-on-i-samuel","Targum Jonathan on I Samuel","tok-04e48361c1ec","שִׁוְיֵיהּ","שוייה","Unresolved","","No lexical entry yet","true","1","Targum Jonathan on I Samuel 20:25"
"targum-jonathan-on-i-samuel","Targum Jonathan on I Samuel","tok-cfff393b6d7c","שׁוּע","שוע","Unresolved","","No lexical entry yet","true","1","Targum Jonathan on I Samuel 31:2"
"targum-jonathan-on-i-samuel","Targum Jonathan on I Samuel","tok-3f0835ced58a","שׁוֹפִינָא","שופינא","Unresolved","","No lexical entry yet","true","1","Targum Jonathan on I Samuel 13:21"
"targum-jonathan-on-i-samuel","Targum Jonathan on I Samuel","tok-16c52c94a3be","שְׁחָרִית","שחרית","Unresolved","","No lexical entry yet","true","1","Targum Jonathan on I Samuel 12:3"
"targum-jonathan-on-i-samuel","Targum Jonathan on I Samuel","tok-83d7c96d4d2f","שָׁטֵי","שטי","Unresolved","","No lexical entry yet","true","2","Targum Jonathan on I Samuel 17:43; Targum Jonathan on I Samuel 21:15"
"targum-jonathan-on-i-samuel","Targum Jonathan on I Samuel","tok-1f9fe61b4e02","שַׁטְיָא","שטיא","Unresolved","","No lexical entry yet","true","1","Targum Jonathan on I Samuel 25:25"
"targum-jonathan-on-i-samuel","Targum Jonathan on I Samuel","tok-013361a91a69","שָׁטַיָא","שטיא","Unresolved","","No lexical entry yet","true","1","Targum Jonathan on I Samuel 21:16"
"targum-jonathan-on-i-samuel","Targum Jonathan on I Samuel","tok-8c04951603ab","שִׁיגוּשׁ","שיגוש","Unresolved","","No lexical entry yet","true","1","Targum Jonathan on I Samuel 5:11"
"targum-jonathan-on-i-samuel","Targum Jonathan on I Samuel","tok-88d80b65f76b","שֵׁיזְבִינָךְ","שיזבינכ","Unresolved","","No lexical entry yet","true","1","Targum Jonathan on I Samuel 20:22"
"targum-jonathan-on-i-samuel","Targum Jonathan on I Samuel","tok-d79570837a6e","שֵׁיזְבָנָא","שיזבנא","Unresolved","","No lexical entry yet","true","1","Targum Jonathan on I Samuel 12:10"
"targum-jonathan-on-i-samuel","Targum Jonathan on I Samuel","tok-c94bcdecbb62","שֵׁיזִיב","שיזיב","Unresolved","","No lexical entry yet","true","2","Targum Jonathan on I Samuel 7:14; Targum Jonathan on I Samuel 30:18"
"targum-jonathan-on-i-samuel","Targum Jonathan on I Samuel","tok-26431fb90847","שִׁינָא","שינא","Unresolved","","No lexical entry yet","true","1","Targum Jonathan on I Samuel 7:12"
"targum-jonathan-on-i-samuel","Targum Jonathan on I Samuel","tok-ffee46f6871d","שֵׁינָא","שינא","Unresolved","","No lexical entry yet","true","1","Targum Jonathan on I Samuel 26:12"
"targum-jonathan-on-i-samuel","Targum Jonathan on I Samuel","tok-b2790b4cd08a","שֵׁיצֵי","שיצי","Unresolved","","No lexical entry yet","true","3","Targum Jonathan on I Samuel 18:1; Targum Jonathan on I Samuel 20:15; Targum Jonathan on I Samuel 24:17"
"targum-jonathan-on-i-samuel","Targum Jonathan on I Samuel","tok-7b8527f4e1cd","שֵׁירוּ","שירו","Unresolved","","No lexical entry yet","true","2","Targum Jonathan on I Samuel 9:12; Targum Jonathan on I Samuel 20:29"
"targum-jonathan-on-i-samuel","Targum Jonathan on I Samuel","tok-3cea3da89a9d","שֵׁירוּי","שירוי","Unresolved","","No lexical entry yet","true","1","Targum Jonathan on I Samuel 20:6"
"targum-jonathan-on-i-samuel","Targum Jonathan on I Samuel","tok-0b7ef35ec0ba","שֵׁירוּתִי","שירותי","Unresolved","","No lexical entry yet","true","1","Targum Jonathan on I Samuel 25:11"
"targum-jonathan-on-i-samuel","Targum Jonathan on I Samuel","tok-6b57b84bed5f","שָׁכְבִין","שכבינ","Unresolved","","No lexical entry yet","true","1","Targum Jonathan on I Samuel 2:22"
"targum-jonathan-on-i-samuel","Targum Jonathan on I Samuel","tok-64bcd9f2529f","שְׁכוּב","שכוב","Unresolved","","No lexical entry yet","true","1","Targum Jonathan on I Samuel 3:9"
"targum-jonathan-on-i-samuel","Targum Jonathan on I Samuel","tok-f1b71ef6ff22","שְׁכִיב","שכיב","Unresolved","","No lexical entry yet","true","7","Targum Jonathan on I Samuel 3:2; Targum Jonathan on I Samuel 3:3; Targum Jonathan on I Samuel 3:5; Targum Jonathan on I Samuel 3:6; Targum Jonathan on I Samuel 19:14"
"targum-jonathan-on-i-samuel","Targum Jonathan on I Samuel","tok-7d22506f3659","שַׁכְלֵיל","שכליל","Unresolved","","No lexical entry yet","true","1","Targum Jonathan on I Samuel 2:8"
"targum-jonathan-on-i-samuel","Targum Jonathan on I Samuel","tok-5562e1d03b8d","שְׁלוֹף","שלופ","Unresolved","","No lexical entry yet","true","1","Targum Jonathan on I Samuel 31:4"
"targum-jonathan-on-i-samuel","Targum Jonathan on I Samuel","tok-824fc08d80f6","שַׁלְחוּ","שלחו","Unresolved","","No lexical entry yet","true","1","Targum Jonathan on I Samuel 5:11"
"targum-jonathan-on-i-samuel","Targum Jonathan on I Samuel","tok-67d2a1776220","שַׁלְחִינוּן","שלחינונ","Unresolved","","No lexical entry yet","true","1","Targum Jonathan on I Samuel 6:6"
"targum-jonathan-on-i-samuel","Targum Jonathan on I Samuel","tok-e07128f13e85","שְׁלָחִית","שלחית","Unresolved","","No lexical entry yet","true","1","Targum Jonathan on I Samuel 21:3"
"targum-jonathan-on-i-samuel","Targum Jonathan on I Samuel","tok-3e13e51b05cb","שַׁלְחָנָא","שלחנא","Unresolved","","No lexical entry yet","true","1","Targum Jonathan on I Samuel 25:40"
"targum-jonathan-on-i-samuel","Targum Jonathan on I Samuel","tok-4bb9a5638ad2","שַׁלְחֵנִי","שלחני","Unresolved","","No lexical entry yet","true","2","Targum Jonathan on I Samuel 19:17; Targum Jonathan on I Samuel 20:29"
"targum-jonathan-on-i-samuel","Targum Jonathan on I Samuel","tok-4b00da7a0053","שַׁלִיט","שליט","Unresolved","","No lexical entry yet","true","1","Targum Jonathan on I Samuel 2:6"
"targum-jonathan-on-i-samuel","Targum Jonathan on I Samuel","tok-d881c332d465","שְׁלִימוּ","שלימו","Unresolved","","No lexical entry yet","true","1","Targum Jonathan on I Samuel 18:26"
"targum-jonathan-on-i-samuel","Targum Jonathan on I Samuel","tok-9af55fea92a9","שְׁלָמָא","שלמא","Unresolved","","No lexical entry yet","true","1","Targum Jonathan on I Samuel 7:14"
"targum-jonathan-on-i-samuel","Targum Jonathan on I Samuel","tok-b9e7ec4b5d58","שַׁלְמָאָה","שלמאה","Unresolved","","No lexical entry yet","true","3","Targum Jonathan on I Samuel 15:6; Targum Jonathan on I Samuel 27:10; Targum Jonathan on I Samuel 30:29"
"targum-jonathan-on-i-samuel","Targum Jonathan on I Samuel","tok-4764f4c6b2e7","שְׁמוּעֲתָא","שמועתא","Unresolved","","No lexical entry yet","true","2","Targum Jonathan on I Samuel 2:24; Targum Jonathan on I Samuel 4:19"
"targum-jonathan-on-i-samuel","Targum Jonathan on I Samuel","tok-9b6e77dcf6cc","שַׁמִינַיָא","שמיניא","Unresolved","","No lexical entry yet","true","1","Targum Jonathan on I Samuel 15:9"
"targum-jonathan-on-i-samuel","Targum Jonathan on I Samuel","tok-043d42fcd89f","שְׁמַע","שמע","Unresolved","","No lexical entry yet","true","9","Targum Jonathan on I Samuel 2:23; Targum Jonathan on I Samuel 2:24; Targum Jonathan on I Samuel 3:9; Targum Jonathan on I Samuel 3:10; Targum Jonathan on I Samuel 11:6"
"targum-jonathan-on-i-samuel","Targum Jonathan on I Samuel","tok-49a88bffdee6","שָׁמַע","שמע","Unresolved","","No lexical entry yet","true","1","Targum Jonathan on I Samuel 24:10"
"targum-jonathan-on-i-samuel","Targum Jonathan on I Samuel","tok-cd0158b551ed","שְׁמָעִית","שמעית","Unresolved","","No lexical entry yet","true","1","Targum Jonathan on I Samuel 25:7"
"targum-jonathan-on-i-samuel","Targum Jonathan on I Samuel","tok-32aa30b27f1a","שִׁמְשָׁא","שמשא","Unresolved","","No lexical entry yet","true","1","Targum Jonathan on I Samuel 11:9"
"targum-jonathan-on-i-samuel","Targum Jonathan on I Samuel","tok-645e83531b43","שִׁמְשׁוֹן","שמשונ","Unresolved","","No lexical entry yet","true","1","Targum Jonathan on I Samuel 12:11"
"targum-jonathan-on-i-samuel","Targum Jonathan on I Samuel","tok-bd1e51092079","שָׁן","שנ","Unresolved","","No lexical entry yet","true","2","Targum Jonathan on I Samuel 31:10; Targum Jonathan on I Samuel 31:12"
"targum-jonathan-on-i-samuel","Targum Jonathan on I Samuel","tok-3daac8ea61f5","שְׁנָא","שנא","Unresolved","","No lexical entry yet","true","3","Targum Jonathan on I Samuel 1:7; Targum Jonathan on I Samuel 7:16; Targum Jonathan on I Samuel 13:1"
"targum-jonathan-on-i-samuel","Targum Jonathan on I Samuel","tok-2e5d3e11f571","שִׁנָא","שנא","Unresolved","","No lexical entry yet","true","2","Targum Jonathan on I Samuel 14:4; Targum Jonathan on I Samuel 14:5"
"targum-jonathan-on-i-samuel","Targum Jonathan on I Samuel","tok-c894d80ee09d","שְׁנִין","שנינ","Unresolved","","No lexical entry yet","true","7","Targum Jonathan on I Samuel 2:13; Targum Jonathan on I Samuel 4:15; Targum Jonathan on I Samuel 4:18; Targum Jonathan on I Samuel 7:2; Targum Jonathan on I Samuel 13:1"
"targum-jonathan-on-i-samuel","Targum Jonathan on I Samuel","tok-64de99d213a9","שְׁעִיעֵי","שעיעי","Unresolved","","No lexical entry yet","true","1","Targum Jonathan on I Samuel 17:40"
"targum-jonathan-on-i-samuel","Targum Jonathan on I Samuel","tok-8912c0687e38","שַׁפִּיר","שפיר","Unresolved","","No lexical entry yet","true","4","Targum Jonathan on I Samuel 9:2; Targum Jonathan on I Samuel 16:18; Targum Jonathan on I Samuel 17:42; Targum Jonathan on I Samuel 25:36"
"targum-jonathan-on-i-samuel","Targum Jonathan on I Samuel","tok-b23603b99891","שַׁפִּירַיָא","שפיריא","Unresolved","","No lexical entry yet","true","1","Targum Jonathan on I Samuel 8:16"
"targum-jonathan-on-i-samuel","Targum Jonathan on I Samuel","tok-68c59fe5cd80","שְׁפַר","שפר","Unresolved","","No lexical entry yet","true","2","Targum Jonathan on I Samuel 15:9; Targum Jonathan on I Samuel 15:15"
"targum-jonathan-on-i-samuel","Targum Jonathan on I Samuel","tok-965fcaf6b6d3","שָׁקָא","שקא","Unresolved","","No lexical entry yet","true","1","Targum Jonathan on I Samuel 9:24"
"targum-jonathan-on-i-samuel","Targum Jonathan on I Samuel","tok-2ed1aa9f8142","שְׁקִיפֵי","שקיפי","Unresolved","","No lexical entry yet","true","1","Targum Jonathan on I Samuel 24:3"
"targum-jonathan-on-i-samuel","Targum Jonathan on I Samuel","tok-c063daa2eae5","שְׁקַרְתְּ","שקרת","Unresolved","","No lexical entry yet","true","1","Targum Jonathan on I Samuel 28:12"
"targum-jonathan-on-i-samuel","Targum Jonathan on I Samuel","tok-c9fca51608dd","שַׁקַרְתְּ","שקרת","Unresolved","","No lexical entry yet","true","1","Targum Jonathan on I Samuel 19:17"
"targum-jonathan-on-i-samuel","Targum Jonathan on I Samuel","tok-fa94e334fae7","שְׁקַרְתּוּן","שקרתונ","Unresolved","","No lexical entry yet","true","1","Targum Jonathan on I Samuel 14:33"
"targum-jonathan-on-i-samuel","Targum Jonathan on I Samuel","tok-93a6240a5c6c","שְׁרָא","שרא","Unresolved","","No lexical entry yet","true","1","Targum Jonathan on I Samuel 26:5"
"targum-jonathan-on-i-samuel","Targum Jonathan on I Samuel","tok-1ae3b795cce6","שְׁרוֹ","שרו","Unresolved","","No lexical entry yet","true","2","Targum Jonathan on I Samuel 4:1; Targum Jonathan on I Samuel 13:16"
"targum-jonathan-on-i-samuel","Targum Jonathan on I Samuel","tok-4fe6d00b2e69","שָׁרוֹן","שרונ","Unresolved","","No lexical entry yet","true","1","Targum Jonathan on I Samuel 7:11"
"targum-jonathan-on-i-samuel","Targum Jonathan on I Samuel","tok-e20e1bf5d1cb","שַׁרְיָא","שריא","Unresolved","","No lexical entry yet","true","2","Targum Jonathan on I Samuel 4:4; Targum Jonathan on I Samuel 16:23"
"targum-jonathan-on-i-samuel","Targum Jonathan on I Samuel","tok-b8a269501df6","שְׁרִיאוּ","שריאו","Unresolved","","No lexical entry yet","true","1","Targum Jonathan on I Samuel 3:2"
"targum-jonathan-on-i-samuel","Targum Jonathan on I Samuel","tok-1ea5d381d932","שִׁרְיוֹנָא","שריונא","Unresolved","","No lexical entry yet","true","1","Targum Jonathan on I Samuel 17:5"
"targum-jonathan-on-i-samuel","Targum Jonathan on I Samuel","tok-0467e4d581fb","שַׁרְיוּתָךְ","שריותכ","Unresolved","","No lexical entry yet","true","1","Targum Jonathan on I Samuel 15:17"
"targum-jonathan-on-i-samuel","Targum Jonathan on I Samuel","tok-8bb8f98f3885","שִׁרְיָנָא","שרינא","Unresolved","","No lexical entry yet","true","1","Targum Jonathan on I Samuel 17:38"
"targum-jonathan-on-i-samuel","Targum Jonathan on I Samuel","tok-ba7f4be87b66","שְׁרִיתִי","שריתי","Unresolved","","No lexical entry yet","true","1","Targum Jonathan on I Samuel 22:15"
"targum-jonathan-on-i-samuel","Targum Jonathan on I Samuel","tok-ee2fc7cda4cd","שָׁרָן","שרנ","Unresolved","","No lexical entry yet","true","4","Targum Jonathan on I Samuel 25:15; Targum Jonathan on I Samuel 26:5; Targum Jonathan on I Samuel 26:7; Targum Jonathan on I Samuel 29:1"
"targum-jonathan-on-i-samuel","Targum Jonathan on I Samuel","tok-1d6e27bed413","שִׁתָּא","שתא","Unresolved","","No lexical entry yet","true","1","Targum Jonathan on I Samuel 17:4"
"targum-jonathan-on-i-samuel","Targum Jonathan on I Samuel","tok-350af86f06ce","שָׁתָא","שתא","Unresolved","","No lexical entry yet","true","1","Targum Jonathan on I Samuel 30:12"
"targum-jonathan-on-i-samuel","Targum Jonathan on I Samuel","tok-46aa4e9559df","תָאִיב","תאיב","Unresolved","","No lexical entry yet","true","1","Targum Jonathan on I Samuel 15:29"
"targum-jonathan-on-i-samuel","Targum Jonathan on I Samuel","tok-ec0bdbfdd6dc","תַב","תב","Unresolved","","No lexical entry yet","true","1","Targum Jonathan on I Samuel 15:11"
"targum-jonathan-on-i-samuel","Targum Jonathan on I Samuel","tok-6b2cdd39c1f4","תַּב","תב","Unresolved","","No lexical entry yet","true","5","Targum Jonathan on I Samuel 15:35; Targum Jonathan on I Samuel 17:57; Targum Jonathan on I Samuel 18:6; Targum Jonathan on I Samuel 24:2; Targum Jonathan on I Samuel 26:25"
"targum-jonathan-on-i-samuel","Targum Jonathan on I Samuel","tok-d70f09f65a4a","תַּבְאֲשׁוּן","תבאשונ","Unresolved","","No lexical entry yet","true","1","Targum Jonathan on I Samuel 12:25"
"targum-jonathan-on-i-samuel","Targum Jonathan on I Samuel","tok-1a9eee5f9010","תָּבוּ","תבו","Unresolved","","No lexical entry yet","true","3","Targum Jonathan on I Samuel 2:5; Targum Jonathan on I Samuel 14:21"
"targum-jonathan-on-i-samuel","Targum Jonathan on I Samuel","tok-d078beeec309","תְּבִיר","תביר","Unresolved","","No lexical entry yet","true","1","Targum Jonathan on I Samuel 4:13"
"targum-jonathan-on-i-samuel","Targum Jonathan on I Samuel","tok-86bbfb72888c","תָּבֵית","תבית","Unresolved","","No lexical entry yet","true","1","Targum Jonathan on I Samuel 15:11"
"targum-jonathan-on-i-samuel","Targum Jonathan on I Samuel","tok-14cdcd4abae3","תַּבְרֵיהּ","תבריה","Unresolved","","No lexical entry yet","true","1","Targum Jonathan on I Samuel 14:16"
"targum-jonathan-on-i-samuel","Targum Jonathan on I Samuel","tok-0b12263149fa","תַבְּרָנָא","תברנא","Unresolved","","No lexical entry yet","true","1","Targum Jonathan on I Samuel 4:3"
"targum-jonathan-on-i-samuel","Targum Jonathan on I Samuel","tok-79ec24a25dde","תַּדְבֵיק","תדביק","Unresolved","","No lexical entry yet","true","1","Targum Jonathan on I Samuel 30:8"
"targum-jonathan-on-i-samuel","Targum Jonathan on I Samuel","tok-5c9a3042d20c","תִדְחַל","תדחל","Unresolved","","No lexical entry yet","true","2","Targum Jonathan on I Samuel 22:23; Targum Jonathan on I Samuel 23:17"
"targum-jonathan-on-i-samuel","Targum Jonathan on I Samuel","tok-cbf6a317f3d5","תִּדְחֲלוּ","תדחלו","Unresolved","","No lexical entry yet","true","1","Targum Jonathan on I Samuel 12:14"
"targum-jonathan-on-i-samuel","Targum Jonathan on I Samuel","tok-85984bd2eb75","תִדְחֲלוּן","תדחלונ","Unresolved","","No lexical entry yet","true","1","Targum Jonathan on I Samuel 12:20"
"targum-jonathan-on-i-samuel","Targum Jonathan on I Samuel","tok-480f0ce95efd","תִדְחֲלִין","תדחלינ","Unresolved","","No lexical entry yet","true","2","Targum Jonathan on I Samuel 4:20; Targum Jonathan on I Samuel 28:13"
"targum-jonathan-on-i-samuel","Targum Jonathan on I Samuel","tok-900873734a42","תְּהוֹן","תהונ","Unresolved","","No lexical entry yet","true","2","Targum Jonathan on I Samuel 8:17; Targum Jonathan on I Samuel 14:40"
"targum-jonathan-on-i-samuel","Targum Jonathan on I Samuel","tok-f9c2c1162a7d","תְּהַךְ","תהכ","Unresolved","","No lexical entry yet","true","1","Targum Jonathan on I Samuel 10:5"
"targum-jonathan-on-i-samuel","Targum Jonathan on I Samuel","tok-656ff72c3de3","תּוּב","תוב","Unresolved","","No lexical entry yet","true","4","Targum Jonathan on I Samuel 3:5; Targum Jonathan on I Samuel 3:6; Targum Jonathan on I Samuel 26:21; Targum Jonathan on I Samuel 29:7"
"targum-jonathan-on-i-samuel","Targum Jonathan on I Samuel","tok-e1de1509b7a7","תּוֹבֵיל","תוביל","Unresolved","","No lexical entry yet","true","1","Targum Jonathan on I Samuel 17:18"
"targum-jonathan-on-i-samuel","Targum Jonathan on I Samuel","tok-8ce64db1de84","תּוֹחוּ","תוחו","Unresolved","","No lexical entry yet","true","1","Targum Jonathan on I Samuel 1:1"
"targum-jonathan-on-i-samuel","Targum Jonathan on I Samuel","tok-50ee2202e68d","תּוּקְפָא","תוקפא","Unresolved","","No lexical entry yet","true","1","Targum Jonathan on I Samuel 2:10"
"targum-jonathan-on-i-samuel","Targum Jonathan on I Samuel","tok-5f9827005ae1","תּוֹרָא","תורא","Unresolved","","No lexical entry yet","true","2","Targum Jonathan on I Samuel 1:25; Targum Jonathan on I Samuel 12:3"
"targum-jonathan-on-i-samuel","Targum Jonathan on I Samuel","tok-7dcb16fa6f2d","תּוֹרַיָא","תוריא","Unresolved","","No lexical entry yet","true","4","Targum Jonathan on I Samuel 11:5; Targum Jonathan on I Samuel 11:7; Targum Jonathan on I Samuel 14:14; Targum Jonathan on I Samuel 15:14"
"targum-jonathan-on-i-samuel","Targum Jonathan on I Samuel","tok-958dacadcf6b","תּוֹרֵיהּ","תוריה","Unresolved","","No lexical entry yet","true","2","Targum Jonathan on I Samuel 14:34"
"targum-jonathan-on-i-samuel","Targum Jonathan on I Samuel","tok-a7de71f25ff5","תּוֹרִיךְ","תוריכ","Unresolved","","No lexical entry yet","true","1","Targum Jonathan on I Samuel 10:8"
"targum-jonathan-on-i-samuel","Targum Jonathan on I Samuel","tok-db5eaa7e6cd2","תוֹרִין","תורינ","Unresolved","","No lexical entry yet","true","1","Targum Jonathan on I Samuel 14:32"
"targum-jonathan-on-i-samuel","Targum Jonathan on I Samuel","tok-e090f9b3d25c","תּוֹרִין","תורינ","Unresolved","","No lexical entry yet","true","1","Targum Jonathan on I Samuel 16:2"
"targum-jonathan-on-i-samuel","Targum Jonathan on I Samuel","tok-35a55a2ab3c9","תּוֹרָן","תורנ","Unresolved","","No lexical entry yet","true","2","Targum Jonathan on I Samuel 6:7; Targum Jonathan on I Samuel 6:10"
"targum-jonathan-on-i-samuel","Targum Jonathan on I Samuel","tok-3e635f46f39a","תּוֹרָתָא","תורתא","Unresolved","","No lexical entry yet","true","3","Targum Jonathan on I Samuel 6:7; Targum Jonathan on I Samuel 6:12; Targum Jonathan on I Samuel 6:14"
"targum-jonathan-on-i-samuel","Targum Jonathan on I Samuel","tok-e1754bb74d5b","תְחַבְּלִינֵיהּ","תחבליניה","Unresolved","","No lexical entry yet","true","1","Targum Jonathan on I Samuel 26:9"
"targum-jonathan-on-i-samuel","Targum Jonathan on I Samuel","tok-3294053e475f","תְחוֹבוּן","תחובונ","Unresolved","","No lexical entry yet","true","1","Targum Jonathan on I Samuel 14:34"
"targum-jonathan-on-i-samuel","Targum Jonathan on I Samuel","tok-d00c6812e6f9","תְּחוּמָא","תחומא","Unresolved","","No lexical entry yet","true","1","Targum Jonathan on I Samuel 13:18"
"targum-jonathan-on-i-samuel","Targum Jonathan on I Samuel","tok-e8fdbe9900b9","תְּחוּמָהָא","תחומהא","Unresolved","","No lexical entry yet","true","1","Targum Jonathan on I Samuel 5:6"
"targum-jonathan-on-i-samuel","Targum Jonathan on I Samuel","tok-dc143f46014b","תְּחוּמֵיהּ","תחומיה","Unresolved","","No lexical entry yet","true","1","Targum Jonathan on I Samuel 6:9"
"targum-jonathan-on-i-samuel","Targum Jonathan on I Samuel","tok-4545a7190e3e","תְּחוּמֵיהוֹן","תחומיהונ","Unresolved","","No lexical entry yet","true","1","Targum Jonathan on I Samuel 7:14"
"targum-jonathan-on-i-samuel","Targum Jonathan on I Samuel","tok-b579fef1942f","תְחוּס","תחוס","Unresolved","","No lexical entry yet","true","1","Targum Jonathan on I Samuel 15:3"
"targum-jonathan-on-i-samuel","Targum Jonathan on I Samuel","tok-f784aea5147c","תְּחוֹת","תחות","Unresolved","","No lexical entry yet","true","4","Targum Jonathan on I Samuel 21:4; Targum Jonathan on I Samuel 21:9; Targum Jonathan on I Samuel 22:6; Targum Jonathan on I Samuel 31:13"
"targum-jonathan-on-i-samuel","Targum Jonathan on I Samuel","tok-82a4fc8beafc","תִּיב","תיב","Unresolved","","No lexical entry yet","true","1","Targum Jonathan on I Samuel 22:23"
"targum-jonathan-on-i-samuel","Targum Jonathan on I Samuel","tok-352f862e61b0","תֵּיבוּתָא","תיבותא","Unresolved","","No lexical entry yet","true","2","Targum Jonathan on I Samuel 6:11; Targum Jonathan on I Samuel 6:15"
"targum-jonathan-on-i-samuel","Targum Jonathan on I Samuel","tok-fe6dcdd936af","תַּיְבִין","תיבינ","Unresolved","","No lexical entry yet","true","1","Targum Jonathan on I Samuel 7:3"
"targum-jonathan-on-i-samuel","Targum Jonathan on I Samuel","tok-ce23190039df","תֵיזֵיל","תיזיל","Unresolved","","No lexical entry yet","true","1","Targum Jonathan on I Samuel 28:22"
"targum-jonathan-on-i-samuel","Targum Jonathan on I Samuel","tok-74a526ee170f","תֵיכְלִי","תיכלי","Unresolved","","No lexical entry yet","true","1","Targum Jonathan on I Samuel 1:8"
"targum-jonathan-on-i-samuel","Targum Jonathan on I Samuel","tok-effb34594fd1","תֵּימַר","תימר","Unresolved","","No lexical entry yet","true","2","Targum Jonathan on I Samuel 2:1; Targum Jonathan on I Samuel 15:29"
"targum-jonathan-on-i-samuel","Targum Jonathan on I Samuel","tok-0de221403272","תֵּימְרוּן","תימרונ","Unresolved","","No lexical entry yet","true","2","Targum Jonathan on I Samuel 11:9; Targum Jonathan on I Samuel 18:25"
"targum-jonathan-on-i-samuel","Targum Jonathan on I Samuel","tok-bd5dc79264cd","תִּיקַר","תיקר","Unresolved","","No lexical entry yet","true","1","Targum Jonathan on I Samuel 26:24"
"targum-jonathan-on-i-samuel","Targum Jonathan on I Samuel","tok-e41fbfc45da6","תְיַקְרִין","תיקרינ","Unresolved","","No lexical entry yet","true","1","Targum Jonathan on I Samuel 6:6"
"targum-jonathan-on-i-samuel","Targum Jonathan on I Samuel","tok-af514793d149","תַּיְתֵי","תיתי","Unresolved","","No lexical entry yet","true","1","Targum Jonathan on I Samuel 17:18"
"targum-jonathan-on-i-samuel","Targum Jonathan on I Samuel","tok-b1de3e1a6133","תַּכְבְּרָא","תכברא","Unresolved","","No lexical entry yet","true","1","Targum Jonathan on I Samuel 25:18"
"targum-jonathan-on-i-samuel","Targum Jonathan on I Samuel","tok-fca3c66e9dd8","תִכּוּל","תכול","Unresolved","","No lexical entry yet","true","1","Targum Jonathan on I Samuel 17:33"
"targum-jonathan-on-i-samuel","Targum Jonathan on I Samuel","tok-598637082102","תַכְלִים","תכלימ","Unresolved","","No lexical entry yet","true","1","Targum Jonathan on I Samuel 1:16"
"targum-jonathan-on-i-samuel","Targum Jonathan on I Samuel","tok-5b0899dea6fd","תְּכַסֵי","תכסי","Unresolved","","No lexical entry yet","true","2","Targum Jonathan on I Samuel 3:17"
"targum-jonathan-on-i-samuel","Targum Jonathan on I Samuel","tok-757cd8279436","תְלִיתָאָה","תליתאה","Unresolved","","No lexical entry yet","true","2","Targum Jonathan on I Samuel 20:5; Targum Jonathan on I Samuel 30:1"
"targum-jonathan-on-i-samuel","Targum Jonathan on I Samuel","tok-54f7e392e611","תְּלִיתָאָה","תליתאה","Unresolved","","No lexical entry yet","true","1","Targum Jonathan on I Samuel 20:12"
"targum-jonathan-on-i-samuel","Targum Jonathan on I Samuel","tok-6e7b2ba0ff0c","תְּלִיתָאִין","תליתאינ","Unresolved","","No lexical entry yet","true","1","Targum Jonathan on I Samuel 19:21"
"targum-jonathan-on-i-samuel","Targum Jonathan on I Samuel","tok-4096a6915cba","תְּלַת","תלת","Unresolved","","No lexical entry yet","true","5","Targum Jonathan on I Samuel 2:13; Targum Jonathan on I Samuel 10:3; Targum Jonathan on I Samuel 11:8; Targum Jonathan on I Samuel 13:21; Targum Jonathan on I Samuel 20:41"
"targum-jonathan-on-i-samuel","Targum Jonathan on I Samuel","tok-4ec8adda3509","תְּלָתָא","תלתא","Unresolved","","No lexical entry yet","true","17","Targum Jonathan on I Samuel 1:24; Targum Jonathan on I Samuel 2:21; Targum Jonathan on I Samuel 9:20; Targum Jonathan on I Samuel 10:3; Targum Jonathan on I Samuel 11:11"
"targum-jonathan-on-i-samuel","Targum Jonathan on I Samuel","tok-c305901f34f9","תְּלָתִין","תלתינ","Unresolved","","No lexical entry yet","true","3","Targum Jonathan on I Samuel 4:10; Targum Jonathan on I Samuel 11:8; Targum Jonathan on I Samuel 13:5"
"targum-jonathan-on-i-samuel","Targum Jonathan on I Samuel","tok-e9a806cf4359","תְמוּת","תמות","Unresolved","","No lexical entry yet","true","1","Targum Jonathan on I Samuel 20:2"
"targum-jonathan-on-i-samuel","Targum Jonathan on I Samuel","tok-e01fc3e85196","תְּמוּת","תמות","Unresolved","","No lexical entry yet","true","2","Targum Jonathan on I Samuel 14:44; Targum Jonathan on I Samuel 22:16"
"targum-jonathan-on-i-samuel","Targum Jonathan on I Samuel","tok-ad200c51757a","תִּמְלוֹךְ","תמלוכ","Unresolved","","No lexical entry yet","true","2","Targum Jonathan on I Samuel 23:17; Targum Jonathan on I Samuel 26:25"
"targum-jonathan-on-i-samuel","Targum Jonathan on I Samuel","tok-0bfb1142a675","תְּמָלֵי","תמלי","Unresolved","","No lexical entry yet","true","1","Targum Jonathan on I Samuel 20:27"
"targum-jonathan-on-i-samuel","Targum Jonathan on I Samuel","tok-494d5b7259d2","תִּמְלַךְ","תמלכ","Unresolved","","No lexical entry yet","true","1","Targum Jonathan on I Samuel 24:21"
"targum-jonathan-on-i-samuel","Targum Jonathan on I Samuel","tok-676393da868f","תַמָן","תמנ","Unresolved","","No lexical entry yet","true","15","Targum Jonathan on I Samuel 6:14; Targum Jonathan on I Samuel 7:6; Targum Jonathan on I Samuel 7:17; Targum Jonathan on I Samuel 9:6; Targum Jonathan on I Samuel 11:15"
"targum-jonathan-on-i-samuel","Targum Jonathan on I Samuel","tok-f4db502f8c54","תַּמָן","תמנ","Unresolved","","No lexical entry yet","true","17","Targum Jonathan on I Samuel 1:22; Targum Jonathan on I Samuel 1:28; Targum Jonathan on I Samuel 2:2; Targum Jonathan on I Samuel 2:14; Targum Jonathan on I Samuel 5:11"
"targum-jonathan-on-i-samuel","Targum Jonathan on I Samuel","tok-d3e834dc6708","תָמָן","תמנ","Unresolved","","No lexical entry yet","true","1","Targum Jonathan on I Samuel 26:5"
"targum-jonathan-on-i-samuel","Targum Jonathan on I Samuel","tok-6e9d73fd7da6","תְּמַנֵי","תמני","Unresolved","","No lexical entry yet","true","1","Targum Jonathan on I Samuel 10:19"
"targum-jonathan-on-i-samuel","Targum Jonathan on I Samuel","tok-f03095c88a82","תְּמַנְיָא","תמניא","Unresolved","","No lexical entry yet","true","1","Targum Jonathan on I Samuel 17:12"
"targum-jonathan-on-i-samuel","Targum Jonathan on I Samuel","tok-7467ca514fe7","תַּמְנָן","תמננ","Unresolved","","No lexical entry yet","true","1","Targum Jonathan on I Samuel 22:18"
"targum-jonathan-on-i-samuel","Targum Jonathan on I Samuel","tok-490762f13044","תִמְסְרִינַנִי","תמסרינני","Unresolved","","No lexical entry yet","true","1","Targum Jonathan on I Samuel 30:15"
"targum-jonathan-on-i-samuel","Targum Jonathan on I Samuel","tok-4dc87a21ae3b","תְנוּחַ","תנוח","Unresolved","","No lexical entry yet","true","1","Targum Jonathan on I Samuel 6:3"
"targum-jonathan-on-i-samuel","Targum Jonathan on I Samuel","tok-08d503655241","תָּנוּחַ","תנוח","Unresolved","","No lexical entry yet","true","1","Targum Jonathan on I Samuel 6:5"
"targum-jonathan-on-i-samuel","Targum Jonathan on I Samuel","tok-c4a061373e4a","תִּנְיֵיתָא","תנייתא","Unresolved","","No lexical entry yet","true","1","Targum Jonathan on I Samuel 1:2"
"targum-jonathan-on-i-samuel","Targum Jonathan on I Samuel","tok-926bd3c1efd3","תִּנְיָנָא","תנינא","Unresolved","","No lexical entry yet","true","2","Targum Jonathan on I Samuel 20:27; Targum Jonathan on I Samuel 20:34"
"targum-jonathan-on-i-samuel","Targum Jonathan on I Samuel","tok-08d5f3420a64","תִּנְיָנֵיהּ","תניניה","Unresolved","","No lexical entry yet","true","1","Targum Jonathan on I Samuel 8:2"
"targum-jonathan-on-i-samuel","Targum Jonathan on I Samuel","tok-d983298a4495","תִּסַב","תסב","Unresolved","","No lexical entry yet","true","2","Targum Jonathan on I Samuel 16:2; Targum Jonathan on I Samuel 21:10"
"targum-jonathan-on-i-samuel","Targum Jonathan on I Samuel","tok-ed74936bdc89","תִסְגוּן","תסגונ","Unresolved","","No lexical entry yet","true","1","Targum Jonathan on I Samuel 2:3"
"targum-jonathan-on-i-samuel","Targum Jonathan on I Samuel","tok-14f70e502987","תַסְהִיד","תסהיד","Unresolved","","No lexical entry yet","true","1","Targum Jonathan on I Samuel 8:9"
"targum-jonathan-on-i-samuel","Targum Jonathan on I Samuel","tok-93dbe012e0d2","תִסְטוּן","תסטונ","Unresolved","","No lexical entry yet","true","2","Targum Jonathan on I Samuel 12:20; Targum Jonathan on I Samuel 12:21"
"targum-jonathan-on-i-samuel","Targum Jonathan on I Samuel","tok-bccd8e3c7c54","תַּסְעַר","תסער","Unresolved","","No lexical entry yet","true","1","Targum Jonathan on I Samuel 17:18"
"targum-jonathan-on-i-samuel","Targum Jonathan on I Samuel","tok-e7d0302dd6fa","תְסָרְבוּן","תסרבונ","Unresolved","","No lexical entry yet","true","1","Targum Jonathan on I Samuel 12:14"
"targum-jonathan-on-i-samuel","Targum Jonathan on I Samuel","tok-d13fdb6b6676","תִסְתַּכֵּל","תסתכל","Unresolved","","No lexical entry yet","true","1","Targum Jonathan on I Samuel 16:7"
"targum-jonathan-on-i-samuel","Targum Jonathan on I Samuel","tok-76774e4ab9b4","תַעְבְּדוּן","תעבדונ","Unresolved","","No lexical entry yet","true","1","Targum Jonathan on I Samuel 2:23"
"targum-jonathan-on-i-samuel","Targum Jonathan on I Samuel","tok-1d0af958b24e","תַעַבְדוּן","תעבדונ","Unresolved","","No lexical entry yet","true","1","Targum Jonathan on I Samuel 30:23"
"targum-jonathan-on-i-samuel","Targum Jonathan on I Samuel","tok-4b63d086b6f1","תַעְבְּדִין","תעבדינ","Unresolved","","No lexical entry yet","true","1","Targum Jonathan on I Samuel 25:17"
"targum-jonathan-on-i-samuel","Targum Jonathan on I Samuel","tok-36f08dedd8d9","תַעְבֵיד","תעביד","Unresolved","","No lexical entry yet","true","1","Targum Jonathan on I Samuel 29:7"
"targum-jonathan-on-i-samuel","Targum Jonathan on I Samuel","tok-92ff86b4b4bf","תַעְבֵּיד","תעביד","Unresolved","","No lexical entry yet","true","1","Targum Jonathan on I Samuel 20:14"
"targum-jonathan-on-i-samuel","Targum Jonathan on I Samuel","tok-a1fad9bab7f8","תַּעֵילִינַנִי","תעילינני","Unresolved","","No lexical entry yet","true","1","Targum Jonathan on I Samuel 20:8"
"targum-jonathan-on-i-samuel","Targum Jonathan on I Samuel","tok-6b07a2a75ad4","תַעֲנֵי","תעני","Unresolved","","No lexical entry yet","true","1","Targum Jonathan on I Samuel 26:14"
"targum-jonathan-on-i-samuel","Targum Jonathan on I Samuel","tok-465c50a21061","תִּפּוֹק","תפוק","Unresolved","","No lexical entry yet","true","2","Targum Jonathan on I Samuel 24:14; Targum Jonathan on I Samuel 28:1"
"targum-jonathan-on-i-samuel","Targum Jonathan on I Samuel","tok-b4e4904be705","תְפִיגִין","תפיגינ","Unresolved","","No lexical entry yet","true","1","Targum Jonathan on I Samuel 1:14"
"targum-jonathan-on-i-samuel","Targum Jonathan on I Samuel","tok-54200757e883","תִפְלְחוּן","תפלחונ","Unresolved","","No lexical entry yet","true","1","Targum Jonathan on I Samuel 12:21"
"targum-jonathan-on-i-samuel","Targum Jonathan on I Samuel","tok-a0e80210f829","תִפְסוֹק","תפסוק","Unresolved","","No lexical entry yet","true","1","Targum Jonathan on I Samuel 24:22"
"targum-jonathan-on-i-samuel","Targum Jonathan on I Samuel","tok-1a78669b4300","תַפְסִיק","תפסיק","Unresolved","","No lexical entry yet","true","1","Targum Jonathan on I Samuel 20:15"
"targum-jonathan-on-i-samuel","Targum Jonathan on I Samuel","tok-3a17cc96091f","תִפְקוּן","תפקונ","Unresolved","","No lexical entry yet","true","1","Targum Jonathan on I Samuel 17:8"
"targum-jonathan-on-i-samuel","Targum Jonathan on I Samuel","tok-ed5729828951","תַּפְקֵידְתָּא","תפקידתא","Unresolved","","No lexical entry yet","true","1","Targum Jonathan on I Samuel 13:13"
"targum-jonathan-on-i-samuel","Targum Jonathan on I Samuel","tok-82bc5ac2b310","תְּצְדֵי","תצדי","Unresolved","","No lexical entry yet","true","1","Targum Jonathan on I Samuel 2:5"
"targum-jonathan-on-i-samuel","Targum Jonathan on I Samuel","tok-bf3519e11392","תַּצְלַח","תצלח","Unresolved","","No lexical entry yet","true","1","Targum Jonathan on I Samuel 26:25"
"targum-jonathan-on-i-samuel","Targum Jonathan on I Samuel","tok-60850b464b57","תְקַבְּלוּן","תקבלונ","Unresolved","","No lexical entry yet","true","1","Targum Jonathan on I Samuel 12:15"
"targum-jonathan-on-i-samuel","Targum Jonathan on I Samuel","tok-d9c9f4682885","תְּקוֹף","תקופ","Unresolved","","No lexical entry yet","true","3","Targum Jonathan on I Samuel 2:1; Targum Jonathan on I Samuel 2:31"
"targum-jonathan-on-i-samuel","Targum Jonathan on I Samuel","tok-0b8e7f6b8a7e","תִקְטְלִינַנִי","תקטלינני","Unresolved","","No lexical entry yet","true","1","Targum Jonathan on I Samuel 30:15"
"targum-jonathan-on-i-samuel","Targum Jonathan on I Samuel","tok-450d27d901ec","תַקִין","תקינ","Unresolved","","No lexical entry yet","true","1","Targum Jonathan on I Samuel 29:9"
"targum-jonathan-on-i-samuel","Targum Jonathan on I Samuel","tok-752804c9eb8e","תַקֵין","תקינ","Unresolved","","No lexical entry yet","true","2","Targum Jonathan on I Samuel 26:16; Targum Jonathan on I Samuel 29:6"
"targum-jonathan-on-i-samuel","Targum Jonathan on I Samuel","tok-332e1b987062","תַּקִין","תקינ","Unresolved","","No lexical entry yet","true","2","Targum Jonathan on I Samuel 9:10; Targum Jonathan on I Samuel 16:6"
"targum-jonathan-on-i-samuel","Targum Jonathan on I Samuel","tok-eac03fb854b8","תַקִיפָא","תקיפא","Unresolved","","No lexical entry yet","true","1","Targum Jonathan on I Samuel 26:12"
"targum-jonathan-on-i-samuel","Targum Jonathan on I Samuel","tok-11ec27c3bd8a","תַּקִיפָא","תקיפא","Unresolved","","No lexical entry yet","true","1","Targum Jonathan on I Samuel 14:52"
"targum-jonathan-on-i-samuel","Targum Jonathan on I Samuel","tok-cc9c6373e7b7","תְקִיפַת","תקיפת","Unresolved","","No lexical entry yet","true","1","Targum Jonathan on I Samuel 5:7"
"targum-jonathan-on-i-samuel","Targum Jonathan on I Samuel","tok-b42111b8d12f","תְּקֵיפַת","תקיפת","Unresolved","","No lexical entry yet","true","1","Targum Jonathan on I Samuel 5:11"
"targum-jonathan-on-i-samuel","Targum Jonathan on I Samuel","tok-9f1e054e7ffc","תִקְלֵי","תקלי","Unresolved","","No lexical entry yet","true","1","Targum Jonathan on I Samuel 17:7"
"targum-jonathan-on-i-samuel","Targum Jonathan on I Samuel","tok-b6768ce9864e","תִּקְלֵי","תקלי","Unresolved","","No lexical entry yet","true","1","Targum Jonathan on I Samuel 17:5"
"targum-jonathan-on-i-samuel","Targum Jonathan on I Samuel","tok-3df7b355cbf1","תַקְנָא","תקנא","Unresolved","","No lexical entry yet","true","1","Targum Jonathan on I Samuel 2:24"
"targum-jonathan-on-i-samuel","Targum Jonathan on I Samuel","tok-aeb8e3e5d943","תַּקְנָא","תקנא","Unresolved","","No lexical entry yet","true","1","Targum Jonathan on I Samuel 12:23"
"targum-jonathan-on-i-samuel","Targum Jonathan on I Samuel","tok-98629beda2a3","תַּקָנָא","תקנא","Unresolved","","No lexical entry yet","true","1","Targum Jonathan on I Samuel 24:20"
"targum-jonathan-on-i-samuel","Targum Jonathan on I Samuel","tok-554175d5aff8","תַקְנִין","תקנינ","Unresolved","","No lexical entry yet","true","1","Targum Jonathan on I Samuel 20:12"
"targum-jonathan-on-i-samuel","Targum Jonathan on I Samuel","tok-62980410cf90","תַּקְנִין","תקנינ","Unresolved","","No lexical entry yet","true","3","Targum Jonathan on I Samuel 19:3; Targum Jonathan on I Samuel 19:4"
"targum-jonathan-on-i-samuel","Targum Jonathan on I Samuel","tok-84faf1d263dc","תָּקַע","תקע","Unresolved","","No lexical entry yet","true","1","Targum Jonathan on I Samuel 13:3"
"targum-jonathan-on-i-samuel","Targum Jonathan on I Samuel","tok-37dac5677495","תִּקְרוֹבְתָּא","תקרובתא","Unresolved","","No lexical entry yet","true","1","Targum Jonathan on I Samuel 25:27"
"targum-jonathan-on-i-samuel","Targum Jonathan on I Samuel","tok-dfebe26ab426","תַּרְבָּא","תרבא","Unresolved","","No lexical entry yet","true","1","Targum Jonathan on I Samuel 2:15"
"targum-jonathan-on-i-samuel","Targum Jonathan on I Samuel","tok-2b92c06576c0","תַּרְבַּיָא","תרביא","Unresolved","","No lexical entry yet","true","1","Targum Jonathan on I Samuel 2:16"
"targum-jonathan-on-i-samuel","Targum Jonathan on I Samuel","tok-a260dc70f345","תַרְוֵיהוֹן","תרויהונ","Unresolved","","No lexical entry yet","true","3","Targum Jonathan on I Samuel 9:26; Targum Jonathan on I Samuel 14:11; Targum Jonathan on I Samuel 23:18"
"targum-jonathan-on-i-samuel","Targum Jonathan on I Samuel","tok-7f2765dcd5b2","תַּרְוֵיהוֹן","תרויהונ","Unresolved","","No lexical entry yet","true","3","Targum Jonathan on I Samuel 2:34; Targum Jonathan on I Samuel 20:11; Targum Jonathan on I Samuel 25:43"
"targum-jonathan-on-i-samuel","Targum Jonathan on I Samuel","tok-9c595ec4c506","תַרְוֵינָא","תרוינא","Unresolved","","No lexical entry yet","true","1","Targum Jonathan on I Samuel 20:42"
"targum-jonathan-on-i-samuel","Targum Jonathan on I Samuel","tok-f33bc4ed26e7","תַרְחִיק","תרחיק","Unresolved","","No lexical entry yet","true","1","Targum Jonathan on I Samuel 1:11"
"targum-jonathan-on-i-samuel","Targum Jonathan on I Samuel","tok-b6d7ad61269c","תָרֵיכוּנִי","תריכוני","Unresolved","","No lexical entry yet","true","1","Targum Jonathan on I Samuel 26:19"
"targum-jonathan-on-i-samuel","Targum Jonathan on I Samuel","tok-279396c91fc3","תְּרֵין","תרינ","Unresolved","","No lexical entry yet","true","8","Targum Jonathan on I Samuel 1:3; Targum Jonathan on I Samuel 2:34; Targum Jonathan on I Samuel 4:4; Targum Jonathan on I Samuel 4:17; Targum Jonathan on I Samuel 10:2"
"targum-jonathan-on-i-samuel","Targum Jonathan on I Samuel","tok-620b71a69b83","תְּרֵיסָא","תריסא","Unresolved","","No lexical entry yet","true","2","Targum Jonathan on I Samuel 17:7; Targum Jonathan on I Samuel 17:41"
"targum-jonathan-on-i-samuel","Targum Jonathan on I Samuel","tok-55206b551fef","תַרְעָא","תרעא","Unresolved","","No lexical entry yet","true","2","Targum Jonathan on I Samuel 9:18; Targum Jonathan on I Samuel 21:14"
"targum-jonathan-on-i-samuel","Targum Jonathan on I Samuel","tok-f78d5fdc37d0","תַּרְעָא","תרעא","Unresolved","","No lexical entry yet","true","2","Targum Jonathan on I Samuel 4:13; Targum Jonathan on I Samuel 4:18"
"targum-jonathan-on-i-samuel","Targum Jonathan on I Samuel","tok-74e6e8f92550","תַּרְעֵי","תרעי","Unresolved","","No lexical entry yet","true","1","Targum Jonathan on I Samuel 17:52"
"targum-jonathan-on-i-samuel","Targum Jonathan on I Samuel","tok-d67aefca276b","תַּרְתֵּין","תרתינ","Unresolved","","No lexical entry yet","true","7","Targum Jonathan on I Samuel 1:2; Targum Jonathan on I Samuel 3:11; Targum Jonathan on I Samuel 6:10; Targum Jonathan on I Samuel 10:4; Targum Jonathan on I Samuel 14:49"
"targum-jonathan-on-i-samuel","Targum Jonathan on I Samuel","tok-93259bc7a3b6","תְּשַׁווּן","תשוונ","Unresolved","","No lexical entry yet","true","1","Targum Jonathan on I Samuel 6:8"
"targum-jonathan-on-i-samuel","Targum Jonathan on I Samuel","tok-a1c37aa6b611","תְשַׁוֵי","תשוי","Unresolved","","No lexical entry yet","true","1","Targum Jonathan on I Samuel 9:20"
"targum-jonathan-on-i-samuel","Targum Jonathan on I Samuel","tok-118134e540dd","תְּשֵׁיזֵיב","תשיזיב","Unresolved","","No lexical entry yet","true","1","Targum Jonathan on I Samuel 30:8"
"targum-jonathan-on-i-samuel","Targum Jonathan on I Samuel","tok-b9d44a52bef9","תְשֵׁיצֵי","תשיצי","Unresolved","","No lexical entry yet","true","1","Targum Jonathan on I Samuel 24:22"
"targum-jonathan-on-i-samuel","Targum Jonathan on I Samuel","tok-8ccf469f58a0","תִשְׁכְּחוּן","תשכחונ","Unresolved","","No lexical entry yet","true","1","Targum Jonathan on I Samuel 9:13"
"targum-jonathan-on-i-samuel","Targum Jonathan on I Samuel","tok-8e23b0dcf9e6","תִּשְׁכְּחוּן","תשכחונ","Unresolved","","No lexical entry yet","true","1","Targum Jonathan on I Samuel 9:13"
"targum-jonathan-on-i-samuel","Targum Jonathan on I Samuel","tok-8cb4da05cb8b","תַשְׁכְּחִינָךְ","תשכחינכ","Unresolved","","No lexical entry yet","true","1","Targum Jonathan on I Samuel 23:17"
"targum-jonathan-on-i-samuel","Targum Jonathan on I Samuel","tok-597283e511a7","תְשַׁלְחוּן","תשלחונ","Unresolved","","No lexical entry yet","true","1","Targum Jonathan on I Samuel 6:3"
"targum-jonathan-on-i-samuel","Targum Jonathan on I Samuel","tok-881bc6e10524","תִּשְׁעִין","תשעינ","Unresolved","","No lexical entry yet","true","1","Targum Jonathan on I Samuel 4:15"
"targum-jonathan-on-i-samuel","Targum Jonathan on I Samuel","tok-7acc620751b5","תִשְׁרֵי","תשרי","Unresolved","","No lexical entry yet","true","1","Targum Jonathan on I Samuel 16:16"
"targum-jonathan-on-i-samuel","Targum Jonathan on I Samuel","tok-41a93533e821","תִּשְׁתֵּיצוּן","תשתיצונ","Unresolved","","No lexical entry yet","true","1","Targum Jonathan on I Samuel 12:25"
"targum-jonathan-on-i-samuel","Targum Jonathan on I Samuel","tok-e87a837f02f1","תַשְׁתִּיק","תשתיק","Unresolved","","No lexical entry yet","true","1","Targum Jonathan on I Samuel 7:8"
"targum-jonathan-on-i-samuel","Targum Jonathan on I Samuel","tok-4b0a813c4194","תִּשְׁתַּעְבְּדוּן","תשתעבדונ","Unresolved","","No lexical entry yet","true","1","Targum Jonathan on I Samuel 4:9"
"targum-jonathan-on-i-samuel","Targum Jonathan on I Samuel","tok-80ba5e501b1d","תִתֵּב","תתב","Unresolved","","No lexical entry yet","true","1","Targum Jonathan on I Samuel 22:5"
"targum-jonathan-on-i-samuel","Targum Jonathan on I Samuel","tok-a18d012590ad","תִּתְבָּעֵי","תתבעי","Unresolved","","No lexical entry yet","true","1","Targum Jonathan on I Samuel 20:19"
"targum-jonathan-on-i-samuel","Targum Jonathan on I Samuel","tok-47048c2cd21a","תִּתְחַיֵב","תתחיב","Unresolved","","No lexical entry yet","true","1","Targum Jonathan on I Samuel 19:5"
"targum-jonathan-on-i-samuel","Targum Jonathan on I Samuel","tok-be0d41831a90","תִּתְחַתֵּן","תתחתנ","Unresolved","","No lexical entry yet","true","1","Targum Jonathan on I Samuel 18:21"
"targum-jonathan-on-i-samuel","Targum Jonathan on I Samuel","tok-b5224672303a","תְּתִיבוּן","תתיבונ","Unresolved","","No lexical entry yet","true","1","Targum Jonathan on I Samuel 6:3"
"targum-jonathan-on-i-samuel","Targum Jonathan on I Samuel","tok-2a84bc9a8a7b","תִּתְכַּל","תתכל","Unresolved","","No lexical entry yet","true","1","Targum Jonathan on I Samuel 15:33"
"targum-jonathan-on-i-samuel","Targum Jonathan on I Samuel","tok-d499b9447e21","תִּתָּסוּן","תתסונ","Unresolved","","No lexical entry yet","true","1","Targum Jonathan on I Samuel 6:3"
"targum-jonathan-on-i-samuel","Targum Jonathan on I Samuel","tok-96c3002293c0","תִתְעַכֵּב","תתעכב","Unresolved","","No lexical entry yet","true","1","Targum Jonathan on I Samuel 20:38"
"targum-jonathan-on-i-samuel","Targum Jonathan on I Samuel","tok-dbabc438342c","תִתְקַיֵם","תתקימ","Unresolved","","No lexical entry yet","true","1","Targum Jonathan on I Samuel 13:14"
"targum-jonathan-on-i-samuel","Targum Jonathan on I Samuel","tok-1f0fdfa074c1","תִתְקַן","תתקנ","Unresolved","","No lexical entry yet","true","1","Targum Jonathan on I Samuel 20:31"
