"work_id","work_title","token_index_id","surface_word","normalized_word","status","strict_renderings","notes","not_a_translation","occurrence_count","example_refs"
"tosefta-zevachim","Tosefta Zevachim","tok-414caa3c18d8","א׳","א׳","Unresolved","","No lexical entry yet","true","5","Tosefta Zevachim 1:8; Tosefta Zevachim 3:3; Tosefta Zevachim 4:1; Tosefta Zevachim 8:7; Tosefta Zevachim 13:6"
"tosefta-zevachim","Tosefta Zevachim","tok-e1e596de0a8e","א״א","א״א","Unresolved","","No lexical entry yet","true","1","Tosefta Zevachim 5:4"
"tosefta-zevachim","Tosefta Zevachim","tok-91640bffb655","א״ל","א״ל","Unresolved","","No lexical entry yet","true","5","Tosefta Zevachim 1:6; Tosefta Zevachim 2:4; Tosefta Zevachim 7:5"
"tosefta-zevachim","Tosefta Zevachim","tok-02bbfdc05189","א״ר","א״ר","Unresolved","","No lexical entry yet","true","1","Tosefta Zevachim 8:7"
"tosefta-zevachim","Tosefta Zevachim","tok-b5cdfe4bad45","אבא","אבא","Unresolved","","No lexical entry yet","true","4","Tosefta Zevachim 7:3; Tosefta Zevachim 9:2; Tosefta Zevachim 10:3; Tosefta Zevachim 11:7"
"tosefta-zevachim","Tosefta Zevachim","tok-52d11981a445","אבדתי","אבדתי","Unresolved","","No lexical entry yet","true","1","Tosefta Zevachim 2:4"
"tosefta-zevachim","Tosefta Zevachim","tok-dea0e4d8836b","אבית","אבית","Unresolved","","No lexical entry yet","true","1","Tosefta Zevachim 7:5"
"tosefta-zevachim","Tosefta Zevachim","tok-6c5e6f7fd16d","אברי","אברי","Unresolved","","No lexical entry yet","true","2","Tosefta Zevachim 8:5"
"tosefta-zevachim","Tosefta Zevachim","tok-e02fff895684","אברין","אברינ","Unresolved","","No lexical entry yet","true","1","Tosefta Zevachim 9:3"
"tosefta-zevachim","Tosefta Zevachim","tok-f89aa39ba61e","אגרוף","אגרופ","Unresolved","","No lexical entry yet","true","1","Tosefta Zevachim 11:7"
"tosefta-zevachim","Tosefta Zevachim","tok-17b3c1225670","אויתיה","אויתיה","Unresolved","","No lexical entry yet","true","1","Tosefta Zevachim 13:9"
"tosefta-zevachim","Tosefta Zevachim","tok-93857882772c","אוכל","אוכל","Unresolved","","No lexical entry yet","true","6","Tosefta Zevachim 6:5; Tosefta Zevachim 6:8; Tosefta Zevachim 11:2"
"tosefta-zevachim","Tosefta Zevachim","tok-162e3a6595cb","אוכלים","אוכלימ","Unresolved","","No lexical entry yet","true","1","Tosefta Zevachim 2:2"
"tosefta-zevachim","Tosefta Zevachim","tok-762121fecd84","אונן","אוננ","Unresolved","","No lexical entry yet","true","2","Tosefta Zevachim 11:1; Tosefta Zevachim 11:2"
"tosefta-zevachim","Tosefta Zevachim","tok-cf112dc16b15","אורך","אורכ","Unresolved","","No lexical entry yet","true","2","Tosefta Zevachim 6:1"
"tosefta-zevachim","Tosefta Zevachim","tok-fefe0c63218e","אחורי","אחורי","Unresolved","","No lexical entry yet","true","1","Tosefta Zevachim 7:1"
"tosefta-zevachim","Tosefta Zevachim","tok-fb8439919d76","אחרת","אחרת","Unresolved","","No lexical entry yet","true","3","Tosefta Zevachim 8:2; Tosefta Zevachim 8:3; Tosefta Zevachim 12:5"
"tosefta-zevachim","Tosefta Zevachim","tok-7eef05b77d08","איזהו","איזהו","Unresolved","","No lexical entry yet","true","4","Tosefta Zevachim 1:4; Tosefta Zevachim 6:1; Tosefta Zevachim 13:4"
"tosefta-zevachim","Tosefta Zevachim","tok-208969ec9ebc","אילי","אילי","Unresolved","","No lexical entry yet","true","1","Tosefta Zevachim 1:3"
"tosefta-zevachim","Tosefta Zevachim","tok-4a5c88420e8e","אילים","אילימ","Unresolved","","No lexical entry yet","true","3","Tosefta Zevachim 1:3"
"tosefta-zevachim","Tosefta Zevachim","tok-8ddea9bef25d","אימורי","אימורי","Unresolved","","No lexical entry yet","true","1","Tosefta Zevachim 10:1"
"tosefta-zevachim","Tosefta Zevachim","tok-d73d94139c21","אימוריו","אימוריו","Unresolved","","No lexical entry yet","true","7","Tosefta Zevachim 2:1"
"tosefta-zevachim","Tosefta Zevachim","tok-6055192f4b0e","אימורין","אימורינ","Unresolved","","No lexical entry yet","true","9","Tosefta Zevachim 3:5; Tosefta Zevachim 5:3; Tosefta Zevachim 9:4"
"tosefta-zevachim","Tosefta Zevachim","tok-7b069a0ea970","אימתי","אימתי","Unresolved","","No lexical entry yet","true","1","Tosefta Zevachim 10:3"
"tosefta-zevachim","Tosefta Zevachim","tok-0a79e3793524","איני","איני","Unresolved","","No lexical entry yet","true","1","Tosefta Zevachim 5:1"
"tosefta-zevachim","Tosefta Zevachim","tok-434be4d9b2c6","איסור","איסור","Unresolved","","No lexical entry yet","true","8","Tosefta Zevachim 13:4; Tosefta Zevachim 13:6"
"tosefta-zevachim","Tosefta Zevachim","tok-4c29c7a2b1de","אכילה","אכילה","Unresolved","","No lexical entry yet","true","4","Tosefta Zevachim 2:3; Tosefta Zevachim 2:4; Tosefta Zevachim 10:4"
"tosefta-zevachim","Tosefta Zevachim","tok-dc2616d209dc","אכילתן","אכילתנ","Unresolved","","No lexical entry yet","true","8","Tosefta Zevachim 6:7; Tosefta Zevachim 10:4; Tosefta Zevachim 10:6"
"tosefta-zevachim","Tosefta Zevachim","tok-14faa0f4fec6","אכריע","אכריע","Unresolved","","No lexical entry yet","true","1","Tosefta Zevachim 8:10"
"tosefta-zevachim","Tosefta Zevachim","tok-95a7697fd7a7","אליעזר","אליעזר","Unresolved","","No lexical entry yet","true","28","Tosefta Zevachim 1:1; Tosefta Zevachim 1:5; Tosefta Zevachim 2:4; Tosefta Zevachim 4:1; Tosefta Zevachim 4:2"
"tosefta-zevachim","Tosefta Zevachim","tok-8366550c29d1","אלעאי","אלעאי","Unresolved","","No lexical entry yet","true","1","Tosefta Zevachim 2:4"
"tosefta-zevachim","Tosefta Zevachim","tok-a6caea2f5aa0","אלעזר","אלעזר","Unresolved","","No lexical entry yet","true","21","Tosefta Zevachim 1:5; Tosefta Zevachim 2:2; Tosefta Zevachim 2:4; Tosefta Zevachim 5:3; Tosefta Zevachim 6:1"
"tosefta-zevachim","Tosefta Zevachim","tok-7c3025bb7cf1","אמורה","אמורה","Unresolved","","No lexical entry yet","true","1","Tosefta Zevachim 1:6"
"tosefta-zevachim","Tosefta Zevachim","tok-5bf1a10e3494","אמוריו","אמוריו","Unresolved","","No lexical entry yet","true","5","Tosefta Zevachim 2:4; Tosefta Zevachim 3:1"
"tosefta-zevachim","Tosefta Zevachim","tok-3afa4a8765a4","אמורים","אמורימ","Unresolved","","No lexical entry yet","true","4","Tosefta Zevachim 4:4; Tosefta Zevachim 5:4; Tosefta Zevachim 8:9"
"tosefta-zevachim","Tosefta Zevachim","tok-abda7cb5cb84","אמות","אמות","Unresolved","","No lexical entry yet","true","3","Tosefta Zevachim 6:5; Tosefta Zevachim 7:1"
"tosefta-zevachim","Tosefta Zevachim","tok-1dd13b89634f","אמש","אמש","Unresolved","","No lexical entry yet","true","3","Tosefta Zevachim 10:3; Tosefta Zevachim 10:4"
"tosefta-zevachim","Tosefta Zevachim","tok-0109ab82af48","אסור","אסור","Unresolved","","No lexical entry yet","true","9","Tosefta Zevachim 11:5; Tosefta Zevachim 11:6; Tosefta Zevachim 13:6"
"tosefta-zevachim","Tosefta Zevachim","tok-e32a91a30cea","אסורות","אסורות","Unresolved","","No lexical entry yet","true","1","Tosefta Zevachim 13:2"
"tosefta-zevachim","Tosefta Zevachim","tok-ccd80fd26c80","אסורין","אסורינ","Unresolved","","No lexical entry yet","true","5","Tosefta Zevachim 11:5; Tosefta Zevachim 11:6"
"tosefta-zevachim","Tosefta Zevachim","tok-24bdd3f0a164","אסי","אסי","Unresolved","","No lexical entry yet","true","1","Tosefta Zevachim 2:4"
"tosefta-zevachim","Tosefta Zevachim","tok-cda4ccf1e621","אצבע","אצבע","Unresolved","","No lexical entry yet","true","2","Tosefta Zevachim 1:5"
"tosefta-zevachim","Tosefta Zevachim","tok-468089d21493","אצבעו","אצבעו","Unresolved","","No lexical entry yet","true","1","Tosefta Zevachim 6:4"
"tosefta-zevachim","Tosefta Zevachim","tok-58b1283c5110","אצבעותיו","אצבעותיו","Unresolved","","No lexical entry yet","true","3","Tosefta Zevachim 7:2"
"tosefta-zevachim","Tosefta Zevachim","tok-082c9f9f9c62","אקפח","אקפח","Unresolved","","No lexical entry yet","true","1","Tosefta Zevachim 1:6"
"tosefta-zevachim","Tosefta Zevachim","tok-a26556d4ba15","אראנו","אראנו","Unresolved","","No lexical entry yet","true","1","Tosefta Zevachim 11:1"
"tosefta-zevachim","Tosefta Zevachim","tok-1b3b79581688","ארבעה","ארבעה","Unresolved","","No lexical entry yet","true","1","Tosefta Zevachim 10:1"
"tosefta-zevachim","Tosefta Zevachim","tok-000b53e73f6f","ארבעים","ארבעימ","Unresolved","","No lexical entry yet","true","2","Tosefta Zevachim 4:4; Tosefta Zevachim 13:3"
"tosefta-zevachim","Tosefta Zevachim","tok-bd4a94f151bb","אשם","אשמ","Unresolved","","No lexical entry yet","true","16","Tosefta Zevachim 1:1; Tosefta Zevachim 1:2; Tosefta Zevachim 7:5; Tosefta Zevachim 8:2; Tosefta Zevachim 12:4"
"tosefta-zevachim","Tosefta Zevachim","tok-0b31b3b51400","אשמה","אשמה","Unresolved","","No lexical entry yet","true","1","Tosefta Zevachim 1:1"
"tosefta-zevachim","Tosefta Zevachim","tok-145076eee70d","אשמו","אשמו","Unresolved","","No lexical entry yet","true","4","Tosefta Zevachim 1:7; Tosefta Zevachim 5:1; Tosefta Zevachim 8:2"
"tosefta-zevachim","Tosefta Zevachim","tok-df55f7a3dd34","אשריכם","אשריכמ","Unresolved","","No lexical entry yet","true","1","Tosefta Zevachim 2:4"
"tosefta-zevachim","Tosefta Zevachim","tok-ae1834cea131","אתנן","אתננ","Unresolved","","No lexical entry yet","true","1","Tosefta Zevachim 7:6"
"tosefta-zevachim","Tosefta Zevachim","tok-cf75118dd461","ב״ה","ב״ה","Unresolved","","No lexical entry yet","true","3","Tosefta Zevachim 4:4"
"tosefta-zevachim","Tosefta Zevachim","tok-6e4f87e7c359","ב״ש","ב״ש","Unresolved","","No lexical entry yet","true","2","Tosefta Zevachim 4:4"
"tosefta-zevachim","Tosefta Zevachim","tok-392dafc9a354","באברי","באברי","Unresolved","","No lexical entry yet","true","2","Tosefta Zevachim 8:5"
"tosefta-zevachim","Tosefta Zevachim","tok-5dcce7a8b152","באהל","באהל","Unresolved","","No lexical entry yet","true","5","Tosefta Zevachim 13:5"
"tosefta-zevachim","Tosefta Zevachim","tok-0c3d4b7318f7","באזהרה","באזהרה","Unresolved","","No lexical entry yet","true","1","Tosefta Zevachim 12:8"
"tosefta-zevachim","Tosefta Zevachim","tok-b6eaa45b4159","באחת","באחת","Unresolved","","No lexical entry yet","true","1","Tosefta Zevachim 8:2"
"tosefta-zevachim","Tosefta Zevachim","tok-a7bdce3d75a1","באיל","באיל","Unresolved","","No lexical entry yet","true","1","Tosefta Zevachim 8:5"
"tosefta-zevachim","Tosefta Zevachim","tok-438a7f9e01ca","באימורי","באימורי","Unresolved","","No lexical entry yet","true","8","Tosefta Zevachim 4:2; Tosefta Zevachim 4:3"
"tosefta-zevachim","Tosefta Zevachim","tok-fbf1da4dc29f","באכילה","באכילה","Unresolved","","No lexical entry yet","true","1","Tosefta Zevachim 10:3"
"tosefta-zevachim","Tosefta Zevachim","tok-362bde026bf4","באכילתן","באכילתנ","Unresolved","","No lexical entry yet","true","1","Tosefta Zevachim 10:4"
"tosefta-zevachim","Tosefta Zevachim","tok-7b0b231365d0","באצבע","באצבע","Unresolved","","No lexical entry yet","true","4","Tosefta Zevachim 1:7; Tosefta Zevachim 1:8"
"tosefta-zevachim","Tosefta Zevachim","tok-512ae3bde2bf","בארבעה","בארבעה","Unresolved","","No lexical entry yet","true","2","Tosefta Zevachim 3:3; Tosefta Zevachim 8:14"
"tosefta-zevachim","Tosefta Zevachim","tok-33751394e6d5","באשם","באשמ","Unresolved","","No lexical entry yet","true","3","Tosefta Zevachim 1:1; Tosefta Zevachim 1:2"
"tosefta-zevachim","Tosefta Zevachim","tok-8a0d6304249d","באתם","באתמ","Unresolved","","No lexical entry yet","true","1","Tosefta Zevachim 13:9"
"tosefta-zevachim","Tosefta Zevachim","tok-c4bd8c6b9b39","באתנן","באתננ","Unresolved","","No lexical entry yet","true","4","Tosefta Zevachim 8:1; Tosefta Zevachim 8:5; Tosefta Zevachim 8:7"
"tosefta-zevachim","Tosefta Zevachim","tok-ef99adaa4ff4","בבכורות","בבכורות","Unresolved","","No lexical entry yet","true","1","Tosefta Zevachim 13:2"
"tosefta-zevachim","Tosefta Zevachim","tok-9552118f18e8","בבלול","בבלול","Unresolved","","No lexical entry yet","true","3","Tosefta Zevachim 8:7"
"tosefta-zevachim","Tosefta Zevachim","tok-cc1fb800ef66","בבמה","בבמה","Unresolved","","No lexical entry yet","true","24","Tosefta Zevachim 9:2; Tosefta Zevachim 13:4; Tosefta Zevachim 13:5; Tosefta Zevachim 13:7; Tosefta Zevachim 13:8"
"tosefta-zevachim","Tosefta Zevachim","tok-e7b8ec84cd2f","בבמת","בבמת","Unresolved","","No lexical entry yet","true","3","Tosefta Zevachim 13:5"
"tosefta-zevachim","Tosefta Zevachim","tok-7da35fb7571e","בבעלים","בבעלימ","Unresolved","","No lexical entry yet","true","3","Tosefta Zevachim 1:2; Tosefta Zevachim 12:6"
"tosefta-zevachim","Tosefta Zevachim","tok-bc5f9958b83f","בבשרה","בבשרה","Unresolved","","No lexical entry yet","true","1","Tosefta Zevachim 11:4"
"tosefta-zevachim","Tosefta Zevachim","tok-617f21c8ce4b","בגבבא","בגבבא","Unresolved","","No lexical entry yet","true","1","Tosefta Zevachim 11:8"
"tosefta-zevachim","Tosefta Zevachim","tok-eac8d2788a0b","בגופה","בגופה","Unresolved","","No lexical entry yet","true","3","Tosefta Zevachim 12:6"
"tosefta-zevachim","Tosefta Zevachim","tok-93eee4581fde","בגלגל","בגלגל","Unresolved","","No lexical entry yet","true","4","Tosefta Zevachim 13:4"
"tosefta-zevachim","Tosefta Zevachim","tok-c77d2ddb8fc6","בד״א","בד״א","Unresolved","","No lexical entry yet","true","3","Tosefta Zevachim 4:4; Tosefta Zevachim 6:5; Tosefta Zevachim 8:4"
"tosefta-zevachim","Tosefta Zevachim","tok-177a57365e88","בדמה","בדמה","Unresolved","","No lexical entry yet","true","1","Tosefta Zevachim 8:2"
"tosefta-zevachim","Tosefta Zevachim","tok-2488c4803b0b","בדמי","בדמי","Unresolved","","No lexical entry yet","true","8","Tosefta Zevachim 8:1; Tosefta Zevachim 8:2; Tosefta Zevachim 8:3"
"tosefta-zevachim","Tosefta Zevachim","tok-cd8324c137a5","בדמים","בדמימ","Unresolved","","No lexical entry yet","true","2","Tosefta Zevachim 4:4; Tosefta Zevachim 6:3"
"tosefta-zevachim","Tosefta Zevachim","tok-b06fed7ff188","בדק","בדק","Unresolved","","No lexical entry yet","true","1","Tosefta Zevachim 5:4"
"tosefta-zevachim","Tosefta Zevachim","tok-8f42d8e2c1fa","בדרום","בדרומ","Unresolved","","No lexical entry yet","true","4","Tosefta Zevachim 6:2; Tosefta Zevachim 6:5; Tosefta Zevachim 7:5"
"tosefta-zevachim","Tosefta Zevachim","tok-581df580d4ee","בהזאה","בהזאה","Unresolved","","No lexical entry yet","true","3","Tosefta Zevachim 10:7"
"tosefta-zevachim","Tosefta Zevachim","tok-2e896a791b46","בהילוך","בהילוכ","Unresolved","","No lexical entry yet","true","2","Tosefta Zevachim 1:4"
"tosefta-zevachim","Tosefta Zevachim","tok-cdd8fc2b5f79","בהין","בהינ","Unresolved","","No lexical entry yet","true","2","Tosefta Zevachim 1:8"
"tosefta-zevachim","Tosefta Zevachim","tok-b14e50c86cde","בהלוך","בהלוכ","Unresolved","","No lexical entry yet","true","1","Tosefta Zevachim 4:4"
"tosefta-zevachim","Tosefta Zevachim","tok-0c95b9119046","בהפרשה","בהפרשה","Unresolved","","No lexical entry yet","true","1","Tosefta Zevachim 10:2"
"tosefta-zevachim","Tosefta Zevachim","tok-6a4e7464bfd1","בהקרבה","בהקרבה","Unresolved","","No lexical entry yet","true","2","Tosefta Zevachim 10:2; Tosefta Zevachim 10:3"
"tosefta-zevachim","Tosefta Zevachim","tok-711c3652a804","בזבחים","בזבחימ","Unresolved","","No lexical entry yet","true","1","Tosefta Zevachim 8:1"
"tosefta-zevachim","Tosefta Zevachim","tok-97a931a33bba","בזיכי","בזיכי","Unresolved","","No lexical entry yet","true","1","Tosefta Zevachim 12:3"
"tosefta-zevachim","Tosefta Zevachim","tok-5a99e6f98e29","בזמנו","בזמנו","Unresolved","","No lexical entry yet","true","2","Tosefta Zevachim 1:1"
"tosefta-zevachim","Tosefta Zevachim","tok-0707deb0d158","בזריקה","בזריקה","Unresolved","","No lexical entry yet","true","2","Tosefta Zevachim 4:1; Tosefta Zevachim 4:4"
"tosefta-zevachim","Tosefta Zevachim","tok-55216fd6bbd1","בחג","בחג","Unresolved","","No lexical entry yet","true","2","Tosefta Zevachim 12:4"
"tosefta-zevachim","Tosefta Zevachim","tok-6ba259e1a31e","בחולין","בחולינ","Unresolved","","No lexical entry yet","true","2","Tosefta Zevachim 8:1; Tosefta Zevachim 8:4"
"tosefta-zevachim","Tosefta Zevachim","tok-126d39ba1c33","בחטאות","בחטאות","Unresolved","","No lexical entry yet","true","1","Tosefta Zevachim 10:7"
"tosefta-zevachim","Tosefta Zevachim","tok-6c57cff2ab85","בחטאת","בחטאת","Unresolved","","No lexical entry yet","true","13","Tosefta Zevachim 1:1; Tosefta Zevachim 1:2; Tosefta Zevachim 4:4; Tosefta Zevachim 6:5; Tosefta Zevachim 7:2"
"tosefta-zevachim","Tosefta Zevachim","tok-4e707f6980f9","בטלו","בטלו","Unresolved","","No lexical entry yet","true","2","Tosefta Zevachim 8:6"
"tosefta-zevachim","Tosefta Zevachim","tok-72f22e792296","בטמא","בטמא","Unresolved","","No lexical entry yet","true","6","Tosefta Zevachim 5:5; Tosefta Zevachim 5:6"
"tosefta-zevachim","Tosefta Zevachim","tok-3ad0ef05acee","בידיעה","בידיעה","Unresolved","","No lexical entry yet","true","1","Tosefta Zevachim 5:5"
"tosefta-zevachim","Tosefta Zevachim","tok-8bcb4ab8c51b","ביוצא","ביוצא","Unresolved","","No lexical entry yet","true","3","Tosefta Zevachim 5:6"
"tosefta-zevachim","Tosefta Zevachim","tok-3a59c889f06b","ביין","ביינ","Unresolved","","No lexical entry yet","true","1","Tosefta Zevachim 8:6"
"tosefta-zevachim","Tosefta Zevachim","tok-6532596b7b1f","בימין","בימינ","Unresolved","","No lexical entry yet","true","3","Tosefta Zevachim 1:8; Tosefta Zevachim 7:3"
"tosefta-zevachim","Tosefta Zevachim","tok-a32ff1aaec73","ביצי","ביצי","Unresolved","","No lexical entry yet","true","1","Tosefta Zevachim 3:5"
"tosefta-zevachim","Tosefta Zevachim","tok-ff87832ed8d8","ביריחו","ביריחו","Unresolved","","No lexical entry yet","true","1","Tosefta Zevachim 11:7"
"tosefta-zevachim","Tosefta Zevachim","tok-751e8f377950","בישל","בישל","Unresolved","","No lexical entry yet","true","1","Tosefta Zevachim 10:6"
"tosefta-zevachim","Tosefta Zevachim","tok-6df901f3ebd3","בכ״מ","בכ״מ","Unresolved","","No lexical entry yet","true","1","Tosefta Zevachim 7:2"
"tosefta-zevachim","Tosefta Zevachim","tok-dfdb1d46f2cb","בכבש","בכבש","Unresolved","","No lexical entry yet","true","1","Tosefta Zevachim 6:4"
"tosefta-zevachim","Tosefta Zevachim","tok-e27d2ad69278","בכוסות","בכוסות","Unresolved","","No lexical entry yet","true","2","Tosefta Zevachim 8:7; Tosefta Zevachim 12:5"
"tosefta-zevachim","Tosefta Zevachim","tok-84e2e9a2ed3d","בל״ת","בל״ת","Unresolved","","No lexical entry yet","true","4","Tosefta Zevachim 13:4"
"tosefta-zevachim","Tosefta Zevachim","tok-7db44ad06867","בלולה","בלולה","Unresolved","","No lexical entry yet","true","1","Tosefta Zevachim 11:4"
"tosefta-zevachim","Tosefta Zevachim","tok-75c6d4e49fb3","במאה","במאה","Unresolved","","No lexical entry yet","true","2","Tosefta Zevachim 8:7"
"tosefta-zevachim","Tosefta Zevachim","tok-17a098a5866a","במוקצה","במוקצה","Unresolved","","No lexical entry yet","true","4","Tosefta Zevachim 8:1; Tosefta Zevachim 8:5; Tosefta Zevachim 8:7"
"tosefta-zevachim","Tosefta Zevachim","tok-ba859ae1e1f3","במזבח","במזבח","Unresolved","","No lexical entry yet","true","2","Tosefta Zevachim 7:2; Tosefta Zevachim 9:5"
"tosefta-zevachim","Tosefta Zevachim","tok-56ba7eb4a6e7","במזיד","במזיד","Unresolved","","No lexical entry yet","true","1","Tosefta Zevachim 4:1"
"tosefta-zevachim","Tosefta Zevachim","tok-ae9be0b20eca","במחיר","במחיר","Unresolved","","No lexical entry yet","true","1","Tosefta Zevachim 8:7"
"tosefta-zevachim","Tosefta Zevachim","tok-ac79edf1ea7b","במי","במי","Unresolved","","No lexical entry yet","true","1","Tosefta Zevachim 13:5"
"tosefta-zevachim","Tosefta Zevachim","tok-92fa987290fb","במניקות","במניקות","Unresolved","","No lexical entry yet","true","1","Tosefta Zevachim 1:8"
"tosefta-zevachim","Tosefta Zevachim","tok-8943953a3917","במעילה","במעילה","Unresolved","","No lexical entry yet","true","1","Tosefta Zevachim 12:8"
"tosefta-zevachim","Tosefta Zevachim","tok-e1e93e514c79","במערב","במערב","Unresolved","","No lexical entry yet","true","3","Tosefta Zevachim 7:3"
"tosefta-zevachim","Tosefta Zevachim","tok-cae37d0f451f","במעשר","במעשר","Unresolved","","No lexical entry yet","true","2","Tosefta Zevachim 5:2; Tosefta Zevachim 10:1"
"tosefta-zevachim","Tosefta Zevachim","tok-3986832590ba","במקצת","במקצת","Unresolved","","No lexical entry yet","true","1","Tosefta Zevachim 10:7"
"tosefta-zevachim","Tosefta Zevachim","tok-ccc34195fc73","במריקה","במריקה","Unresolved","","No lexical entry yet","true","3","Tosefta Zevachim 10:7"
"tosefta-zevachim","Tosefta Zevachim","tok-9d6ea4206260","במשכן","במשכנ","Unresolved","","No lexical entry yet","true","4","Tosefta Zevachim 13:4"
"tosefta-zevachim","Tosefta Zevachim","tok-b977aefd9a83","במתו","במתו","Unresolved","","No lexical entry yet","true","1","Tosefta Zevachim 13:5"
"tosefta-zevachim","Tosefta Zevachim","tok-f20e88eceff5","במתן","במתנ","Unresolved","","No lexical entry yet","true","2","Tosefta Zevachim 8:10"
"tosefta-zevachim","Tosefta Zevachim","tok-8d6b4e4be0f9","במתנה","במתנה","Unresolved","","No lexical entry yet","true","6","Tosefta Zevachim 1:5; Tosefta Zevachim 8:10"
"tosefta-zevachim","Tosefta Zevachim","tok-ef19811e03bd","בנוב","בנוב","Unresolved","","No lexical entry yet","true","4","Tosefta Zevachim 13:4"
"tosefta-zevachim","Tosefta Zevachim","tok-038c019c4769","בנותר","בנותר","Unresolved","","No lexical entry yet","true","3","Tosefta Zevachim 5:5"
"tosefta-zevachim","Tosefta Zevachim","tok-660fc3a45786","בניתנין","בניתנינ","Unresolved","","No lexical entry yet","true","3","Tosefta Zevachim 8:8; Tosefta Zevachim 8:10; Tosefta Zevachim 8:11"
"tosefta-zevachim","Tosefta Zevachim","tok-412fbcc07c03","בנעשה","בנעשה","Unresolved","","No lexical entry yet","true","2","Tosefta Zevachim 5:3"
"tosefta-zevachim","Tosefta Zevachim","tok-bb97c2f30c73","בסכין","בסכינ","Unresolved","","No lexical entry yet","true","2","Tosefta Zevachim 7:3"
"tosefta-zevachim","Tosefta Zevachim","tok-3a1d51aa1a39","בספק","בספק","Unresolved","","No lexical entry yet","true","1","Tosefta Zevachim 7:5"
"tosefta-zevachim","Tosefta Zevachim","tok-17155982b375","בעולה","בעולה","Unresolved","","No lexical entry yet","true","3","Tosefta Zevachim 1:2; Tosefta Zevachim 5:5; Tosefta Zevachim 7:5"
"tosefta-zevachim","Tosefta Zevachim","tok-c02133d2b2eb","בעולות","בעולות","Unresolved","","No lexical entry yet","true","1","Tosefta Zevachim 8:9"
"tosefta-zevachim","Tosefta Zevachim","tok-2ee2141ed407","בעולת","בעולת","Unresolved","","No lexical entry yet","true","7","Tosefta Zevachim 1:2; Tosefta Zevachim 6:5; Tosefta Zevachim 7:3; Tosefta Zevachim 7:4; Tosefta Zevachim 7:5"
"tosefta-zevachim","Tosefta Zevachim","tok-ebcd5b1c7a5c","בעוף","בעופ","Unresolved","","No lexical entry yet","true","3","Tosefta Zevachim 1:8; Tosefta Zevachim 9:2; Tosefta Zevachim 12:8"
"tosefta-zevachim","Tosefta Zevachim","tok-b60d354dd05c","בעופות","בעופות","Unresolved","","No lexical entry yet","true","1","Tosefta Zevachim 10:1"
"tosefta-zevachim","Tosefta Zevachim","tok-b4119a20dc83","בעורה","בעורה","Unresolved","","No lexical entry yet","true","1","Tosefta Zevachim 11:4"
"tosefta-zevachim","Tosefta Zevachim","tok-842659fb7f50","בעורות","בעורות","Unresolved","","No lexical entry yet","true","2","Tosefta Zevachim 11:4"
"tosefta-zevachim","Tosefta Zevachim","tok-f50a4974ce18","בעזרה","בעזרה","Unresolved","","No lexical entry yet","true","4","Tosefta Zevachim 7:2; Tosefta Zevachim 8:4; Tosefta Zevachim 9:3"
"tosefta-zevachim","Tosefta Zevachim","tok-99c6e158d08a","בעלים","בעלימ","Unresolved","","No lexical entry yet","true","1","Tosefta Zevachim 11:7"
"tosefta-zevachim","Tosefta Zevachim","tok-a8e8257ec079","בעצרת","בעצרת","Unresolved","","No lexical entry yet","true","2","Tosefta Zevachim 10:3"
"tosefta-zevachim","Tosefta Zevachim","tok-1f72cf6d7f69","בערבי","בערבי","Unresolved","","No lexical entry yet","true","1","Tosefta Zevachim 11:7"
"tosefta-zevachim","Tosefta Zevachim","tok-a0add25c0197","בערבין","בערבינ","Unresolved","","No lexical entry yet","true","1","Tosefta Zevachim 11:7"
"tosefta-zevachim","Tosefta Zevachim","tok-7e74860f3dde","בערלים","בערלימ","Unresolved","","No lexical entry yet","true","4","Tosefta Zevachim 2:1; Tosefta Zevachim 2:2; Tosefta Zevachim 3:3"
"tosefta-zevachim","Tosefta Zevachim","tok-97f1ad5ff8f9","בעשה","בעשה","Unresolved","","No lexical entry yet","true","7","Tosefta Zevachim 13:4"
"tosefta-zevachim","Tosefta Zevachim","tok-9d5a161e77f8","בפיגול","בפיגול","Unresolved","","No lexical entry yet","true","3","Tosefta Zevachim 5:4; Tosefta Zevachim 5:5"
"tosefta-zevachim","Tosefta Zevachim","tok-d28bf17df8dd","בפסולי","בפסולי","Unresolved","","No lexical entry yet","true","1","Tosefta Zevachim 8:4"
"tosefta-zevachim","Tosefta Zevachim","tok-0ecf3b25cfac","בפסח","בפסח","Unresolved","","No lexical entry yet","true","5","Tosefta Zevachim 1:1; Tosefta Zevachim 4:2; Tosefta Zevachim 8:4"
"tosefta-zevachim","Tosefta Zevachim","tok-357482ea4233","בצידו","בצידו","Unresolved","","No lexical entry yet","true","1","Tosefta Zevachim 1:7"
"tosefta-zevachim","Tosefta Zevachim","tok-cf56b83f1bb3","בצידן","בצידנ","Unresolved","","No lexical entry yet","true","1","Tosefta Zevachim 1:4"
"tosefta-zevachim","Tosefta Zevachim","tok-a41151c6a927","בצפורן","בצפורנ","Unresolved","","No lexical entry yet","true","1","Tosefta Zevachim 7:2"
"tosefta-zevachim","Tosefta Zevachim","tok-7d34480b5f6a","בקבול","בקבול","Unresolved","","No lexical entry yet","true","2","Tosefta Zevachim 4:4"
"tosefta-zevachim","Tosefta Zevachim","tok-70a4176f6606","בקבלה","בקבלה","Unresolved","","No lexical entry yet","true","3","Tosefta Zevachim 1:5; Tosefta Zevachim 1:6"
"tosefta-zevachim","Tosefta Zevachim","tok-d4bc6928b807","בקדשי","בקדשי","Unresolved","","No lexical entry yet","true","7","Tosefta Zevachim 5:2; Tosefta Zevachim 5:4; Tosefta Zevachim 5:6; Tosefta Zevachim 10:7; Tosefta Zevachim 11:4"
"tosefta-zevachim","Tosefta Zevachim","tok-533fa5900951","בקדשים","בקדשימ","Unresolved","","No lexical entry yet","true","2","Tosefta Zevachim 10:6; Tosefta Zevachim 13:4"
"tosefta-zevachim","Tosefta Zevachim","tok-f3d65e8a475b","בקומץ","בקומצ","Unresolved","","No lexical entry yet","true","1","Tosefta Zevachim 12:3"
"tosefta-zevachim","Tosefta Zevachim","tok-2b7abadd3765","בקטרת","בקטרת","Unresolved","","No lexical entry yet","true","1","Tosefta Zevachim 5:2"
"tosefta-zevachim","Tosefta Zevachim","tok-acf0b04aac32","בקסווה","בקסווה","Unresolved","","No lexical entry yet","true","3","Tosefta Zevachim 1:8"
"tosefta-zevachim","Tosefta Zevachim","tok-65d651098300","בקרקעות","בקרקעות","Unresolved","","No lexical entry yet","true","1","Tosefta Zevachim 1:8"
"tosefta-zevachim","Tosefta Zevachim","tok-b109b657ef29","בקש","בקש","Unresolved","","No lexical entry yet","true","1","Tosefta Zevachim 11:8"
"tosefta-zevachim","Tosefta Zevachim","tok-e8ebfe3ad396","בר׳","בר׳","Unresolved","","No lexical entry yet","true","6","Tosefta Zevachim 7:1; Tosefta Zevachim 7:2; Tosefta Zevachim 11:4; Tosefta Zevachim 11:5; Tosefta Zevachim 11:6"
"tosefta-zevachim","Tosefta Zevachim","tok-48266c683ad3","בר״י","בר״י","Unresolved","","No lexical entry yet","true","1","Tosefta Zevachim 6:4"
"tosefta-zevachim","Tosefta Zevachim","tok-5ec21fdc0f60","בר״ש","בר״ש","Unresolved","","No lexical entry yet","true","7","Tosefta Zevachim 6:1; Tosefta Zevachim 6:4; Tosefta Zevachim 7:2; Tosefta Zevachim 11:6; Tosefta Zevachim 12:1"
"tosefta-zevachim","Tosefta Zevachim","tok-f73235c48052","בראשו","בראשו","Unresolved","","No lexical entry yet","true","1","Tosefta Zevachim 7:3"
"tosefta-zevachim","Tosefta Zevachim","tok-d778604beddd","בראשונה","בראשונה","Unresolved","","No lexical entry yet","true","1","Tosefta Zevachim 11:7"
"tosefta-zevachim","Tosefta Zevachim","tok-52387b713691","ברובה","ברובה","Unresolved","","No lexical entry yet","true","1","Tosefta Zevachim 11:8"
"tosefta-zevachim","Tosefta Zevachim","tok-58a52fb40566","ברובע","ברובע","Unresolved","","No lexical entry yet","true","4","Tosefta Zevachim 8:1; Tosefta Zevachim 8:5; Tosefta Zevachim 8:7"
"tosefta-zevachim","Tosefta Zevachim","tok-7e027afc33b0","ברוקא","ברוקא","Unresolved","","No lexical entry yet","true","1","Tosefta Zevachim 7:2"
"tosefta-zevachim","Tosefta Zevachim","tok-f2619cb979b8","ברוקה","ברוקה","Unresolved","","No lexical entry yet","true","1","Tosefta Zevachim 7:3"
"tosefta-zevachim","Tosefta Zevachim","tok-77ecf31adaf2","בשוגג","בשוגג","Unresolved","","No lexical entry yet","true","1","Tosefta Zevachim 4:1"
"tosefta-zevachim","Tosefta Zevachim","tok-fa28de7dd9cc","בשוחט","בשוחט","Unresolved","","No lexical entry yet","true","2","Tosefta Zevachim 7:5"
"tosefta-zevachim","Tosefta Zevachim","tok-57310d48ec4e","בשחיטה","בשחיטה","Unresolved","","No lexical entry yet","true","4","Tosefta Zevachim 1:4; Tosefta Zevachim 3:3; Tosefta Zevachim 4:4"
"tosefta-zevachim","Tosefta Zevachim","tok-47bc8d2ee872","בשחיטתה","בשחיטתה","Unresolved","","No lexical entry yet","true","1","Tosefta Zevachim 4:4"
"tosefta-zevachim","Tosefta Zevachim","tok-aa543728315a","בשילה","בשילה","Unresolved","","No lexical entry yet","true","3","Tosefta Zevachim 13:4"
"tosefta-zevachim","Tosefta Zevachim","tok-dd6e82597832","בשל","בשל","Unresolved","","No lexical entry yet","true","1","Tosefta Zevachim 10:6"
"tosefta-zevachim","Tosefta Zevachim","tok-8445c4535865","בשלמים","בשלמימ","Unresolved","","No lexical entry yet","true","3","Tosefta Zevachim 8:3; Tosefta Zevachim 8:9; Tosefta Zevachim 9:2"
"tosefta-zevachim","Tosefta Zevachim","tok-ade4f2df9873","בשמאל","בשמאל","Unresolved","","No lexical entry yet","true","4","Tosefta Zevachim 1:5; Tosefta Zevachim 1:8; Tosefta Zevachim 3:3; Tosefta Zevachim 7:3"
"tosefta-zevachim","Tosefta Zevachim","tok-dad18e784a04","בשמאלו","בשמאלו","Unresolved","","No lexical entry yet","true","8","Tosefta Zevachim 1:7; Tosefta Zevachim 1:8; Tosefta Zevachim 3:4; Tosefta Zevachim 8:13; Tosefta Zevachim 12:8"
"tosefta-zevachim","Tosefta Zevachim","tok-f24dfcac707e","בשמן","בשמנ","Unresolved","","No lexical entry yet","true","1","Tosefta Zevachim 11:4"
"tosefta-zevachim","Tosefta Zevachim","tok-6359cfadaef9","בשרו","בשרו","Unresolved","","No lexical entry yet","true","8","Tosefta Zevachim 2:1; Tosefta Zevachim 2:2; Tosefta Zevachim 2:4; Tosefta Zevachim 3:1"
"tosefta-zevachim","Tosefta Zevachim","tok-0e9c93c31d8e","בשתי","בשתי","Unresolved","","No lexical entry yet","true","2","Tosefta Zevachim 5:2; Tosefta Zevachim 5:5"
"tosefta-zevachim","Tosefta Zevachim","tok-0fe2d422911d","בשתיקה","בשתיקה","Unresolved","","No lexical entry yet","true","21","Tosefta Zevachim 2:2; Tosefta Zevachim 2:3; Tosefta Zevachim 3:4; Tosefta Zevachim 4:2; Tosefta Zevachim 4:3"
"tosefta-zevachim","Tosefta Zevachim","tok-edd4624e0593","בתבן","בתבנ","Unresolved","","No lexical entry yet","true","1","Tosefta Zevachim 11:8"
"tosefta-zevachim","Tosefta Zevachim","tok-37e34929c816","בתו","בתו","Unresolved","","No lexical entry yet","true","1","Tosefta Zevachim 13:8"
"tosefta-zevachim","Tosefta Zevachim","tok-de338f12f7fe","בתודות","בתודות","Unresolved","","No lexical entry yet","true","1","Tosefta Zevachim 8:9"
"tosefta-zevachim","Tosefta Zevachim","tok-9adea70e6806","בתמורתו","בתמורתו","Unresolved","","No lexical entry yet","true","1","Tosefta Zevachim 8:2"
"tosefta-zevachim","Tosefta Zevachim","tok-3eb10ea48805","בתמיד","בתמיד","Unresolved","","No lexical entry yet","true","1","Tosefta Zevachim 6:6"
"tosefta-zevachim","Tosefta Zevachim","tok-c9bf84ad1cea","בתמים","בתמימ","Unresolved","","No lexical entry yet","true","2","Tosefta Zevachim 8:7"
"tosefta-zevachim","Tosefta Zevachim","tok-e6f47e4396ec","בתמימים","בתמימימ","Unresolved","","No lexical entry yet","true","2","Tosefta Zevachim 8:5"
"tosefta-zevachim","Tosefta Zevachim","tok-ddf6c8f416f7","בתרומה","בתרומה","Unresolved","","No lexical entry yet","true","3","Tosefta Zevachim 5:5; Tosefta Zevachim 6:8"
"tosefta-zevachim","Tosefta Zevachim","tok-a9333ae719b1","ג׳","ג׳","Unresolved","","No lexical entry yet","true","1","Tosefta Zevachim 11:4"
"tosefta-zevachim","Tosefta Zevachim","tok-748ed2a07dfc","גבוהין","גבוהינ","Unresolved","","No lexical entry yet","true","1","Tosefta Zevachim 7:1"
"tosefta-zevachim","Tosefta Zevachim","tok-a3f726d760d6","גגו","גגו","Unresolved","","No lexical entry yet","true","1","Tosefta Zevachim 13:5"
"tosefta-zevachim","Tosefta Zevachim","tok-e74f15506a24","גומר","גומר","Unresolved","","No lexical entry yet","true","1","Tosefta Zevachim 11:2"
"tosefta-zevachim","Tosefta Zevachim","tok-a1bfb638dd41","גורדו","גורדו","Unresolved","","No lexical entry yet","true","1","Tosefta Zevachim 10:5"
"tosefta-zevachim","Tosefta Zevachim","tok-1d358f390f8f","גינתו","גינתו","Unresolved","","No lexical entry yet","true","1","Tosefta Zevachim 13:8"
"tosefta-zevachim","Tosefta Zevachim","tok-2a7d72f2c804","גמליאל","גמליאל","Unresolved","","No lexical entry yet","true","2","Tosefta Zevachim 9:1"
"tosefta-zevachim","Tosefta Zevachim","tok-7eebe08db874","גפיה","גפיה","Unresolved","","No lexical entry yet","true","1","Tosefta Zevachim 7:2"
"tosefta-zevachim","Tosefta Zevachim","tok-4ffc82f70d08","גרים","גרימ","Unresolved","","No lexical entry yet","true","1","Tosefta Zevachim 11:4"
"tosefta-zevachim","Tosefta Zevachim","tok-d008421e29a6","דוחה","דוחה","Unresolved","","No lexical entry yet","true","1","Tosefta Zevachim 9:2"
"tosefta-zevachim","Tosefta Zevachim","tok-5a2312b09cec","דוסתאי","דוסתאי","Unresolved","","No lexical entry yet","true","1","Tosefta Zevachim 7:3"
"tosefta-zevachim","Tosefta Zevachim","tok-5b149131737c","דופן","דופנ","Unresolved","","No lexical entry yet","true","4","Tosefta Zevachim 8:1; Tosefta Zevachim 8:5; Tosefta Zevachim 8:7; Tosefta Zevachim 9:2"
"tosefta-zevachim","Tosefta Zevachim","tok-add6a519e450","דמה","דמה","Unresolved","","No lexical entry yet","true","19","Tosefta Zevachim 2:2; Tosefta Zevachim 7:2; Tosefta Zevachim 7:3; Tosefta Zevachim 7:4; Tosefta Zevachim 8:11"
"tosefta-zevachim","Tosefta Zevachim","tok-115daf5fb682","דמו","דמו","Unresolved","","No lexical entry yet","true","14","Tosefta Zevachim 2:1; Tosefta Zevachim 2:4; Tosefta Zevachim 3:1; Tosefta Zevachim 8:14; Tosefta Zevachim 11:6"
"tosefta-zevachim","Tosefta Zevachim","tok-a022ce76ec28","דמי","דמי","Unresolved","","No lexical entry yet","true","2","Tosefta Zevachim 8:1; Tosefta Zevachim 8:2"
"tosefta-zevachim","Tosefta Zevachim","tok-fc183bc8b906","דמם","דממ","Unresolved","","No lexical entry yet","true","1","Tosefta Zevachim 8:4"
"tosefta-zevachim","Tosefta Zevachim","tok-286f801573df","דמעות","דמעות","Unresolved","","No lexical entry yet","true","1","Tosefta Zevachim 2:4"
"tosefta-zevachim","Tosefta Zevachim","tok-95e8ce1a68bb","דקה","דקה","Unresolved","","No lexical entry yet","true","1","Tosefta Zevachim 2:2"
"tosefta-zevachim","Tosefta Zevachim","tok-93fad5e7f03b","דקין","דקינ","Unresolved","","No lexical entry yet","true","1","Tosefta Zevachim 6:5"
"tosefta-zevachim","Tosefta Zevachim","tok-db768278fc4b","דרומה","דרומה","Unresolved","","No lexical entry yet","true","3","Tosefta Zevachim 6:5; Tosefta Zevachim 6:6"
"tosefta-zevachim","Tosefta Zevachim","tok-e8fc5422add0","דרומי","דרומי","Unresolved","","No lexical entry yet","true","3","Tosefta Zevachim 6:3; Tosefta Zevachim 6:4"
"tosefta-zevachim","Tosefta Zevachim","tok-b14cab616e10","דרומית","דרומית","Unresolved","","No lexical entry yet","true","4","Tosefta Zevachim 6:4; Tosefta Zevachim 6:5; Tosefta Zevachim 6:6"
"tosefta-zevachim","Tosefta Zevachim","tok-fe8a1462635e","דריסת","דריסת","Unresolved","","No lexical entry yet","true","2","Tosefta Zevachim 6:1"
"tosefta-zevachim","Tosefta Zevachim","tok-66b87c9b4e2a","דרש","דרש","Unresolved","","No lexical entry yet","true","1","Tosefta Zevachim 1:6"
"tosefta-zevachim","Tosefta Zevachim","tok-9eae78551604","ה׳","ה׳","Unresolved","","No lexical entry yet","true","5","Tosefta Zevachim 4:1; Tosefta Zevachim 7:1; Tosefta Zevachim 11:4; Tosefta Zevachim 13:6; Tosefta Zevachim 13:9"
"tosefta-zevachim","Tosefta Zevachim","tok-b9a85d190bb2","ה״ז","ה״ז","Unresolved","","No lexical entry yet","true","1","Tosefta Zevachim 9:5"
"tosefta-zevachim","Tosefta Zevachim","tok-8a30d61f4d2d","האולם","האולמ","Unresolved","","No lexical entry yet","true","1","Tosefta Zevachim 6:1"
"tosefta-zevachim","Tosefta Zevachim","tok-5872cf54b078","האמור","האמור","Unresolved","","No lexical entry yet","true","2","Tosefta Zevachim 1:6"
"tosefta-zevachim","Tosefta Zevachim","tok-13155ece92d6","האמורין","האמורינ","Unresolved","","No lexical entry yet","true","1","Tosefta Zevachim 5:6"
"tosefta-zevachim","Tosefta Zevachim","tok-09fd9248c766","הארבעים","הארבעימ","Unresolved","","No lexical entry yet","true","1","Tosefta Zevachim 5:6"
"tosefta-zevachim","Tosefta Zevachim","tok-12d550d722b9","הארון","הארונ","Unresolved","","No lexical entry yet","true","1","Tosefta Zevachim 13:8"
"tosefta-zevachim","Tosefta Zevachim","tok-29e152166b02","האשה","האשה","Unresolved","","No lexical entry yet","true","1","Tosefta Zevachim 10:2"
"tosefta-zevachim","Tosefta Zevachim","tok-3c26369fd476","האשם","האשמ","Unresolved","","No lexical entry yet","true","4","Tosefta Zevachim 1:1; Tosefta Zevachim 1:2; Tosefta Zevachim 5:1; Tosefta Zevachim 8:11"
"tosefta-zevachim","Tosefta Zevachim","tok-bbbf7d2abccc","הבדיל","הבדיל","Unresolved","","No lexical entry yet","true","1","Tosefta Zevachim 7:3"
"tosefta-zevachim","Tosefta Zevachim","tok-eea5ff14f71c","הבירה","הבירה","Unresolved","","No lexical entry yet","true","1","Tosefta Zevachim 11:8"
"tosefta-zevachim","Tosefta Zevachim","tok-25cff607f3d9","הבכור","הבכור","Unresolved","","No lexical entry yet","true","5","Tosefta Zevachim 6:6; Tosefta Zevachim 6:8; Tosefta Zevachim 8:4; Tosefta Zevachim 10:4"
"tosefta-zevachim","Tosefta Zevachim","tok-81a41044c32a","הבליעה","הבליעה","Unresolved","","No lexical entry yet","true","7","Tosefta Zevachim 7:5; Tosefta Zevachim 7:6"
"tosefta-zevachim","Tosefta Zevachim","tok-04ab65ee6ad3","הבמה","הבמה","Unresolved","","No lexical entry yet","true","6","Tosefta Zevachim 13:5; Tosefta Zevachim 13:6; Tosefta Zevachim 13:8"
"tosefta-zevachim","Tosefta Zevachim","tok-65531f1f28bc","הבמות","הבמות","Unresolved","","No lexical entry yet","true","6","Tosefta Zevachim 13:1; Tosefta Zevachim 13:2; Tosefta Zevachim 13:3"
"tosefta-zevachim","Tosefta Zevachim","tok-7e2a441212b9","הגלילי","הגלילי","Unresolved","","No lexical entry yet","true","1","Tosefta Zevachim 11:8"
"tosefta-zevachim","Tosefta Zevachim","tok-650640f52c83","הדחה","הדחה","Unresolved","","No lexical entry yet","true","2","Tosefta Zevachim 10:6"
"tosefta-zevachim","Tosefta Zevachim","tok-14d00802cfa5","הדיוט","הדיוט","Unresolved","","No lexical entry yet","true","1","Tosefta Zevachim 11:2"
"tosefta-zevachim","Tosefta Zevachim","tok-d0925a98dbb5","הדשן","הדשנ","Unresolved","","No lexical entry yet","true","5","Tosefta Zevachim 7:2; Tosefta Zevachim 7:3; Tosefta Zevachim 11:3; Tosefta Zevachim 11:8"
"tosefta-zevachim","Tosefta Zevachim","tok-0627ba7ae555","הואיל","הואיל","Unresolved","","No lexical entry yet","true","2","Tosefta Zevachim 10:1; Tosefta Zevachim 11:4"
"tosefta-zevachim","Tosefta Zevachim","tok-96485b121775","הוכשר","הוכשר","Unresolved","","No lexical entry yet","true","1","Tosefta Zevachim 1:4"
"tosefta-zevachim","Tosefta Zevachim","tok-f420c562f8a1","הופשט","הופשט","Unresolved","","No lexical entry yet","true","1","Tosefta Zevachim 10:5"
"tosefta-zevachim","Tosefta Zevachim","tok-e71fbaf0028f","הורה","הורה","Unresolved","","No lexical entry yet","true","1","Tosefta Zevachim 13:4"
"tosefta-zevachim","Tosefta Zevachim","tok-69d0553b0ea5","הורצה","הורצה","Unresolved","","No lexical entry yet","true","1","Tosefta Zevachim 11:6"
"tosefta-zevachim","Tosefta Zevachim","tok-c40fbacf7162","הותר","הותר","Unresolved","","No lexical entry yet","true","2","Tosefta Zevachim 5:5; Tosefta Zevachim 5:6"
"tosefta-zevachim","Tosefta Zevachim","tok-6ad708b40587","הותרו","הותרו","Unresolved","","No lexical entry yet","true","3","Tosefta Zevachim 5:5; Tosefta Zevachim 13:3"
"tosefta-zevachim","Tosefta Zevachim","tok-810b3d7c133d","הזבח","הזבח","Unresolved","","No lexical entry yet","true","32","Tosefta Zevachim 2:1; Tosefta Zevachim 2:2; Tosefta Zevachim 2:3; Tosefta Zevachim 2:4; Tosefta Zevachim 3:1"
"tosefta-zevachim","Tosefta Zevachim","tok-8a9098dd8623","הזבחים","הזבחימ","Unresolved","","No lexical entry yet","true","21","Tosefta Zevachim 1:1; Tosefta Zevachim 2:2; Tosefta Zevachim 2:3; Tosefta Zevachim 3:1; Tosefta Zevachim 3:2"
"tosefta-zevachim","Tosefta Zevachim","tok-f4dd20762581","הזורק","הזורק","Unresolved","","No lexical entry yet","true","2","Tosefta Zevachim 1:6; Tosefta Zevachim 5:3"
"tosefta-zevachim","Tosefta Zevachim","tok-64984c9066ae","הזיד","הזיד","Unresolved","","No lexical entry yet","true","1","Tosefta Zevachim 12:8"
"tosefta-zevachim","Tosefta Zevachim","tok-1ede3ffdf84e","הזיות","הזיות","Unresolved","","No lexical entry yet","true","2","Tosefta Zevachim 1:7"
"tosefta-zevachim","Tosefta Zevachim","tok-d1c17843506f","הזייה","הזייה","Unresolved","","No lexical entry yet","true","1","Tosefta Zevachim 6:3"
"tosefta-zevachim","Tosefta Zevachim","tok-dc16446edb71","החולין","החולינ","Unresolved","","No lexical entry yet","true","1","Tosefta Zevachim 7:2"
"tosefta-zevachim","Tosefta Zevachim","tok-0d9afc41e8fe","החזרת","החזרת","Unresolved","","No lexical entry yet","true","1","Tosefta Zevachim 2:4"
"tosefta-zevachim","Tosefta Zevachim","tok-43fd1499976e","החטאות","החטאות","Unresolved","","No lexical entry yet","true","1","Tosefta Zevachim 10:5"
"tosefta-zevachim","Tosefta Zevachim","tok-34c3119cefaa","החיצונות","החיצונות","Unresolved","","No lexical entry yet","true","1","Tosefta Zevachim 10:5"
"tosefta-zevachim","Tosefta Zevachim","tok-b0e92531754d","החלב","החלב","Unresolved","","No lexical entry yet","true","2","Tosefta Zevachim 4:2"
"tosefta-zevachim","Tosefta Zevachim","tok-9f88a83b99c1","החלבים","החלבימ","Unresolved","","No lexical entry yet","true","1","Tosefta Zevachim 4:2"
"tosefta-zevachim","Tosefta Zevachim","tok-8ae9be809c0c","הטמאים","הטמאימ","Unresolved","","No lexical entry yet","true","2","Tosefta Zevachim 4:2; Tosefta Zevachim 4:3"
"tosefta-zevachim","Tosefta Zevachim","tok-808d55414d01","היאך","היאכ","Unresolved","","No lexical entry yet","true","1","Tosefta Zevachim 12:4"
"tosefta-zevachim","Tosefta Zevachim","tok-60503c16387b","היזה","היזה","Unresolved","","No lexical entry yet","true","1","Tosefta Zevachim 7:2"
"tosefta-zevachim","Tosefta Zevachim","tok-2a5bd42d9540","היזן","היזנ","Unresolved","","No lexical entry yet","true","1","Tosefta Zevachim 1:7"
"tosefta-zevachim","Tosefta Zevachim","tok-92af97096904","היטיתה","היטיתה","Unresolved","","No lexical entry yet","true","1","Tosefta Zevachim 1:6"
"tosefta-zevachim","Tosefta Zevachim","tok-0f74b3047322","היכן","היכנ","Unresolved","","No lexical entry yet","true","5","Tosefta Zevachim 6:7; Tosefta Zevachim 10:5; Tosefta Zevachim 10:6; Tosefta Zevachim 11:3"
"tosefta-zevachim","Tosefta Zevachim","tok-b87eeb7753ef","הילוך","הילוכ","Unresolved","","No lexical entry yet","true","6","Tosefta Zevachim 1:4"
"tosefta-zevachim","Tosefta Zevachim","tok-d3e142792c16","הילוכו","הילוכו","Unresolved","","No lexical entry yet","true","2","Tosefta Zevachim 1:4"
"tosefta-zevachim","Tosefta Zevachim","tok-dd567c58b9a7","הילך","הילכ","Unresolved","","No lexical entry yet","true","9","Tosefta Zevachim 2:2; Tosefta Zevachim 10:3"
"tosefta-zevachim","Tosefta Zevachim","tok-a728245fd2c9","הימין","הימינ","Unresolved","","No lexical entry yet","true","1","Tosefta Zevachim 1:5"
"tosefta-zevachim","Tosefta Zevachim","tok-e50c18f898aa","הימנית","הימנית","Unresolved","","No lexical entry yet","true","5","Tosefta Zevachim 1:7; Tosefta Zevachim 1:8; Tosefta Zevachim 7:2"
"tosefta-zevachim","Tosefta Zevachim","tok-ab6b6c40980e","היריעה","היריעה","Unresolved","","No lexical entry yet","true","1","Tosefta Zevachim 13:2"
"tosefta-zevachim","Tosefta Zevachim","tok-5b19e0211f90","היתר","היתר","Unresolved","","No lexical entry yet","true","13","Tosefta Zevachim 13:4; Tosefta Zevachim 13:5; Tosefta Zevachim 13:6; Tosefta Zevachim 13:8"
"tosefta-zevachim","Tosefta Zevachim","tok-767b6cd5d10e","הכבש","הכבש","Unresolved","","No lexical entry yet","true","3","Tosefta Zevachim 7:3; Tosefta Zevachim 9:3; Tosefta Zevachim 10:5"
"tosefta-zevachim","Tosefta Zevachim","tok-ffd1a3b398c2","הכוסות","הכוסות","Unresolved","","No lexical entry yet","true","1","Tosefta Zevachim 8:7"
"tosefta-zevachim","Tosefta Zevachim","tok-d0b6c49c8686","הכושר","הכושר","Unresolved","","No lexical entry yet","true","6","Tosefta Zevachim 10:5; Tosefta Zevachim 10:6; Tosefta Zevachim 12:1"
"tosefta-zevachim","Tosefta Zevachim","tok-124f6bcda789","הכותל","הכותל","Unresolved","","No lexical entry yet","true","1","Tosefta Zevachim 6:1"
"tosefta-zevachim","Tosefta Zevachim","tok-17b88665e1ec","הכניס","הכניס","Unresolved","","No lexical entry yet","true","2","Tosefta Zevachim 6:2"
"tosefta-zevachim","Tosefta Zevachim","tok-627fab38cb54","הכפורים","הכפורימ","Unresolved","","No lexical entry yet","true","1","Tosefta Zevachim 4:4"
"tosefta-zevachim","Tosefta Zevachim","tok-0f8598d4d0fc","הכפורת","הכפורת","Unresolved","","No lexical entry yet","true","1","Tosefta Zevachim 7:1"
"tosefta-zevachim","Tosefta Zevachim","tok-46d1f80248de","הלוג","הלוג","Unresolved","","No lexical entry yet","true","1","Tosefta Zevachim 1:7"
"tosefta-zevachim","Tosefta Zevachim","tok-238c09cf32e6","הלחם","הלחמ","Unresolved","","No lexical entry yet","true","7","Tosefta Zevachim 5:2; Tosefta Zevachim 6:7; Tosefta Zevachim 8:2; Tosefta Zevachim 8:5; Tosefta Zevachim 10:3"
"tosefta-zevachim","Tosefta Zevachim","tok-2bfa38e3875b","הלל","הלל","Unresolved","","No lexical entry yet","true","2","Tosefta Zevachim 4:4"
"tosefta-zevachim","Tosefta Zevachim","tok-d9a321598318","הלן","הלנ","Unresolved","","No lexical entry yet","true","5","Tosefta Zevachim 4:2; Tosefta Zevachim 4:3; Tosefta Zevachim 9:2"
"tosefta-zevachim","Tosefta Zevachim","tok-640de8bbfa6c","המולק","המולק","Unresolved","","No lexical entry yet","true","2","Tosefta Zevachim 7:4"
"tosefta-zevachim","Tosefta Zevachim","tok-82e36f248166","המוצה","המוצה","Unresolved","","No lexical entry yet","true","1","Tosefta Zevachim 12:8"
"tosefta-zevachim","Tosefta Zevachim","tok-0f5361fd05ca","המוקדשין","המוקדשינ","Unresolved","","No lexical entry yet","true","1","Tosefta Zevachim 8:4"
"tosefta-zevachim","Tosefta Zevachim","tok-8c7f2e18c5be","המוקצה","המוקצה","Unresolved","","No lexical entry yet","true","2","Tosefta Zevachim 7:6; Tosefta Zevachim 9:2"
"tosefta-zevachim","Tosefta Zevachim","tok-45e47ce46f34","המורם","המורמ","Unresolved","","No lexical entry yet","true","1","Tosefta Zevachim 10:4"
"tosefta-zevachim","Tosefta Zevachim","tok-1d7bd612f892","המותר","המותר","Unresolved","","No lexical entry yet","true","1","Tosefta Zevachim 8:1"
"tosefta-zevachim","Tosefta Zevachim","tok-e2eecd2d7f1b","המזרחי","המזרחי","Unresolved","","No lexical entry yet","true","1","Tosefta Zevachim 6:1"
"tosefta-zevachim","Tosefta Zevachim","tok-ba2128c80b8a","המיומנת","המיומנת","Unresolved","","No lexical entry yet","true","1","Tosefta Zevachim 6:4"
"tosefta-zevachim","Tosefta Zevachim","tok-0c6cc24dddcc","המלח","המלח","Unresolved","","No lexical entry yet","true","1","Tosefta Zevachim 8:2"
"tosefta-zevachim","Tosefta Zevachim","tok-2ca966849853","המנחה","המנחה","Unresolved","","No lexical entry yet","true","1","Tosefta Zevachim 4:2"
"tosefta-zevachim","Tosefta Zevachim","tok-8519f1b78c92","המנסך","המנסכ","Unresolved","","No lexical entry yet","true","2","Tosefta Zevachim 12:4"
"tosefta-zevachim","Tosefta Zevachim","tok-3e848948232e","המשכן","המשכנ","Unresolved","","No lexical entry yet","true","5","Tosefta Zevachim 13:1; Tosefta Zevachim 13:2; Tosefta Zevachim 13:4"
"tosefta-zevachim","Tosefta Zevachim","tok-d7ca83855576","המתיר","המתיר","Unresolved","","No lexical entry yet","true","8","Tosefta Zevachim 2:2; Tosefta Zevachim 7:4; Tosefta Zevachim 7:5"
"tosefta-zevachim","Tosefta Zevachim","tok-253990f20aa0","המתנה","המתנה","Unresolved","","No lexical entry yet","true","1","Tosefta Zevachim 8:9"
"tosefta-zevachim","Tosefta Zevachim","tok-95979abdba82","המתנות","המתנות","Unresolved","","No lexical entry yet","true","3","Tosefta Zevachim 6:3; Tosefta Zevachim 6:4; Tosefta Zevachim 6:6"
"tosefta-zevachim","Tosefta Zevachim","tok-b19195e3fd66","הנאכלין","הנאכלינ","Unresolved","","No lexical entry yet","true","2","Tosefta Zevachim 2:2; Tosefta Zevachim 10:3"
"tosefta-zevachim","Tosefta Zevachim","tok-06c6d9d5e08a","הנזיר","הנזיר","Unresolved","","No lexical entry yet","true","1","Tosefta Zevachim 6:8"
"tosefta-zevachim","Tosefta Zevachim","tok-bc3d127ce4c4","הנחלה","הנחלה","Unresolved","","No lexical entry yet","true","1","Tosefta Zevachim 13:9"
"tosefta-zevachim","Tosefta Zevachim","tok-eba8a4f06de4","הניח","הניח","Unresolved","","No lexical entry yet","true","1","Tosefta Zevachim 2:4"
"tosefta-zevachim","Tosefta Zevachim","tok-b0f683b16dc7","הניתן","הניתנ","Unresolved","","No lexical entry yet","true","4","Tosefta Zevachim 3:4"
"tosefta-zevachim","Tosefta Zevachim","tok-a27346ad9623","הניתנין","הניתנינ","Unresolved","","No lexical entry yet","true","11","Tosefta Zevachim 1:8; Tosefta Zevachim 4:4; Tosefta Zevachim 6:5; Tosefta Zevachim 8:8; Tosefta Zevachim 8:10"
"tosefta-zevachim","Tosefta Zevachim","tok-f673b5e55e56","הנפסל","הנפסל","Unresolved","","No lexical entry yet","true","2","Tosefta Zevachim 3:4"
"tosefta-zevachim","Tosefta Zevachim","tok-55cd90589156","הנרבע","הנרבע","Unresolved","","No lexical entry yet","true","1","Tosefta Zevachim 7:6"
"tosefta-zevachim","Tosefta Zevachim","tok-64c68ebfcbe5","הנשפך","הנשפכ","Unresolved","","No lexical entry yet","true","2","Tosefta Zevachim 8:14"
"tosefta-zevachim","Tosefta Zevachim","tok-ffbfe392c21b","הנשרפים","הנשרפימ","Unresolved","","No lexical entry yet","true","7","Tosefta Zevachim 5:3; Tosefta Zevachim 6:3; Tosefta Zevachim 11:8; Tosefta Zevachim 12:6"
"tosefta-zevachim","Tosefta Zevachim","tok-a6895b0bf79d","הנשרפין","הנשרפינ","Unresolved","","No lexical entry yet","true","1","Tosefta Zevachim 12:6"
"tosefta-zevachim","Tosefta Zevachim","tok-c7b35ff7ccae","הנתנין","הנתנינ","Unresolved","","No lexical entry yet","true","9","Tosefta Zevachim 1:8; Tosefta Zevachim 3:2; Tosefta Zevachim 3:3; Tosefta Zevachim 6:5"
"tosefta-zevachim","Tosefta Zevachim","tok-53902708615d","הסיקרא","הסיקרא","Unresolved","","No lexical entry yet","true","2","Tosefta Zevachim 6:5"
"tosefta-zevachim","Tosefta Zevachim","tok-092ef4b7e53f","הסכין","הסכינ","Unresolved","","No lexical entry yet","true","1","Tosefta Zevachim 1:7"
"tosefta-zevachim","Tosefta Zevachim","tok-92879961fc15","הסלע","הסלע","Unresolved","","No lexical entry yet","true","1","Tosefta Zevachim 12:1"
"tosefta-zevachim","Tosefta Zevachim","tok-b4af1ec3bc46","הספיק","הספיק","Unresolved","","No lexical entry yet","true","8","Tosefta Zevachim 11:5; Tosefta Zevachim 11:6"
"tosefta-zevachim","Tosefta Zevachim","tok-612e6b13156e","העובד","העובד","Unresolved","","No lexical entry yet","true","1","Tosefta Zevachim 5:7"
"tosefta-zevachim","Tosefta Zevachim","tok-223b3b08b8b1","העובדי","העובדי","Unresolved","","No lexical entry yet","true","1","Tosefta Zevachim 13:1"
"tosefta-zevachim","Tosefta Zevachim","tok-2a8281e05cae","העולין","העולינ","Unresolved","","No lexical entry yet","true","1","Tosefta Zevachim 7:3"
"tosefta-zevachim","Tosefta Zevachim","tok-cf34f8936622","העוף","העופ","Unresolved","","No lexical entry yet","true","32","Tosefta Zevachim 1:8; Tosefta Zevachim 3:5; Tosefta Zevachim 5:2; Tosefta Zevachim 6:5; Tosefta Zevachim 6:7"
"tosefta-zevachim","Tosefta Zevachim","tok-5e7495271836","העופות","העופות","Unresolved","","No lexical entry yet","true","1","Tosefta Zevachim 10:1"
"tosefta-zevachim","Tosefta Zevachim","tok-1083ece22866","העזרה","העזרה","Unresolved","","No lexical entry yet","true","3","Tosefta Zevachim 6:1; Tosefta Zevachim 9:3"
"tosefta-zevachim","Tosefta Zevachim","tok-4e04966cd55e","העיט","העיט","Unresolved","","No lexical entry yet","true","1","Tosefta Zevachim 13:9"
"tosefta-zevachim","Tosefta Zevachim","tok-ccacdc80b6b7","העצמות","העצמות","Unresolved","","No lexical entry yet","true","2","Tosefta Zevachim 3:5; Tosefta Zevachim 9:1"
"tosefta-zevachim","Tosefta Zevachim","tok-172ff58ab1e1","הפוסל","הפוסל","Unresolved","","No lexical entry yet","true","1","Tosefta Zevachim 1:2"
"tosefta-zevachim","Tosefta Zevachim","tok-0f7de8fdce2a","הפורש","הפורש","Unresolved","","No lexical entry yet","true","1","Tosefta Zevachim 1:6"
"tosefta-zevachim","Tosefta Zevachim","tok-a6b3443f55da","הפיגול","הפיגול","Unresolved","","No lexical entry yet","true","2","Tosefta Zevachim 7:6; Tosefta Zevachim 9:4"
"tosefta-zevachim","Tosefta Zevachim","tok-3038ad6144f4","הפיגולין","הפיגולינ","Unresolved","","No lexical entry yet","true","2","Tosefta Zevachim 7:5"
"tosefta-zevachim","Tosefta Zevachim","tok-5b91454c2618","הפסול","הפסול","Unresolved","","No lexical entry yet","true","7","Tosefta Zevachim 1:5; Tosefta Zevachim 3:4; Tosefta Zevachim 7:6; Tosefta Zevachim 8:4; Tosefta Zevachim 8:13"
"tosefta-zevachim","Tosefta Zevachim","tok-8b62521aaeca","הפסולין","הפסולינ","Unresolved","","No lexical entry yet","true","2","Tosefta Zevachim 3:1; Tosefta Zevachim 3:2"
"tosefta-zevachim","Tosefta Zevachim","tok-62f593d5c060","הפסח","הפסח","Unresolved","","No lexical entry yet","true","15","Tosefta Zevachim 1:1; Tosefta Zevachim 2:1; Tosefta Zevachim 2:2; Tosefta Zevachim 3:3; Tosefta Zevachim 3:4"
"tosefta-zevachim","Tosefta Zevachim","tok-5a9f2d913208","הפרוה","הפרוה","Unresolved","","No lexical entry yet","true","1","Tosefta Zevachim 11:7"
"tosefta-zevachim","Tosefta Zevachim","tok-e2ad17f4c61b","הפשיטו","הפשיטו","Unresolved","","No lexical entry yet","true","9","Tosefta Zevachim 11:5; Tosefta Zevachim 11:6"
"tosefta-zevachim","Tosefta Zevachim","tok-64878be7fab5","הציץ","הציצ","Unresolved","","No lexical entry yet","true","3","Tosefta Zevachim 4:2; Tosefta Zevachim 4:3; Tosefta Zevachim 5:6"
"tosefta-zevachim","Tosefta Zevachim","tok-c34f1d312c9b","הצית","הצית","Unresolved","","No lexical entry yet","true","1","Tosefta Zevachim 11:8"
"tosefta-zevachim","Tosefta Zevachim","tok-fa09e78c05ed","הצפוני","הצפוני","Unresolved","","No lexical entry yet","true","3","Tosefta Zevachim 6:1"
"tosefta-zevachim","Tosefta Zevachim","tok-a864c0b5dedf","הקדישו","הקדישו","Unresolved","","No lexical entry yet","true","1","Tosefta Zevachim 11:7"
"tosefta-zevachim","Tosefta Zevachim","tok-555f03c9ece9","הקומץ","הקומצ","Unresolved","","No lexical entry yet","true","8","Tosefta Zevachim 1:8; Tosefta Zevachim 9:3; Tosefta Zevachim 12:2; Tosefta Zevachim 12:4; Tosefta Zevachim 12:6"
"tosefta-zevachim","Tosefta Zevachim","tok-843dc867291f","הקטורת","הקטורת","Unresolved","","No lexical entry yet","true","1","Tosefta Zevachim 5:2"
"tosefta-zevachim","Tosefta Zevachim","tok-366bdde467c2","הקטיר","הקטיר","Unresolved","","No lexical entry yet","true","1","Tosefta Zevachim 1:1"
"tosefta-zevachim","Tosefta Zevachim","tok-97810c5666a5","הקטר","הקטר","Unresolved","","No lexical entry yet","true","3","Tosefta Zevachim 1:1; Tosefta Zevachim 1:8; Tosefta Zevachim 12:4"
"tosefta-zevachim","Tosefta Zevachim","tok-9501ef42a566","הקטרה","הקטרה","Unresolved","","No lexical entry yet","true","2","Tosefta Zevachim 2:3"
"tosefta-zevachim","Tosefta Zevachim","tok-a3174afeeeeb","הקיתון","הקיתונ","Unresolved","","No lexical entry yet","true","1","Tosefta Zevachim 10:5"
"tosefta-zevachim","Tosefta Zevachim","tok-db8ea8b96c27","הקלעים","הקלעימ","Unresolved","","No lexical entry yet","true","6","Tosefta Zevachim 6:7; Tosefta Zevachim 13:2; Tosefta Zevachim 13:3"
"tosefta-zevachim","Tosefta Zevachim","tok-df2df4880307","הקרבים","הקרבימ","Unresolved","","No lexical entry yet","true","2","Tosefta Zevachim 9:4; Tosefta Zevachim 9:5"
"tosefta-zevachim","Tosefta Zevachim","tok-3ad756b8f330","הקריב","הקריב","Unresolved","","No lexical entry yet","true","5","Tosefta Zevachim 11:4; Tosefta Zevachim 12:2; Tosefta Zevachim 12:3"
"tosefta-zevachim","Tosefta Zevachim","tok-a65b3bb8af3a","הקריבו","הקריבו","Unresolved","","No lexical entry yet","true","1","Tosefta Zevachim 12:4"
"tosefta-zevachim","Tosefta Zevachim","tok-b70e8d9a04a6","הראוי","הראוי","Unresolved","","No lexical entry yet","true","4","Tosefta Zevachim 9:2; Tosefta Zevachim 9:3; Tosefta Zevachim 9:5; Tosefta Zevachim 10:5"
"tosefta-zevachim","Tosefta Zevachim","tok-19a27424313e","הרובע","הרובע","Unresolved","","No lexical entry yet","true","1","Tosefta Zevachim 9:2"
"tosefta-zevachim","Tosefta Zevachim","tok-55724fcc5ada","הרצה","הרצה","Unresolved","","No lexical entry yet","true","2","Tosefta Zevachim 4:2; Tosefta Zevachim 4:3"
"tosefta-zevachim","Tosefta Zevachim","tok-4c5e6c5f1982","הרצפה","הרצפה","Unresolved","","No lexical entry yet","true","3","Tosefta Zevachim 1:5"
"tosefta-zevachim","Tosefta Zevachim","tok-c27c9aa7738c","השאר","השאר","Unresolved","","No lexical entry yet","true","1","Tosefta Zevachim 9:5"
"tosefta-zevachim","Tosefta Zevachim","tok-ad2e28611b69","השוותה","השוותה","Unresolved","","No lexical entry yet","true","1","Tosefta Zevachim 1:6"
"tosefta-zevachim","Tosefta Zevachim","tok-0b59d33f0451","השוחט","השוחט","Unresolved","","No lexical entry yet","true","29","Tosefta Zevachim 2:1; Tosefta Zevachim 2:2; Tosefta Zevachim 2:3; Tosefta Zevachim 2:4; Tosefta Zevachim 3:1"
"tosefta-zevachim","Tosefta Zevachim","tok-228c769d8190","השחר","השחר","Unresolved","","No lexical entry yet","true","1","Tosefta Zevachim 6:7"
"tosefta-zevachim","Tosefta Zevachim","tok-182cd90b3bf1","השלמים","השלמימ","Unresolved","","No lexical entry yet","true","1","Tosefta Zevachim 6:8"
"tosefta-zevachim","Tosefta Zevachim","tok-b0d8e9d4568c","השריפה","השריפה","Unresolved","","No lexical entry yet","true","3","Tosefta Zevachim 4:1; Tosefta Zevachim 7:2; Tosefta Zevachim 8:4"
"tosefta-zevachim","Tosefta Zevachim","tok-fa7461772dda","השרפה","השרפה","Unresolved","","No lexical entry yet","true","5","Tosefta Zevachim 1:2; Tosefta Zevachim 4:1; Tosefta Zevachim 8:5; Tosefta Zevachim 11:3"
"tosefta-zevachim","Tosefta Zevachim","tok-c9d9d118b27a","התדיר","התדיר","Unresolved","","No lexical entry yet","true","1","Tosefta Zevachim 10:1"
"tosefta-zevachim","Tosefta Zevachim","tok-d1376abba93c","התודה","התודה","Unresolved","","No lexical entry yet","true","1","Tosefta Zevachim 6:8"
"tosefta-zevachim","Tosefta Zevachim","tok-6050b2514363","התישים","התישימ","Unresolved","","No lexical entry yet","true","1","Tosefta Zevachim 3:5"
"tosefta-zevachim","Tosefta Zevachim","tok-42199d64bba5","התקינו","התקינו","Unresolved","","No lexical entry yet","true","1","Tosefta Zevachim 11:7"
"tosefta-zevachim","Tosefta Zevachim","tok-0b5b236f3909","ו׳","ו׳","Unresolved","","No lexical entry yet","true","1","Tosefta Zevachim 10:5"
"tosefta-zevachim","Tosefta Zevachim","tok-11a304a5e3ac","וא׳","וא׳","Unresolved","","No lexical entry yet","true","3","Tosefta Zevachim 1:8; Tosefta Zevachim 3:3; Tosefta Zevachim 12:5"
"tosefta-zevachim","Tosefta Zevachim","tok-2ac50cf1e63d","ואבדה","ואבדה","Unresolved","","No lexical entry yet","true","1","Tosefta Zevachim 12:5"
"tosefta-zevachim","Tosefta Zevachim","tok-9470a089b24a","ואבי","ואבי","Unresolved","","No lexical entry yet","true","1","Tosefta Zevachim 2:4"
"tosefta-zevachim","Tosefta Zevachim","tok-68bbd54401d7","ואונן","ואוננ","Unresolved","","No lexical entry yet","true","2","Tosefta Zevachim 3:3; Tosefta Zevachim 12:8"
"tosefta-zevachim","Tosefta Zevachim","tok-efe9294038b0","ואח״כ","ואח״כ","Unresolved","","No lexical entry yet","true","9","Tosefta Zevachim 11:5; Tosefta Zevachim 11:6; Tosefta Zevachim 12:5"
"tosefta-zevachim","Tosefta Zevachim","tok-e3e1a4c505f6","ואחת","ואחת","Unresolved","","No lexical entry yet","true","9","Tosefta Zevachim 4:4; Tosefta Zevachim 7:2; Tosefta Zevachim 8:9; Tosefta Zevachim 12:5"
"tosefta-zevachim","Tosefta Zevachim","tok-52d9cd063d75","ואיל","ואיל","Unresolved","","No lexical entry yet","true","5","Tosefta Zevachim 6:6; Tosefta Zevachim 6:8; Tosefta Zevachim 10:1; Tosefta Zevachim 10:4"
"tosefta-zevachim","Tosefta Zevachim","tok-46111bdc2f94","ואילים","ואילימ","Unresolved","","No lexical entry yet","true","1","Tosefta Zevachim 10:3"
"tosefta-zevachim","Tosefta Zevachim","tok-29fae49e23ce","ואימוריו","ואימוריו","Unresolved","","No lexical entry yet","true","1","Tosefta Zevachim 11:4"
"tosefta-zevachim","Tosefta Zevachim","tok-2a4573a4b2be","ואימורים","ואימורימ","Unresolved","","No lexical entry yet","true","1","Tosefta Zevachim 11:4"
"tosefta-zevachim","Tosefta Zevachim","tok-60020c67efdd","ואימורין","ואימורינ","Unresolved","","No lexical entry yet","true","2","Tosefta Zevachim 1:8; Tosefta Zevachim 11:3"
"tosefta-zevachim","Tosefta Zevachim","tok-4788b67903ee","ואכילה","ואכילה","Unresolved","","No lexical entry yet","true","2","Tosefta Zevachim 2:3"
"tosefta-zevachim","Tosefta Zevachim","tok-d4531c0d8b4b","ואכילת","ואכילת","Unresolved","","No lexical entry yet","true","1","Tosefta Zevachim 3:5"
"tosefta-zevachim","Tosefta Zevachim","tok-a6818400134e","ואלעאי","ואלעאי","Unresolved","","No lexical entry yet","true","1","Tosefta Zevachim 2:4"
"tosefta-zevachim","Tosefta Zevachim","tok-1fe23fba1c66","ואמר","ואמר","Unresolved","","No lexical entry yet","true","3","Tosefta Zevachim 1:1; Tosefta Zevachim 1:4"
"tosefta-zevachim","Tosefta Zevachim","tok-6438aea93f69","ואנדרוגינוס","ואנדרוגינוס","Unresolved","","No lexical entry yet","true","3","Tosefta Zevachim 7:6"
"tosefta-zevachim","Tosefta Zevachim","tok-092760b2c290","ואשם","ואשמ","Unresolved","","No lexical entry yet","true","10","Tosefta Zevachim 1:1; Tosefta Zevachim 5:7; Tosefta Zevachim 6:7; Tosefta Zevachim 10:3; Tosefta Zevachim 10:4"
"tosefta-zevachim","Tosefta Zevachim","tok-f76228318384","ואשמות","ואשמות","Unresolved","","No lexical entry yet","true","1","Tosefta Zevachim 6:6"
"tosefta-zevachim","Tosefta Zevachim","tok-11a0efec0ff8","ובבכור","ובבכור","Unresolved","","No lexical entry yet","true","1","Tosefta Zevachim 5:2"
"tosefta-zevachim","Tosefta Zevachim","tok-63fc39fbdf88","ובבעלים","ובבעלימ","Unresolved","","No lexical entry yet","true","1","Tosefta Zevachim 12:6"
"tosefta-zevachim","Tosefta Zevachim","tok-0fab48263d30","ובגבעון","ובגבעונ","Unresolved","","No lexical entry yet","true","4","Tosefta Zevachim 13:3; Tosefta Zevachim 13:4"
"tosefta-zevachim","Tosefta Zevachim","tok-8baaa7f40528","ובדמי","ובדמי","Unresolved","","No lexical entry yet","true","7","Tosefta Zevachim 8:1; Tosefta Zevachim 8:2; Tosefta Zevachim 8:3"
"tosefta-zevachim","Tosefta Zevachim","tok-af6426c85a8a","ובהילוך","ובהילוכ","Unresolved","","No lexical entry yet","true","2","Tosefta Zevachim 3:3; Tosefta Zevachim 4:4"
"tosefta-zevachim","Tosefta Zevachim","tok-dece6e6d8d83","ובזריקה","ובזריקה","Unresolved","","No lexical entry yet","true","1","Tosefta Zevachim 3:3"
"tosefta-zevachim","Tosefta Zevachim","tok-20844f399de9","ובחטאת","ובחטאת","Unresolved","","No lexical entry yet","true","1","Tosefta Zevachim 1:8"
"tosefta-zevachim","Tosefta Zevachim","tok-a596d3b6906e","ובטמא","ובטמא","Unresolved","","No lexical entry yet","true","5","Tosefta Zevachim 5:4; Tosefta Zevachim 5:5"
"tosefta-zevachim","Tosefta Zevachim","tok-9b7c963fb4b7","ובטמאים","ובטמאימ","Unresolved","","No lexical entry yet","true","3","Tosefta Zevachim 2:1; Tosefta Zevachim 2:2; Tosefta Zevachim 3:3"
"tosefta-zevachim","Tosefta Zevachim","tok-492f78b354ff","ובטרפה","ובטרפה","Unresolved","","No lexical entry yet","true","3","Tosefta Zevachim 8:1; Tosefta Zevachim 8:5; Tosefta Zevachim 8:7"
"tosefta-zevachim","Tosefta Zevachim","tok-51149849795d","וביוצא","וביוצא","Unresolved","","No lexical entry yet","true","2","Tosefta Zevachim 5:6; Tosefta Zevachim 8:1"
"tosefta-zevachim","Tosefta Zevachim","tok-12cf0c4cd49f","ובכלאים","ובכלאימ","Unresolved","","No lexical entry yet","true","3","Tosefta Zevachim 8:1; Tosefta Zevachim 8:5; Tosefta Zevachim 8:7"
"tosefta-zevachim","Tosefta Zevachim","tok-d44ff36c0a58","ובמזרח","ובמזרח","Unresolved","","No lexical entry yet","true","1","Tosefta Zevachim 6:5"
"tosefta-zevachim","Tosefta Zevachim","tok-a453c518e2d4","ובמחיר","ובמחיר","Unresolved","","No lexical entry yet","true","2","Tosefta Zevachim 8:5; Tosefta Zevachim 8:7"
"tosefta-zevachim","Tosefta Zevachim","tok-43a5103cf76c","ובמנחה","ובמנחה","Unresolved","","No lexical entry yet","true","1","Tosefta Zevachim 4:2"
"tosefta-zevachim","Tosefta Zevachim","tok-528e742512a1","ובמריקה","ובמריקה","Unresolved","","No lexical entry yet","true","1","Tosefta Zevachim 10:7"
"tosefta-zevachim","Tosefta Zevachim","tok-11f69d63f992","ובמתן","ובמתנ","Unresolved","","No lexical entry yet","true","1","Tosefta Zevachim 3:3"
"tosefta-zevachim","Tosefta Zevachim","tok-fb4403b0a502","ובן","ובנ","Unresolved","","No lexical entry yet","true","1","Tosefta Zevachim 1:2"
"tosefta-zevachim","Tosefta Zevachim","tok-50d75658f176","ובנותר","ובנותר","Unresolved","","No lexical entry yet","true","5","Tosefta Zevachim 5:4; Tosefta Zevachim 5:5"
"tosefta-zevachim","Tosefta Zevachim","tok-285dea95e05f","ובנעבד","ובנעבד","Unresolved","","No lexical entry yet","true","4","Tosefta Zevachim 8:1; Tosefta Zevachim 8:5; Tosefta Zevachim 8:7"
"tosefta-zevachim","Tosefta Zevachim","tok-e319e5002811","ובנרבע","ובנרבע","Unresolved","","No lexical entry yet","true","4","Tosefta Zevachim 8:1; Tosefta Zevachim 8:5; Tosefta Zevachim 8:7"
"tosefta-zevachim","Tosefta Zevachim","tok-31ada4507c3c","ובעולה","ובעולה","Unresolved","","No lexical entry yet","true","1","Tosefta Zevachim 4:2"
"tosefta-zevachim","Tosefta Zevachim","tok-bfd73884ceb4","ובעולת","ובעולת","Unresolved","","No lexical entry yet","true","1","Tosefta Zevachim 5:2"
"tosefta-zevachim","Tosefta Zevachim","tok-13b8fa58da7f","ובעלי","ובעלי","Unresolved","","No lexical entry yet","true","2","Tosefta Zevachim 11:7; Tosefta Zevachim 13:1"
"tosefta-zevachim","Tosefta Zevachim","tok-e183148d772a","ובפסח","ובפסח","Unresolved","","No lexical entry yet","true","2","Tosefta Zevachim 4:2; Tosefta Zevachim 5:2"
"tosefta-zevachim","Tosefta Zevachim","tok-6c5f72d8ae7b","ובקדשים","ובקדשימ","Unresolved","","No lexical entry yet","true","2","Tosefta Zevachim 5:6; Tosefta Zevachim 10:7"
"tosefta-zevachim","Tosefta Zevachim","tok-7561feb15649","ובשמאלו","ובשמאלו","Unresolved","","No lexical entry yet","true","1","Tosefta Zevachim 1:5"
"tosefta-zevachim","Tosefta Zevachim","tok-7e369d2f7b1e","וגבעון","וגבעונ","Unresolved","","No lexical entry yet","true","3","Tosefta Zevachim 13:3; Tosefta Zevachim 13:4"
"tosefta-zevachim","Tosefta Zevachim","tok-8bf894c8bbae","וגורע","וגורע","Unresolved","","No lexical entry yet","true","1","Tosefta Zevachim 8:10"
"tosefta-zevachim","Tosefta Zevachim","tok-d7f754ddf2d6","ודברים","ודברימ","Unresolved","","No lexical entry yet","true","1","Tosefta Zevachim 5:4"
"tosefta-zevachim","Tosefta Zevachim","tok-f2eec9678fe7","ודובק","ודובק","Unresolved","","No lexical entry yet","true","2","Tosefta Zevachim 4:1"
"tosefta-zevachim","Tosefta Zevachim","tok-5de1c2b39e7e","ודמו","ודמו","Unresolved","","No lexical entry yet","true","2","Tosefta Zevachim 5:3"
"tosefta-zevachim","Tosefta Zevachim","tok-0c0e253b86d4","ודמי","ודמי","Unresolved","","No lexical entry yet","true","3","Tosefta Zevachim 8:1; Tosefta Zevachim 8:2"
"tosefta-zevachim","Tosefta Zevachim","tok-b80cc0078db7","והאוכל","והאוכל","Unresolved","","No lexical entry yet","true","1","Tosefta Zevachim 5:6"
"tosefta-zevachim","Tosefta Zevachim","tok-dbb940349f1c","והאלל","והאלל","Unresolved","","No lexical entry yet","true","1","Tosefta Zevachim 3:5"
"tosefta-zevachim","Tosefta Zevachim","tok-8df81c6af492","והאשם","והאשמ","Unresolved","","No lexical entry yet","true","1","Tosefta Zevachim 1:1"
"tosefta-zevachim","Tosefta Zevachim","tok-46db17e91eec","והאתנן","והאתננ","Unresolved","","No lexical entry yet","true","1","Tosefta Zevachim 9:2"
"tosefta-zevachim","Tosefta Zevachim","tok-d1ac0e090482","והבדיל","והבדיל","Unresolved","","No lexical entry yet","true","1","Tosefta Zevachim 7:2"
"tosefta-zevachim","Tosefta Zevachim","tok-600c6ed51567","והבעלים","והבעלימ","Unresolved","","No lexical entry yet","true","2","Tosefta Zevachim 5:7"
"tosefta-zevachim","Tosefta Zevachim","tok-22e559fda457","והגידים","והגידימ","Unresolved","","No lexical entry yet","true","2","Tosefta Zevachim 3:5; Tosefta Zevachim 9:1"
"tosefta-zevachim","Tosefta Zevachim","tok-ddf11c65ed0a","והדין","והדינ","Unresolved","","No lexical entry yet","true","2","Tosefta Zevachim 8:12"
"tosefta-zevachim","Tosefta Zevachim","tok-470233ff76eb","והוקם","והוקמ","Unresolved","","No lexical entry yet","true","1","Tosefta Zevachim 13:4"
"tosefta-zevachim","Tosefta Zevachim","tok-0f508f914870","והזה","והזה","Unresolved","","No lexical entry yet","true","4","Tosefta Zevachim 1:7; Tosefta Zevachim 6:3"
"tosefta-zevachim","Tosefta Zevachim","tok-c3611782a38f","והחזירה","והחזירה","Unresolved","","No lexical entry yet","true","4","Tosefta Zevachim 6:2; Tosefta Zevachim 8:13"
"tosefta-zevachim","Tosefta Zevachim","tok-0df8fae7f875","והחלבים","והחלבימ","Unresolved","","No lexical entry yet","true","1","Tosefta Zevachim 4:2"
"tosefta-zevachim","Tosefta Zevachim","tok-d0b7217870d3","והטלפיים","והטלפיימ","Unresolved","","No lexical entry yet","true","1","Tosefta Zevachim 9:1"
"tosefta-zevachim","Tosefta Zevachim","tok-0e8059752922","והטלפים","והטלפימ","Unresolved","","No lexical entry yet","true","1","Tosefta Zevachim 3:5"
"tosefta-zevachim","Tosefta Zevachim","tok-1c234ce20582","והטרפה","והטרפה","Unresolved","","No lexical entry yet","true","1","Tosefta Zevachim 9:2"
"tosefta-zevachim","Tosefta Zevachim","tok-931758d253e9","והיזוה","והיזוה","Unresolved","","No lexical entry yet","true","2","Tosefta Zevachim 1:8"
"tosefta-zevachim","Tosefta Zevachim","tok-bd8f9b4ba930","והילוך","והילוכ","Unresolved","","No lexical entry yet","true","1","Tosefta Zevachim 3:5"
"tosefta-zevachim","Tosefta Zevachim","tok-264edd8e76d4","והילך","והילכ","Unresolved","","No lexical entry yet","true","11","Tosefta Zevachim 2:2; Tosefta Zevachim 3:5; Tosefta Zevachim 5:3"
"tosefta-zevachim","Tosefta Zevachim","tok-28fe6479d98f","והכלאים","והכלאימ","Unresolved","","No lexical entry yet","true","1","Tosefta Zevachim 9:2"
"tosefta-zevachim","Tosefta Zevachim","tok-febd3889ff62","והלא","והלא","Unresolved","","No lexical entry yet","true","3","Tosefta Zevachim 10:1; Tosefta Zevachim 11:4; Tosefta Zevachim 12:4"
"tosefta-zevachim","Tosefta Zevachim","tok-979c25e5a58e","והלבונה","והלבונה","Unresolved","","No lexical entry yet","true","6","Tosefta Zevachim 1:8; Tosefta Zevachim 5:2; Tosefta Zevachim 9:3; Tosefta Zevachim 12:2; Tosefta Zevachim 12:4"
"tosefta-zevachim","Tosefta Zevachim","tok-b7de3d58c9cf","והמורם","והמורמ","Unresolved","","No lexical entry yet","true","1","Tosefta Zevachim 6:8"
"tosefta-zevachim","Tosefta Zevachim","tok-b1e925913f40","והמזה","והמזה","Unresolved","","No lexical entry yet","true","1","Tosefta Zevachim 7:4"
"tosefta-zevachim","Tosefta Zevachim","tok-1ec1a7b59352","והמחיר","והמחיר","Unresolved","","No lexical entry yet","true","1","Tosefta Zevachim 9:2"
"tosefta-zevachim","Tosefta Zevachim","tok-3e4eaf1b4fac","והממצה","והממצה","Unresolved","","No lexical entry yet","true","1","Tosefta Zevachim 7:4"
"tosefta-zevachim","Tosefta Zevachim","tok-f6eb9014bc40","והמנסך","והמנסכ","Unresolved","","No lexical entry yet","true","2","Tosefta Zevachim 12:4; Tosefta Zevachim 12:8"
"tosefta-zevachim","Tosefta Zevachim","tok-a98508d8bbba","והמעלה","והמעלה","Unresolved","","No lexical entry yet","true","3","Tosefta Zevachim 3:5; Tosefta Zevachim 8:14"
"tosefta-zevachim","Tosefta Zevachim","tok-6905e18f03c9","והמקבל","והמקבל","Unresolved","","No lexical entry yet","true","2","Tosefta Zevachim 12:6; Tosefta Zevachim 12:8"
"tosefta-zevachim","Tosefta Zevachim","tok-328ca21c9d44","והנוצה","והנוצה","Unresolved","","No lexical entry yet","true","1","Tosefta Zevachim 3:5"
"tosefta-zevachim","Tosefta Zevachim","tok-ad23a6011b6e","והנותר","והנותר","Unresolved","","No lexical entry yet","true","3","Tosefta Zevachim 5:5; Tosefta Zevachim 7:6; Tosefta Zevachim 9:4"
"tosefta-zevachim","Tosefta Zevachim","tok-8a5550cfd6ba","והנסכים","והנסכימ","Unresolved","","No lexical entry yet","true","1","Tosefta Zevachim 9:1"
"tosefta-zevachim","Tosefta Zevachim","tok-06ddc018d242","והנעבד","והנעבד","Unresolved","","No lexical entry yet","true","2","Tosefta Zevachim 7:6; Tosefta Zevachim 9:2"
"tosefta-zevachim","Tosefta Zevachim","tok-17572199da34","והנרבע","והנרבע","Unresolved","","No lexical entry yet","true","1","Tosefta Zevachim 9:2"
"tosefta-zevachim","Tosefta Zevachim","tok-d965fd78eb85","והעומר","והעומר","Unresolved","","No lexical entry yet","true","1","Tosefta Zevachim 6:7"
"tosefta-zevachim","Tosefta Zevachim","tok-91ecd2a33665","והעור","והעור","Unresolved","","No lexical entry yet","true","1","Tosefta Zevachim 3:5"
"tosefta-zevachim","Tosefta Zevachim","tok-ec4ca3012707","והעלה","והעלה","Unresolved","","No lexical entry yet","true","1","Tosefta Zevachim 12:1"
"tosefta-zevachim","Tosefta Zevachim","tok-168043bdd061","והעלהו","והעלהו","Unresolved","","No lexical entry yet","true","1","Tosefta Zevachim 13:6"
"tosefta-zevachim","Tosefta Zevachim","tok-fc24916c2cd3","והפסח","והפסח","Unresolved","","No lexical entry yet","true","1","Tosefta Zevachim 6:6"
"tosefta-zevachim","Tosefta Zevachim","tok-7cf44a25ca7b","והפריש","והפריש","Unresolved","","No lexical entry yet","true","1","Tosefta Zevachim 12:5"
"tosefta-zevachim","Tosefta Zevachim","tok-5ff034c57914","והפשיטו","והפשיטו","Unresolved","","No lexical entry yet","true","7","Tosefta Zevachim 11:5; Tosefta Zevachim 11:6"
"tosefta-zevachim","Tosefta Zevachim","tok-42b648521250","והקדישום","והקדישומ","Unresolved","","No lexical entry yet","true","2","Tosefta Zevachim 11:7"
"tosefta-zevachim","Tosefta Zevachim","tok-b123f9e4b9d5","והקטיר","והקטיר","Unresolved","","No lexical entry yet","true","1","Tosefta Zevachim 3:5"
"tosefta-zevachim","Tosefta Zevachim","tok-b6a8a2b75bdc","והקטר","והקטר","Unresolved","","No lexical entry yet","true","1","Tosefta Zevachim 3:5"
"tosefta-zevachim","Tosefta Zevachim","tok-08a8aaba6e38","והקטרה","והקטרה","Unresolved","","No lexical entry yet","true","4","Tosefta Zevachim 2:3; Tosefta Zevachim 2:4"
"tosefta-zevachim","Tosefta Zevachim","tok-4917bebb4114","והקריבה","והקריבה","Unresolved","","No lexical entry yet","true","1","Tosefta Zevachim 12:4"
"tosefta-zevachim","Tosefta Zevachim","tok-313a778c6e29","והקריבו","והקריבו","Unresolved","","No lexical entry yet","true","4","Tosefta Zevachim 1:6; Tosefta Zevachim 12:2; Tosefta Zevachim 12:3"
"tosefta-zevachim","Tosefta Zevachim","tok-c95d2432c231","והקרנים","והקרנימ","Unresolved","","No lexical entry yet","true","2","Tosefta Zevachim 3:5; Tosefta Zevachim 9:1"
"tosefta-zevachim","Tosefta Zevachim","tok-3114aa133a9a","והשאר","והשאר","Unresolved","","No lexical entry yet","true","2","Tosefta Zevachim 1:3; Tosefta Zevachim 8:1"
"tosefta-zevachim","Tosefta Zevachim","tok-e4a634eb1cf3","והשוחט","והשוחט","Unresolved","","No lexical entry yet","true","1","Tosefta Zevachim 12:1"
"tosefta-zevachim","Tosefta Zevachim","tok-3f1d6e6422c4","והשיליא","והשיליא","Unresolved","","No lexical entry yet","true","1","Tosefta Zevachim 3:5"
"tosefta-zevachim","Tosefta Zevachim","tok-27ca1d1f75bf","והשליל","והשליל","Unresolved","","No lexical entry yet","true","1","Tosefta Zevachim 3:5"
"tosefta-zevachim","Tosefta Zevachim","tok-b027698df745","והשלמים","והשלמימ","Unresolved","","No lexical entry yet","true","1","Tosefta Zevachim 6:6"
"tosefta-zevachim","Tosefta Zevachim","tok-05c5550a2ac8","והשני","והשני","Unresolved","","No lexical entry yet","true","2","Tosefta Zevachim 3:4"
"tosefta-zevachim","Tosefta Zevachim","tok-34c6b0e1eff9","וולדותיהן","וולדותיהנ","Unresolved","","No lexical entry yet","true","1","Tosefta Zevachim 8:1"
"tosefta-zevachim","Tosefta Zevachim","tok-d5ed2bf66b87","וזבחי","וזבחי","Unresolved","","No lexical entry yet","true","2","Tosefta Zevachim 6:6; Tosefta Zevachim 6:7"
"tosefta-zevachim","Tosefta Zevachim","tok-6df152e18344","וזורקו","וזורקו","Unresolved","","No lexical entry yet","true","2","Tosefta Zevachim 9:4; Tosefta Zevachim 9:5"
"tosefta-zevachim","Tosefta Zevachim","tok-9ffeeb4a23a3","וזמן","וזמנ","Unresolved","","No lexical entry yet","true","2","Tosefta Zevachim 10:4"
"tosefta-zevachim","Tosefta Zevachim","tok-3bcda63bc732","וזר","וזר","Unresolved","","No lexical entry yet","true","2","Tosefta Zevachim 12:8"
"tosefta-zevachim","Tosefta Zevachim","tok-da843e7828f2","וזריקה","וזריקה","Unresolved","","No lexical entry yet","true","1","Tosefta Zevachim 2:3"
"tosefta-zevachim","Tosefta Zevachim","tok-764dbcfdb9ee","וזריקת","וזריקת","Unresolved","","No lexical entry yet","true","1","Tosefta Zevachim 2:4"
"tosefta-zevachim","Tosefta Zevachim","tok-ed6e8d3c7d2e","וזרק","וזרק","Unresolved","","No lexical entry yet","true","26","Tosefta Zevachim 1:5; Tosefta Zevachim 2:2; Tosefta Zevachim 3:4; Tosefta Zevachim 4:2; Tosefta Zevachim 4:3"
"tosefta-zevachim","Tosefta Zevachim","tok-b063f86b5138","וזרקו","וזרקו","Unresolved","","No lexical entry yet","true","6","Tosefta Zevachim 1:6; Tosefta Zevachim 4:2; Tosefta Zevachim 4:3"
"tosefta-zevachim","Tosefta Zevachim","tok-a84bbe34e1a2","וזרקוהו","וזרקוהו","Unresolved","","No lexical entry yet","true","3","Tosefta Zevachim 2:3"
"tosefta-zevachim","Tosefta Zevachim","tok-d12cf033af02","וחזר","וחזר","Unresolved","","No lexical entry yet","true","4","Tosefta Zevachim 1:7; Tosefta Zevachim 12:1; Tosefta Zevachim 12:5"
"tosefta-zevachim","Tosefta Zevachim","tok-581ecac95760","וחזרתי","וחזרתי","Unresolved","","No lexical entry yet","true","1","Tosefta Zevachim 2:4"
"tosefta-zevachim","Tosefta Zevachim","tok-865a7380cf35","וחטאת","וחטאת","Unresolved","","No lexical entry yet","true","6","Tosefta Zevachim 1:1; Tosefta Zevachim 3:3; Tosefta Zevachim 5:2; Tosefta Zevachim 5:7; Tosefta Zevachim 6:7"
"tosefta-zevachim","Tosefta Zevachim","tok-5914c31cae6d","וחייב","וחייב","Unresolved","","No lexical entry yet","true","9","Tosefta Zevachim 12:5; Tosefta Zevachim 13:4"
"tosefta-zevachim","Tosefta Zevachim","tok-16c33a6abdfe","וחייבים","וחייבימ","Unresolved","","No lexical entry yet","true","3","Tosefta Zevachim 1:4; Tosefta Zevachim 4:2; Tosefta Zevachim 4:3"
"tosefta-zevachim","Tosefta Zevachim","tok-5ebb5fd57f50","וחייבין","וחייבינ","Unresolved","","No lexical entry yet","true","26","Tosefta Zevachim 2:1; Tosefta Zevachim 2:2; Tosefta Zevachim 2:3; Tosefta Zevachim 3:1; Tosefta Zevachim 3:2"
"tosefta-zevachim","Tosefta Zevachim","tok-553ee927b7ba","וחכ״א","וחכ״א","Unresolved","","No lexical entry yet","true","11","Tosefta Zevachim 4:4; Tosefta Zevachim 5:1; Tosefta Zevachim 6:3; Tosefta Zevachim 6:5; Tosefta Zevachim 8:7"
"tosefta-zevachim","Tosefta Zevachim","tok-df19a1782a96","וחלב","וחלב","Unresolved","","No lexical entry yet","true","1","Tosefta Zevachim 4:2"
"tosefta-zevachim","Tosefta Zevachim","tok-87e15bcc28f1","וחלבים","וחלבימ","Unresolved","","No lexical entry yet","true","2","Tosefta Zevachim 12:2; Tosefta Zevachim 12:4"
"tosefta-zevachim","Tosefta Zevachim","tok-bade65b3309b","וחרבה","וחרבה","Unresolved","","No lexical entry yet","true","1","Tosefta Zevachim 11:4"
"tosefta-zevachim","Tosefta Zevachim","tok-b504db65e556","וחשב","וחשב","Unresolved","","No lexical entry yet","true","1","Tosefta Zevachim 2:3"
"tosefta-zevachim","Tosefta Zevachim","tok-9f55483917e7","וטבול","וטבול","Unresolved","","No lexical entry yet","true","2","Tosefta Zevachim 3:3; Tosefta Zevachim 12:8"
"tosefta-zevachim","Tosefta Zevachim","tok-6ff7b77100ca","וטמא","וטמא","Unresolved","","No lexical entry yet","true","9","Tosefta Zevachim 4:2; Tosefta Zevachim 5:2; Tosefta Zevachim 5:4; Tosefta Zevachim 5:5; Tosefta Zevachim 5:6"
"tosefta-zevachim","Tosefta Zevachim","tok-795990f279d6","וטמאים","וטמאימ","Unresolved","","No lexical entry yet","true","10","Tosefta Zevachim 2:1; Tosefta Zevachim 3:1; Tosefta Zevachim 13:2"
"tosefta-zevachim","Tosefta Zevachim","tok-c5416e7cf46f","וטמאין","וטמאינ","Unresolved","","No lexical entry yet","true","1","Tosefta Zevachim 2:1"
"tosefta-zevachim","Tosefta Zevachim","tok-18495b2dfd71","וטעונה","וטעונה","Unresolved","","No lexical entry yet","true","1","Tosefta Zevachim 13:1"
"tosefta-zevachim","Tosefta Zevachim","tok-c8cce0945b36","וטעונין","וטעונינ","Unresolved","","No lexical entry yet","true","2","Tosefta Zevachim 1:2; Tosefta Zevachim 1:3"
"tosefta-zevachim","Tosefta Zevachim","tok-dd24f1964866","ויאכלו","ויאכלו","Unresolved","","No lexical entry yet","true","3","Tosefta Zevachim 8:3; Tosefta Zevachim 8:4"
"tosefta-zevachim","Tosefta Zevachim","tok-ab3b1fc105e4","ויביא","ויביא","Unresolved","","No lexical entry yet","true","7","Tosefta Zevachim 8:1; Tosefta Zevachim 8:2; Tosefta Zevachim 8:3"
"tosefta-zevachim","Tosefta Zevachim","tok-6d4c5f092de8","ויביאו","ויביאו","Unresolved","","No lexical entry yet","true","1","Tosefta Zevachim 8:3"
"tosefta-zevachim","Tosefta Zevachim","tok-1e0baf2f4954","ויוצאין","ויוצאינ","Unresolved","","No lexical entry yet","true","2","Tosefta Zevachim 6:3; Tosefta Zevachim 6:5"
"tosefta-zevachim","Tosefta Zevachim","tok-b7a60ff4cdca","ויורדין","ויורדינ","Unresolved","","No lexical entry yet","true","4","Tosefta Zevachim 7:3"
"tosefta-zevachim","Tosefta Zevachim","tok-244b4026e77d","ויושב","ויושב","Unresolved","","No lexical entry yet","true","1","Tosefta Zevachim 12:8"
"tosefta-zevachim","Tosefta Zevachim","tok-ef9448f14133","ויכול","ויכול","Unresolved","","No lexical entry yet","true","1","Tosefta Zevachim 1:5"
"tosefta-zevachim","Tosefta Zevachim","tok-6f76525b8b3a","וימכרו","וימכרו","Unresolved","","No lexical entry yet","true","9","Tosefta Zevachim 8:1; Tosefta Zevachim 8:2; Tosefta Zevachim 8:3; Tosefta Zevachim 8:4"
"tosefta-zevachim","Tosefta Zevachim","tok-3228e3099380","ויניף","ויניפ","Unresolved","","No lexical entry yet","true","2","Tosefta Zevachim 8:2; Tosefta Zevachim 8:5"
"tosefta-zevachim","Tosefta Zevachim","tok-16a7a107cdb8","ויסדר","ויסדר","Unresolved","","No lexical entry yet","true","1","Tosefta Zevachim 12:1"
"tosefta-zevachim","Tosefta Zevachim","tok-e94ba01c162d","ויפה","ויפה","Unresolved","","No lexical entry yet","true","1","Tosefta Zevachim 5:2"
"tosefta-zevachim","Tosefta Zevachim","tok-1224c5766e73","ויפסיד","ויפסיד","Unresolved","","No lexical entry yet","true","1","Tosefta Zevachim 8:1"
"tosefta-zevachim","Tosefta Zevachim","tok-8f1af59bf833","ויצאו","ויצאו","Unresolved","","No lexical entry yet","true","3","Tosefta Zevachim 8:4; Tosefta Zevachim 8:5"
"tosefta-zevachim","Tosefta Zevachim","tok-0a24ef4f8229","ויצאת","ויצאת","Unresolved","","No lexical entry yet","true","1","Tosefta Zevachim 6:2"
"tosefta-zevachim","Tosefta Zevachim","tok-b9b2bce9bd87","ויקבל","ויקבל","Unresolved","","No lexical entry yet","true","5","Tosefta Zevachim 3:4; Tosefta Zevachim 6:2"
"tosefta-zevachim","Tosefta Zevachim","tok-d0c632380e9f","וישנן","וישננ","Unresolved","","No lexical entry yet","true","2","Tosefta Zevachim 6:1"
"tosefta-zevachim","Tosefta Zevachim","tok-191ababe74a0","ויתנה","ויתנה","Unresolved","","No lexical entry yet","true","1","Tosefta Zevachim 8:1"
"tosefta-zevachim","Tosefta Zevachim","tok-475c5a5cc7ce","וכאן","וכאנ","Unresolved","","No lexical entry yet","true","1","Tosefta Zevachim 13:5"
"tosefta-zevachim","Tosefta Zevachim","tok-5e9242687d1b","וכבש","וכבש","Unresolved","","No lexical entry yet","true","2","Tosefta Zevachim 13:7"
"tosefta-zevachim","Tosefta Zevachim","tok-f4f3f786451b","וכולן","וכולנ","Unresolved","","No lexical entry yet","true","2","Tosefta Zevachim 1:8; Tosefta Zevachim 10:4"
"tosefta-zevachim","Tosefta Zevachim","tok-2c3b1e7fd486","וכחצי","וכחצי","Unresolved","","No lexical entry yet","true","2","Tosefta Zevachim 2:3"
"tosefta-zevachim","Tosefta Zevachim","tok-5a2617bcb635","וכמנוייו","וכמנוייו","Unresolved","","No lexical entry yet","true","1","Tosefta Zevachim 8:4"
"tosefta-zevachim","Tosefta Zevachim","tok-75620ed8d457","וכמנין","וכמנינ","Unresolved","","No lexical entry yet","true","1","Tosefta Zevachim 8:4"
"tosefta-zevachim","Tosefta Zevachim","tok-936615e16c01","וכנו","וכנו","Unresolved","","No lexical entry yet","true","2","Tosefta Zevachim 13:7"
"tosefta-zevachim","Tosefta Zevachim","tok-2f1b78725b23","ולאכילת","ולאכילת","Unresolved","","No lexical entry yet","true","1","Tosefta Zevachim 6:8"
"tosefta-zevachim","Tosefta Zevachim","tok-ab19b26d7019","ולבונה","ולבונה","Unresolved","","No lexical entry yet","true","2","Tosefta Zevachim 5:2; Tosefta Zevachim 12:3"
"tosefta-zevachim","Tosefta Zevachim","tok-a96314f4ca99","ולד","ולד","Unresolved","","No lexical entry yet","true","1","Tosefta Zevachim 12:6"
"tosefta-zevachim","Tosefta Zevachim","tok-12995f3a078d","ולהלן","ולהלנ","Unresolved","","No lexical entry yet","true","1","Tosefta Zevachim 1:6"
"tosefta-zevachim","Tosefta Zevachim","tok-f21de4fcb88f","ולהקטיר","ולהקטיר","Unresolved","","No lexical entry yet","true","5","Tosefta Zevachim 2:4; Tosefta Zevachim 5:3; Tosefta Zevachim 7:4"
"tosefta-zevachim","Tosefta Zevachim","tok-073655eea6a5","ולוג","ולוג","Unresolved","","No lexical entry yet","true","1","Tosefta Zevachim 6:7"
"tosefta-zevachim","Tosefta Zevachim","tok-3668f0283d39","ולוגו","ולוגו","Unresolved","","No lexical entry yet","true","1","Tosefta Zevachim 5:1"
"tosefta-zevachim","Tosefta Zevachim","tok-cefed9e77763","ולזרקו","ולזרקו","Unresolved","","No lexical entry yet","true","1","Tosefta Zevachim 1:4"
"tosefta-zevachim","Tosefta Zevachim","tok-e611fca99525","ולחם","ולחמ","Unresolved","","No lexical entry yet","true","2","Tosefta Zevachim 5:2; Tosefta Zevachim 6:7"
"tosefta-zevachim","Tosefta Zevachim","tok-82d1899be1cd","ולילו","ולילו","Unresolved","","No lexical entry yet","true","1","Tosefta Zevachim 6:8"
"tosefta-zevachim","Tosefta Zevachim","tok-edbddade2088","ולמזבח","ולמזבח","Unresolved","","No lexical entry yet","true","1","Tosefta Zevachim 6:1"
"tosefta-zevachim","Tosefta Zevachim","tok-9033db4b73f6","ולמטן","ולמטנ","Unresolved","","No lexical entry yet","true","1","Tosefta Zevachim 6:5"
"tosefta-zevachim","Tosefta Zevachim","tok-fdefa9af0e06","ולן","ולנ","Unresolved","","No lexical entry yet","true","1","Tosefta Zevachim 11:6"
"tosefta-zevachim","Tosefta Zevachim","tok-dc321922141b","ולנשים","ולנשימ","Unresolved","","No lexical entry yet","true","1","Tosefta Zevachim 6:8"
"tosefta-zevachim","Tosefta Zevachim","tok-d92fe2ea1321","ולעבדים","ולעבדימ","Unresolved","","No lexical entry yet","true","1","Tosefta Zevachim 6:8"
"tosefta-zevachim","Tosefta Zevachim","tok-e4e0639ef48e","ולצפונה","ולצפונה","Unresolved","","No lexical entry yet","true","1","Tosefta Zevachim 11:3"
"tosefta-zevachim","Tosefta Zevachim","tok-08ed8e8b74d5","ולשחיטת","ולשחיטת","Unresolved","","No lexical entry yet","true","1","Tosefta Zevachim 7:1"
"tosefta-zevachim","Tosefta Zevachim","tok-ec09544aef19","ולשפחות","ולשפחות","Unresolved","","No lexical entry yet","true","1","Tosefta Zevachim 6:8"
"tosefta-zevachim","Tosefta Zevachim","tok-3fd5f5160544","ומאה","ומאה","Unresolved","","No lexical entry yet","true","1","Tosefta Zevachim 6:1"
"tosefta-zevachim","Tosefta Zevachim","tok-719ff90f4773","ומדיחן","ומדיחנ","Unresolved","","No lexical entry yet","true","2","Tosefta Zevachim 9:4; Tosefta Zevachim 9:5"
"tosefta-zevachim","Tosefta Zevachim","tok-f0605c6ea071","ומהן","ומהנ","Unresolved","","No lexical entry yet","true","2","Tosefta Zevachim 11:1"
"tosefta-zevachim","Tosefta Zevachim","tok-2b2f29f1a8dd","ומוסיף","ומוסיפ","Unresolved","","No lexical entry yet","true","1","Tosefta Zevachim 8:10"
"tosefta-zevachim","Tosefta Zevachim","tok-f6edf103ff82","ומועלים","ומועלימ","Unresolved","","No lexical entry yet","true","1","Tosefta Zevachim 6:3"
"tosefta-zevachim","Tosefta Zevachim","tok-29f704feaaf3","ומועלין","ומועלינ","Unresolved","","No lexical entry yet","true","3","Tosefta Zevachim 6:5; Tosefta Zevachim 7:5"
"tosefta-zevachim","Tosefta Zevachim","tok-965c5268cd3c","ומוראת","ומוראת","Unresolved","","No lexical entry yet","true","1","Tosefta Zevachim 3:5"
"tosefta-zevachim","Tosefta Zevachim","tok-86c0dffb3c6d","ומורם","ומורמ","Unresolved","","No lexical entry yet","true","1","Tosefta Zevachim 10:4"
"tosefta-zevachim","Tosefta Zevachim","tok-c0f5d50640ee","ומזרחה","ומזרחה","Unresolved","","No lexical entry yet","true","1","Tosefta Zevachim 6:5"
"tosefta-zevachim","Tosefta Zevachim","tok-a8e1cec2c957","ומחומרי","ומחומרי","Unresolved","","No lexical entry yet","true","1","Tosefta Zevachim 4:4"
"tosefta-zevachim","Tosefta Zevachim","tok-36c530f763c9","ומחיר","ומחיר","Unresolved","","No lexical entry yet","true","2","Tosefta Zevachim 7:6; Tosefta Zevachim 8:1"
"tosefta-zevachim","Tosefta Zevachim","tok-89f690fe0452","ומחלל","ומחלל","Unresolved","","No lexical entry yet","true","2","Tosefta Zevachim 8:1; Tosefta Zevachim 8:2"
"tosefta-zevachim","Tosefta Zevachim","tok-9a9b7c6afe00","ומטמא","ומטמא","Unresolved","","No lexical entry yet","true","1","Tosefta Zevachim 7:5"
"tosefta-zevachim","Tosefta Zevachim","tok-f0fb83da9a12","ומטמאין","ומטמאינ","Unresolved","","No lexical entry yet","true","1","Tosefta Zevachim 11:8"
"tosefta-zevachim","Tosefta Zevachim","tok-5eadb7452a5a","ומיצה","ומיצה","Unresolved","","No lexical entry yet","true","6","Tosefta Zevachim 7:4"
"tosefta-zevachim","Tosefta Zevachim","tok-bf21e4b1498b","ומכבסו","ומכבסו","Unresolved","","No lexical entry yet","true","1","Tosefta Zevachim 10:5"
"tosefta-zevachim","Tosefta Zevachim","tok-1a2e2954d547","ומכניסן","ומכניסנ","Unresolved","","No lexical entry yet","true","1","Tosefta Zevachim 10:6"
"tosefta-zevachim","Tosefta Zevachim","tok-867dd50c5b9a","ומלח","ומלח","Unresolved","","No lexical entry yet","true","1","Tosefta Zevachim 10:2"
"tosefta-zevachim","Tosefta Zevachim","tok-060b98fbb9ed","ומלק","ומלק","Unresolved","","No lexical entry yet","true","1","Tosefta Zevachim 7:6"
"tosefta-zevachim","Tosefta Zevachim","tok-415805ddbc1b","ומלקו","ומלקו","Unresolved","","No lexical entry yet","true","1","Tosefta Zevachim 1:4"
"tosefta-zevachim","Tosefta Zevachim","tok-ab37a6c2ed95","וממצה","וממצה","Unresolved","","No lexical entry yet","true","2","Tosefta Zevachim 1:8; Tosefta Zevachim 7:3"
"tosefta-zevachim","Tosefta Zevachim","tok-bfa3136809af","ומנחת","ומנחת","Unresolved","","No lexical entry yet","true","12","Tosefta Zevachim 1:8; Tosefta Zevachim 5:2; Tosefta Zevachim 9:3; Tosefta Zevachim 12:2; Tosefta Zevachim 12:4"
"tosefta-zevachim","Tosefta Zevachim","tok-ad69baab0d64","ומסכים","ומסכימ","Unresolved","","No lexical entry yet","true","1","Tosefta Zevachim 1:6"
"tosefta-zevachim","Tosefta Zevachim","tok-20a42e052b5d","ומעות","ומעות","Unresolved","","No lexical entry yet","true","1","Tosefta Zevachim 8:2"
"tosefta-zevachim","Tosefta Zevachim","tok-8e26d155e427","ומערה","ומערה","Unresolved","","No lexical entry yet","true","2","Tosefta Zevachim 1:7"
"tosefta-zevachim","Tosefta Zevachim","tok-c3e9f4527676","ומפגל","ומפגל","Unresolved","","No lexical entry yet","true","1","Tosefta Zevachim 13:8"
"tosefta-zevachim","Tosefta Zevachim","tok-956889a2eefc","ומפגלות","ומפגלות","Unresolved","","No lexical entry yet","true","1","Tosefta Zevachim 4:4"
"tosefta-zevachim","Tosefta Zevachim","tok-9b44cde62f61","ומפגלת","ומפגלת","Unresolved","","No lexical entry yet","true","1","Tosefta Zevachim 4:4"
"tosefta-zevachim","Tosefta Zevachim","tok-0c5a4292037c","ומקבל","ומקבל","Unresolved","","No lexical entry yet","true","2","Tosefta Zevachim 1:7; Tosefta Zevachim 1:8"
"tosefta-zevachim","Tosefta Zevachim","tok-144f1b1ee711","ומקבלו","ומקבלו","Unresolved","","No lexical entry yet","true","1","Tosefta Zevachim 1:7"
"tosefta-zevachim","Tosefta Zevachim","tok-c8e2ff28c729","ומקטיר","ומקטיר","Unresolved","","No lexical entry yet","true","2","Tosefta Zevachim 9:4; Tosefta Zevachim 9:5"
"tosefta-zevachim","Tosefta Zevachim","tok-df72433b7091","ומקריב","ומקריב","Unresolved","","No lexical entry yet","true","1","Tosefta Zevachim 11:2"
"tosefta-zevachim","Tosefta Zevachim","tok-8cd1372f0ebe","ומשחת","ומשחת","Unresolved","","No lexical entry yet","true","1","Tosefta Zevachim 1:6"
"tosefta-zevachim","Tosefta Zevachim","tok-f24a144cd25d","ומשמר","ומשמר","Unresolved","","No lexical entry yet","true","1","Tosefta Zevachim 11:7"
"tosefta-zevachim","Tosefta Zevachim","tok-71a8e8620e55","ומת","ומת","Unresolved","","No lexical entry yet","true","1","Tosefta Zevachim 11:2"
"tosefta-zevachim","Tosefta Zevachim","tok-b97d8a571088","ומתנה","ומתנה","Unresolved","","No lexical entry yet","true","1","Tosefta Zevachim 4:4"
"tosefta-zevachim","Tosefta Zevachim","tok-c4f68a93f974","ומתערבין","ומתערבינ","Unresolved","","No lexical entry yet","true","1","Tosefta Zevachim 6:5"
"tosefta-zevachim","Tosefta Zevachim","tok-8cd3d53e83d7","ומתפגלין","ומתפגלינ","Unresolved","","No lexical entry yet","true","1","Tosefta Zevachim 3:5"
"tosefta-zevachim","Tosefta Zevachim","tok-797c2b8502f9","ומתפגלת","ומתפגלת","Unresolved","","No lexical entry yet","true","1","Tosefta Zevachim 3:5"
"tosefta-zevachim","Tosefta Zevachim","tok-fcfd48c02074","ונאכלין","ונאכלינ","Unresolved","","No lexical entry yet","true","2","Tosefta Zevachim 6:7"
"tosefta-zevachim","Tosefta Zevachim","tok-83e4611f251f","ונוהג","ונוהג","Unresolved","","No lexical entry yet","true","3","Tosefta Zevachim 5:5; Tosefta Zevachim 5:6"
"tosefta-zevachim","Tosefta Zevachim","tok-69276e1e7d7d","ונוהגת","ונוהגת","Unresolved","","No lexical entry yet","true","1","Tosefta Zevachim 10:7"
"tosefta-zevachim","Tosefta Zevachim","tok-db1c8211af67","ונוטלין","ונוטלינ","Unresolved","","No lexical entry yet","true","2","Tosefta Zevachim 11:7"
"tosefta-zevachim","Tosefta Zevachim","tok-5a8f6f9810b5","ונותנין","ונותנינ","Unresolved","","No lexical entry yet","true","1","Tosefta Zevachim 8:1"
"tosefta-zevachim","Tosefta Zevachim","tok-70de1b863f59","ונותר","ונותר","Unresolved","","No lexical entry yet","true","6","Tosefta Zevachim 5:2; Tosefta Zevachim 5:4; Tosefta Zevachim 5:5; Tosefta Zevachim 5:6; Tosefta Zevachim 9:4"
"tosefta-zevachim","Tosefta Zevachim","tok-43b260fd6ee6","ונחלה","ונחלה","Unresolved","","No lexical entry yet","true","1","Tosefta Zevachim 13:9"
"tosefta-zevachim","Tosefta Zevachim","tok-cd38bca6e8a5","ונטמא","ונטמא","Unresolved","","No lexical entry yet","true","1","Tosefta Zevachim 11:5"
"tosefta-zevachim","Tosefta Zevachim","tok-7bae1cac9e7a","ונידב","ונידב","Unresolved","","No lexical entry yet","true","2","Tosefta Zevachim 13:5"
"tosefta-zevachim","Tosefta Zevachim","tok-86d1a8c2f209","וניתוח","וניתוח","Unresolved","","No lexical entry yet","true","3","Tosefta Zevachim 13:1; Tosefta Zevachim 13:8"
"tosefta-zevachim","Tosefta Zevachim","tok-516e510bbcb7","ונמכרין","ונמכרינ","Unresolved","","No lexical entry yet","true","2","Tosefta Zevachim 6:3; Tosefta Zevachim 6:5"
"tosefta-zevachim","Tosefta Zevachim","tok-9934a4244176","ונמצאו","ונמצאו","Unresolved","","No lexical entry yet","true","5","Tosefta Zevachim 1:3; Tosefta Zevachim 9:1; Tosefta Zevachim 9:3"
"tosefta-zevachim","Tosefta Zevachim","tok-43a9ccd22bf4","ונמצאת","ונמצאת","Unresolved","","No lexical entry yet","true","2","Tosefta Zevachim 9:3; Tosefta Zevachim 12:6"
"tosefta-zevachim","Tosefta Zevachim","tok-edc2e9f6d1ec","ונסכו","ונסכו","Unresolved","","No lexical entry yet","true","1","Tosefta Zevachim 1:8"
"tosefta-zevachim","Tosefta Zevachim","tok-3e538666cb19","ונסכים","ונסכימ","Unresolved","","No lexical entry yet","true","1","Tosefta Zevachim 5:1"
"tosefta-zevachim","Tosefta Zevachim","tok-6aaa468470b4","ונפסלה","ונפסלה","Unresolved","","No lexical entry yet","true","2","Tosefta Zevachim 10:5"
"tosefta-zevachim","Tosefta Zevachim","tok-872f1f8fbc77","ונפסלו","ונפסלו","Unresolved","","No lexical entry yet","true","1","Tosefta Zevachim 10:6"
"tosefta-zevachim","Tosefta Zevachim","tok-9751343aa508","ונקבות","ונקבות","Unresolved","","No lexical entry yet","true","1","Tosefta Zevachim 13:1"
"tosefta-zevachim","Tosefta Zevachim","tok-acaf9c5a6878","ונשפך","ונשפכ","Unresolved","","No lexical entry yet","true","7","Tosefta Zevachim 4:4"
"tosefta-zevachim","Tosefta Zevachim","tok-e6ba03daf314","ועבדו","ועבדו","Unresolved","","No lexical entry yet","true","1","Tosefta Zevachim 13:8"
"tosefta-zevachim","Tosefta Zevachim","tok-25c3a5c40d1e","ועבדים","ועבדימ","Unresolved","","No lexical entry yet","true","2","Tosefta Zevachim 11:4; Tosefta Zevachim 13:5"
"tosefta-zevachim","Tosefta Zevachim","tok-3e58a0363ee5","ועדה","ועדה","Unresolved","","No lexical entry yet","true","1","Tosefta Zevachim 10:1"
"tosefta-zevachim","Tosefta Zevachim","tok-79650b3ab121","ועדיין","ועדיינ","Unresolved","","No lexical entry yet","true","1","Tosefta Zevachim 11:7"
"tosefta-zevachim","Tosefta Zevachim","tok-d1df046fe8bc","ועולין","ועולינ","Unresolved","","No lexical entry yet","true","1","Tosefta Zevachim 1:2"
"tosefta-zevachim","Tosefta Zevachim","tok-26b31fb884ce","ועולת","ועולת","Unresolved","","No lexical entry yet","true","4","Tosefta Zevachim 1:2; Tosefta Zevachim 7:3; Tosefta Zevachim 12:2"
"tosefta-zevachim","Tosefta Zevachim","tok-a1e0bdfbf335","ועוף","ועופ","Unresolved","","No lexical entry yet","true","1","Tosefta Zevachim 13:1"
"tosefta-zevachim","Tosefta Zevachim","tok-d616c631c358","ועופות","ועופות","Unresolved","","No lexical entry yet","true","2","Tosefta Zevachim 10:1; Tosefta Zevachim 11:4"
"tosefta-zevachim","Tosefta Zevachim","tok-0b17c4d97130","ועור","ועור","Unresolved","","No lexical entry yet","true","5","Tosefta Zevachim 2:2; Tosefta Zevachim 11:3; Tosefta Zevachim 11:4; Tosefta Zevachim 11:5"
"tosefta-zevachim","Tosefta Zevachim","tok-e1088a2b3c72","ועורה","ועורה","Unresolved","","No lexical entry yet","true","1","Tosefta Zevachim 11:4"
"tosefta-zevachim","Tosefta Zevachim","tok-42a1b3d6deca","ועורך","ועורכ","Unresolved","","No lexical entry yet","true","1","Tosefta Zevachim 4:1"
"tosefta-zevachim","Tosefta Zevachim","tok-0271db80994d","ועלו","ועלו","Unresolved","","No lexical entry yet","true","1","Tosefta Zevachim 9:1"
"tosefta-zevachim","Tosefta Zevachim","tok-e9c47e49e42d","ועמד","ועמד","Unresolved","","No lexical entry yet","true","1","Tosefta Zevachim 6:3"
"tosefta-zevachim","Tosefta Zevachim","tok-22ee523ec489","וערה","וערה","Unresolved","","No lexical entry yet","true","1","Tosefta Zevachim 1:7"
"tosefta-zevachim","Tosefta Zevachim","tok-01da97ab6464","ועשית","ועשית","Unresolved","","No lexical entry yet","true","1","Tosefta Zevachim 4:1"
"tosefta-zevachim","Tosefta Zevachim","tok-37321b70d246","ועשר","ועשר","Unresolved","","No lexical entry yet","true","1","Tosefta Zevachim 13:3"
"tosefta-zevachim","Tosefta Zevachim","tok-71986b8fa492","ועשרים","ועשרימ","Unresolved","","No lexical entry yet","true","1","Tosefta Zevachim 13:3"
"tosefta-zevachim","Tosefta Zevachim","tok-4a429d4939fe","ופוסל","ופוסל","Unresolved","","No lexical entry yet","true","1","Tosefta Zevachim 2:3"
"tosefta-zevachim","Tosefta Zevachim","tok-e54e838938a1","ופטור","ופטור","Unresolved","","No lexical entry yet","true","11","Tosefta Zevachim 12:6; Tosefta Zevachim 13:4"
"tosefta-zevachim","Tosefta Zevachim","tok-c138ad39d504","ופנה","ופנה","Unresolved","","No lexical entry yet","true","1","Tosefta Zevachim 6:4"
"tosefta-zevachim","Tosefta Zevachim","tok-550207635a3e","ופסולין","ופסולינ","Unresolved","","No lexical entry yet","true","1","Tosefta Zevachim 10:6"
"tosefta-zevachim","Tosefta Zevachim","tok-275cce859722","ופר","ופר","Unresolved","","No lexical entry yet","true","1","Tosefta Zevachim 10:1"
"tosefta-zevachim","Tosefta Zevachim","tok-99cd0c4abe46","ופרועי","ופרועי","Unresolved","","No lexical entry yet","true","1","Tosefta Zevachim 12:8"
"tosefta-zevachim","Tosefta Zevachim","tok-d24e0b5370b3","ופשט","ופשט","Unresolved","","No lexical entry yet","true","2","Tosefta Zevachim 6:2"
"tosefta-zevachim","Tosefta Zevachim","tok-b298d9fa61cb","וציבור","וציבור","Unresolved","","No lexical entry yet","true","1","Tosefta Zevachim 8:9"
"tosefta-zevachim","Tosefta Zevachim","tok-cfddd69c77a1","וצמר","וצמר","Unresolved","","No lexical entry yet","true","1","Tosefta Zevachim 3:5"
"tosefta-zevachim","Tosefta Zevachim","tok-52df5995e8b4","וקבול","וקבול","Unresolved","","No lexical entry yet","true","1","Tosefta Zevachim 6:2"
"tosefta-zevachim","Tosefta Zevachim","tok-c42a455a306c","וקבל","וקבל","Unresolved","","No lexical entry yet","true","7","Tosefta Zevachim 1:5; Tosefta Zevachim 3:5; Tosefta Zevachim 5:3; Tosefta Zevachim 6:2"
"tosefta-zevachim","Tosefta Zevachim","tok-e75db12b4229","וקדשים","וקדשימ","Unresolved","","No lexical entry yet","true","3","Tosefta Zevachim 10:6; Tosefta Zevachim 13:3; Tosefta Zevachim 13:4"
"tosefta-zevachim","Tosefta Zevachim","tok-52ca202c4a98","וקטנים","וקטנימ","Unresolved","","No lexical entry yet","true","1","Tosefta Zevachim 13:1"
"tosefta-zevachim","Tosefta Zevachim","tok-16aca90080bd","וקיבל","וקיבל","Unresolved","","No lexical entry yet","true","8","Tosefta Zevachim 1:4; Tosefta Zevachim 2:2"
"tosefta-zevachim","Tosefta Zevachim","tok-b87a6dcdd507","ור׳","ור׳","Unresolved","","No lexical entry yet","true","4","Tosefta Zevachim 2:4; Tosefta Zevachim 6:3; Tosefta Zevachim 13:3"
"tosefta-zevachim","Tosefta Zevachim","tok-20998e0ae109","ור״א","ור״א","Unresolved","","No lexical entry yet","true","3","Tosefta Zevachim 6:4; Tosefta Zevachim 6:6; Tosefta Zevachim 12:2"
"tosefta-zevachim","Tosefta Zevachim","tok-05a23127019c","וראוי","וראוי","Unresolved","","No lexical entry yet","true","3","Tosefta Zevachim 10:5; Tosefta Zevachim 12:6"
"tosefta-zevachim","Tosefta Zevachim","tok-b3b434466d27","ורבובה","ורבובה","Unresolved","","No lexical entry yet","true","1","Tosefta Zevachim 7:2"
"tosefta-zevachim","Tosefta Zevachim","tok-137e880ce52e","ורגלו","ורגלו","Unresolved","","No lexical entry yet","true","2","Tosefta Zevachim 1:5"
"tosefta-zevachim","Tosefta Zevachim","tok-7491e61870d0","ורגלים","ורגלימ","Unresolved","","No lexical entry yet","true","4","Tosefta Zevachim 3:3; Tosefta Zevachim 12:7; Tosefta Zevachim 12:8"
"tosefta-zevachim","Tosefta Zevachim","tok-9326293babd7","ורובו","ורובו","Unresolved","","No lexical entry yet","true","2","Tosefta Zevachim 6:2"
"tosefta-zevachim","Tosefta Zevachim","tok-d267e11b0a85","ושבגלגל","ושבגלגל","Unresolved","","No lexical entry yet","true","2","Tosefta Zevachim 13:3; Tosefta Zevachim 13:5"
"tosefta-zevachim","Tosefta Zevachim","tok-f3bc6e75f0bb","ושבנוב","ושבנוב","Unresolved","","No lexical entry yet","true","1","Tosefta Zevachim 13:3"
"tosefta-zevachim","Tosefta Zevachim","tok-e4c0be5c4ed6","ושבעים","ושבעימ","Unresolved","","No lexical entry yet","true","1","Tosefta Zevachim 13:3"
"tosefta-zevachim","Tosefta Zevachim","tok-c2dff307c43e","ושבשילה","ושבשילה","Unresolved","","No lexical entry yet","true","1","Tosefta Zevachim 13:3"
"tosefta-zevachim","Tosefta Zevachim","tok-7ca93c50c578","ושוברו","ושוברו","Unresolved","","No lexical entry yet","true","1","Tosefta Zevachim 10:6"
"tosefta-zevachim","Tosefta Zevachim","tok-5b27d7f990fb","ושוחטן","ושוחטנ","Unresolved","","No lexical entry yet","true","1","Tosefta Zevachim 9:5"
"tosefta-zevachim","Tosefta Zevachim","tok-512f243c6e4b","ושוטפן","ושוטפנ","Unresolved","","No lexical entry yet","true","3","Tosefta Zevachim 10:6"
"tosefta-zevachim","Tosefta Zevachim","tok-47821c838e9f","ושופך","ושופכ","Unresolved","","No lexical entry yet","true","2","Tosefta Zevachim 6:3; Tosefta Zevachim 6:4"
"tosefta-zevachim","Tosefta Zevachim","tok-fee149a5d95b","ושוק","ושוק","Unresolved","","No lexical entry yet","true","2","Tosefta Zevachim 13:7"
"tosefta-zevachim","Tosefta Zevachim","tok-0d5f56fac749","ושחט","ושחט","Unresolved","","No lexical entry yet","true","6","Tosefta Zevachim 1:1; Tosefta Zevachim 6:2; Tosefta Zevachim 7:1"
"tosefta-zevachim","Tosefta Zevachim","tok-af83a0f401df","ושחטה","ושחטה","Unresolved","","No lexical entry yet","true","1","Tosefta Zevachim 9:4"
"tosefta-zevachim","Tosefta Zevachim","tok-4e63cdbaf80e","ושחטו","ושחטו","Unresolved","","No lexical entry yet","true","1","Tosefta Zevachim 7:1"
"tosefta-zevachim","Tosefta Zevachim","tok-67f502669445","ושחיטתו","ושחיטתו","Unresolved","","No lexical entry yet","true","7","Tosefta Zevachim 13:4"
"tosefta-zevachim","Tosefta Zevachim","tok-110f2e6481f1","ושטיפה","ושטיפה","Unresolved","","No lexical entry yet","true","11","Tosefta Zevachim 10:6; Tosefta Zevachim 10:7"
"tosefta-zevachim","Tosefta Zevachim","tok-6ad82c7df27e","ושטיפתן","ושטיפתנ","Unresolved","","No lexical entry yet","true","3","Tosefta Zevachim 10:6"
"tosefta-zevachim","Tosefta Zevachim","tok-b1fad948fa1a","ושייר","ושייר","Unresolved","","No lexical entry yet","true","3","Tosefta Zevachim 12:2; Tosefta Zevachim 12:3"
"tosefta-zevachim","Tosefta Zevachim","tok-14abe6af941a","ושינה","ושינה","Unresolved","","No lexical entry yet","true","7","Tosefta Zevachim 7:5"
"tosefta-zevachim","Tosefta Zevachim","tok-18aebaa8830e","ושירי","ושירי","Unresolved","","No lexical entry yet","true","2","Tosefta Zevachim 5:2; Tosefta Zevachim 6:7"
"tosefta-zevachim","Tosefta Zevachim","tok-d4665899d82e","ושלמים","ושלמימ","Unresolved","","No lexical entry yet","true","4","Tosefta Zevachim 6:6; Tosefta Zevachim 13:5"
"tosefta-zevachim","Tosefta Zevachim","tok-5c710da4bd63","ושלשת","ושלשת","Unresolved","","No lexical entry yet","true","1","Tosefta Zevachim 12:8"
"tosefta-zevachim","Tosefta Zevachim","tok-fbaf84864bfd","ושמונה","ושמונה","Unresolved","","No lexical entry yet","true","1","Tosefta Zevachim 4:4"
"tosefta-zevachim","Tosefta Zevachim","tok-884f5c4af54e","ושמונים","ושמונימ","Unresolved","","No lexical entry yet","true","2","Tosefta Zevachim 6:1"
"tosefta-zevachim","Tosefta Zevachim","tok-20861c88d3cd","ושנה","ושנה","Unresolved","","No lexical entry yet","true","3","Tosefta Zevachim 2:4"
"tosefta-zevachim","Tosefta Zevachim","tok-1ee5b2626a9b","ושעיברה","ושעיברה","Unresolved","","No lexical entry yet","true","1","Tosefta Zevachim 12:6"
"tosefta-zevachim","Tosefta Zevachim","tok-c89c303b7bee","ושעיר","ושעיר","Unresolved","","No lexical entry yet","true","1","Tosefta Zevachim 10:1"
"tosefta-zevachim","Tosefta Zevachim","tok-8f9d799280c1","ושעירה","ושעירה","Unresolved","","No lexical entry yet","true","1","Tosefta Zevachim 10:1"
"tosefta-zevachim","Tosefta Zevachim","tok-67b4aac88f30","ושעירי","ושעירי","Unresolved","","No lexical entry yet","true","1","Tosefta Zevachim 10:1"
"tosefta-zevachim","Tosefta Zevachim","tok-adde595faec2","ושפחתו","ושפחתו","Unresolved","","No lexical entry yet","true","1","Tosefta Zevachim 13:8"
"tosefta-zevachim","Tosefta Zevachim","tok-d8137d62b326","ושתויי","ושתויי","Unresolved","","No lexical entry yet","true","1","Tosefta Zevachim 12:8"
"tosefta-zevachim","Tosefta Zevachim","tok-5c259236851d","ושתי","ושתי","Unresolved","","No lexical entry yet","true","2","Tosefta Zevachim 6:7; Tosefta Zevachim 7:2"
"tosefta-zevachim","Tosefta Zevachim","tok-89d60a117e9c","ושתים","ושתימ","Unresolved","","No lexical entry yet","true","1","Tosefta Zevachim 6:1"
"tosefta-zevachim","Tosefta Zevachim","tok-26dfe0b1f8ba","ותבלי","ותבלי","Unresolved","","No lexical entry yet","true","1","Tosefta Zevachim 10:4"
"tosefta-zevachim","Tosefta Zevachim","tok-ef70d596ee69","ותודה","ותודה","Unresolved","","No lexical entry yet","true","1","Tosefta Zevachim 6:6"
"tosefta-zevachim","Tosefta Zevachim","tok-5766911e4a02","ותמורותיהן","ותמורותיהנ","Unresolved","","No lexical entry yet","true","1","Tosefta Zevachim 8:1"
"tosefta-zevachim","Tosefta Zevachim","tok-9dd6a2558670","ותמורת","ותמורת","Unresolved","","No lexical entry yet","true","2","Tosefta Zevachim 6:6; Tosefta Zevachim 12:6"
"tosefta-zevachim","Tosefta Zevachim","tok-a26b9a7b89eb","ז׳","ז׳","Unresolved","","No lexical entry yet","true","2","Tosefta Zevachim 11:4"
"tosefta-zevachim","Tosefta Zevachim","tok-fba1db0055e6","זבח","זבח","Unresolved","","No lexical entry yet","true","12","Tosefta Zevachim 1:1; Tosefta Zevachim 5:7; Tosefta Zevachim 8:2; Tosefta Zevachim 8:3"
"tosefta-zevachim","Tosefta Zevachim","tok-18245ac810ec","זבחו","זבחו","Unresolved","","No lexical entry yet","true","3","Tosefta Zevachim 8:2; Tosefta Zevachim 8:3"
"tosefta-zevachim","Tosefta Zevachim","tok-d083429a14a6","זבחי","זבחי","Unresolved","","No lexical entry yet","true","1","Tosefta Zevachim 11:1"
"tosefta-zevachim","Tosefta Zevachim","tok-c59d7b52f2f3","זבחיך","זבחיכ","Unresolved","","No lexical entry yet","true","1","Tosefta Zevachim 4:1"
"tosefta-zevachim","Tosefta Zevachim","tok-e31a5bb62e0c","זבחים","זבחימ","Unresolved","","No lexical entry yet","true","6","Tosefta Zevachim 5:1; Tosefta Zevachim 8:7; Tosefta Zevachim 9:5; Tosefta Zevachim 11:1"
"tosefta-zevachim","Tosefta Zevachim","tok-022aeed487a9","זביחה","זביחה","Unresolved","","No lexical entry yet","true","1","Tosefta Zevachim 1:1"
"tosefta-zevachim","Tosefta Zevachim","tok-807d0c71e7ca","זובח","זובח","Unresolved","","No lexical entry yet","true","2","Tosefta Zevachim 5:7; Tosefta Zevachim 11:1"
"tosefta-zevachim","Tosefta Zevachim","tok-3b4c0012b7d0","זורק","זורק","Unresolved","","No lexical entry yet","true","10","Tosefta Zevachim 4:1; Tosefta Zevachim 4:2"
"tosefta-zevachim","Tosefta Zevachim","tok-85ca5caef92b","זורקה","זורקה","Unresolved","","No lexical entry yet","true","1","Tosefta Zevachim 7:2"
"tosefta-zevachim","Tosefta Zevachim","tok-5649c44b391c","זורקו","זורקו","Unresolved","","No lexical entry yet","true","1","Tosefta Zevachim 9:1"
"tosefta-zevachim","Tosefta Zevachim","tok-0ebe1d8b285c","זורקים","זורקימ","Unresolved","","No lexical entry yet","true","1","Tosefta Zevachim 7:2"
"tosefta-zevachim","Tosefta Zevachim","tok-ffdc86e0fcd5","זורקן","זורקנ","Unresolved","","No lexical entry yet","true","1","Tosefta Zevachim 7:3"
"tosefta-zevachim","Tosefta Zevachim","tok-2f08a591edcd","זית","זית","Unresolved","","No lexical entry yet","true","17","Tosefta Zevachim 2:3; Tosefta Zevachim 4:2; Tosefta Zevachim 12:4"
"tosefta-zevachim","Tosefta Zevachim","tok-e5060b121de7","זכה","זכה","Unresolved","","No lexical entry yet","true","1","Tosefta Zevachim 11:4"
"tosefta-zevachim","Tosefta Zevachim","tok-4f970e3f2a15","זכרים","זכרימ","Unresolved","","No lexical entry yet","true","1","Tosefta Zevachim 13:1"
"tosefta-zevachim","Tosefta Zevachim","tok-252489800ce9","זלגו","זלגו","Unresolved","","No lexical entry yet","true","1","Tosefta Zevachim 2:4"
"tosefta-zevachim","Tosefta Zevachim","tok-e7ce0d928497","זמנו","זמנו","Unresolved","","No lexical entry yet","true","1","Tosefta Zevachim 6:6"
"tosefta-zevachim","Tosefta Zevachim","tok-74f2cfea2c59","זקוק","זקוק","Unresolved","","No lexical entry yet","true","1","Tosefta Zevachim 10:5"
"tosefta-zevachim","Tosefta Zevachim","tok-11c9b462568f","זקנו","זקנו","Unresolved","","No lexical entry yet","true","1","Tosefta Zevachim 11:4"
"tosefta-zevachim","Tosefta Zevachim","tok-30219c93700f","זריקה","זריקה","Unresolved","","No lexical entry yet","true","6","Tosefta Zevachim 1:6; Tosefta Zevachim 2:3; Tosefta Zevachim 3:5"
"tosefta-zevachim","Tosefta Zevachim","tok-bb16acd7deba","זריקת","זריקת","Unresolved","","No lexical entry yet","true","10","Tosefta Zevachim 5:4; Tosefta Zevachim 5:5; Tosefta Zevachim 5:6; Tosefta Zevachim 10:7; Tosefta Zevachim 11:6"
"tosefta-zevachim","Tosefta Zevachim","tok-ed1697cd7b5a","זרק","זרק","Unresolved","","No lexical entry yet","true","8","Tosefta Zevachim 3:5; Tosefta Zevachim 4:1; Tosefta Zevachim 11:2; Tosefta Zevachim 11:5; Tosefta Zevachim 11:6"
"tosefta-zevachim","Tosefta Zevachim","tok-90cd87692851","זרקה","זרקה","Unresolved","","No lexical entry yet","true","1","Tosefta Zevachim 1:4"
"tosefta-zevachim","Tosefta Zevachim","tok-fe1d565571c9","זרקוהו","זרקוהו","Unresolved","","No lexical entry yet","true","1","Tosefta Zevachim 1:6"
"tosefta-zevachim","Tosefta Zevachim","tok-2824301dc4a2","ח׳","ח׳","Unresolved","","No lexical entry yet","true","4","Tosefta Zevachim 7:1; Tosefta Zevachim 11:4; Tosefta Zevachim 13:9"
"tosefta-zevachim","Tosefta Zevachim","tok-4b4881ff9b05","חביבות","חביבות","Unresolved","","No lexical entry yet","true","1","Tosefta Zevachim 10:3"
"tosefta-zevachim","Tosefta Zevachim","tok-6f9206b7c050","חבירו","חבירו","Unresolved","","No lexical entry yet","true","1","Tosefta Zevachim 12:2"
"tosefta-zevachim","Tosefta Zevachim","tok-91997a9aa466","חבר","חבר","Unresolved","","No lexical entry yet","true","1","Tosefta Zevachim 2:4"
"tosefta-zevachim","Tosefta Zevachim","tok-491dee073214","חברי","חברי","Unresolved","","No lexical entry yet","true","1","Tosefta Zevachim 2:4"
"tosefta-zevachim","Tosefta Zevachim","tok-83550376f383","חודה","חודה","Unresolved","","No lexical entry yet","true","1","Tosefta Zevachim 6:4"
"tosefta-zevachim","Tosefta Zevachim","tok-2efcff4079ac","חוטא","חוטא","Unresolved","","No lexical entry yet","true","1","Tosefta Zevachim 12:3"
"tosefta-zevachim","Tosefta Zevachim","tok-2e90b2680b06","חוטין","חוטינ","Unresolved","","No lexical entry yet","true","1","Tosefta Zevachim 6:5"
"tosefta-zevachim","Tosefta Zevachim","tok-b26bff5a5429","חוטף","חוטפ","Unresolved","","No lexical entry yet","true","1","Tosefta Zevachim 6:4"
"tosefta-zevachim","Tosefta Zevachim","tok-7cf18872dc4a","חולין","חולינ","Unresolved","","No lexical entry yet","true","3","Tosefta Zevachim 8:1; Tosefta Zevachim 10:4"
"tosefta-zevachim","Tosefta Zevachim","tok-b1e0cf64ac81","חולק","חולק","Unresolved","","No lexical entry yet","true","2","Tosefta Zevachim 11:4"
"tosefta-zevachim","Tosefta Zevachim","tok-2a2922ad3600","חולקין","חולקינ","Unresolved","","No lexical entry yet","true","1","Tosefta Zevachim 11:4"
"tosefta-zevachim","Tosefta Zevachim","tok-c6f54c33c2fb","חזה","חזה","Unresolved","","No lexical entry yet","true","2","Tosefta Zevachim 13:7"
"tosefta-zevachim","Tosefta Zevachim","tok-6068888192b8","חזר","חזר","Unresolved","","No lexical entry yet","true","3","Tosefta Zevachim 1:1; Tosefta Zevachim 1:5; Tosefta Zevachim 12:6"
"tosefta-zevachim","Tosefta Zevachim","tok-55a794c2d65d","חטאות","חטאות","Unresolved","","No lexical entry yet","true","4","Tosefta Zevachim 6:4; Tosefta Zevachim 10:5; Tosefta Zevachim 11:3"
"tosefta-zevachim","Tosefta Zevachim","tok-1dad3f3ba0d4","חטאתו","חטאתו","Unresolved","","No lexical entry yet","true","2","Tosefta Zevachim 8:2"
"tosefta-zevachim","Tosefta Zevachim","tok-45ee82ff074b","חטים","חטימ","Unresolved","","No lexical entry yet","true","1","Tosefta Zevachim 10:2"
"tosefta-zevachim","Tosefta Zevachim","tok-2b1bcdcbc7c9","חייב","חייב","Unresolved","","No lexical entry yet","true","33","Tosefta Zevachim 5:5; Tosefta Zevachim 8:14; Tosefta Zevachim 12:1; Tosefta Zevachim 12:2; Tosefta Zevachim 12:3"
"tosefta-zevachim","Tosefta Zevachim","tok-a0bfa1c8beee","חייבין","חייבינ","Unresolved","","No lexical entry yet","true","35","Tosefta Zevachim 1:6; Tosefta Zevachim 4:2; Tosefta Zevachim 4:3; Tosefta Zevachim 5:1; Tosefta Zevachim 5:2"
"tosefta-zevachim","Tosefta Zevachim","tok-0e9484ee224f","חיין","חיינ","Unresolved","","No lexical entry yet","true","2","Tosefta Zevachim 8:4; Tosefta Zevachim 8:9"
"tosefta-zevachim","Tosefta Zevachim","tok-c44336573644","חיסר","חיסר","Unresolved","","No lexical entry yet","true","3","Tosefta Zevachim 6:3; Tosefta Zevachim 6:4; Tosefta Zevachim 6:6"
"tosefta-zevachim","Tosefta Zevachim","tok-ea9304f66235","חישב","חישב","Unresolved","","No lexical entry yet","true","7","Tosefta Zevachim 1:4; Tosefta Zevachim 3:2; Tosefta Zevachim 3:3; Tosefta Zevachim 3:4"
"tosefta-zevachim","Tosefta Zevachim","tok-449d43d420d3","חלבו","חלבו","Unresolved","","No lexical entry yet","true","1","Tosefta Zevachim 1:1"
"tosefta-zevachim","Tosefta Zevachim","tok-8dbfe3fc93dc","חלבים","חלבימ","Unresolved","","No lexical entry yet","true","3","Tosefta Zevachim 1:1; Tosefta Zevachim 4:2; Tosefta Zevachim 12:4"
"tosefta-zevachim","Tosefta Zevachim","tok-6363fbf27a44","חלבין","חלבינ","Unresolved","","No lexical entry yet","true","1","Tosefta Zevachim 1:8"
"tosefta-zevachim","Tosefta Zevachim","tok-6897c773090b","חלון","חלונ","Unresolved","","No lexical entry yet","true","1","Tosefta Zevachim 7:2"
"tosefta-zevachim","Tosefta Zevachim","tok-6297b4f6a300","חמץ","חמצ","Unresolved","","No lexical entry yet","true","3","Tosefta Zevachim 10:3"
"tosefta-zevachim","Tosefta Zevachim","tok-f70b69d8cce6","חמש","חמש","Unresolved","","No lexical entry yet","true","2","Tosefta Zevachim 6:5"
"tosefta-zevachim","Tosefta Zevachim","tok-ef329e132f66","חמשים","חמשימ","Unresolved","","No lexical entry yet","true","1","Tosefta Zevachim 13:3"
"tosefta-zevachim","Tosefta Zevachim","tok-34a81016eec7","חנינא","חנינא","Unresolved","","No lexical entry yet","true","1","Tosefta Zevachim 9:2"
"tosefta-zevachim","Tosefta Zevachim","tok-a4646a1fe774","חצות","חצות","Unresolved","","No lexical entry yet","true","2","Tosefta Zevachim 6:7; Tosefta Zevachim 8:3"
"tosefta-zevachim","Tosefta Zevachim","tok-ff368409440e","חצרו","חצרו","Unresolved","","No lexical entry yet","true","1","Tosefta Zevachim 13:8"
"tosefta-zevachim","Tosefta Zevachim","tok-cf4c8ca6a0fe","חשב","חשב","Unresolved","","No lexical entry yet","true","11","Tosefta Zevachim 1:4; Tosefta Zevachim 3:1; Tosefta Zevachim 3:2; Tosefta Zevachim 3:3; Tosefta Zevachim 4:4"
"tosefta-zevachim","Tosefta Zevachim","tok-1b2506257fe0","חתך","חתכ","Unresolved","","No lexical entry yet","true","1","Tosefta Zevachim 8:6"
"tosefta-zevachim","Tosefta Zevachim","tok-017b332d0f6e","ט׳","ט׳","Unresolved","","No lexical entry yet","true","1","Tosefta Zevachim 13:9"
"tosefta-zevachim","Tosefta Zevachim","tok-17cb8947b55f","ט״ז","ט״ז","Unresolved","","No lexical entry yet","true","2","Tosefta Zevachim 10:1; Tosefta Zevachim 13:6"
"tosefta-zevachim","Tosefta Zevachim","tok-f96bd1824f2f","טבול","טבול","Unresolved","","No lexical entry yet","true","2","Tosefta Zevachim 12:7"
"tosefta-zevachim","Tosefta Zevachim","tok-5f0bdb7c8e41","טבילה","טבילה","Unresolved","","No lexical entry yet","true","1","Tosefta Zevachim 6:3"
"tosefta-zevachim","Tosefta Zevachim","tok-6338f1e3a1fc","טבל","טבל","Unresolved","","No lexical entry yet","true","2","Tosefta Zevachim 6:3; Tosefta Zevachim 12:8"
"tosefta-zevachim","Tosefta Zevachim","tok-5404533d3f3c","טהורין","טהורינ","Unresolved","","No lexical entry yet","true","1","Tosefta Zevachim 13:1"
"tosefta-zevachim","Tosefta Zevachim","tok-2f1ff4232806","טובל","טובל","Unresolved","","No lexical entry yet","true","1","Tosefta Zevachim 6:4"
"tosefta-zevachim","Tosefta Zevachim","tok-fdeffb761a06","טומטום","טומטומ","Unresolved","","No lexical entry yet","true","3","Tosefta Zevachim 7:6"
"tosefta-zevachim","Tosefta Zevachim","tok-2b8138bd9f79","טיפה","טיפה","Unresolved","","No lexical entry yet","true","1","Tosefta Zevachim 1:7"
"tosefta-zevachim","Tosefta Zevachim","tok-87b606503b54","טמאין","טמאינ","Unresolved","","No lexical entry yet","true","1","Tosefta Zevachim 13:1"
"tosefta-zevachim","Tosefta Zevachim","tok-9036abf0fa72","טעון","טעונ","Unresolved","","No lexical entry yet","true","17","Tosefta Zevachim 1:5; Tosefta Zevachim 8:14; Tosefta Zevachim 10:1; Tosefta Zevachim 10:5; Tosefta Zevachim 10:6"
"tosefta-zevachim","Tosefta Zevachim","tok-a0e5a8180327","טעונה","טעונה","Unresolved","","No lexical entry yet","true","2","Tosefta Zevachim 10:1; Tosefta Zevachim 13:5"
"tosefta-zevachim","Tosefta Zevachim","tok-f3ed3f7f993d","טעונים","טעונימ","Unresolved","","No lexical entry yet","true","1","Tosefta Zevachim 10:6"
"tosefta-zevachim","Tosefta Zevachim","tok-482d92346ef3","טעונין","טעונינ","Unresolved","","No lexical entry yet","true","6","Tosefta Zevachim 5:4; Tosefta Zevachim 10:6"
"tosefta-zevachim","Tosefta Zevachim","tok-1cabee70b21d","טפח","טפח","Unresolved","","No lexical entry yet","true","1","Tosefta Zevachim 6:5"
"tosefta-zevachim","Tosefta Zevachim","tok-766e9f87ef38","טרפה","טרפה","Unresolved","","No lexical entry yet","true","1","Tosefta Zevachim 8:12"
"tosefta-zevachim","Tosefta Zevachim","tok-6fd6b04b3bfb","טרפון","טרפונ","Unresolved","","No lexical entry yet","true","2","Tosefta Zevachim 10:6"
"tosefta-zevachim","Tosefta Zevachim","tok-5fbe252e1c16","י׳","י׳","Unresolved","","No lexical entry yet","true","1","Tosefta Zevachim 11:4"
"tosefta-zevachim","Tosefta Zevachim","tok-8b5594637bd1","י״א","י״א","Unresolved","","No lexical entry yet","true","1","Tosefta Zevachim 8:6"
"tosefta-zevachim","Tosefta Zevachim","tok-fbcd60a7fd6b","י״ב","י״ב","Unresolved","","No lexical entry yet","true","5","Tosefta Zevachim 1:1; Tosefta Zevachim 4:1; Tosefta Zevachim 13:9"
"tosefta-zevachim","Tosefta Zevachim","tok-88e11e779518","י״ד","י״ד","Unresolved","","No lexical entry yet","true","1","Tosefta Zevachim 13:9"
"tosefta-zevachim","Tosefta Zevachim","tok-0d77494e2eb0","י״ז","י״ז","Unresolved","","No lexical entry yet","true","2","Tosefta Zevachim 8:6; Tosefta Zevachim 10:1"
"tosefta-zevachim","Tosefta Zevachim","tok-eddf2a66fb2e","י״ח","י״ח","Unresolved","","No lexical entry yet","true","1","Tosefta Zevachim 10:5"
"tosefta-zevachim","Tosefta Zevachim","tok-d9ca23daa22f","יאכל","יאכל","Unresolved","","No lexical entry yet","true","1","Tosefta Zevachim 10:6"
"tosefta-zevachim","Tosefta Zevachim","tok-bc3961eb90a9","ידיעות","ידיעות","Unresolved","","No lexical entry yet","true","1","Tosefta Zevachim 5:5"
"tosefta-zevachim","Tosefta Zevachim","tok-8036c206ac1d","יהא","יהא","Unresolved","","No lexical entry yet","true","4","Tosefta Zevachim 1:1; Tosefta Zevachim 4:1; Tosefta Zevachim 8:12"
"tosefta-zevachim","Tosefta Zevachim","tok-5333ff4e1a78","יוחנן","יוחננ","Unresolved","","No lexical entry yet","true","2","Tosefta Zevachim 7:2; Tosefta Zevachim 7:3"
"tosefta-zevachim","Tosefta Zevachim","tok-8e70bc6c3c85","יוכיחו","יוכיחו","Unresolved","","No lexical entry yet","true","1","Tosefta Zevachim 12:4"
"tosefta-zevachim","Tosefta Zevachim","tok-4e0186f2eaa3","יולדת","יולדת","Unresolved","","No lexical entry yet","true","2","Tosefta Zevachim 1:2; Tosefta Zevachim 10:2"
"tosefta-zevachim","Tosefta Zevachim","tok-576fc7fcccad","יוליך","יוליכ","Unresolved","","No lexical entry yet","true","1","Tosefta Zevachim 8:2"
"tosefta-zevachim","Tosefta Zevachim","tok-cb1a35887022","יוסי","יוסי","Unresolved","","No lexical entry yet","true","15","Tosefta Zevachim 1:4; Tosefta Zevachim 2:4; Tosefta Zevachim 5:3; Tosefta Zevachim 5:4; Tosefta Zevachim 5:7"
"tosefta-zevachim","Tosefta Zevachim","tok-3ca5a6741672","יורדין","יורדינ","Unresolved","","No lexical entry yet","true","1","Tosefta Zevachim 6:5"
"tosefta-zevachim","Tosefta Zevachim","tok-985276894b97","יושבין","יושבינ","Unresolved","","No lexical entry yet","true","1","Tosefta Zevachim 2:4"
"tosefta-zevachim","Tosefta Zevachim","tok-c00761b1a886","יזכו","יזכו","Unresolved","","No lexical entry yet","true","1","Tosefta Zevachim 11:4"
"tosefta-zevachim","Tosefta Zevachim","tok-a94c981132a7","יזרוק","יזרוק","Unresolved","","No lexical entry yet","true","6","Tosefta Zevachim 4:1; Tosefta Zevachim 4:2"
"tosefta-zevachim","Tosefta Zevachim","tok-ebbd989817f4","יחזור","יחזור","Unresolved","","No lexical entry yet","true","4","Tosefta Zevachim 3:4; Tosefta Zevachim 8:11"
"tosefta-zevachim","Tosefta Zevachim","tok-ed55341b001e","יין","יינ","Unresolved","","No lexical entry yet","true","8","Tosefta Zevachim 8:6; Tosefta Zevachim 10:4; Tosefta Zevachim 11:1; Tosefta Zevachim 12:4; Tosefta Zevachim 12:8"
"tosefta-zevachim","Tosefta Zevachim","tok-eec0838be291","יכבדנני","יכבדנני","Unresolved","","No lexical entry yet","true","1","Tosefta Zevachim 11:1"
"tosefta-zevachim","Tosefta Zevachim","tok-d51fdd2d5f07","יכפר","יכפר","Unresolved","","No lexical entry yet","true","1","Tosefta Zevachim 8:6"
"tosefta-zevachim","Tosefta Zevachim","tok-83a9f14f1582","ימות","ימות","Unresolved","","No lexical entry yet","true","2","Tosefta Zevachim 12:4; Tosefta Zevachim 13:6"
"tosefta-zevachim","Tosefta Zevachim","tok-232896127100","ימותו","ימותו","Unresolved","","No lexical entry yet","true","1","Tosefta Zevachim 8:2"
"tosefta-zevachim","Tosefta Zevachim","tok-9a4ba65807a6","ינטל","ינטל","Unresolved","","No lexical entry yet","true","1","Tosefta Zevachim 1:5"
"tosefta-zevachim","Tosefta Zevachim","tok-b5982c6a0975","ינתנו","ינתנו","Unresolved","","No lexical entry yet","true","5","Tosefta Zevachim 8:8; Tosefta Zevachim 8:10"
"tosefta-zevachim","Tosefta Zevachim","tok-e838abc1443e","יפלו","יפלו","Unresolved","","No lexical entry yet","true","1","Tosefta Zevachim 8:2"
"tosefta-zevachim","Tosefta Zevachim","tok-10c141e13257","יפסול","יפסול","Unresolved","","No lexical entry yet","true","1","Tosefta Zevachim 8:12"
"tosefta-zevachim","Tosefta Zevachim","tok-d880a079585a","יפשיט","יפשיט","Unresolved","","No lexical entry yet","true","4","Tosefta Zevachim 11:5; Tosefta Zevachim 11:6"
"tosefta-zevachim","Tosefta Zevachim","tok-d7356cb4dd88","יקדישום","יקדישומ","Unresolved","","No lexical entry yet","true","1","Tosefta Zevachim 8:1"
"tosefta-zevachim","Tosefta Zevachim","tok-047b78d14a28","יקטירנה","יקטירנה","Unresolved","","No lexical entry yet","true","1","Tosefta Zevachim 9:3"
"tosefta-zevachim","Tosefta Zevachim","tok-a6cd29689232","יקרבו","יקרבו","Unresolved","","No lexical entry yet","true","15","Tosefta Zevachim 8:2; Tosefta Zevachim 8:5; Tosefta Zevachim 8:7; Tosefta Zevachim 13:4"
"tosefta-zevachim","Tosefta Zevachim","tok-bdd204493542","ירך","ירכ","Unresolved","","No lexical entry yet","true","1","Tosefta Zevachim 7:1"
"tosefta-zevachim","Tosefta Zevachim","tok-8ce8c1db603b","ישחט","ישחט","Unresolved","","No lexical entry yet","true","5","Tosefta Zevachim 8:4"
"tosefta-zevachim","Tosefta Zevachim","tok-39d4f737d812","ישמעאל","ישמעאל","Unresolved","","No lexical entry yet","true","1","Tosefta Zevachim 7:2"
"tosefta-zevachim","Tosefta Zevachim","tok-c0946f3e58aa","ישפך","ישפכ","Unresolved","","No lexical entry yet","true","8","Tosefta Zevachim 4:1; Tosefta Zevachim 8:6; Tosefta Zevachim 8:7; Tosefta Zevachim 8:8; Tosefta Zevachim 8:11"
"tosefta-zevachim","Tosefta Zevachim","tok-0a8d9cb99f04","ישפכו","ישפכו","Unresolved","","No lexical entry yet","true","1","Tosefta Zevachim 8:8"
"tosefta-zevachim","Tosefta Zevachim","tok-4d25c7983043","יתנם","יתנמ","Unresolved","","No lexical entry yet","true","1","Tosefta Zevachim 8:1"
"tosefta-zevachim","Tosefta Zevachim","tok-54535636c8ed","כ״ג","כ״ג","Unresolved","","No lexical entry yet","true","1","Tosefta Zevachim 11:1"
"tosefta-zevachim","Tosefta Zevachim","tok-228e8dca4216","כאחיו","כאחיו","Unresolved","","No lexical entry yet","true","1","Tosefta Zevachim 11:4"
"tosefta-zevachim","Tosefta Zevachim","tok-02360fb1b62a","כאריה","כאריה","Unresolved","","No lexical entry yet","true","1","Tosefta Zevachim 13:9"
"tosefta-zevachim","Tosefta Zevachim","tok-ac8fdcc916f5","כאשם","כאשמ","Unresolved","","No lexical entry yet","true","1","Tosefta Zevachim 8:11"
"tosefta-zevachim","Tosefta Zevachim","tok-f04c644bd6fd","כבוס","כבוס","Unresolved","","No lexical entry yet","true","3","Tosefta Zevachim 10:5"
"tosefta-zevachim","Tosefta Zevachim","tok-ee86ad352300","כבכור","כבכור","Unresolved","","No lexical entry yet","true","1","Tosefta Zevachim 8:4"
"tosefta-zevachim","Tosefta Zevachim","tok-db54b871b5cd","כבש","כבש","Unresolved","","No lexical entry yet","true","1","Tosefta Zevachim 7:2"
"tosefta-zevachim","Tosefta Zevachim","tok-1d663d544855","כבשים","כבשימ","Unresolved","","No lexical entry yet","true","6","Tosefta Zevachim 1:3; Tosefta Zevachim 3:5; Tosefta Zevachim 10:6"
"tosefta-zevachim","Tosefta Zevachim","tok-e12753a418fa","כגון","כגונ","Unresolved","","No lexical entry yet","true","1","Tosefta Zevachim 4:4"
"tosefta-zevachim","Tosefta Zevachim","tok-6ef6ddd7a26f","כדרום","כדרומ","Unresolved","","No lexical entry yet","true","1","Tosefta Zevachim 7:1"
"tosefta-zevachim","Tosefta Zevachim","tok-e2ced419490a","כדרכו","כדרכו","Unresolved","","No lexical entry yet","true","1","Tosefta Zevachim 13:8"
"tosefta-zevachim","Tosefta Zevachim","tok-4fa4379c32ab","כדרכן","כדרכנ","Unresolved","","No lexical entry yet","true","2","Tosefta Zevachim 1:8"
"tosefta-zevachim","Tosefta Zevachim","tok-c85249774c8b","כוונת","כוונת","Unresolved","","No lexical entry yet","true","1","Tosefta Zevachim 2:4"
"tosefta-zevachim","Tosefta Zevachim","tok-e1e07727e21c","כוכבים","כוכבימ","Unresolved","","No lexical entry yet","true","2","Tosefta Zevachim 5:4; Tosefta Zevachim 13:1"
"tosefta-zevachim","Tosefta Zevachim","tok-d9f7247603c3","כוסות","כוסות","Unresolved","","No lexical entry yet","true","5","Tosefta Zevachim 8:7; Tosefta Zevachim 8:12; Tosefta Zevachim 8:14; Tosefta Zevachim 12:5"
"tosefta-zevachim","Tosefta Zevachim","tok-6ea7d32772e9","כותל","כותל","Unresolved","","No lexical entry yet","true","2","Tosefta Zevachim 6:1"
"tosefta-zevachim","Tosefta Zevachim","tok-480a16b5633f","כחטאת","כחטאת","Unresolved","","No lexical entry yet","true","1","Tosefta Zevachim 8:11"
"tosefta-zevachim","Tosefta Zevachim","tok-912ecb92cb31","כחמור","כחמור","Unresolved","","No lexical entry yet","true","2","Tosefta Zevachim 8:4; Tosefta Zevachim 10:6"
"tosefta-zevachim","Tosefta Zevachim","tok-9f6c6d8b644c","כחצי","כחצי","Unresolved","","No lexical entry yet","true","15","Tosefta Zevachim 2:3; Tosefta Zevachim 4:2; Tosefta Zevachim 12:4"
"tosefta-zevachim","Tosefta Zevachim","tok-d7cfff67eb92","כיבוס","כיבוס","Unresolved","","No lexical entry yet","true","6","Tosefta Zevachim 8:14; Tosefta Zevachim 10:5"
"tosefta-zevachim","Tosefta Zevachim","tok-f3e9eeeeffc4","כיוצא","כיוצא","Unresolved","","No lexical entry yet","true","3","Tosefta Zevachim 10:4; Tosefta Zevachim 11:6; Tosefta Zevachim 12:6"
"tosefta-zevachim","Tosefta Zevachim","tok-053e91b55d3b","כיור","כיור","Unresolved","","No lexical entry yet","true","2","Tosefta Zevachim 13:7"
"tosefta-zevachim","Tosefta Zevachim","tok-72c8da5300d0","כיפר","כיפר","Unresolved","","No lexical entry yet","true","3","Tosefta Zevachim 12:5"
"tosefta-zevachim","Tosefta Zevachim","tok-54e4df6bf824","כיפרו","כיפרו","Unresolved","","No lexical entry yet","true","1","Tosefta Zevachim 12:6"
"tosefta-zevachim","Tosefta Zevachim","tok-3e4974dc9075","כיצד","כיצד","Unresolved","","No lexical entry yet","true","25","Tosefta Zevachim 2:1; Tosefta Zevachim 2:2; Tosefta Zevachim 2:3; Tosefta Zevachim 3:1; Tosefta Zevachim 3:5"
"tosefta-zevachim","Tosefta Zevachim","tok-2074fc807835","כללו","כללו","Unresolved","","No lexical entry yet","true","5","Tosefta Zevachim 1:2; Tosefta Zevachim 3:4; Tosefta Zevachim 5:6; Tosefta Zevachim 7:5; Tosefta Zevachim 8:14"
"tosefta-zevachim","Tosefta Zevachim","tok-446e62495140","כמעשר","כמעשר","Unresolved","","No lexical entry yet","true","1","Tosefta Zevachim 8:4"
"tosefta-zevachim","Tosefta Zevachim","tok-961bdbc234a1","כמצותו","כמצותו","Unresolved","","No lexical entry yet","true","10","Tosefta Zevachim 2:2; Tosefta Zevachim 7:4; Tosefta Zevachim 7:5"
"tosefta-zevachim","Tosefta Zevachim","tok-29c347d1e618","כמצותן","כמצותנ","Unresolved","","No lexical entry yet","true","2","Tosefta Zevachim 11:8"
"tosefta-zevachim","Tosefta Zevachim","tok-2ce0a30ffee3","כנתחי","כנתחי","Unresolved","","No lexical entry yet","true","1","Tosefta Zevachim 11:3"
"tosefta-zevachim","Tosefta Zevachim","tok-6c88e06ddad5","כפורים","כפורימ","Unresolved","","No lexical entry yet","true","4","Tosefta Zevachim 3:3; Tosefta Zevachim 12:7; Tosefta Zevachim 12:8"
"tosefta-zevachim","Tosefta Zevachim","tok-ac341c883d4c","כפורש","כפורש","Unresolved","","No lexical entry yet","true","1","Tosefta Zevachim 1:6"
"tosefta-zevachim","Tosefta Zevachim","tok-babb88bfdccb","כפסח","כפסח","Unresolved","","No lexical entry yet","true","3","Tosefta Zevachim 8:3; Tosefta Zevachim 8:4"
"tosefta-zevachim","Tosefta Zevachim","tok-2b93fe2bfb89","כפר","כפר","Unresolved","","No lexical entry yet","true","1","Tosefta Zevachim 2:2"
"tosefta-zevachim","Tosefta Zevachim","tok-abb1a23170b2","כרת","כרת","Unresolved","","No lexical entry yet","true","55","Tosefta Zevachim 1:4; Tosefta Zevachim 2:1; Tosefta Zevachim 2:2; Tosefta Zevachim 2:3; Tosefta Zevachim 3:1"
"tosefta-zevachim","Tosefta Zevachim","tok-c00473c8efae","כשלמים","כשלמימ","Unresolved","","No lexical entry yet","true","2","Tosefta Zevachim 5:3"
"tosefta-zevachim","Tosefta Zevachim","tok-ff1e0d06d607","כשר","כשר","Unresolved","","No lexical entry yet","true","46","Tosefta Zevachim 1:1; Tosefta Zevachim 1:4; Tosefta Zevachim 1:5; Tosefta Zevachim 1:6; Tosefta Zevachim 1:8"
"tosefta-zevachim","Tosefta Zevachim","tok-d939f820f268","כשרה","כשרה","Unresolved","","No lexical entry yet","true","17","Tosefta Zevachim 6:2; Tosefta Zevachim 6:3; Tosefta Zevachim 7:1; Tosefta Zevachim 7:2; Tosefta Zevachim 7:3"
"tosefta-zevachim","Tosefta Zevachim","tok-f611d995d650","כשרות","כשרות","Unresolved","","No lexical entry yet","true","1","Tosefta Zevachim 1:7"
"tosefta-zevachim","Tosefta Zevachim","tok-b765be730986","כשרים","כשרימ","Unresolved","","No lexical entry yet","true","1","Tosefta Zevachim 3:1"
"tosefta-zevachim","Tosefta Zevachim","tok-97c63ddb5d9c","כשרין","כשרינ","Unresolved","","No lexical entry yet","true","10","Tosefta Zevachim 1:1; Tosefta Zevachim 1:8; Tosefta Zevachim 3:1; Tosefta Zevachim 6:5; Tosefta Zevachim 11:8"
"tosefta-zevachim","Tosefta Zevachim","tok-efb749e2b999","כששינה","כששינה","Unresolved","","No lexical entry yet","true","1","Tosefta Zevachim 7:5"
"tosefta-zevachim","Tosefta Zevachim","tok-c8a94e7d3cca","כתקנה","כתקנה","Unresolved","","No lexical entry yet","true","1","Tosefta Zevachim 7:2"
"tosefta-zevachim","Tosefta Zevachim","tok-b39bba9e7108","לאהל","לאהל","Unresolved","","No lexical entry yet","true","1","Tosefta Zevachim 13:5"
"tosefta-zevachim","Tosefta Zevachim","tok-68ba2ddd9210","לאו","לאו","Unresolved","","No lexical entry yet","true","8","Tosefta Zevachim 1:5; Tosefta Zevachim 4:2; Tosefta Zevachim 7:2; Tosefta Zevachim 8:6; Tosefta Zevachim 9:6"
"tosefta-zevachim","Tosefta Zevachim","tok-6bbf93d62a43","לאיל","לאיל","Unresolved","","No lexical entry yet","true","1","Tosefta Zevachim 10:1"
"tosefta-zevachim","Tosefta Zevachim","tok-3fb633a834f4","לאילים","לאילימ","Unresolved","","No lexical entry yet","true","1","Tosefta Zevachim 10:3"
"tosefta-zevachim","Tosefta Zevachim","tok-8dad7b8a6c23","לאכילה","לאכילה","Unresolved","","No lexical entry yet","true","2","Tosefta Zevachim 4:2; Tosefta Zevachim 5:2"
"tosefta-zevachim","Tosefta Zevachim","tok-949bbec55e32","לאכילת","לאכילת","Unresolved","","No lexical entry yet","true","1","Tosefta Zevachim 7:1"
"tosefta-zevachim","Tosefta Zevachim","tok-a6cd37dbb61a","לאשם","לאשמ","Unresolved","","No lexical entry yet","true","1","Tosefta Zevachim 5:1"
"tosefta-zevachim","Tosefta Zevachim","tok-a7887bafb816","לבונה","לבונה","Unresolved","","No lexical entry yet","true","2","Tosefta Zevachim 11:1; Tosefta Zevachim 12:3"
"tosefta-zevachim","Tosefta Zevachim","tok-49ff3e0ac822","לבמה","לבמה","Unresolved","","No lexical entry yet","true","2","Tosefta Zevachim 13:7; Tosefta Zevachim 13:8"
"tosefta-zevachim","Tosefta Zevachim","tok-b95309cb46cd","לבניינו","לבניינו","Unresolved","","No lexical entry yet","true","2","Tosefta Zevachim 13:3"
"tosefta-zevachim","Tosefta Zevachim","tok-73937d2fe58b","לבעלים","לבעלימ","Unresolved","","No lexical entry yet","true","9","Tosefta Zevachim 1:1; Tosefta Zevachim 1:2; Tosefta Zevachim 8:1; Tosefta Zevachim 9:5; Tosefta Zevachim 11:1"
"tosefta-zevachim","Tosefta Zevachim","tok-d0324358b8ee","לג׳","לג׳","Unresolved","","No lexical entry yet","true","1","Tosefta Zevachim 11:3"
"tosefta-zevachim","Tosefta Zevachim","tok-ce8627db1190","לגלגל","לגלגל","Unresolved","","No lexical entry yet","true","2","Tosefta Zevachim 13:3; Tosefta Zevachim 13:4"
"tosefta-zevachim","Tosefta Zevachim","tok-803f47413705","לגננין","לגננינ","Unresolved","","No lexical entry yet","true","1","Tosefta Zevachim 6:3"
"tosefta-zevachim","Tosefta Zevachim","tok-dc8cdecc8d54","לדרום","לדרומ","Unresolved","","No lexical entry yet","true","1","Tosefta Zevachim 6:2"
"tosefta-zevachim","Tosefta Zevachim","tok-7b81e46f451d","לה׳","לה׳","Unresolved","","No lexical entry yet","true","1","Tosefta Zevachim 1:1"
"tosefta-zevachim","Tosefta Zevachim","tok-05a04a8864a3","להו","להו","Unresolved","","No lexical entry yet","true","1","Tosefta Zevachim 5:1"
"tosefta-zevachim","Tosefta Zevachim","tok-8647449d4467","להוציאן","להוציאנ","Unresolved","","No lexical entry yet","true","1","Tosefta Zevachim 2:4"
"tosefta-zevachim","Tosefta Zevachim","tok-074a2165855c","להזות","להזות","Unresolved","","No lexical entry yet","true","3","Tosefta Zevachim 7:4; Tosefta Zevachim 12:2"
"tosefta-zevachim","Tosefta Zevachim","tok-ae3316f1be5a","להחמיר","להחמיר","Unresolved","","No lexical entry yet","true","1","Tosefta Zevachim 5:4"
"tosefta-zevachim","Tosefta Zevachim","tok-58c224f35318","להלך","להלכ","Unresolved","","No lexical entry yet","true","1","Tosefta Zevachim 3:5"
"tosefta-zevachim","Tosefta Zevachim","tok-33fac5fa09fe","להלכה","להלכה","Unresolved","","No lexical entry yet","true","1","Tosefta Zevachim 1:6"
"tosefta-zevachim","Tosefta Zevachim","tok-d98e98921171","להלן","להלנ","Unresolved","","No lexical entry yet","true","1","Tosefta Zevachim 1:6"
"tosefta-zevachim","Tosefta Zevachim","tok-65ef7955a0cd","להניחו","להניחו","Unresolved","","No lexical entry yet","true","1","Tosefta Zevachim 1:4"
"tosefta-zevachim","Tosefta Zevachim","tok-c9df72815a8b","להקטיר","להקטיר","Unresolved","","No lexical entry yet","true","21","Tosefta Zevachim 2:1; Tosefta Zevachim 2:2; Tosefta Zevachim 2:3; Tosefta Zevachim 2:4; Tosefta Zevachim 3:5"
"tosefta-zevachim","Tosefta Zevachim","tok-aab268868c4c","להקטרה","להקטרה","Unresolved","","No lexical entry yet","true","1","Tosefta Zevachim 4:2"
"tosefta-zevachim","Tosefta Zevachim","tok-5600978ca4b9","להקריבן","להקריבנ","Unresolved","","No lexical entry yet","true","1","Tosefta Zevachim 12:6"
"tosefta-zevachim","Tosefta Zevachim","tok-242f53495ecf","לוג","לוג","Unresolved","","No lexical entry yet","true","2","Tosefta Zevachim 1:8; Tosefta Zevachim 5:1"
"tosefta-zevachim","Tosefta Zevachim","tok-2f2d27817c30","לוגין","לוגינ","Unresolved","","No lexical entry yet","true","6","Tosefta Zevachim 12:4; Tosefta Zevachim 12:8"
"tosefta-zevachim","Tosefta Zevachim","tok-41feeb9daa75","לוקה","לוקה","Unresolved","","No lexical entry yet","true","1","Tosefta Zevachim 5:6"
"tosefta-zevachim","Tosefta Zevachim","tok-8fd2dd373527","לוקח","לוקח","Unresolved","","No lexical entry yet","true","2","Tosefta Zevachim 8:1; Tosefta Zevachim 8:2"
"tosefta-zevachim","Tosefta Zevachim","tok-3013f17fe902","לזבוח","לזבוח","Unresolved","","No lexical entry yet","true","1","Tosefta Zevachim 13:6"
"tosefta-zevachim","Tosefta Zevachim","tok-08381a81d97b","לזבח","לזבח","Unresolved","","No lexical entry yet","true","1","Tosefta Zevachim 5:1"
"tosefta-zevachim","Tosefta Zevachim","tok-ced167cc75a3","לזבל","לזבל","Unresolved","","No lexical entry yet","true","2","Tosefta Zevachim 6:3; Tosefta Zevachim 6:5"
"tosefta-zevachim","Tosefta Zevachim","tok-332a345074ab","לזכרי","לזכרי","Unresolved","","No lexical entry yet","true","1","Tosefta Zevachim 6:7"
"tosefta-zevachim","Tosefta Zevachim","tok-1f842bd23fa3","לזמנה","לזמנה","Unresolved","","No lexical entry yet","true","2","Tosefta Zevachim 2:2; Tosefta Zevachim 11:4"
"tosefta-zevachim","Tosefta Zevachim","tok-3535e2ab1094","לזמנו","לזמנו","Unresolved","","No lexical entry yet","true","48","Tosefta Zevachim 1:4; Tosefta Zevachim 2:2; Tosefta Zevachim 2:3; Tosefta Zevachim 3:1; Tosefta Zevachim 3:2"
"tosefta-zevachim","Tosefta Zevachim","tok-ae5b1215caf8","לזמנן","לזמננ","Unresolved","","No lexical entry yet","true","3","Tosefta Zevachim 2:2; Tosefta Zevachim 12:8"
"tosefta-zevachim","Tosefta Zevachim","tok-5d5ae30637c6","לזרוק","לזרוק","Unresolved","","No lexical entry yet","true","13","Tosefta Zevachim 2:1; Tosefta Zevachim 2:2; Tosefta Zevachim 3:5; Tosefta Zevachim 5:3; Tosefta Zevachim 11:5"
"tosefta-zevachim","Tosefta Zevachim","tok-ae4c7665f220","לזריקה","לזריקה","Unresolved","","No lexical entry yet","true","3","Tosefta Zevachim 1:6"
"tosefta-zevachim","Tosefta Zevachim","tok-5a5116c51b68","לחטאת","לחטאת","Unresolved","","No lexical entry yet","true","2","Tosefta Zevachim 1:1; Tosefta Zevachim 10:3"
"tosefta-zevachim","Tosefta Zevachim","tok-1b2bcbb68dc8","לחטאתי","לחטאתי","Unresolved","","No lexical entry yet","true","2","Tosefta Zevachim 10:2"
"tosefta-zevachim","Tosefta Zevachim","tok-dce57397c335","לחמור","לחמור","Unresolved","","No lexical entry yet","true","1","Tosefta Zevachim 10:6"
"tosefta-zevachim","Tosefta Zevachim","tok-204123609882","לילך","לילכ","Unresolved","","No lexical entry yet","true","2","Tosefta Zevachim 1:4"
"tosefta-zevachim","Tosefta Zevachim","tok-9cc83c5b0b28","ליקרב","ליקרב","Unresolved","","No lexical entry yet","true","10","Tosefta Zevachim 8:13; Tosefta Zevachim 12:2; Tosefta Zevachim 12:3; Tosefta Zevachim 12:6; Tosefta Zevachim 13:5"
"tosefta-zevachim","Tosefta Zevachim","tok-1b3ec6d1d12e","לירושלים","לירושלימ","Unresolved","","No lexical entry yet","true","1","Tosefta Zevachim 11:3"
"tosefta-zevachim","Tosefta Zevachim","tok-013ada81652d","לכבשה","לכבשה","Unresolved","","No lexical entry yet","true","2","Tosefta Zevachim 10:1; Tosefta Zevachim 10:2"
"tosefta-zevachim","Tosefta Zevachim","tok-3138c17c14ec","לכבשים","לכבשימ","Unresolved","","No lexical entry yet","true","1","Tosefta Zevachim 10:3"
"tosefta-zevachim","Tosefta Zevachim","tok-6f30c7e9087a","לכיבוס","לכיבוס","Unresolved","","No lexical entry yet","true","2","Tosefta Zevachim 10:5"
"tosefta-zevachim","Tosefta Zevachim","tok-8860109cdb67","ללותתן","ללותתנ","Unresolved","","No lexical entry yet","true","1","Tosefta Zevachim 10:4"
"tosefta-zevachim","Tosefta Zevachim","tok-88317d2bc4b0","ללחם","ללחמ","Unresolved","","No lexical entry yet","true","1","Tosefta Zevachim 10:3"
"tosefta-zevachim","Tosefta Zevachim","tok-5f9099a475a1","ללשכת","ללשכת","Unresolved","","No lexical entry yet","true","1","Tosefta Zevachim 11:7"
"tosefta-zevachim","Tosefta Zevachim","tok-50f2ad74246d","למגען","למגענ","Unresolved","","No lexical entry yet","true","1","Tosefta Zevachim 1:8"
"tosefta-zevachim","Tosefta Zevachim","tok-e37bcd07cc0f","למזבח","למזבח","Unresolved","","No lexical entry yet","true","6","Tosefta Zevachim 5:2; Tosefta Zevachim 7:3; Tosefta Zevachim 11:1; Tosefta Zevachim 11:3; Tosefta Zevachim 11:4"
"tosefta-zevachim","Tosefta Zevachim","tok-e094b89db819","למזרח","למזרח","Unresolved","","No lexical entry yet","true","1","Tosefta Zevachim 7:3"
"tosefta-zevachim","Tosefta Zevachim","tok-e523238a37be","למחיצתו","למחיצתו","Unresolved","","No lexical entry yet","true","1","Tosefta Zevachim 13:2"
"tosefta-zevachim","Tosefta Zevachim","tok-f58fe0fabddb","למחר","למחר","Unresolved","","No lexical entry yet","true","39","Tosefta Zevachim 2:1; Tosefta Zevachim 2:2; Tosefta Zevachim 2:3; Tosefta Zevachim 2:4; Tosefta Zevachim 3:5"
"tosefta-zevachim","Tosefta Zevachim","tok-ad17abdabda1","למחרת","למחרת","Unresolved","","No lexical entry yet","true","1","Tosefta Zevachim 2:4"
"tosefta-zevachim","Tosefta Zevachim","tok-fb52d1d0d9bd","למחשבת","למחשבת","Unresolved","","No lexical entry yet","true","20","Tosefta Zevachim 2:2; Tosefta Zevachim 2:3; Tosefta Zevachim 7:4"
"tosefta-zevachim","Tosefta Zevachim","tok-32d1b81d626f","למטן","למטנ","Unresolved","","No lexical entry yet","true","3","Tosefta Zevachim 3:4; Tosefta Zevachim 6:5"
"tosefta-zevachim","Tosefta Zevachim","tok-0d1705d8376e","למלח","למלח","Unresolved","","No lexical entry yet","true","1","Tosefta Zevachim 10:2"
"tosefta-zevachim","Tosefta Zevachim","tok-272ebb0bce1c","למנורה","למנורה","Unresolved","","No lexical entry yet","true","1","Tosefta Zevachim 6:3"
"tosefta-zevachim","Tosefta Zevachim","tok-5b7f5ca5c1c2","למנחה","למנחה","Unresolved","","No lexical entry yet","true","1","Tosefta Zevachim 2:4"
"tosefta-zevachim","Tosefta Zevachim","tok-f718ca8b9616","למנחת","למנחת","Unresolved","","No lexical entry yet","true","2","Tosefta Zevachim 10:2"
"tosefta-zevachim","Tosefta Zevachim","tok-21d7fe297bed","למעלן","למעלנ","Unresolved","","No lexical entry yet","true","4","Tosefta Zevachim 1:8; Tosefta Zevachim 3:4"
"tosefta-zevachim","Tosefta Zevachim","tok-8bae62c72a78","למערב","למערב","Unresolved","","No lexical entry yet","true","2","Tosefta Zevachim 6:5; Tosefta Zevachim 7:1"
"tosefta-zevachim","Tosefta Zevachim","tok-ea52293742d1","למערבו","למערבו","Unresolved","","No lexical entry yet","true","1","Tosefta Zevachim 7:2"
"tosefta-zevachim","Tosefta Zevachim","tok-43a9457c7614","למפריש","למפריש","Unresolved","","No lexical entry yet","true","1","Tosefta Zevachim 12:5"
"tosefta-zevachim","Tosefta Zevachim","tok-7591d27b237c","למקומן","למקומנ","Unresolved","","No lexical entry yet","true","2","Tosefta Zevachim 3:3; Tosefta Zevachim 12:8"
"tosefta-zevachim","Tosefta Zevachim","tok-032a845d30db","למתכפר","למתכפר","Unresolved","","No lexical entry yet","true","1","Tosefta Zevachim 10:1"
"tosefta-zevachim","Tosefta Zevachim","tok-e3b983dbe9ab","לן","לנ","Unresolved","","No lexical entry yet","true","1","Tosefta Zevachim 11:6"
"tosefta-zevachim","Tosefta Zevachim","tok-8c3b7650853f","לנאכלין","לנאכלינ","Unresolved","","No lexical entry yet","true","1","Tosefta Zevachim 10:3"
"tosefta-zevachim","Tosefta Zevachim","tok-b0eedef6a890","לנדבה","לנדבה","Unresolved","","No lexical entry yet","true","2","Tosefta Zevachim 8:2"
"tosefta-zevachim","Tosefta Zevachim","tok-98d2c8a7fb64","לנוב","לנוב","Unresolved","","No lexical entry yet","true","2","Tosefta Zevachim 13:3; Tosefta Zevachim 13:4"
"tosefta-zevachim","Tosefta Zevachim","tok-da33120f4d51","לנחל","לנחל","Unresolved","","No lexical entry yet","true","2","Tosefta Zevachim 6:3; Tosefta Zevachim 6:5"
"tosefta-zevachim","Tosefta Zevachim","tok-ff5e770edc37","לסובב","לסובב","Unresolved","","No lexical entry yet","true","1","Tosefta Zevachim 6:4"
"tosefta-zevachim","Tosefta Zevachim","tok-d5b5b7801146","לספלים","לספלימ","Unresolved","","No lexical entry yet","true","1","Tosefta Zevachim 9:1"
"tosefta-zevachim","Tosefta Zevachim","tok-2ff7823cc1b9","לעולת","לעולת","Unresolved","","No lexical entry yet","true","1","Tosefta Zevachim 10:2"
"tosefta-zevachim","Tosefta Zevachim","tok-5f367c5f79d6","לעולתי","לעולתי","Unresolved","","No lexical entry yet","true","2","Tosefta Zevachim 10:2"
"tosefta-zevachim","Tosefta Zevachim","tok-f8a425c0ee44","לפגל","לפגל","Unresolved","","No lexical entry yet","true","1","Tosefta Zevachim 2:3"
"tosefta-zevachim","Tosefta Zevachim","tok-42eb4900fb89","לפנימים","לפנימימ","Unresolved","","No lexical entry yet","true","1","Tosefta Zevachim 8:12"
"tosefta-zevachim","Tosefta Zevachim","tok-d452f0b38c67","לפר","לפר","Unresolved","","No lexical entry yet","true","1","Tosefta Zevachim 10:1"
"tosefta-zevachim","Tosefta Zevachim","tok-932930ceb21f","לצבור","לצבור","Unresolved","","No lexical entry yet","true","1","Tosefta Zevachim 1:3"
"tosefta-zevachim","Tosefta Zevachim","tok-2e1859aa46b7","לציבור","לציבור","Unresolved","","No lexical entry yet","true","1","Tosefta Zevachim 1:3"
"tosefta-zevachim","Tosefta Zevachim","tok-98f15da4a732","לקבלת","לקבלת","Unresolved","","No lexical entry yet","true","1","Tosefta Zevachim 1:6"
"tosefta-zevachim","Tosefta Zevachim","tok-39b703094fb3","לקדשי","לקדשי","Unresolved","","No lexical entry yet","true","2","Tosefta Zevachim 10:1; Tosefta Zevachim 10:6"
"tosefta-zevachim","Tosefta Zevachim","tok-8cf59d149d2b","לקדשים","לקדשימ","Unresolved","","No lexical entry yet","true","2","Tosefta Zevachim 10:3; Tosefta Zevachim 10:6"
"tosefta-zevachim","Tosefta Zevachim","tok-b809d018e6ac","לקיים","לקיימ","Unresolved","","No lexical entry yet","true","1","Tosefta Zevachim 2:4"
"tosefta-zevachim","Tosefta Zevachim","tok-a866358b0743","לקלעים","לקלעימ","Unresolved","","No lexical entry yet","true","11","Tosefta Zevachim 2:3; Tosefta Zevachim 4:1; Tosefta Zevachim 4:2; Tosefta Zevachim 4:3; Tosefta Zevachim 8:12"
"tosefta-zevachim","Tosefta Zevachim","tok-6131c16365c1","לר״ש","לר״ש","Unresolved","","No lexical entry yet","true","1","Tosefta Zevachim 8:4"
"tosefta-zevachim","Tosefta Zevachim","tok-f2828d4e44eb","לשוחט","לשוחט","Unresolved","","No lexical entry yet","true","2","Tosefta Zevachim 12:1"
"tosefta-zevachim","Tosefta Zevachim","tok-38c0212b93a0","לשחיטת","לשחיטת","Unresolved","","No lexical entry yet","true","1","Tosefta Zevachim 6:1"
"tosefta-zevachim","Tosefta Zevachim","tok-29c2cf940124","לשילה","לשילה","Unresolved","","No lexical entry yet","true","2","Tosefta Zevachim 13:3; Tosefta Zevachim 13:4"
"tosefta-zevachim","Tosefta Zevachim","tok-317c1b435078","לשל","לשל","Unresolved","","No lexical entry yet","true","1","Tosefta Zevachim 10:3"
"tosefta-zevachim","Tosefta Zevachim","tok-4d9b359b4618","לשמאלו","לשמאלו","Unresolved","","No lexical entry yet","true","1","Tosefta Zevachim 1:7"
"tosefta-zevachim","Tosefta Zevachim","tok-23149a7515e0","לשמו","לשמו","Unresolved","","No lexical entry yet","true","10","Tosefta Zevachim 1:1; Tosefta Zevachim 1:2; Tosefta Zevachim 1:4"
"tosefta-zevachim","Tosefta Zevachim","tok-d31b1f473dd0","לשמים","לשמימ","Unresolved","","No lexical entry yet","true","2","Tosefta Zevachim 11:7"
"tosefta-zevachim","Tosefta Zevachim","tok-f189973efec3","לשמן","לשמנ","Unresolved","","No lexical entry yet","true","15","Tosefta Zevachim 1:1; Tosefta Zevachim 1:7; Tosefta Zevachim 2:2; Tosefta Zevachim 3:1; Tosefta Zevachim 3:3"
"tosefta-zevachim","Tosefta Zevachim","tok-01c76d3f2c3f","לשנותו","לשנותו","Unresolved","","No lexical entry yet","true","2","Tosefta Zevachim 5:1"
"tosefta-zevachim","Tosefta Zevachim","tok-2e23212dfc3f","לשעיר","לשעיר","Unresolved","","No lexical entry yet","true","1","Tosefta Zevachim 10:1"
"tosefta-zevachim","Tosefta Zevachim","tok-8ffa4ecbb2ae","לשעירה","לשעירה","Unresolved","","No lexical entry yet","true","1","Tosefta Zevachim 10:1"
"tosefta-zevachim","Tosefta Zevachim","tok-c006645c700f","לשעירי","לשעירי","Unresolved","","No lexical entry yet","true","1","Tosefta Zevachim 10:1"
"tosefta-zevachim","Tosefta Zevachim","tok-9f9db04bbddc","לתוכן","לתוכנ","Unresolved","","No lexical entry yet","true","1","Tosefta Zevachim 10:4"
"tosefta-zevachim","Tosefta Zevachim","tok-ed3828324e6d","מא׳","מא׳","Unresolved","","No lexical entry yet","true","1","Tosefta Zevachim 12:2"
"tosefta-zevachim","Tosefta Zevachim","tok-8a3c724962ca","מאה","מאה","Unresolved","","No lexical entry yet","true","1","Tosefta Zevachim 6:1"
"tosefta-zevachim","Tosefta Zevachim","tok-15dc343ad731","מאות","מאות","Unresolved","","No lexical entry yet","true","3","Tosefta Zevachim 13:3"
"tosefta-zevachim","Tosefta Zevachim","tok-9a1da2ecd93f","מאימוריו","מאימוריו","Unresolved","","No lexical entry yet","true","9","Tosefta Zevachim 2:1; Tosefta Zevachim 2:2; Tosefta Zevachim 2:3"
"tosefta-zevachim","Tosefta Zevachim","tok-a80330742815","מאימתי","מאימתי","Unresolved","","No lexical entry yet","true","1","Tosefta Zevachim 11:4"
"tosefta-zevachim","Tosefta Zevachim","tok-8e1bee446ba5","מאמוריו","מאמוריו","Unresolved","","No lexical entry yet","true","7","Tosefta Zevachim 2:3"
"tosefta-zevachim","Tosefta Zevachim","tok-33bd231313cf","מבדיל","מבדיל","Unresolved","","No lexical entry yet","true","2","Tosefta Zevachim 7:2; Tosefta Zevachim 7:3"
"tosefta-zevachim","Tosefta Zevachim","tok-03d9b487ae67","מבטל","מבטל","Unresolved","","No lexical entry yet","true","1","Tosefta Zevachim 8:6"
"tosefta-zevachim","Tosefta Zevachim","tok-1e65e6d8f198","מביתו","מביתו","Unresolved","","No lexical entry yet","true","1","Tosefta Zevachim 8:1"
"tosefta-zevachim","Tosefta Zevachim","tok-745ba37e22b6","מבעל","מבעל","Unresolved","","No lexical entry yet","true","1","Tosefta Zevachim 9:2"
"tosefta-zevachim","Tosefta Zevachim","tok-432eca81e112","מבשל","מבשל","Unresolved","","No lexical entry yet","true","1","Tosefta Zevachim 10:6"
"tosefta-zevachim","Tosefta Zevachim","tok-b4f78a161bc3","מבשלין","מבשלינ","Unresolved","","No lexical entry yet","true","1","Tosefta Zevachim 10:4"
"tosefta-zevachim","Tosefta Zevachim","tok-2d0240748ce1","מבשרה","מבשרה","Unresolved","","No lexical entry yet","true","3","Tosefta Zevachim 2:2; Tosefta Zevachim 7:4"
"tosefta-zevachim","Tosefta Zevachim","tok-58a74c7ab721","מבשרו","מבשרו","Unresolved","","No lexical entry yet","true","12","Tosefta Zevachim 2:1; Tosefta Zevachim 2:3"
"tosefta-zevachim","Tosefta Zevachim","tok-8cf0a94a94bc","מגבב","מגבב","Unresolved","","No lexical entry yet","true","1","Tosefta Zevachim 1:6"
"tosefta-zevachim","Tosefta Zevachim","tok-eb525952fa74","מדם","מדמ","Unresolved","","No lexical entry yet","true","1","Tosefta Zevachim 7:2"
"tosefta-zevachim","Tosefta Zevachim","tok-fd721725dcce","מדמה","מדמה","Unresolved","","No lexical entry yet","true","2","Tosefta Zevachim 7:2; Tosefta Zevachim 7:3"
"tosefta-zevachim","Tosefta Zevachim","tok-015c9897aa69","מודין","מודינ","Unresolved","","No lexical entry yet","true","1","Tosefta Zevachim 11:6"
"tosefta-zevachim","Tosefta Zevachim","tok-0e4523c2c2ba","מוטב","מוטב","Unresolved","","No lexical entry yet","true","1","Tosefta Zevachim 10:1"
"tosefta-zevachim","Tosefta Zevachim","tok-a09937b8203c","מולק","מולק","Unresolved","","No lexical entry yet","true","3","Tosefta Zevachim 7:2; Tosefta Zevachim 7:3"
"tosefta-zevachim","Tosefta Zevachim","tok-676d38c4ba6a","מומין","מומינ","Unresolved","","No lexical entry yet","true","2","Tosefta Zevachim 9:2; Tosefta Zevachim 13:1"
"tosefta-zevachim","Tosefta Zevachim","tok-3bbba77f036f","מונחין","מונחינ","Unresolved","","No lexical entry yet","true","1","Tosefta Zevachim 12:5"
"tosefta-zevachim","Tosefta Zevachim","tok-ce68f7c23f6b","מועלין","מועלינ","Unresolved","","No lexical entry yet","true","25","Tosefta Zevachim 4:2; Tosefta Zevachim 4:3; Tosefta Zevachim 5:3; Tosefta Zevachim 5:4; Tosefta Zevachim 7:5"
"tosefta-zevachim","Tosefta Zevachim","tok-718b3e03ca73","מוציא","מוציא","Unresolved","","No lexical entry yet","true","1","Tosefta Zevachim 7:6"
"tosefta-zevachim","Tosefta Zevachim","tok-91b4b355eb1f","מורידן","מורידנ","Unresolved","","No lexical entry yet","true","1","Tosefta Zevachim 9:5"
"tosefta-zevachim","Tosefta Zevachim","tok-f25d49d7bfb6","מורקן","מורקנ","Unresolved","","No lexical entry yet","true","3","Tosefta Zevachim 10:6"
"tosefta-zevachim","Tosefta Zevachim","tok-bfca33af8a53","מותח","מותח","Unresolved","","No lexical entry yet","true","1","Tosefta Zevachim 7:2"
"tosefta-zevachim","Tosefta Zevachim","tok-560c9457f022","מותרות","מותרות","Unresolved","","No lexical entry yet","true","2","Tosefta Zevachim 13:1; Tosefta Zevachim 13:2"
"tosefta-zevachim","Tosefta Zevachim","tok-8ab813dd71c2","מותרים","מותרימ","Unresolved","","No lexical entry yet","true","2","Tosefta Zevachim 11:5; Tosefta Zevachim 13:1"
"tosefta-zevachim","Tosefta Zevachim","tok-496bcb90aa6d","מותרין","מותרינ","Unresolved","","No lexical entry yet","true","1","Tosefta Zevachim 9:3"
"tosefta-zevachim","Tosefta Zevachim","tok-d8584c06f280","מזרח","מזרח","Unresolved","","No lexical entry yet","true","1","Tosefta Zevachim 6:5"
"tosefta-zevachim","Tosefta Zevachim","tok-0551b0521ead","מזרחית","מזרחית","Unresolved","","No lexical entry yet","true","5","Tosefta Zevachim 6:4; Tosefta Zevachim 6:5; Tosefta Zevachim 6:6"
"tosefta-zevachim","Tosefta Zevachim","tok-82a854575ed6","מחבבים","מחבבימ","Unresolved","","No lexical entry yet","true","1","Tosefta Zevachim 2:4"
"tosefta-zevachim","Tosefta Zevachim","tok-802fbfa08ae0","מחברו","מחברו","Unresolved","","No lexical entry yet","true","2","Tosefta Zevachim 10:1"
"tosefta-zevachim","Tosefta Zevachim","tok-2cfca66395f6","מחוט","מחוט","Unresolved","","No lexical entry yet","true","2","Tosefta Zevachim 6:5"
"tosefta-zevachim","Tosefta Zevachim","tok-d5804705a3cf","מחייו","מחייו","Unresolved","","No lexical entry yet","true","1","Tosefta Zevachim 1:6"
"tosefta-zevachim","Tosefta Zevachim","tok-39fe85632c1c","מחלק","מחלק","Unresolved","","No lexical entry yet","true","1","Tosefta Zevachim 10:3"
"tosefta-zevachim","Tosefta Zevachim","tok-95228b5bbc23","מחלקין","מחלקינ","Unresolved","","No lexical entry yet","true","2","Tosefta Zevachim 11:7"
"tosefta-zevachim","Tosefta Zevachim","tok-b5a183df47b7","מחלקן","מחלקנ","Unresolved","","No lexical entry yet","true","1","Tosefta Zevachim 10:3"
"tosefta-zevachim","Tosefta Zevachim","tok-77c67ed562c9","מחנות","מחנות","Unresolved","","No lexical entry yet","true","2","Tosefta Zevachim 11:3; Tosefta Zevachim 13:2"
"tosefta-zevachim","Tosefta Zevachim","tok-10a74e793252","מחצי","מחצי","Unresolved","","No lexical entry yet","true","2","Tosefta Zevachim 7:1"
"tosefta-zevachim","Tosefta Zevachim","tok-2990a159d0f5","מטהרן","מטהרנ","Unresolved","","No lexical entry yet","true","1","Tosefta Zevachim 10:6"
"tosefta-zevachim","Tosefta Zevachim","tok-1fe22aff6f5b","מטמאין","מטמאינ","Unresolved","","No lexical entry yet","true","6","Tosefta Zevachim 7:6; Tosefta Zevachim 11:8"
"tosefta-zevachim","Tosefta Zevachim","tok-a2a7cc127119","מידו","מידו","Unresolved","","No lexical entry yet","true","1","Tosefta Zevachim 10:5"
"tosefta-zevachim","Tosefta Zevachim","tok-995f75ce6fb8","מיצה","מיצה","Unresolved","","No lexical entry yet","true","4","Tosefta Zevachim 7:2; Tosefta Zevachim 7:3"
"tosefta-zevachim","Tosefta Zevachim","tok-cc5269c8b822","מיצוי","מיצוי","Unresolved","","No lexical entry yet","true","2","Tosefta Zevachim 7:3"
"tosefta-zevachim","Tosefta Zevachim","tok-cafa2634d256","מכבסו","מכבסו","Unresolved","","No lexical entry yet","true","1","Tosefta Zevachim 10:5"
"tosefta-zevachim","Tosefta Zevachim","tok-8a4c557e812a","מכוונות","מכוונות","Unresolved","","No lexical entry yet","true","3","Tosefta Zevachim 1:7; Tosefta Zevachim 1:8"
"tosefta-zevachim","Tosefta Zevachim","tok-9d7406298db6","מכולן","מכולנ","Unresolved","","No lexical entry yet","true","4","Tosefta Zevachim 8:9; Tosefta Zevachim 8:14"
"tosefta-zevachim","Tosefta Zevachim","tok-e560cf2ee6ab","מכללו","מכללו","Unresolved","","No lexical entry yet","true","2","Tosefta Zevachim 5:5; Tosefta Zevachim 5:6"
"tosefta-zevachim","Tosefta Zevachim","tok-c6849f0e885d","מכללן","מכללנ","Unresolved","","No lexical entry yet","true","1","Tosefta Zevachim 5:5"
"tosefta-zevachim","Tosefta Zevachim","tok-86b708911307","מכנגד","מכנגד","Unresolved","","No lexical entry yet","true","1","Tosefta Zevachim 6:1"
"tosefta-zevachim","Tosefta Zevachim","tok-124449479d10","מכניסין","מכניסינ","Unresolved","","No lexical entry yet","true","1","Tosefta Zevachim 11:7"
"tosefta-zevachim","Tosefta Zevachim","tok-64f701935712","מכניסן","מכניסנ","Unresolved","","No lexical entry yet","true","1","Tosefta Zevachim 10:6"
"tosefta-zevachim","Tosefta Zevachim","tok-3b3105738f4d","מכשירות","מכשירות","Unresolved","","No lexical entry yet","true","1","Tosefta Zevachim 4:4"
"tosefta-zevachim","Tosefta Zevachim","tok-4d3c6efd2342","מכשירין","מכשירינ","Unresolved","","No lexical entry yet","true","1","Tosefta Zevachim 4:4"
"tosefta-zevachim","Tosefta Zevachim","tok-6ac31f372f51","מלאכתן","מלאכתנ","Unresolved","","No lexical entry yet","true","1","Tosefta Zevachim 9:6"
"tosefta-zevachim","Tosefta Zevachim","tok-768524d25d49","מלח","מלח","Unresolved","","No lexical entry yet","true","2","Tosefta Zevachim 7:3"
"tosefta-zevachim","Tosefta Zevachim","tok-ac381d41fdb8","מליקה","מליקה","Unresolved","","No lexical entry yet","true","1","Tosefta Zevachim 7:2"
"tosefta-zevachim","Tosefta Zevachim","tok-8ca9d8a17d35","מליקרב","מליקרב","Unresolved","","No lexical entry yet","true","1","Tosefta Zevachim 9:2"
"tosefta-zevachim","Tosefta Zevachim","tok-6043ba5c30f5","מלק","מלק","Unresolved","","No lexical entry yet","true","5","Tosefta Zevachim 7:4; Tosefta Zevachim 7:6"
"tosefta-zevachim","Tosefta Zevachim","tok-4dfc0f08cec6","מלקה","מלקה","Unresolved","","No lexical entry yet","true","1","Tosefta Zevachim 7:2"
"tosefta-zevachim","Tosefta Zevachim","tok-08febdeb5463","ממול","ממול","Unresolved","","No lexical entry yet","true","1","Tosefta Zevachim 7:2"
"tosefta-zevachim","Tosefta Zevachim","tok-e01e44e7ebda","ממין","ממינ","Unresolved","","No lexical entry yet","true","2","Tosefta Zevachim 8:1"
"tosefta-zevachim","Tosefta Zevachim","tok-cb092502644e","ממצה","ממצה","Unresolved","","No lexical entry yet","true","1","Tosefta Zevachim 1:8"
"tosefta-zevachim","Tosefta Zevachim","tok-ad72ad819c5a","מנוחתי","מנוחתי","Unresolved","","No lexical entry yet","true","1","Tosefta Zevachim 13:9"
"tosefta-zevachim","Tosefta Zevachim","tok-e6df88227675","מנוקב","מנוקב","Unresolved","","No lexical entry yet","true","1","Tosefta Zevachim 6:5"
"tosefta-zevachim","Tosefta Zevachim","tok-71d466e0c881","מנחה","מנחה","Unresolved","","No lexical entry yet","true","2","Tosefta Zevachim 10:2; Tosefta Zevachim 11:4"
"tosefta-zevachim","Tosefta Zevachim","tok-cd121bfcd8f3","מנחות","מנחות","Unresolved","","No lexical entry yet","true","7","Tosefta Zevachim 5:2; Tosefta Zevachim 6:7; Tosefta Zevachim 7:2; Tosefta Zevachim 10:4; Tosefta Zevachim 11:4"
"tosefta-zevachim","Tosefta Zevachim","tok-c05becfc433a","מניח","מניח","Unresolved","","No lexical entry yet","true","1","Tosefta Zevachim 11:2"
"tosefta-zevachim","Tosefta Zevachim","tok-62e6fc09fb4a","מניחה","מניחה","Unresolved","","No lexical entry yet","true","1","Tosefta Zevachim 8:10"
"tosefta-zevachim","Tosefta Zevachim","tok-811c2b7a8409","מנין","מנינ","Unresolved","","No lexical entry yet","true","1","Tosefta Zevachim 1:6"
"tosefta-zevachim","Tosefta Zevachim","tok-e663f4f5de31","מניסוך","מניסוכ","Unresolved","","No lexical entry yet","true","1","Tosefta Zevachim 7:3"
"tosefta-zevachim","Tosefta Zevachim","tok-1f75b8dc5c84","מנתחין","מנתחינ","Unresolved","","No lexical entry yet","true","1","Tosefta Zevachim 11:3"
"tosefta-zevachim","Tosefta Zevachim","tok-8240827eb3da","מסייעת","מסייעת","Unresolved","","No lexical entry yet","true","1","Tosefta Zevachim 1:5"
"tosefta-zevachim","Tosefta Zevachim","tok-a97ae909d665","מסעות","מסעות","Unresolved","","No lexical entry yet","true","1","Tosefta Zevachim 13:2"
"tosefta-zevachim","Tosefta Zevachim","tok-8ab4c1d5307d","מעור","מעור","Unresolved","","No lexical entry yet","true","1","Tosefta Zevachim 2:2"
"tosefta-zevachim","Tosefta Zevachim","tok-90366c762ad1","מעות","מעות","Unresolved","","No lexical entry yet","true","1","Tosefta Zevachim 8:2"
"tosefta-zevachim","Tosefta Zevachim","tok-6f337895e8cd","מעלין","מעלינ","Unresolved","","No lexical entry yet","true","2","Tosefta Zevachim 9:3"
"tosefta-zevachim","Tosefta Zevachim","tok-c7bbfa911ebe","מערבה","מערבה","Unresolved","","No lexical entry yet","true","3","Tosefta Zevachim 6:6"
"tosefta-zevachim","Tosefta Zevachim","tok-974d8379868a","מערבי","מערבי","Unresolved","","No lexical entry yet","true","2","Tosefta Zevachim 6:3"
"tosefta-zevachim","Tosefta Zevachim","tok-cde76c41fffa","מערבית","מערבית","Unresolved","","No lexical entry yet","true","3","Tosefta Zevachim 6:6"
"tosefta-zevachim","Tosefta Zevachim","tok-0a588584b5a4","מעשר","מעשר","Unresolved","","No lexical entry yet","true","3","Tosefta Zevachim 8:4; Tosefta Zevachim 10:1"
"tosefta-zevachim","Tosefta Zevachim","tok-6a4f294244ff","מפגל","מפגל","Unresolved","","No lexical entry yet","true","1","Tosefta Zevachim 2:3"
"tosefta-zevachim","Tosefta Zevachim","tok-4ec654595e4f","מפגלין","מפגלינ","Unresolved","","No lexical entry yet","true","11","Tosefta Zevachim 3:5"
"tosefta-zevachim","Tosefta Zevachim","tok-56e74bfeea20","מפגלת","מפגלת","Unresolved","","No lexical entry yet","true","3","Tosefta Zevachim 3:5"
"tosefta-zevachim","Tosefta Zevachim","tok-948931f93de0","מפשיט","מפשיט","Unresolved","","No lexical entry yet","true","2","Tosefta Zevachim 9:4; Tosefta Zevachim 9:5"
"tosefta-zevachim","Tosefta Zevachim","tok-f35352fdc025","מצאני","מצאני","Unresolved","","No lexical entry yet","true","1","Tosefta Zevachim 1:4"
"tosefta-zevachim","Tosefta Zevachim","tok-11da4c94f0e3","מצאתי","מצאתי","Unresolved","","No lexical entry yet","true","1","Tosefta Zevachim 2:4"
"tosefta-zevachim","Tosefta Zevachim","tok-9b495d2947f9","מצה","מצה","Unresolved","","No lexical entry yet","true","5","Tosefta Zevachim 10:3"
"tosefta-zevachim","Tosefta Zevachim","tok-3d5778794a0a","מצורע","מצורע","Unresolved","","No lexical entry yet","true","6","Tosefta Zevachim 1:2; Tosefta Zevachim 1:7; Tosefta Zevachim 1:8; Tosefta Zevachim 5:1; Tosefta Zevachim 6:7"
"tosefta-zevachim","Tosefta Zevachim","tok-663889fbcc2d","מצטרפין","מצטרפינ","Unresolved","","No lexical entry yet","true","2","Tosefta Zevachim 2:3"
"tosefta-zevachim","Tosefta Zevachim","tok-b7f6041c4d15","מקבלו","מקבלו","Unresolved","","No lexical entry yet","true","4","Tosefta Zevachim 9:2; Tosefta Zevachim 12:1"
"tosefta-zevachim","Tosefta Zevachim","tok-d2adbc45d12c","מקדשין","מקדשינ","Unresolved","","No lexical entry yet","true","4","Tosefta Zevachim 9:6"
"tosefta-zevachim","Tosefta Zevachim","tok-a2a2f34003bc","מקדשת","מקדשת","Unresolved","","No lexical entry yet","true","4","Tosefta Zevachim 9:6"
"tosefta-zevachim","Tosefta Zevachim","tok-dc88dc699c48","מקולי","מקולי","Unresolved","","No lexical entry yet","true","1","Tosefta Zevachim 4:4"
"tosefta-zevachim","Tosefta Zevachim","tok-a5a746f22be5","מקטיר","מקטיר","Unresolved","","No lexical entry yet","true","1","Tosefta Zevachim 12:8"
"tosefta-zevachim","Tosefta Zevachim","tok-3334c4e70691","מקיים","מקיימ","Unresolved","","No lexical entry yet","true","1","Tosefta Zevachim 4:1"
"tosefta-zevachim","Tosefta Zevachim","tok-b1d81decd79e","מקלח","מקלח","Unresolved","","No lexical entry yet","true","1","Tosefta Zevachim 8:6"
"tosefta-zevachim","Tosefta Zevachim","tok-375f4e8a2b71","מקצת","מקצת","Unresolved","","No lexical entry yet","true","10","Tosefta Zevachim 1:8; Tosefta Zevachim 2:1; Tosefta Zevachim 2:2; Tosefta Zevachim 5:5; Tosefta Zevachim 7:4"
"tosefta-zevachim","Tosefta Zevachim","tok-dce5ffb3cbfe","מקצתו","מקצתו","Unresolved","","No lexical entry yet","true","1","Tosefta Zevachim 7:5"
"tosefta-zevachim","Tosefta Zevachim","tok-84d5be3302c0","מקריב","מקריב","Unresolved","","No lexical entry yet","true","4","Tosefta Zevachim 11:2; Tosefta Zevachim 13:5; Tosefta Zevachim 13:8"
"tosefta-zevachim","Tosefta Zevachim","tok-797504d133a2","מקריבין","מקריבינ","Unresolved","","No lexical entry yet","true","7","Tosefta Zevachim 11:4; Tosefta Zevachim 13:1; Tosefta Zevachim 13:5"
"tosefta-zevachim","Tosefta Zevachim","tok-3d17f82c88f9","מראיו","מראיו","Unresolved","","No lexical entry yet","true","2","Tosefta Zevachim 8:6"
"tosefta-zevachim","Tosefta Zevachim","tok-a4e14fc7a0b3","מריקה","מריקה","Unresolved","","No lexical entry yet","true","6","Tosefta Zevachim 10:6; Tosefta Zevachim 10:7"
"tosefta-zevachim","Tosefta Zevachim","tok-566c0fff50ed","מריקתן","מריקתנ","Unresolved","","No lexical entry yet","true","3","Tosefta Zevachim 10:6"
"tosefta-zevachim","Tosefta Zevachim","tok-5baf8bd7505e","מרק","מרק","Unresolved","","No lexical entry yet","true","2","Tosefta Zevachim 10:6"
"tosefta-zevachim","Tosefta Zevachim","tok-d9c17016ca46","משהופשט","משהופשט","Unresolved","","No lexical entry yet","true","2","Tosefta Zevachim 10:5"
"tosefta-zevachim","Tosefta Zevachim","tok-197584c3f369","משהוקם","משהוקמ","Unresolved","","No lexical entry yet","true","1","Tosefta Zevachim 13:2"
"tosefta-zevachim","Tosefta Zevachim","tok-f11c8ab3015e","משוח","משוח","Unresolved","","No lexical entry yet","true","1","Tosefta Zevachim 9:3"
"tosefta-zevachim","Tosefta Zevachim","tok-e7a38fb030b1","משוחררין","משוחררינ","Unresolved","","No lexical entry yet","true","1","Tosefta Zevachim 13:5"
"tosefta-zevachim","Tosefta Zevachim","tok-4bc244c1fa64","משיביא","משיביא","Unresolved","","No lexical entry yet","true","1","Tosefta Zevachim 11:4"
"tosefta-zevachim","Tosefta Zevachim","tok-ef84ada12f52","משכיפרו","משכיפרו","Unresolved","","No lexical entry yet","true","1","Tosefta Zevachim 12:6"
"tosefta-zevachim","Tosefta Zevachim","tok-344bb54a6ab4","משלשה","משלשה","Unresolved","","No lexical entry yet","true","1","Tosefta Zevachim 8:1"
"tosefta-zevachim","Tosefta Zevachim","tok-4692f0755ef6","משמאלו","משמאלו","Unresolved","","No lexical entry yet","true","1","Tosefta Zevachim 1:7"
"tosefta-zevachim","Tosefta Zevachim","tok-b2b72088845c","משמר","משמר","Unresolved","","No lexical entry yet","true","1","Tosefta Zevachim 11:7"
"tosefta-zevachim","Tosefta Zevachim","tok-4bccf3612c91","משנה","משנה","Unresolved","","No lexical entry yet","true","1","Tosefta Zevachim 6:6"
"tosefta-zevachim","Tosefta Zevachim","tok-82863ac59389","משנתו","משנתו","Unresolved","","No lexical entry yet","true","1","Tosefta Zevachim 2:4"
"tosefta-zevachim","Tosefta Zevachim","tok-1991c8a954ca","משנתערבו","משנתערבו","Unresolved","","No lexical entry yet","true","1","Tosefta Zevachim 8:11"
"tosefta-zevachim","Tosefta Zevachim","tok-8718b9d3cdfc","משסעו","משסעו","Unresolved","","No lexical entry yet","true","1","Tosefta Zevachim 7:3"
"tosefta-zevachim","Tosefta Zevachim","tok-95307acf1e72","משקדשו","משקדשו","Unresolved","","No lexical entry yet","true","1","Tosefta Zevachim 12:4"
"tosefta-zevachim","Tosefta Zevachim","tok-cfdf86cf72b1","מתבשלים","מתבשלימ","Unresolved","","No lexical entry yet","true","1","Tosefta Zevachim 10:4"
"tosefta-zevachim","Tosefta Zevachim","tok-3f6cd7737ce8","מתבשלין","מתבשלינ","Unresolved","","No lexical entry yet","true","2","Tosefta Zevachim 10:4"
"tosefta-zevachim","Tosefta Zevachim","tok-882244122804","מתודה","מתודה","Unresolved","","No lexical entry yet","true","1","Tosefta Zevachim 10:4"
"tosefta-zevachim","Tosefta Zevachim","tok-0f7336234e97","מתוכן","מתוכנ","Unresolved","","No lexical entry yet","true","1","Tosefta Zevachim 9:6"
"tosefta-zevachim","Tosefta Zevachim","tok-9a5a05071391","מתחלתו","מתחלתו","Unresolved","","No lexical entry yet","true","1","Tosefta Zevachim 4:2"
"tosefta-zevachim","Tosefta Zevachim","tok-016d80a5c215","מתיר","מתיר","Unresolved","","No lexical entry yet","true","3","Tosefta Zevachim 7:4; Tosefta Zevachim 13:8"
"tosefta-zevachim","Tosefta Zevachim","tok-669f99560292","מתירו","מתירו","Unresolved","","No lexical entry yet","true","1","Tosefta Zevachim 5:1"
"tosefta-zevachim","Tosefta Zevachim","tok-9c60c1ba1470","מתירן","מתירנ","Unresolved","","No lexical entry yet","true","1","Tosefta Zevachim 5:1"
"tosefta-zevachim","Tosefta Zevachim","tok-fafcb0c713c7","מתכוונין","מתכוונינ","Unresolved","","No lexical entry yet","true","2","Tosefta Zevachim 5:7"
"tosefta-zevachim","Tosefta Zevachim","tok-d286eda215fe","מתכוין","מתכוינ","Unresolved","","No lexical entry yet","true","2","Tosefta Zevachim 5:7"
"tosefta-zevachim","Tosefta Zevachim","tok-37d176af9056","מתכנסין","מתכנסינ","Unresolved","","No lexical entry yet","true","1","Tosefta Zevachim 13:6"
"tosefta-zevachim","Tosefta Zevachim","tok-042daca83f53","מתכפרת","מתכפרת","Unresolved","","No lexical entry yet","true","1","Tosefta Zevachim 10:1"
"tosefta-zevachim","Tosefta Zevachim","tok-4232a1e43ff5","מתנה","מתנה","Unresolved","","No lexical entry yet","true","4","Tosefta Zevachim 4:4; Tosefta Zevachim 8:9; Tosefta Zevachim 8:10"
"tosefta-zevachim","Tosefta Zevachim","tok-ce556e828dff","מתנת","מתנת","Unresolved","","No lexical entry yet","true","1","Tosefta Zevachim 1:5"
"tosefta-zevachim","Tosefta Zevachim","tok-6c618c3a2761","מתערבין","מתערבינ","Unresolved","","No lexical entry yet","true","1","Tosefta Zevachim 6:3"
"tosefta-zevachim","Tosefta Zevachim","tok-dd1d1a140b27","מתפגלין","מתפגלינ","Unresolved","","No lexical entry yet","true","9","Tosefta Zevachim 3:5"
"tosefta-zevachim","Tosefta Zevachim","tok-4f9b7a6c895b","מתפגלת","מתפגלת","Unresolved","","No lexical entry yet","true","2","Tosefta Zevachim 3:5"
"tosefta-zevachim","Tosefta Zevachim","tok-e89fd84c67d8","נ׳","נ׳","Unresolved","","No lexical entry yet","true","1","Tosefta Zevachim 11:1"
"tosefta-zevachim","Tosefta Zevachim","tok-828bb4c71cda","נאכלין","נאכלינ","Unresolved","","No lexical entry yet","true","7","Tosefta Zevachim 6:8; Tosefta Zevachim 8:3; Tosefta Zevachim 13:2; Tosefta Zevachim 13:3"
"tosefta-zevachim","Tosefta Zevachim","tok-6cba56177f63","נאכלת","נאכלת","Unresolved","","No lexical entry yet","true","1","Tosefta Zevachim 7:2"
"tosefta-zevachim","Tosefta Zevachim","tok-9a2acb748360","נאסרו","נאסרו","Unresolved","","No lexical entry yet","true","1","Tosefta Zevachim 13:3"
"tosefta-zevachim","Tosefta Zevachim","tok-2e2084a5c016","נהנין","נהנינ","Unresolved","","No lexical entry yet","true","1","Tosefta Zevachim 5:4"
"tosefta-zevachim","Tosefta Zevachim","tok-8b584c25f9d8","נוהגים","נוהגימ","Unresolved","","No lexical entry yet","true","1","Tosefta Zevachim 10:7"
"tosefta-zevachim","Tosefta Zevachim","tok-3aa87bdd3a46","נוהגין","נוהגינ","Unresolved","","No lexical entry yet","true","2","Tosefta Zevachim 7:5"
"tosefta-zevachim","Tosefta Zevachim","tok-79909f334c2b","נוטלין","נוטלינ","Unresolved","","No lexical entry yet","true","1","Tosefta Zevachim 11:7"
"tosefta-zevachim","Tosefta Zevachim","tok-83642b50218d","נולד","נולד","Unresolved","","No lexical entry yet","true","2","Tosefta Zevachim 11:6"
"tosefta-zevachim","Tosefta Zevachim","tok-87b389d2b4a4","נותנו","נותנו","Unresolved","","No lexical entry yet","true","1","Tosefta Zevachim 9:1"
"tosefta-zevachim","Tosefta Zevachim","tok-07ca146c3ce1","נותנין","נותנינ","Unresolved","","No lexical entry yet","true","1","Tosefta Zevachim 6:5"
"tosefta-zevachim","Tosefta Zevachim","tok-de8d3e61b857","נותר","נותר","Unresolved","","No lexical entry yet","true","12","Tosefta Zevachim 4:2; Tosefta Zevachim 5:4; Tosefta Zevachim 5:5; Tosefta Zevachim 6:7; Tosefta Zevachim 6:8"
"tosefta-zevachim","Tosefta Zevachim","tok-fab3c9a7bcb1","נזבח","נזבח","Unresolved","","No lexical entry yet","true","1","Tosefta Zevachim 5:7"
"tosefta-zevachim","Tosefta Zevachim","tok-3d8c076e65be","נזיר","נזיר","Unresolved","","No lexical entry yet","true","7","Tosefta Zevachim 1:2; Tosefta Zevachim 6:6; Tosefta Zevachim 8:5; Tosefta Zevachim 10:1; Tosefta Zevachim 10:4"
"tosefta-zevachim","Tosefta Zevachim","tok-9e2360812fba","נזרק","נזרק","Unresolved","","No lexical entry yet","true","2","Tosefta Zevachim 11:5; Tosefta Zevachim 11:6"
"tosefta-zevachim","Tosefta Zevachim","tok-9e1bf58d0344","נחזור","נחזור","Unresolved","","No lexical entry yet","true","1","Tosefta Zevachim 1:1"
"tosefta-zevachim","Tosefta Zevachim","tok-9bb41f076483","נחלק","נחלק","Unresolved","","No lexical entry yet","true","1","Tosefta Zevachim 8:7"
"tosefta-zevachim","Tosefta Zevachim","tok-b196b80ae102","נחלתי","נחלתי","Unresolved","","No lexical entry yet","true","2","Tosefta Zevachim 13:9"
"tosefta-zevachim","Tosefta Zevachim","tok-bf8a7fe41ed7","נטוי","נטוי","Unresolved","","No lexical entry yet","true","1","Tosefta Zevachim 13:8"
"tosefta-zevachim","Tosefta Zevachim","tok-a3611e956f7d","נטמאו","נטמאו","Unresolved","","No lexical entry yet","true","2","Tosefta Zevachim 4:2; Tosefta Zevachim 10:6"
"tosefta-zevachim","Tosefta Zevachim","tok-b1e728ffe1de","נידר","נידר","Unresolved","","No lexical entry yet","true","1","Tosefta Zevachim 13:5"
"tosefta-zevachim","Tosefta Zevachim","tok-05aac8d20851","ניחוח","ניחוח","Unresolved","","No lexical entry yet","true","1","Tosefta Zevachim 5:7"
"tosefta-zevachim","Tosefta Zevachim","tok-8de9f3275423","ניטל","ניטל","Unresolved","","No lexical entry yet","true","3","Tosefta Zevachim 4:1; Tosefta Zevachim 4:2"
"tosefta-zevachim","Tosefta Zevachim","tok-480eeedae189","ניסוך","ניסוכ","Unresolved","","No lexical entry yet","true","2","Tosefta Zevachim 1:8"
"tosefta-zevachim","Tosefta Zevachim","tok-499cc50f186b","נמלך","נמלכ","Unresolved","","No lexical entry yet","true","5","Tosefta Zevachim 8:8; Tosefta Zevachim 8:11"
"tosefta-zevachim","Tosefta Zevachim","tok-72d159b868c0","נמצאתי","נמצאתי","Unresolved","","No lexical entry yet","true","2","Tosefta Zevachim 8:10"
"tosefta-zevachim","Tosefta Zevachim","tok-0597de8e90b3","נסדקו","נסדקו","Unresolved","","No lexical entry yet","true","1","Tosefta Zevachim 9:6"
"tosefta-zevachim","Tosefta Zevachim","tok-8842f6e69dc6","נסכי","נסכי","Unresolved","","No lexical entry yet","true","1","Tosefta Zevachim 5:1"
"tosefta-zevachim","Tosefta Zevachim","tok-4c89110d5138","נסכים","נסכימ","Unresolved","","No lexical entry yet","true","10","Tosefta Zevachim 1:2; Tosefta Zevachim 1:8; Tosefta Zevachim 5:2; Tosefta Zevachim 5:4; Tosefta Zevachim 9:1"
"tosefta-zevachim","Tosefta Zevachim","tok-bfed2af5baa5","נסכין","נסכינ","Unresolved","","No lexical entry yet","true","1","Tosefta Zevachim 1:3"
"tosefta-zevachim","Tosefta Zevachim","tok-29d616e0cd2c","נפגמו","נפגמו","Unresolved","","No lexical entry yet","true","1","Tosefta Zevachim 9:6"
"tosefta-zevachim","Tosefta Zevachim","tok-29dd9f7ba834","נפסל","נפסל","Unresolved","","No lexical entry yet","true","3","Tosefta Zevachim 3:3; Tosefta Zevachim 8:12"
"tosefta-zevachim","Tosefta Zevachim","tok-105b4b8194db","נפסלים","נפסלימ","Unresolved","","No lexical entry yet","true","1","Tosefta Zevachim 13:2"
"tosefta-zevachim","Tosefta Zevachim","tok-002e89252bd4","נקבו","נקבו","Unresolved","","No lexical entry yet","true","1","Tosefta Zevachim 9:6"
"tosefta-zevachim","Tosefta Zevachim","tok-9f6dd334e587","נקמצות","נקמצות","Unresolved","","No lexical entry yet","true","1","Tosefta Zevachim 7:2"
"tosefta-zevachim","Tosefta Zevachim","tok-86d632e049f4","נקראת","נקראת","Unresolved","","No lexical entry yet","true","1","Tosefta Zevachim 7:2"
"tosefta-zevachim","Tosefta Zevachim","tok-c8dfc74c4b8b","נשיא","נשיא","Unresolved","","No lexical entry yet","true","2","Tosefta Zevachim 10:1"
"tosefta-zevachim","Tosefta Zevachim","tok-1105581e7c3b","נשפך","נשפכ","Unresolved","","No lexical entry yet","true","1","Tosefta Zevachim 8:14"
"tosefta-zevachim","Tosefta Zevachim","tok-767bdf7b8199","נשפכין","נשפכינ","Unresolved","","No lexical entry yet","true","3","Tosefta Zevachim 8:14"
"tosefta-zevachim","Tosefta Zevachim","tok-9e11530c42e3","נשרפין","נשרפינ","Unresolved","","No lexical entry yet","true","4","Tosefta Zevachim 11:8"
"tosefta-zevachim","Tosefta Zevachim","tok-bc04f611cb5d","נשתייר","נשתייר","Unresolved","","No lexical entry yet","true","2","Tosefta Zevachim 4:2"
"tosefta-zevachim","Tosefta Zevachim","tok-299a5fe0d5d2","נתבשל","נתבשל","Unresolved","","No lexical entry yet","true","1","Tosefta Zevachim 10:7"
"tosefta-zevachim","Tosefta Zevachim","tok-a3847d2e87b8","נתמלא","נתמלא","Unresolved","","No lexical entry yet","true","1","Tosefta Zevachim 12:4"
"tosefta-zevachim","Tosefta Zevachim","tok-9850503eba9c","נתערב","נתערב","Unresolved","","No lexical entry yet","true","4","Tosefta Zevachim 8:6; Tosefta Zevachim 8:7"
"tosefta-zevachim","Tosefta Zevachim","tok-e4982b82abe3","נתערבו","נתערבו","Unresolved","","No lexical entry yet","true","5","Tosefta Zevachim 8:1; Tosefta Zevachim 8:4"
"tosefta-zevachim","Tosefta Zevachim","tok-3e772cdda8da","נתפגל","נתפגל","Unresolved","","No lexical entry yet","true","2","Tosefta Zevachim 5:5"
"tosefta-zevachim","Tosefta Zevachim","tok-a4ec0f3da53e","סבור","סבור","Unresolved","","No lexical entry yet","true","1","Tosefta Zevachim 2:4"
"tosefta-zevachim","Tosefta Zevachim","tok-10b7e72cde18","סגן","סגנ","Unresolved","","No lexical entry yet","true","1","Tosefta Zevachim 9:2"
"tosefta-zevachim","Tosefta Zevachim","tok-13160844d3e4","סיקרא","סיקרא","Unresolved","","No lexical entry yet","true","1","Tosefta Zevachim 6:5"
"tosefta-zevachim","Tosefta Zevachim","tok-f6577c436510","ספג","ספג","Unresolved","","No lexical entry yet","true","2","Tosefta Zevachim 7:3"
"tosefta-zevachim","Tosefta Zevachim","tok-b2f1aa4d462f","ע״ג","ע״ג","Unresolved","","No lexical entry yet","true","2","Tosefta Zevachim 1:8; Tosefta Zevachim 13:2"
"tosefta-zevachim","Tosefta Zevachim","tok-8c7501a7e573","ע״מ","ע״מ","Unresolved","","No lexical entry yet","true","8","Tosefta Zevachim 3:1; Tosefta Zevachim 3:5"
"tosefta-zevachim","Tosefta Zevachim","tok-f279ca9e0b74","עולותיך","עולותיכ","Unresolved","","No lexical entry yet","true","1","Tosefta Zevachim 4:1"
"tosefta-zevachim","Tosefta Zevachim","tok-5dc076848473","עולין","עולינ","Unresolved","","No lexical entry yet","true","1","Tosefta Zevachim 7:3"
"tosefta-zevachim","Tosefta Zevachim","tok-b81d9afe8ae9","עולת","עולת","Unresolved","","No lexical entry yet","true","10","Tosefta Zevachim 1:2; Tosefta Zevachim 7:2; Tosefta Zevachim 7:4; Tosefta Zevachim 7:5; Tosefta Zevachim 11:4"
"tosefta-zevachim","Tosefta Zevachim","tok-881ae6c5215e","עולתו","עולתו","Unresolved","","No lexical entry yet","true","1","Tosefta Zevachim 8:2"
"tosefta-zevachim","Tosefta Zevachim","tok-21e4b184564e","עומדין","עומדינ","Unresolved","","No lexical entry yet","true","1","Tosefta Zevachim 10:1"
"tosefta-zevachim","Tosefta Zevachim","tok-fb081e182a6e","עופות","עופות","Unresolved","","No lexical entry yet","true","3","Tosefta Zevachim 11:4"
"tosefta-zevachim","Tosefta Zevachim","tok-19744d96946e","עור","עור","Unresolved","","No lexical entry yet","true","12","Tosefta Zevachim 2:2; Tosefta Zevachim 11:4; Tosefta Zevachim 11:5; Tosefta Zevachim 11:6; Tosefta Zevachim 13:7"
"tosefta-zevachim","Tosefta Zevachim","tok-787d954a9106","עורה","עורה","Unresolved","","No lexical entry yet","true","4","Tosefta Zevachim 11:4"
"tosefta-zevachim","Tosefta Zevachim","tok-1aa41d15b435","עורות","עורות","Unresolved","","No lexical entry yet","true","1","Tosefta Zevachim 11:7"
"tosefta-zevachim","Tosefta Zevachim","tok-7031cc4f542e","עורן","עורנ","Unresolved","","No lexical entry yet","true","1","Tosefta Zevachim 11:3"
"tosefta-zevachim","Tosefta Zevachim","tok-f764ce081042","עושין","עושינ","Unresolved","","No lexical entry yet","true","3","Tosefta Zevachim 5:4; Tosefta Zevachim 9:6"
"tosefta-zevachim","Tosefta Zevachim","tok-ffa36a397421","עזאי","עזאי","Unresolved","","No lexical entry yet","true","1","Tosefta Zevachim 8:3"
"tosefta-zevachim","Tosefta Zevachim","tok-e37e14e7011a","עכוס","עכוס","Unresolved","","No lexical entry yet","true","1","Tosefta Zevachim 2:2"
"tosefta-zevachim","Tosefta Zevachim","tok-0357ce3c124d","עלו","עלו","Unresolved","","No lexical entry yet","true","11","Tosefta Zevachim 1:1; Tosefta Zevachim 1:2; Tosefta Zevachim 1:3; Tosefta Zevachim 8:8; Tosefta Zevachim 8:11"
"tosefta-zevachim","Tosefta Zevachim","tok-a51e82913a78","עלתה","עלתה","Unresolved","","No lexical entry yet","true","1","Tosefta Zevachim 11:4"
"tosefta-zevachim","Tosefta Zevachim","tok-b03175fda55d","עמהן","עמהנ","Unresolved","","No lexical entry yet","true","2","Tosefta Zevachim 8:2; Tosefta Zevachim 8:5"
"tosefta-zevachim","Tosefta Zevachim","tok-ccb019b30148","עקיבה","עקיבה","Unresolved","","No lexical entry yet","true","5","Tosefta Zevachim 1:6; Tosefta Zevachim 4:2; Tosefta Zevachim 5:3; Tosefta Zevachim 9:2"
"tosefta-zevachim","Tosefta Zevachim","tok-5dc574fb4697","ערל","ערל","Unresolved","","No lexical entry yet","true","2","Tosefta Zevachim 3:3; Tosefta Zevachim 12:8"
"tosefta-zevachim","Tosefta Zevachim","tok-8292764a4092","ערלים","ערלימ","Unresolved","","No lexical entry yet","true","8","Tosefta Zevachim 2:1; Tosefta Zevachim 3:1"
"tosefta-zevachim","Tosefta Zevachim","tok-28d526340a05","ערלין","ערלינ","Unresolved","","No lexical entry yet","true","1","Tosefta Zevachim 2:1"
"tosefta-zevachim","Tosefta Zevachim","tok-6bb23e3bbf27","ערפה","ערפה","Unresolved","","No lexical entry yet","true","1","Tosefta Zevachim 7:2"
"tosefta-zevachim","Tosefta Zevachim","tok-a84283f29caf","עשאה","עשאה","Unresolved","","No lexical entry yet","true","1","Tosefta Zevachim 7:3"
"tosefta-zevachim","Tosefta Zevachim","tok-4d85c828fb0e","עשרים","עשרימ","Unresolved","","No lexical entry yet","true","4","Tosefta Zevachim 5:1; Tosefta Zevachim 6:1; Tosefta Zevachim 11:4"
"tosefta-zevachim","Tosefta Zevachim","tok-27fff79b688a","פוטר","פוטר","Unresolved","","No lexical entry yet","true","3","Tosefta Zevachim 12:2; Tosefta Zevachim 12:3"
"tosefta-zevachim","Tosefta Zevachim","tok-ad096c89a0ec","פוסל","פוסל","Unresolved","","No lexical entry yet","true","14","Tosefta Zevachim 1:2; Tosefta Zevachim 1:4; Tosefta Zevachim 2:4; Tosefta Zevachim 3:4; Tosefta Zevachim 13:8"
"tosefta-zevachim","Tosefta Zevachim","tok-38271cbf2e54","פוסלין","פוסלינ","Unresolved","","No lexical entry yet","true","1","Tosefta Zevachim 4:4"
"tosefta-zevachim","Tosefta Zevachim","tok-1038496bbebd","פוסלת","פוסלת","Unresolved","","No lexical entry yet","true","6","Tosefta Zevachim 3:5; Tosefta Zevachim 6:8; Tosefta Zevachim 8:12; Tosefta Zevachim 8:14"
"tosefta-zevachim","Tosefta Zevachim","tok-984c94fd9f24","פורשים","פורשימ","Unresolved","","No lexical entry yet","true","1","Tosefta Zevachim 13:2"
"tosefta-zevachim","Tosefta Zevachim","tok-f431ebc944a4","פטור","פטור","Unresolved","","No lexical entry yet","true","20","Tosefta Zevachim 3:5; Tosefta Zevachim 8:14; Tosefta Zevachim 12:4; Tosefta Zevachim 12:5; Tosefta Zevachim 12:6"
"tosefta-zevachim","Tosefta Zevachim","tok-e31adcf4d6fc","פטורים","פטורימ","Unresolved","","No lexical entry yet","true","1","Tosefta Zevachim 12:1"
"tosefta-zevachim","Tosefta Zevachim","tok-fb3f4d040e06","פיגול","פיגול","Unresolved","","No lexical entry yet","true","11","Tosefta Zevachim 1:4; Tosefta Zevachim 4:3; Tosefta Zevachim 5:3; Tosefta Zevachim 5:4; Tosefta Zevachim 5:5"
"tosefta-zevachim","Tosefta Zevachim","tok-4d52036b0bd9","פיגל","פיגל","Unresolved","","No lexical entry yet","true","6","Tosefta Zevachim 5:3"
"tosefta-zevachim","Tosefta Zevachim","tok-0b79e30634a1","פיספסין","פיספסינ","Unresolved","","No lexical entry yet","true","1","Tosefta Zevachim 7:1"
"tosefta-zevachim","Tosefta Zevachim","tok-63b5db5f0aae","פירוקה","פירוקה","Unresolved","","No lexical entry yet","true","1","Tosefta Zevachim 13:2"
"tosefta-zevachim","Tosefta Zevachim","tok-e1322b58da73","פירכסה","פירכסה","Unresolved","","No lexical entry yet","true","2","Tosefta Zevachim 6:2; Tosefta Zevachim 8:13"
"tosefta-zevachim","Tosefta Zevachim","tok-cb2fe4e3aa60","פסולו","פסולו","Unresolved","","No lexical entry yet","true","2","Tosefta Zevachim 9:2"
"tosefta-zevachim","Tosefta Zevachim","tok-07aaae1c89ca","פסולות","פסולות","Unresolved","","No lexical entry yet","true","2","Tosefta Zevachim 1:7; Tosefta Zevachim 11:2"
"tosefta-zevachim","Tosefta Zevachim","tok-4f72be379c61","פסולי","פסולי","Unresolved","","No lexical entry yet","true","1","Tosefta Zevachim 7:2"
"tosefta-zevachim","Tosefta Zevachim","tok-c3f5e8389b7e","פסולים","פסולימ","Unresolved","","No lexical entry yet","true","1","Tosefta Zevachim 9:3"
"tosefta-zevachim","Tosefta Zevachim","tok-cc76f74d9e42","פסולין","פסולינ","Unresolved","","No lexical entry yet","true","11","Tosefta Zevachim 1:6; Tosefta Zevachim 1:8; Tosefta Zevachim 2:3; Tosefta Zevachim 3:3; Tosefta Zevachim 6:6"
"tosefta-zevachim","Tosefta Zevachim","tok-538a264a0c30","פסולן","פסולנ","Unresolved","","No lexical entry yet","true","4","Tosefta Zevachim 7:6; Tosefta Zevachim 9:2"
"tosefta-zevachim","Tosefta Zevachim","tok-67e2564bb319","פר","פר","Unresolved","","No lexical entry yet","true","5","Tosefta Zevachim 4:4; Tosefta Zevachim 10:1"
"tosefta-zevachim","Tosefta Zevachim","tok-86ea958f5277","פרכסה","פרכסה","Unresolved","","No lexical entry yet","true","1","Tosefta Zevachim 6:2"
"tosefta-zevachim","Tosefta Zevachim","tok-17cd4144eb80","פרסות","פרסות","Unresolved","","No lexical entry yet","true","1","Tosefta Zevachim 2:2"
"tosefta-zevachim","Tosefta Zevachim","tok-21a51bd39a84","פרת","פרת","Unresolved","","No lexical entry yet","true","1","Tosefta Zevachim 1:7"
"tosefta-zevachim","Tosefta Zevachim","tok-046bd4d57f67","פתוחין","פתוחינ","Unresolved","","No lexical entry yet","true","1","Tosefta Zevachim 7:1"
"tosefta-zevachim","Tosefta Zevachim","tok-b231f1801ef7","צ״ז","צ״ז","Unresolved","","No lexical entry yet","true","1","Tosefta Zevachim 2:4"
"tosefta-zevachim","Tosefta Zevachim","tok-695f34affb41","צבוע","צבוע","Unresolved","","No lexical entry yet","true","1","Tosefta Zevachim 13:9"
"tosefta-zevachim","Tosefta Zevachim","tok-c9289e9e164c","צוארה","צוארה","Unresolved","","No lexical entry yet","true","1","Tosefta Zevachim 7:2"
"tosefta-zevachim","Tosefta Zevachim","tok-977b5888bff7","צורתן","צורתנ","Unresolved","","No lexical entry yet","true","3","Tosefta Zevachim 8:4; Tosefta Zevachim 8:5"
"tosefta-zevachim","Tosefta Zevachim","tok-45bd2a7fbc40","ציבור","ציבור","Unresolved","","No lexical entry yet","true","1","Tosefta Zevachim 8:9"
"tosefta-zevachim","Tosefta Zevachim","tok-40a80159626e","צפונה","צפונה","Unresolved","","No lexical entry yet","true","4","Tosefta Zevachim 6:6; Tosefta Zevachim 7:1"
"tosefta-zevachim","Tosefta Zevachim","tok-7a5eccc54f2b","צפונית","צפונית","Unresolved","","No lexical entry yet","true","5","Tosefta Zevachim 6:6"
"tosefta-zevachim","Tosefta Zevachim","tok-c48a8d1df099","ק״ו","ק״ו","Unresolved","","No lexical entry yet","true","1","Tosefta Zevachim 8:12"
"tosefta-zevachim","Tosefta Zevachim","tok-63f1d5a8a41d","קבול","קבול","Unresolved","","No lexical entry yet","true","3","Tosefta Zevachim 3:5; Tosefta Zevachim 6:1; Tosefta Zevachim 6:2"
"tosefta-zevachim","Tosefta Zevachim","tok-1daa7f15f716","קבלוהו","קבלוהו","Unresolved","","No lexical entry yet","true","1","Tosefta Zevachim 1:6"
"tosefta-zevachim","Tosefta Zevachim","tok-f47a5e87ba16","קדמה","קדמה","Unresolved","","No lexical entry yet","true","6","Tosefta Zevachim 2:2; Tosefta Zevachim 7:4"
"tosefta-zevachim","Tosefta Zevachim","tok-260483328c98","קדמו","קדמו","Unresolved","","No lexical entry yet","true","1","Tosefta Zevachim 10:1"
"tosefta-zevachim","Tosefta Zevachim","tok-d2dbe7c789c0","קדרון","קדרונ","Unresolved","","No lexical entry yet","true","2","Tosefta Zevachim 6:3; Tosefta Zevachim 6:5"
"tosefta-zevachim","Tosefta Zevachim","tok-2e3128f863ce","קהל","קהל","Unresolved","","No lexical entry yet","true","1","Tosefta Zevachim 10:1"
"tosefta-zevachim","Tosefta Zevachim","tok-d00f27f701eb","קודמות","קודמות","Unresolved","","No lexical entry yet","true","1","Tosefta Zevachim 10:3"
"tosefta-zevachim","Tosefta Zevachim","tok-f4280b9e8f60","קודמין","קודמינ","Unresolved","","No lexical entry yet","true","9","Tosefta Zevachim 10:1; Tosefta Zevachim 10:2; Tosefta Zevachim 10:3"
"tosefta-zevachim","Tosefta Zevachim","tok-7ddd3749dfac","קורות","קורות","Unresolved","","No lexical entry yet","true","2","Tosefta Zevachim 11:7"
"tosefta-zevachim","Tosefta Zevachim","tok-4ed78ce58a19","קטרת","קטרת","Unresolved","","No lexical entry yet","true","2","Tosefta Zevachim 9:3; Tosefta Zevachim 11:2"
"tosefta-zevachim","Tosefta Zevachim","tok-5159848e0b7e","קי״ט","קי״ט","Unresolved","","No lexical entry yet","true","1","Tosefta Zevachim 2:4"
"tosefta-zevachim","Tosefta Zevachim","tok-0dbda636c338","קיבל","קיבל","Unresolved","","No lexical entry yet","true","21","Tosefta Zevachim 1:5; Tosefta Zevachim 2:2; Tosefta Zevachim 3:2; Tosefta Zevachim 3:3; Tosefta Zevachim 3:4"
"tosefta-zevachim","Tosefta Zevachim","tok-6385273f52f8","קיימים","קיימימ","Unresolved","","No lexical entry yet","true","1","Tosefta Zevachim 4:2"
"tosefta-zevachim","Tosefta Zevachim","tok-0f5c298f9e16","קיימת","קיימת","Unresolved","","No lexical entry yet","true","1","Tosefta Zevachim 4:2"
"tosefta-zevachim","Tosefta Zevachim","tok-6e9592e11b47","קל״ב","קל״ב","Unresolved","","No lexical entry yet","true","1","Tosefta Zevachim 13:9"
"tosefta-zevachim","Tosefta Zevachim","tok-0cd48da82204","קלים","קלימ","Unresolved","","No lexical entry yet","true","27","Tosefta Zevachim 4:2; Tosefta Zevachim 4:3; Tosefta Zevachim 5:6; Tosefta Zevachim 6:2; Tosefta Zevachim 7:1"
"tosefta-zevachim","Tosefta Zevachim","tok-0cc081ee8f79","קרבה","קרבה","Unresolved","","No lexical entry yet","true","5","Tosefta Zevachim 8:2; Tosefta Zevachim 8:3"
"tosefta-zevachim","Tosefta Zevachim","tok-7870409051f9","קרנות","קרנות","Unresolved","","No lexical entry yet","true","4","Tosefta Zevachim 6:3; Tosefta Zevachim 6:4; Tosefta Zevachim 6:6; Tosefta Zevachim 8:14"
"tosefta-zevachim","Tosefta Zevachim","tok-2fb3f7bd446b","ר״א","ר״א","Unresolved","","No lexical entry yet","true","10","Tosefta Zevachim 1:4; Tosefta Zevachim 4:1; Tosefta Zevachim 7:2; Tosefta Zevachim 7:5; Tosefta Zevachim 8:8"
"tosefta-zevachim","Tosefta Zevachim","tok-148fb3cad778","ר״ג","ר״ג","Unresolved","","No lexical entry yet","true","1","Tosefta Zevachim 8:6"
"tosefta-zevachim","Tosefta Zevachim","tok-a6a8b6f54577","ר״ט","ר״ט","Unresolved","","No lexical entry yet","true","1","Tosefta Zevachim 1:6"
"tosefta-zevachim","Tosefta Zevachim","tok-269dc0061da9","ר״י","ר״י","Unresolved","","No lexical entry yet","true","1","Tosefta Zevachim 8:6"
"tosefta-zevachim","Tosefta Zevachim","tok-c8b2e8b3403f","ר״מ","ר״מ","Unresolved","","No lexical entry yet","true","2","Tosefta Zevachim 6:5; Tosefta Zevachim 13:5"
"tosefta-zevachim","Tosefta Zevachim","tok-0619b29e2895","ר״ע","ר״ע","Unresolved","","No lexical entry yet","true","1","Tosefta Zevachim 4:3"
"tosefta-zevachim","Tosefta Zevachim","tok-aad227724c7a","ר״ש","ר״ש","Unresolved","","No lexical entry yet","true","10","Tosefta Zevachim 1:4; Tosefta Zevachim 1:5; Tosefta Zevachim 5:4; Tosefta Zevachim 6:6; Tosefta Zevachim 7:3"
"tosefta-zevachim","Tosefta Zevachim","tok-d39a314a559e","רא״א","רא״א","Unresolved","","No lexical entry yet","true","1","Tosefta Zevachim 7:6"
"tosefta-zevachim","Tosefta Zevachim","tok-9fc0509f9731","ראויין","ראויינ","Unresolved","","No lexical entry yet","true","3","Tosefta Zevachim 5:2; Tosefta Zevachim 11:1"
"tosefta-zevachim","Tosefta Zevachim","tok-c473cf5e1a66","ראשו","ראשו","Unresolved","","No lexical entry yet","true","2","Tosefta Zevachim 6:2"
"tosefta-zevachim","Tosefta Zevachim","tok-d1d7401876d8","רגלו","רגלו","Unresolved","","No lexical entry yet","true","3","Tosefta Zevachim 1:5"
"tosefta-zevachim","Tosefta Zevachim","tok-f6d9b053acde","רגליה","רגליה","Unresolved","","No lexical entry yet","true","1","Tosefta Zevachim 7:2"
"tosefta-zevachim","Tosefta Zevachim","tok-ea43ee7a26bf","רואין","רואינ","Unresolved","","No lexical entry yet","true","5","Tosefta Zevachim 8:6; Tosefta Zevachim 8:9"
"tosefta-zevachim","Tosefta Zevachim","tok-861f79aa81c4","רחוץ","רחוצ","Unresolved","","No lexical entry yet","true","4","Tosefta Zevachim 3:3; Tosefta Zevachim 12:7; Tosefta Zevachim 12:8"
"tosefta-zevachim","Tosefta Zevachim","tok-b5e106f1dafa","רשאי","רשאי","Unresolved","","No lexical entry yet","true","1","Tosefta Zevachim 11:1"
"tosefta-zevachim","Tosefta Zevachim","tok-47ce1a6c1393","רשאין","רשאינ","Unresolved","","No lexical entry yet","true","1","Tosefta Zevachim 10:4"
"tosefta-zevachim","Tosefta Zevachim","tok-af19749353a3","שאכילה","שאכילה","Unresolved","","No lexical entry yet","true","1","Tosefta Zevachim 2:3"
"tosefta-zevachim","Tosefta Zevachim","tok-2c9b35a1abd2","שאכל","שאכל","Unresolved","","No lexical entry yet","true","4","Tosefta Zevachim 5:6; Tosefta Zevachim 12:8"
"tosefta-zevachim","Tosefta Zevachim","tok-0c55a8ab8886","שאמרת","שאמרת","Unresolved","","No lexical entry yet","true","1","Tosefta Zevachim 2:4"
"tosefta-zevachim","Tosefta Zevachim","tok-d685193a7e78","שאע״פ","שאע״פ","Unresolved","","No lexical entry yet","true","4","Tosefta Zevachim 7:5"
"tosefta-zevachim","Tosefta Zevachim","tok-9c16be0e5b79","שאתם","שאתמ","Unresolved","","No lexical entry yet","true","1","Tosefta Zevachim 2:4"
"tosefta-zevachim","Tosefta Zevachim","tok-876e5d06b4e2","שבאותו","שבאותו","Unresolved","","No lexical entry yet","true","1","Tosefta Zevachim 11:7"
"tosefta-zevachim","Tosefta Zevachim","tok-ab089db523a1","שבאצבעו","שבאצבעו","Unresolved","","No lexical entry yet","true","1","Tosefta Zevachim 6:4"
"tosefta-zevachim","Tosefta Zevachim","tok-903e9140e878","שבגלגל","שבגלגל","Unresolved","","No lexical entry yet","true","3","Tosefta Zevachim 13:5"
"tosefta-zevachim","Tosefta Zevachim","tok-82cb63eeb8b4","שבזקן","שבזקנ","Unresolved","","No lexical entry yet","true","1","Tosefta Zevachim 3:5"
"tosefta-zevachim","Tosefta Zevachim","tok-ac41aba6fad6","שבימין","שבימינ","Unresolved","","No lexical entry yet","true","1","Tosefta Zevachim 6:4"
"tosefta-zevachim","Tosefta Zevachim","tok-c388409dba8d","שבירה","שבירה","Unresolved","","No lexical entry yet","true","1","Tosefta Zevachim 10:6"
"tosefta-zevachim","Tosefta Zevachim","tok-a20c727938a4","שבמדבר","שבמדבר","Unresolved","","No lexical entry yet","true","5","Tosefta Zevachim 13:3; Tosefta Zevachim 13:5"
"tosefta-zevachim","Tosefta Zevachim","tok-06bbc4c13614","שבמיתה","שבמיתה","Unresolved","","No lexical entry yet","true","1","Tosefta Zevachim 12:8"
"tosefta-zevachim","Tosefta Zevachim","tok-f8a51a7376d6","שבמעשר","שבמעשר","Unresolved","","No lexical entry yet","true","2","Tosefta Zevachim 6:6; Tosefta Zevachim 6:8"
"tosefta-zevachim","Tosefta Zevachim","tok-52dee498b7e6","שבמצורע","שבמצורע","Unresolved","","No lexical entry yet","true","1","Tosefta Zevachim 1:7"
"tosefta-zevachim","Tosefta Zevachim","tok-6f60c406ffad","שבע","שבע","Unresolved","","No lexical entry yet","true","1","Tosefta Zevachim 6:3"
"tosefta-zevachim","Tosefta Zevachim","tok-076dfbade7c3","שבעה","שבעה","Unresolved","","No lexical entry yet","true","1","Tosefta Zevachim 11:1"
"tosefta-zevachim","Tosefta Zevachim","tok-4cc94f21afe3","שבעולת","שבעולת","Unresolved","","No lexical entry yet","true","2","Tosefta Zevachim 1:8; Tosefta Zevachim 7:3"
"tosefta-zevachim","Tosefta Zevachim","tok-b5b9c5481d9c","שבפרה","שבפרה","Unresolved","","No lexical entry yet","true","1","Tosefta Zevachim 1:7"
"tosefta-zevachim","Tosefta Zevachim","tok-f840f480d6dc","שבראשו","שבראשו","Unresolved","","No lexical entry yet","true","1","Tosefta Zevachim 9:3"
"tosefta-zevachim","Tosefta Zevachim","tok-b121e8ed29ad","שבתות","שבתות","Unresolved","","No lexical entry yet","true","1","Tosefta Zevachim 11:7"
"tosefta-zevachim","Tosefta Zevachim","tok-993a4979cd89","שגלה","שגלה","Unresolved","","No lexical entry yet","true","1","Tosefta Zevachim 13:2"
"tosefta-zevachim","Tosefta Zevachim","tok-0e9f1034f062","שדם","שדמ","Unresolved","","No lexical entry yet","true","2","Tosefta Zevachim 5:1"
"tosefta-zevachim","Tosefta Zevachim","tok-359e9043e6b7","שדמה","שדמה","Unresolved","","No lexical entry yet","true","1","Tosefta Zevachim 1:1"
"tosefta-zevachim","Tosefta Zevachim","tok-97299285c9bc","שדמו","שדמו","Unresolved","","No lexical entry yet","true","2","Tosefta Zevachim 1:1"
"tosefta-zevachim","Tosefta Zevachim","tok-4399da00ebcb","שהביאו","שהביאו","Unresolved","","No lexical entry yet","true","2","Tosefta Zevachim 1:2"
"tosefta-zevachim","Tosefta Zevachim","tok-96a0f8d2fac3","שהדם","שהדמ","Unresolved","","No lexical entry yet","true","1","Tosefta Zevachim 6:4"
"tosefta-zevachim","Tosefta Zevachim","tok-473cd8e7b3df","שהוקדשו","שהוקדשו","Unresolved","","No lexical entry yet","true","1","Tosefta Zevachim 13:4"
"tosefta-zevachim","Tosefta Zevachim","tok-49e1f23a2a92","שהורצה","שהורצה","Unresolved","","No lexical entry yet","true","1","Tosefta Zevachim 4:1"
"tosefta-zevachim","Tosefta Zevachim","tok-6d38ba804245","שהזאה","שהזאה","Unresolved","","No lexical entry yet","true","1","Tosefta Zevachim 10:7"
"tosefta-zevachim","Tosefta Zevachim","tok-f3faaf4bae96","שהיזן","שהיזנ","Unresolved","","No lexical entry yet","true","1","Tosefta Zevachim 1:7"
"tosefta-zevachim","Tosefta Zevachim","tok-26a6f5d8a073","שהלן","שהלנ","Unresolved","","No lexical entry yet","true","1","Tosefta Zevachim 9:2"
"tosefta-zevachim","Tosefta Zevachim","tok-dc6df6d0c826","שהמריקה","שהמריקה","Unresolved","","No lexical entry yet","true","1","Tosefta Zevachim 10:7"
"tosefta-zevachim","Tosefta Zevachim","tok-a9e525fa316a","שהעור","שהעור","Unresolved","","No lexical entry yet","true","3","Tosefta Zevachim 11:5; Tosefta Zevachim 11:6"
"tosefta-zevachim","Tosefta Zevachim","tok-d1fc4729fa48","שהפיגול","שהפיגול","Unresolved","","No lexical entry yet","true","1","Tosefta Zevachim 5:5"
"tosefta-zevachim","Tosefta Zevachim","tok-7ae926f257b8","שהצבור","שהצבור","Unresolved","","No lexical entry yet","true","2","Tosefta Zevachim 13:5"
"tosefta-zevachim","Tosefta Zevachim","tok-2301409ba9ee","שהקדים","שהקדימ","Unresolved","","No lexical entry yet","true","8","Tosefta Zevachim 2:2; Tosefta Zevachim 2:3; Tosefta Zevachim 7:4"
"tosefta-zevachim","Tosefta Zevachim","tok-c35ebf3d1d8b","שהקדישו","שהקדישו","Unresolved","","No lexical entry yet","true","9","Tosefta Zevachim 13:4"
"tosefta-zevachim","Tosefta Zevachim","tok-4df4efa6caf2","שהקדישן","שהקדישנ","Unresolved","","No lexical entry yet","true","3","Tosefta Zevachim 13:4"
"tosefta-zevachim","Tosefta Zevachim","tok-360c2f0b7fcf","שהקטיר","שהקטיר","Unresolved","","No lexical entry yet","true","1","Tosefta Zevachim 11:2"
"tosefta-zevachim","Tosefta Zevachim","tok-0e0cdd9f6bb4","שהקריב","שהקריב","Unresolved","","No lexical entry yet","true","4","Tosefta Zevachim 12:2; Tosefta Zevachim 12:3; Tosefta Zevachim 12:4"
"tosefta-zevachim","Tosefta Zevachim","tok-f7b36f319744","שהקריבן","שהקריבנ","Unresolved","","No lexical entry yet","true","3","Tosefta Zevachim 12:3; Tosefta Zevachim 12:6"
"tosefta-zevachim","Tosefta Zevachim","tok-4d4a9de855b3","שהשוחט","שהשוחט","Unresolved","","No lexical entry yet","true","3","Tosefta Zevachim 5:7; Tosefta Zevachim 12:1"
"tosefta-zevachim","Tosefta Zevachim","tok-ee9bdf492628","שהשחיטה","שהשחיטה","Unresolved","","No lexical entry yet","true","3","Tosefta Zevachim 6:1; Tosefta Zevachim 6:2; Tosefta Zevachim 7:2"
"tosefta-zevachim","Tosefta Zevachim","tok-aa98cb7b8893","שהתודה","שהתודה","Unresolved","","No lexical entry yet","true","1","Tosefta Zevachim 10:1"
"tosefta-zevachim","Tosefta Zevachim","tok-fae3212aec3f","שוברו","שוברו","Unresolved","","No lexical entry yet","true","1","Tosefta Zevachim 10:6"
"tosefta-zevachim","Tosefta Zevachim","tok-d6ff38718d20","שוות","שוות","Unresolved","","No lexical entry yet","true","1","Tosefta Zevachim 10:4"
"tosefta-zevachim","Tosefta Zevachim","tok-e505e6981e60","שוחט","שוחט","Unresolved","","No lexical entry yet","true","3","Tosefta Zevachim 1:7; Tosefta Zevachim 12:1"
"tosefta-zevachim","Tosefta Zevachim","tok-2bdbc515a64f","שוחטו","שוחטו","Unresolved","","No lexical entry yet","true","1","Tosefta Zevachim 1:4"
"tosefta-zevachim","Tosefta Zevachim","tok-cb7b62816c97","שופכו","שופכו","Unresolved","","No lexical entry yet","true","1","Tosefta Zevachim 6:6"
"tosefta-zevachim","Tosefta Zevachim","tok-bfc88b7b438f","שופכן","שופכנ","Unresolved","","No lexical entry yet","true","1","Tosefta Zevachim 6:6"
"tosefta-zevachim","Tosefta Zevachim","tok-8032aa03c6ee","שורפין","שורפינ","Unresolved","","No lexical entry yet","true","2","Tosefta Zevachim 11:3"
"tosefta-zevachim","Tosefta Zevachim","tok-31ddadc6df3b","שזה","שזה","Unresolved","","No lexical entry yet","true","3","Tosefta Zevachim 3:4; Tosefta Zevachim 8:13"
"tosefta-zevachim","Tosefta Zevachim","tok-60b9555c9013","שחוטה","שחוטה","Unresolved","","No lexical entry yet","true","1","Tosefta Zevachim 9:4"
"tosefta-zevachim","Tosefta Zevachim","tok-9fa3b386e338","שחוטין","שחוטינ","Unresolved","","No lexical entry yet","true","3","Tosefta Zevachim 8:4; Tosefta Zevachim 8:9; Tosefta Zevachim 9:5"
"tosefta-zevachim","Tosefta Zevachim","tok-27e7f09acad6","שחט","שחט","Unresolved","","No lexical entry yet","true","19","Tosefta Zevachim 1:4; Tosefta Zevachim 2:2; Tosefta Zevachim 3:4; Tosefta Zevachim 3:5; Tosefta Zevachim 4:2"
"tosefta-zevachim","Tosefta Zevachim","tok-ea6a9de3e335","שחטאת","שחטאת","Unresolved","","No lexical entry yet","true","1","Tosefta Zevachim 8:11"
"tosefta-zevachim","Tosefta Zevachim","tok-195e2498e5f5","שחטו","שחטו","Unresolved","","No lexical entry yet","true","23","Tosefta Zevachim 1:1; Tosefta Zevachim 1:4; Tosefta Zevachim 2:2; Tosefta Zevachim 11:5; Tosefta Zevachim 11:6"
"tosefta-zevachim","Tosefta Zevachim","tok-effc3111371b","שחטן","שחטנ","Unresolved","","No lexical entry yet","true","1","Tosefta Zevachim 12:5"
"tosefta-zevachim","Tosefta Zevachim","tok-666b6dd9a02a","שחיטה","שחיטה","Unresolved","","No lexical entry yet","true","3","Tosefta Zevachim 3:5; Tosefta Zevachim 13:8"
"tosefta-zevachim","Tosefta Zevachim","tok-53da2c0f3025","שחיטתה","שחיטתה","Unresolved","","No lexical entry yet","true","1","Tosefta Zevachim 1:1"
"tosefta-zevachim","Tosefta Zevachim","tok-59ffc9b29fb1","שחיטתו","שחיטתו","Unresolved","","No lexical entry yet","true","1","Tosefta Zevachim 6:2"
"tosefta-zevachim","Tosefta Zevachim","tok-a147f3681595","שחיטתן","שחיטתנ","Unresolved","","No lexical entry yet","true","1","Tosefta Zevachim 6:2"
"tosefta-zevachim","Tosefta Zevachim","tok-9cb31d624e73","שחיסר","שחיסר","Unresolved","","No lexical entry yet","true","2","Tosefta Zevachim 1:7"
"tosefta-zevachim","Tosefta Zevachim","tok-09e5348ecd8d","שחישב","שחישב","Unresolved","","No lexical entry yet","true","2","Tosefta Zevachim 4:4"
"tosefta-zevachim","Tosefta Zevachim","tok-240c7d0ffa6a","שחשב","שחשב","Unresolved","","No lexical entry yet","true","1","Tosefta Zevachim 4:4"
"tosefta-zevachim","Tosefta Zevachim","tok-7d69e697ea36","שחשיכה","שחשיכה","Unresolved","","No lexical entry yet","true","1","Tosefta Zevachim 6:8"
"tosefta-zevachim","Tosefta Zevachim","tok-ef920acf3586","שטבל","שטבל","Unresolved","","No lexical entry yet","true","2","Tosefta Zevachim 1:7"
"tosefta-zevachim","Tosefta Zevachim","tok-15b3fe834ec5","שיאכלו","שיאכלו","Unresolved","","No lexical entry yet","true","3","Tosefta Zevachim 2:1; Tosefta Zevachim 3:1"
"tosefta-zevachim","Tosefta Zevachim","tok-66cb179b9e73","שיבנה","שיבנה","Unresolved","","No lexical entry yet","true","1","Tosefta Zevachim 12:1"
"tosefta-zevachim","Tosefta Zevachim","tok-32cc20bbf141","שיהא","שיהא","Unresolved","","No lexical entry yet","true","2","Tosefta Zevachim 8:12; Tosefta Zevachim 11:4"
"tosefta-zevachim","Tosefta Zevachim","tok-b1e67e79c9ab","שיהו","שיהו","Unresolved","","No lexical entry yet","true","1","Tosefta Zevachim 11:7"
"tosefta-zevachim","Tosefta Zevachim","tok-bc9ca50be3ce","שיהודה","שיהודה","Unresolved","","No lexical entry yet","true","1","Tosefta Zevachim 2:4"
"tosefta-zevachim","Tosefta Zevachim","tok-5ef2c6923a5c","שיזרקו","שיזרקו","Unresolved","","No lexical entry yet","true","3","Tosefta Zevachim 2:1; Tosefta Zevachim 3:1"
"tosefta-zevachim","Tosefta Zevachim","tok-2f2ef96393a0","שיחזור","שיחזור","Unresolved","","No lexical entry yet","true","1","Tosefta Zevachim 8:8"
"tosefta-zevachim","Tosefta Zevachim","tok-dbd8a6de2007","שיחללם","שיחללמ","Unresolved","","No lexical entry yet","true","1","Tosefta Zevachim 8:1"
"tosefta-zevachim","Tosefta Zevachim","tok-10e17ba4b9c3","שילה","שילה","Unresolved","","No lexical entry yet","true","2","Tosefta Zevachim 13:9"
"tosefta-zevachim","Tosefta Zevachim","tok-0134c3b2b372","שימעלו","שימעלו","Unresolved","","No lexical entry yet","true","3","Tosefta Zevachim 7:5"
"tosefta-zevachim","Tosefta Zevachim","tok-3764772880be","שינה","שינה","Unresolved","","No lexical entry yet","true","15","Tosefta Zevachim 1:5; Tosefta Zevachim 1:7; Tosefta Zevachim 1:8; Tosefta Zevachim 6:3; Tosefta Zevachim 6:4"
"tosefta-zevachim","Tosefta Zevachim","tok-0bdf66b370f5","שיסתאבו","שיסתאבו","Unresolved","","No lexical entry yet","true","10","Tosefta Zevachim 8:1; Tosefta Zevachim 8:2; Tosefta Zevachim 8:3; Tosefta Zevachim 8:4"
"tosefta-zevachim","Tosefta Zevachim","tok-17781c7488af","שיקדם","שיקדמ","Unresolved","","No lexical entry yet","true","1","Tosefta Zevachim 10:1"
"tosefta-zevachim","Tosefta Zevachim","tok-4a8509c5b4c8","שיקטירו","שיקטירו","Unresolved","","No lexical entry yet","true","3","Tosefta Zevachim 2:1; Tosefta Zevachim 3:1"
"tosefta-zevachim","Tosefta Zevachim","tok-61da6911018a","שיקרב","שיקרב","Unresolved","","No lexical entry yet","true","2","Tosefta Zevachim 2:2; Tosefta Zevachim 7:4"
"tosefta-zevachim","Tosefta Zevachim","tok-0dd8fa929a27","שיקרבו","שיקרבו","Unresolved","","No lexical entry yet","true","2","Tosefta Zevachim 8:5; Tosefta Zevachim 8:7"
"tosefta-zevachim","Tosefta Zevachim","tok-0009890739f2","שיקריב","שיקריב","Unresolved","","No lexical entry yet","true","3","Tosefta Zevachim 12:2; Tosefta Zevachim 12:3"
"tosefta-zevachim","Tosefta Zevachim","tok-d040a44be942","שירי","שירי","Unresolved","","No lexical entry yet","true","14","Tosefta Zevachim 3:5; Tosefta Zevachim 4:4; Tosefta Zevachim 5:3; Tosefta Zevachim 6:3; Tosefta Zevachim 6:4"
"tosefta-zevachim","Tosefta Zevachim","tok-bfa269f4bb99","שיריו","שיריו","Unresolved","","No lexical entry yet","true","1","Tosefta Zevachim 9:3"
"tosefta-zevachim","Tosefta Zevachim","tok-1cfad38c9a9c","שישחוט","שישחוט","Unresolved","","No lexical entry yet","true","2","Tosefta Zevachim 6:2"
"tosefta-zevachim","Tosefta Zevachim","tok-1fb5b44af797","שכולה","שכולה","Unresolved","","No lexical entry yet","true","1","Tosefta Zevachim 4:2"
"tosefta-zevachim","Tosefta Zevachim","tok-0e4390bb425b","שכולו","שכולו","Unresolved","","No lexical entry yet","true","1","Tosefta Zevachim 12:5"
"tosefta-zevachim","Tosefta Zevachim","tok-fa4a6195a361","שכפרו","שכפרו","Unresolved","","No lexical entry yet","true","1","Tosefta Zevachim 12:6"
"tosefta-zevachim","Tosefta Zevachim","tok-529fcb6438d8","שכשר","שכשר","Unresolved","","No lexical entry yet","true","1","Tosefta Zevachim 6:1"
"tosefta-zevachim","Tosefta Zevachim","tok-6552c1474945","שלימין","שלימינ","Unresolved","","No lexical entry yet","true","1","Tosefta Zevachim 11:3"
"tosefta-zevachim","Tosefta Zevachim","tok-8f12fcec798f","שלמדתני","שלמדתני","Unresolved","","No lexical entry yet","true","1","Tosefta Zevachim 1:6"
"tosefta-zevachim","Tosefta Zevachim","tok-508379e49174","שלן","שלנ","Unresolved","","No lexical entry yet","true","3","Tosefta Zevachim 2:3; Tosefta Zevachim 11:6"
"tosefta-zevachim","Tosefta Zevachim","tok-e3baa9c93587","שלש","שלש","Unresolved","","No lexical entry yet","true","2","Tosefta Zevachim 8:1; Tosefta Zevachim 13:3"
"tosefta-zevachim","Tosefta Zevachim","tok-e0aba646cb42","שלשים","שלשימ","Unresolved","","No lexical entry yet","true","1","Tosefta Zevachim 6:1"
"tosefta-zevachim","Tosefta Zevachim","tok-447a91a97009","שמאי","שמאי","Unresolved","","No lexical entry yet","true","3","Tosefta Zevachim 4:4"
"tosefta-zevachim","Tosefta Zevachim","tok-0e2ab66fae23","שמביא","שמביא","Unresolved","","No lexical entry yet","true","1","Tosefta Zevachim 8:4"
"tosefta-zevachim","Tosefta Zevachim","tok-aa035430e4a2","שמולק","שמולק","Unresolved","","No lexical entry yet","true","1","Tosefta Zevachim 7:3"
"tosefta-zevachim","Tosefta Zevachim","tok-68798ed0142c","שמועלין","שמועלינ","Unresolved","","No lexical entry yet","true","2","Tosefta Zevachim 5:4; Tosefta Zevachim 7:5"
"tosefta-zevachim","Tosefta Zevachim","tok-aeedc8d5a60a","שמועתך","שמועתכ","Unresolved","","No lexical entry yet","true","1","Tosefta Zevachim 2:4"
"tosefta-zevachim","Tosefta Zevachim","tok-019fc71313f6","שמחשבה","שמחשבה","Unresolved","","No lexical entry yet","true","3","Tosefta Zevachim 5:3; Tosefta Zevachim 8:12"
"tosefta-zevachim","Tosefta Zevachim","tok-6806f6d2b1f7","שמכוון","שמכוונ","Unresolved","","No lexical entry yet","true","1","Tosefta Zevachim 1:8"
"tosefta-zevachim","Tosefta Zevachim","tok-170ec39130d9","שמלק","שמלק","Unresolved","","No lexical entry yet","true","3","Tosefta Zevachim 7:4"
"tosefta-zevachim","Tosefta Zevachim","tok-f008c0d2c0e4","שמלקה","שמלקה","Unresolved","","No lexical entry yet","true","4","Tosefta Zevachim 7:2; Tosefta Zevachim 7:4; Tosefta Zevachim 7:5"
"tosefta-zevachim","Tosefta Zevachim","tok-173c4a58aa2d","שמם","שממ","Unresolved","","No lexical entry yet","true","1","Tosefta Zevachim 7:5"
"tosefta-zevachim","Tosefta Zevachim","tok-5d8414b798cf","שמן","שמנ","Unresolved","","No lexical entry yet","true","4","Tosefta Zevachim 1:8; Tosefta Zevachim 5:1; Tosefta Zevachim 6:7; Tosefta Zevachim 10:2"
"tosefta-zevachim","Tosefta Zevachim","tok-01c1a37d4437","שמנן","שמננ","Unresolved","","No lexical entry yet","true","1","Tosefta Zevachim 10:4"
"tosefta-zevachim","Tosefta Zevachim","tok-44f245c50c56","שמעון","שמעונ","Unresolved","","No lexical entry yet","true","34","Tosefta Zevachim 1:4; Tosefta Zevachim 1:5; Tosefta Zevachim 2:2; Tosefta Zevachim 5:2; Tosefta Zevachim 5:3"
"tosefta-zevachim","Tosefta Zevachim","tok-a1226a18641f","שמעתי","שמעתי","Unresolved","","No lexical entry yet","true","2","Tosefta Zevachim 1:6"
"tosefta-zevachim","Tosefta Zevachim","tok-2b119c1b9698","שמקדיש","שמקדיש","Unresolved","","No lexical entry yet","true","1","Tosefta Zevachim 9:5"
"tosefta-zevachim","Tosefta Zevachim","tok-4bc90b1b8b5d","שמקלח","שמקלח","Unresolved","","No lexical entry yet","true","1","Tosefta Zevachim 8:6"
"tosefta-zevachim","Tosefta Zevachim","tok-d432506f0594","שמקצתו","שמקצתו","Unresolved","","No lexical entry yet","true","1","Tosefta Zevachim 7:5"
"tosefta-zevachim","Tosefta Zevachim","tok-6a0f240cc923","שמתו","שמתו","Unresolved","","No lexical entry yet","true","1","Tosefta Zevachim 12:6"
"tosefta-zevachim","Tosefta Zevachim","tok-3b3b202b4276","שמתן","שמתנ","Unresolved","","No lexical entry yet","true","1","Tosefta Zevachim 8:4"
"tosefta-zevachim","Tosefta Zevachim","tok-36849aa12acf","שנא׳","שנא׳","Unresolved","","No lexical entry yet","true","5","Tosefta Zevachim 2:4; Tosefta Zevachim 11:1; Tosefta Zevachim 11:4; Tosefta Zevachim 13:6"
"tosefta-zevachim","Tosefta Zevachim","tok-5f77d6b2421d","שנוהגין","שנוהגינ","Unresolved","","No lexical entry yet","true","2","Tosefta Zevachim 7:5"
"tosefta-zevachim","Tosefta Zevachim","tok-0749e8a753d6","שנויין","שנויינ","Unresolved","","No lexical entry yet","true","1","Tosefta Zevachim 7:3"
"tosefta-zevachim","Tosefta Zevachim","tok-d61e3d54eb93","שנזבחו","שנזבחו","Unresolved","","No lexical entry yet","true","1","Tosefta Zevachim 1:1"
"tosefta-zevachim","Tosefta Zevachim","tok-c2d49ae47a0b","שנזרק","שנזרק","Unresolved","","No lexical entry yet","true","2","Tosefta Zevachim 11:5; Tosefta Zevachim 11:6"
"tosefta-zevachim","Tosefta Zevachim","tok-bf178fa98c7f","שנטמא","שנטמא","Unresolved","","No lexical entry yet","true","2","Tosefta Zevachim 11:5"
"tosefta-zevachim","Tosefta Zevachim","tok-a967a9e3e819","שנידר","שנידר","Unresolved","","No lexical entry yet","true","1","Tosefta Zevachim 13:5"
"tosefta-zevachim","Tosefta Zevachim","tok-b9854ab1a8b0","שניהן","שניהנ","Unresolved","","No lexical entry yet","true","6","Tosefta Zevachim 8:2; Tosefta Zevachim 8:4; Tosefta Zevachim 12:5"
"tosefta-zevachim","Tosefta Zevachim","tok-0a40b087446a","שניטל","שניטל","Unresolved","","No lexical entry yet","true","1","Tosefta Zevachim 4:2"
"tosefta-zevachim","Tosefta Zevachim","tok-b91311857892","שניסכו","שניסכו","Unresolved","","No lexical entry yet","true","1","Tosefta Zevachim 1:8"
"tosefta-zevachim","Tosefta Zevachim","tok-581c888acfca","שנסכו","שנסכו","Unresolved","","No lexical entry yet","true","2","Tosefta Zevachim 1:8"
"tosefta-zevachim","Tosefta Zevachim","tok-4f1a85e193b6","שנפסל","שנפסל","Unresolved","","No lexical entry yet","true","3","Tosefta Zevachim 4:1; Tosefta Zevachim 8:12"
"tosefta-zevachim","Tosefta Zevachim","tok-9695ad3e691d","שנשחטו","שנשחטו","Unresolved","","No lexical entry yet","true","1","Tosefta Zevachim 8:4"
"tosefta-zevachim","Tosefta Zevachim","tok-29a19f5c1eb4","שנשפך","שנשפכ","Unresolved","","No lexical entry yet","true","2","Tosefta Zevachim 4:1; Tosefta Zevachim 8:12"
"tosefta-zevachim","Tosefta Zevachim","tok-565fc13dfb2c","שנשרפין","שנשרפינ","Unresolved","","No lexical entry yet","true","1","Tosefta Zevachim 11:8"
"tosefta-zevachim","Tosefta Zevachim","tok-996bd584094b","שנשתייר","שנשתייר","Unresolved","","No lexical entry yet","true","1","Tosefta Zevachim 4:2"
"tosefta-zevachim","Tosefta Zevachim","tok-a94d6cb3c134","שנתה","שנתה","Unresolved","","No lexical entry yet","true","1","Tosefta Zevachim 12:6"
"tosefta-zevachim","Tosefta Zevachim","tok-88dbd2b47a67","שנתמלא","שנתמלא","Unresolved","","No lexical entry yet","true","1","Tosefta Zevachim 11:4"
"tosefta-zevachim","Tosefta Zevachim","tok-a1dc17e31893","שנתנו","שנתנו","Unresolved","","No lexical entry yet","true","2","Tosefta Zevachim 8:12; Tosefta Zevachim 9:3"
"tosefta-zevachim","Tosefta Zevachim","tok-dad6b0264b71","שנתנן","שנתננ","Unresolved","","No lexical entry yet","true","4","Tosefta Zevachim 1:8; Tosefta Zevachim 9:4"
"tosefta-zevachim","Tosefta Zevachim","tok-edf71f5af861","שנתערב","שנתערב","Unresolved","","No lexical entry yet","true","9","Tosefta Zevachim 8:2; Tosefta Zevachim 8:4; Tosefta Zevachim 8:6; Tosefta Zevachim 8:7"
"tosefta-zevachim","Tosefta Zevachim","tok-f7e579fea918","שנתערבה","שנתערבה","Unresolved","","No lexical entry yet","true","7","Tosefta Zevachim 8:2; Tosefta Zevachim 8:3; Tosefta Zevachim 8:5; Tosefta Zevachim 8:9; Tosefta Zevachim 8:10"
"tosefta-zevachim","Tosefta Zevachim","tok-f084b5fcfd8d","שנתערבו","שנתערבו","Unresolved","","No lexical entry yet","true","15","Tosefta Zevachim 8:1; Tosefta Zevachim 8:2; Tosefta Zevachim 8:3; Tosefta Zevachim 8:4; Tosefta Zevachim 8:5"
"tosefta-zevachim","Tosefta Zevachim","tok-e5e3b91ebb1f","שעבד","שעבד","Unresolved","","No lexical entry yet","true","3","Tosefta Zevachim 11:2; Tosefta Zevachim 12:7"
"tosefta-zevachim","Tosefta Zevachim","tok-ae19d7913987","שעבר","שעבר","Unresolved","","No lexical entry yet","true","1","Tosefta Zevachim 6:6"
"tosefta-zevachim","Tosefta Zevachim","tok-bf097cd3d2e6","שעדיין","שעדיינ","Unresolved","","No lexical entry yet","true","1","Tosefta Zevachim 4:3"
"tosefta-zevachim","Tosefta Zevachim","tok-905e1d9de9da","שעולין","שעולינ","Unresolved","","No lexical entry yet","true","1","Tosefta Zevachim 7:3"
"tosefta-zevachim","Tosefta Zevachim","tok-d769124097b8","שעומד","שעומד","Unresolved","","No lexical entry yet","true","3","Tosefta Zevachim 1:7; Tosefta Zevachim 7:3"
"tosefta-zevachim","Tosefta Zevachim","tok-d1851d0a132c","שעורין","שעורינ","Unresolved","","No lexical entry yet","true","1","Tosefta Zevachim 10:2"
"tosefta-zevachim","Tosefta Zevachim","tok-d8da5da71627","שעלה","שעלה","Unresolved","","No lexical entry yet","true","1","Tosefta Zevachim 9:3"
"tosefta-zevachim","Tosefta Zevachim","tok-5e2586c804b6","שעלתה","שעלתה","Unresolved","","No lexical entry yet","true","4","Tosefta Zevachim 9:3; Tosefta Zevachim 9:4; Tosefta Zevachim 11:4"
"tosefta-zevachim","Tosefta Zevachim","tok-a2e5d91bd9c9","שעמד","שעמד","Unresolved","","No lexical entry yet","true","1","Tosefta Zevachim 11:2"
"tosefta-zevachim","Tosefta Zevachim","tok-a8f343d887a1","שערות","שערות","Unresolved","","No lexical entry yet","true","1","Tosefta Zevachim 11:4"
"tosefta-zevachim","Tosefta Zevachim","tok-bf0079e08402","שעריך","שעריכ","Unresolved","","No lexical entry yet","true","1","Tosefta Zevachim 13:6"
"tosefta-zevachim","Tosefta Zevachim","tok-7fedff59dbaf","שעשאה","שעשאה","Unresolved","","No lexical entry yet","true","1","Tosefta Zevachim 7:5"
"tosefta-zevachim","Tosefta Zevachim","tok-673adb503ea0","שעת","שעת","Unresolved","","No lexical entry yet","true","6","Tosefta Zevachim 10:5; Tosefta Zevachim 10:6; Tosefta Zevachim 12:1"
"tosefta-zevachim","Tosefta Zevachim","tok-8fd6b9e20784","שפוסל","שפוסל","Unresolved","","No lexical entry yet","true","1","Tosefta Zevachim 2:4"
"tosefta-zevachim","Tosefta Zevachim","tok-dbc4c2899283","שפיכה","שפיכה","Unresolved","","No lexical entry yet","true","1","Tosefta Zevachim 6:6"
"tosefta-zevachim","Tosefta Zevachim","tok-288b82d9ae94","שפירכסה","שפירכסה","Unresolved","","No lexical entry yet","true","1","Tosefta Zevachim 8:13"
"tosefta-zevachim","Tosefta Zevachim","tok-1c2b19777b9e","שפירש","שפירש","Unresolved","","No lexical entry yet","true","1","Tosefta Zevachim 11:4"
"tosefta-zevachim","Tosefta Zevachim","tok-4af5d1d63e00","שפכן","שפכנ","Unresolved","","No lexical entry yet","true","1","Tosefta Zevachim 6:6"
"tosefta-zevachim","Tosefta Zevachim","tok-b1733bc823bb","שפסל","שפסל","Unresolved","","No lexical entry yet","true","1","Tosefta Zevachim 8:12"
"tosefta-zevachim","Tosefta Zevachim","tok-070e804d9cd5","שקבוע","שקבוע","Unresolved","","No lexical entry yet","true","1","Tosefta Zevachim 13:5"
"tosefta-zevachim","Tosefta Zevachim","tok-4c1eeecc85db","שקבל","שקבל","Unresolved","","No lexical entry yet","true","5","Tosefta Zevachim 3:2; Tosefta Zevachim 3:3; Tosefta Zevachim 8:12; Tosefta Zevachim 8:14; Tosefta Zevachim 12:5"
"tosefta-zevachim","Tosefta Zevachim","tok-38e74b67321f","שקבלו","שקבלו","Unresolved","","No lexical entry yet","true","2","Tosefta Zevachim 1:8; Tosefta Zevachim 2:3"
"tosefta-zevachim","Tosefta Zevachim","tok-939beadbc719","שקדש","שקדש","Unresolved","","No lexical entry yet","true","2","Tosefta Zevachim 5:1"
"tosefta-zevachim","Tosefta Zevachim","tok-44f99776c3b2","שקדשו","שקדשו","Unresolved","","No lexical entry yet","true","2","Tosefta Zevachim 1:8; Tosefta Zevachim 5:1"
"tosefta-zevachim","Tosefta Zevachim","tok-6fc26b49462c","שקדשן","שקדשנ","Unresolved","","No lexical entry yet","true","1","Tosefta Zevachim 5:1"
"tosefta-zevachim","Tosefta Zevachim","tok-5b2c7bd2feab","שקודמין","שקודמינ","Unresolved","","No lexical entry yet","true","1","Tosefta Zevachim 10:3"
"tosefta-zevachim","Tosefta Zevachim","tok-67811cb149a7","שקמה","שקמה","Unresolved","","No lexical entry yet","true","2","Tosefta Zevachim 11:7"
"tosefta-zevachim","Tosefta Zevachim","tok-bae340f77b3a","שקרב","שקרב","Unresolved","","No lexical entry yet","true","2","Tosefta Zevachim 2:2; Tosefta Zevachim 7:4"
"tosefta-zevachim","Tosefta Zevachim","tok-d2c7113e1735","שר׳","שר׳","Unresolved","","No lexical entry yet","true","2","Tosefta Zevachim 8:7; Tosefta Zevachim 9:2"
"tosefta-zevachim","Tosefta Zevachim","tok-6979a72729da","שריפתן","שריפתנ","Unresolved","","No lexical entry yet","true","1","Tosefta Zevachim 6:8"
"tosefta-zevachim","Tosefta Zevachim","tok-6a4d4b713a1b","שרת","שרת","Unresolved","","No lexical entry yet","true","5","Tosefta Zevachim 1:6"
"tosefta-zevachim","Tosefta Zevachim","tok-7f4e84593481","ששה","ששה","Unresolved","","No lexical entry yet","true","1","Tosefta Zevachim 5:7"
"tosefta-zevachim","Tosefta Zevachim","tok-f0080d066e38","ששוה","ששוה","Unresolved","","No lexical entry yet","true","1","Tosefta Zevachim 13:8"
"tosefta-zevachim","Tosefta Zevachim","tok-251aa2d2d26e","ששחט","ששחט","Unresolved","","No lexical entry yet","true","7","Tosefta Zevachim 2:2; Tosefta Zevachim 4:3"
"tosefta-zevachim","Tosefta Zevachim","tok-299f1ff7a20b","ששחטו","ששחטו","Unresolved","","No lexical entry yet","true","5","Tosefta Zevachim 1:2; Tosefta Zevachim 11:5; Tosefta Zevachim 11:6"
"tosefta-zevachim","Tosefta Zevachim","tok-d83e3bb7f1c5","ששחטן","ששחטנ","Unresolved","","No lexical entry yet","true","18","Tosefta Zevachim 1:2; Tosefta Zevachim 1:3; Tosefta Zevachim 2:2; Tosefta Zevachim 2:3; Tosefta Zevachim 3:1"
"tosefta-zevachim","Tosefta Zevachim","tok-cf3a9a8862c5","ששחיטה","ששחיטה","Unresolved","","No lexical entry yet","true","1","Tosefta Zevachim 2:3"
"tosefta-zevachim","Tosefta Zevachim","tok-3e36d72ef86a","ששינה","ששינה","Unresolved","","No lexical entry yet","true","11","Tosefta Zevachim 1:7; Tosefta Zevachim 7:3; Tosefta Zevachim 7:5"
"tosefta-zevachim","Tosefta Zevachim","tok-f81febb995e5","ששיסע","ששיסע","Unresolved","","No lexical entry yet","true","2","Tosefta Zevachim 7:3"
"tosefta-zevachim","Tosefta Zevachim","tok-ca888eaa9e11","ששמשו","ששמשו","Unresolved","","No lexical entry yet","true","1","Tosefta Zevachim 12:8"
"tosefta-zevachim","Tosefta Zevachim","tok-83fe7b44f138","ששתי","ששתי","Unresolved","","No lexical entry yet","true","1","Tosefta Zevachim 10:3"
"tosefta-zevachim","Tosefta Zevachim","tok-cbbf5a51e632","שתהא","שתהא","Unresolved","","No lexical entry yet","true","3","Tosefta Zevachim 1:1; Tosefta Zevachim 7:1"
"tosefta-zevachim","Tosefta Zevachim","tok-29395a1530ec","שתעובר","שתעובר","Unresolved","","No lexical entry yet","true","2","Tosefta Zevachim 7:2; Tosefta Zevachim 8:5"
"tosefta-zevachim","Tosefta Zevachim","tok-8959f32dada6","ת״ל","ת״ל","Unresolved","","No lexical entry yet","true","5","Tosefta Zevachim 1:6; Tosefta Zevachim 4:1; Tosefta Zevachim 8:12; Tosefta Zevachim 13:6"
"tosefta-zevachim","Tosefta Zevachim","tok-e96b451cdb77","תבלי","תבלי","Unresolved","","No lexical entry yet","true","3","Tosefta Zevachim 10:4"
"tosefta-zevachim","Tosefta Zevachim","tok-f4a3b9867da4","תגרע","תגרע","Unresolved","","No lexical entry yet","true","2","Tosefta Zevachim 8:10"
"tosefta-zevachim","Tosefta Zevachim","tok-afab01050e92","תודה","תודה","Unresolved","","No lexical entry yet","true","11","Tosefta Zevachim 8:2; Tosefta Zevachim 8:3; Tosefta Zevachim 8:5; Tosefta Zevachim 10:1; Tosefta Zevachim 10:4"
"tosefta-zevachim","Tosefta Zevachim","tok-89ff1b091014","תודתו","תודתו","Unresolved","","No lexical entry yet","true","1","Tosefta Zevachim 12:5"
"tosefta-zevachim","Tosefta Zevachim","tok-4eb5c34a0115","תוכיח","תוכיח","Unresolved","","No lexical entry yet","true","2","Tosefta Zevachim 1:1; Tosefta Zevachim 7:5"
"tosefta-zevachim","Tosefta Zevachim","tok-ad4cef52437c","תורין","תורינ","Unresolved","","No lexical entry yet","true","1","Tosefta Zevachim 3:5"
"tosefta-zevachim","Tosefta Zevachim","tok-a7af00e66193","תורתך","תורתכ","Unresolved","","No lexical entry yet","true","1","Tosefta Zevachim 2:4"
"tosefta-zevachim","Tosefta Zevachim","tok-88b6e11063cb","תחלק","תחלק","Unresolved","","No lexical entry yet","true","1","Tosefta Zevachim 8:9"
"tosefta-zevachim","Tosefta Zevachim","tok-3031d6da069d","תחלת","תחלת","Unresolved","","No lexical entry yet","true","1","Tosefta Zevachim 12:4"
"tosefta-zevachim","Tosefta Zevachim","tok-984d2f492f95","תחתיה","תחתיה","Unresolved","","No lexical entry yet","true","1","Tosefta Zevachim 12:5"
"tosefta-zevachim","Tosefta Zevachim","tok-0e14088a8a71","תלמידו","תלמידו","Unresolved","","No lexical entry yet","true","1","Tosefta Zevachim 2:4"
"tosefta-zevachim","Tosefta Zevachim","tok-3f3965f91b55","תמורה","תמורה","Unresolved","","No lexical entry yet","true","1","Tosefta Zevachim 5:4"
"tosefta-zevachim","Tosefta Zevachim","tok-9efdd85d8ccd","תמימים","תמימימ","Unresolved","","No lexical entry yet","true","3","Tosefta Zevachim 6:7; Tosefta Zevachim 8:1; Tosefta Zevachim 13:1"
"tosefta-zevachim","Tosefta Zevachim","tok-fe6935e3c6b7","תעובר","תעובר","Unresolved","","No lexical entry yet","true","5","Tosefta Zevachim 1:2; Tosefta Zevachim 4:1; Tosefta Zevachim 8:4; Tosefta Zevachim 8:5"
"tosefta-zevachim","Tosefta Zevachim","tok-1f05e2ac99d8","תעשה","תעשה","Unresolved","","No lexical entry yet","true","12","Tosefta Zevachim 8:10; Tosefta Zevachim 12:6; Tosefta Zevachim 12:8; Tosefta Zevachim 13:4"
"tosefta-zevachim","Tosefta Zevachim","tok-9985c12d4fc5","תרשני","תרשני","Unresolved","","No lexical entry yet","true","1","Tosefta Zevachim 1:6"
"tosefta-zevachim","Tosefta Zevachim","tok-eda963ea1187","תתמה","תתמה","Unresolved","","No lexical entry yet","true","2","Tosefta Zevachim 7:5"
