"work_id","work_title","token_index_id","surface_word","normalized_word","status","strict_renderings","notes","not_a_translation","occurrence_count","example_refs"
"yekar-tiferet-on-mishneh-torah-slaves","Yekar Tiferet on Mishneh Torah, Slaves","tok-ed52858a10ea","א׳","א׳","Unresolved","","No lexical entry yet","true","1","Yekar Tiferet on Mishneh Torah, Slaves 6:2:1"
"yekar-tiferet-on-mishneh-torah-slaves","Yekar Tiferet on Mishneh Torah, Slaves","tok-571003b5f747","א״ה","א״ה","Unresolved","","No lexical entry yet","true","2","Yekar Tiferet on Mishneh Torah, Slaves 3:9:2; Yekar Tiferet on Mishneh Torah, Slaves 4:4:2"
"yekar-tiferet-on-mishneh-torah-slaves","Yekar Tiferet on Mishneh Torah, Slaves","tok-8c6da3b5e90b","א״י","א״י","Unresolved","","No lexical entry yet","true","1","Yekar Tiferet on Mishneh Torah, Slaves 8:10:1"
"yekar-tiferet-on-mishneh-torah-slaves","Yekar Tiferet on Mishneh Torah, Slaves","tok-eecb2224f944","א״ל","א״ל","Unresolved","","No lexical entry yet","true","4","Yekar Tiferet on Mishneh Torah, Slaves 8:6:1; Yekar Tiferet on Mishneh Torah, Slaves 8:10:1; Yekar Tiferet on Mishneh Torah, Slaves 8:14:1"
"yekar-tiferet-on-mishneh-torah-slaves","Yekar Tiferet on Mishneh Torah, Slaves","tok-0c852578344b","א״ר","א״ר","Unresolved","","No lexical entry yet","true","3","Yekar Tiferet on Mishneh Torah, Slaves 3:1:3; Yekar Tiferet on Mishneh Torah, Slaves 4:7:5; Yekar Tiferet on Mishneh Torah, Slaves 6:2:1"
"yekar-tiferet-on-mishneh-torah-slaves","Yekar Tiferet on Mishneh Torah, Slaves","tok-bd38006c74b8","אבד","אבד","Unresolved","","No lexical entry yet","true","3","Yekar Tiferet on Mishneh Torah, Slaves 9:2:1; Yekar Tiferet on Mishneh Torah, Slaves 9:3:1"
"yekar-tiferet-on-mishneh-torah-slaves","Yekar Tiferet on Mishneh Torah, Slaves","tok-3079ce194593","אביה","אביה","Unresolved","","No lexical entry yet","true","5","Yekar Tiferet on Mishneh Torah, Slaves 2:12:2; Yekar Tiferet on Mishneh Torah, Slaves 3:15:3; Yekar Tiferet on Mishneh Torah, Slaves 4:5:1; Yekar Tiferet on Mishneh Torah, Slaves 4:13:1; Yekar Tiferet on Mishneh Torah, Slaves 4:13:2"
"yekar-tiferet-on-mishneh-torah-slaves","Yekar Tiferet on Mishneh Torah, Slaves","tok-0956011106d7","אביהם","אביהמ","Unresolved","","No lexical entry yet","true","2","Yekar Tiferet on Mishneh Torah, Slaves 3:1:3"
"yekar-tiferet-on-mishneh-torah-slaves","Yekar Tiferet on Mishneh Torah, Slaves","tok-c09bdd09d057","אביו","אביו","Unresolved","","No lexical entry yet","true","4","Yekar Tiferet on Mishneh Torah, Slaves 2:12:2; Yekar Tiferet on Mishneh Torah, Slaves 4:7:5; Yekar Tiferet on Mishneh Torah, Slaves 4:11:1; Yekar Tiferet on Mishneh Torah, Slaves 9:3:1"
"yekar-tiferet-on-mishneh-torah-slaves","Yekar Tiferet on Mishneh Torah, Slaves","tok-64dabad89f94","אביי","אביי","Unresolved","","No lexical entry yet","true","1","Yekar Tiferet on Mishneh Torah, Slaves 2:10:1"
"yekar-tiferet-on-mishneh-torah-slaves","Yekar Tiferet on Mishneh Torah, Slaves","tok-3aa6dddec6bd","אבעילת","אבעילת","Unresolved","","No lexical entry yet","true","1","Yekar Tiferet on Mishneh Torah, Slaves 9:1:1"
"yekar-tiferet-on-mishneh-torah-slaves","Yekar Tiferet on Mishneh Torah, Slaves","tok-bd90879203af","אברי","אברי","Unresolved","","No lexical entry yet","true","2","Yekar Tiferet on Mishneh Torah, Slaves 5:6:2"
"yekar-tiferet-on-mishneh-torah-slaves","Yekar Tiferet on Mishneh Torah, Slaves","tok-4b78ee0d358a","אבתריה","אבתריה","Unresolved","","No lexical entry yet","true","1","Yekar Tiferet on Mishneh Torah, Slaves 8:10:1"
"yekar-tiferet-on-mishneh-torah-slaves","Yekar Tiferet on Mishneh Torah, Slaves","tok-57f352de0a9e","אגט","אגט","Unresolved","","No lexical entry yet","true","1","Yekar Tiferet on Mishneh Torah, Slaves 7:2:2"
"yekar-tiferet-on-mishneh-torah-slaves","Yekar Tiferet on Mishneh Torah, Slaves","tok-775d0336812e","אדוניו","אדוניו","Unresolved","","No lexical entry yet","true","4","Yekar Tiferet on Mishneh Torah, Slaves 3:3:1; Yekar Tiferet on Mishneh Torah, Slaves 3:6:1; Yekar Tiferet on Mishneh Torah, Slaves 3:9:3; Yekar Tiferet on Mishneh Torah, Slaves 3:9:4"
"yekar-tiferet-on-mishneh-torah-slaves","Yekar Tiferet on Mishneh Torah, Slaves","tok-576d593e96fb","אדמיה","אדמיה","Unresolved","","No lexical entry yet","true","1","Yekar Tiferet on Mishneh Torah, Slaves 8:10:1"
"yekar-tiferet-on-mishneh-torah-slaves","Yekar Tiferet on Mishneh Torah, Slaves","tok-fdb4c97cc947","אדרבה","אדרבה","Unresolved","","No lexical entry yet","true","1","Yekar Tiferet on Mishneh Torah, Slaves 8:17:2"
"yekar-tiferet-on-mishneh-torah-slaves","Yekar Tiferet on Mishneh Torah, Slaves","tok-0f4a05554022","אהדדי","אהדדי","Unresolved","","No lexical entry yet","true","1","Yekar Tiferet on Mishneh Torah, Slaves 7:3:3"
"yekar-tiferet-on-mishneh-torah-slaves","Yekar Tiferet on Mishneh Torah, Slaves","tok-71ebe7b7ccc5","אהדרו","אהדרו","Unresolved","","No lexical entry yet","true","1","Yekar Tiferet on Mishneh Torah, Slaves 8:14:1"
"yekar-tiferet-on-mishneh-torah-slaves","Yekar Tiferet on Mishneh Torah, Slaves","tok-9300bf37a9f9","אהך","אהכ","Unresolved","","No lexical entry yet","true","1","Yekar Tiferet on Mishneh Torah, Slaves 5:13:1"
"yekar-tiferet-on-mishneh-torah-slaves","Yekar Tiferet on Mishneh Torah, Slaves","tok-cfe5da70a643","אהני","אהני","Unresolved","","No lexical entry yet","true","2","Yekar Tiferet on Mishneh Torah, Slaves 5:10:2"
"yekar-tiferet-on-mishneh-torah-slaves","Yekar Tiferet on Mishneh Torah, Slaves","tok-2e0183d024c8","אומנות","אומנות","Unresolved","","No lexical entry yet","true","1","Yekar Tiferet on Mishneh Torah, Slaves 3:3:1"
"yekar-tiferet-on-mishneh-torah-slaves","Yekar Tiferet on Mishneh Torah, Slaves","tok-971eed64c899","אורחא","אורחא","Unresolved","","No lexical entry yet","true","2","Yekar Tiferet on Mishneh Torah, Slaves 4:3:2; Yekar Tiferet on Mishneh Torah, Slaves 7:6:1"
"yekar-tiferet-on-mishneh-torah-slaves","Yekar Tiferet on Mishneh Torah, Slaves","tok-e5ccdad90ed9","אזיל","אזיל","Unresolved","","No lexical entry yet","true","1","Yekar Tiferet on Mishneh Torah, Slaves 8:10:1"
"yekar-tiferet-on-mishneh-torah-slaves","Yekar Tiferet on Mishneh Torah, Slaves","tok-03287997d814","אזנו","אזנו","Unresolved","","No lexical entry yet","true","5","Yekar Tiferet on Mishneh Torah, Slaves 3:6:1; Yekar Tiferet on Mishneh Torah, Slaves 3:9:1; Yekar Tiferet on Mishneh Torah, Slaves 3:9:4"
"yekar-tiferet-on-mishneh-torah-slaves","Yekar Tiferet on Mishneh Torah, Slaves","tok-2a9707c51de5","אחוה","אחוה","Unresolved","","No lexical entry yet","true","1","Yekar Tiferet on Mishneh Torah, Slaves 1:8:1"
"yekar-tiferet-on-mishneh-torah-slaves","Yekar Tiferet on Mishneh Torah, Slaves","tok-e9320cb30372","אחוזתו","אחוזתו","Unresolved","","No lexical entry yet","true","5","Yekar Tiferet on Mishneh Torah, Slaves 2:7:5; Yekar Tiferet on Mishneh Torah, Slaves 3:7:2"
"yekar-tiferet-on-mishneh-torah-slaves","Yekar Tiferet on Mishneh Torah, Slaves","tok-4f9ffd4bbc01","אחותו","אחותו","Unresolved","","No lexical entry yet","true","1","Yekar Tiferet on Mishneh Torah, Slaves 4:11:1"
"yekar-tiferet-on-mishneh-torah-slaves","Yekar Tiferet on Mishneh Torah, Slaves","tok-05198acaf30a","אחזקתיה","אחזקתיה","Unresolved","","No lexical entry yet","true","2","Yekar Tiferet on Mishneh Torah, Slaves 6:7:2; Yekar Tiferet on Mishneh Torah, Slaves 7:2:1"
"yekar-tiferet-on-mishneh-torah-slaves","Yekar Tiferet on Mishneh Torah, Slaves","tok-ec159023d2a0","אחיו","אחיו","Unresolved","","No lexical entry yet","true","1","Yekar Tiferet on Mishneh Torah, Slaves 4:11:1"
"yekar-tiferet-on-mishneh-torah-slaves","Yekar Tiferet on Mishneh Torah, Slaves","tok-59bba1ee91b1","אחרונה","אחרונה","Unresolved","","No lexical entry yet","true","4","Yekar Tiferet on Mishneh Torah, Slaves 3:10:1; Yekar Tiferet on Mishneh Torah, Slaves 5:15:1; Yekar Tiferet on Mishneh Torah, Slaves 8:15:1"
"yekar-tiferet-on-mishneh-torah-slaves","Yekar Tiferet on Mishneh Torah, Slaves","tok-b3bd0a8c366f","אחריהם","אחריהמ","Unresolved","","No lexical entry yet","true","1","Yekar Tiferet on Mishneh Torah, Slaves 4:13:4"
"yekar-tiferet-on-mishneh-torah-slaves","Yekar Tiferet on Mishneh Torah, Slaves","tok-3e2b048935be","אחריהן","אחריהנ","Unresolved","","No lexical entry yet","true","1","Yekar Tiferet on Mishneh Torah, Slaves 4:13:4"
"yekar-tiferet-on-mishneh-torah-slaves","Yekar Tiferet on Mishneh Torah, Slaves","tok-5dc960e8e98d","אחריותן","אחריותנ","Unresolved","","No lexical entry yet","true","1","Yekar Tiferet on Mishneh Torah, Slaves 5:16:1"
"yekar-tiferet-on-mishneh-torah-slaves","Yekar Tiferet on Mishneh Torah, Slaves","tok-5140bfaff456","אחריתי","אחריתי","Unresolved","","No lexical entry yet","true","1","Yekar Tiferet on Mishneh Torah, Slaves 4:14:1"
"yekar-tiferet-on-mishneh-torah-slaves","Yekar Tiferet on Mishneh Torah, Slaves","tok-b9e5a39354b2","אחרת","אחרת","Unresolved","","No lexical entry yet","true","5","Yekar Tiferet on Mishneh Torah, Slaves 4:9:2; Yekar Tiferet on Mishneh Torah, Slaves 4:13:2; Yekar Tiferet on Mishneh Torah, Slaves 9:3:1"
"yekar-tiferet-on-mishneh-torah-slaves","Yekar Tiferet on Mishneh Torah, Slaves","tok-4e483915ef07","איבד","איבד","Unresolved","","No lexical entry yet","true","4","Yekar Tiferet on Mishneh Torah, Slaves 8:8:1"
"yekar-tiferet-on-mishneh-torah-slaves","Yekar Tiferet on Mishneh Torah, Slaves","tok-48517eeab7af","איבעיא","איבעיא","Unresolved","","No lexical entry yet","true","1","Yekar Tiferet on Mishneh Torah, Slaves 4:7:5"
"yekar-tiferet-on-mishneh-torah-slaves","Yekar Tiferet on Mishneh Torah, Slaves","tok-a482630d10f0","איברים","איברימ","Unresolved","","No lexical entry yet","true","1","Yekar Tiferet on Mishneh Torah, Slaves 5:1:2"
"yekar-tiferet-on-mishneh-torah-slaves","Yekar Tiferet on Mishneh Torah, Slaves","tok-6da4730c45d4","איגרשה","איגרשה","Unresolved","","No lexical entry yet","true","1","Yekar Tiferet on Mishneh Torah, Slaves 6:7:3"
"yekar-tiferet-on-mishneh-torah-slaves","Yekar Tiferet on Mishneh Torah, Slaves","tok-e30414dd4e8d","אידחה","אידחה","Unresolved","","No lexical entry yet","true","1","Yekar Tiferet on Mishneh Torah, Slaves 2:6:1"
"yekar-tiferet-on-mishneh-torah-slaves","Yekar Tiferet on Mishneh Torah, Slaves","tok-609fc7609396","אידך","אידכ","Unresolved","","No lexical entry yet","true","1","Yekar Tiferet on Mishneh Torah, Slaves 4:11:1"
"yekar-tiferet-on-mishneh-torah-slaves","Yekar Tiferet on Mishneh Torah, Slaves","tok-835e65bb023f","איזהו","איזהו","Unresolved","","No lexical entry yet","true","3","Yekar Tiferet on Mishneh Torah, Slaves 1:2:2; Yekar Tiferet on Mishneh Torah, Slaves 1:8:2"
"yekar-tiferet-on-mishneh-torah-slaves","Yekar Tiferet on Mishneh Torah, Slaves","tok-3733b24861c3","איחר","איחר","Unresolved","","No lexical entry yet","true","1","Yekar Tiferet on Mishneh Torah, Slaves 2:7:2"
"yekar-tiferet-on-mishneh-torah-slaves","Yekar Tiferet on Mishneh Torah, Slaves","tok-1afe0b6df6c2","איירי","איירי","Unresolved","","No lexical entry yet","true","25","Yekar Tiferet on Mishneh Torah, Slaves 1:1:4; Yekar Tiferet on Mishneh Torah, Slaves 1:3:1; Yekar Tiferet on Mishneh Torah, Slaves 1:8:2; Yekar Tiferet on Mishneh Torah, Slaves 2:6:2; Yekar Tiferet on Mishneh Torah, Slaves 2:10:1"
"yekar-tiferet-on-mishneh-torah-slaves","Yekar Tiferet on Mishneh Torah, Slaves","tok-de84f3e34f90","איכא","איכא","Unresolved","","No lexical entry yet","true","16","Yekar Tiferet on Mishneh Torah, Slaves 1:2:2; Yekar Tiferet on Mishneh Torah, Slaves 1:8:2; Yekar Tiferet on Mishneh Torah, Slaves 2:12:2; Yekar Tiferet on Mishneh Torah, Slaves 3:4:1; Yekar Tiferet on Mishneh Torah, Slaves 3:13:1"
"yekar-tiferet-on-mishneh-torah-slaves","Yekar Tiferet on Mishneh Torah, Slaves","tok-7e98eb273d7f","אילונית","אילונית","Unresolved","","No lexical entry yet","true","2","Yekar Tiferet on Mishneh Torah, Slaves 4:1:2; Yekar Tiferet on Mishneh Torah, Slaves 4:5:2"
"yekar-tiferet-on-mishneh-torah-slaves","Yekar Tiferet on Mishneh Torah, Slaves","tok-c050638bcc14","אימא","אימא","Unresolved","","No lexical entry yet","true","1","Yekar Tiferet on Mishneh Torah, Slaves 2:7:2"
"yekar-tiferet-on-mishneh-torah-slaves","Yekar Tiferet on Mishneh Torah, Slaves","tok-677613cc7749","איני","איני","Unresolved","","No lexical entry yet","true","1","Yekar Tiferet on Mishneh Torah, Slaves 4:5:1"
"yekar-tiferet-on-mishneh-torah-slaves","Yekar Tiferet on Mishneh Torah, Slaves","tok-0ff35ef0813f","אינשי","אינשי","Unresolved","","No lexical entry yet","true","1","Yekar Tiferet on Mishneh Torah, Slaves 1:8:1"
"yekar-tiferet-on-mishneh-torah-slaves","Yekar Tiferet on Mishneh Torah, Slaves","tok-62a7483fd4b9","איסור","איסור","Unresolved","","No lexical entry yet","true","3","Yekar Tiferet on Mishneh Torah, Slaves 3:3:1; Yekar Tiferet on Mishneh Torah, Slaves 6:7:2; Yekar Tiferet on Mishneh Torah, Slaves 9:1:1"
"yekar-tiferet-on-mishneh-torah-slaves","Yekar Tiferet on Mishneh Torah, Slaves","tok-edf642209b2b","איסורא","איסורא","Unresolved","","No lexical entry yet","true","5","Yekar Tiferet on Mishneh Torah, Slaves 1:8:2; Yekar Tiferet on Mishneh Torah, Slaves 8:6:1; Yekar Tiferet on Mishneh Torah, Slaves 8:11:1; Yekar Tiferet on Mishneh Torah, Slaves 8:13:1; Yekar Tiferet on Mishneh Torah, Slaves 9:1:1"
"yekar-tiferet-on-mishneh-torah-slaves","Yekar Tiferet on Mishneh Torah, Slaves","tok-cd6e4aad2e48","איסורו","איסורו","Unresolved","","No lexical entry yet","true","1","Yekar Tiferet on Mishneh Torah, Slaves 8:13:1"
"yekar-tiferet-on-mishneh-torah-slaves","Yekar Tiferet on Mishneh Torah, Slaves","tok-1973420dd926","איסורי","איסורי","Unresolved","","No lexical entry yet","true","2","Yekar Tiferet on Mishneh Torah, Slaves 7:6:1; Yekar Tiferet on Mishneh Torah, Slaves 9:3:1"
"yekar-tiferet-on-mishneh-torah-slaves","Yekar Tiferet on Mishneh Torah, Slaves","tok-d37fff8644c0","איצטריך","איצטריכ","Unresolved","","No lexical entry yet","true","2","Yekar Tiferet on Mishneh Torah, Slaves 3:1:2; Yekar Tiferet on Mishneh Torah, Slaves 4:14:1"
"yekar-tiferet-on-mishneh-torah-slaves","Yekar Tiferet on Mishneh Torah, Slaves","tok-e526baafd959","אירוסין","אירוסינ","Unresolved","","No lexical entry yet","true","4","Yekar Tiferet on Mishneh Torah, Slaves 4:9:1; Yekar Tiferet on Mishneh Torah, Slaves 4:13:4; Yekar Tiferet on Mishneh Torah, Slaves 6:8:4"
"yekar-tiferet-on-mishneh-torah-slaves","Yekar Tiferet on Mishneh Torah, Slaves","tok-4a7c4becb5b7","אישות","אישות","Unresolved","","No lexical entry yet","true","10","Yekar Tiferet on Mishneh Torah, Slaves 4:7:5; Yekar Tiferet on Mishneh Torah, Slaves 4:10:1; Yekar Tiferet on Mishneh Torah, Slaves 4:13:1; Yekar Tiferet on Mishneh Torah, Slaves 4:13:2; Yekar Tiferet on Mishneh Torah, Slaves 4:13:3"
"yekar-tiferet-on-mishneh-torah-slaves","Yekar Tiferet on Mishneh Torah, Slaves","tok-c395fa06abf1","אישראל","אישראל","Unresolved","","No lexical entry yet","true","1","Yekar Tiferet on Mishneh Torah, Slaves 9:7:1"
"yekar-tiferet-on-mishneh-torah-slaves","Yekar Tiferet on Mishneh Torah, Slaves","tok-e7385c77365f","אית","אית","Unresolved","","No lexical entry yet","true","3","Yekar Tiferet on Mishneh Torah, Slaves 4:12:1; Yekar Tiferet on Mishneh Torah, Slaves 5:4:3; Yekar Tiferet on Mishneh Torah, Slaves 9:7:1"
"yekar-tiferet-on-mishneh-torah-slaves","Yekar Tiferet on Mishneh Torah, Slaves","tok-ad4927d4ddf3","איתא","איתא","Unresolved","","No lexical entry yet","true","2","Yekar Tiferet on Mishneh Torah, Slaves 4:7:2; Yekar Tiferet on Mishneh Torah, Slaves 8:11:1"
"yekar-tiferet-on-mishneh-torah-slaves","Yekar Tiferet on Mishneh Torah, Slaves","tok-a4f76b8dc4b4","איתנהו","איתנהו","Unresolved","","No lexical entry yet","true","1","Yekar Tiferet on Mishneh Torah, Slaves 6:6:5"
"yekar-tiferet-on-mishneh-torah-slaves","Yekar Tiferet on Mishneh Torah, Slaves","tok-4443e88db99a","אכתי","אכתי","Unresolved","","No lexical entry yet","true","2","Yekar Tiferet on Mishneh Torah, Slaves 2:8:2; Yekar Tiferet on Mishneh Torah, Slaves 4:10:1"
"yekar-tiferet-on-mishneh-torah-slaves","Yekar Tiferet on Mishneh Torah, Slaves","tok-54856d3b3e6f","אליבא","אליבא","Unresolved","","No lexical entry yet","true","2","Yekar Tiferet on Mishneh Torah, Slaves 4:10:1; Yekar Tiferet on Mishneh Torah, Slaves 5:3:2"
"yekar-tiferet-on-mishneh-torah-slaves","Yekar Tiferet on Mishneh Torah, Slaves","tok-c3cb752f6299","אליעזר","אליעזר","Unresolved","","No lexical entry yet","true","10","Yekar Tiferet on Mishneh Torah, Slaves 3:4:1; Yekar Tiferet on Mishneh Torah, Slaves 4:10:1; Yekar Tiferet on Mishneh Torah, Slaves 4:11:1; Yekar Tiferet on Mishneh Torah, Slaves 5:3:1; Yekar Tiferet on Mishneh Torah, Slaves 5:4:4"
"yekar-tiferet-on-mishneh-torah-slaves","Yekar Tiferet on Mishneh Torah, Slaves","tok-fce8ca09b171","אלמה","אלמה","Unresolved","","No lexical entry yet","true","2","Yekar Tiferet on Mishneh Torah, Slaves 8:13:1"
"yekar-tiferet-on-mishneh-torah-slaves","Yekar Tiferet on Mishneh Torah, Slaves","tok-1039497903cc","אלעזר","אלעזר","Unresolved","","No lexical entry yet","true","2","Yekar Tiferet on Mishneh Torah, Slaves 5:3:1; Yekar Tiferet on Mishneh Torah, Slaves 6:5:2"
"yekar-tiferet-on-mishneh-torah-slaves","Yekar Tiferet on Mishneh Torah, Slaves","tok-0d3d82ba37b2","אמאי","אמאי","Unresolved","","No lexical entry yet","true","15","Yekar Tiferet on Mishneh Torah, Slaves 1:2:2; Yekar Tiferet on Mishneh Torah, Slaves 1:3:2; Yekar Tiferet on Mishneh Torah, Slaves 2:1:1; Yekar Tiferet on Mishneh Torah, Slaves 2:8:1; Yekar Tiferet on Mishneh Torah, Slaves 2:8:2"
"yekar-tiferet-on-mishneh-torah-slaves","Yekar Tiferet on Mishneh Torah, Slaves","tok-cd2d3799db12","אמורים","אמורימ","Unresolved","","No lexical entry yet","true","1","Yekar Tiferet on Mishneh Torah, Slaves 5:14:1"
"yekar-tiferet-on-mishneh-torah-slaves","Yekar Tiferet on Mishneh Torah, Slaves","tok-d5a296bd9556","אמי","אמי","Unresolved","","No lexical entry yet","true","4","Yekar Tiferet on Mishneh Torah, Slaves 6:4:1; Yekar Tiferet on Mishneh Torah, Slaves 8:10:1; Yekar Tiferet on Mishneh Torah, Slaves 8:12:2"
"yekar-tiferet-on-mishneh-torah-slaves","Yekar Tiferet on Mishneh Torah, Slaves","tok-2e230d2763c2","אמימר","אמימר","Unresolved","","No lexical entry yet","true","3","Yekar Tiferet on Mishneh Torah, Slaves 8:13:1"
"yekar-tiferet-on-mishneh-torah-slaves","Yekar Tiferet on Mishneh Torah, Slaves","tok-94ec4d6e9d87","אמינא","אמינא","Unresolved","","No lexical entry yet","true","3","Yekar Tiferet on Mishneh Torah, Slaves 3:1:3; Yekar Tiferet on Mishneh Torah, Slaves 3:13:1; Yekar Tiferet on Mishneh Torah, Slaves 4:3:2"
"yekar-tiferet-on-mishneh-torah-slaves","Yekar Tiferet on Mishneh Torah, Slaves","tok-afb7f0f99167","אמרי","אמרי","Unresolved","","No lexical entry yet","true","2","Yekar Tiferet on Mishneh Torah, Slaves 5:3:1; Yekar Tiferet on Mishneh Torah, Slaves 8:5:1"
"yekar-tiferet-on-mishneh-torah-slaves","Yekar Tiferet on Mishneh Torah, Slaves","tok-9b96f60ed6a1","אמרינן","אמריננ","Unresolved","","No lexical entry yet","true","13","Yekar Tiferet on Mishneh Torah, Slaves 1:3:2; Yekar Tiferet on Mishneh Torah, Slaves 2:10:2; Yekar Tiferet on Mishneh Torah, Slaves 3:3:1; Yekar Tiferet on Mishneh Torah, Slaves 3:8:2; Yekar Tiferet on Mishneh Torah, Slaves 3:15:2"
"yekar-tiferet-on-mishneh-torah-slaves","Yekar Tiferet on Mishneh Torah, Slaves","tok-91bdde12ea3d","אנא","אנא","Unresolved","","No lexical entry yet","true","1","Yekar Tiferet on Mishneh Torah, Slaves 8:14:1"
"yekar-tiferet-on-mishneh-torah-slaves","Yekar Tiferet on Mishneh Torah, Slaves","tok-e22111ed291e","אסור","אסור","Unresolved","","No lexical entry yet","true","12","Yekar Tiferet on Mishneh Torah, Slaves 1:1:5; Yekar Tiferet on Mishneh Torah, Slaves 1:3:3; Yekar Tiferet on Mishneh Torah, Slaves 1:6:2; Yekar Tiferet on Mishneh Torah, Slaves 1:6:3; Yekar Tiferet on Mishneh Torah, Slaves 1:7:1"
"yekar-tiferet-on-mishneh-torah-slaves","Yekar Tiferet on Mishneh Torah, Slaves","tok-b1b318dbcacf","אסי","אסי","Unresolved","","No lexical entry yet","true","1","Yekar Tiferet on Mishneh Torah, Slaves 6:4:1"
"yekar-tiferet-on-mishneh-torah-slaves","Yekar Tiferet on Mishneh Torah, Slaves","tok-5e852d6cdfa0","אסרה","אסרה","Unresolved","","No lexical entry yet","true","1","Yekar Tiferet on Mishneh Torah, Slaves 3:3:1"
"yekar-tiferet-on-mishneh-torah-slaves","Yekar Tiferet on Mishneh Torah, Slaves","tok-a0c4f8dc6760","אעשנו","אעשנו","Unresolved","","No lexical entry yet","true","1","Yekar Tiferet on Mishneh Torah, Slaves 6:2:1"
"yekar-tiferet-on-mishneh-torah-slaves","Yekar Tiferet on Mishneh Torah, Slaves","tok-7e5c450fc5ad","אפ״ה","אפ״ה","Unresolved","","No lexical entry yet","true","1","Yekar Tiferet on Mishneh Torah, Slaves 5:13:2"
"yekar-tiferet-on-mishneh-torah-slaves","Yekar Tiferet on Mishneh Torah, Slaves","tok-4b3296cd26df","אפומא","אפומא","Unresolved","","No lexical entry yet","true","1","Yekar Tiferet on Mishneh Torah, Slaves 6:6:1"
"yekar-tiferet-on-mishneh-torah-slaves","Yekar Tiferet on Mishneh Torah, Slaves","tok-e01619bf1dc9","אפותיקי","אפותיקי","Unresolved","","No lexical entry yet","true","2","Yekar Tiferet on Mishneh Torah, Slaves 8:16:1"
"yekar-tiferet-on-mishneh-torah-slaves","Yekar Tiferet on Mishneh Torah, Slaves","tok-1abd2ba9e356","אפי׳שנייה","אפי׳שנייה","Unresolved","","No lexical entry yet","true","1","Yekar Tiferet on Mishneh Torah, Slaves 3:1:3"
"yekar-tiferet-on-mishneh-torah-slaves","Yekar Tiferet on Mishneh Torah, Slaves","tok-cd51d00bd7e4","אפיק","אפיק","Unresolved","","No lexical entry yet","true","1","Yekar Tiferet on Mishneh Torah, Slaves 5:5:3"
"yekar-tiferet-on-mishneh-torah-slaves","Yekar Tiferet on Mishneh Torah, Slaves","tok-7d028a4b4e37","אפיקנא","אפיקנא","Unresolved","","No lexical entry yet","true","1","Yekar Tiferet on Mishneh Torah, Slaves 4:4:2"
"yekar-tiferet-on-mishneh-torah-slaves","Yekar Tiferet on Mishneh Torah, Slaves","tok-f77b1cc1f661","אפקעיה","אפקעיה","Unresolved","","No lexical entry yet","true","1","Yekar Tiferet on Mishneh Torah, Slaves 9:5:1"
"yekar-tiferet-on-mishneh-torah-slaves","Yekar Tiferet on Mishneh Torah, Slaves","tok-652e32cde16f","אפשי","אפשי","Unresolved","","No lexical entry yet","true","2","Yekar Tiferet on Mishneh Torah, Slaves 9:7:2"
"yekar-tiferet-on-mishneh-torah-slaves","Yekar Tiferet on Mishneh Torah, Slaves","tok-d052e7d06ba1","אצא","אצא","Unresolved","","No lexical entry yet","true","3","Yekar Tiferet on Mishneh Torah, Slaves 2:12:4; Yekar Tiferet on Mishneh Torah, Slaves 3:10:1"
"yekar-tiferet-on-mishneh-torah-slaves","Yekar Tiferet on Mishneh Torah, Slaves","tok-0bdd5adc9fe6","אצבע","אצבע","Unresolved","","No lexical entry yet","true","1","Yekar Tiferet on Mishneh Torah, Slaves 5:6:1"
"yekar-tiferet-on-mishneh-torah-slaves","Yekar Tiferet on Mishneh Torah, Slaves","tok-3a6715d84f19","אצבעות","אצבעות","Unresolved","","No lexical entry yet","true","1","Yekar Tiferet on Mishneh Torah, Slaves 5:4:4"
"yekar-tiferet-on-mishneh-torah-slaves","Yekar Tiferet on Mishneh Torah, Slaves","tok-41b202a9d181","אצטריך","אצטריכ","Unresolved","","No lexical entry yet","true","2","Yekar Tiferet on Mishneh Torah, Slaves 1:3:2; Yekar Tiferet on Mishneh Torah, Slaves 3:13:1"
"yekar-tiferet-on-mishneh-torah-slaves","Yekar Tiferet on Mishneh Torah, Slaves","tok-0d7259a252ff","אצטריכא","אצטריכא","Unresolved","","No lexical entry yet","true","1","Yekar Tiferet on Mishneh Torah, Slaves 4:12:1"
"yekar-tiferet-on-mishneh-torah-slaves","Yekar Tiferet on Mishneh Torah, Slaves","tok-10e820a23321","אצלה","אצלה","Unresolved","","No lexical entry yet","true","1","Yekar Tiferet on Mishneh Torah, Slaves 9:6:1"
"yekar-tiferet-on-mishneh-torah-slaves","Yekar Tiferet on Mishneh Torah, Slaves","tok-6b4f72dc012a","אקיום","אקיומ","Unresolved","","No lexical entry yet","true","1","Yekar Tiferet on Mishneh Torah, Slaves 7:2:2"
"yekar-tiferet-on-mishneh-torah-slaves","Yekar Tiferet on Mishneh Torah, Slaves","tok-c04999fc22a1","אקשינן","אקשיננ","Unresolved","","No lexical entry yet","true","1","Yekar Tiferet on Mishneh Torah, Slaves 8:13:1"
"yekar-tiferet-on-mishneh-torah-slaves","Yekar Tiferet on Mishneh Torah, Slaves","tok-ccdeec6b1772","ארוסה","ארוסה","Unresolved","","No lexical entry yet","true","1","Yekar Tiferet on Mishneh Torah, Slaves 3:1:2"
"yekar-tiferet-on-mishneh-torah-slaves","Yekar Tiferet on Mishneh Torah, Slaves","tok-15434c6bc270","ארוסתו","ארוסתו","Unresolved","","No lexical entry yet","true","2","Yekar Tiferet on Mishneh Torah, Slaves 3:1:2; Yekar Tiferet on Mishneh Torah, Slaves 4:7:1"
"yekar-tiferet-on-mishneh-torah-slaves","Yekar Tiferet on Mishneh Torah, Slaves","tok-86e38d9749a2","ארעא","ארעא","Unresolved","","No lexical entry yet","true","1","Yekar Tiferet on Mishneh Torah, Slaves 1:3:1"
"yekar-tiferet-on-mishneh-torah-slaves","Yekar Tiferet on Mishneh Torah, Slaves","tok-2be4b98692b5","ארציכם","ארציכמ","Unresolved","","No lexical entry yet","true","1","Yekar Tiferet on Mishneh Torah, Slaves 9:3:1"
"yekar-tiferet-on-mishneh-torah-slaves","Yekar Tiferet on Mishneh Torah, Slaves","tok-43f89b69856a","אשי","אשי","Unresolved","","No lexical entry yet","true","2","Yekar Tiferet on Mishneh Torah, Slaves 6:6:6; Yekar Tiferet on Mishneh Torah, Slaves 7:1:2"
"yekar-tiferet-on-mishneh-torah-slaves","Yekar Tiferet on Mishneh Torah, Slaves","tok-5129c604c352","אשמועינן","אשמועיננ","Unresolved","","No lexical entry yet","true","3","Yekar Tiferet on Mishneh Torah, Slaves 1:8:2; Yekar Tiferet on Mishneh Torah, Slaves 3:1:3"
"yekar-tiferet-on-mishneh-torah-slaves","Yekar Tiferet on Mishneh Torah, Slaves","tok-2880ef931f8e","אשנויי","אשנויי","Unresolved","","No lexical entry yet","true","1","Yekar Tiferet on Mishneh Torah, Slaves 8:15:1"
"yekar-tiferet-on-mishneh-torah-slaves","Yekar Tiferet on Mishneh Torah, Slaves","tok-612dba1e186a","אשתו","אשתו","Unresolved","","No lexical entry yet","true","10","Yekar Tiferet on Mishneh Torah, Slaves 3:1:1; Yekar Tiferet on Mishneh Torah, Slaves 3:1:2; Yekar Tiferet on Mishneh Torah, Slaves 3:1:3; Yekar Tiferet on Mishneh Torah, Slaves 4:3:1; Yekar Tiferet on Mishneh Torah, Slaves 7:1:1"
"yekar-tiferet-on-mishneh-torah-slaves","Yekar Tiferet on Mishneh Torah, Slaves","tok-3d7b6890dfc3","את״ל","את״ל","Unresolved","","No lexical entry yet","true","1","Yekar Tiferet on Mishneh Torah, Slaves 2:10:1"
"yekar-tiferet-on-mishneh-torah-slaves","Yekar Tiferet on Mishneh Torah, Slaves","tok-e757078ba518","אתא","אתא","Unresolved","","No lexical entry yet","true","1","Yekar Tiferet on Mishneh Torah, Slaves 8:10:1"
"yekar-tiferet-on-mishneh-torah-slaves","Yekar Tiferet on Mishneh Torah, Slaves","tok-f6795a89b171","אתי","אתי","Unresolved","","No lexical entry yet","true","1","Yekar Tiferet on Mishneh Torah, Slaves 9:6:2"
"yekar-tiferet-on-mishneh-torah-slaves","Yekar Tiferet on Mishneh Torah, Slaves","tok-75d3a05bc6b9","אתיא","אתיא","Unresolved","","No lexical entry yet","true","1","Yekar Tiferet on Mishneh Torah, Slaves 5:3:1"
"yekar-tiferet-on-mishneh-torah-slaves","Yekar Tiferet on Mishneh Torah, Slaves","tok-31dcecf3f114","ב״ה","ב״ה","Unresolved","","No lexical entry yet","true","2","Yekar Tiferet on Mishneh Torah, Slaves 5:15:1; Yekar Tiferet on Mishneh Torah, Slaves 7:7:1"
"yekar-tiferet-on-mishneh-torah-slaves","Yekar Tiferet on Mishneh Torah, Slaves","tok-1bf966db8a18","באב","באב","Unresolved","","No lexical entry yet","true","1","Yekar Tiferet on Mishneh Torah, Slaves 4:10:1"
"yekar-tiferet-on-mishneh-torah-slaves","Yekar Tiferet on Mishneh Torah, Slaves","tok-561d9247308e","באחת","באחת","Unresolved","","No lexical entry yet","true","2","Yekar Tiferet on Mishneh Torah, Slaves 4:7:1"
"yekar-tiferet-on-mishneh-torah-slaves","Yekar Tiferet on Mishneh Torah, Slaves","tok-505e8e0cb714","באיסורא","באיסורא","Unresolved","","No lexical entry yet","true","1","Yekar Tiferet on Mishneh Torah, Slaves 3:12:1"
"yekar-tiferet-on-mishneh-torah-slaves","Yekar Tiferet on Mishneh Torah, Slaves","tok-61f46b42d2eb","באיסורי","באיסורי","Unresolved","","No lexical entry yet","true","1","Yekar Tiferet on Mishneh Torah, Slaves 3:4:2"
"yekar-tiferet-on-mishneh-torah-slaves","Yekar Tiferet on Mishneh Torah, Slaves","tok-b2a4ab54a098","בָאֵם","באמ","Unresolved","","No lexical entry yet","true","1","Yekar Tiferet on Mishneh Torah, Slaves 7:5:1"
"yekar-tiferet-on-mishneh-torah-slaves","Yekar Tiferet on Mishneh Torah, Slaves","tok-d67324aa1b7e","באמירה","באמירה","Unresolved","","No lexical entry yet","true","1","Yekar Tiferet on Mishneh Torah, Slaves 7:3:2"
"yekar-tiferet-on-mishneh-torah-slaves","Yekar Tiferet on Mishneh Torah, Slaves","tok-05acae577955","בארצכם","בארצכמ","Unresolved","","No lexical entry yet","true","2","Yekar Tiferet on Mishneh Torah, Slaves 9:3:1"
"yekar-tiferet-on-mishneh-torah-slaves","Yekar Tiferet on Mishneh Torah, Slaves","tok-a8fed349f48b","באת","באת","Unresolved","","No lexical entry yet","true","1","Yekar Tiferet on Mishneh Torah, Slaves 4:2:1"
"yekar-tiferet-on-mishneh-torah-slaves","Yekar Tiferet on Mishneh Torah, Slaves","tok-bb63fc68b1de","בב׳","בב׳","Unresolved","","No lexical entry yet","true","1","Yekar Tiferet on Mishneh Torah, Slaves 1:8:2"
"yekar-tiferet-on-mishneh-torah-slaves","Yekar Tiferet on Mishneh Torah, Slaves","tok-1f4875921501","בבגדו","בבגדו","Unresolved","","No lexical entry yet","true","4","Yekar Tiferet on Mishneh Torah, Slaves 4:10:1"
"yekar-tiferet-on-mishneh-torah-slaves","Yekar Tiferet on Mishneh Torah, Slaves","tok-88169d1be46f","בבי״ד","בבי״ד","Unresolved","","No lexical entry yet","true","2","Yekar Tiferet on Mishneh Torah, Slaves 5:17:1"
"yekar-tiferet-on-mishneh-torah-slaves","Yekar Tiferet on Mishneh Torah, Slaves","tok-9abd70bc648c","בבכורות","בבכורות","Unresolved","","No lexical entry yet","true","1","Yekar Tiferet on Mishneh Torah, Slaves 4:7:2"
"yekar-tiferet-on-mishneh-torah-slaves","Yekar Tiferet on Mishneh Torah, Slaves","tok-cf808eec1bc3","בבלוריא","בבלוריא","Unresolved","","No lexical entry yet","true","1","Yekar Tiferet on Mishneh Torah, Slaves 8:19:1"
"yekar-tiferet-on-mishneh-torah-slaves","Yekar Tiferet on Mishneh Torah, Slaves","tok-f1297a759583","בבן","בבנ","Unresolved","","No lexical entry yet","true","1","Yekar Tiferet on Mishneh Torah, Slaves 1:7:2"
"yekar-tiferet-on-mishneh-torah-slaves","Yekar Tiferet on Mishneh Torah, Slaves","tok-7ea6a25300b2","בברייתא","בברייתא","Unresolved","","No lexical entry yet","true","15","Yekar Tiferet on Mishneh Torah, Slaves 2:12:1; Yekar Tiferet on Mishneh Torah, Slaves 3:4:1; Yekar Tiferet on Mishneh Torah, Slaves 3:9:1; Yekar Tiferet on Mishneh Torah, Slaves 3:10:1; Yekar Tiferet on Mishneh Torah, Slaves 3:12:1"
"yekar-tiferet-on-mishneh-torah-slaves","Yekar Tiferet on Mishneh Torah, Slaves","tok-0d7ea3d4f073","בג׳","בג׳","Unresolved","","No lexical entry yet","true","1","Yekar Tiferet on Mishneh Torah, Slaves 6:5:1"
"yekar-tiferet-on-mishneh-torah-slaves","Yekar Tiferet on Mishneh Torah, Slaves","tok-5cbbc5248f6b","בגד","בגד","Unresolved","","No lexical entry yet","true","1","Yekar Tiferet on Mishneh Torah, Slaves 4:10:1"
"yekar-tiferet-on-mishneh-torah-slaves","Yekar Tiferet on Mishneh Torah, Slaves","tok-87c564372d76","בגדולים","בגדולימ","Unresolved","","No lexical entry yet","true","1","Yekar Tiferet on Mishneh Torah, Slaves 3:1:3"
"yekar-tiferet-on-mishneh-torah-slaves","Yekar Tiferet on Mishneh Torah, Slaves","tok-d193e960654f","בגופה","בגופה","Unresolved","","No lexical entry yet","true","2","Yekar Tiferet on Mishneh Torah, Slaves 3:9:2"
"yekar-tiferet-on-mishneh-torah-slaves","Yekar Tiferet on Mishneh Torah, Slaves","tok-9adbf108155f","בגזילה","בגזילה","Unresolved","","No lexical entry yet","true","1","Yekar Tiferet on Mishneh Torah, Slaves 1:1:3"
"yekar-tiferet-on-mishneh-torah-slaves","Yekar Tiferet on Mishneh Torah, Slaves","tok-8b48153748c3","בגט","בגט","Unresolved","","No lexical entry yet","true","5","Yekar Tiferet on Mishneh Torah, Slaves 4:7:1; Yekar Tiferet on Mishneh Torah, Slaves 6:1:2; Yekar Tiferet on Mishneh Torah, Slaves 6:4:1; Yekar Tiferet on Mishneh Torah, Slaves 6:6:4; Yekar Tiferet on Mishneh Torah, Slaves 7:3:1"
"yekar-tiferet-on-mishneh-torah-slaves","Yekar Tiferet on Mishneh Torah, Slaves","tok-aafe69351c2c","בגיד","בגיד","Unresolved","","No lexical entry yet","true","2","Yekar Tiferet on Mishneh Torah, Slaves 5:4:4"
"yekar-tiferet-on-mishneh-torah-slaves","Yekar Tiferet on Mishneh Torah, Slaves","tok-cdfc599116e1","בגידה","בגידה","Unresolved","","No lexical entry yet","true","2","Yekar Tiferet on Mishneh Torah, Slaves 4:10:1"
"yekar-tiferet-on-mishneh-torah-slaves","Yekar Tiferet on Mishneh Torah, Slaves","tok-a4cea8ca07e9","בגיטי","בגיטי","Unresolved","","No lexical entry yet","true","1","Yekar Tiferet on Mishneh Torah, Slaves 6:1:2"
"yekar-tiferet-on-mishneh-torah-slaves","Yekar Tiferet on Mishneh Torah, Slaves","tok-26f59a0cc606","בגללו","בגללו","Unresolved","","No lexical entry yet","true","1","Yekar Tiferet on Mishneh Torah, Slaves 3:14:5"
"yekar-tiferet-on-mishneh-torah-slaves","Yekar Tiferet on Mishneh Torah, Slaves","tok-0474b5cc0406","בגנבתה","בגנבתה","Unresolved","","No lexical entry yet","true","2","Yekar Tiferet on Mishneh Torah, Slaves 4:1:3; Yekar Tiferet on Mishneh Torah, Slaves 4:4:1"
"yekar-tiferet-on-mishneh-torah-slaves","Yekar Tiferet on Mishneh Torah, Slaves","tok-84ab43487506","בגנבתו","בגנבתו","Unresolved","","No lexical entry yet","true","2","Yekar Tiferet on Mishneh Torah, Slaves 4:1:3; Yekar Tiferet on Mishneh Torah, Slaves 4:4:1"
"yekar-tiferet-on-mishneh-torah-slaves","Yekar Tiferet on Mishneh Torah, Slaves","tok-81ee74bf747e","בגניבתה","בגניבתה","Unresolved","","No lexical entry yet","true","2","Yekar Tiferet on Mishneh Torah, Slaves 1:2:1; Yekar Tiferet on Mishneh Torah, Slaves 3:7:2"
"yekar-tiferet-on-mishneh-torah-slaves","Yekar Tiferet on Mishneh Torah, Slaves","tok-e23215b7e77e","בגניבתו","בגניבתו","Unresolved","","No lexical entry yet","true","5","Yekar Tiferet on Mishneh Torah, Slaves 1:1:2; Yekar Tiferet on Mishneh Torah, Slaves 1:2:1; Yekar Tiferet on Mishneh Torah, Slaves 1:9:1; Yekar Tiferet on Mishneh Torah, Slaves 3:7:2; Yekar Tiferet on Mishneh Torah, Slaves 3:12:2"
"yekar-tiferet-on-mishneh-torah-slaves","Yekar Tiferet on Mishneh Torah, Slaves","tok-a74587c3052d","בגפו","בגפו","Unresolved","","No lexical entry yet","true","5","Yekar Tiferet on Mishneh Torah, Slaves 3:4:1; Yekar Tiferet on Mishneh Torah, Slaves 4:6:1"
"yekar-tiferet-on-mishneh-torah-slaves","Yekar Tiferet on Mishneh Torah, Slaves","tok-409fcd3aa190","בגרושתו","בגרושתו","Unresolved","","No lexical entry yet","true","1","Yekar Tiferet on Mishneh Torah, Slaves 9:1:1"
"yekar-tiferet-on-mishneh-torah-slaves","Yekar Tiferet on Mishneh Torah, Slaves","tok-14a381466677","בגרעון","בגרעונ","Unresolved","","No lexical entry yet","true","6","Yekar Tiferet on Mishneh Torah, Slaves 3:14:2; Yekar Tiferet on Mishneh Torah, Slaves 4:7:3; Yekar Tiferet on Mishneh Torah, Slaves 4:14:1"
"yekar-tiferet-on-mishneh-torah-slaves","Yekar Tiferet on Mishneh Torah, Slaves","tok-406f9821d522","בד״א","בד״א","Unresolved","","No lexical entry yet","true","4","Yekar Tiferet on Mishneh Torah, Slaves 1:7:2; Yekar Tiferet on Mishneh Torah, Slaves 7:4:2; Yekar Tiferet on Mishneh Torah, Slaves 8:9:2; Yekar Tiferet on Mishneh Torah, Slaves 9:7:1"
"yekar-tiferet-on-mishneh-torah-slaves","Yekar Tiferet on Mishneh Torah, Slaves","tok-b66671dcf8e3","בדיבור","בדיבור","Unresolved","","No lexical entry yet","true","1","Yekar Tiferet on Mishneh Torah, Slaves 5:3:2"
"yekar-tiferet-on-mishneh-torah-slaves","Yekar Tiferet on Mishneh Torah, Slaves","tok-3c0f0c69f2db","בדידה","בדידה","Unresolved","","No lexical entry yet","true","1","Yekar Tiferet on Mishneh Torah, Slaves 4:7:5"
"yekar-tiferet-on-mishneh-torah-slaves","Yekar Tiferet on Mishneh Torah, Slaves","tok-b30233c0e5ab","בדין","בדינ","Unresolved","","No lexical entry yet","true","1","Yekar Tiferet on Mishneh Torah, Slaves 3:15:3"
"yekar-tiferet-on-mishneh-torah-slaves","Yekar Tiferet on Mishneh Torah, Slaves","tok-f8053f0a9869","בדמים","בדמימ","Unresolved","","No lexical entry yet","true","1","Yekar Tiferet on Mishneh Torah, Slaves 4:7:3"
"yekar-tiferet-on-mishneh-torah-slaves","Yekar Tiferet on Mishneh Torah, Slaves","tok-9a1ee3659247","בדעתו","בדעתו","Unresolved","","No lexical entry yet","true","1","Yekar Tiferet on Mishneh Torah, Slaves 8:8:1"
"yekar-tiferet-on-mishneh-torah-slaves","Yekar Tiferet on Mishneh Torah, Slaves","tok-22064dedeb69","בהגהה","בהגהה","Unresolved","","No lexical entry yet","true","1","Yekar Tiferet on Mishneh Torah, Slaves 1:2:2"
"yekar-tiferet-on-mishneh-torah-slaves","Yekar Tiferet on Mishneh Torah, Slaves","tok-c3d9d23d6c9b","בהדיא","בהדיא","Unresolved","","No lexical entry yet","true","4","Yekar Tiferet on Mishneh Torah, Slaves 4:9:2; Yekar Tiferet on Mishneh Torah, Slaves 6:4:1; Yekar Tiferet on Mishneh Torah, Slaves 6:6:6"
"yekar-tiferet-on-mishneh-torah-slaves","Yekar Tiferet on Mishneh Torah, Slaves","tok-a5d454cca5fe","בהו","בהו","Unresolved","","No lexical entry yet","true","5","Yekar Tiferet on Mishneh Torah, Slaves 3:14:3; Yekar Tiferet on Mishneh Torah, Slaves 4:12:1; Yekar Tiferet on Mishneh Torah, Slaves 5:5:2; Yekar Tiferet on Mishneh Torah, Slaves 6:5:1"
"yekar-tiferet-on-mishneh-torah-slaves","Yekar Tiferet on Mishneh Torah, Slaves","tok-3cce2bb65843","בהך","בהכ","Unresolved","","No lexical entry yet","true","1","Yekar Tiferet on Mishneh Torah, Slaves 1:3:1"
"yekar-tiferet-on-mishneh-torah-slaves","Yekar Tiferet on Mishneh Torah, Slaves","tok-b9b553e6defb","בהכאה","בהכאה","Unresolved","","No lexical entry yet","true","1","Yekar Tiferet on Mishneh Torah, Slaves 5:14:1"
"yekar-tiferet-on-mishneh-torah-slaves","Yekar Tiferet on Mishneh Torah, Slaves","tok-c55e5c3c1a06","בהכי","בהכי","Unresolved","","No lexical entry yet","true","1","Yekar Tiferet on Mishneh Torah, Slaves 9:3:1"
"yekar-tiferet-on-mishneh-torah-slaves","Yekar Tiferet on Mishneh Torah, Slaves","tok-244ae19611bd","בהל׳","בהל׳","Unresolved","","No lexical entry yet","true","2","Yekar Tiferet on Mishneh Torah, Slaves 1:8:2; Yekar Tiferet on Mishneh Torah, Slaves 8:6:2"
"yekar-tiferet-on-mishneh-torah-slaves","Yekar Tiferet on Mishneh Torah, Slaves","tok-83456be2a771","בהלכות","בהלכות","Unresolved","","No lexical entry yet","true","6","Yekar Tiferet on Mishneh Torah, Slaves 6:5:1; Yekar Tiferet on Mishneh Torah, Slaves 8:9:2; Yekar Tiferet on Mishneh Torah, Slaves 8:10:1; Yekar Tiferet on Mishneh Torah, Slaves 8:17:2"
"yekar-tiferet-on-mishneh-torah-slaves","Yekar Tiferet on Mishneh Torah, Slaves","tok-28e5fcf64e49","בהערות","בהערות","Unresolved","","No lexical entry yet","true","1","Yekar Tiferet on Mishneh Torah, Slaves 3:9:2"
"yekar-tiferet-on-mishneh-torah-slaves","Yekar Tiferet on Mishneh Torah, Slaves","tok-1ce950422d00","בוגרת","בוגרת","Unresolved","","No lexical entry yet","true","1","Yekar Tiferet on Mishneh Torah, Slaves 4:5:2"
"yekar-tiferet-on-mishneh-torah-slaves","Yekar Tiferet on Mishneh Torah, Slaves","tok-2aa09cbc244a","בוזים","בוזימ","Unresolved","","No lexical entry yet","true","1","Yekar Tiferet on Mishneh Torah, Slaves 1:7:1"
"yekar-tiferet-on-mishneh-torah-slaves","Yekar Tiferet on Mishneh Torah, Slaves","tok-ec0f69e50233","בולד","בולד","Unresolved","","No lexical entry yet","true","1","Yekar Tiferet on Mishneh Torah, Slaves 7:5:1"
"yekar-tiferet-on-mishneh-torah-slaves","Yekar Tiferet on Mishneh Torah, Slaves","tok-375827980938","בולטין","בולטינ","Unresolved","","No lexical entry yet","true","1","Yekar Tiferet on Mishneh Torah, Slaves 5:5:3"
"yekar-tiferet-on-mishneh-torah-slaves","Yekar Tiferet on Mishneh Torah, Slaves","tok-404219b63831","בורח","בורח","Unresolved","","No lexical entry yet","true","3","Yekar Tiferet on Mishneh Torah, Slaves 2:4:1; Yekar Tiferet on Mishneh Torah, Slaves 3:14:2"
"yekar-tiferet-on-mishneh-torah-slaves","Yekar Tiferet on Mishneh Torah, Slaves","tok-ef3a16c8dd50","בזקנו","בזקנו","Unresolved","","No lexical entry yet","true","2","Yekar Tiferet on Mishneh Torah, Slaves 5:10:2"
"yekar-tiferet-on-mishneh-torah-slaves","Yekar Tiferet on Mishneh Torah, Slaves","tok-fc3bd05fbd79","בחד","בחד","Unresolved","","No lexical entry yet","true","1","Yekar Tiferet on Mishneh Torah, Slaves 3:1:3"
"yekar-tiferet-on-mishneh-torah-slaves","Yekar Tiferet on Mishneh Torah, Slaves","tok-be1a294d7063","בחו״ל","בחו״ל","Unresolved","","No lexical entry yet","true","1","Yekar Tiferet on Mishneh Torah, Slaves 8:9:2"
"yekar-tiferet-on-mishneh-torah-slaves","Yekar Tiferet on Mishneh Torah, Slaves","tok-7279ea49aa69","בחזקתיה","בחזקתיה","Unresolved","","No lexical entry yet","true","1","Yekar Tiferet on Mishneh Torah, Slaves 7:2:1"
"yekar-tiferet-on-mishneh-torah-slaves","Yekar Tiferet on Mishneh Torah, Slaves","tok-cb10970d2ceb","בחייבי","בחייבי","Unresolved","","No lexical entry yet","true","1","Yekar Tiferet on Mishneh Torah, Slaves 4:12:1"
"yekar-tiferet-on-mishneh-torah-slaves","Yekar Tiferet on Mishneh Torah, Slaves","tok-75237c4fdc5b","בחליפין","בחליפינ","Unresolved","","No lexical entry yet","true","1","Yekar Tiferet on Mishneh Torah, Slaves 5:1:1"
"yekar-tiferet-on-mishneh-torah-slaves","Yekar Tiferet on Mishneh Torah, Slaves","tok-b799a26688a4","בחליצה","בחליצה","Unresolved","","No lexical entry yet","true","1","Yekar Tiferet on Mishneh Torah, Slaves 4:13:4"
"yekar-tiferet-on-mishneh-torah-slaves","Yekar Tiferet on Mishneh Torah, Slaves","tok-6415d45f115e","בחצי","בחצי","Unresolved","","No lexical entry yet","true","2","Yekar Tiferet on Mishneh Torah, Slaves 1:6:2; Yekar Tiferet on Mishneh Torah, Slaves 5:15:1"
"yekar-tiferet-on-mishneh-torah-slaves","Yekar Tiferet on Mishneh Torah, Slaves","tok-a17420cf54e1","בטובה","בטובה","Unresolved","","No lexical entry yet","true","1","Yekar Tiferet on Mishneh Torah, Slaves 3:11:2"
"yekar-tiferet-on-mishneh-torah-slaves","Yekar Tiferet on Mishneh Torah, Slaves","tok-8129e994dfe8","בטלו","בטלו","Unresolved","","No lexical entry yet","true","1","Yekar Tiferet on Mishneh Torah, Slaves 4:3:1"
"yekar-tiferet-on-mishneh-torah-slaves","Yekar Tiferet on Mishneh Torah, Slaves","tok-45794179b3a5","בטעמא","בטעמא","Unresolved","","No lexical entry yet","true","1","Yekar Tiferet on Mishneh Torah, Slaves 9:6:3"
"yekar-tiferet-on-mishneh-torah-slaves","Yekar Tiferet on Mishneh Torah, Slaves","tok-e754638479ac","בי","בי","Unresolved","","No lexical entry yet","true","1","Yekar Tiferet on Mishneh Torah, Slaves 1:8:1"
"yekar-tiferet-on-mishneh-torah-slaves","Yekar Tiferet on Mishneh Torah, Slaves","tok-1cb160cf1bb5","בי״ד","בי״ד","Unresolved","","No lexical entry yet","true","36","Yekar Tiferet on Mishneh Torah, Slaves 1:1:4; Yekar Tiferet on Mishneh Torah, Slaves 1:2:2; Yekar Tiferet on Mishneh Torah, Slaves 1:3:1; Yekar Tiferet on Mishneh Torah, Slaves 2:1:1; Yekar Tiferet on Mishneh Torah, Slaves 2:2:1"
"yekar-tiferet-on-mishneh-torah-slaves","Yekar Tiferet on Mishneh Torah, Slaves","tok-a1d3b4a486c9","ביארנו","ביארנו","Unresolved","","No lexical entry yet","true","1","Yekar Tiferet on Mishneh Torah, Slaves 1:2:1"
"yekar-tiferet-on-mishneh-torah-slaves","Yekar Tiferet on Mishneh Torah, Slaves","tok-6521c7f9976d","ביבמות","ביבמות","Unresolved","","No lexical entry yet","true","2","Yekar Tiferet on Mishneh Torah, Slaves 8:12:1; Yekar Tiferet on Mishneh Torah, Slaves 8:13:1"
"yekar-tiferet-on-mishneh-torah-slaves","Yekar Tiferet on Mishneh Torah, Slaves","tok-b01be3b6eb06","ביובל","ביובל","Unresolved","","No lexical entry yet","true","10","Yekar Tiferet on Mishneh Torah, Slaves 1:10:1; Yekar Tiferet on Mishneh Torah, Slaves 2:6:1; Yekar Tiferet on Mishneh Torah, Slaves 2:6:2; Yekar Tiferet on Mishneh Torah, Slaves 2:8:1; Yekar Tiferet on Mishneh Torah, Slaves 2:8:2"
"yekar-tiferet-on-mishneh-torah-slaves","Yekar Tiferet on Mishneh Torah, Slaves","tok-ca54f2413892","בימות","בימות","Unresolved","","No lexical entry yet","true","1","Yekar Tiferet on Mishneh Torah, Slaves 1:9:1"
"yekar-tiferet-on-mishneh-torah-slaves","Yekar Tiferet on Mishneh Torah, Slaves","tok-145d66881563","בינו","בינו","Unresolved","","No lexical entry yet","true","3","Yekar Tiferet on Mishneh Torah, Slaves 7:1:1"
"yekar-tiferet-on-mishneh-torah-slaves","Yekar Tiferet on Mishneh Torah, Slaves","tok-c8cadcac1ac4","ביעוד","ביעוד","Unresolved","","No lexical entry yet","true","1","Yekar Tiferet on Mishneh Torah, Slaves 4:7:5"
"yekar-tiferet-on-mishneh-torah-slaves","Yekar Tiferet on Mishneh Torah, Slaves","tok-164da0dc53ec","בכונה","בכונה","Unresolved","","No lexical entry yet","true","2","Yekar Tiferet on Mishneh Torah, Slaves 5:4:1; Yekar Tiferet on Mishneh Torah, Slaves 5:11:1"
"yekar-tiferet-on-mishneh-torah-slaves","Yekar Tiferet on Mishneh Torah, Slaves","tok-784807706156","בכך","בככ","Unresolved","","No lexical entry yet","true","1","Yekar Tiferet on Mishneh Torah, Slaves 3:8:1"
"yekar-tiferet-on-mishneh-torah-slaves","Yekar Tiferet on Mishneh Torah, Slaves","tok-e3d0cf5bd6c6","בכסות","בכסות","Unresolved","","No lexical entry yet","true","1","Yekar Tiferet on Mishneh Torah, Slaves 1:9:1"
"yekar-tiferet-on-mishneh-torah-slaves","Yekar Tiferet on Mishneh Torah, Slaves","tok-4442ae2dd96a","בכסף","בכספ","Unresolved","","No lexical entry yet","true","14","Yekar Tiferet on Mishneh Torah, Slaves 2:1:1; Yekar Tiferet on Mishneh Torah, Slaves 5:1:1; Yekar Tiferet on Mishneh Torah, Slaves 5:1:2; Yekar Tiferet on Mishneh Torah, Slaves 5:2:1; Yekar Tiferet on Mishneh Torah, Slaves 5:3:1"
"yekar-tiferet-on-mishneh-torah-slaves","Yekar Tiferet on Mishneh Torah, Slaves","tok-c4fb2a10f4a6","בכפילו","בכפילו","Unresolved","","No lexical entry yet","true","1","Yekar Tiferet on Mishneh Torah, Slaves 1:1:2"
"yekar-tiferet-on-mishneh-torah-slaves","Yekar Tiferet on Mishneh Torah, Slaves","tok-e2ed957616be","בכתוב","בכתוב","Unresolved","","No lexical entry yet","true","2","Yekar Tiferet on Mishneh Torah, Slaves 2:7:2; Yekar Tiferet on Mishneh Torah, Slaves 9:8:1"
"yekar-tiferet-on-mishneh-torah-slaves","Yekar Tiferet on Mishneh Torah, Slaves","tok-1b596b117a88","בלאו","בלאו","Unresolved","","No lexical entry yet","true","4","Yekar Tiferet on Mishneh Torah, Slaves 1:6:2; Yekar Tiferet on Mishneh Torah, Slaves 1:6:4; Yekar Tiferet on Mishneh Torah, Slaves 3:3:1"
"yekar-tiferet-on-mishneh-torah-slaves","Yekar Tiferet on Mishneh Torah, Slaves","tok-60b0b421b5af","בלשונו","בלשונו","Unresolved","","No lexical entry yet","true","1","Yekar Tiferet on Mishneh Torah, Slaves 7:5:1"
"yekar-tiferet-on-mishneh-torah-slaves","Yekar Tiferet on Mishneh Torah, Slaves","tok-b761cd3f7550","במ׳","במ׳","Unresolved","","No lexical entry yet","true","1","Yekar Tiferet on Mishneh Torah, Slaves 2:8:1"
"yekar-tiferet-on-mishneh-torah-slaves","Yekar Tiferet on Mishneh Torah, Slaves","tok-23519e9b310a","במאכל","במאכל","Unresolved","","No lexical entry yet","true","1","Yekar Tiferet on Mishneh Torah, Slaves 1:9:1"
"yekar-tiferet-on-mishneh-torah-slaves","Yekar Tiferet on Mishneh Torah, Slaves","tok-82af612db0aa","במוכר","במוכר","Unresolved","","No lexical entry yet","true","8","Yekar Tiferet on Mishneh Torah, Slaves 1:3:1; Yekar Tiferet on Mishneh Torah, Slaves 2:2:1; Yekar Tiferet on Mishneh Torah, Slaves 2:8:2; Yekar Tiferet on Mishneh Torah, Slaves 2:12:2; Yekar Tiferet on Mishneh Torah, Slaves 3:1:3"
"yekar-tiferet-on-mishneh-torah-slaves","Yekar Tiferet on Mishneh Torah, Slaves","tok-5ff5ae5de652","במוליך","במוליכ","Unresolved","","No lexical entry yet","true","1","Yekar Tiferet on Mishneh Torah, Slaves 6:7:1"
"yekar-tiferet-on-mishneh-torah-slaves","Yekar Tiferet on Mishneh Torah, Slaves","tok-769a32dce948","במזונות","במזונות","Unresolved","","No lexical entry yet","true","7","Yekar Tiferet on Mishneh Torah, Slaves 3:1:1; Yekar Tiferet on Mishneh Torah, Slaves 3:1:2; Yekar Tiferet on Mishneh Torah, Slaves 3:1:3; Yekar Tiferet on Mishneh Torah, Slaves 3:1:4"
"yekar-tiferet-on-mishneh-torah-slaves","Yekar Tiferet on Mishneh Torah, Slaves","tok-0a18c2728297","במזונותיה","במזונותיה","Unresolved","","No lexical entry yet","true","7","Yekar Tiferet on Mishneh Torah, Slaves 3:1:3; Yekar Tiferet on Mishneh Torah, Slaves 3:1:4"
"yekar-tiferet-on-mishneh-torah-slaves","Yekar Tiferet on Mishneh Torah, Slaves","tok-98258cb5ca9f","במזונותיהם","במזונותיהמ","Unresolved","","No lexical entry yet","true","4","Yekar Tiferet on Mishneh Torah, Slaves 3:1:3; Yekar Tiferet on Mishneh Torah, Slaves 3:1:4; Yekar Tiferet on Mishneh Torah, Slaves 9:7:2"
"yekar-tiferet-on-mishneh-torah-slaves","Yekar Tiferet on Mishneh Torah, Slaves","tok-3d2c284cac7b","במזונותיו","במזונותיו","Unresolved","","No lexical entry yet","true","2","Yekar Tiferet on Mishneh Torah, Slaves 3:1:1; Yekar Tiferet on Mishneh Torah, Slaves 4:3:1"
"yekar-tiferet-on-mishneh-torah-slaves","Yekar Tiferet on Mishneh Torah, Slaves","tok-5733d8e456ce","במטלטלי","במטלטלי","Unresolved","","No lexical entry yet","true","2","Yekar Tiferet on Mishneh Torah, Slaves 5:1:1"
"yekar-tiferet-on-mishneh-torah-slaves","Yekar Tiferet on Mishneh Torah, Slaves","tok-a32251f80c24","במטלטלין","במטלטלינ","Unresolved","","No lexical entry yet","true","2","Yekar Tiferet on Mishneh Torah, Slaves 5:1:1"
"yekar-tiferet-on-mishneh-torah-slaves","Yekar Tiferet on Mishneh Torah, Slaves","tok-35413804063c","במי","במי","Unresolved","","No lexical entry yet","true","3","Yekar Tiferet on Mishneh Torah, Slaves 2:8:2; Yekar Tiferet on Mishneh Torah, Slaves 2:12:2; Yekar Tiferet on Mishneh Torah, Slaves 6:3:1"
"yekar-tiferet-on-mishneh-torah-slaves","Yekar Tiferet on Mishneh Torah, Slaves","tok-4a8c63eb6474","במכירת","במכירת","Unresolved","","No lexical entry yet","true","3","Yekar Tiferet on Mishneh Torah, Slaves 4:10:1"
"yekar-tiferet-on-mishneh-torah-slaves","Yekar Tiferet on Mishneh Torah, Slaves","tok-b848cdd05d89","במכירתה","במכירתה","Unresolved","","No lexical entry yet","true","1","Yekar Tiferet on Mishneh Torah, Slaves 4:14:1"
"yekar-tiferet-on-mishneh-torah-slaves","Yekar Tiferet on Mishneh Torah, Slaves","tok-54c4e9bfeaa4","במכרוהו","במכרוהו","Unresolved","","No lexical entry yet","true","7","Yekar Tiferet on Mishneh Torah, Slaves 1:1:4; Yekar Tiferet on Mishneh Torah, Slaves 1:3:1; Yekar Tiferet on Mishneh Torah, Slaves 3:7:2; Yekar Tiferet on Mishneh Torah, Slaves 3:12:2; Yekar Tiferet on Mishneh Torah, Slaves 4:4:1"
"yekar-tiferet-on-mishneh-torah-slaves","Yekar Tiferet on Mishneh Torah, Slaves","tok-9f76fd36ed47","במסכת","במסכת","Unresolved","","No lexical entry yet","true","1","Yekar Tiferet on Mishneh Torah, Slaves 7:4:1"
"yekar-tiferet-on-mishneh-torah-slaves","Yekar Tiferet on Mishneh Torah, Slaves","tok-e714e286ad6d","במעות","במעות","Unresolved","","No lexical entry yet","true","1","Yekar Tiferet on Mishneh Torah, Slaves 4:7:3"
"yekar-tiferet-on-mishneh-torah-slaves","Yekar Tiferet on Mishneh Torah, Slaves","tok-8250acc8e280","במפרש","במפרש","Unresolved","","No lexical entry yet","true","2","Yekar Tiferet on Mishneh Torah, Slaves 8:19:1"
"yekar-tiferet-on-mishneh-torah-slaves","Yekar Tiferet on Mishneh Torah, Slaves","tok-b364e46eb9f6","במקצת","במקצת","Unresolved","","No lexical entry yet","true","1","Yekar Tiferet on Mishneh Torah, Slaves 5:5:1"
"yekar-tiferet-on-mishneh-torah-slaves","Yekar Tiferet on Mishneh Torah, Slaves","tok-a3aecd66b0b2","במקרקעי","במקרקעי","Unresolved","","No lexical entry yet","true","2","Yekar Tiferet on Mishneh Torah, Slaves 5:1:1"
"yekar-tiferet-on-mishneh-torah-slaves","Yekar Tiferet on Mishneh Torah, Slaves","tok-855b966b7a39","במרמה","במרמה","Unresolved","","No lexical entry yet","true","1","Yekar Tiferet on Mishneh Torah, Slaves 9:6:1"
"yekar-tiferet-on-mishneh-torah-slaves","Yekar Tiferet on Mishneh Torah, Slaves","tok-8246eb241e83","במרצע","במרצע","Unresolved","","No lexical entry yet","true","2","Yekar Tiferet on Mishneh Torah, Slaves 3:6:1; Yekar Tiferet on Mishneh Torah, Slaves 3:9:2"
"yekar-tiferet-on-mishneh-torah-slaves","Yekar Tiferet on Mishneh Torah, Slaves","tok-bf6730ae4f84","במשיכה","במשיכה","Unresolved","","No lexical entry yet","true","4","Yekar Tiferet on Mishneh Torah, Slaves 5:1:1; Yekar Tiferet on Mishneh Torah, Slaves 5:1:3"
"yekar-tiferet-on-mishneh-torah-slaves","Yekar Tiferet on Mishneh Torah, Slaves","tok-d66f83ba1c9d","במשנה","במשנה","Unresolved","","No lexical entry yet","true","8","Yekar Tiferet on Mishneh Torah, Slaves 3:4:1; Yekar Tiferet on Mishneh Torah, Slaves 4:5:1; Yekar Tiferet on Mishneh Torah, Slaves 5:1:1; Yekar Tiferet on Mishneh Torah, Slaves 5:1:2; Yekar Tiferet on Mishneh Torah, Slaves 5:4:4"
"yekar-tiferet-on-mishneh-torah-slaves","Yekar Tiferet on Mishneh Torah, Slaves","tok-f9f3dae9b8f2","במשנתנו","במשנתנו","Unresolved","","No lexical entry yet","true","1","Yekar Tiferet on Mishneh Torah, Slaves 8:15:1"
"yekar-tiferet-on-mishneh-torah-slaves","Yekar Tiferet on Mishneh Torah, Slaves","tok-8f5ea5e2ac84","בנחת","בנחת","Unresolved","","No lexical entry yet","true","1","Yekar Tiferet on Mishneh Torah, Slaves 1:6:2"
"yekar-tiferet-on-mishneh-torah-slaves","Yekar Tiferet on Mishneh Torah, Slaves","tok-7523c6c3e3fd","בניו","בניו","Unresolved","","No lexical entry yet","true","5","Yekar Tiferet on Mishneh Torah, Slaves 3:1:3"
"yekar-tiferet-on-mishneh-torah-slaves","Yekar Tiferet on Mishneh Torah, Slaves","tok-4f4b13cd4082","בנמכר","בנמכר","Unresolved","","No lexical entry yet","true","1","Yekar Tiferet on Mishneh Torah, Slaves 2:8:1"
"yekar-tiferet-on-mishneh-torah-slaves","Yekar Tiferet on Mishneh Torah, Slaves","tok-938ebdb2e94b","בסופה","בסופה","Unresolved","","No lexical entry yet","true","1","Yekar Tiferet on Mishneh Torah, Slaves 2:7:5"
"yekar-tiferet-on-mishneh-torah-slaves","Yekar Tiferet on Mishneh Torah, Slaves","tok-15e3f1f4465b","בסימנים","בסימנימ","Unresolved","","No lexical entry yet","true","3","Yekar Tiferet on Mishneh Torah, Slaves 4:1:1; Yekar Tiferet on Mishneh Torah, Slaves 4:9:2"
"yekar-tiferet-on-mishneh-torah-slaves","Yekar Tiferet on Mishneh Torah, Slaves","tok-f5f124ac171e","בסיפא","בסיפא","Unresolved","","No lexical entry yet","true","2","Yekar Tiferet on Mishneh Torah, Slaves 4:13:1; Yekar Tiferet on Mishneh Torah, Slaves 5:3:1"
"yekar-tiferet-on-mishneh-torah-slaves","Yekar Tiferet on Mishneh Torah, Slaves","tok-6a1f6f2ef793","בסיפרי","בסיפרי","Unresolved","","No lexical entry yet","true","1","Yekar Tiferet on Mishneh Torah, Slaves 8:11:1"
"yekar-tiferet-on-mishneh-torah-slaves","Yekar Tiferet on Mishneh Torah, Slaves","tok-182503d083e4","בסמוך","בסמוכ","Unresolved","","No lexical entry yet","true","2","Yekar Tiferet on Mishneh Torah, Slaves 1:2:1; Yekar Tiferet on Mishneh Torah, Slaves 5:4:1"
"yekar-tiferet-on-mishneh-torah-slaves","Yekar Tiferet on Mishneh Torah, Slaves","tok-73626fd38ed4","בסרוס","בסרוס","Unresolved","","No lexical entry yet","true","1","Yekar Tiferet on Mishneh Torah, Slaves 5:4:4"
"yekar-tiferet-on-mishneh-torah-slaves","Yekar Tiferet on Mishneh Torah, Slaves","tok-b1a77ee08a24","בסתם","בסתמ","Unresolved","","No lexical entry yet","true","2","Yekar Tiferet on Mishneh Torah, Slaves 8:19:1"
"yekar-tiferet-on-mishneh-torah-slaves","Yekar Tiferet on Mishneh Torah, Slaves","tok-18c64586801f","בעבד","בעבד","Unresolved","","No lexical entry yet","true","14","Yekar Tiferet on Mishneh Torah, Slaves 1:2:2; Yekar Tiferet on Mishneh Torah, Slaves 1:3:1; Yekar Tiferet on Mishneh Torah, Slaves 1:7:2; Yekar Tiferet on Mishneh Torah, Slaves 2:8:1; Yekar Tiferet on Mishneh Torah, Slaves 3:5:3"
"yekar-tiferet-on-mishneh-torah-slaves","Yekar Tiferet on Mishneh Torah, Slaves","tok-69751c9fb380","בעבדים","בעבדימ","Unresolved","","No lexical entry yet","true","2","Yekar Tiferet on Mishneh Torah, Slaves 7:3:1; Yekar Tiferet on Mishneh Torah, Slaves 9:7:1"
"yekar-tiferet-on-mishneh-torah-slaves","Yekar Tiferet on Mishneh Torah, Slaves","tok-798101601e91","בעבודתם","בעבודתמ","Unresolved","","No lexical entry yet","true","1","Yekar Tiferet on Mishneh Torah, Slaves 6:4:1"
"yekar-tiferet-on-mishneh-torah-slaves","Yekar Tiferet on Mishneh Torah, Slaves","tok-dd84a35fc673","בעודה","בעודה","Unresolved","","No lexical entry yet","true","3","Yekar Tiferet on Mishneh Torah, Slaves 4:13:1; Yekar Tiferet on Mishneh Torah, Slaves 4:13:2"
"yekar-tiferet-on-mishneh-torah-slaves","Yekar Tiferet on Mishneh Torah, Slaves","tok-26d20f8ea05e","בעודו","בעודו","Unresolved","","No lexical entry yet","true","1","Yekar Tiferet on Mishneh Torah, Slaves 1:1:5"
"yekar-tiferet-on-mishneh-torah-slaves","Yekar Tiferet on Mishneh Torah, Slaves","tok-92cdf0448f6d","בעודם","בעודמ","Unresolved","","No lexical entry yet","true","1","Yekar Tiferet on Mishneh Torah, Slaves 9:6:1"
"yekar-tiferet-on-mishneh-torah-slaves","Yekar Tiferet on Mishneh Torah, Slaves","tok-c22ec0907960","בעיא","בעיא","Unresolved","","No lexical entry yet","true","3","Yekar Tiferet on Mishneh Torah, Slaves 3:11:2; Yekar Tiferet on Mishneh Torah, Slaves 4:9:1; Yekar Tiferet on Mishneh Torah, Slaves 7:2:2"
"yekar-tiferet-on-mishneh-torah-slaves","Yekar Tiferet on Mishneh Torah, Slaves","tok-f73a2257e247","בעיי","בעיי","Unresolved","","No lexical entry yet","true","1","Yekar Tiferet on Mishneh Torah, Slaves 8:5:1"
"yekar-tiferet-on-mishneh-torah-slaves","Yekar Tiferet on Mishneh Torah, Slaves","tok-d8f8b8793fe6","בעילה","בעילה","Unresolved","","No lexical entry yet","true","1","Yekar Tiferet on Mishneh Torah, Slaves 9:1:1"
"yekar-tiferet-on-mishneh-torah-slaves","Yekar Tiferet on Mishneh Torah, Slaves","tok-ee3e841321b2","בעילת","בעילת","Unresolved","","No lexical entry yet","true","2","Yekar Tiferet on Mishneh Torah, Slaves 9:1:1"
"yekar-tiferet-on-mishneh-torah-slaves","Yekar Tiferet on Mishneh Torah, Slaves","tok-60596fecc721","בעילתו","בעילתו","Unresolved","","No lexical entry yet","true","2","Yekar Tiferet on Mishneh Torah, Slaves 9:1:1"
"yekar-tiferet-on-mishneh-torah-slaves","Yekar Tiferet on Mishneh Torah, Slaves","tok-8a03b88f7c44","בעינן","בעיננ","Unresolved","","No lexical entry yet","true","2","Yekar Tiferet on Mishneh Torah, Slaves 1:3:1; Yekar Tiferet on Mishneh Torah, Slaves 4:11:1"
"yekar-tiferet-on-mishneh-torah-slaves","Yekar Tiferet on Mishneh Torah, Slaves","tok-1e691b7ab77a","בעליתו","בעליתו","Unresolved","","No lexical entry yet","true","1","Yekar Tiferet on Mishneh Torah, Slaves 3:9:2"
"yekar-tiferet-on-mishneh-torah-slaves","Yekar Tiferet on Mishneh Torah, Slaves","tok-f74b0092ab53","בערכין","בערכינ","Unresolved","","No lexical entry yet","true","1","Yekar Tiferet on Mishneh Torah, Slaves 1:10:1"
"yekar-tiferet-on-mishneh-torah-slaves","Yekar Tiferet on Mishneh Torah, Slaves","tok-1ee6f6618c3b","בערעורו","בערעורו","Unresolved","","No lexical entry yet","true","1","Yekar Tiferet on Mishneh Torah, Slaves 6:7:3"
"yekar-tiferet-on-mishneh-torah-slaves","Yekar Tiferet on Mishneh Torah, Slaves","tok-e3c06a6ee089","בפ׳","בפ׳","Unresolved","","No lexical entry yet","true","4","Yekar Tiferet on Mishneh Torah, Slaves 1:1:1; Yekar Tiferet on Mishneh Torah, Slaves 1:8:2; Yekar Tiferet on Mishneh Torah, Slaves 7:6:2; Yekar Tiferet on Mishneh Torah, Slaves 8:17:1"
"yekar-tiferet-on-mishneh-torah-slaves","Yekar Tiferet on Mishneh Torah, Slaves","tok-be45a41ddc65","בפ״ק","בפ״ק","Unresolved","","No lexical entry yet","true","5","Yekar Tiferet on Mishneh Torah, Slaves 2:2:1; Yekar Tiferet on Mishneh Torah, Slaves 2:5:2; Yekar Tiferet on Mishneh Torah, Slaves 2:12:2; Yekar Tiferet on Mishneh Torah, Slaves 3:1:3; Yekar Tiferet on Mishneh Torah, Slaves 4:3:2"
"yekar-tiferet-on-mishneh-torah-slaves","Yekar Tiferet on Mishneh Torah, Slaves","tok-354372ff973f","בפניה","בפניה","Unresolved","","No lexical entry yet","true","2","Yekar Tiferet on Mishneh Torah, Slaves 8:19:1"
"yekar-tiferet-on-mishneh-torah-slaves","Yekar Tiferet on Mishneh Torah, Slaves","tok-9e4512da2072","בפניהם","בפניהמ","Unresolved","","No lexical entry yet","true","4","Yekar Tiferet on Mishneh Torah, Slaves 3:9:1; Yekar Tiferet on Mishneh Torah, Slaves 5:17:1"
"yekar-tiferet-on-mishneh-torah-slaves","Yekar Tiferet on Mishneh Torah, Slaves","tok-c42db7406a56","בפרוטה","בפרוטה","Unresolved","","No lexical entry yet","true","7","Yekar Tiferet on Mishneh Torah, Slaves 4:3:1; Yekar Tiferet on Mishneh Torah, Slaves 4:7:3"
"yekar-tiferet-on-mishneh-torah-slaves","Yekar Tiferet on Mishneh Torah, Slaves","tok-d3551612e7c5","בפרך","בפרכ","Unresolved","","No lexical entry yet","true","5","Yekar Tiferet on Mishneh Torah, Slaves 1:6:1; Yekar Tiferet on Mishneh Torah, Slaves 1:6:2; Yekar Tiferet on Mishneh Torah, Slaves 1:6:4"
"yekar-tiferet-on-mishneh-torah-slaves","Yekar Tiferet on Mishneh Torah, Slaves","tok-ddb44d51f099","בפשיטות","בפשיטות","Unresolved","","No lexical entry yet","true","1","Yekar Tiferet on Mishneh Torah, Slaves 9:6:2"
"yekar-tiferet-on-mishneh-torah-slaves","Yekar Tiferet on Mishneh Torah, Slaves","tok-f050a8796361","בפשיטותם","בפשיטותמ","Unresolved","","No lexical entry yet","true","1","Yekar Tiferet on Mishneh Torah, Slaves 8:5:1"
"yekar-tiferet-on-mishneh-torah-slaves","Yekar Tiferet on Mishneh Torah, Slaves","tok-cbf252b1102d","בצדוקי","בצדוקי","Unresolved","","No lexical entry yet","true","1","Yekar Tiferet on Mishneh Torah, Slaves 6:6:3"
"yekar-tiferet-on-mishneh-torah-slaves","Yekar Tiferet on Mishneh Torah, Slaves","tok-59147e99084b","בק׳","בק׳","Unresolved","","No lexical entry yet","true","1","Yekar Tiferet on Mishneh Torah, Slaves 2:8:2"
"yekar-tiferet-on-mishneh-torah-slaves","Yekar Tiferet on Mishneh Torah, Slaves","tok-09563be6d7fc","בקבלה","בקבלה","Unresolved","","No lexical entry yet","true","1","Yekar Tiferet on Mishneh Torah, Slaves 6:6:3"
"yekar-tiferet-on-mishneh-torah-slaves","Yekar Tiferet on Mishneh Torah, Slaves","tok-beebc5b58525","בקדושין","בקדושינ","Unresolved","","No lexical entry yet","true","4","Yekar Tiferet on Mishneh Torah, Slaves 4:13:3; Yekar Tiferet on Mishneh Torah, Slaves 6:6:5"
"yekar-tiferet-on-mishneh-torah-slaves","Yekar Tiferet on Mishneh Torah, Slaves","tok-1fa8432d6836","בקום","בקומ","Unresolved","","No lexical entry yet","true","1","Yekar Tiferet on Mishneh Torah, Slaves 9:6:2"
"yekar-tiferet-on-mishneh-torah-slaves","Yekar Tiferet on Mishneh Torah, Slaves","tok-686c9d716d4f","בקרא","בקרא","Unresolved","","No lexical entry yet","true","3","Yekar Tiferet on Mishneh Torah, Slaves 3:7:2; Yekar Tiferet on Mishneh Torah, Slaves 4:9:2"
"yekar-tiferet-on-mishneh-torah-slaves","Yekar Tiferet on Mishneh Torah, Slaves","tok-a1f6fb927c09","בקרובים","בקרובימ","Unresolved","","No lexical entry yet","true","2","Yekar Tiferet on Mishneh Torah, Slaves 2:7:5; Yekar Tiferet on Mishneh Torah, Slaves 4:10:2"
"yekar-tiferet-on-mishneh-torah-slaves","Yekar Tiferet on Mishneh Torah, Slaves","tok-a2feab3822e8","בראה","בראה","Unresolved","","No lexical entry yet","true","2","Yekar Tiferet on Mishneh Torah, Slaves 5:4:2; Yekar Tiferet on Mishneh Torah, Slaves 8:11:1"
"yekar-tiferet-on-mishneh-torah-slaves","Yekar Tiferet on Mishneh Torah, Slaves","tok-acecad28c3fc","ברייתא","ברייתא","Unresolved","","No lexical entry yet","true","15","Yekar Tiferet on Mishneh Torah, Slaves 1:2:2; Yekar Tiferet on Mishneh Torah, Slaves 1:3:1; Yekar Tiferet on Mishneh Torah, Slaves 3:6:1; Yekar Tiferet on Mishneh Torah, Slaves 3:11:1; Yekar Tiferet on Mishneh Torah, Slaves 3:14:2"
"yekar-tiferet-on-mishneh-torah-slaves","Yekar Tiferet on Mishneh Torah, Slaves","tok-d4215b773403","ברישא","ברישא","Unresolved","","No lexical entry yet","true","2","Yekar Tiferet on Mishneh Torah, Slaves 5:11:1; Yekar Tiferet on Mishneh Torah, Slaves 7:5:1"
"yekar-tiferet-on-mishneh-torah-slaves","Yekar Tiferet on Mishneh Torah, Slaves","tok-b2f081f1a1d4","ברשות","ברשות","Unresolved","","No lexical entry yet","true","1","Yekar Tiferet on Mishneh Torah, Slaves 8:15:1"
"yekar-tiferet-on-mishneh-torah-slaves","Yekar Tiferet on Mishneh Torah, Slaves","tok-36603b6beb7e","בשוגג","בשוגג","Unresolved","","No lexical entry yet","true","1","Yekar Tiferet on Mishneh Torah, Slaves 3:8:2"
"yekar-tiferet-on-mishneh-torah-slaves","Yekar Tiferet on Mishneh Torah, Slaves","tok-48abebfd4273","בשוה","בשוה","Unresolved","","No lexical entry yet","true","1","Yekar Tiferet on Mishneh Torah, Slaves 2:1:1"
"yekar-tiferet-on-mishneh-torah-slaves","Yekar Tiferet on Mishneh Torah, Slaves","tok-b525f5248146","בשורת","בשורת","Unresolved","","No lexical entry yet","true","1","Yekar Tiferet on Mishneh Torah, Slaves 5:6:1"
"yekar-tiferet-on-mishneh-torah-slaves","Yekar Tiferet on Mishneh Torah, Slaves","tok-0d27b8c300b5","בשחרור","בשחרור","Unresolved","","No lexical entry yet","true","1","Yekar Tiferet on Mishneh Torah, Slaves 6:1:2"
"yekar-tiferet-on-mishneh-torah-slaves","Yekar Tiferet on Mishneh Torah, Slaves","tok-aabc9beca0d7","בשטר","בשטר","Unresolved","","No lexical entry yet","true","22","Yekar Tiferet on Mishneh Torah, Slaves 2:1:1; Yekar Tiferet on Mishneh Torah, Slaves 2:12:3; Yekar Tiferet on Mishneh Torah, Slaves 4:9:2; Yekar Tiferet on Mishneh Torah, Slaves 5:1:2; Yekar Tiferet on Mishneh Torah, Slaves 5:3:1"
"yekar-tiferet-on-mishneh-torah-slaves","Yekar Tiferet on Mishneh Torah, Slaves","tok-d081a4380d34","בשינו","בשינו","Unresolved","","No lexical entry yet","true","1","Yekar Tiferet on Mishneh Torah, Slaves 5:15:1"
"yekar-tiferet-on-mishneh-torah-slaves","Yekar Tiferet on Mishneh Torah, Slaves","tok-52b878cf2234","בשלהי","בשלהי","Unresolved","","No lexical entry yet","true","1","Yekar Tiferet on Mishneh Torah, Slaves 7:5:1"
"yekar-tiferet-on-mishneh-torah-slaves","Yekar Tiferet on Mishneh Torah, Slaves","tok-b9aa6b66a44b","בשלמא","בשלמא","Unresolved","","No lexical entry yet","true","6","Yekar Tiferet on Mishneh Torah, Slaves 1:9:1; Yekar Tiferet on Mishneh Torah, Slaves 2:8:2; Yekar Tiferet on Mishneh Torah, Slaves 5:4:3; Yekar Tiferet on Mishneh Torah, Slaves 7:2:2; Yekar Tiferet on Mishneh Torah, Slaves 8:11:1"
"yekar-tiferet-on-mishneh-torah-slaves","Yekar Tiferet on Mishneh Torah, Slaves","tok-9fe36cd41475","בשן","בשנ","Unresolved","","No lexical entry yet","true","3","Yekar Tiferet on Mishneh Torah, Slaves 5:4:3; Yekar Tiferet on Mishneh Torah, Slaves 5:6:2; Yekar Tiferet on Mishneh Torah, Slaves 7:4:2"
"yekar-tiferet-on-mishneh-torah-slaves","Yekar Tiferet on Mishneh Torah, Slaves","tok-efe87d8affbd","בשנה","בשנה","Unresolved","","No lexical entry yet","true","1","Yekar Tiferet on Mishneh Torah, Slaves 2:5:2"
"yekar-tiferet-on-mishneh-torah-slaves","Yekar Tiferet on Mishneh Torah, Slaves","tok-dbc32404271c","בשנו","בשנו","Unresolved","","No lexical entry yet","true","2","Yekar Tiferet on Mishneh Torah, Slaves 5:14:1"
"yekar-tiferet-on-mishneh-torah-slaves","Yekar Tiferet on Mishneh Torah, Slaves","tok-a566f5adac0b","בשנים","בשנימ","Unresolved","","No lexical entry yet","true","7","Yekar Tiferet on Mishneh Torah, Slaves 2:8:1; Yekar Tiferet on Mishneh Torah, Slaves 2:9:1; Yekar Tiferet on Mishneh Torah, Slaves 6:6:1"
"yekar-tiferet-on-mishneh-torah-slaves","Yekar Tiferet on Mishneh Torah, Slaves","tok-53d3df90b7ac","בשפחה","בשפחה","Unresolved","","No lexical entry yet","true","12","Yekar Tiferet on Mishneh Torah, Slaves 2:2:1; Yekar Tiferet on Mishneh Torah, Slaves 3:3:1; Yekar Tiferet on Mishneh Torah, Slaves 3:5:3; Yekar Tiferet on Mishneh Torah, Slaves 5:3:3; Yekar Tiferet on Mishneh Torah, Slaves 5:4:2"
"yekar-tiferet-on-mishneh-torah-slaves","Yekar Tiferet on Mishneh Torah, Slaves","tok-494609d94a0c","בשפחות","בשפחות","Unresolved","","No lexical entry yet","true","1","Yekar Tiferet on Mishneh Torah, Slaves 4:13:2"
"yekar-tiferet-on-mishneh-torah-slaves","Yekar Tiferet on Mishneh Torah, Slaves","tok-23321ffdf042","בשרו","בשרו","Unresolved","","No lexical entry yet","true","1","Yekar Tiferet on Mishneh Torah, Slaves 2:7:2"
"yekar-tiferet-on-mishneh-torah-slaves","Yekar Tiferet on Mishneh Torah, Slaves","tok-d6f1837dd0b9","בשש","בשש","Unresolved","","No lexical entry yet","true","4","Yekar Tiferet on Mishneh Torah, Slaves 2:8:2; Yekar Tiferet on Mishneh Torah, Slaves 3:14:2"
"yekar-tiferet-on-mishneh-torah-slaves","Yekar Tiferet on Mishneh Torah, Slaves","tok-144a0aaa6edd","בששה","בששה","Unresolved","","No lexical entry yet","true","1","Yekar Tiferet on Mishneh Torah, Slaves 6:5:1"
"yekar-tiferet-on-mishneh-torah-slaves","Yekar Tiferet on Mishneh Torah, Slaves","tok-2a1701caa789","בששחרר","בששחרר","Unresolved","","No lexical entry yet","true","1","Yekar Tiferet on Mishneh Torah, Slaves 7:4:2"
"yekar-tiferet-on-mishneh-torah-slaves","Yekar Tiferet on Mishneh Torah, Slaves","tok-b4d4e3582f42","בשתי","בשתי","Unresolved","","No lexical entry yet","true","2","Yekar Tiferet on Mishneh Torah, Slaves 5:14:1; Yekar Tiferet on Mishneh Torah, Slaves 7:3:3"
"yekar-tiferet-on-mishneh-torah-slaves","Yekar Tiferet on Mishneh Torah, Slaves","tok-d26be02737ef","בתו","בתו","Unresolved","","No lexical entry yet","true","13","Yekar Tiferet on Mishneh Torah, Slaves 2:12:2; Yekar Tiferet on Mishneh Torah, Slaves 4:2:1; Yekar Tiferet on Mishneh Torah, Slaves 4:10:1; Yekar Tiferet on Mishneh Torah, Slaves 4:11:1; Yekar Tiferet on Mishneh Torah, Slaves 4:13:1"
"yekar-tiferet-on-mishneh-torah-slaves","Yekar Tiferet on Mishneh Torah, Slaves","tok-fea6511ae36d","בתוס׳","בתוס׳","Unresolved","","No lexical entry yet","true","5","Yekar Tiferet on Mishneh Torah, Slaves 2:12:3; Yekar Tiferet on Mishneh Torah, Slaves 5:1:2; Yekar Tiferet on Mishneh Torah, Slaves 5:4:3; Yekar Tiferet on Mishneh Torah, Slaves 6:3:1; Yekar Tiferet on Mishneh Torah, Slaves 6:6:1"
"yekar-tiferet-on-mishneh-torah-slaves","Yekar Tiferet on Mishneh Torah, Slaves","tok-1c1ce52f5fa8","בתוספתא","בתוספתא","Unresolved","","No lexical entry yet","true","1","Yekar Tiferet on Mishneh Torah, Slaves 8:9:2"
"yekar-tiferet-on-mishneh-torah-slaves","Yekar Tiferet on Mishneh Torah, Slaves","tok-6b0132a5f2e9","בתחילת","בתחילת","Unresolved","","No lexical entry yet","true","1","Yekar Tiferet on Mishneh Torah, Slaves 3:10:1"
"yekar-tiferet-on-mishneh-torah-slaves","Yekar Tiferet on Mishneh Torah, Slaves","tok-7d8526b0afc7","בתחלתו","בתחלתו","Unresolved","","No lexical entry yet","true","1","Yekar Tiferet on Mishneh Torah, Slaves 2:7:5"
"yekar-tiferet-on-mishneh-torah-slaves","Yekar Tiferet on Mishneh Torah, Slaves","tok-74a56a85af0c","בתיקו","בתיקו","Unresolved","","No lexical entry yet","true","1","Yekar Tiferet on Mishneh Torah, Slaves 3:11:2"
"yekar-tiferet-on-mishneh-torah-slaves","Yekar Tiferet on Mishneh Torah, Slaves","tok-05755e4233b6","בתך","בתכ","Unresolved","","No lexical entry yet","true","2","Yekar Tiferet on Mishneh Torah, Slaves 4:3:2"
"yekar-tiferet-on-mishneh-torah-slaves","Yekar Tiferet on Mishneh Torah, Slaves","tok-576b75fdb80c","בתקנה","בתקנה","Unresolved","","No lexical entry yet","true","2","Yekar Tiferet on Mishneh Torah, Slaves 4:3:1; Yekar Tiferet on Mishneh Torah, Slaves 9:7:2"
"yekar-tiferet-on-mishneh-torah-slaves","Yekar Tiferet on Mishneh Torah, Slaves","tok-a1345dd6432c","בתקנת","בתקנת","Unresolved","","No lexical entry yet","true","1","Yekar Tiferet on Mishneh Torah, Slaves 9:7:2"
"yekar-tiferet-on-mishneh-torah-slaves","Yekar Tiferet on Mishneh Torah, Slaves","tok-938c9bfd00af","בתר","בתר","Unresolved","","No lexical entry yet","true","1","Yekar Tiferet on Mishneh Torah, Slaves 8:13:1"
"yekar-tiferet-on-mishneh-torah-slaves","Yekar Tiferet on Mishneh Torah, Slaves","tok-4bfffae56aab","בתראי","בתראי","Unresolved","","No lexical entry yet","true","1","Yekar Tiferet on Mishneh Torah, Slaves 8:14:1"
"yekar-tiferet-on-mishneh-torah-slaves","Yekar Tiferet on Mishneh Torah, Slaves","tok-597e391b2a9e","בתרווייהו","בתרווייהו","Unresolved","","No lexical entry yet","true","1","Yekar Tiferet on Mishneh Torah, Slaves 7:6:2"
"yekar-tiferet-on-mishneh-torah-slaves","Yekar Tiferet on Mishneh Torah, Slaves","tok-3000e37292de","בתרוייהו","בתרוייהו","Unresolved","","No lexical entry yet","true","1","Yekar Tiferet on Mishneh Torah, Slaves 1:2:2"
"yekar-tiferet-on-mishneh-torah-slaves","Yekar Tiferet on Mishneh Torah, Slaves","tok-8789675a5949","בתרומה","בתרומה","Unresolved","","No lexical entry yet","true","2","Yekar Tiferet on Mishneh Torah, Slaves 3:1:2; Yekar Tiferet on Mishneh Torah, Slaves 6:3:1"
"yekar-tiferet-on-mishneh-torah-slaves","Yekar Tiferet on Mishneh Torah, Slaves","tok-e61b15622da7","ג׳","ג׳","Unresolved","","No lexical entry yet","true","2","Yekar Tiferet on Mishneh Torah, Slaves 2:8:1; Yekar Tiferet on Mishneh Torah, Slaves 6:6:3"
"yekar-tiferet-on-mishneh-torah-slaves","Yekar Tiferet on Mishneh Torah, Slaves","tok-031c662182a5","גדר","גדר","Unresolved","","No lexical entry yet","true","1","Yekar Tiferet on Mishneh Torah, Slaves 1:8:1"
"yekar-tiferet-on-mishneh-torah-slaves","Yekar Tiferet on Mishneh Torah, Slaves","tok-fc6728ca745c","גוונא","גוונא","Unresolved","","No lexical entry yet","true","1","Yekar Tiferet on Mishneh Torah, Slaves 3:1:3"
"yekar-tiferet-on-mishneh-torah-slaves","Yekar Tiferet on Mishneh Torah, Slaves","tok-e99a49c091ad","גומר","גומר","Unresolved","","No lexical entry yet","true","4","Yekar Tiferet on Mishneh Torah, Slaves 7:6:2"
"yekar-tiferet-on-mishneh-torah-slaves","Yekar Tiferet on Mishneh Torah, Slaves","tok-c6a36ba0bd04","גורס","גורס","Unresolved","","No lexical entry yet","true","2","Yekar Tiferet on Mishneh Torah, Slaves 3:11:2"
"yekar-tiferet-on-mishneh-torah-slaves","Yekar Tiferet on Mishneh Torah, Slaves","tok-14f8cac82085","גזל","גזל","Unresolved","","No lexical entry yet","true","2","Yekar Tiferet on Mishneh Torah, Slaves 1:8:2"
"yekar-tiferet-on-mishneh-torah-slaves","Yekar Tiferet on Mishneh Torah, Slaves","tok-ebff6856a986","גזרה","גזרה","Unresolved","","No lexical entry yet","true","1","Yekar Tiferet on Mishneh Torah, Slaves 6:6:6"
"yekar-tiferet-on-mishneh-torah-slaves","Yekar Tiferet on Mishneh Torah, Slaves","tok-19669bfc4e81","גזרת","גזרת","Unresolved","","No lexical entry yet","true","1","Yekar Tiferet on Mishneh Torah, Slaves 2:8:1"
"yekar-tiferet-on-mishneh-torah-slaves","Yekar Tiferet on Mishneh Torah, Slaves","tok-b180ae40ae6a","גט","גט","Unresolved","","No lexical entry yet","true","34","Yekar Tiferet on Mishneh Torah, Slaves 3:2:1; Yekar Tiferet on Mishneh Torah, Slaves 4:4:3; Yekar Tiferet on Mishneh Torah, Slaves 5:1:2; Yekar Tiferet on Mishneh Torah, Slaves 5:4:2; Yekar Tiferet on Mishneh Torah, Slaves 5:4:3"
"yekar-tiferet-on-mishneh-torah-slaves","Yekar Tiferet on Mishneh Torah, Slaves","tok-47e4384ef298","גיטא","גיטא","Unresolved","","No lexical entry yet","true","4","Yekar Tiferet on Mishneh Torah, Slaves 7:1:2; Yekar Tiferet on Mishneh Torah, Slaves 8:10:1"
"yekar-tiferet-on-mishneh-torah-slaves","Yekar Tiferet on Mishneh Torah, Slaves","tok-b0d522ca9998","גיטה","גיטה","Unresolved","","No lexical entry yet","true","3","Yekar Tiferet on Mishneh Torah, Slaves 5:3:2; Yekar Tiferet on Mishneh Torah, Slaves 6:7:3; Yekar Tiferet on Mishneh Torah, Slaves 8:11:1"
"yekar-tiferet-on-mishneh-torah-slaves","Yekar Tiferet on Mishneh Torah, Slaves","tok-80e7193fda8c","גיטו","גיטו","Unresolved","","No lexical entry yet","true","2","Yekar Tiferet on Mishneh Torah, Slaves 5:3:2; Yekar Tiferet on Mishneh Torah, Slaves 6:8:3"
"yekar-tiferet-on-mishneh-torah-slaves","Yekar Tiferet on Mishneh Torah, Slaves","tok-7106e2fab2fc","גיטי","גיטי","Unresolved","","No lexical entry yet","true","7","Yekar Tiferet on Mishneh Torah, Slaves 6:5:1; Yekar Tiferet on Mishneh Torah, Slaves 6:6:6; Yekar Tiferet on Mishneh Torah, Slaves 6:7:2; Yekar Tiferet on Mishneh Torah, Slaves 7:1:1"
"yekar-tiferet-on-mishneh-torah-slaves","Yekar Tiferet on Mishneh Torah, Slaves","tok-62eefa8b9669","גיטין","גיטינ","Unresolved","","No lexical entry yet","true","1","Yekar Tiferet on Mishneh Torah, Slaves 8:6:2"
"yekar-tiferet-on-mishneh-torah-slaves","Yekar Tiferet on Mishneh Torah, Slaves","tok-a00d498ec08f","גמירי","גמירי","Unresolved","","No lexical entry yet","true","3","Yekar Tiferet on Mishneh Torah, Slaves 1:3:1"
"yekar-tiferet-on-mishneh-torah-slaves","Yekar Tiferet on Mishneh Torah, Slaves","tok-3efd4ce298a6","גמליאל","גמליאל","Unresolved","","No lexical entry yet","true","1","Yekar Tiferet on Mishneh Torah, Slaves 6:6:1"
"yekar-tiferet-on-mishneh-torah-slaves","Yekar Tiferet on Mishneh Torah, Slaves","tok-58ff4d7397e6","גמרי","גמרי","Unresolved","","No lexical entry yet","true","1","Yekar Tiferet on Mishneh Torah, Slaves 5:5:3"
"yekar-tiferet-on-mishneh-torah-slaves","Yekar Tiferet on Mishneh Torah, Slaves","tok-3b624b471372","גנב","גנב","Unresolved","","No lexical entry yet","true","4","Yekar Tiferet on Mishneh Torah, Slaves 3:3:1; Yekar Tiferet on Mishneh Torah, Slaves 4:3:1; Yekar Tiferet on Mishneh Torah, Slaves 8:6:1"
"yekar-tiferet-on-mishneh-torah-slaves","Yekar Tiferet on Mishneh Torah, Slaves","tok-2ab7de3a2b66","גנבא","גנבא","Unresolved","","No lexical entry yet","true","1","Yekar Tiferet on Mishneh Torah, Slaves 8:6:1"
"yekar-tiferet-on-mishneh-torah-slaves","Yekar Tiferet on Mishneh Torah, Slaves","tok-dd723841b1b5","גניבה","גניבה","Unresolved","","No lexical entry yet","true","1","Yekar Tiferet on Mishneh Torah, Slaves 1:2:1"
"yekar-tiferet-on-mishneh-torah-slaves","Yekar Tiferet on Mishneh Torah, Slaves","tok-7581cd6048e5","גר","גר","Unresolved","","No lexical entry yet","true","18","Yekar Tiferet on Mishneh Torah, Slaves 1:2:2; Yekar Tiferet on Mishneh Torah, Slaves 1:3:1; Yekar Tiferet on Mishneh Torah, Slaves 1:3:2; Yekar Tiferet on Mishneh Torah, Slaves 2:6:2; Yekar Tiferet on Mishneh Torah, Slaves 2:12:2"
"yekar-tiferet-on-mishneh-torah-slaves","Yekar Tiferet on Mishneh Torah, Slaves","tok-0e2366af3003","גרושה","גרושה","Unresolved","","No lexical entry yet","true","1","Yekar Tiferet on Mishneh Torah, Slaves 4:13:3"
"yekar-tiferet-on-mishneh-torah-slaves","Yekar Tiferet on Mishneh Torah, Slaves","tok-f171429b6015","גרושין","גרושינ","Unresolved","","No lexical entry yet","true","1","Yekar Tiferet on Mishneh Torah, Slaves 6:7:2"
"yekar-tiferet-on-mishneh-torah-slaves","Yekar Tiferet on Mishneh Torah, Slaves","tok-f467d0c1c637","גריזים","גריזימ","Unresolved","","No lexical entry yet","true","1","Yekar Tiferet on Mishneh Torah, Slaves 6:6:2"
"yekar-tiferet-on-mishneh-torah-slaves","Yekar Tiferet on Mishneh Torah, Slaves","tok-211f8c6761b3","גרסא","גרסא","Unresolved","","No lexical entry yet","true","1","Yekar Tiferet on Mishneh Torah, Slaves 9:3:1"
"yekar-tiferet-on-mishneh-torah-slaves","Yekar Tiferet on Mishneh Torah, Slaves","tok-4bdd661ff9df","גרסת","גרסת","Unresolved","","No lexical entry yet","true","3","Yekar Tiferet on Mishneh Torah, Slaves 3:11:2; Yekar Tiferet on Mishneh Torah, Slaves 8:17:2"
"yekar-tiferet-on-mishneh-torah-slaves","Yekar Tiferet on Mishneh Torah, Slaves","tok-a16eb9df80e7","גרסתו","גרסתו","Unresolved","","No lexical entry yet","true","2","Yekar Tiferet on Mishneh Torah, Slaves 8:17:2"
"yekar-tiferet-on-mishneh-torah-slaves","Yekar Tiferet on Mishneh Torah, Slaves","tok-a4acbe080fa7","גרע","גרע","Unresolved","","No lexical entry yet","true","4","Yekar Tiferet on Mishneh Torah, Slaves 2:8:2; Yekar Tiferet on Mishneh Torah, Slaves 4:10:1; Yekar Tiferet on Mishneh Torah, Slaves 9:5:1; Yekar Tiferet on Mishneh Torah, Slaves 9:6:1"
"yekar-tiferet-on-mishneh-torah-slaves","Yekar Tiferet on Mishneh Torah, Slaves","tok-dbf15e4718d7","גרעא","גרעא","Unresolved","","No lexical entry yet","true","1","Yekar Tiferet on Mishneh Torah, Slaves 6:7:3"
"yekar-tiferet-on-mishneh-torah-slaves","Yekar Tiferet on Mishneh Torah, Slaves","tok-fba48856fe6f","גרעונו","גרעונו","Unresolved","","No lexical entry yet","true","5","Yekar Tiferet on Mishneh Torah, Slaves 2:11:1; Yekar Tiferet on Mishneh Torah, Slaves 4:4:3"
"yekar-tiferet-on-mishneh-torah-slaves","Yekar Tiferet on Mishneh Torah, Slaves","tok-a6aab9c6de4c","דאב","דאב","Unresolved","","No lexical entry yet","true","1","Yekar Tiferet on Mishneh Torah, Slaves 4:2:2"
"yekar-tiferet-on-mishneh-torah-slaves","Yekar Tiferet on Mishneh Torah, Slaves","tok-3795edac4a01","דאביה","דאביה","Unresolved","","No lexical entry yet","true","2","Yekar Tiferet on Mishneh Torah, Slaves 4:13:4"
"yekar-tiferet-on-mishneh-torah-slaves","Yekar Tiferet on Mishneh Torah, Slaves","tok-db90e91eee4a","דאביי","דאביי","Unresolved","","No lexical entry yet","true","2","Yekar Tiferet on Mishneh Torah, Slaves 8:15:1"
"yekar-tiferet-on-mishneh-torah-slaves","Yekar Tiferet on Mishneh Torah, Slaves","tok-49a68cd113be","דאוכלת","דאוכלת","Unresolved","","No lexical entry yet","true","1","Yekar Tiferet on Mishneh Torah, Slaves 3:1:2"
"yekar-tiferet-on-mishneh-torah-slaves","Yekar Tiferet on Mishneh Torah, Slaves","tok-b448c474f702","דאי","דאי","Unresolved","","No lexical entry yet","true","11","Yekar Tiferet on Mishneh Torah, Slaves 1:3:2; Yekar Tiferet on Mishneh Torah, Slaves 1:6:4; Yekar Tiferet on Mishneh Torah, Slaves 1:8:2; Yekar Tiferet on Mishneh Torah, Slaves 2:2:1; Yekar Tiferet on Mishneh Torah, Slaves 3:1:3"
"yekar-tiferet-on-mishneh-torah-slaves","Yekar Tiferet on Mishneh Torah, Slaves","tok-4f8f7af4fa36","דאיהו","דאיהו","Unresolved","","No lexical entry yet","true","1","Yekar Tiferet on Mishneh Torah, Slaves 4:14:1"
"yekar-tiferet-on-mishneh-torah-slaves","Yekar Tiferet on Mishneh Torah, Slaves","tok-24c58f5ac0f6","דאיזדבן","דאיזדבנ","Unresolved","","No lexical entry yet","true","1","Yekar Tiferet on Mishneh Torah, Slaves 8:14:1"
"yekar-tiferet-on-mishneh-torah-slaves","Yekar Tiferet on Mishneh Torah, Slaves","tok-1a5fb78bdda8","דאיכא","דאיכא","Unresolved","","No lexical entry yet","true","5","Yekar Tiferet on Mishneh Torah, Slaves 4:11:1; Yekar Tiferet on Mishneh Torah, Slaves 4:12:1; Yekar Tiferet on Mishneh Torah, Slaves 5:4:4; Yekar Tiferet on Mishneh Torah, Slaves 8:6:1; Yekar Tiferet on Mishneh Torah, Slaves 9:1:1"
"yekar-tiferet-on-mishneh-torah-slaves","Yekar Tiferet on Mishneh Torah, Slaves","tok-16a5eeddaba8","דאילו","דאילו","Unresolved","","No lexical entry yet","true","3","Yekar Tiferet on Mishneh Torah, Slaves 2:6:2; Yekar Tiferet on Mishneh Torah, Slaves 4:13:3; Yekar Tiferet on Mishneh Torah, Slaves 6:5:1"
"yekar-tiferet-on-mishneh-torah-slaves","Yekar Tiferet on Mishneh Torah, Slaves","tok-6da73baff8f8","דאינה","דאינה","Unresolved","","No lexical entry yet","true","2","Yekar Tiferet on Mishneh Torah, Slaves 4:7:1; Yekar Tiferet on Mishneh Torah, Slaves 4:9:1"
"yekar-tiferet-on-mishneh-torah-slaves","Yekar Tiferet on Mishneh Torah, Slaves","tok-60d5b56f466b","דאינו","דאינו","Unresolved","","No lexical entry yet","true","2","Yekar Tiferet on Mishneh Torah, Slaves 2:7:1; Yekar Tiferet on Mishneh Torah, Slaves 4:13:3"
"yekar-tiferet-on-mishneh-torah-slaves","Yekar Tiferet on Mishneh Torah, Slaves","tok-a1c9f7f47051","דאירוסין","דאירוסינ","Unresolved","","No lexical entry yet","true","1","Yekar Tiferet on Mishneh Torah, Slaves 4:9:1"
"yekar-tiferet-on-mishneh-torah-slaves","Yekar Tiferet on Mishneh Torah, Slaves","tok-2ec7f310c124","דאית","דאית","Unresolved","","No lexical entry yet","true","3","Yekar Tiferet on Mishneh Torah, Slaves 4:13:4; Yekar Tiferet on Mishneh Torah, Slaves 7:6:2; Yekar Tiferet on Mishneh Torah, Slaves 8:12:1"
"yekar-tiferet-on-mishneh-torah-slaves","Yekar Tiferet on Mishneh Torah, Slaves","tok-a4e8d9dd5c6c","דאיתא","דאיתא","Unresolved","","No lexical entry yet","true","5","Yekar Tiferet on Mishneh Torah, Slaves 5:1:1; Yekar Tiferet on Mishneh Torah, Slaves 6:6:5; Yekar Tiferet on Mishneh Torah, Slaves 6:7:1"
"yekar-tiferet-on-mishneh-torah-slaves","Yekar Tiferet on Mishneh Torah, Slaves","tok-e4c695b222b3","דאיתיה","דאיתיה","Unresolved","","No lexical entry yet","true","1","Yekar Tiferet on Mishneh Torah, Slaves 6:8:2"
"yekar-tiferet-on-mishneh-torah-slaves","Yekar Tiferet on Mishneh Torah, Slaves","tok-849b85763e3a","דאכתי","דאכתי","Unresolved","","No lexical entry yet","true","3","Yekar Tiferet on Mishneh Torah, Slaves 5:1:2; Yekar Tiferet on Mishneh Torah, Slaves 5:6:2; Yekar Tiferet on Mishneh Torah, Slaves 8:10:1"
"yekar-tiferet-on-mishneh-torah-slaves","Yekar Tiferet on Mishneh Torah, Slaves","tok-cb72915fe476","דאם","דאמ","Unresolved","","No lexical entry yet","true","5","Yekar Tiferet on Mishneh Torah, Slaves 1:8:2; Yekar Tiferet on Mishneh Torah, Slaves 2:8:2; Yekar Tiferet on Mishneh Torah, Slaves 4:7:3; Yekar Tiferet on Mishneh Torah, Slaves 4:15:1; Yekar Tiferet on Mishneh Torah, Slaves 8:20:1"
"yekar-tiferet-on-mishneh-torah-slaves","Yekar Tiferet on Mishneh Torah, Slaves","tok-ec2b0d1fd6da","דאמה","דאמה","Unresolved","","No lexical entry yet","true","1","Yekar Tiferet on Mishneh Torah, Slaves 1:10:1"
"yekar-tiferet-on-mishneh-torah-slaves","Yekar Tiferet on Mishneh Torah, Slaves","tok-04f12a60988c","דאמוראי","דאמוראי","Unresolved","","No lexical entry yet","true","1","Yekar Tiferet on Mishneh Torah, Slaves 4:3:2"
"yekar-tiferet-on-mishneh-torah-slaves","Yekar Tiferet on Mishneh Torah, Slaves","tok-8f857e4fe200","דאמימר","דאמימר","Unresolved","","No lexical entry yet","true","3","Yekar Tiferet on Mishneh Torah, Slaves 8:13:1; Yekar Tiferet on Mishneh Torah, Slaves 8:14:1"
"yekar-tiferet-on-mishneh-torah-slaves","Yekar Tiferet on Mishneh Torah, Slaves","tok-575dacc6271f","דאמר","דאמר","Unresolved","","No lexical entry yet","true","33","Yekar Tiferet on Mishneh Torah, Slaves 2:12:1; Yekar Tiferet on Mishneh Torah, Slaves 3:4:1; Yekar Tiferet on Mishneh Torah, Slaves 3:7:2; Yekar Tiferet on Mishneh Torah, Slaves 3:8:1; Yekar Tiferet on Mishneh Torah, Slaves 3:9:2"
"yekar-tiferet-on-mishneh-torah-slaves","Yekar Tiferet on Mishneh Torah, Slaves","tok-0eca94a855e6","דאמרי","דאמרי","Unresolved","","No lexical entry yet","true","4","Yekar Tiferet on Mishneh Torah, Slaves 1:2:2; Yekar Tiferet on Mishneh Torah, Slaves 5:4:2; Yekar Tiferet on Mishneh Torah, Slaves 5:13:1; Yekar Tiferet on Mishneh Torah, Slaves 7:6:2"
"yekar-tiferet-on-mishneh-torah-slaves","Yekar Tiferet on Mishneh Torah, Slaves","tok-72a2c29f10aa","דאמרינן","דאמריננ","Unresolved","","No lexical entry yet","true","7","Yekar Tiferet on Mishneh Torah, Slaves 5:4:4; Yekar Tiferet on Mishneh Torah, Slaves 6:1:2; Yekar Tiferet on Mishneh Torah, Slaves 6:6:2; Yekar Tiferet on Mishneh Torah, Slaves 7:4:2; Yekar Tiferet on Mishneh Torah, Slaves 8:13:1"
"yekar-tiferet-on-mishneh-torah-slaves","Yekar Tiferet on Mishneh Torah, Slaves","tok-d17677c889c8","דאמרת","דאמרת","Unresolved","","No lexical entry yet","true","1","Yekar Tiferet on Mishneh Torah, Slaves 5:3:1"
"yekar-tiferet-on-mishneh-torah-slaves","Yekar Tiferet on Mishneh Torah, Slaves","tok-aa5d7bf60f73","דאע״ג","דאע״ג","Unresolved","","No lexical entry yet","true","4","Yekar Tiferet on Mishneh Torah, Slaves 1:3:1; Yekar Tiferet on Mishneh Torah, Slaves 3:1:2; Yekar Tiferet on Mishneh Torah, Slaves 5:17:1; Yekar Tiferet on Mishneh Torah, Slaves 9:3:1"
"yekar-tiferet-on-mishneh-torah-slaves","Yekar Tiferet on Mishneh Torah, Slaves","tok-bc6bca857914","דאפי׳","דאפי׳","Unresolved","","No lexical entry yet","true","1","Yekar Tiferet on Mishneh Torah, Slaves 2:11:1"
"yekar-tiferet-on-mishneh-torah-slaves","Yekar Tiferet on Mishneh Torah, Slaves","tok-6a2dd9ddacb5","דאפילו","דאפילו","Unresolved","","No lexical entry yet","true","2","Yekar Tiferet on Mishneh Torah, Slaves 4:8:2; Yekar Tiferet on Mishneh Torah, Slaves 8:16:1"
"yekar-tiferet-on-mishneh-torah-slaves","Yekar Tiferet on Mishneh Torah, Slaves","tok-897613568879","דאפקרתא","דאפקרתא","Unresolved","","No lexical entry yet","true","1","Yekar Tiferet on Mishneh Torah, Slaves 8:14:1"
"yekar-tiferet-on-mishneh-torah-slaves","Yekar Tiferet on Mishneh Torah, Slaves","tok-a1d0fa92714a","דאפשר","דאפשר","Unresolved","","No lexical entry yet","true","3","Yekar Tiferet on Mishneh Torah, Slaves 3:13:1; Yekar Tiferet on Mishneh Torah, Slaves 3:14:3"
"yekar-tiferet-on-mishneh-torah-slaves","Yekar Tiferet on Mishneh Torah, Slaves","tok-ed03ea07b8e0","דאשה","דאשה","Unresolved","","No lexical entry yet","true","2","Yekar Tiferet on Mishneh Torah, Slaves 4:3:1; Yekar Tiferet on Mishneh Torah, Slaves 6:7:3"
"yekar-tiferet-on-mishneh-torah-slaves","Yekar Tiferet on Mishneh Torah, Slaves","tok-f983a0067fc7","דאשכחן","דאשכחנ","Unresolved","","No lexical entry yet","true","1","Yekar Tiferet on Mishneh Torah, Slaves 7:4:1"
"yekar-tiferet-on-mishneh-torah-slaves","Yekar Tiferet on Mishneh Torah, Slaves","tok-589627b855dc","דאשתו","דאשתו","Unresolved","","No lexical entry yet","true","1","Yekar Tiferet on Mishneh Torah, Slaves 3:1:3"
"yekar-tiferet-on-mishneh-torah-slaves","Yekar Tiferet on Mishneh Torah, Slaves","tok-7b9eeb27dfa6","דאתאמרא","דאתאמרא","Unresolved","","No lexical entry yet","true","1","Yekar Tiferet on Mishneh Torah, Slaves 9:3:1"
"yekar-tiferet-on-mishneh-torah-slaves","Yekar Tiferet on Mishneh Torah, Slaves","tok-13fe6c58acba","דאתינא","דאתינא","Unresolved","","No lexical entry yet","true","1","Yekar Tiferet on Mishneh Torah, Slaves 5:4:4"
"yekar-tiferet-on-mishneh-torah-slaves","Yekar Tiferet on Mishneh Torah, Slaves","tok-0f98321c46fe","דאתינן","דאתיננ","Unresolved","","No lexical entry yet","true","1","Yekar Tiferet on Mishneh Torah, Slaves 4:7:5"
"yekar-tiferet-on-mishneh-torah-slaves","Yekar Tiferet on Mishneh Torah, Slaves","tok-f09a1bade097","דב״ש","דב״ש","Unresolved","","No lexical entry yet","true","1","Yekar Tiferet on Mishneh Torah, Slaves 7:7:1"
"yekar-tiferet-on-mishneh-torah-slaves","Yekar Tiferet on Mishneh Torah, Slaves","tok-ce79b4a38453","דבגמ׳","דבגמ׳","Unresolved","","No lexical entry yet","true","1","Yekar Tiferet on Mishneh Torah, Slaves 5:1:1"
"yekar-tiferet-on-mishneh-torah-slaves","Yekar Tiferet on Mishneh Torah, Slaves","tok-2b93fdf11253","דבהני","דבהני","Unresolved","","No lexical entry yet","true","1","Yekar Tiferet on Mishneh Torah, Slaves 4:13:3"
"yekar-tiferet-on-mishneh-torah-slaves","Yekar Tiferet on Mishneh Torah, Slaves","tok-17de03f3d487","דבזמן","דבזמנ","Unresolved","","No lexical entry yet","true","1","Yekar Tiferet on Mishneh Torah, Slaves 4:7:3"
"yekar-tiferet-on-mishneh-torah-slaves","Yekar Tiferet on Mishneh Torah, Slaves","tok-754b715e4c4f","דבין","דבינ","Unresolved","","No lexical entry yet","true","1","Yekar Tiferet on Mishneh Torah, Slaves 1:6:2"
"yekar-tiferet-on-mishneh-torah-slaves","Yekar Tiferet on Mishneh Torah, Slaves","tok-dd2d30048c84","דבלוריא","דבלוריא","Unresolved","","No lexical entry yet","true","1","Yekar Tiferet on Mishneh Torah, Slaves 8:21:1"
"yekar-tiferet-on-mishneh-torah-slaves","Yekar Tiferet on Mishneh Torah, Slaves","tok-05cec85555fa","דבמכרוהו","דבמכרוהו","Unresolved","","No lexical entry yet","true","2","Yekar Tiferet on Mishneh Torah, Slaves 2:2:1; Yekar Tiferet on Mishneh Torah, Slaves 3:3:1"
"yekar-tiferet-on-mishneh-torah-slaves","Yekar Tiferet on Mishneh Torah, Slaves","tok-5d31ea68814d","דבמעות","דבמעות","Unresolved","","No lexical entry yet","true","1","Yekar Tiferet on Mishneh Torah, Slaves 4:7:1"
"yekar-tiferet-on-mishneh-torah-slaves","Yekar Tiferet on Mishneh Torah, Slaves","tok-3ed63a33a41a","דבניה","דבניה","Unresolved","","No lexical entry yet","true","1","Yekar Tiferet on Mishneh Torah, Slaves 3:1:3"
"yekar-tiferet-on-mishneh-torah-slaves","Yekar Tiferet on Mishneh Torah, Slaves","tok-1fb0191240bd","דבנתן","דבנתנ","Unresolved","","No lexical entry yet","true","1","Yekar Tiferet on Mishneh Torah, Slaves 1:6:2"
"yekar-tiferet-on-mishneh-torah-slaves","Yekar Tiferet on Mishneh Torah, Slaves","tok-2aac5031d580","דבעי","דבעי","Unresolved","","No lexical entry yet","true","2","Yekar Tiferet on Mishneh Torah, Slaves 8:13:1"
"yekar-tiferet-on-mishneh-torah-slaves","Yekar Tiferet on Mishneh Torah, Slaves","tok-b2944fdf7b25","דבעינן","דבעיננ","Unresolved","","No lexical entry yet","true","3","Yekar Tiferet on Mishneh Torah, Slaves 1:3:1; Yekar Tiferet on Mishneh Torah, Slaves 5:3:3; Yekar Tiferet on Mishneh Torah, Slaves 7:3:1"
"yekar-tiferet-on-mishneh-torah-slaves","Yekar Tiferet on Mishneh Torah, Slaves","tok-3b3c70a59724","דבצד","דבצד","Unresolved","","No lexical entry yet","true","1","Yekar Tiferet on Mishneh Torah, Slaves 4:11:1"
"yekar-tiferet-on-mishneh-torah-slaves","Yekar Tiferet on Mishneh Torah, Slaves","tok-5e357bab4eaa","דבקטנים","דבקטנימ","Unresolved","","No lexical entry yet","true","1","Yekar Tiferet on Mishneh Torah, Slaves 3:1:3"
"yekar-tiferet-on-mishneh-torah-slaves","Yekar Tiferet on Mishneh Torah, Slaves","tok-60f6a8d6be42","דבריהם","דבריהמ","Unresolved","","No lexical entry yet","true","2","Yekar Tiferet on Mishneh Torah, Slaves 4:7:5; Yekar Tiferet on Mishneh Torah, Slaves 6:6:2"
"yekar-tiferet-on-mishneh-torah-slaves","Yekar Tiferet on Mishneh Torah, Slaves","tok-721af0599edb","דברייתא","דברייתא","Unresolved","","No lexical entry yet","true","5","Yekar Tiferet on Mishneh Torah, Slaves 4:13:2; Yekar Tiferet on Mishneh Torah, Slaves 4:14:1; Yekar Tiferet on Mishneh Torah, Slaves 9:3:1"
"yekar-tiferet-on-mishneh-torah-slaves","Yekar Tiferet on Mishneh Torah, Slaves","tok-006f727f6afc","דבשבילה","דבשבילה","Unresolved","","No lexical entry yet","true","1","Yekar Tiferet on Mishneh Torah, Slaves 1:8:1"
"yekar-tiferet-on-mishneh-torah-slaves","Yekar Tiferet on Mishneh Torah, Slaves","tok-fbfa9e4154c2","דבשלמא","דבשלמא","Unresolved","","No lexical entry yet","true","2","Yekar Tiferet on Mishneh Torah, Slaves 2:12:2; Yekar Tiferet on Mishneh Torah, Slaves 5:6:2"
"yekar-tiferet-on-mishneh-torah-slaves","Yekar Tiferet on Mishneh Torah, Slaves","tok-8a3544bf1dcd","דבשנים","דבשנימ","Unresolved","","No lexical entry yet","true","1","Yekar Tiferet on Mishneh Torah, Slaves 2:9:1"
"yekar-tiferet-on-mishneh-torah-slaves","Yekar Tiferet on Mishneh Torah, Slaves","tok-62f53a06a2c4","דבשעה","דבשעה","Unresolved","","No lexical entry yet","true","1","Yekar Tiferet on Mishneh Torah, Slaves 4:7:3"
"yekar-tiferet-on-mishneh-torah-slaves","Yekar Tiferet on Mishneh Torah, Slaves","tok-dd783163ab49","דבתרוייהו","דבתרוייהו","Unresolved","","No lexical entry yet","true","1","Yekar Tiferet on Mishneh Torah, Slaves 1:3:1"
"yekar-tiferet-on-mishneh-torah-slaves","Yekar Tiferet on Mishneh Torah, Slaves","tok-af68127ec9d7","דגאולת","דגאולת","Unresolved","","No lexical entry yet","true","1","Yekar Tiferet on Mishneh Torah, Slaves 2:7:2"
"yekar-tiferet-on-mishneh-torah-slaves","Yekar Tiferet on Mishneh Torah, Slaves","tok-538e9afe0921","דגבי","דגבי","Unresolved","","No lexical entry yet","true","1","Yekar Tiferet on Mishneh Torah, Slaves 2:7:5"
"yekar-tiferet-on-mishneh-torah-slaves","Yekar Tiferet on Mishneh Torah, Slaves","tok-d275c0abe62a","דגוי","דגוי","Unresolved","","No lexical entry yet","true","1","Yekar Tiferet on Mishneh Torah, Slaves 9:5:1"
"yekar-tiferet-on-mishneh-torah-slaves","Yekar Tiferet on Mishneh Torah, Slaves","tok-1c740b7e2322","דגזירת","דגזירת","Unresolved","","No lexical entry yet","true","2","Yekar Tiferet on Mishneh Torah, Slaves 1:1:3; Yekar Tiferet on Mishneh Torah, Slaves 2:7:5"
"yekar-tiferet-on-mishneh-torah-slaves","Yekar Tiferet on Mishneh Torah, Slaves","tok-ad39c2b148cd","דגיטו","דגיטו","Unresolved","","No lexical entry yet","true","2","Yekar Tiferet on Mishneh Torah, Slaves 5:3:1"
"yekar-tiferet-on-mishneh-torah-slaves","Yekar Tiferet on Mishneh Torah, Slaves","tok-90fb00cf4764","דגיטי","דגיטי","Unresolved","","No lexical entry yet","true","1","Yekar Tiferet on Mishneh Torah, Slaves 6:5:1"
"yekar-tiferet-on-mishneh-torah-slaves","Yekar Tiferet on Mishneh Torah, Slaves","tok-62b3574779e6","דגיטין","דגיטינ","Unresolved","","No lexical entry yet","true","6","Yekar Tiferet on Mishneh Torah, Slaves 6:1:2; Yekar Tiferet on Mishneh Torah, Slaves 6:5:1; Yekar Tiferet on Mishneh Torah, Slaves 6:6:1; Yekar Tiferet on Mishneh Torah, Slaves 7:1:2; Yekar Tiferet on Mishneh Torah, Slaves 7:2:2"
"yekar-tiferet-on-mishneh-torah-slaves","Yekar Tiferet on Mishneh Torah, Slaves","tok-e56687996798","דגירי","דגירי","Unresolved","","No lexical entry yet","true","1","Yekar Tiferet on Mishneh Torah, Slaves 6:6:1"
"yekar-tiferet-on-mishneh-torah-slaves","Yekar Tiferet on Mishneh Torah, Slaves","tok-972443220622","דגלי","דגלי","Unresolved","","No lexical entry yet","true","1","Yekar Tiferet on Mishneh Torah, Slaves 4:4:1"
"yekar-tiferet-on-mishneh-torah-slaves","Yekar Tiferet on Mishneh Torah, Slaves","tok-83faa54b5ebd","דגמירי","דגמירי","Unresolved","","No lexical entry yet","true","1","Yekar Tiferet on Mishneh Torah, Slaves 1:3:1"
"yekar-tiferet-on-mishneh-torah-slaves","Yekar Tiferet on Mishneh Torah, Slaves","tok-7c39479b064e","דגמר","דגמר","Unresolved","","No lexical entry yet","true","2","Yekar Tiferet on Mishneh Torah, Slaves 5:5:1; Yekar Tiferet on Mishneh Torah, Slaves 7:4:1"
"yekar-tiferet-on-mishneh-torah-slaves","Yekar Tiferet on Mishneh Torah, Slaves","tok-a34835fa581a","דגרעון","דגרעונ","Unresolved","","No lexical entry yet","true","1","Yekar Tiferet on Mishneh Torah, Slaves 2:8:1"
"yekar-tiferet-on-mishneh-torah-slaves","Yekar Tiferet on Mishneh Torah, Slaves","tok-0afabfee548c","דדין","דדינ","Unresolved","","No lexical entry yet","true","3","Yekar Tiferet on Mishneh Torah, Slaves 5:5:3"
"yekar-tiferet-on-mishneh-torah-slaves","Yekar Tiferet on Mishneh Torah, Slaves","tok-4a0af29f9fca","דדינא","דדינא","Unresolved","","No lexical entry yet","true","2","Yekar Tiferet on Mishneh Torah, Slaves 1:8:2; Yekar Tiferet on Mishneh Torah, Slaves 6:5:2"
"yekar-tiferet-on-mishneh-torah-slaves","Yekar Tiferet on Mishneh Torah, Slaves","tok-a420c2906bee","דדמיו","דדמיו","Unresolved","","No lexical entry yet","true","1","Yekar Tiferet on Mishneh Torah, Slaves 4:6:1"
"yekar-tiferet-on-mishneh-torah-slaves","Yekar Tiferet on Mishneh Torah, Slaves","tok-96bbf5b8edb6","דדריש","דדריש","Unresolved","","No lexical entry yet","true","1","Yekar Tiferet on Mishneh Torah, Slaves 3:4:1"
"yekar-tiferet-on-mishneh-torah-slaves","Yekar Tiferet on Mishneh Torah, Slaves","tok-c4ba4393f106","דדרשינן","דדרשיננ","Unresolved","","No lexical entry yet","true","1","Yekar Tiferet on Mishneh Torah, Slaves 4:7:5"
"yekar-tiferet-on-mishneh-torah-slaves","Yekar Tiferet on Mishneh Torah, Slaves","tok-c1bec7161392","דה״ק","דה״ק","Unresolved","","No lexical entry yet","true","1","Yekar Tiferet on Mishneh Torah, Slaves 7:6:2"
"yekar-tiferet-on-mishneh-torah-slaves","Yekar Tiferet on Mishneh Torah, Slaves","tok-6c0b756618ed","דהאי","דהאי","Unresolved","","No lexical entry yet","true","2","Yekar Tiferet on Mishneh Torah, Slaves 6:3:1; Yekar Tiferet on Mishneh Torah, Slaves 6:6:1"
"yekar-tiferet-on-mishneh-torah-slaves","Yekar Tiferet on Mishneh Torah, Slaves","tok-287172a8cddf","דהאידנא","דהאידנא","Unresolved","","No lexical entry yet","true","1","Yekar Tiferet on Mishneh Torah, Slaves 5:17:1"
"yekar-tiferet-on-mishneh-torah-slaves","Yekar Tiferet on Mishneh Torah, Slaves","tok-5c647b677023","דהגיע","דהגיע","Unresolved","","No lexical entry yet","true","1","Yekar Tiferet on Mishneh Torah, Slaves 3:1:2"
"yekar-tiferet-on-mishneh-torah-slaves","Yekar Tiferet on Mishneh Torah, Slaves","tok-cb97afb32d0f","דהו״א","דהו״א","Unresolved","","No lexical entry yet","true","1","Yekar Tiferet on Mishneh Torah, Slaves 4:4:2"
"yekar-tiferet-on-mishneh-torah-slaves","Yekar Tiferet on Mishneh Torah, Slaves","tok-b3315906b64d","דהודאת","דהודאת","Unresolved","","No lexical entry yet","true","1","Yekar Tiferet on Mishneh Torah, Slaves 6:3:1"
"yekar-tiferet-on-mishneh-torah-slaves","Yekar Tiferet on Mishneh Torah, Slaves","tok-400beabf9993","דהוה","דהוה","Unresolved","","No lexical entry yet","true","4","Yekar Tiferet on Mishneh Torah, Slaves 4:3:2; Yekar Tiferet on Mishneh Torah, Slaves 5:14:1; Yekar Tiferet on Mishneh Torah, Slaves 7:2:2"
"yekar-tiferet-on-mishneh-torah-slaves","Yekar Tiferet on Mishneh Torah, Slaves","tok-f163e806c9c6","דהוו","דהוו","Unresolved","","No lexical entry yet","true","1","Yekar Tiferet on Mishneh Torah, Slaves 5:14:1"
"yekar-tiferet-on-mishneh-torah-slaves","Yekar Tiferet on Mishneh Torah, Slaves","tok-b1da4088b9ca","דהוי","דהוי","Unresolved","","No lexical entry yet","true","6","Yekar Tiferet on Mishneh Torah, Slaves 4:7:5; Yekar Tiferet on Mishneh Torah, Slaves 6:5:2; Yekar Tiferet on Mishneh Torah, Slaves 6:6:6; Yekar Tiferet on Mishneh Torah, Slaves 7:6:2; Yekar Tiferet on Mishneh Torah, Slaves 8:11:1"
"yekar-tiferet-on-mishneh-torah-slaves","Yekar Tiferet on Mishneh Torah, Slaves","tok-41f3adfb1eb4","דהכא","דהכא","Unresolved","","No lexical entry yet","true","3","Yekar Tiferet on Mishneh Torah, Slaves 2:8:2; Yekar Tiferet on Mishneh Torah, Slaves 5:13:1; Yekar Tiferet on Mishneh Torah, Slaves 5:13:2"
"yekar-tiferet-on-mishneh-torah-slaves","Yekar Tiferet on Mishneh Torah, Slaves","tok-b19a2e59e0c5","דהכי","דהכי","Unresolved","","No lexical entry yet","true","2","Yekar Tiferet on Mishneh Torah, Slaves 8:13:1; Yekar Tiferet on Mishneh Torah, Slaves 8:17:3"
"yekar-tiferet-on-mishneh-torah-slaves","Yekar Tiferet on Mishneh Torah, Slaves","tok-4aa0f8fd7239","דהכל","דהכל","Unresolved","","No lexical entry yet","true","2","Yekar Tiferet on Mishneh Torah, Slaves 8:10:1"
"yekar-tiferet-on-mishneh-torah-slaves","Yekar Tiferet on Mishneh Torah, Slaves","tok-331ef82f4c25","דהני","דהני","Unresolved","","No lexical entry yet","true","1","Yekar Tiferet on Mishneh Torah, Slaves 4:10:1"
"yekar-tiferet-on-mishneh-torah-slaves","Yekar Tiferet on Mishneh Torah, Slaves","tok-a9a3a69a8770","דהענק","דהענק","Unresolved","","No lexical entry yet","true","1","Yekar Tiferet on Mishneh Torah, Slaves 3:12:2"
"yekar-tiferet-on-mishneh-torah-slaves","Yekar Tiferet on Mishneh Torah, Slaves","tok-86f6d493b9b3","דהתם","דהתמ","Unresolved","","No lexical entry yet","true","2","Yekar Tiferet on Mishneh Torah, Slaves 3:14:4; Yekar Tiferet on Mishneh Torah, Slaves 5:14:1"
"yekar-tiferet-on-mishneh-torah-slaves","Yekar Tiferet on Mishneh Torah, Slaves","tok-ea7a06d17464","דואף","דואפ","Unresolved","","No lexical entry yet","true","1","Yekar Tiferet on Mishneh Torah, Slaves 4:4:2"
"yekar-tiferet-on-mishneh-torah-slaves","Yekar Tiferet on Mishneh Torah, Slaves","tok-a91f8a6742b7","דודו","דודו","Unresolved","","No lexical entry yet","true","2","Yekar Tiferet on Mishneh Torah, Slaves 2:7:2"
"yekar-tiferet-on-mishneh-torah-slaves","Yekar Tiferet on Mishneh Torah, Slaves","tok-88be60fc5b7b","דוחקיה","דוחקיה","Unresolved","","No lexical entry yet","true","1","Yekar Tiferet on Mishneh Torah, Slaves 4:13:2"
"yekar-tiferet-on-mishneh-torah-slaves","Yekar Tiferet on Mishneh Torah, Slaves","tok-41e8936f1ebd","דויצאה","דויצאה","Unresolved","","No lexical entry yet","true","1","Yekar Tiferet on Mishneh Torah, Slaves 4:9:2"
"yekar-tiferet-on-mishneh-torah-slaves","Yekar Tiferet on Mishneh Torah, Slaves","tok-e7ec98a07aeb","דוכתא","דוכתא","Unresolved","","No lexical entry yet","true","1","Yekar Tiferet on Mishneh Torah, Slaves 3:15:2"
"yekar-tiferet-on-mishneh-torah-slaves","Yekar Tiferet on Mishneh Torah, Slaves","tok-516212200ad8","דוכתי","דוכתי","Unresolved","","No lexical entry yet","true","1","Yekar Tiferet on Mishneh Torah, Slaves 9:4:1"
"yekar-tiferet-on-mishneh-torah-slaves","Yekar Tiferet on Mishneh Torah, Slaves","tok-cb1cd1197228","דומיא","דומיא","Unresolved","","No lexical entry yet","true","2","Yekar Tiferet on Mishneh Torah, Slaves 5:4:3; Yekar Tiferet on Mishneh Torah, Slaves 6:6:3"
"yekar-tiferet-on-mishneh-torah-slaves","Yekar Tiferet on Mishneh Torah, Slaves","tok-e595353b8dc0","דונמכר","דונמכר","Unresolved","","No lexical entry yet","true","1","Yekar Tiferet on Mishneh Torah, Slaves 1:1:4"
"yekar-tiferet-on-mishneh-torah-slaves","Yekar Tiferet on Mishneh Torah, Slaves","tok-4904eb3ec4e2","דוקר","דוקר","Unresolved","","No lexical entry yet","true","1","Yekar Tiferet on Mishneh Torah, Slaves 3:9:1"
"yekar-tiferet-on-mishneh-torah-slaves","Yekar Tiferet on Mishneh Torah, Slaves","tok-1e03aa758ed8","דזכות","דזכות","Unresolved","","No lexical entry yet","true","2","Yekar Tiferet on Mishneh Torah, Slaves 5:3:1; Yekar Tiferet on Mishneh Torah, Slaves 6:1:1"
"yekar-tiferet-on-mishneh-torah-slaves","Yekar Tiferet on Mishneh Torah, Slaves","tok-8ac76cdcac24","דזכין","דזכינ","Unresolved","","No lexical entry yet","true","1","Yekar Tiferet on Mishneh Torah, Slaves 5:3:1"
"yekar-tiferet-on-mishneh-torah-slaves","Yekar Tiferet on Mishneh Torah, Slaves","tok-76dbe6f28a29","דחבר","דחבר","Unresolved","","No lexical entry yet","true","1","Yekar Tiferet on Mishneh Torah, Slaves 6:6:3"
"yekar-tiferet-on-mishneh-torah-slaves","Yekar Tiferet on Mishneh Torah, Slaves","tok-90e2511d94d4","דחד","דחד","Unresolved","","No lexical entry yet","true","2","Yekar Tiferet on Mishneh Torah, Slaves 6:6:1; Yekar Tiferet on Mishneh Torah, Slaves 8:14:1"
"yekar-tiferet-on-mishneh-torah-slaves","Yekar Tiferet on Mishneh Torah, Slaves","tok-ad033ac0d8fb","דחדושא","דחדושא","Unresolved","","No lexical entry yet","true","1","Yekar Tiferet on Mishneh Torah, Slaves 3:4:2"
"yekar-tiferet-on-mishneh-torah-slaves","Yekar Tiferet on Mishneh Torah, Slaves","tok-cad4b84968b0","דחטטה","דחטטה","Unresolved","","No lexical entry yet","true","1","Yekar Tiferet on Mishneh Torah, Slaves 5:6:2"
"yekar-tiferet-on-mishneh-torah-slaves","Yekar Tiferet on Mishneh Torah, Slaves","tok-6e23e8d32262","דחייב","דחייב","Unresolved","","No lexical entry yet","true","1","Yekar Tiferet on Mishneh Torah, Slaves 3:1:3"
"yekar-tiferet-on-mishneh-torah-slaves","Yekar Tiferet on Mishneh Torah, Slaves","tok-78aed028d095","דחיקי","דחיקי","Unresolved","","No lexical entry yet","true","1","Yekar Tiferet on Mishneh Torah, Slaves 8:15:1"
"yekar-tiferet-on-mishneh-torah-slaves","Yekar Tiferet on Mishneh Torah, Slaves","tok-cf3006104708","דחירותא","דחירותא","Unresolved","","No lexical entry yet","true","1","Yekar Tiferet on Mishneh Torah, Slaves 8:11:1"
"yekar-tiferet-on-mishneh-torah-slaves","Yekar Tiferet on Mishneh Torah, Slaves","tok-3f8a3334770d","דחכמים","דחכמימ","Unresolved","","No lexical entry yet","true","3","Yekar Tiferet on Mishneh Torah, Slaves 5:3:2; Yekar Tiferet on Mishneh Torah, Slaves 6:2:1; Yekar Tiferet on Mishneh Torah, Slaves 8:15:1"
"yekar-tiferet-on-mishneh-torah-slaves","Yekar Tiferet on Mishneh Torah, Slaves","tok-e22261fef63a","דחליצה","דחליצה","Unresolved","","No lexical entry yet","true","1","Yekar Tiferet on Mishneh Torah, Slaves 4:13:4"
"yekar-tiferet-on-mishneh-torah-slaves","Yekar Tiferet on Mishneh Torah, Slaves","tok-bd2770df80ce","דחקיה","דחקיה","Unresolved","","No lexical entry yet","true","1","Yekar Tiferet on Mishneh Torah, Slaves 4:13:2"
"yekar-tiferet-on-mishneh-torah-slaves","Yekar Tiferet on Mishneh Torah, Slaves","tok-d34bddb5a5b6","דחרותא","דחרותא","Unresolved","","No lexical entry yet","true","1","Yekar Tiferet on Mishneh Torah, Slaves 8:10:1"
"yekar-tiferet-on-mishneh-torah-slaves","Yekar Tiferet on Mishneh Torah, Slaves","tok-82c77d800913","דחרש","דחרש","Unresolved","","No lexical entry yet","true","1","Yekar Tiferet on Mishneh Torah, Slaves 4:7:5"
"yekar-tiferet-on-mishneh-torah-slaves","Yekar Tiferet on Mishneh Torah, Slaves","tok-871b34604bbe","דחשידי","דחשידי","Unresolved","","No lexical entry yet","true","2","Yekar Tiferet on Mishneh Torah, Slaves 6:6:1"
"yekar-tiferet-on-mishneh-torah-slaves","Yekar Tiferet on Mishneh Torah, Slaves","tok-7fe45fda0858","דחתים","דחתימ","Unresolved","","No lexical entry yet","true","1","Yekar Tiferet on Mishneh Torah, Slaves 6:6:1"
"yekar-tiferet-on-mishneh-torah-slaves","Yekar Tiferet on Mishneh Torah, Slaves","tok-d7748b553a6c","דיבורא","דיבורא","Unresolved","","No lexical entry yet","true","1","Yekar Tiferet on Mishneh Torah, Slaves 7:2:2"
"yekar-tiferet-on-mishneh-torah-slaves","Yekar Tiferet on Mishneh Torah, Slaves","tok-5e97f21edda3","דיד","דיד","Unresolved","","No lexical entry yet","true","1","Yekar Tiferet on Mishneh Torah, Slaves 6:8:3"
"yekar-tiferet-on-mishneh-torah-slaves","Yekar Tiferet on Mishneh Torah, Slaves","tok-10805b6df0f9","דידה","דידה","Unresolved","","No lexical entry yet","true","3","Yekar Tiferet on Mishneh Torah, Slaves 4:7:5; Yekar Tiferet on Mishneh Torah, Slaves 4:13:4"
"yekar-tiferet-on-mishneh-torah-slaves","Yekar Tiferet on Mishneh Torah, Slaves","tok-cb9e73848d39","דידו","דידו","Unresolved","","No lexical entry yet","true","1","Yekar Tiferet on Mishneh Torah, Slaves 6:8:3"
"yekar-tiferet-on-mishneh-torah-slaves","Yekar Tiferet on Mishneh Torah, Slaves","tok-3e69a799e7da","דידן","דידנ","Unresolved","","No lexical entry yet","true","2","Yekar Tiferet on Mishneh Torah, Slaves 5:1:2; Yekar Tiferet on Mishneh Torah, Slaves 5:4:3"
"yekar-tiferet-on-mishneh-torah-slaves","Yekar Tiferet on Mishneh Torah, Slaves","tok-95fbecaf4068","דיהא","דיהא","Unresolved","","No lexical entry yet","true","1","Yekar Tiferet on Mishneh Torah, Slaves 4:3:1"
"yekar-tiferet-on-mishneh-torah-slaves","Yekar Tiferet on Mishneh Torah, Slaves","tok-d0ababd8ab96","דיהיב","דיהיב","Unresolved","","No lexical entry yet","true","1","Yekar Tiferet on Mishneh Torah, Slaves 1:8:2"
"yekar-tiferet-on-mishneh-torah-slaves","Yekar Tiferet on Mishneh Torah, Slaves","tok-74315785d6bc","דיוצאה","דיוצאה","Unresolved","","No lexical entry yet","true","2","Yekar Tiferet on Mishneh Torah, Slaves 4:9:2; Yekar Tiferet on Mishneh Torah, Slaves 4:14:1"
"yekar-tiferet-on-mishneh-torah-slaves","Yekar Tiferet on Mishneh Torah, Slaves","tok-5581fbc72802","דיליף","דיליפ","Unresolved","","No lexical entry yet","true","2","Yekar Tiferet on Mishneh Torah, Slaves 2:12:4; Yekar Tiferet on Mishneh Torah, Slaves 3:14:4"
"yekar-tiferet-on-mishneh-torah-slaves","Yekar Tiferet on Mishneh Torah, Slaves","tok-f29887b73550","דילמא","דילמא","Unresolved","","No lexical entry yet","true","1","Yekar Tiferet on Mishneh Torah, Slaves 3:1:3"
"yekar-tiferet-on-mishneh-torah-slaves","Yekar Tiferet on Mishneh Torah, Slaves","tok-96d39438f764","דילפינן","דילפיננ","Unresolved","","No lexical entry yet","true","2","Yekar Tiferet on Mishneh Torah, Slaves 4:3:2; Yekar Tiferet on Mishneh Torah, Slaves 7:6:2"
"yekar-tiferet-on-mishneh-torah-slaves","Yekar Tiferet on Mishneh Torah, Slaves","tok-ac987fe9f6b2","דימי","דימי","Unresolved","","No lexical entry yet","true","1","Yekar Tiferet on Mishneh Torah, Slaves 8:14:1"
"yekar-tiferet-on-mishneh-torah-slaves","Yekar Tiferet on Mishneh Torah, Slaves","tok-2b737acbe38b","דינא","דינא","Unresolved","","No lexical entry yet","true","7","Yekar Tiferet on Mishneh Torah, Slaves 1:8:2; Yekar Tiferet on Mishneh Torah, Slaves 4:13:2; Yekar Tiferet on Mishneh Torah, Slaves 6:5:2; Yekar Tiferet on Mishneh Torah, Slaves 9:4:1"
"yekar-tiferet-on-mishneh-torah-slaves","Yekar Tiferet on Mishneh Torah, Slaves","tok-cc9fc6cd5016","דינו","דינו","Unresolved","","No lexical entry yet","true","3","Yekar Tiferet on Mishneh Torah, Slaves 5:14:1; Yekar Tiferet on Mishneh Torah, Slaves 8:20:1"
"yekar-tiferet-on-mishneh-torah-slaves","Yekar Tiferet on Mishneh Torah, Slaves","tok-4bf9c3325833","דינים","דינימ","Unresolved","","No lexical entry yet","true","1","Yekar Tiferet on Mishneh Torah, Slaves 9:4:1"
"yekar-tiferet-on-mishneh-torah-slaves","Yekar Tiferet on Mishneh Torah, Slaves","tok-2ea81f890fb8","דינרים","דינרימ","Unresolved","","No lexical entry yet","true","8","Yekar Tiferet on Mishneh Torah, Slaves 2:8:1; Yekar Tiferet on Mishneh Torah, Slaves 2:8:2"
"yekar-tiferet-on-mishneh-torah-slaves","Yekar Tiferet on Mishneh Torah, Slaves","tok-3e2149023fa3","דיש","דיש","Unresolved","","No lexical entry yet","true","1","Yekar Tiferet on Mishneh Torah, Slaves 5:3:1"
"yekar-tiferet-on-mishneh-torah-slaves","Yekar Tiferet on Mishneh Torah, Slaves","tok-e5aea8f7b779","דכולה","דכולה","Unresolved","","No lexical entry yet","true","2","Yekar Tiferet on Mishneh Torah, Slaves 2:5:2; Yekar Tiferet on Mishneh Torah, Slaves 4:13:2"
"yekar-tiferet-on-mishneh-torah-slaves","Yekar Tiferet on Mishneh Torah, Slaves","tok-de4487750e30","דכופין","דכופינ","Unresolved","","No lexical entry yet","true","1","Yekar Tiferet on Mishneh Torah, Slaves 4:14:1"
"yekar-tiferet-on-mishneh-torah-slaves","Yekar Tiferet on Mishneh Torah, Slaves","tok-bdbeb8183776","דכותי","דכותי","Unresolved","","No lexical entry yet","true","3","Yekar Tiferet on Mishneh Torah, Slaves 6:6:1; Yekar Tiferet on Mishneh Torah, Slaves 6:6:3"
"yekar-tiferet-on-mishneh-torah-slaves","Yekar Tiferet on Mishneh Torah, Slaves","tok-3f69d155271c","דכי","דכי","Unresolved","","No lexical entry yet","true","2","Yekar Tiferet on Mishneh Torah, Slaves 1:3:1; Yekar Tiferet on Mishneh Torah, Slaves 2:2:1"
"yekar-tiferet-on-mishneh-torah-slaves","Yekar Tiferet on Mishneh Torah, Slaves","tok-06644c594cf8","דכיון","דכיונ","Unresolved","","No lexical entry yet","true","4","Yekar Tiferet on Mishneh Torah, Slaves 3:4:1; Yekar Tiferet on Mishneh Torah, Slaves 3:8:2; Yekar Tiferet on Mishneh Torah, Slaves 4:9:1; Yekar Tiferet on Mishneh Torah, Slaves 8:15:3"
"yekar-tiferet-on-mishneh-torah-slaves","Yekar Tiferet on Mishneh Torah, Slaves","tok-7d107276b287","דכל","דכל","Unresolved","","No lexical entry yet","true","3","Yekar Tiferet on Mishneh Torah, Slaves 1:2:1; Yekar Tiferet on Mishneh Torah, Slaves 3:15:2; Yekar Tiferet on Mishneh Torah, Slaves 4:13:2"
"yekar-tiferet-on-mishneh-torah-slaves","Yekar Tiferet on Mishneh Torah, Slaves","tok-ab589997ecb1","דכשם","דכשמ","Unresolved","","No lexical entry yet","true","1","Yekar Tiferet on Mishneh Torah, Slaves 8:15:2"
"yekar-tiferet-on-mishneh-torah-slaves","Yekar Tiferet on Mishneh Torah, Slaves","tok-0abc22c7b2f9","דכתב","דכתב","Unresolved","","No lexical entry yet","true","3","Yekar Tiferet on Mishneh Torah, Slaves 3:13:1; Yekar Tiferet on Mishneh Torah, Slaves 6:4:1; Yekar Tiferet on Mishneh Torah, Slaves 8:11:1"
"yekar-tiferet-on-mishneh-torah-slaves","Yekar Tiferet on Mishneh Torah, Slaves","tok-acc42e9d2c5a","דכתובות","דכתובות","Unresolved","","No lexical entry yet","true","1","Yekar Tiferet on Mishneh Torah, Slaves 8:9:1"
"yekar-tiferet-on-mishneh-torah-slaves","Yekar Tiferet on Mishneh Torah, Slaves","tok-097059ff5225","דכתיב","דכתיב","Unresolved","","No lexical entry yet","true","28","Yekar Tiferet on Mishneh Torah, Slaves 2:5:2; Yekar Tiferet on Mishneh Torah, Slaves 2:7:2; Yekar Tiferet on Mishneh Torah, Slaves 2:8:2; Yekar Tiferet on Mishneh Torah, Slaves 2:12:2; Yekar Tiferet on Mishneh Torah, Slaves 3:1:2"
"yekar-tiferet-on-mishneh-torah-slaves","Yekar Tiferet on Mishneh Torah, Slaves","tok-eb820b608ebf","דלאו","דלאו","Unresolved","","No lexical entry yet","true","4","Yekar Tiferet on Mishneh Torah, Slaves 2:12:2; Yekar Tiferet on Mishneh Torah, Slaves 3:1:3; Yekar Tiferet on Mishneh Torah, Slaves 3:14:1; Yekar Tiferet on Mishneh Torah, Slaves 7:1:2"
"yekar-tiferet-on-mishneh-torah-slaves","Yekar Tiferet on Mishneh Torah, Slaves","tok-e0ba1e319da6","דלאפרושי","דלאפרושי","Unresolved","","No lexical entry yet","true","1","Yekar Tiferet on Mishneh Torah, Slaves 3:5:3"
"yekar-tiferet-on-mishneh-torah-slaves","Yekar Tiferet on Mishneh Torah, Slaves","tok-461ddfcb4e47","דלגבי","דלגבי","Unresolved","","No lexical entry yet","true","2","Yekar Tiferet on Mishneh Torah, Slaves 4:11:1; Yekar Tiferet on Mishneh Torah, Slaves 6:1:2"
"yekar-tiferet-on-mishneh-torah-slaves","Yekar Tiferet on Mishneh Torah, Slaves","tok-58ddf7338e66","דלגר","דלגר","Unresolved","","No lexical entry yet","true","1","Yekar Tiferet on Mishneh Torah, Slaves 1:3:1"
"yekar-tiferet-on-mishneh-torah-slaves","Yekar Tiferet on Mishneh Torah, Slaves","tok-5dcf5c3284f8","דלהכי","דלהכי","Unresolved","","No lexical entry yet","true","1","Yekar Tiferet on Mishneh Torah, Slaves 2:1:1"
"yekar-tiferet-on-mishneh-torah-slaves","Yekar Tiferet on Mishneh Torah, Slaves","tok-88108b05428a","דליכא","דליכא","Unresolved","","No lexical entry yet","true","1","Yekar Tiferet on Mishneh Torah, Slaves 9:6:2"
"yekar-tiferet-on-mishneh-torah-slaves","Yekar Tiferet on Mishneh Torah, Slaves","tok-768ada78ed7b","דליפשו","דליפשו","Unresolved","","No lexical entry yet","true","1","Yekar Tiferet on Mishneh Torah, Slaves 8:10:1"
"yekar-tiferet-on-mishneh-torah-slaves","Yekar Tiferet on Mishneh Torah, Slaves","tok-a7834cf4a71b","דלישנא","דלישנא","Unresolved","","No lexical entry yet","true","2","Yekar Tiferet on Mishneh Torah, Slaves 4:13:2; Yekar Tiferet on Mishneh Torah, Slaves 6:4:1"
"yekar-tiferet-on-mishneh-torah-slaves","Yekar Tiferet on Mishneh Torah, Slaves","tok-7a940ab1026d","דלית","דלית","Unresolved","","No lexical entry yet","true","2","Yekar Tiferet on Mishneh Torah, Slaves 4:12:1"
"yekar-tiferet-on-mishneh-torah-slaves","Yekar Tiferet on Mishneh Torah, Slaves","tok-af6fad5db443","דליתא","דליתא","Unresolved","","No lexical entry yet","true","2","Yekar Tiferet on Mishneh Torah, Slaves 6:6:5; Yekar Tiferet on Mishneh Torah, Slaves 8:14:1"
"yekar-tiferet-on-mishneh-torah-slaves","Yekar Tiferet on Mishneh Torah, Slaves","tok-6c5e4e4282ff","דליתיה","דליתיה","Unresolved","","No lexical entry yet","true","2","Yekar Tiferet on Mishneh Torah, Slaves 5:1:1; Yekar Tiferet on Mishneh Torah, Slaves 6:7:1"
"yekar-tiferet-on-mishneh-torah-slaves","Yekar Tiferet on Mishneh Torah, Slaves","tok-894ef88a7ce5","דליתנהו","דליתנהו","Unresolved","","No lexical entry yet","true","1","Yekar Tiferet on Mishneh Torah, Slaves 2:8:2"
"yekar-tiferet-on-mishneh-torah-slaves","Yekar Tiferet on Mishneh Torah, Slaves","tok-17b81cf74c34","דלכבד","דלכבד","Unresolved","","No lexical entry yet","true","1","Yekar Tiferet on Mishneh Torah, Slaves 1:3:3"
"yekar-tiferet-on-mishneh-torah-slaves","Yekar Tiferet on Mishneh Torah, Slaves","tok-2038a0e32040","דלעיל","דלעיל","Unresolved","","No lexical entry yet","true","1","Yekar Tiferet on Mishneh Torah, Slaves 5:13:1"
"yekar-tiferet-on-mishneh-torah-slaves","Yekar Tiferet on Mishneh Torah, Slaves","tok-b671b7453f0f","דלענין","דלענינ","Unresolved","","No lexical entry yet","true","1","Yekar Tiferet on Mishneh Torah, Slaves 9:3:1"
"yekar-tiferet-on-mishneh-torah-slaves","Yekar Tiferet on Mishneh Torah, Slaves","tok-060d52fede61","דלשון","דלשונ","Unresolved","","No lexical entry yet","true","1","Yekar Tiferet on Mishneh Torah, Slaves 5:4:4"
"yekar-tiferet-on-mishneh-torah-slaves","Yekar Tiferet on Mishneh Torah, Slaves","tok-660d10bf7a41","דלת","דלת","Unresolved","","No lexical entry yet","true","1","Yekar Tiferet on Mishneh Torah, Slaves 3:9:2"
"yekar-tiferet-on-mishneh-torah-slaves","Yekar Tiferet on Mishneh Torah, Slaves","tok-60964bc24dcb","דמאי","דמאי","Unresolved","","No lexical entry yet","true","1","Yekar Tiferet on Mishneh Torah, Slaves 3:13:1"
"yekar-tiferet-on-mishneh-torah-slaves","Yekar Tiferet on Mishneh Torah, Slaves","tok-93b745b4c977","דמגו","דמגו","Unresolved","","No lexical entry yet","true","1","Yekar Tiferet on Mishneh Torah, Slaves 4:6:1"
"yekar-tiferet-on-mishneh-torah-slaves","Yekar Tiferet on Mishneh Torah, Slaves","tok-787b01572820","דמהני","דמהני","Unresolved","","No lexical entry yet","true","1","Yekar Tiferet on Mishneh Torah, Slaves 5:3:3"
"yekar-tiferet-on-mishneh-torah-slaves","Yekar Tiferet on Mishneh Torah, Slaves","tok-3c30c3bdd1f9","דמוכר","דמוכר","Unresolved","","No lexical entry yet","true","2","Yekar Tiferet on Mishneh Torah, Slaves 4:3:2; Yekar Tiferet on Mishneh Torah, Slaves 4:13:2"
"yekar-tiferet-on-mishneh-torah-slaves","Yekar Tiferet on Mishneh Torah, Slaves","tok-8af138b1897c","דמותר","דמותר","Unresolved","","No lexical entry yet","true","1","Yekar Tiferet on Mishneh Torah, Slaves 1:8:2"
"yekar-tiferet-on-mishneh-torah-slaves","Yekar Tiferet on Mishneh Torah, Slaves","tok-b3429cc53ac3","דמי","דמי","Unresolved","","No lexical entry yet","true","13","Yekar Tiferet on Mishneh Torah, Slaves 2:2:1; Yekar Tiferet on Mishneh Torah, Slaves 4:6:1; Yekar Tiferet on Mishneh Torah, Slaves 5:14:1; Yekar Tiferet on Mishneh Torah, Slaves 6:1:2; Yekar Tiferet on Mishneh Torah, Slaves 7:2:1"
"yekar-tiferet-on-mishneh-torah-slaves","Yekar Tiferet on Mishneh Torah, Slaves","tok-f5c04d33db07","דמיה","דמיה","Unresolved","","No lexical entry yet","true","1","Yekar Tiferet on Mishneh Torah, Slaves 9:6:3"
"yekar-tiferet-on-mishneh-torah-slaves","Yekar Tiferet on Mishneh Torah, Slaves","tok-70575d821219","דמילתא","דמילתא","Unresolved","","No lexical entry yet","true","5","Yekar Tiferet on Mishneh Torah, Slaves 4:3:2; Yekar Tiferet on Mishneh Torah, Slaves 4:13:2; Yekar Tiferet on Mishneh Torah, Slaves 5:3:1; Yekar Tiferet on Mishneh Torah, Slaves 7:6:1; Yekar Tiferet on Mishneh Torah, Slaves 9:3:1"
"yekar-tiferet-on-mishneh-torah-slaves","Yekar Tiferet on Mishneh Torah, Slaves","tok-9691ad96e0de","דמכירת","דמכירת","Unresolved","","No lexical entry yet","true","1","Yekar Tiferet on Mishneh Torah, Slaves 4:10:1"
"yekar-tiferet-on-mishneh-torah-slaves","Yekar Tiferet on Mishneh Torah, Slaves","tok-f9549279c96d","דמכרוהו","דמכרוהו","Unresolved","","No lexical entry yet","true","1","Yekar Tiferet on Mishneh Torah, Slaves 3:12:2"
"yekar-tiferet-on-mishneh-torah-slaves","Yekar Tiferet on Mishneh Torah, Slaves","tok-57aedcef61a5","דמכשיר","דמכשיר","Unresolved","","No lexical entry yet","true","1","Yekar Tiferet on Mishneh Torah, Slaves 6:6:1"
"yekar-tiferet-on-mishneh-torah-slaves","Yekar Tiferet on Mishneh Torah, Slaves","tok-c3e35ad2c657","דמלכותא","דמלכותא","Unresolved","","No lexical entry yet","true","4","Yekar Tiferet on Mishneh Torah, Slaves 1:8:2; Yekar Tiferet on Mishneh Torah, Slaves 6:5:2; Yekar Tiferet on Mishneh Torah, Slaves 9:4:1"
"yekar-tiferet-on-mishneh-torah-slaves","Yekar Tiferet on Mishneh Torah, Slaves","tok-57a9931b6bff","דמנה","דמנה","Unresolved","","No lexical entry yet","true","1","Yekar Tiferet on Mishneh Torah, Slaves 5:1:2"
"yekar-tiferet-on-mishneh-torah-slaves","Yekar Tiferet on Mishneh Torah, Slaves","tok-1279f3c38a0f","דמני","דמני","Unresolved","","No lexical entry yet","true","1","Yekar Tiferet on Mishneh Torah, Slaves 5:5:2"
"yekar-tiferet-on-mishneh-torah-slaves","Yekar Tiferet on Mishneh Torah, Slaves","tok-2fb981960d2c","דמסתבר","דמסתבר","Unresolved","","No lexical entry yet","true","1","Yekar Tiferet on Mishneh Torah, Slaves 3:1:4"
"yekar-tiferet-on-mishneh-torah-slaves","Yekar Tiferet on Mishneh Torah, Slaves","tok-c8348ef0280c","דמעות","דמעות","Unresolved","","No lexical entry yet","true","3","Yekar Tiferet on Mishneh Torah, Slaves 4:7:3; Yekar Tiferet on Mishneh Torah, Slaves 4:15:1"
"yekar-tiferet-on-mishneh-torah-slaves","Yekar Tiferet on Mishneh Torah, Slaves","tok-40f8b0ba3c28","דמעלה","דמעלה","Unresolved","","No lexical entry yet","true","1","Yekar Tiferet on Mishneh Torah, Slaves 4:10:1"
"yekar-tiferet-on-mishneh-torah-slaves","Yekar Tiferet on Mishneh Torah, Slaves","tok-ee77d6fe19e9","דמפקיעין","דמפקיעינ","Unresolved","","No lexical entry yet","true","1","Yekar Tiferet on Mishneh Torah, Slaves 8:11:1"
"yekar-tiferet-on-mishneh-torah-slaves","Yekar Tiferet on Mishneh Torah, Slaves","tok-c0f6fc4ba7ff","דמצוה","דמצוה","Unresolved","","No lexical entry yet","true","1","Yekar Tiferet on Mishneh Torah, Slaves 8:15:3"
"yekar-tiferet-on-mishneh-torah-slaves","Yekar Tiferet on Mishneh Torah, Slaves","tok-ce44c449aea9","דמצות","דמצות","Unresolved","","No lexical entry yet","true","1","Yekar Tiferet on Mishneh Torah, Slaves 1:10:1"
"yekar-tiferet-on-mishneh-torah-slaves","Yekar Tiferet on Mishneh Torah, Slaves","tok-b9fd74f4bcf8","דמצי","דמצי","Unresolved","","No lexical entry yet","true","1","Yekar Tiferet on Mishneh Torah, Slaves 4:13:4"
"yekar-tiferet-on-mishneh-torah-slaves","Yekar Tiferet on Mishneh Torah, Slaves","tok-5e484a13afbf","דמקבל","דמקבל","Unresolved","","No lexical entry yet","true","1","Yekar Tiferet on Mishneh Torah, Slaves 6:8:3"
"yekar-tiferet-on-mishneh-torah-slaves","Yekar Tiferet on Mishneh Torah, Slaves","tok-a00686390b7e","דמקני","דמקני","Unresolved","","No lexical entry yet","true","3","Yekar Tiferet on Mishneh Torah, Slaves 1:3:1"
"yekar-tiferet-on-mishneh-torah-slaves","Yekar Tiferet on Mishneh Torah, Slaves","tok-e7a1e01f614e","דמרבינן","דמרביננ","Unresolved","","No lexical entry yet","true","1","Yekar Tiferet on Mishneh Torah, Slaves 2:12:2"
"yekar-tiferet-on-mishneh-torah-slaves","Yekar Tiferet on Mishneh Torah, Slaves","tok-efeeb6b6f501","דמשחרר","דמשחרר","Unresolved","","No lexical entry yet","true","1","Yekar Tiferet on Mishneh Torah, Slaves 5:3:3"
"yekar-tiferet-on-mishneh-torah-slaves","Yekar Tiferet on Mishneh Torah, Slaves","tok-68f3fc5e2cc2","דמשכחת","דמשכחת","Unresolved","","No lexical entry yet","true","1","Yekar Tiferet on Mishneh Torah, Slaves 5:1:1"
"yekar-tiferet-on-mishneh-torah-slaves","Yekar Tiferet on Mishneh Torah, Slaves","tok-e112e709184b","דמשמע","דמשמע","Unresolved","","No lexical entry yet","true","3","Yekar Tiferet on Mishneh Torah, Slaves 4:7:3; Yekar Tiferet on Mishneh Torah, Slaves 5:3:3; Yekar Tiferet on Mishneh Torah, Slaves 8:11:1"
"yekar-tiferet-on-mishneh-torah-slaves","Yekar Tiferet on Mishneh Torah, Slaves","tok-e25666d484eb","דמשני","דמשני","Unresolved","","No lexical entry yet","true","1","Yekar Tiferet on Mishneh Torah, Slaves 9:6:2"
"yekar-tiferet-on-mishneh-torah-slaves","Yekar Tiferet on Mishneh Torah, Slaves","tok-0875fcea871d","דמשפחת","דמשפחת","Unresolved","","No lexical entry yet","true","1","Yekar Tiferet on Mishneh Torah, Slaves 1:2:2"
"yekar-tiferet-on-mishneh-torah-slaves","Yekar Tiferet on Mishneh Torah, Slaves","tok-2d56610995b4","דמתני׳","דמתני׳","Unresolved","","No lexical entry yet","true","3","Yekar Tiferet on Mishneh Torah, Slaves 5:1:1; Yekar Tiferet on Mishneh Torah, Slaves 5:4:3"
"yekar-tiferet-on-mishneh-torah-slaves","Yekar Tiferet on Mishneh Torah, Slaves","tok-9b5e6fef27b0","דנהוג","דנהוג","Unresolved","","No lexical entry yet","true","1","Yekar Tiferet on Mishneh Torah, Slaves 9:6:3"
"yekar-tiferet-on-mishneh-torah-slaves","Yekar Tiferet on Mishneh Torah, Slaves","tok-8d77c2b0f2ee","דנהי","דנהי","Unresolved","","No lexical entry yet","true","1","Yekar Tiferet on Mishneh Torah, Slaves 5:1:2"
"yekar-tiferet-on-mishneh-torah-slaves","Yekar Tiferet on Mishneh Torah, Slaves","tok-b63e1196f97f","דנוהגים","דנוהגימ","Unresolved","","No lexical entry yet","true","1","Yekar Tiferet on Mishneh Torah, Slaves 3:7:2"
"yekar-tiferet-on-mishneh-torah-slaves","Yekar Tiferet on Mishneh Torah, Slaves","tok-e9e47d2a26e2","דנחית","דנחית","Unresolved","","No lexical entry yet","true","1","Yekar Tiferet on Mishneh Torah, Slaves 5:1:1"
"yekar-tiferet-on-mishneh-torah-slaves","Yekar Tiferet on Mishneh Torah, Slaves","tok-7965dec4cb40","דנפקא","דנפקא","Unresolved","","No lexical entry yet","true","1","Yekar Tiferet on Mishneh Torah, Slaves 7:4:2"
"yekar-tiferet-on-mishneh-torah-slaves","Yekar Tiferet on Mishneh Torah, Slaves","tok-25c0880eb989","דנקט","דנקט","Unresolved","","No lexical entry yet","true","1","Yekar Tiferet on Mishneh Torah, Slaves 8:8:1"
"yekar-tiferet-on-mishneh-torah-slaves","Yekar Tiferet on Mishneh Torah, Slaves","tok-b653e20c0d78","דנתכוון","דנתכוונ","Unresolved","","No lexical entry yet","true","1","Yekar Tiferet on Mishneh Torah, Slaves 5:12:1"
"yekar-tiferet-on-mishneh-torah-slaves","Yekar Tiferet on Mishneh Torah, Slaves","tok-9e98d61d43c7","דנתמעטה","דנתמעטה","Unresolved","","No lexical entry yet","true","1","Yekar Tiferet on Mishneh Torah, Slaves 4:4:2"
"yekar-tiferet-on-mishneh-torah-slaves","Yekar Tiferet on Mishneh Torah, Slaves","tok-c3009499b00f","דסבר","דסבר","Unresolved","","No lexical entry yet","true","2","Yekar Tiferet on Mishneh Torah, Slaves 5:1:2; Yekar Tiferet on Mishneh Torah, Slaves 5:4:3"
"yekar-tiferet-on-mishneh-torah-slaves","Yekar Tiferet on Mishneh Torah, Slaves","tok-2dc8a6b841bd","דסד״א","דסד״א","Unresolved","","No lexical entry yet","true","4","Yekar Tiferet on Mishneh Torah, Slaves 1:10:1; Yekar Tiferet on Mishneh Torah, Slaves 4:7:1; Yekar Tiferet on Mishneh Torah, Slaves 4:11:1; Yekar Tiferet on Mishneh Torah, Slaves 5:3:3"
"yekar-tiferet-on-mishneh-torah-slaves","Yekar Tiferet on Mishneh Torah, Slaves","tok-1ff49d63ab69","דסובר","דסובר","Unresolved","","No lexical entry yet","true","1","Yekar Tiferet on Mishneh Torah, Slaves 1:2:2"
"yekar-tiferet-on-mishneh-torah-slaves","Yekar Tiferet on Mishneh Torah, Slaves","tok-8f5f7c024989","דסיפא","דסיפא","Unresolved","","No lexical entry yet","true","1","Yekar Tiferet on Mishneh Torah, Slaves 7:5:1"
"yekar-tiferet-on-mishneh-torah-slaves","Yekar Tiferet on Mishneh Torah, Slaves","tok-4495906003f8","דסתם","דסתמ","Unresolved","","No lexical entry yet","true","1","Yekar Tiferet on Mishneh Torah, Slaves 5:5:1"
"yekar-tiferet-on-mishneh-torah-slaves","Yekar Tiferet on Mishneh Torah, Slaves","tok-32501edb4253","דעבד","דעבד","Unresolved","","No lexical entry yet","true","3","Yekar Tiferet on Mishneh Torah, Slaves 4:3:1; Yekar Tiferet on Mishneh Torah, Slaves 7:2:1; Yekar Tiferet on Mishneh Torah, Slaves 7:4:2"
"yekar-tiferet-on-mishneh-torah-slaves","Yekar Tiferet on Mishneh Torah, Slaves","tok-696464090b92","דעבדי","דעבדי","Unresolved","","No lexical entry yet","true","1","Yekar Tiferet on Mishneh Torah, Slaves 8:14:1"
"yekar-tiferet-on-mishneh-torah-slaves","Yekar Tiferet on Mishneh Torah, Slaves","tok-bbc401a5309d","דעביד","דעביד","Unresolved","","No lexical entry yet","true","1","Yekar Tiferet on Mishneh Torah, Slaves 3:14:3"
"yekar-tiferet-on-mishneh-torah-slaves","Yekar Tiferet on Mishneh Torah, Slaves","tok-a22006b429c4","דעדיף","דעדיפ","Unresolved","","No lexical entry yet","true","1","Yekar Tiferet on Mishneh Torah, Slaves 8:10:1"
"yekar-tiferet-on-mishneh-torah-slaves","Yekar Tiferet on Mishneh Torah, Slaves","tok-000523173ba1","דעובד","דעובד","Unresolved","","No lexical entry yet","true","1","Yekar Tiferet on Mishneh Torah, Slaves 2:12:2"
"yekar-tiferet-on-mishneh-torah-slaves","Yekar Tiferet on Mishneh Torah, Slaves","tok-7fae7195a74f","דעובר","דעובר","Unresolved","","No lexical entry yet","true","2","Yekar Tiferet on Mishneh Torah, Slaves 7:5:1"
"yekar-tiferet-on-mishneh-torah-slaves","Yekar Tiferet on Mishneh Torah, Slaves","tok-6167994c1b3a","דעיקר","דעיקר","Unresolved","","No lexical entry yet","true","1","Yekar Tiferet on Mishneh Torah, Slaves 4:13:4"
"yekar-tiferet-on-mishneh-torah-slaves","Yekar Tiferet on Mishneh Torah, Slaves","tok-63d70cd1c111","דעלמא","דעלמא","Unresolved","","No lexical entry yet","true","9","Yekar Tiferet on Mishneh Torah, Slaves 4:10:1; Yekar Tiferet on Mishneh Torah, Slaves 4:13:2; Yekar Tiferet on Mishneh Torah, Slaves 4:13:3; Yekar Tiferet on Mishneh Torah, Slaves 4:13:4; Yekar Tiferet on Mishneh Torah, Slaves 6:7:3"
"yekar-tiferet-on-mishneh-torah-slaves","Yekar Tiferet on Mishneh Torah, Slaves","tok-cba346566339","דעקר","דעקר","Unresolved","","No lexical entry yet","true","2","Yekar Tiferet on Mishneh Torah, Slaves 1:3:2"
"yekar-tiferet-on-mishneh-torah-slaves","Yekar Tiferet on Mishneh Torah, Slaves","tok-166ad7ef4e2e","דערכין","דערכינ","Unresolved","","No lexical entry yet","true","1","Yekar Tiferet on Mishneh Torah, Slaves 2:6:1"
"yekar-tiferet-on-mishneh-torah-slaves","Yekar Tiferet on Mishneh Torah, Slaves","tok-aa0eabb25a19","דערק","דערק","Unresolved","","No lexical entry yet","true","1","Yekar Tiferet on Mishneh Torah, Slaves 8:10:1"
"yekar-tiferet-on-mishneh-torah-slaves","Yekar Tiferet on Mishneh Torah, Slaves","tok-af02cdc2630c","דעתה","דעתה","Unresolved","","No lexical entry yet","true","2","Yekar Tiferet on Mishneh Torah, Slaves 6:4:1"
"yekar-tiferet-on-mishneh-torah-slaves","Yekar Tiferet on Mishneh Torah, Slaves","tok-9ca5b3844530","דף","דפ","Unresolved","","No lexical entry yet","true","1","Yekar Tiferet on Mishneh Torah, Slaves 1:8:2"
"yekar-tiferet-on-mishneh-torah-slaves","Yekar Tiferet on Mishneh Torah, Slaves","tok-2f7712a915f2","דפ׳","דפ׳","Unresolved","","No lexical entry yet","true","1","Yekar Tiferet on Mishneh Torah, Slaves 1:8:2"
"yekar-tiferet-on-mishneh-torah-slaves","Yekar Tiferet on Mishneh Torah, Slaves","tok-227c09ae595c","דפסק","דפסק","Unresolved","","No lexical entry yet","true","2","Yekar Tiferet on Mishneh Torah, Slaves 5:4:4"
"yekar-tiferet-on-mishneh-torah-slaves","Yekar Tiferet on Mishneh Torah, Slaves","tok-d529a5d455d5","דפרק","דפרק","Unresolved","","No lexical entry yet","true","2","Yekar Tiferet on Mishneh Torah, Slaves 1:8:2; Yekar Tiferet on Mishneh Torah, Slaves 5:14:1"
"yekar-tiferet-on-mishneh-torah-slaves","Yekar Tiferet on Mishneh Torah, Slaves","tok-8b3b4141eefb","דפשטא","דפשטא","Unresolved","","No lexical entry yet","true","1","Yekar Tiferet on Mishneh Torah, Slaves 9:3:1"
"yekar-tiferet-on-mishneh-torah-slaves","Yekar Tiferet on Mishneh Torah, Slaves","tok-9d491632a152","דפשטיה","דפשטיה","Unresolved","","No lexical entry yet","true","1","Yekar Tiferet on Mishneh Torah, Slaves 4:10:1"
"yekar-tiferet-on-mishneh-torah-slaves","Yekar Tiferet on Mishneh Torah, Slaves","tok-4c8f45e247db","דפשיטא","דפשיטא","Unresolved","","No lexical entry yet","true","3","Yekar Tiferet on Mishneh Torah, Slaves 3:1:3; Yekar Tiferet on Mishneh Torah, Slaves 5:3:1; Yekar Tiferet on Mishneh Torah, Slaves 8:13:1"
"yekar-tiferet-on-mishneh-torah-slaves","Yekar Tiferet on Mishneh Torah, Slaves","tok-19db9eb8030e","דצריך","דצריכ","Unresolved","","No lexical entry yet","true","1","Yekar Tiferet on Mishneh Torah, Slaves 5:1:2"
"yekar-tiferet-on-mishneh-torah-slaves","Yekar Tiferet on Mishneh Torah, Slaves","tok-d84990c18521","דקאמר","דקאמר","Unresolved","","No lexical entry yet","true","1","Yekar Tiferet on Mishneh Torah, Slaves 7:1:2"
"yekar-tiferet-on-mishneh-torah-slaves","Yekar Tiferet on Mishneh Torah, Slaves","tok-74eef0731de4","דקדושין","דקדושינ","Unresolved","","No lexical entry yet","true","22","Yekar Tiferet on Mishneh Torah, Slaves 2:2:1; Yekar Tiferet on Mishneh Torah, Slaves 2:5:2; Yekar Tiferet on Mishneh Torah, Slaves 2:9:1; Yekar Tiferet on Mishneh Torah, Slaves 2:11:1; Yekar Tiferet on Mishneh Torah, Slaves 2:12:1"
"yekar-tiferet-on-mishneh-torah-slaves","Yekar Tiferet on Mishneh Torah, Slaves","tok-c47cd2ea7ace","דקדקתי","דקדקתי","Unresolved","","No lexical entry yet","true","1","Yekar Tiferet on Mishneh Torah, Slaves 5:14:1"
"yekar-tiferet-on-mishneh-torah-slaves","Yekar Tiferet on Mishneh Torah, Slaves","tok-aadff45df0e5","דקטנים","דקטנימ","Unresolved","","No lexical entry yet","true","1","Yekar Tiferet on Mishneh Torah, Slaves 3:1:3"
"yekar-tiferet-on-mishneh-torah-slaves","Yekar Tiferet on Mishneh Torah, Slaves","tok-048ffbfe97f1","דקי״ל","דקי״ל","Unresolved","","No lexical entry yet","true","6","Yekar Tiferet on Mishneh Torah, Slaves 1:6:2; Yekar Tiferet on Mishneh Torah, Slaves 2:7:2; Yekar Tiferet on Mishneh Torah, Slaves 3:4:1; Yekar Tiferet on Mishneh Torah, Slaves 3:9:3; Yekar Tiferet on Mishneh Torah, Slaves 4:4:1"
"yekar-tiferet-on-mishneh-torah-slaves","Yekar Tiferet on Mishneh Torah, Slaves","tok-8c353f9ae267","דקידושין","דקידושינ","Unresolved","","No lexical entry yet","true","1","Yekar Tiferet on Mishneh Torah, Slaves 4:3:2"
"yekar-tiferet-on-mishneh-torah-slaves","Yekar Tiferet on Mishneh Torah, Slaves","tok-b50b3540fb2c","דקיום","דקיומ","Unresolved","","No lexical entry yet","true","1","Yekar Tiferet on Mishneh Torah, Slaves 7:2:1"
"yekar-tiferet-on-mishneh-torah-slaves","Yekar Tiferet on Mishneh Torah, Slaves","tok-51f3ffe5e708","דקיי״ל","דקיי״ל","Unresolved","","No lexical entry yet","true","2","Yekar Tiferet on Mishneh Torah, Slaves 4:10:1; Yekar Tiferet on Mishneh Torah, Slaves 5:3:2"
"yekar-tiferet-on-mishneh-torah-slaves","Yekar Tiferet on Mishneh Torah, Slaves","tok-4c4c66dde188","דקני","דקני","Unresolved","","No lexical entry yet","true","2","Yekar Tiferet on Mishneh Torah, Slaves 9:5:1"
"yekar-tiferet-on-mishneh-torah-slaves","Yekar Tiferet on Mishneh Torah, Slaves","tok-dd857bb1b37c","דקנסת","דקנסת","Unresolved","","No lexical entry yet","true","1","Yekar Tiferet on Mishneh Torah, Slaves 8:6:1"
"yekar-tiferet-on-mishneh-torah-slaves","Yekar Tiferet on Mishneh Torah, Slaves","tok-bd44464d9c46","דקרא","דקרא","Unresolved","","No lexical entry yet","true","5","Yekar Tiferet on Mishneh Torah, Slaves 2:12:2; Yekar Tiferet on Mishneh Torah, Slaves 3:4:1; Yekar Tiferet on Mishneh Torah, Slaves 3:12:2; Yekar Tiferet on Mishneh Torah, Slaves 4:10:1; Yekar Tiferet on Mishneh Torah, Slaves 8:13:1"
"yekar-tiferet-on-mishneh-torah-slaves","Yekar Tiferet on Mishneh Torah, Slaves","tok-77d4bcf78b23","דקראי","דקראי","Unresolved","","No lexical entry yet","true","1","Yekar Tiferet on Mishneh Torah, Slaves 2:2:1"
"yekar-tiferet-on-mishneh-torah-slaves","Yekar Tiferet on Mishneh Torah, Slaves","tok-4058ba517f6b","דקרי","דקרי","Unresolved","","No lexical entry yet","true","1","Yekar Tiferet on Mishneh Torah, Slaves 3:3:1"
"yekar-tiferet-on-mishneh-torah-slaves","Yekar Tiferet on Mishneh Torah, Slaves","tok-029b9297191e","דקשיא","דקשיא","Unresolved","","No lexical entry yet","true","2","Yekar Tiferet on Mishneh Torah, Slaves 4:10:1; Yekar Tiferet on Mishneh Torah, Slaves 7:5:1"
"yekar-tiferet-on-mishneh-torah-slaves","Yekar Tiferet on Mishneh Torah, Slaves","tok-84afcfb12b3f","דקתני","דקתני","Unresolved","","No lexical entry yet","true","3","Yekar Tiferet on Mishneh Torah, Slaves 4:13:1; Yekar Tiferet on Mishneh Torah, Slaves 4:13:2"
"yekar-tiferet-on-mishneh-torah-slaves","Yekar Tiferet on Mishneh Torah, Slaves","tok-2fd55d915e9c","דר","דר","Unresolved","","No lexical entry yet","true","1","Yekar Tiferet on Mishneh Torah, Slaves 1:9:2"
"yekar-tiferet-on-mishneh-torah-slaves","Yekar Tiferet on Mishneh Torah, Slaves","tok-35b9441c3c88","דר׳","דר׳","Unresolved","","No lexical entry yet","true","8","Yekar Tiferet on Mishneh Torah, Slaves 5:4:3; Yekar Tiferet on Mishneh Torah, Slaves 6:1:2; Yekar Tiferet on Mishneh Torah, Slaves 6:4:1; Yekar Tiferet on Mishneh Torah, Slaves 8:10:1; Yekar Tiferet on Mishneh Torah, Slaves 8:14:1"
"yekar-tiferet-on-mishneh-torah-slaves","Yekar Tiferet on Mishneh Torah, Slaves","tok-7f729d6ff28c","דרב","דרב","Unresolved","","No lexical entry yet","true","3","Yekar Tiferet on Mishneh Torah, Slaves 1:8:1; Yekar Tiferet on Mishneh Torah, Slaves 3:4:2; Yekar Tiferet on Mishneh Torah, Slaves 5:6:1"
"yekar-tiferet-on-mishneh-torah-slaves","Yekar Tiferet on Mishneh Torah, Slaves","tok-8bc3d3aea396","דרבא","דרבא","Unresolved","","No lexical entry yet","true","2","Yekar Tiferet on Mishneh Torah, Slaves 1:8:1; Yekar Tiferet on Mishneh Torah, Slaves 8:15:1"
"yekar-tiferet-on-mishneh-torah-slaves","Yekar Tiferet on Mishneh Torah, Slaves","tok-a8106bc9434f","דרבה","דרבה","Unresolved","","No lexical entry yet","true","1","Yekar Tiferet on Mishneh Torah, Slaves 7:4:2"
"yekar-tiferet-on-mishneh-torah-slaves","Yekar Tiferet on Mishneh Torah, Slaves","tok-433223b43ccc","דרבי","דרבי","Unresolved","","No lexical entry yet","true","1","Yekar Tiferet on Mishneh Torah, Slaves 8:13:1"
"yekar-tiferet-on-mishneh-torah-slaves","Yekar Tiferet on Mishneh Torah, Slaves","tok-1b64ab735823","דרבינא","דרבינא","Unresolved","","No lexical entry yet","true","1","Yekar Tiferet on Mishneh Torah, Slaves 8:14:1"
"yekar-tiferet-on-mishneh-torah-slaves","Yekar Tiferet on Mishneh Torah, Slaves","tok-c541cf2f53cc","דרבינו","דרבינו","Unresolved","","No lexical entry yet","true","1","Yekar Tiferet on Mishneh Torah, Slaves 4:10:1"
"yekar-tiferet-on-mishneh-torah-slaves","Yekar Tiferet on Mishneh Torah, Slaves","tok-ce0539b95837","דרבנן","דרבננ","Unresolved","","No lexical entry yet","true","3","Yekar Tiferet on Mishneh Torah, Slaves 3:9:4; Yekar Tiferet on Mishneh Torah, Slaves 4:10:1; Yekar Tiferet on Mishneh Torah, Slaves 9:6:2"
"yekar-tiferet-on-mishneh-torah-slaves","Yekar Tiferet on Mishneh Torah, Slaves","tok-5e50f8244c5a","דרישא","דרישא","Unresolved","","No lexical entry yet","true","1","Yekar Tiferet on Mishneh Torah, Slaves 1:3:1"
"yekar-tiferet-on-mishneh-torah-slaves","Yekar Tiferet on Mishneh Torah, Slaves","tok-cb02b075fe4a","דרציעה","דרציעה","Unresolved","","No lexical entry yet","true","1","Yekar Tiferet on Mishneh Torah, Slaves 3:8:1"
"yekar-tiferet-on-mishneh-torah-slaves","Yekar Tiferet on Mishneh Torah, Slaves","tok-17ff7d99fc3c","דרשא","דרשא","Unresolved","","No lexical entry yet","true","1","Yekar Tiferet on Mishneh Torah, Slaves 4:7:5"
"yekar-tiferet-on-mishneh-torah-slaves","Yekar Tiferet on Mishneh Torah, Slaves","tok-9ea608c828a9","דרשינן","דרשיננ","Unresolved","","No lexical entry yet","true","1","Yekar Tiferet on Mishneh Torah, Slaves 3:5:2"
"yekar-tiferet-on-mishneh-torah-slaves","Yekar Tiferet on Mishneh Torah, Slaves","tok-4a8124ed40d7","דשאני","דשאני","Unresolved","","No lexical entry yet","true","3","Yekar Tiferet on Mishneh Torah, Slaves 4:13:4; Yekar Tiferet on Mishneh Torah, Slaves 5:6:2; Yekar Tiferet on Mishneh Torah, Slaves 7:4:2"
"yekar-tiferet-on-mishneh-torah-slaves","Yekar Tiferet on Mishneh Torah, Slaves","tok-ab77b31015f7","דשוו","דשוו","Unresolved","","No lexical entry yet","true","1","Yekar Tiferet on Mishneh Torah, Slaves 7:3:1"
"yekar-tiferet-on-mishneh-torah-slaves","Yekar Tiferet on Mishneh Torah, Slaves","tok-2bab9d1af45e","דשטרי","דשטרי","Unresolved","","No lexical entry yet","true","1","Yekar Tiferet on Mishneh Torah, Slaves 7:6:2"
"yekar-tiferet-on-mishneh-torah-slaves","Yekar Tiferet on Mishneh Torah, Slaves","tok-90b4b834e100","דשייך","דשייכ","Unresolved","","No lexical entry yet","true","1","Yekar Tiferet on Mishneh Torah, Slaves 9:3:1"
"yekar-tiferet-on-mishneh-torah-slaves","Yekar Tiferet on Mishneh Torah, Slaves","tok-a812afc0ea88","דשלש","דשלש","Unresolved","","No lexical entry yet","true","2","Yekar Tiferet on Mishneh Torah, Slaves 4:9:2"
"yekar-tiferet-on-mishneh-torah-slaves","Yekar Tiferet on Mishneh Torah, Slaves","tok-38efa46699aa","דשם","דשמ","Unresolved","","No lexical entry yet","true","1","Yekar Tiferet on Mishneh Torah, Slaves 3:7:2"
"yekar-tiferet-on-mishneh-torah-slaves","Yekar Tiferet on Mishneh Torah, Slaves","tok-d9947034b756","דשמואל","דשמואל","Unresolved","","No lexical entry yet","true","1","Yekar Tiferet on Mishneh Torah, Slaves 8:13:1"
"yekar-tiferet-on-mishneh-torah-slaves","Yekar Tiferet on Mishneh Torah, Slaves","tok-55b1763a2194","דשן","דשנ","Unresolved","","No lexical entry yet","true","2","Yekar Tiferet on Mishneh Torah, Slaves 5:4:3; Yekar Tiferet on Mishneh Torah, Slaves 5:10:2"
"yekar-tiferet-on-mishneh-torah-slaves","Yekar Tiferet on Mishneh Torah, Slaves","tok-3957b7547eda","דשתי","דשתי","Unresolved","","No lexical entry yet","true","1","Yekar Tiferet on Mishneh Torah, Slaves 5:14:1"
"yekar-tiferet-on-mishneh-torah-slaves","Yekar Tiferet on Mishneh Torah, Slaves","tok-7f5dd744ce74","דתורת","דתורת","Unresolved","","No lexical entry yet","true","1","Yekar Tiferet on Mishneh Torah, Slaves 3:1:4"
"yekar-tiferet-on-mishneh-torah-slaves","Yekar Tiferet on Mishneh Torah, Slaves","tok-0f9b3a344775","דתימא","דתימא","Unresolved","","No lexical entry yet","true","1","Yekar Tiferet on Mishneh Torah, Slaves 4:7:1"
"yekar-tiferet-on-mishneh-torah-slaves","Yekar Tiferet on Mishneh Torah, Slaves","tok-8cdeaa0c0f41","דתלו","דתלו","Unresolved","","No lexical entry yet","true","1","Yekar Tiferet on Mishneh Torah, Slaves 9:6:3"
"yekar-tiferet-on-mishneh-torah-slaves","Yekar Tiferet on Mishneh Torah, Slaves","tok-547a5480b48b","דתלמודא","דתלמודא","Unresolved","","No lexical entry yet","true","1","Yekar Tiferet on Mishneh Torah, Slaves 8:15:1"
"yekar-tiferet-on-mishneh-torah-slaves","Yekar Tiferet on Mishneh Torah, Slaves","tok-24420a7c78cf","דתנא","דתנא","Unresolved","","No lexical entry yet","true","6","Yekar Tiferet on Mishneh Torah, Slaves 2:6:1; Yekar Tiferet on Mishneh Torah, Slaves 3:12:1; Yekar Tiferet on Mishneh Torah, Slaves 5:5:2; Yekar Tiferet on Mishneh Torah, Slaves 6:5:1; Yekar Tiferet on Mishneh Torah, Slaves 9:3:1"
"yekar-tiferet-on-mishneh-torah-slaves","Yekar Tiferet on Mishneh Torah, Slaves","tok-09d2cf439dd3","דתנאי","דתנאי","Unresolved","","No lexical entry yet","true","12","Yekar Tiferet on Mishneh Torah, Slaves 3:14:4; Yekar Tiferet on Mishneh Torah, Slaves 3:14:5; Yekar Tiferet on Mishneh Torah, Slaves 4:15:1; Yekar Tiferet on Mishneh Torah, Slaves 4:16:1; Yekar Tiferet on Mishneh Torah, Slaves 5:4:2"
"yekar-tiferet-on-mishneh-torah-slaves","Yekar Tiferet on Mishneh Torah, Slaves","tok-53d7fb81740e","דתני","דתני","Unresolved","","No lexical entry yet","true","4","Yekar Tiferet on Mishneh Torah, Slaves 3:4:1; Yekar Tiferet on Mishneh Torah, Slaves 5:1:1; Yekar Tiferet on Mishneh Torah, Slaves 5:3:1; Yekar Tiferet on Mishneh Torah, Slaves 8:17:3"
"yekar-tiferet-on-mishneh-torah-slaves","Yekar Tiferet on Mishneh Torah, Slaves","tok-fc3bc106e295","דתניא","דתניא","Unresolved","","No lexical entry yet","true","10","Yekar Tiferet on Mishneh Torah, Slaves 1:2:2; Yekar Tiferet on Mishneh Torah, Slaves 1:3:1; Yekar Tiferet on Mishneh Torah, Slaves 4:2:2; Yekar Tiferet on Mishneh Torah, Slaves 4:10:1; Yekar Tiferet on Mishneh Torah, Slaves 5:4:4"
"yekar-tiferet-on-mishneh-torah-slaves","Yekar Tiferet on Mishneh Torah, Slaves","tok-314b0c8ded05","דתנן","דתננ","Unresolved","","No lexical entry yet","true","3","Yekar Tiferet on Mishneh Torah, Slaves 5:3:1; Yekar Tiferet on Mishneh Torah, Slaves 6:1:1; Yekar Tiferet on Mishneh Torah, Slaves 6:1:2"
"yekar-tiferet-on-mishneh-torah-slaves","Yekar Tiferet on Mishneh Torah, Slaves","tok-980b3dabe2e5","דתקנה","דתקנה","Unresolved","","No lexical entry yet","true","1","Yekar Tiferet on Mishneh Torah, Slaves 4:3:1"
"yekar-tiferet-on-mishneh-torah-slaves","Yekar Tiferet on Mishneh Torah, Slaves","tok-cf7335df75e4","דתקנו","דתקנו","Unresolved","","No lexical entry yet","true","1","Yekar Tiferet on Mishneh Torah, Slaves 4:7:5"
"yekar-tiferet-on-mishneh-torah-slaves","Yekar Tiferet on Mishneh Torah, Slaves","tok-a73b92b57207","ה׳","ה׳","Unresolved","","No lexical entry yet","true","2","Yekar Tiferet on Mishneh Torah, Slaves 3:3:1; Yekar Tiferet on Mishneh Torah, Slaves 5:1:1"
"yekar-tiferet-on-mishneh-torah-slaves","Yekar Tiferet on Mishneh Torah, Slaves","tok-f6bdaa17a7b2","ה״ה","ה״ה","Unresolved","","No lexical entry yet","true","3","Yekar Tiferet on Mishneh Torah, Slaves 3:1:4; Yekar Tiferet on Mishneh Torah, Slaves 7:1:2; Yekar Tiferet on Mishneh Torah, Slaves 8:8:1"
"yekar-tiferet-on-mishneh-torah-slaves","Yekar Tiferet on Mishneh Torah, Slaves","tok-35664ec8e365","ה״מ","ה״מ","Unresolved","","No lexical entry yet","true","1","Yekar Tiferet on Mishneh Torah, Slaves 6:1:2"
"yekar-tiferet-on-mishneh-torah-slaves","Yekar Tiferet on Mishneh Torah, Slaves","tok-ddeb1c972556","ה״ק","ה״ק","Unresolved","","No lexical entry yet","true","2","Yekar Tiferet on Mishneh Torah, Slaves 3:4:1; Yekar Tiferet on Mishneh Torah, Slaves 9:3:1"
"yekar-tiferet-on-mishneh-torah-slaves","Yekar Tiferet on Mishneh Torah, Slaves","tok-42e1f32179ee","האב","האב","Unresolved","","No lexical entry yet","true","10","Yekar Tiferet on Mishneh Torah, Slaves 4:2:1; Yekar Tiferet on Mishneh Torah, Slaves 4:2:2; Yekar Tiferet on Mishneh Torah, Slaves 4:3:2; Yekar Tiferet on Mishneh Torah, Slaves 4:7:5; Yekar Tiferet on Mishneh Torah, Slaves 4:10:1"
"yekar-tiferet-on-mishneh-torah-slaves","Yekar Tiferet on Mishneh Torah, Slaves","tok-3484c9d32b48","האוזן","האוזנ","Unresolved","","No lexical entry yet","true","1","Yekar Tiferet on Mishneh Torah, Slaves 3:9:2"
"yekar-tiferet-on-mishneh-torah-slaves","Yekar Tiferet on Mishneh Torah, Slaves","tok-53b6797f083e","האומר","האומר","Unresolved","","No lexical entry yet","true","6","Yekar Tiferet on Mishneh Torah, Slaves 6:2:1; Yekar Tiferet on Mishneh Torah, Slaves 6:3:1; Yekar Tiferet on Mishneh Torah, Slaves 6:7:1; Yekar Tiferet on Mishneh Torah, Slaves 7:3:2; Yekar Tiferet on Mishneh Torah, Slaves 7:5:1"
"yekar-tiferet-on-mishneh-torah-slaves","Yekar Tiferet on Mishneh Torah, Slaves","tok-ca42a7a3d8ab","האיסור","האיסור","Unresolved","","No lexical entry yet","true","1","Yekar Tiferet on Mishneh Torah, Slaves 1:8:2"
"yekar-tiferet-on-mishneh-torah-slaves","Yekar Tiferet on Mishneh Torah, Slaves","tok-92c13632fb93","האירוסין","האירוסינ","Unresolved","","No lexical entry yet","true","1","Yekar Tiferet on Mishneh Torah, Slaves 4:13:2"
"yekar-tiferet-on-mishneh-torah-slaves","Yekar Tiferet on Mishneh Torah, Slaves","tok-5a47ffefe754","האם","האמ","Unresolved","","No lexical entry yet","true","1","Yekar Tiferet on Mishneh Torah, Slaves 1:2:2"
"yekar-tiferet-on-mishneh-torah-slaves","Yekar Tiferet on Mishneh Torah, Slaves","tok-f496326d825b","הָאֵם","האמ","Unresolved","","No lexical entry yet","true","1","Yekar Tiferet on Mishneh Torah, Slaves 7:5:1"
"yekar-tiferet-on-mishneh-torah-slaves","Yekar Tiferet on Mishneh Torah, Slaves","tok-3963aa8fe5dc","האמור","האמור","Unresolved","","No lexical entry yet","true","2","Yekar Tiferet on Mishneh Torah, Slaves 1:1:1; Yekar Tiferet on Mishneh Torah, Slaves 5:5:1"
"yekar-tiferet-on-mishneh-torah-slaves","Yekar Tiferet on Mishneh Torah, Slaves","tok-82f53fb2ece5","האצבעות","האצבעות","Unresolved","","No lexical entry yet","true","1","Yekar Tiferet on Mishneh Torah, Slaves 5:6:1"
"yekar-tiferet-on-mishneh-torah-slaves","Yekar Tiferet on Mishneh Torah, Slaves","tok-8c5c27c29055","הארוסה","הארוסה","Unresolved","","No lexical entry yet","true","1","Yekar Tiferet on Mishneh Torah, Slaves 3:1:2"
"yekar-tiferet-on-mishneh-torah-slaves","Yekar Tiferet on Mishneh Torah, Slaves","tok-02c15da41db9","האריך","האריכ","Unresolved","","No lexical entry yet","true","1","Yekar Tiferet on Mishneh Torah, Slaves 6:7:2"
"yekar-tiferet-on-mishneh-torah-slaves","Yekar Tiferet on Mishneh Torah, Slaves","tok-842eda17a4e7","האשה","האשה","Unresolved","","No lexical entry yet","true","13","Yekar Tiferet on Mishneh Torah, Slaves 1:2:1; Yekar Tiferet on Mishneh Torah, Slaves 1:3:1; Yekar Tiferet on Mishneh Torah, Slaves 3:1:3; Yekar Tiferet on Mishneh Torah, Slaves 3:2:1; Yekar Tiferet on Mishneh Torah, Slaves 3:5:1"
"yekar-tiferet-on-mishneh-torah-slaves","Yekar Tiferet on Mishneh Torah, Slaves","tok-6ff3fd9d305f","הבין","הבינ","Unresolved","","No lexical entry yet","true","1","Yekar Tiferet on Mishneh Torah, Slaves 9:3:1"
"yekar-tiferet-on-mishneh-torah-slaves","Yekar Tiferet on Mishneh Torah, Slaves","tok-6c3d12f723d3","הבן","הבנ","Unresolved","","No lexical entry yet","true","8","Yekar Tiferet on Mishneh Torah, Slaves 2:6:2; Yekar Tiferet on Mishneh Torah, Slaves 2:12:1; Yekar Tiferet on Mishneh Torah, Slaves 2:12:2; Yekar Tiferet on Mishneh Torah, Slaves 4:4:1; Yekar Tiferet on Mishneh Torah, Slaves 4:7:5"
"yekar-tiferet-on-mishneh-torah-slaves","Yekar Tiferet on Mishneh Torah, Slaves","tok-4d786bf3c87a","הבעיא","הבעיא","Unresolved","","No lexical entry yet","true","1","Yekar Tiferet on Mishneh Torah, Slaves 8:5:1"
"yekar-tiferet-on-mishneh-torah-slaves","Yekar Tiferet on Mishneh Torah, Slaves","tok-f0270816b265","הבעל","הבעל","Unresolved","","No lexical entry yet","true","6","Yekar Tiferet on Mishneh Torah, Slaves 3:2:2; Yekar Tiferet on Mishneh Torah, Slaves 5:16:1; Yekar Tiferet on Mishneh Torah, Slaves 6:7:2; Yekar Tiferet on Mishneh Torah, Slaves 6:7:3"
"yekar-tiferet-on-mishneh-torah-slaves","Yekar Tiferet on Mishneh Torah, Slaves","tok-c6c296b46fbe","הברייתא","הברייתא","Unresolved","","No lexical entry yet","true","4","Yekar Tiferet on Mishneh Torah, Slaves 4:13:1; Yekar Tiferet on Mishneh Torah, Slaves 5:5:2; Yekar Tiferet on Mishneh Torah, Slaves 5:14:1"
"yekar-tiferet-on-mishneh-torah-slaves","Yekar Tiferet on Mishneh Torah, Slaves","tok-fc0920d70516","הבת","הבת","Unresolved","","No lexical entry yet","true","2","Yekar Tiferet on Mishneh Torah, Slaves 2:12:2; Yekar Tiferet on Mishneh Torah, Slaves 4:5:2"
"yekar-tiferet-on-mishneh-torah-slaves","Yekar Tiferet on Mishneh Torah, Slaves","tok-7bea5f95cf7a","הג׳","הג׳","Unresolved","","No lexical entry yet","true","1","Yekar Tiferet on Mishneh Torah, Slaves 5:17:1"
"yekar-tiferet-on-mishneh-torah-slaves","Yekar Tiferet on Mishneh Torah, Slaves","tok-7430396736b4","הגאונים","הגאונימ","Unresolved","","No lexical entry yet","true","1","Yekar Tiferet on Mishneh Torah, Slaves 9:1:1"
"yekar-tiferet-on-mishneh-torah-slaves","Yekar Tiferet on Mishneh Torah, Slaves","tok-d26ee06b215e","הגט","הגט","Unresolved","","No lexical entry yet","true","4","Yekar Tiferet on Mishneh Torah, Slaves 6:6:1; Yekar Tiferet on Mishneh Torah, Slaves 6:6:6; Yekar Tiferet on Mishneh Torah, Slaves 6:8:3; Yekar Tiferet on Mishneh Torah, Slaves 7:1:1"
"yekar-tiferet-on-mishneh-torah-slaves","Yekar Tiferet on Mishneh Torah, Slaves","tok-446f33169aa5","הגיורת","הגיורת","Unresolved","","No lexical entry yet","true","2","Yekar Tiferet on Mishneh Torah, Slaves 8:19:1; Yekar Tiferet on Mishneh Torah, Slaves 8:21:1"
"yekar-tiferet-on-mishneh-torah-slaves","Yekar Tiferet on Mishneh Torah, Slaves","tok-50cbd29191bd","הגלילי","הגלילי","Unresolved","","No lexical entry yet","true","1","Yekar Tiferet on Mishneh Torah, Slaves 7:5:1"
"yekar-tiferet-on-mishneh-torah-slaves","Yekar Tiferet on Mishneh Torah, Slaves","tok-f2225be752e0","הגניבה","הגניבה","Unresolved","","No lexical entry yet","true","1","Yekar Tiferet on Mishneh Torah, Slaves 2:2:1"
"yekar-tiferet-on-mishneh-torah-slaves","Yekar Tiferet on Mishneh Torah, Slaves","tok-ab412c0eb88c","הגר","הגר","Unresolved","","No lexical entry yet","true","4","Yekar Tiferet on Mishneh Torah, Slaves 1:2:2; Yekar Tiferet on Mishneh Torah, Slaves 1:3:1"
"yekar-tiferet-on-mishneh-torah-slaves","Yekar Tiferet on Mishneh Torah, Slaves","tok-662a19e2b521","הגרש״ב","הגרש״ב","Unresolved","","No lexical entry yet","true","2","Yekar Tiferet on Mishneh Torah, Slaves 3:9:2; Yekar Tiferet on Mishneh Torah, Slaves 4:4:2"
"yekar-tiferet-on-mishneh-torah-slaves","Yekar Tiferet on Mishneh Torah, Slaves","tok-d8c785416dc1","הדיוט","הדיוט","Unresolved","","No lexical entry yet","true","2","Yekar Tiferet on Mishneh Torah, Slaves 4:13:3; Yekar Tiferet on Mishneh Torah, Slaves 4:13:4"
"yekar-tiferet-on-mishneh-torah-slaves","Yekar Tiferet on Mishneh Torah, Slaves","tok-ec9f2c8a53e2","הדיוטות","הדיוטות","Unresolved","","No lexical entry yet","true","1","Yekar Tiferet on Mishneh Torah, Slaves 5:17:1"
"yekar-tiferet-on-mishneh-torah-slaves","Yekar Tiferet on Mishneh Torah, Slaves","tok-001767dba093","הדירה","הדירה","Unresolved","","No lexical entry yet","true","1","Yekar Tiferet on Mishneh Torah, Slaves 1:9:2"
"yekar-tiferet-on-mishneh-torah-slaves","Yekar Tiferet on Mishneh Torah, Slaves","tok-02ff1333bd2f","ההודאה","ההודאה","Unresolved","","No lexical entry yet","true","2","Yekar Tiferet on Mishneh Torah, Slaves 5:17:1"
"yekar-tiferet-on-mishneh-torah-slaves","Yekar Tiferet on Mishneh Torah, Slaves","tok-42e6cdfee7a7","ההפרה","ההפרה","Unresolved","","No lexical entry yet","true","1","Yekar Tiferet on Mishneh Torah, Slaves 8:17:2"
"yekar-tiferet-on-mishneh-torah-slaves","Yekar Tiferet on Mishneh Torah, Slaves","tok-0e34efbd3ebd","הואיל","הואיל","Unresolved","","No lexical entry yet","true","4","Yekar Tiferet on Mishneh Torah, Slaves 2:6:1; Yekar Tiferet on Mishneh Torah, Slaves 3:8:2; Yekar Tiferet on Mishneh Torah, Slaves 4:13:4; Yekar Tiferet on Mishneh Torah, Slaves 5:3:3"
"yekar-tiferet-on-mishneh-torah-slaves","Yekar Tiferet on Mishneh Torah, Slaves","tok-afae4932b91e","הודאה","הודאה","Unresolved","","No lexical entry yet","true","2","Yekar Tiferet on Mishneh Torah, Slaves 5:17:1"
"yekar-tiferet-on-mishneh-torah-slaves","Yekar Tiferet on Mishneh Torah, Slaves","tok-9119bedabdfc","הודאתו","הודאתו","Unresolved","","No lexical entry yet","true","1","Yekar Tiferet on Mishneh Torah, Slaves 5:17:1"
"yekar-tiferet-on-mishneh-torah-slaves","Yekar Tiferet on Mishneh Torah, Slaves","tok-fd10bf28fb01","הוו","הוו","Unresolved","","No lexical entry yet","true","2","Yekar Tiferet on Mishneh Torah, Slaves 1:8:1; Yekar Tiferet on Mishneh Torah, Slaves 6:8:1"
"yekar-tiferet-on-mishneh-torah-slaves","Yekar Tiferet on Mishneh Torah, Slaves","tok-c894295c0a2b","הוולד","הוולד","Unresolved","","No lexical entry yet","true","1","Yekar Tiferet on Mishneh Torah, Slaves 7:5:1"
"yekar-tiferet-on-mishneh-torah-slaves","Yekar Tiferet on Mishneh Torah, Slaves","tok-6ecbe63ec41a","הוזכר","הוזכר","Unresolved","","No lexical entry yet","true","1","Yekar Tiferet on Mishneh Torah, Slaves 1:8:2"
"yekar-tiferet-on-mishneh-torah-slaves","Yekar Tiferet on Mishneh Torah, Slaves","tok-71d7718fd82c","הויא","הויא","Unresolved","","No lexical entry yet","true","1","Yekar Tiferet on Mishneh Torah, Slaves 5:17:1"
"yekar-tiferet-on-mishneh-torah-slaves","Yekar Tiferet on Mishneh Torah, Slaves","tok-74ec5660ec42","הולד","הולד","Unresolved","","No lexical entry yet","true","2","Yekar Tiferet on Mishneh Torah, Slaves 9:1:1; Yekar Tiferet on Mishneh Torah, Slaves 9:3:1"
"yekar-tiferet-on-mishneh-torah-slaves","Yekar Tiferet on Mishneh Torah, Slaves","tok-2eff3e12debb","הולידו","הולידו","Unresolved","","No lexical entry yet","true","2","Yekar Tiferet on Mishneh Torah, Slaves 9:3:1"
"yekar-tiferet-on-mishneh-torah-slaves","Yekar Tiferet on Mishneh Torah, Slaves","tok-25c9cfa52adb","הונא","הונא","Unresolved","","No lexical entry yet","true","1","Yekar Tiferet on Mishneh Torah, Slaves 5:6:1"
"yekar-tiferet-on-mishneh-torah-slaves","Yekar Tiferet on Mishneh Torah, Slaves","tok-3ef7accba406","הוצאות","הוצאות","Unresolved","","No lexical entry yet","true","1","Yekar Tiferet on Mishneh Torah, Slaves 3:2:1"
"yekar-tiferet-on-mishneh-torah-slaves","Yekar Tiferet on Mishneh Torah, Slaves","tok-4c9b50848b7f","הוצרך","הוצרכ","Unresolved","","No lexical entry yet","true","5","Yekar Tiferet on Mishneh Torah, Slaves 1:1:4; Yekar Tiferet on Mishneh Torah, Slaves 2:8:2; Yekar Tiferet on Mishneh Torah, Slaves 3:1:3; Yekar Tiferet on Mishneh Torah, Slaves 4:10:1; Yekar Tiferet on Mishneh Torah, Slaves 5:3:1"
"yekar-tiferet-on-mishneh-torah-slaves","Yekar Tiferet on Mishneh Torah, Slaves","tok-3265dc0b783a","הוקשו","הוקשו","Unresolved","","No lexical entry yet","true","1","Yekar Tiferet on Mishneh Torah, Slaves 3:13:1"
"yekar-tiferet-on-mishneh-torah-slaves","Yekar Tiferet on Mishneh Torah, Slaves","tok-b979932442ce","הורתו","הורתו","Unresolved","","No lexical entry yet","true","3","Yekar Tiferet on Mishneh Torah, Slaves 2:12:2"
"yekar-tiferet-on-mishneh-torah-slaves","Yekar Tiferet on Mishneh Torah, Slaves","tok-f0a332cb8131","הושיט","הושיט","Unresolved","","No lexical entry yet","true","1","Yekar Tiferet on Mishneh Torah, Slaves 5:12:1"
"yekar-tiferet-on-mishneh-torah-slaves","Yekar Tiferet on Mishneh Torah, Slaves","tok-780acd6a0b02","הזאה","הזאה","Unresolved","","No lexical entry yet","true","2","Yekar Tiferet on Mishneh Torah, Slaves 5:4:4"
"yekar-tiferet-on-mishneh-torah-slaves","Yekar Tiferet on Mishneh Torah, Slaves","tok-c4247639c10a","הזכר","הזכר","Unresolved","","No lexical entry yet","true","3","Yekar Tiferet on Mishneh Torah, Slaves 9:3:1"
"yekar-tiferet-on-mishneh-torah-slaves","Yekar Tiferet on Mishneh Torah, Slaves","tok-da72905b229b","החבלות","החבלות","Unresolved","","No lexical entry yet","true","2","Yekar Tiferet on Mishneh Torah, Slaves 5:14:1"
"yekar-tiferet-on-mishneh-torah-slaves","Yekar Tiferet on Mishneh Torah, Slaves","tok-b1d86a5240ea","החובל","החובל","Unresolved","","No lexical entry yet","true","1","Yekar Tiferet on Mishneh Torah, Slaves 3:5:3"
"yekar-tiferet-on-mishneh-torah-slaves","Yekar Tiferet on Mishneh Torah, Slaves","tok-ca5e36d4182d","החולי","החולי","Unresolved","","No lexical entry yet","true","1","Yekar Tiferet on Mishneh Torah, Slaves 2:5:2"
"yekar-tiferet-on-mishneh-torah-slaves","Yekar Tiferet on Mishneh Torah, Slaves","tok-0c1380bc5642","החולץ","החולצ","Unresolved","","No lexical entry yet","true","6","Yekar Tiferet on Mishneh Torah, Slaves 1:8:2; Yekar Tiferet on Mishneh Torah, Slaves 8:12:1; Yekar Tiferet on Mishneh Torah, Slaves 8:13:1; Yekar Tiferet on Mishneh Torah, Slaves 8:19:1; Yekar Tiferet on Mishneh Torah, Slaves 9:5:1"
"yekar-tiferet-on-mishneh-torah-slaves","Yekar Tiferet on Mishneh Torah, Slaves","tok-3d23b6c0aae5","החום","החומ","Unresolved","","No lexical entry yet","true","1","Yekar Tiferet on Mishneh Torah, Slaves 1:9:1"
"yekar-tiferet-on-mishneh-torah-slaves","Yekar Tiferet on Mishneh Torah, Slaves","tok-45b432411f2b","החלוקות","החלוקות","Unresolved","","No lexical entry yet","true","1","Yekar Tiferet on Mishneh Torah, Slaves 4:14:1"
"yekar-tiferet-on-mishneh-torah-slaves","Yekar Tiferet on Mishneh Torah, Slaves","tok-e040b4b03f9a","החמיר","החמיר","Unresolved","","No lexical entry yet","true","1","Yekar Tiferet on Mishneh Torah, Slaves 2:7:5"
"yekar-tiferet-on-mishneh-torah-slaves","Yekar Tiferet on Mishneh Torah, Slaves","tok-82a1ccafab33","החמירו","החמירו","Unresolved","","No lexical entry yet","true","1","Yekar Tiferet on Mishneh Torah, Slaves 4:13:4"
"yekar-tiferet-on-mishneh-torah-slaves","Yekar Tiferet on Mishneh Torah, Slaves","tok-88ed16c2f921","החרש","החרש","Unresolved","","No lexical entry yet","true","1","Yekar Tiferet on Mishneh Torah, Slaves 4:7:5"
"yekar-tiferet-on-mishneh-torah-slaves","Yekar Tiferet on Mishneh Torah, Slaves","tok-ce7b4fcec381","החשד","החשד","Unresolved","","No lexical entry yet","true","2","Yekar Tiferet on Mishneh Torah, Slaves 1:2:1; Yekar Tiferet on Mishneh Torah, Slaves 4:1:3"
"yekar-tiferet-on-mishneh-torah-slaves","Yekar Tiferet on Mishneh Torah, Slaves","tok-44f1ae8efe59","הטבילו","הטבילו","Unresolved","","No lexical entry yet","true","1","Yekar Tiferet on Mishneh Torah, Slaves 8:20:1"
"yekar-tiferet-on-mishneh-torah-slaves","Yekar Tiferet on Mishneh Torah, Slaves","tok-97d08b028663","הטומטום","הטומטומ","Unresolved","","No lexical entry yet","true","2","Yekar Tiferet on Mishneh Torah, Slaves 4:1:3"
"yekar-tiferet-on-mishneh-torah-slaves","Yekar Tiferet on Mishneh Torah, Slaves","tok-771c5865f70d","היובל","היובל","Unresolved","","No lexical entry yet","true","16","Yekar Tiferet on Mishneh Torah, Slaves 1:10:1; Yekar Tiferet on Mishneh Torah, Slaves 2:8:1; Yekar Tiferet on Mishneh Torah, Slaves 2:8:2; Yekar Tiferet on Mishneh Torah, Slaves 4:6:1"
"yekar-tiferet-on-mishneh-torah-slaves","Yekar Tiferet on Mishneh Torah, Slaves","tok-2196ebc6e8fc","היובלות","היובלות","Unresolved","","No lexical entry yet","true","1","Yekar Tiferet on Mishneh Torah, Slaves 4:3:1"
"yekar-tiferet-on-mishneh-torah-slaves","Yekar Tiferet on Mishneh Torah, Slaves","tok-953e611fe2bf","היורש","היורש","Unresolved","","No lexical entry yet","true","1","Yekar Tiferet on Mishneh Torah, Slaves 8:14:1"
"yekar-tiferet-on-mishneh-torah-slaves","Yekar Tiferet on Mishneh Torah, Slaves","tok-522aa7b83372","היורשין","היורשינ","Unresolved","","No lexical entry yet","true","6","Yekar Tiferet on Mishneh Torah, Slaves 4:2:2; Yekar Tiferet on Mishneh Torah, Slaves 6:4:1"
"yekar-tiferet-on-mishneh-torah-slaves","Yekar Tiferet on Mishneh Torah, Slaves","tok-92cf67851da1","היזה","היזה","Unresolved","","No lexical entry yet","true","2","Yekar Tiferet on Mishneh Torah, Slaves 5:4:4"
"yekar-tiferet-on-mishneh-torah-slaves","Yekar Tiferet on Mishneh Torah, Slaves","tok-e38209a6d86a","היכא","היכא","Unresolved","","No lexical entry yet","true","7","Yekar Tiferet on Mishneh Torah, Slaves 4:11:1; Yekar Tiferet on Mishneh Torah, Slaves 5:14:1; Yekar Tiferet on Mishneh Torah, Slaves 6:4:1; Yekar Tiferet on Mishneh Torah, Slaves 8:6:1; Yekar Tiferet on Mishneh Torah, Slaves 8:11:1"
"yekar-tiferet-on-mishneh-torah-slaves","Yekar Tiferet on Mishneh Torah, Slaves","tok-8552e7fa4ce2","היכי","היכי","Unresolved","","No lexical entry yet","true","11","Yekar Tiferet on Mishneh Torah, Slaves 1:10:1; Yekar Tiferet on Mishneh Torah, Slaves 2:12:2; Yekar Tiferet on Mishneh Torah, Slaves 4:7:5; Yekar Tiferet on Mishneh Torah, Slaves 4:10:1; Yekar Tiferet on Mishneh Torah, Slaves 4:11:1"
"yekar-tiferet-on-mishneh-torah-slaves","Yekar Tiferet on Mishneh Torah, Slaves","tok-fe675d723af2","הילכך","הילככ","Unresolved","","No lexical entry yet","true","15","Yekar Tiferet on Mishneh Torah, Slaves 1:3:1; Yekar Tiferet on Mishneh Torah, Slaves 2:8:2; Yekar Tiferet on Mishneh Torah, Slaves 3:1:4; Yekar Tiferet on Mishneh Torah, Slaves 4:1:3; Yekar Tiferet on Mishneh Torah, Slaves 4:10:1"
"yekar-tiferet-on-mishneh-torah-slaves","Yekar Tiferet on Mishneh Torah, Slaves","tok-0603d5e6a4cf","הימנית","הימנית","Unresolved","","No lexical entry yet","true","1","Yekar Tiferet on Mishneh Torah, Slaves 3:9:1"
"yekar-tiferet-on-mishneh-torah-slaves","Yekar Tiferet on Mishneh Torah, Slaves","tok-74be34f06198","היעוד","היעוד","Unresolved","","No lexical entry yet","true","1","Yekar Tiferet on Mishneh Torah, Slaves 4:9:1"
"yekar-tiferet-on-mishneh-torah-slaves","Yekar Tiferet on Mishneh Torah, Slaves","tok-1dc84ebb9c53","היפה","היפה","Unresolved","","No lexical entry yet","true","1","Yekar Tiferet on Mishneh Torah, Slaves 8:9:2"
"yekar-tiferet-on-mishneh-torah-slaves","Yekar Tiferet on Mishneh Torah, Slaves","tok-15f745add883","היקש","היקש","Unresolved","","No lexical entry yet","true","1","Yekar Tiferet on Mishneh Torah, Slaves 4:4:1"
"yekar-tiferet-on-mishneh-torah-slaves","Yekar Tiferet on Mishneh Torah, Slaves","tok-24cc68f9dde9","היתומים","היתומימ","Unresolved","","No lexical entry yet","true","1","Yekar Tiferet on Mishneh Torah, Slaves 3:2:1"
"yekar-tiferet-on-mishneh-torah-slaves","Yekar Tiferet on Mishneh Torah, Slaves","tok-abd1643bfafc","היתרות","היתרות","Unresolved","","No lexical entry yet","true","1","Yekar Tiferet on Mishneh Torah, Slaves 2:8:2"
"yekar-tiferet-on-mishneh-torah-slaves","Yekar Tiferet on Mishneh Torah, Slaves","tok-f8869d69b23c","הך","הכ","Unresolved","","No lexical entry yet","true","7","Yekar Tiferet on Mishneh Torah, Slaves 1:8:2; Yekar Tiferet on Mishneh Torah, Slaves 2:10:2; Yekar Tiferet on Mishneh Torah, Slaves 4:14:1; Yekar Tiferet on Mishneh Torah, Slaves 5:3:1; Yekar Tiferet on Mishneh Torah, Slaves 6:6:6"
"yekar-tiferet-on-mishneh-torah-slaves","Yekar Tiferet on Mishneh Torah, Slaves","tok-2872a94003e8","הכא","הכא","Unresolved","","No lexical entry yet","true","12","Yekar Tiferet on Mishneh Torah, Slaves 1:6:3; Yekar Tiferet on Mishneh Torah, Slaves 2:6:2; Yekar Tiferet on Mishneh Torah, Slaves 3:9:3; Yekar Tiferet on Mishneh Torah, Slaves 4:3:1; Yekar Tiferet on Mishneh Torah, Slaves 4:3:2"
"yekar-tiferet-on-mishneh-torah-slaves","Yekar Tiferet on Mishneh Torah, Slaves","tok-40160d7f40e6","הכאות","הכאות","Unresolved","","No lexical entry yet","true","1","Yekar Tiferet on Mishneh Torah, Slaves 5:14:1"
"yekar-tiferet-on-mishneh-torah-slaves","Yekar Tiferet on Mishneh Torah, Slaves","tok-654788057c9e","הכהו","הכהו","Unresolved","","No lexical entry yet","true","5","Yekar Tiferet on Mishneh Torah, Slaves 5:4:5; Yekar Tiferet on Mishneh Torah, Slaves 5:7:1; Yekar Tiferet on Mishneh Torah, Slaves 5:10:1; Yekar Tiferet on Mishneh Torah, Slaves 5:10:2"
"yekar-tiferet-on-mishneh-torah-slaves","Yekar Tiferet on Mishneh Torah, Slaves","tok-4ed633a03f11","הכופר","הכופר","Unresolved","","No lexical entry yet","true","1","Yekar Tiferet on Mishneh Torah, Slaves 5:17:1"
"yekar-tiferet-on-mishneh-torah-slaves","Yekar Tiferet on Mishneh Torah, Slaves","tok-9e243fa6ac02","הכורת","הכורת","Unresolved","","No lexical entry yet","true","1","Yekar Tiferet on Mishneh Torah, Slaves 7:1:1"
"yekar-tiferet-on-mishneh-torah-slaves","Yekar Tiferet on Mishneh Torah, Slaves","tok-7daaddbd5e3d","הכותב","הכותב","Unresolved","","No lexical entry yet","true","10","Yekar Tiferet on Mishneh Torah, Slaves 6:1:1; Yekar Tiferet on Mishneh Torah, Slaves 6:2:1; Yekar Tiferet on Mishneh Torah, Slaves 6:8:4; Yekar Tiferet on Mishneh Torah, Slaves 7:1:2; Yekar Tiferet on Mishneh Torah, Slaves 7:3:2"
"yekar-tiferet-on-mishneh-torah-slaves","Yekar Tiferet on Mishneh Torah, Slaves","tok-40be3b2a6e0a","הכי","הכי","Unresolved","","No lexical entry yet","true","31","Yekar Tiferet on Mishneh Torah, Slaves 1:6:4; Yekar Tiferet on Mishneh Torah, Slaves 2:5:1; Yekar Tiferet on Mishneh Torah, Slaves 3:1:3; Yekar Tiferet on Mishneh Torah, Slaves 3:1:4; Yekar Tiferet on Mishneh Torah, Slaves 3:4:1"
"yekar-tiferet-on-mishneh-torah-slaves","Yekar Tiferet on Mishneh Torah, Slaves","tok-6122c8d5db8e","הכל""","הכל""","Unresolved","","No lexical entry yet","true","1","Yekar Tiferet on Mishneh Torah, Slaves 8:10:1"
"yekar-tiferet-on-mishneh-torah-slaves","Yekar Tiferet on Mishneh Torah, Slaves","tok-8cc08702edbc","הכניס","הכניס","Unresolved","","No lexical entry yet","true","1","Yekar Tiferet on Mishneh Torah, Slaves 9:7:2"
"yekar-tiferet-on-mishneh-torah-slaves","Yekar Tiferet on Mishneh Torah, Slaves","tok-9486cab2bdcf","הכניסה","הכניסה","Unresolved","","No lexical entry yet","true","1","Yekar Tiferet on Mishneh Torah, Slaves 9:7:2"
"yekar-tiferet-on-mishneh-torah-slaves","Yekar Tiferet on Mishneh Torah, Slaves","tok-ba028ab2694b","הכסיף","הכסיפ","Unresolved","","No lexical entry yet","true","2","Yekar Tiferet on Mishneh Torah, Slaves 2:9:1; Yekar Tiferet on Mishneh Torah, Slaves 2:10:2"
"yekar-tiferet-on-mishneh-torah-slaves","Yekar Tiferet on Mishneh Torah, Slaves","tok-ca1bec887e98","הכסף","הכספ","Unresolved","","No lexical entry yet","true","7","Yekar Tiferet on Mishneh Torah, Slaves 2:10:2; Yekar Tiferet on Mishneh Torah, Slaves 5:1:2; Yekar Tiferet on Mishneh Torah, Slaves 5:2:1; Yekar Tiferet on Mishneh Torah, Slaves 5:3:1; Yekar Tiferet on Mishneh Torah, Slaves 7:6:2"
"yekar-tiferet-on-mishneh-torah-slaves","Yekar Tiferet on Mishneh Torah, Slaves","tok-9526e2077e6f","הכפל","הכפל","Unresolved","","No lexical entry yet","true","1","Yekar Tiferet on Mishneh Torah, Slaves 1:1:2"
"yekar-tiferet-on-mishneh-torah-slaves","Yekar Tiferet on Mishneh Torah, Slaves","tok-c199e9ac85c3","הלוקח","הלוקח","Unresolved","","No lexical entry yet","true","1","Yekar Tiferet on Mishneh Torah, Slaves 8:19:1"
"yekar-tiferet-on-mishneh-torah-slaves","Yekar Tiferet on Mishneh Torah, Slaves","tok-50f675490d85","הלכות","הלכות","Unresolved","","No lexical entry yet","true","1","Yekar Tiferet on Mishneh Torah, Slaves 1:1:1"
"yekar-tiferet-on-mishneh-torah-slaves","Yekar Tiferet on Mishneh Torah, Slaves","tok-6d6101006f26","הלכותיה","הלכותיה","Unresolved","","No lexical entry yet","true","1","Yekar Tiferet on Mishneh Torah, Slaves 4:7:1"
"yekar-tiferet-on-mishneh-torah-slaves","Yekar Tiferet on Mishneh Torah, Slaves","tok-22c96a5e7974","הלכך","הלככ","Unresolved","","No lexical entry yet","true","1","Yekar Tiferet on Mishneh Torah, Slaves 4:15:1"
"yekar-tiferet-on-mishneh-torah-slaves","Yekar Tiferet on Mishneh Torah, Slaves","tok-50c4513cb591","הלכתא","הלכתא","Unresolved","","No lexical entry yet","true","1","Yekar Tiferet on Mishneh Torah, Slaves 4:7:1"
"yekar-tiferet-on-mishneh-torah-slaves","Yekar Tiferet on Mishneh Torah, Slaves","tok-d75caf616ab5","המאורסת","המאורסת","Unresolved","","No lexical entry yet","true","1","Yekar Tiferet on Mishneh Torah, Slaves 7:6:1"
"yekar-tiferet-on-mishneh-torah-slaves","Yekar Tiferet on Mishneh Torah, Slaves","tok-b571d2808a27","המאכל","המאכל","Unresolved","","No lexical entry yet","true","1","Yekar Tiferet on Mishneh Torah, Slaves 1:9:2"
"yekar-tiferet-on-mishneh-torah-slaves","Yekar Tiferet on Mishneh Torah, Slaves","tok-df0c6fe6bf8f","המגרש","המגרש","Unresolved","","No lexical entry yet","true","1","Yekar Tiferet on Mishneh Torah, Slaves 7:1:1"
"yekar-tiferet-on-mishneh-torah-slaves","Yekar Tiferet on Mishneh Torah, Slaves","tok-260cb495a424","המדרשות","המדרשות","Unresolved","","No lexical entry yet","true","1","Yekar Tiferet on Mishneh Torah, Slaves 9:8:2"
"yekar-tiferet-on-mishneh-torah-slaves","Yekar Tiferet on Mishneh Torah, Slaves","tok-252d483443b6","המוכר","המוכר","Unresolved","","No lexical entry yet","true","22","Yekar Tiferet on Mishneh Torah, Slaves 1:3:1; Yekar Tiferet on Mishneh Torah, Slaves 1:5:1; Yekar Tiferet on Mishneh Torah, Slaves 1:6:1; Yekar Tiferet on Mishneh Torah, Slaves 2:2:1; Yekar Tiferet on Mishneh Torah, Slaves 2:4:1"
"yekar-tiferet-on-mishneh-torah-slaves","Yekar Tiferet on Mishneh Torah, Slaves","tok-42c6b094ff16","המוליך","המוליכ","Unresolved","","No lexical entry yet","true","1","Yekar Tiferet on Mishneh Torah, Slaves 6:8:1"
"yekar-tiferet-on-mishneh-torah-slaves","Yekar Tiferet on Mishneh Torah, Slaves","tok-7c7781ba01f9","המלמד","המלמד","Unresolved","","No lexical entry yet","true","1","Yekar Tiferet on Mishneh Torah, Slaves 8:18:1"
"yekar-tiferet-on-mishneh-torah-slaves","Yekar Tiferet on Mishneh Torah, Slaves","tok-7968fe8cc433","הממון","הממונ","Unresolved","","No lexical entry yet","true","1","Yekar Tiferet on Mishneh Torah, Slaves 1:8:2"
"yekar-tiferet-on-mishneh-torah-slaves","Yekar Tiferet on Mishneh Torah, Slaves","tok-222390e82da5","המנהיג","המנהיג","Unresolved","","No lexical entry yet","true","1","Yekar Tiferet on Mishneh Torah, Slaves 1:8:1"
"yekar-tiferet-on-mishneh-torah-slaves","Yekar Tiferet on Mishneh Torah, Slaves","tok-6f96bb31c53e","המסרס","המסרס","Unresolved","","No lexical entry yet","true","1","Yekar Tiferet on Mishneh Torah, Slaves 5:4:4"
"yekar-tiferet-on-mishneh-torah-slaves","Yekar Tiferet on Mishneh Torah, Slaves","tok-553a0b362a6c","המעות","המעות","Unresolved","","No lexical entry yet","true","2","Yekar Tiferet on Mishneh Torah, Slaves 2:10:2; Yekar Tiferet on Mishneh Torah, Slaves 5:2:1"
"yekar-tiferet-on-mishneh-torah-slaves","Yekar Tiferet on Mishneh Torah, Slaves","tok-ccef1a5a4543","המפיל","המפיל","Unresolved","","No lexical entry yet","true","1","Yekar Tiferet on Mishneh Torah, Slaves 5:4:5"
"yekar-tiferet-on-mishneh-torah-slaves","Yekar Tiferet on Mishneh Torah, Slaves","tok-cfff07f31cd7","המפקיר","המפקיר","Unresolved","","No lexical entry yet","true","5","Yekar Tiferet on Mishneh Torah, Slaves 8:13:1; Yekar Tiferet on Mishneh Torah, Slaves 8:14:1"
"yekar-tiferet-on-mishneh-torah-slaves","Yekar Tiferet on Mishneh Torah, Slaves","tok-7864808e76b9","המקדיש","המקדיש","Unresolved","","No lexical entry yet","true","1","Yekar Tiferet on Mishneh Torah, Slaves 1:10:1"
"yekar-tiferet-on-mishneh-torah-slaves","Yekar Tiferet on Mishneh Torah, Slaves","tok-4f12db045189","המשחרר","המשחרר","Unresolved","","No lexical entry yet","true","4","Yekar Tiferet on Mishneh Torah, Slaves 7:3:1; Yekar Tiferet on Mishneh Torah, Slaves 7:4:1; Yekar Tiferet on Mishneh Torah, Slaves 7:5:1; Yekar Tiferet on Mishneh Torah, Slaves 7:6:2"
"yekar-tiferet-on-mishneh-torah-slaves","Yekar Tiferet on Mishneh Torah, Slaves","tok-7d068cdd8154","המשלח","המשלח","Unresolved","","No lexical entry yet","true","1","Yekar Tiferet on Mishneh Torah, Slaves 4:7:5"
"yekar-tiferet-on-mishneh-torah-slaves","Yekar Tiferet on Mishneh Torah, Slaves","tok-17354d129dc3","המתנה","המתנה","Unresolved","","No lexical entry yet","true","1","Yekar Tiferet on Mishneh Torah, Slaves 4:16:1"
"yekar-tiferet-on-mishneh-torah-slaves","Yekar Tiferet on Mishneh Torah, Slaves","tok-2ea611e16708","המתרגם","המתרגמ","Unresolved","","No lexical entry yet","true","1","Yekar Tiferet on Mishneh Torah, Slaves 3:3:1"
"yekar-tiferet-on-mishneh-torah-slaves","Yekar Tiferet on Mishneh Torah, Slaves","tok-0d4a55f64523","הנודדת","הנודדת","Unresolved","","No lexical entry yet","true","1","Yekar Tiferet on Mishneh Torah, Slaves 5:9:2"
"yekar-tiferet-on-mishneh-torah-slaves","Yekar Tiferet on Mishneh Torah, Slaves","tok-924992f65643","הנותרות","הנותרות","Unresolved","","No lexical entry yet","true","3","Yekar Tiferet on Mishneh Torah, Slaves 2:8:1; Yekar Tiferet on Mishneh Torah, Slaves 2:8:2"
"yekar-tiferet-on-mishneh-torah-slaves","Yekar Tiferet on Mishneh Torah, Slaves","tok-d6bb4b3c3178","הנזונת","הנזונת","Unresolved","","No lexical entry yet","true","1","Yekar Tiferet on Mishneh Torah, Slaves 3:2:1"
"yekar-tiferet-on-mishneh-torah-slaves","Yekar Tiferet on Mishneh Torah, Slaves","tok-5364f1646fd2","הנזכרת","הנזכרת","Unresolved","","No lexical entry yet","true","1","Yekar Tiferet on Mishneh Torah, Slaves 4:13:2"
"yekar-tiferet-on-mishneh-torah-slaves","Yekar Tiferet on Mishneh Torah, Slaves","tok-5cade24b357e","הני","הני","Unresolved","","No lexical entry yet","true","3","Yekar Tiferet on Mishneh Torah, Slaves 1:2:1; Yekar Tiferet on Mishneh Torah, Slaves 6:8:1; Yekar Tiferet on Mishneh Torah, Slaves 8:14:1"
"yekar-tiferet-on-mishneh-torah-slaves","Yekar Tiferet on Mishneh Torah, Slaves","tok-2fd760fc1cc0","הנך","הנכ","Unresolved","","No lexical entry yet","true","2","Yekar Tiferet on Mishneh Torah, Slaves 5:4:4; Yekar Tiferet on Mishneh Torah, Slaves 8:5:1"
"yekar-tiferet-on-mishneh-torah-slaves","Yekar Tiferet on Mishneh Torah, Slaves","tok-3f476fcce326","הנכסים","הנכסימ","Unresolved","","No lexical entry yet","true","1","Yekar Tiferet on Mishneh Torah, Slaves 7:1:2"
"yekar-tiferet-on-mishneh-torah-slaves","Yekar Tiferet on Mishneh Torah, Slaves","tok-b1e70972e278","הנמכר","הנמכר","Unresolved","","No lexical entry yet","true","11","Yekar Tiferet on Mishneh Torah, Slaves 1:3:3; Yekar Tiferet on Mishneh Torah, Slaves 1:9:1; Yekar Tiferet on Mishneh Torah, Slaves 2:6:1; Yekar Tiferet on Mishneh Torah, Slaves 2:7:1; Yekar Tiferet on Mishneh Torah, Slaves 2:7:5"
"yekar-tiferet-on-mishneh-torah-slaves","Yekar Tiferet on Mishneh Torah, Slaves","tok-39643003074c","הנקראים","הנקראימ","Unresolved","","No lexical entry yet","true","1","Yekar Tiferet on Mishneh Torah, Slaves 5:6:2"
"yekar-tiferet-on-mishneh-torah-slaves","Yekar Tiferet on Mishneh Torah, Slaves","tok-60670a81389c","הנשואה","הנשואה","Unresolved","","No lexical entry yet","true","2","Yekar Tiferet on Mishneh Torah, Slaves 3:1:2"
"yekar-tiferet-on-mishneh-torah-slaves","Yekar Tiferet on Mishneh Torah, Slaves","tok-b43ab7ae79f2","הסירוס","הסירוס","Unresolved","","No lexical entry yet","true","1","Yekar Tiferet on Mishneh Torah, Slaves 5:4:4"
"yekar-tiferet-on-mishneh-torah-slaves","Yekar Tiferet on Mishneh Torah, Slaves","tok-f8b49212411e","הספיק","הספיק","Unresolved","","No lexical entry yet","true","2","Yekar Tiferet on Mishneh Torah, Slaves 3:15:3; Yekar Tiferet on Mishneh Torah, Slaves 5:15:1"
"yekar-tiferet-on-mishneh-torah-slaves","Yekar Tiferet on Mishneh Torah, Slaves","tok-a8a21013b933","הספר","הספר","Unresolved","","No lexical entry yet","true","1","Yekar Tiferet on Mishneh Torah, Slaves 6:5:1"
"yekar-tiferet-on-mishneh-torah-slaves","Yekar Tiferet on Mishneh Torah, Slaves","tok-28f1ecb1c051","הספרים","הספרימ","Unresolved","","No lexical entry yet","true","2","Yekar Tiferet on Mishneh Torah, Slaves 3:11:2; Yekar Tiferet on Mishneh Torah, Slaves 8:17:2"
"yekar-tiferet-on-mishneh-torah-slaves","Yekar Tiferet on Mishneh Torah, Slaves","tok-8a96b545f72c","העבדים","העבדימ","Unresolved","","No lexical entry yet","true","8","Yekar Tiferet on Mishneh Torah, Slaves 3:3:1; Yekar Tiferet on Mishneh Torah, Slaves 4:6:1; Yekar Tiferet on Mishneh Torah, Slaves 5:1:1; Yekar Tiferet on Mishneh Torah, Slaves 5:1:3; Yekar Tiferet on Mishneh Torah, Slaves 8:15:2"
"yekar-tiferet-on-mishneh-torah-slaves","Yekar Tiferet on Mishneh Torah, Slaves","tok-09f5c82d7382","העברי","העברי","Unresolved","","No lexical entry yet","true","2","Yekar Tiferet on Mishneh Torah, Slaves 1:10:1; Yekar Tiferet on Mishneh Torah, Slaves 3:13:1"
"yekar-tiferet-on-mishneh-torah-slaves","Yekar Tiferet on Mishneh Torah, Slaves","tok-e64d53d900e5","העבריה","העבריה","Unresolved","","No lexical entry yet","true","9","Yekar Tiferet on Mishneh Torah, Slaves 1:10:1; Yekar Tiferet on Mishneh Torah, Slaves 3:13:1; Yekar Tiferet on Mishneh Torah, Slaves 3:15:2; Yekar Tiferet on Mishneh Torah, Slaves 4:1:1; Yekar Tiferet on Mishneh Torah, Slaves 4:3:1"
"yekar-tiferet-on-mishneh-torah-slaves","Yekar Tiferet on Mishneh Torah, Slaves","tok-459382c64a1e","העניק","העניק","Unresolved","","No lexical entry yet","true","1","Yekar Tiferet on Mishneh Torah, Slaves 4:4:2"
"yekar-tiferet-on-mishneh-torah-slaves","Yekar Tiferet on Mishneh Torah, Slaves","tok-a1056b9eb169","הענק","הענק","Unresolved","","No lexical entry yet","true","2","Yekar Tiferet on Mishneh Torah, Slaves 3:12:2; Yekar Tiferet on Mishneh Torah, Slaves 3:14:3"
"yekar-tiferet-on-mishneh-torah-slaves","Yekar Tiferet on Mishneh Torah, Slaves","tok-839ebfcbf70b","הענקה","הענקה","Unresolved","","No lexical entry yet","true","1","Yekar Tiferet on Mishneh Torah, Slaves 3:14:2"
"yekar-tiferet-on-mishneh-torah-slaves","Yekar Tiferet on Mishneh Torah, Slaves","tok-fe2bb91d462c","העריות","העריות","Unresolved","","No lexical entry yet","true","1","Yekar Tiferet on Mishneh Torah, Slaves 4:11:1"
"yekar-tiferet-on-mishneh-torah-slaves","Yekar Tiferet on Mishneh Torah, Slaves","tok-5a20efb4d626","העשה","העשה","Unresolved","","No lexical entry yet","true","1","Yekar Tiferet on Mishneh Torah, Slaves 3:14:1"
"yekar-tiferet-on-mishneh-torah-slaves","Yekar Tiferet on Mishneh Torah, Slaves","tok-77e25766b362","העשיר","העשיר","Unresolved","","No lexical entry yet","true","1","Yekar Tiferet on Mishneh Torah, Slaves 4:14:1"
"yekar-tiferet-on-mishneh-torah-slaves","Yekar Tiferet on Mishneh Torah, Slaves","tok-eed3caa9560b","הפודה","הפודה","Unresolved","","No lexical entry yet","true","3","Yekar Tiferet on Mishneh Torah, Slaves 8:15:1; Yekar Tiferet on Mishneh Torah, Slaves 8:15:3"
"yekar-tiferet-on-mishneh-torah-slaves","Yekar Tiferet on Mishneh Torah, Slaves","tok-35e13cac85e9","הפיל","הפיל","Unresolved","","No lexical entry yet","true","7","Yekar Tiferet on Mishneh Torah, Slaves 4:6:1; Yekar Tiferet on Mishneh Torah, Slaves 5:11:1; Yekar Tiferet on Mishneh Torah, Slaves 5:14:1; Yekar Tiferet on Mishneh Torah, Slaves 7:4:2"
"yekar-tiferet-on-mishneh-torah-slaves","Yekar Tiferet on Mishneh Torah, Slaves","tok-d637b4211453","הפסולים","הפסולימ","Unresolved","","No lexical entry yet","true","1","Yekar Tiferet on Mishneh Torah, Slaves 4:12:1"
"yekar-tiferet-on-mishneh-torah-slaves","Yekar Tiferet on Mishneh Torah, Slaves","tok-c50851de2893","הפקעתם","הפקעתמ","Unresolved","","No lexical entry yet","true","1","Yekar Tiferet on Mishneh Torah, Slaves 8:11:1"
"yekar-tiferet-on-mishneh-torah-slaves","Yekar Tiferet on Mishneh Torah, Slaves","tok-d7a829a4e8f1","הפקר","הפקר","Unresolved","","No lexical entry yet","true","4","Yekar Tiferet on Mishneh Torah, Slaves 8:11:1; Yekar Tiferet on Mishneh Torah, Slaves 9:6:3"
"yekar-tiferet-on-mishneh-torah-slaves","Yekar Tiferet on Mishneh Torah, Slaves","tok-73df6a7ed1fd","הפר","הפר","Unresolved","","No lexical entry yet","true","2","Yekar Tiferet on Mishneh Torah, Slaves 8:17:2"
"yekar-tiferet-on-mishneh-torah-slaves","Yekar Tiferet on Mishneh Torah, Slaves","tok-b33f79de684e","הפרק","הפרק","Unresolved","","No lexical entry yet","true","4","Yekar Tiferet on Mishneh Torah, Slaves 2:6:2; Yekar Tiferet on Mishneh Torah, Slaves 2:8:2; Yekar Tiferet on Mishneh Torah, Slaves 9:2:1; Yekar Tiferet on Mishneh Torah, Slaves 9:8:2"
"yekar-tiferet-on-mishneh-torah-slaves","Yekar Tiferet on Mishneh Torah, Slaves","tok-5c5242701709","הפרשה","הפרשה","Unresolved","","No lexical entry yet","true","1","Yekar Tiferet on Mishneh Torah, Slaves 3:13:1"
"yekar-tiferet-on-mishneh-torah-slaves","Yekar Tiferet on Mishneh Torah, Slaves","tok-93f5b2a34f41","הקדושין","הקדושינ","Unresolved","","No lexical entry yet","true","1","Yekar Tiferet on Mishneh Torah, Slaves 4:7:5"
"yekar-tiferet-on-mishneh-torah-slaves","Yekar Tiferet on Mishneh Torah, Slaves","tok-9bb0604a5d9a","הקודם","הקודמ","Unresolved","","No lexical entry yet","true","2","Yekar Tiferet on Mishneh Torah, Slaves 2:7:2; Yekar Tiferet on Mishneh Torah, Slaves 6:5:1"
"yekar-tiferet-on-mishneh-torah-slaves","Yekar Tiferet on Mishneh Torah, Slaves","tok-c3c1b7390d96","הקונה","הקונה","Unresolved","","No lexical entry yet","true","3","Yekar Tiferet on Mishneh Torah, Slaves 4:8:2; Yekar Tiferet on Mishneh Torah, Slaves 8:12:1; Yekar Tiferet on Mishneh Torah, Slaves 9:2:1"
"yekar-tiferet-on-mishneh-torah-slaves","Yekar Tiferet on Mishneh Torah, Slaves","tok-0d8d0b0bad7d","הקור","הקור","Unresolved","","No lexical entry yet","true","1","Yekar Tiferet on Mishneh Torah, Slaves 1:9:1"
"yekar-tiferet-on-mishneh-torah-slaves","Yekar Tiferet on Mishneh Torah, Slaves","tok-0666f7a5476f","הקישה","הקישה","Unresolved","","No lexical entry yet","true","2","Yekar Tiferet on Mishneh Torah, Slaves 4:4:1; Yekar Tiferet on Mishneh Torah, Slaves 4:9:2"
"yekar-tiferet-on-mishneh-torah-slaves","Yekar Tiferet on Mishneh Torah, Slaves","tok-64f8631e18ef","הקל","הקל","Unresolved","","No lexical entry yet","true","2","Yekar Tiferet on Mishneh Torah, Slaves 2:7:5"
"yekar-tiferet-on-mishneh-torah-slaves","Yekar Tiferet on Mishneh Torah, Slaves","tok-145fe2d071c4","הקפידה","הקפידה","Unresolved","","No lexical entry yet","true","1","Yekar Tiferet on Mishneh Torah, Slaves 1:7:1"
"yekar-tiferet-on-mishneh-torah-slaves","Yekar Tiferet on Mishneh Torah, Slaves","tok-ff859a641550","הראב״ד","הראב״ד","Unresolved","","No lexical entry yet","true","10","Yekar Tiferet on Mishneh Torah, Slaves 1:6:2; Yekar Tiferet on Mishneh Torah, Slaves 1:8:2; Yekar Tiferet on Mishneh Torah, Slaves 5:14:1; Yekar Tiferet on Mishneh Torah, Slaves 6:7:2; Yekar Tiferet on Mishneh Torah, Slaves 7:5:1"
"yekar-tiferet-on-mishneh-torah-slaves","Yekar Tiferet on Mishneh Torah, Slaves","tok-052d25ee3764","הראוי","הראוי","Unresolved","","No lexical entry yet","true","2","Yekar Tiferet on Mishneh Torah, Slaves 4:12:1"
"yekar-tiferet-on-mishneh-torah-slaves","Yekar Tiferet on Mishneh Torah, Slaves","tok-447d707994af","הראשונות","הראשונות","Unresolved","","No lexical entry yet","true","4","Yekar Tiferet on Mishneh Torah, Slaves 4:7:1; Yekar Tiferet on Mishneh Torah, Slaves 4:7:3; Yekar Tiferet on Mishneh Torah, Slaves 4:15:1"
"yekar-tiferet-on-mishneh-torah-slaves","Yekar Tiferet on Mishneh Torah, Slaves","tok-358dd9ffdc79","הרואין","הרואינ","Unresolved","","No lexical entry yet","true","1","Yekar Tiferet on Mishneh Torah, Slaves 1:6:2"
"yekar-tiferet-on-mishneh-torah-slaves","Yekar Tiferet on Mishneh Torah, Slaves","tok-b2d2591ff6ec","הרמב״ן","הרמב״נ","Unresolved","","No lexical entry yet","true","1","Yekar Tiferet on Mishneh Torah, Slaves 5:17:1"
"yekar-tiferet-on-mishneh-torah-slaves","Yekar Tiferet on Mishneh Torah, Slaves","tok-c9b29ca6be16","הרשות","הרשות","Unresolved","","No lexical entry yet","true","1","Yekar Tiferet on Mishneh Torah, Slaves 1:1:5"
"yekar-tiferet-on-mishneh-torah-slaves","Yekar Tiferet on Mishneh Torah, Slaves","tok-7aae8afc66b0","השגת","השגת","Unresolved","","No lexical entry yet","true","1","Yekar Tiferet on Mishneh Torah, Slaves 1:8:2"
"yekar-tiferet-on-mishneh-torah-slaves","Yekar Tiferet on Mishneh Torah, Slaves","tok-eedb462d5572","השוין","השוינ","Unresolved","","No lexical entry yet","true","1","Yekar Tiferet on Mishneh Torah, Slaves 5:5:3"
"yekar-tiferet-on-mishneh-torah-slaves","Yekar Tiferet on Mishneh Torah, Slaves","tok-6b166df14693","השולח","השולח","Unresolved","","No lexical entry yet","true","13","Yekar Tiferet on Mishneh Torah, Slaves 5:14:1; Yekar Tiferet on Mishneh Torah, Slaves 6:2:1; Yekar Tiferet on Mishneh Torah, Slaves 6:3:1; Yekar Tiferet on Mishneh Torah, Slaves 6:4:1; Yekar Tiferet on Mishneh Torah, Slaves 6:8:4"
"yekar-tiferet-on-mishneh-torah-slaves","Yekar Tiferet on Mishneh Torah, Slaves","tok-0426c0508daa","השטר","השטר","Unresolved","","No lexical entry yet","true","4","Yekar Tiferet on Mishneh Torah, Slaves 2:11:1; Yekar Tiferet on Mishneh Torah, Slaves 4:3:2; Yekar Tiferet on Mishneh Torah, Slaves 7:2:1; Yekar Tiferet on Mishneh Torah, Slaves 7:6:2"
"yekar-tiferet-on-mishneh-torah-slaves","Yekar Tiferet on Mishneh Torah, Slaves","tok-d9bee8703d5c","השטרות","השטרות","Unresolved","","No lexical entry yet","true","1","Yekar Tiferet on Mishneh Torah, Slaves 6:5:2"
"yekar-tiferet-on-mishneh-torah-slaves","Yekar Tiferet on Mishneh Torah, Slaves","tok-769099009b13","השיג","השיג","Unresolved","","No lexical entry yet","true","5","Yekar Tiferet on Mishneh Torah, Slaves 5:14:1; Yekar Tiferet on Mishneh Torah, Slaves 7:5:1; Yekar Tiferet on Mishneh Torah, Slaves 8:17:2; Yekar Tiferet on Mishneh Torah, Slaves 9:3:1; Yekar Tiferet on Mishneh Torah, Slaves 9:7:2"
"yekar-tiferet-on-mishneh-torah-slaves","Yekar Tiferet on Mishneh Torah, Slaves","tok-53f27f96e34e","השיגה","השיגה","Unresolved","","No lexical entry yet","true","5","Yekar Tiferet on Mishneh Torah, Slaves 2:7:2; Yekar Tiferet on Mishneh Torah, Slaves 2:7:5; Yekar Tiferet on Mishneh Torah, Slaves 2:8:2"
"yekar-tiferet-on-mishneh-torah-slaves","Yekar Tiferet on Mishneh Torah, Slaves","tok-c256a962685e","השייך","השייכ","Unresolved","","No lexical entry yet","true","2","Yekar Tiferet on Mishneh Torah, Slaves 5:3:3"
"yekar-tiferet-on-mishneh-torah-slaves","Yekar Tiferet on Mishneh Torah, Slaves","tok-75d018d97e13","השינים","השינימ","Unresolved","","No lexical entry yet","true","1","Yekar Tiferet on Mishneh Torah, Slaves 5:10:2"
"yekar-tiferet-on-mishneh-torah-slaves","Yekar Tiferet on Mishneh Torah, Slaves","tok-aa69645fbcb6","השיעבוד","השיעבוד","Unresolved","","No lexical entry yet","true","1","Yekar Tiferet on Mishneh Torah, Slaves 2:8:2"
"yekar-tiferet-on-mishneh-torah-slaves","Yekar Tiferet on Mishneh Torah, Slaves","tok-e281a831bc27","השליחות","השליחות","Unresolved","","No lexical entry yet","true","1","Yekar Tiferet on Mishneh Torah, Slaves 6:1:2"
"yekar-tiferet-on-mishneh-torah-slaves","Yekar Tiferet on Mishneh Torah, Slaves","tok-b69e801490b9","השמועה","השמועה","Unresolved","","No lexical entry yet","true","2","Yekar Tiferet on Mishneh Torah, Slaves 3:13:1"
"yekar-tiferet-on-mishneh-torah-slaves","Yekar Tiferet on Mishneh Torah, Slaves","tok-c05d954c7a50","השן","השנ","Unresolved","","No lexical entry yet","true","2","Yekar Tiferet on Mishneh Torah, Slaves 5:6:2; Yekar Tiferet on Mishneh Torah, Slaves 5:9:2"
"yekar-tiferet-on-mishneh-torah-slaves","Yekar Tiferet on Mishneh Torah, Slaves","tok-35da71fd402d","השנוי","השנוי","Unresolved","","No lexical entry yet","true","1","Yekar Tiferet on Mishneh Torah, Slaves 5:4:4"
"yekar-tiferet-on-mishneh-torah-slaves","Yekar Tiferet on Mishneh Torah, Slaves","tok-56567eb39490","השנית","השנית","Unresolved","","No lexical entry yet","true","1","Yekar Tiferet on Mishneh Torah, Slaves 1:6:2"
"yekar-tiferet-on-mishneh-torah-slaves","Yekar Tiferet on Mishneh Torah, Slaves","tok-404a3ed46197","השפחות","השפחות","Unresolved","","No lexical entry yet","true","1","Yekar Tiferet on Mishneh Torah, Slaves 9:3:1"
"yekar-tiferet-on-mishneh-torah-slaves","Yekar Tiferet on Mishneh Torah, Slaves","tok-6040c6958e63","השתא","השתא","Unresolved","","No lexical entry yet","true","2","Yekar Tiferet on Mishneh Torah, Slaves 2:6:1; Yekar Tiferet on Mishneh Torah, Slaves 4:14:1"
"yekar-tiferet-on-mishneh-torah-slaves","Yekar Tiferet on Mishneh Torah, Slaves","tok-91ea97420dd4","התוס׳","התוס׳","Unresolved","","No lexical entry yet","true","1","Yekar Tiferet on Mishneh Torah, Slaves 3:7:2"
"yekar-tiferet-on-mishneh-torah-slaves","Yekar Tiferet on Mishneh Torah, Slaves","tok-b03b63c6aa4a","התירה","התירה","Unresolved","","No lexical entry yet","true","1","Yekar Tiferet on Mishneh Torah, Slaves 3:3:1"
"yekar-tiferet-on-mishneh-torah-slaves","Yekar Tiferet on Mishneh Torah, Slaves","tok-0f5e03963f0f","התירתה","התירתה","Unresolved","","No lexical entry yet","true","1","Yekar Tiferet on Mishneh Torah, Slaves 3:3:1"
"yekar-tiferet-on-mishneh-torah-slaves","Yekar Tiferet on Mishneh Torah, Slaves","tok-b76dd5b4b780","התקנה","התקנה","Unresolved","","No lexical entry yet","true","1","Yekar Tiferet on Mishneh Torah, Slaves 9:7:2"
"yekar-tiferet-on-mishneh-torah-slaves","Yekar Tiferet on Mishneh Torah, Slaves","tok-aaa371fb12b6","ו׳ל׳א׳","ו׳ל׳א׳","Unresolved","","No lexical entry yet","true","1","Yekar Tiferet on Mishneh Torah, Slaves 5:4:4"
"yekar-tiferet-on-mishneh-torah-slaves","Yekar Tiferet on Mishneh Torah, Slaves","tok-cf41d83a36a8","וא״ת","וא״ת","Unresolved","","No lexical entry yet","true","40","Yekar Tiferet on Mishneh Torah, Slaves 1:1:5; Yekar Tiferet on Mishneh Torah, Slaves 1:3:2; Yekar Tiferet on Mishneh Torah, Slaves 1:7:2; Yekar Tiferet on Mishneh Torah, Slaves 1:8:2; Yekar Tiferet on Mishneh Torah, Slaves 1:9:1"
"yekar-tiferet-on-mishneh-torah-slaves","Yekar Tiferet on Mishneh Torah, Slaves","tok-b0cdd0407334","ואביו","ואביו","Unresolved","","No lexical entry yet","true","1","Yekar Tiferet on Mishneh Torah, Slaves 4:10:1"
"yekar-tiferet-on-mishneh-torah-slaves","Yekar Tiferet on Mishneh Torah, Slaves","tok-b5a02f8a2739","ואביי","ואביי","Unresolved","","No lexical entry yet","true","1","Yekar Tiferet on Mishneh Torah, Slaves 8:15:1"
"yekar-tiferet-on-mishneh-torah-slaves","Yekar Tiferet on Mishneh Torah, Slaves","tok-6450e9f01a16","ואגב","ואגב","Unresolved","","No lexical entry yet","true","1","Yekar Tiferet on Mishneh Torah, Slaves 4:13:4"
"yekar-tiferet-on-mishneh-torah-slaves","Yekar Tiferet on Mishneh Torah, Slaves","tok-36345a2fdc90","ואוכלת","ואוכלת","Unresolved","","No lexical entry yet","true","1","Yekar Tiferet on Mishneh Torah, Slaves 3:1:2"
"yekar-tiferet-on-mishneh-torah-slaves","Yekar Tiferet on Mishneh Torah, Slaves","tok-fbdd93416598","ואזיל","ואזיל","Unresolved","","No lexical entry yet","true","3","Yekar Tiferet on Mishneh Torah, Slaves 2:10:1; Yekar Tiferet on Mishneh Torah, Slaves 6:5:1; Yekar Tiferet on Mishneh Torah, Slaves 8:15:1"
"yekar-tiferet-on-mishneh-torah-slaves","Yekar Tiferet on Mishneh Torah, Slaves","tok-013441163de2","ואחיו","ואחיו","Unresolved","","No lexical entry yet","true","1","Yekar Tiferet on Mishneh Torah, Slaves 4:10:1"
"yekar-tiferet-on-mishneh-torah-slaves","Yekar Tiferet on Mishneh Torah, Slaves","tok-b5b78274f351","ואיברא","ואיברא","Unresolved","","No lexical entry yet","true","1","Yekar Tiferet on Mishneh Torah, Slaves 9:3:1"
"yekar-tiferet-on-mishneh-torah-slaves","Yekar Tiferet on Mishneh Torah, Slaves","tok-36ec77028267","ואידך","ואידכ","Unresolved","","No lexical entry yet","true","1","Yekar Tiferet on Mishneh Torah, Slaves 4:7:5"
"yekar-tiferet-on-mishneh-torah-slaves","Yekar Tiferet on Mishneh Torah, Slaves","tok-46bdc196a74b","ואיהו","ואיהו","Unresolved","","No lexical entry yet","true","1","Yekar Tiferet on Mishneh Torah, Slaves 5:4:3"
"yekar-tiferet-on-mishneh-torah-slaves","Yekar Tiferet on Mishneh Torah, Slaves","tok-4a9be1e50aab","ואיזה","ואיזה","Unresolved","","No lexical entry yet","true","1","Yekar Tiferet on Mishneh Torah, Slaves 3:7:2"
"yekar-tiferet-on-mishneh-torah-slaves","Yekar Tiferet on Mishneh Torah, Slaves","tok-2337588f6477","ואיכא","ואיכא","Unresolved","","No lexical entry yet","true","4","Yekar Tiferet on Mishneh Torah, Slaves 5:1:1; Yekar Tiferet on Mishneh Torah, Slaves 5:4:4; Yekar Tiferet on Mishneh Torah, Slaves 6:5:1; Yekar Tiferet on Mishneh Torah, Slaves 8:11:1"
"yekar-tiferet-on-mishneh-torah-slaves","Yekar Tiferet on Mishneh Torah, Slaves","tok-44627de6e348","ואילך","ואילכ","Unresolved","","No lexical entry yet","true","1","Yekar Tiferet on Mishneh Torah, Slaves 4:5:2"
"yekar-tiferet-on-mishneh-torah-slaves","Yekar Tiferet on Mishneh Torah, Slaves","tok-9868f4a153f9","ואיסור","ואיסור","Unresolved","","No lexical entry yet","true","1","Yekar Tiferet on Mishneh Torah, Slaves 6:7:2"
"yekar-tiferet-on-mishneh-torah-slaves","Yekar Tiferet on Mishneh Torah, Slaves","tok-0c0d589bb028","ואיפכא","ואיפכא","Unresolved","","No lexical entry yet","true","2","Yekar Tiferet on Mishneh Torah, Slaves 5:14:1; Yekar Tiferet on Mishneh Torah, Slaves 7:6:2"
"yekar-tiferet-on-mishneh-torah-slaves","Yekar Tiferet on Mishneh Torah, Slaves","tok-b95a0ad619de","ואיתא","ואיתא","Unresolved","","No lexical entry yet","true","2","Yekar Tiferet on Mishneh Torah, Slaves 2:6:1; Yekar Tiferet on Mishneh Torah, Slaves 8:9:2"
"yekar-tiferet-on-mishneh-torah-slaves","Yekar Tiferet on Mishneh Torah, Slaves","tok-1ced2c9b1f78","ואכתי","ואכתי","Unresolved","","No lexical entry yet","true","3","Yekar Tiferet on Mishneh Torah, Slaves 1:2:2; Yekar Tiferet on Mishneh Torah, Slaves 3:4:1; Yekar Tiferet on Mishneh Torah, Slaves 4:9:2"
"yekar-tiferet-on-mishneh-torah-slaves","Yekar Tiferet on Mishneh Torah, Slaves","tok-d872ae3789a8","ואמאי","ואמאי","Unresolved","","No lexical entry yet","true","2","Yekar Tiferet on Mishneh Torah, Slaves 2:8:1; Yekar Tiferet on Mishneh Torah, Slaves 5:6:2"
"yekar-tiferet-on-mishneh-torah-slaves","Yekar Tiferet on Mishneh Torah, Slaves","tok-fa40ec15f66c","ואמר","ואמר","Unresolved","","No lexical entry yet","true","5","Yekar Tiferet on Mishneh Torah, Slaves 5:6:1; Yekar Tiferet on Mishneh Torah, Slaves 6:4:1; Yekar Tiferet on Mishneh Torah, Slaves 7:1:2; Yekar Tiferet on Mishneh Torah, Slaves 7:4:1; Yekar Tiferet on Mishneh Torah, Slaves 9:6:3"
"yekar-tiferet-on-mishneh-torah-slaves","Yekar Tiferet on Mishneh Torah, Slaves","tok-b48b07e9d460","ואמרו","ואמרו","Unresolved","","No lexical entry yet","true","1","Yekar Tiferet on Mishneh Torah, Slaves 8:19:1"
"yekar-tiferet-on-mishneh-torah-slaves","Yekar Tiferet on Mishneh Torah, Slaves","tok-9d78018bdef7","ואמרי","ואמרי","Unresolved","","No lexical entry yet","true","1","Yekar Tiferet on Mishneh Torah, Slaves 8:5:1"
"yekar-tiferet-on-mishneh-torah-slaves","Yekar Tiferet on Mishneh Torah, Slaves","tok-dce13185bf28","ואמרינן","ואמריננ","Unresolved","","No lexical entry yet","true","6","Yekar Tiferet on Mishneh Torah, Slaves 3:6:1; Yekar Tiferet on Mishneh Torah, Slaves 4:7:5; Yekar Tiferet on Mishneh Torah, Slaves 5:12:1; Yekar Tiferet on Mishneh Torah, Slaves 8:9:1; Yekar Tiferet on Mishneh Torah, Slaves 8:15:1"
"yekar-tiferet-on-mishneh-torah-slaves","Yekar Tiferet on Mishneh Torah, Slaves","tok-684b771db52c","ואנדרוגינוס","ואנדרוגינוס","Unresolved","","No lexical entry yet","true","1","Yekar Tiferet on Mishneh Torah, Slaves 4:1:3"
"yekar-tiferet-on-mishneh-torah-slaves","Yekar Tiferet on Mishneh Torah, Slaves","tok-25a439744e98","ואנן","ואננ","Unresolved","","No lexical entry yet","true","3","Yekar Tiferet on Mishneh Torah, Slaves 5:1:1; Yekar Tiferet on Mishneh Torah, Slaves 7:5:1; Yekar Tiferet on Mishneh Torah, Slaves 7:6:2"
"yekar-tiferet-on-mishneh-torah-slaves","Yekar Tiferet on Mishneh Torah, Slaves","tok-8b950a0edf9d","ואסור","ואסור","Unresolved","","No lexical entry yet","true","2","Yekar Tiferet on Mishneh Torah, Slaves 2:2:1; Yekar Tiferet on Mishneh Torah, Slaves 8:18:1"
"yekar-tiferet-on-mishneh-torah-slaves","Yekar Tiferet on Mishneh Torah, Slaves","tok-4b0e14f01783","ואסרוה","ואסרוה","Unresolved","","No lexical entry yet","true","1","Yekar Tiferet on Mishneh Torah, Slaves 4:13:4"
"yekar-tiferet-on-mishneh-torah-slaves","Yekar Tiferet on Mishneh Torah, Slaves","tok-afdb9d9b44e3","ואעפ״כ","ואעפ״כ","Unresolved","","No lexical entry yet","true","1","Yekar Tiferet on Mishneh Torah, Slaves 4:2:2"
"yekar-tiferet-on-mishneh-torah-slaves","Yekar Tiferet on Mishneh Torah, Slaves","tok-534214a5b60a","ואפ״ה","ואפ״ה","Unresolved","","No lexical entry yet","true","1","Yekar Tiferet on Mishneh Torah, Slaves 2:12:2"
"yekar-tiferet-on-mishneh-torah-slaves","Yekar Tiferet on Mishneh Torah, Slaves","tok-b326b5aeff8a","ואפשיטא","ואפשיטא","Unresolved","","No lexical entry yet","true","1","Yekar Tiferet on Mishneh Torah, Slaves 1:8:2"
"yekar-tiferet-on-mishneh-torah-slaves","Yekar Tiferet on Mishneh Torah, Slaves","tok-05b0c2cf7ba7","ואצטריך","ואצטריכ","Unresolved","","No lexical entry yet","true","1","Yekar Tiferet on Mishneh Torah, Slaves 1:9:2"
"yekar-tiferet-on-mishneh-torah-slaves","Yekar Tiferet on Mishneh Torah, Slaves","tok-57cfbada1254","ואצטריכי","ואצטריכי","Unresolved","","No lexical entry yet","true","1","Yekar Tiferet on Mishneh Torah, Slaves 5:12:1"
"yekar-tiferet-on-mishneh-torah-slaves","Yekar Tiferet on Mishneh Torah, Slaves","tok-9f3d1109d52b","ואקח","ואקח","Unresolved","","No lexical entry yet","true","1","Yekar Tiferet on Mishneh Torah, Slaves 4:3:2"
"yekar-tiferet-on-mishneh-torah-slaves","Yekar Tiferet on Mishneh Torah, Slaves","tok-f231b9f766b4","ואקשינן","ואקשיננ","Unresolved","","No lexical entry yet","true","4","Yekar Tiferet on Mishneh Torah, Slaves 3:8:1; Yekar Tiferet on Mishneh Torah, Slaves 6:6:5; Yekar Tiferet on Mishneh Torah, Slaves 6:7:1; Yekar Tiferet on Mishneh Torah, Slaves 8:14:1"
"yekar-tiferet-on-mishneh-torah-slaves","Yekar Tiferet on Mishneh Torah, Slaves","tok-0981e77d80d3","ואשתו","ואשתו","Unresolved","","No lexical entry yet","true","2","Yekar Tiferet on Mishneh Torah, Slaves 3:1:1; Yekar Tiferet on Mishneh Torah, Slaves 3:1:3"
"yekar-tiferet-on-mishneh-torah-slaves","Yekar Tiferet on Mishneh Torah, Slaves","tok-c3523d326c79","ואת״ל","ואת״ל","Unresolved","","No lexical entry yet","true","1","Yekar Tiferet on Mishneh Torah, Slaves 4:7:5"
"yekar-tiferet-on-mishneh-torah-slaves","Yekar Tiferet on Mishneh Torah, Slaves","tok-1df923b22535","וב״ה","וב״ה","Unresolved","","No lexical entry yet","true","1","Yekar Tiferet on Mishneh Torah, Slaves 7:7:1"
"yekar-tiferet-on-mishneh-torah-slaves","Yekar Tiferet on Mishneh Torah, Slaves","tok-af8004e6741d","ובאשה","ובאשה","Unresolved","","No lexical entry yet","true","1","Yekar Tiferet on Mishneh Torah, Slaves 5:5:3"
"yekar-tiferet-on-mishneh-torah-slaves","Yekar Tiferet on Mishneh Torah, Slaves","tok-99115cd2d873","ובהלכות","ובהלכות","Unresolved","","No lexical entry yet","true","1","Yekar Tiferet on Mishneh Torah, Slaves 1:8:2"
"yekar-tiferet-on-mishneh-torah-slaves","Yekar Tiferet on Mishneh Torah, Slaves","tok-eddd14a4d3a5","ובזמן","ובזמנ","Unresolved","","No lexical entry yet","true","1","Yekar Tiferet on Mishneh Torah, Slaves 6:6:2"
"yekar-tiferet-on-mishneh-torah-slaves","Yekar Tiferet on Mishneh Torah, Slaves","tok-2adae0d04e89","ובחזקה","ובחזקה","Unresolved","","No lexical entry yet","true","1","Yekar Tiferet on Mishneh Torah, Slaves 5:1:1"
"yekar-tiferet-on-mishneh-torah-slaves","Yekar Tiferet on Mishneh Torah, Slaves","tok-e607faa4439a","ובי״ד","ובי״ד","Unresolved","","No lexical entry yet","true","1","Yekar Tiferet on Mishneh Torah, Slaves 2:7:2"
"yekar-tiferet-on-mishneh-torah-slaves","Yekar Tiferet on Mishneh Torah, Slaves","tok-6af2bba3f6b7","וביובל","וביובל","Unresolved","","No lexical entry yet","true","1","Yekar Tiferet on Mishneh Torah, Slaves 2:6:1"
"yekar-tiferet-on-mishneh-torah-slaves","Yekar Tiferet on Mishneh Torah, Slaves","tok-05dfc4dafb9a","וביתו","וביתו","Unresolved","","No lexical entry yet","true","1","Yekar Tiferet on Mishneh Torah, Slaves 4:2:1"
"yekar-tiferet-on-mishneh-torah-slaves","Yekar Tiferet on Mishneh Torah, Slaves","tok-6e67930e03ae","ובמדור","ובמדור","Unresolved","","No lexical entry yet","true","1","Yekar Tiferet on Mishneh Torah, Slaves 1:9:1"
"yekar-tiferet-on-mishneh-torah-slaves","Yekar Tiferet on Mishneh Torah, Slaves","tok-be739cf95155","ובמוכר","ובמוכר","Unresolved","","No lexical entry yet","true","1","Yekar Tiferet on Mishneh Torah, Slaves 2:12:2"
"yekar-tiferet-on-mishneh-torah-slaves","Yekar Tiferet on Mishneh Torah, Slaves","tok-d2961c5b0121","ובמכרוהו","ובמכרוהו","Unresolved","","No lexical entry yet","true","1","Yekar Tiferet on Mishneh Torah, Slaves 3:1:3"
"yekar-tiferet-on-mishneh-torah-slaves","Yekar Tiferet on Mishneh Torah, Slaves","tok-92004a8aef89","ובמשקה","ובמשקה","Unresolved","","No lexical entry yet","true","1","Yekar Tiferet on Mishneh Torah, Slaves 1:9:1"
"yekar-tiferet-on-mishneh-torah-slaves","Yekar Tiferet on Mishneh Torah, Slaves","tok-a4e685efc257","ובן","ובנ","Unresolved","","No lexical entry yet","true","2","Yekar Tiferet on Mishneh Torah, Slaves 5:4:4"
"yekar-tiferet-on-mishneh-torah-slaves","Yekar Tiferet on Mishneh Torah, Slaves","tok-d898c182e982","ובנותיו","ובנותיו","Unresolved","","No lexical entry yet","true","1","Yekar Tiferet on Mishneh Torah, Slaves 3:1:3"
"yekar-tiferet-on-mishneh-torah-slaves","Yekar Tiferet on Mishneh Torah, Slaves","tok-749dcf559700","ובניו","ובניו","Unresolved","","No lexical entry yet","true","7","Yekar Tiferet on Mishneh Torah, Slaves 3:1:1; Yekar Tiferet on Mishneh Torah, Slaves 3:1:3; Yekar Tiferet on Mishneh Torah, Slaves 4:3:1"
"yekar-tiferet-on-mishneh-torah-slaves","Yekar Tiferet on Mishneh Torah, Slaves","tok-6b83a5a465dc","ובנמכר","ובנמכר","Unresolved","","No lexical entry yet","true","4","Yekar Tiferet on Mishneh Torah, Slaves 2:8:1; Yekar Tiferet on Mishneh Torah, Slaves 2:10:1; Yekar Tiferet on Mishneh Torah, Slaves 2:12:1; Yekar Tiferet on Mishneh Torah, Slaves 3:1:3"
"yekar-tiferet-on-mishneh-torah-slaves","Yekar Tiferet on Mishneh Torah, Slaves","tok-82454739fb7c","ובנרצע","ובנרצע","Unresolved","","No lexical entry yet","true","1","Yekar Tiferet on Mishneh Torah, Slaves 4:4:2"
"yekar-tiferet-on-mishneh-torah-slaves","Yekar Tiferet on Mishneh Torah, Slaves","tok-84f1f8336458","ובעבד","ובעבד","Unresolved","","No lexical entry yet","true","2","Yekar Tiferet on Mishneh Torah, Slaves 3:2:1; Yekar Tiferet on Mishneh Torah, Slaves 4:6:1"
"yekar-tiferet-on-mishneh-torah-slaves","Yekar Tiferet on Mishneh Torah, Slaves","tok-aa74430cc386","ובעידי","ובעידי","Unresolved","","No lexical entry yet","true","1","Yekar Tiferet on Mishneh Torah, Slaves 6:6:1"
"yekar-tiferet-on-mishneh-torah-slaves","Yekar Tiferet on Mishneh Torah, Slaves","tok-67adb4ddbc56","ובעינן","ובעיננ","Unresolved","","No lexical entry yet","true","1","Yekar Tiferet on Mishneh Torah, Slaves 3:10:1"
"yekar-tiferet-on-mishneh-torah-slaves","Yekar Tiferet on Mishneh Torah, Slaves","tok-2698c9cd9ad5","ובעלה","ובעלה","Unresolved","","No lexical entry yet","true","1","Yekar Tiferet on Mishneh Torah, Slaves 8:10:1"
"yekar-tiferet-on-mishneh-torah-slaves","Yekar Tiferet on Mishneh Torah, Slaves","tok-8d4b49373220","ובפרק","ובפרק","Unresolved","","No lexical entry yet","true","1","Yekar Tiferet on Mishneh Torah, Slaves 1:8:2"
"yekar-tiferet-on-mishneh-torah-slaves","Yekar Tiferet on Mishneh Torah, Slaves","tok-f1a7338a3488","וברייתא","וברייתא","Unresolved","","No lexical entry yet","true","1","Yekar Tiferet on Mishneh Torah, Slaves 9:3:1"
"yekar-tiferet-on-mishneh-torah-slaves","Yekar Tiferet on Mishneh Torah, Slaves","tok-3cfe3704fc1d","וברשות","וברשות","Unresolved","","No lexical entry yet","true","1","Yekar Tiferet on Mishneh Torah, Slaves 5:13:2"
"yekar-tiferet-on-mishneh-torah-slaves","Yekar Tiferet on Mishneh Torah, Slaves","tok-efd2575e0fa9","ובשטר","ובשטר","Unresolved","","No lexical entry yet","true","5","Yekar Tiferet on Mishneh Torah, Slaves 5:1:1; Yekar Tiferet on Mishneh Torah, Slaves 5:1:2; Yekar Tiferet on Mishneh Torah, Slaves 5:3:1"
"yekar-tiferet-on-mishneh-torah-slaves","Yekar Tiferet on Mishneh Torah, Slaves","tok-2159166dfdf8","ובשלמא","ובשלמא","Unresolved","","No lexical entry yet","true","3","Yekar Tiferet on Mishneh Torah, Slaves 4:9:2; Yekar Tiferet on Mishneh Torah, Slaves 4:14:1; Yekar Tiferet on Mishneh Torah, Slaves 8:11:1"
"yekar-tiferet-on-mishneh-torah-slaves","Yekar Tiferet on Mishneh Torah, Slaves","tok-ea9d1754dc6a","וגבי","וגבי","Unresolved","","No lexical entry yet","true","1","Yekar Tiferet on Mishneh Torah, Slaves 2:7:5"
"yekar-tiferet-on-mishneh-torah-slaves","Yekar Tiferet on Mishneh Torah, Slaves","tok-56b1c18a9f22","וגובה","וגובה","Unresolved","","No lexical entry yet","true","1","Yekar Tiferet on Mishneh Torah, Slaves 8:16:1"
"yekar-tiferet-on-mishneh-torah-slaves","Yekar Tiferet on Mishneh Torah, Slaves","tok-62fc25019a4d","וגזרת","וגזרת","Unresolved","","No lexical entry yet","true","1","Yekar Tiferet on Mishneh Torah, Slaves 4:6:1"
"yekar-tiferet-on-mishneh-torah-slaves","Yekar Tiferet on Mishneh Torah, Slaves","tok-317be698d32a","וגט","וגט","Unresolved","","No lexical entry yet","true","1","Yekar Tiferet on Mishneh Torah, Slaves 8:11:1"
"yekar-tiferet-on-mishneh-torah-slaves","Yekar Tiferet on Mishneh Torah, Slaves","tok-710870561c5e","וגיטו","וגיטו","Unresolved","","No lexical entry yet","true","1","Yekar Tiferet on Mishneh Torah, Slaves 6:8:3"
"yekar-tiferet-on-mishneh-torah-slaves","Yekar Tiferet on Mishneh Torah, Slaves","tok-a3f3dc5b6977","וגירשה","וגירשה","Unresolved","","No lexical entry yet","true","1","Yekar Tiferet on Mishneh Torah, Slaves 4:13:2"
"yekar-tiferet-on-mishneh-torah-slaves","Yekar Tiferet on Mishneh Torah, Slaves","tok-029a0cf0c85f","וגלה","וגלה","Unresolved","","No lexical entry yet","true","1","Yekar Tiferet on Mishneh Torah, Slaves 3:8:2"
"yekar-tiferet-on-mishneh-torah-slaves","Yekar Tiferet on Mishneh Torah, Slaves","tok-95a4238a5589","וגר","וגר","Unresolved","","No lexical entry yet","true","2","Yekar Tiferet on Mishneh Torah, Slaves 1:3:1"
"yekar-tiferet-on-mishneh-torah-slaves","Yekar Tiferet on Mishneh Torah, Slaves","tok-26ca6e228f37","וגרעון","וגרעונ","Unresolved","","No lexical entry yet","true","2","Yekar Tiferet on Mishneh Torah, Slaves 4:4:1; Yekar Tiferet on Mishneh Torah, Slaves 4:9:2"
"yekar-tiferet-on-mishneh-torah-slaves","Yekar Tiferet on Mishneh Torah, Slaves","tok-7f3d3e700131","ודברייתא","ודברייתא","Unresolved","","No lexical entry yet","true","1","Yekar Tiferet on Mishneh Torah, Slaves 3:1:4"
"yekar-tiferet-on-mishneh-torah-slaves","Yekar Tiferet on Mishneh Torah, Slaves","tok-50d78085607b","ודוק","ודוק","Unresolved","","No lexical entry yet","true","1","Yekar Tiferet on Mishneh Torah, Slaves 7:5:1"
"yekar-tiferet-on-mishneh-torah-slaves","Yekar Tiferet on Mishneh Torah, Slaves","tok-ad86afcc2146","ודחי","ודחי","Unresolved","","No lexical entry yet","true","1","Yekar Tiferet on Mishneh Torah, Slaves 4:7:5"
"yekar-tiferet-on-mishneh-torah-slaves","Yekar Tiferet on Mishneh Torah, Slaves","tok-29cca0037a0d","ודחיק","ודחיק","Unresolved","","No lexical entry yet","true","1","Yekar Tiferet on Mishneh Torah, Slaves 4:10:1"
"yekar-tiferet-on-mishneh-torah-slaves","Yekar Tiferet on Mishneh Torah, Slaves","tok-42ad3ba7ff29","ודייקינן","ודייקיננ","Unresolved","","No lexical entry yet","true","1","Yekar Tiferet on Mishneh Torah, Slaves 4:10:1"
"yekar-tiferet-on-mishneh-torah-slaves","Yekar Tiferet on Mishneh Torah, Slaves","tok-ff0e3d95956b","ודינו","ודינו","Unresolved","","No lexical entry yet","true","2","Yekar Tiferet on Mishneh Torah, Slaves 1:3:1"
"yekar-tiferet-on-mishneh-torah-slaves","Yekar Tiferet on Mishneh Torah, Slaves","tok-2f5d6cecb2ec","ודכוותיה","ודכוותיה","Unresolved","","No lexical entry yet","true","1","Yekar Tiferet on Mishneh Torah, Slaves 3:8:2"
"yekar-tiferet-on-mishneh-torah-slaves","Yekar Tiferet on Mishneh Torah, Slaves","tok-9e414050517d","ודמיא","ודמיא","Unresolved","","No lexical entry yet","true","1","Yekar Tiferet on Mishneh Torah, Slaves 7:4:2"
"yekar-tiferet-on-mishneh-torah-slaves","Yekar Tiferet on Mishneh Torah, Slaves","tok-e3f4c4a53ad3","וה״פ","וה״פ","Unresolved","","No lexical entry yet","true","1","Yekar Tiferet on Mishneh Torah, Slaves 8:13:1"
"yekar-tiferet-on-mishneh-torah-slaves","Yekar Tiferet on Mishneh Torah, Slaves","tok-dfd971cd625e","והאידנא","והאידנא","Unresolved","","No lexical entry yet","true","1","Yekar Tiferet on Mishneh Torah, Slaves 5:17:1"
"yekar-tiferet-on-mishneh-torah-slaves","Yekar Tiferet on Mishneh Torah, Slaves","tok-2821a356fe02","והאיכא","והאיכא","Unresolved","","No lexical entry yet","true","1","Yekar Tiferet on Mishneh Torah, Slaves 6:6:5"
"yekar-tiferet-on-mishneh-torah-slaves","Yekar Tiferet on Mishneh Torah, Slaves","tok-e4641ba53e3e","והאנדרוגינוס","והאנדרוגינוס","Unresolved","","No lexical entry yet","true","1","Yekar Tiferet on Mishneh Torah, Slaves 4:1:3"
"yekar-tiferet-on-mishneh-torah-slaves","Yekar Tiferet on Mishneh Torah, Slaves","tok-2e8f663a27a3","והבגדים","והבגדימ","Unresolved","","No lexical entry yet","true","1","Yekar Tiferet on Mishneh Torah, Slaves 3:14:3"
"yekar-tiferet-on-mishneh-torah-slaves","Yekar Tiferet on Mishneh Torah, Slaves","tok-d2c84f9a3c09","והביאו","והביאו","Unresolved","","No lexical entry yet","true","1","Yekar Tiferet on Mishneh Torah, Slaves 5:1:1"
"yekar-tiferet-on-mishneh-torah-slaves","Yekar Tiferet on Mishneh Torah, Slaves","tok-6c52e603fb2a","והבריא","והבריא","Unresolved","","No lexical entry yet","true","1","Yekar Tiferet on Mishneh Torah, Slaves 2:10:2"
"yekar-tiferet-on-mishneh-torah-slaves","Yekar Tiferet on Mishneh Torah, Slaves","tok-9422739b1cdb","והברייתא","והברייתא","Unresolved","","No lexical entry yet","true","1","Yekar Tiferet on Mishneh Torah, Slaves 9:3:1"
"yekar-tiferet-on-mishneh-torah-slaves","Yekar Tiferet on Mishneh Torah, Slaves","tok-132efef7acb1","והגט","והגט","Unresolved","","No lexical entry yet","true","1","Yekar Tiferet on Mishneh Torah, Slaves 7:2:1"
"yekar-tiferet-on-mishneh-torah-slaves","Yekar Tiferet on Mishneh Torah, Slaves","tok-ed32e9c2ffc7","והודה","והודה","Unresolved","","No lexical entry yet","true","1","Yekar Tiferet on Mishneh Torah, Slaves 6:4:1"
"yekar-tiferet-on-mishneh-torah-slaves","Yekar Tiferet on Mishneh Torah, Slaves","tok-50971cf9097d","והוי","והוי","Unresolved","","No lexical entry yet","true","5","Yekar Tiferet on Mishneh Torah, Slaves 2:8:2; Yekar Tiferet on Mishneh Torah, Slaves 4:7:3; Yekar Tiferet on Mishneh Torah, Slaves 5:6:2; Yekar Tiferet on Mishneh Torah, Slaves 7:4:2; Yekar Tiferet on Mishneh Torah, Slaves 8:5:1"
"yekar-tiferet-on-mishneh-torah-slaves","Yekar Tiferet on Mishneh Torah, Slaves","tok-65140959504e","והוליד","והוליד","Unresolved","","No lexical entry yet","true","1","Yekar Tiferet on Mishneh Torah, Slaves 9:3:1"
"yekar-tiferet-on-mishneh-torah-slaves","Yekar Tiferet on Mishneh Torah, Slaves","tok-a1ac771ca849","והוסיף","והוסיפ","Unresolved","","No lexical entry yet","true","1","Yekar Tiferet on Mishneh Torah, Slaves 3:14:3"
"yekar-tiferet-on-mishneh-torah-slaves","Yekar Tiferet on Mishneh Torah, Slaves","tok-725357b058c5","והוציא","והוציא","Unresolved","","No lexical entry yet","true","1","Yekar Tiferet on Mishneh Torah, Slaves 3:2:1"
"yekar-tiferet-on-mishneh-torah-slaves","Yekar Tiferet on Mishneh Torah, Slaves","tok-8c5017e52bb5","והוצרכתי","והוצרכתי","Unresolved","","No lexical entry yet","true","1","Yekar Tiferet on Mishneh Torah, Slaves 5:4:4"
"yekar-tiferet-on-mishneh-torah-slaves","Yekar Tiferet on Mishneh Torah, Slaves","tok-1a1be311a9bf","והיוצאת","והיוצאת","Unresolved","","No lexical entry yet","true","1","Yekar Tiferet on Mishneh Torah, Slaves 4:9:2"
"yekar-tiferet-on-mishneh-torah-slaves","Yekar Tiferet on Mishneh Torah, Slaves","tok-a0798ca92c17","והירושלמי","והירושלמי","Unresolved","","No lexical entry yet","true","1","Yekar Tiferet on Mishneh Torah, Slaves 9:8:2"
"yekar-tiferet-on-mishneh-torah-slaves","Yekar Tiferet on Mishneh Torah, Slaves","tok-b4f51e23b904","והך","והכ","Unresolved","","No lexical entry yet","true","2","Yekar Tiferet on Mishneh Torah, Slaves 1:8:2; Yekar Tiferet on Mishneh Torah, Slaves 5:13:1"
"yekar-tiferet-on-mishneh-torah-slaves","Yekar Tiferet on Mishneh Torah, Slaves","tok-22e64c6e0958","והכא","והכא","Unresolved","","No lexical entry yet","true","7","Yekar Tiferet on Mishneh Torah, Slaves 3:5:3; Yekar Tiferet on Mishneh Torah, Slaves 3:14:4; Yekar Tiferet on Mishneh Torah, Slaves 4:7:3; Yekar Tiferet on Mishneh Torah, Slaves 5:3:1; Yekar Tiferet on Mishneh Torah, Slaves 5:14:1"
"yekar-tiferet-on-mishneh-torah-slaves","Yekar Tiferet on Mishneh Torah, Slaves","tok-c2e79108f1a2","והכותב","והכותב","Unresolved","","No lexical entry yet","true","1","Yekar Tiferet on Mishneh Torah, Slaves 5:3:3"
"yekar-tiferet-on-mishneh-torah-slaves","Yekar Tiferet on Mishneh Torah, Slaves","tok-175204da8b35","והכי","והכי","Unresolved","","No lexical entry yet","true","9","Yekar Tiferet on Mishneh Torah, Slaves 1:3:1; Yekar Tiferet on Mishneh Torah, Slaves 2:10:2; Yekar Tiferet on Mishneh Torah, Slaves 3:14:2; Yekar Tiferet on Mishneh Torah, Slaves 4:2:1; Yekar Tiferet on Mishneh Torah, Slaves 4:7:5"
"yekar-tiferet-on-mishneh-torah-slaves","Yekar Tiferet on Mishneh Torah, Slaves","tok-d79175dce26e","והלא","והלא","Unresolved","","No lexical entry yet","true","11","Yekar Tiferet on Mishneh Torah, Slaves 1:6:2; Yekar Tiferet on Mishneh Torah, Slaves 2:1:1; Yekar Tiferet on Mishneh Torah, Slaves 2:6:2; Yekar Tiferet on Mishneh Torah, Slaves 3:1:2; Yekar Tiferet on Mishneh Torah, Slaves 3:4:1"
"yekar-tiferet-on-mishneh-torah-slaves","Yekar Tiferet on Mishneh Torah, Slaves","tok-d55ca4befcaf","והלכה","והלכה","Unresolved","","No lexical entry yet","true","1","Yekar Tiferet on Mishneh Torah, Slaves 6:1:2"
"yekar-tiferet-on-mishneh-torah-slaves","Yekar Tiferet on Mishneh Torah, Slaves","tok-976233dfb7a4","והלכתא","והלכתא","Unresolved","","No lexical entry yet","true","3","Yekar Tiferet on Mishneh Torah, Slaves 3:4:2; Yekar Tiferet on Mishneh Torah, Slaves 5:4:2; Yekar Tiferet on Mishneh Torah, Slaves 8:13:1"
"yekar-tiferet-on-mishneh-torah-slaves","Yekar Tiferet on Mishneh Torah, Slaves","tok-7ee3b46d1ee6","והני","והני","Unresolved","","No lexical entry yet","true","1","Yekar Tiferet on Mishneh Torah, Slaves 6:6:5"
"yekar-tiferet-on-mishneh-torah-slaves","Yekar Tiferet on Mishneh Torah, Slaves","tok-a62503a0d6bf","והניח","והניח","Unresolved","","No lexical entry yet","true","1","Yekar Tiferet on Mishneh Torah, Slaves 2:12:1"
"yekar-tiferet-on-mishneh-torah-slaves","Yekar Tiferet on Mishneh Torah, Slaves","tok-46c968aaa036","והנכון","והנכונ","Unresolved","","No lexical entry yet","true","1","Yekar Tiferet on Mishneh Torah, Slaves 5:14:1"
"yekar-tiferet-on-mishneh-torah-slaves","Yekar Tiferet on Mishneh Torah, Slaves","tok-48ee03ee9b38","והנמכר","והנמכר","Unresolved","","No lexical entry yet","true","1","Yekar Tiferet on Mishneh Torah, Slaves 2:12:2"
"yekar-tiferet-on-mishneh-torah-slaves","Yekar Tiferet on Mishneh Torah, Slaves","tok-d4c626d05b14","והנראה","והנראה","Unresolved","","No lexical entry yet","true","1","Yekar Tiferet on Mishneh Torah, Slaves 4:7:5"
"yekar-tiferet-on-mishneh-torah-slaves","Yekar Tiferet on Mishneh Torah, Slaves","tok-3a86ff779123","והנרצע","והנרצע","Unresolved","","No lexical entry yet","true","1","Yekar Tiferet on Mishneh Torah, Slaves 3:7:2"
"yekar-tiferet-on-mishneh-torah-slaves","Yekar Tiferet on Mishneh Torah, Slaves","tok-c8fdbb2d49bd","והעבד","והעבד","Unresolved","","No lexical entry yet","true","4","Yekar Tiferet on Mishneh Torah, Slaves 6:3:1; Yekar Tiferet on Mishneh Torah, Slaves 6:8:2; Yekar Tiferet on Mishneh Torah, Slaves 8:10:1"
"yekar-tiferet-on-mishneh-torah-slaves","Yekar Tiferet on Mishneh Torah, Slaves","tok-91f618cb5bc0","והעולה","והעולה","Unresolved","","No lexical entry yet","true","1","Yekar Tiferet on Mishneh Torah, Slaves 6:7:2"
"yekar-tiferet-on-mishneh-torah-slaves","Yekar Tiferet on Mishneh Torah, Slaves","tok-756d70f2dc54","והפדה","והפדה","Unresolved","","No lexical entry yet","true","6","Yekar Tiferet on Mishneh Torah, Slaves 2:8:1; Yekar Tiferet on Mishneh Torah, Slaves 4:4:1; Yekar Tiferet on Mishneh Torah, Slaves 4:7:2; Yekar Tiferet on Mishneh Torah, Slaves 4:7:3; Yekar Tiferet on Mishneh Torah, Slaves 4:7:5"
"yekar-tiferet-on-mishneh-torah-slaves","Yekar Tiferet on Mishneh Torah, Slaves","tok-81e377f393c6","והפודהו","והפודהו","Unresolved","","No lexical entry yet","true","1","Yekar Tiferet on Mishneh Torah, Slaves 8:15:1"
"yekar-tiferet-on-mishneh-torah-slaves","Yekar Tiferet on Mishneh Torah, Slaves","tok-4aed67e8ece2","והפיל","והפיל","Unresolved","","No lexical entry yet","true","1","Yekar Tiferet on Mishneh Torah, Slaves 5:9:2"
"yekar-tiferet-on-mishneh-torah-slaves","Yekar Tiferet on Mishneh Torah, Slaves","tok-056b82dd28d3","והפילה","והפילה","Unresolved","","No lexical entry yet","true","2","Yekar Tiferet on Mishneh Torah, Slaves 5:6:2"
"yekar-tiferet-on-mishneh-torah-slaves","Yekar Tiferet on Mishneh Torah, Slaves","tok-3ce488e22a83","והפילו","והפילו","Unresolved","","No lexical entry yet","true","1","Yekar Tiferet on Mishneh Torah, Slaves 5:6:2"
"yekar-tiferet-on-mishneh-torah-slaves","Yekar Tiferet on Mishneh Torah, Slaves","tok-bd0291282419","והפקיעו","והפקיעו","Unresolved","","No lexical entry yet","true","1","Yekar Tiferet on Mishneh Torah, Slaves 8:11:1"
"yekar-tiferet-on-mishneh-torah-slaves","Yekar Tiferet on Mishneh Torah, Slaves","tok-4d87e1ad5abd","והצנה","והצנה","Unresolved","","No lexical entry yet","true","1","Yekar Tiferet on Mishneh Torah, Slaves 1:9:1"
"yekar-tiferet-on-mishneh-torah-slaves","Yekar Tiferet on Mishneh Torah, Slaves","tok-99a99318d182","והקדים","והקדימ","Unresolved","","No lexical entry yet","true","1","Yekar Tiferet on Mishneh Torah, Slaves 1:1:1"
"yekar-tiferet-on-mishneh-torah-slaves","Yekar Tiferet on Mishneh Torah, Slaves","tok-7b342ba7fb14","והקישה","והקישה","Unresolved","","No lexical entry yet","true","1","Yekar Tiferet on Mishneh Torah, Slaves 4:4:1"
"yekar-tiferet-on-mishneh-torah-slaves","Yekar Tiferet on Mishneh Torah, Slaves","tok-428a0292b47d","והקרקעות","והקרקעות","Unresolved","","No lexical entry yet","true","1","Yekar Tiferet on Mishneh Torah, Slaves 8:16:1"
"yekar-tiferet-on-mishneh-torah-slaves","Yekar Tiferet on Mishneh Torah, Slaves","tok-cff098ed5555","והרב","והרב","Unresolved","","No lexical entry yet","true","2","Yekar Tiferet on Mishneh Torah, Slaves 2:11:1; Yekar Tiferet on Mishneh Torah, Slaves 4:4:3"
"yekar-tiferet-on-mishneh-torah-slaves","Yekar Tiferet on Mishneh Torah, Slaves","tok-fc271e5b5a4b","והרוצה","והרוצה","Unresolved","","No lexical entry yet","true","1","Yekar Tiferet on Mishneh Torah, Slaves 6:7:2"
"yekar-tiferet-on-mishneh-torah-slaves","Yekar Tiferet on Mishneh Torah, Slaves","tok-2387d75cb482","והשתא","והשתא","Unresolved","","No lexical entry yet","true","5","Yekar Tiferet on Mishneh Torah, Slaves 1:3:2; Yekar Tiferet on Mishneh Torah, Slaves 4:7:1; Yekar Tiferet on Mishneh Torah, Slaves 4:7:5; Yekar Tiferet on Mishneh Torah, Slaves 5:4:4; Yekar Tiferet on Mishneh Torah, Slaves 6:4:1"
"yekar-tiferet-on-mishneh-torah-slaves","Yekar Tiferet on Mishneh Torah, Slaves","tok-a77169373920","והתחיל","והתחיל","Unresolved","","No lexical entry yet","true","1","Yekar Tiferet on Mishneh Torah, Slaves 5:14:1"
"yekar-tiferet-on-mishneh-torah-slaves","Yekar Tiferet on Mishneh Torah, Slaves","tok-19a225a09d2f","והתנחלתם","והתנחלתמ","Unresolved","","No lexical entry yet","true","2","Yekar Tiferet on Mishneh Torah, Slaves 8:13:1"
"yekar-tiferet-on-mishneh-torah-slaves","Yekar Tiferet on Mishneh Torah, Slaves","tok-934bbcac8f1e","וולדך","וולדכ","Unresolved","","No lexical entry yet","true","2","Yekar Tiferet on Mishneh Torah, Slaves 7:5:1"
"yekar-tiferet-on-mishneh-torah-slaves","Yekar Tiferet on Mishneh Torah, Slaves","tok-73a95c68e932","וזהו","וזהו","Unresolved","","No lexical entry yet","true","11","Yekar Tiferet on Mishneh Torah, Slaves 1:3:1; Yekar Tiferet on Mishneh Torah, Slaves 1:6:1; Yekar Tiferet on Mishneh Torah, Slaves 4:4:3; Yekar Tiferet on Mishneh Torah, Slaves 4:5:1; Yekar Tiferet on Mishneh Torah, Slaves 4:7:3"
"yekar-tiferet-on-mishneh-torah-slaves","Yekar Tiferet on Mishneh Torah, Slaves","tok-3b05d4bfb10a","וזיכה","וזיכה","Unresolved","","No lexical entry yet","true","1","Yekar Tiferet on Mishneh Torah, Slaves 6:1:1"
"yekar-tiferet-on-mishneh-torah-slaves","Yekar Tiferet on Mishneh Torah, Slaves","tok-adb7954ca5e8","וזכות","וזכות","Unresolved","","No lexical entry yet","true","1","Yekar Tiferet on Mishneh Torah, Slaves 5:3:1"
"yekar-tiferet-on-mishneh-torah-slaves","Yekar Tiferet on Mishneh Torah, Slaves","tok-1ad858c31b0b","וחד","וחד","Unresolved","","No lexical entry yet","true","2","Yekar Tiferet on Mishneh Torah, Slaves 1:9:2; Yekar Tiferet on Mishneh Torah, Slaves 5:12:1"
"yekar-tiferet-on-mishneh-torah-slaves","Yekar Tiferet on Mishneh Torah, Slaves","tok-988651595251","וחוזרים","וחוזרימ","Unresolved","","No lexical entry yet","true","1","Yekar Tiferet on Mishneh Torah, Slaves 5:2:1"
"yekar-tiferet-on-mishneh-torah-slaves","Yekar Tiferet on Mishneh Torah, Slaves","tok-931c19468ba8","וחזר","וחזר","Unresolved","","No lexical entry yet","true","3","Yekar Tiferet on Mishneh Torah, Slaves 3:8:2; Yekar Tiferet on Mishneh Torah, Slaves 4:14:1; Yekar Tiferet on Mishneh Torah, Slaves 9:1:1"
"yekar-tiferet-on-mishneh-torah-slaves","Yekar Tiferet on Mishneh Torah, Slaves","tok-e7481b92c2fe","וחזרה","וחזרה","Unresolved","","No lexical entry yet","true","5","Yekar Tiferet on Mishneh Torah, Slaves 4:13:1; Yekar Tiferet on Mishneh Torah, Slaves 4:13:2"
"yekar-tiferet-on-mishneh-torah-slaves","Yekar Tiferet on Mishneh Torah, Slaves","tok-441ae7797c60","וחזרו","וחזרו","Unresolved","","No lexical entry yet","true","1","Yekar Tiferet on Mishneh Torah, Slaves 7:7:1"
"yekar-tiferet-on-mishneh-torah-slaves","Yekar Tiferet on Mishneh Torah, Slaves","tok-604cfe7c18da","וחטטה","וחטטה","Unresolved","","No lexical entry yet","true","2","Yekar Tiferet on Mishneh Torah, Slaves 5:6:2; Yekar Tiferet on Mishneh Torah, Slaves 5:13:2"
"yekar-tiferet-on-mishneh-torah-slaves","Yekar Tiferet on Mishneh Torah, Slaves","tok-dae720803bd6","וחידש","וחידש","Unresolved","","No lexical entry yet","true","1","Yekar Tiferet on Mishneh Torah, Slaves 8:17:3"
"yekar-tiferet-on-mishneh-torah-slaves","Yekar Tiferet on Mishneh Torah, Slaves","tok-83ef368a582d","וחייב","וחייב","Unresolved","","No lexical entry yet","true","3","Yekar Tiferet on Mishneh Torah, Slaves 2:5:1; Yekar Tiferet on Mishneh Torah, Slaves 3:2:1; Yekar Tiferet on Mishneh Torah, Slaves 5:5:1"
"yekar-tiferet-on-mishneh-torah-slaves","Yekar Tiferet on Mishneh Torah, Slaves","tok-5ba0c2f367ad","וחלוצה","וחלוצה","Unresolved","","No lexical entry yet","true","2","Yekar Tiferet on Mishneh Torah, Slaves 4:13:3; Yekar Tiferet on Mishneh Torah, Slaves 4:13:4"
"yekar-tiferet-on-mishneh-torah-slaves","Yekar Tiferet on Mishneh Torah, Slaves","tok-39a4d625e6fb","וחמשים","וחמשימ","Unresolved","","No lexical entry yet","true","1","Yekar Tiferet on Mishneh Torah, Slaves 2:10:2"
"yekar-tiferet-on-mishneh-torah-slaves","Yekar Tiferet on Mishneh Torah, Slaves","tok-9590cf6f379c","וחסה","וחסה","Unresolved","","No lexical entry yet","true","1","Yekar Tiferet on Mishneh Torah, Slaves 3:12:2"
"yekar-tiferet-on-mishneh-torah-slaves","Yekar Tiferet on Mishneh Torah, Slaves","tok-6edfefc38445","וחסרו","וחסרו","Unresolved","","No lexical entry yet","true","1","Yekar Tiferet on Mishneh Torah, Slaves 5:6:2"
"yekar-tiferet-on-mishneh-torah-slaves","Yekar Tiferet on Mishneh Torah, Slaves","tok-cf1ae173936c","וחצי","וחצי","Unresolved","","No lexical entry yet","true","1","Yekar Tiferet on Mishneh Torah, Slaves 4:3:1"
"yekar-tiferet-on-mishneh-torah-slaves","Yekar Tiferet on Mishneh Torah, Slaves","tok-8b2ed8197f05","וחציה","וחציה","Unresolved","","No lexical entry yet","true","3","Yekar Tiferet on Mishneh Torah, Slaves 7:4:1; Yekar Tiferet on Mishneh Torah, Slaves 7:6:1; Yekar Tiferet on Mishneh Torah, Slaves 9:6:3"
"yekar-tiferet-on-mishneh-torah-slaves","Yekar Tiferet on Mishneh Torah, Slaves","tok-d2bb93db3893","וחציו","וחציו","Unresolved","","No lexical entry yet","true","2","Yekar Tiferet on Mishneh Torah, Slaves 7:6:2; Yekar Tiferet on Mishneh Torah, Slaves 7:7:1"
"yekar-tiferet-on-mishneh-torah-slaves","Yekar Tiferet on Mishneh Torah, Slaves","tok-fca42f1f392a","וחשב","וחשב","Unresolved","","No lexical entry yet","true","2","Yekar Tiferet on Mishneh Torah, Slaves 2:6:2; Yekar Tiferet on Mishneh Torah, Slaves 2:12:1"
"yekar-tiferet-on-mishneh-torah-slaves","Yekar Tiferet on Mishneh Torah, Slaves","tok-261a9497f892","וחתמוהו","וחתמוהו","Unresolved","","No lexical entry yet","true","1","Yekar Tiferet on Mishneh Torah, Slaves 6:5:2"
"yekar-tiferet-on-mishneh-torah-slaves","Yekar Tiferet on Mishneh Torah, Slaves","tok-fe848f210721","וטבל","וטבל","Unresolved","","No lexical entry yet","true","5","Yekar Tiferet on Mishneh Torah, Slaves 5:5:1; Yekar Tiferet on Mishneh Torah, Slaves 8:12:2; Yekar Tiferet on Mishneh Torah, Slaves 9:5:1"
"yekar-tiferet-on-mishneh-torah-slaves","Yekar Tiferet on Mishneh Torah, Slaves","tok-47429f6143ca","וטעמא","וטעמא","Unresolved","","No lexical entry yet","true","19","Yekar Tiferet on Mishneh Torah, Slaves 2:2:1; Yekar Tiferet on Mishneh Torah, Slaves 3:1:4; Yekar Tiferet on Mishneh Torah, Slaves 3:12:1; Yekar Tiferet on Mishneh Torah, Slaves 3:12:2; Yekar Tiferet on Mishneh Torah, Slaves 4:3:2"
"yekar-tiferet-on-mishneh-torah-slaves","Yekar Tiferet on Mishneh Torah, Slaves","tok-69313eba505f","וטעמו","וטעמו","Unresolved","","No lexical entry yet","true","2","Yekar Tiferet on Mishneh Torah, Slaves 2:12:1; Yekar Tiferet on Mishneh Torah, Slaves 6:4:1"
"yekar-tiferet-on-mishneh-torah-slaves","Yekar Tiferet on Mishneh Torah, Slaves","tok-9afb63aa1abe","וטעמייהו","וטעמייהו","Unresolved","","No lexical entry yet","true","1","Yekar Tiferet on Mishneh Torah, Slaves 6:2:1"
"yekar-tiferet-on-mishneh-torah-slaves","Yekar Tiferet on Mishneh Torah, Slaves","tok-7cb29cebda14","וטרי","וטרי","Unresolved","","No lexical entry yet","true","1","Yekar Tiferet on Mishneh Torah, Slaves 6:6:5"
"yekar-tiferet-on-mishneh-torah-slaves","Yekar Tiferet on Mishneh Torah, Slaves","tok-2ce82308094c","וי״ל","וי״ל","Unresolved","","No lexical entry yet","true","56","Yekar Tiferet on Mishneh Torah, Slaves 1:1:5; Yekar Tiferet on Mishneh Torah, Slaves 1:2:2; Yekar Tiferet on Mishneh Torah, Slaves 1:3:1; Yekar Tiferet on Mishneh Torah, Slaves 1:3:2; Yekar Tiferet on Mishneh Torah, Slaves 1:6:2"
"yekar-tiferet-on-mishneh-torah-slaves","Yekar Tiferet on Mishneh Torah, Slaves","tok-8191d5cde127","ויגאל","ויגאל","Unresolved","","No lexical entry yet","true","1","Yekar Tiferet on Mishneh Torah, Slaves 2:7:5"
"yekar-tiferet-on-mishneh-torah-slaves","Yekar Tiferet on Mishneh Torah, Slaves","tok-5e43458d4d6c","וידו","וידו","Unresolved","","No lexical entry yet","true","2","Yekar Tiferet on Mishneh Torah, Slaves 5:3:1"
"yekar-tiferet-on-mishneh-torah-slaves","Yekar Tiferet on Mishneh Torah, Slaves","tok-5524c8486a9c","ויובל","ויובל","Unresolved","","No lexical entry yet","true","2","Yekar Tiferet on Mishneh Torah, Slaves 4:9:2"
"yekar-tiferet-on-mishneh-torah-slaves","Yekar Tiferet on Mishneh Torah, Slaves","tok-a32ffb9a40d3","ויכול","ויכול","Unresolved","","No lexical entry yet","true","3","Yekar Tiferet on Mishneh Torah, Slaves 4:1:2; Yekar Tiferet on Mishneh Torah, Slaves 4:13:2; Yekar Tiferet on Mishneh Torah, Slaves 6:1:2"
"yekar-tiferet-on-mishneh-torah-slaves","Yekar Tiferet on Mishneh Torah, Slaves","tok-d7759dc2a31b","וילדיה","וילדיה","Unresolved","","No lexical entry yet","true","2","Yekar Tiferet on Mishneh Torah, Slaves 3:5:1; Yekar Tiferet on Mishneh Torah, Slaves 9:3:1"
"yekar-tiferet-on-mishneh-torah-slaves","Yekar Tiferet on Mishneh Torah, Slaves","tok-f6c2f1ad800e","וימכרנה","וימכרנה","Unresolved","","No lexical entry yet","true","1","Yekar Tiferet on Mishneh Torah, Slaves 4:2:2"
"yekar-tiferet-on-mishneh-torah-slaves","Yekar Tiferet on Mishneh Torah, Slaves","tok-32aca7f994b5","וימנה","וימנה","Unresolved","","No lexical entry yet","true","1","Yekar Tiferet on Mishneh Torah, Slaves 5:5:2"
"yekar-tiferet-on-mishneh-torah-slaves","Yekar Tiferet on Mishneh Torah, Slaves","tok-547050567b11","ויעבוד","ויעבוד","Unresolved","","No lexical entry yet","true","1","Yekar Tiferet on Mishneh Torah, Slaves 3:4:1"
"yekar-tiferet-on-mishneh-torah-slaves","Yekar Tiferet on Mishneh Torah, Slaves","tok-972fa4f89a90","ויעד","ויעד","Unresolved","","No lexical entry yet","true","1","Yekar Tiferet on Mishneh Torah, Slaves 4:13:2"
"yekar-tiferet-on-mishneh-torah-slaves","Yekar Tiferet on Mishneh Torah, Slaves","tok-7810ebe72073","ויעוד","ויעוד","Unresolved","","No lexical entry yet","true","1","Yekar Tiferet on Mishneh Torah, Slaves 4:9:2"
"yekar-tiferet-on-mishneh-torah-slaves","Yekar Tiferet on Mishneh Torah, Slaves","tok-0c5b4f9be580","ויערער","ויערער","Unresolved","","No lexical entry yet","true","3","Yekar Tiferet on Mishneh Torah, Slaves 6:7:2; Yekar Tiferet on Mishneh Torah, Slaves 6:7:3; Yekar Tiferet on Mishneh Torah, Slaves 7:2:1"
"yekar-tiferet-on-mishneh-torah-slaves","Yekar Tiferet on Mishneh Torah, Slaves","tok-01481b98ac10","ויצאה","ויצאה","Unresolved","","No lexical entry yet","true","4","Yekar Tiferet on Mishneh Torah, Slaves 3:1:2; Yekar Tiferet on Mishneh Torah, Slaves 4:5:1; Yekar Tiferet on Mishneh Torah, Slaves 4:9:2"
"yekar-tiferet-on-mishneh-torah-slaves","Yekar Tiferet on Mishneh Torah, Slaves","tok-3a8215dabc09","וכ׳","וכ׳","Unresolved","","No lexical entry yet","true","1","Yekar Tiferet on Mishneh Torah, Slaves 5:6:1"
"yekar-tiferet-on-mishneh-torah-slaves","Yekar Tiferet on Mishneh Torah, Slaves","tok-849ee70980c4","וכ״ד","וכ״ד","Unresolved","","No lexical entry yet","true","1","Yekar Tiferet on Mishneh Torah, Slaves 5:5:3"
"yekar-tiferet-on-mishneh-torah-slaves","Yekar Tiferet on Mishneh Torah, Slaves","tok-c60196983738","וכגון","וכגונ","Unresolved","","No lexical entry yet","true","2","Yekar Tiferet on Mishneh Torah, Slaves 2:2:1; Yekar Tiferet on Mishneh Torah, Slaves 5:2:1"
"yekar-tiferet-on-mishneh-torah-slaves","Yekar Tiferet on Mishneh Torah, Slaves","tok-ff63d152480a","וכד","וכד","Unresolved","","No lexical entry yet","true","1","Yekar Tiferet on Mishneh Torah, Slaves 5:14:1"
"yekar-tiferet-on-mishneh-torah-slaves","Yekar Tiferet on Mishneh Torah, Slaves","tok-3035ab11fe1b","וכדכתיבנא","וכדכתיבנא","Unresolved","","No lexical entry yet","true","3","Yekar Tiferet on Mishneh Torah, Slaves 1:3:1; Yekar Tiferet on Mishneh Torah, Slaves 8:5:1; Yekar Tiferet on Mishneh Torah, Slaves 8:14:1"
"yekar-tiferet-on-mishneh-torah-slaves","Yekar Tiferet on Mishneh Torah, Slaves","tok-02fcc90f2063","וכדתיבנא","וכדתיבנא","Unresolved","","No lexical entry yet","true","1","Yekar Tiferet on Mishneh Torah, Slaves 5:3:2"
"yekar-tiferet-on-mishneh-torah-slaves","Yekar Tiferet on Mishneh Torah, Slaves","tok-99d5cadc18fe","וכולן","וכולנ","Unresolved","","No lexical entry yet","true","1","Yekar Tiferet on Mishneh Torah, Slaves 6:2:1"
"yekar-tiferet-on-mishneh-torah-slaves","Yekar Tiferet on Mishneh Torah, Slaves","tok-0bf1a1f4e469","וכונתו","וכונתו","Unresolved","","No lexical entry yet","true","1","Yekar Tiferet on Mishneh Torah, Slaves 5:10:2"
"yekar-tiferet-on-mishneh-torah-slaves","Yekar Tiferet on Mishneh Torah, Slaves","tok-bbaa1904ce67","וכופין","וכופינ","Unresolved","","No lexical entry yet","true","1","Yekar Tiferet on Mishneh Torah, Slaves 8:8:1"
"yekar-tiferet-on-mishneh-torah-slaves","Yekar Tiferet on Mishneh Torah, Slaves","tok-87ee19ac4976","וכותב","וכותב","Unresolved","","No lexical entry yet","true","2","Yekar Tiferet on Mishneh Torah, Slaves 5:15:1"
"yekar-tiferet-on-mishneh-torah-slaves","Yekar Tiferet on Mishneh Torah, Slaves","tok-340047e43a6d","וכותבין","וכותבינ","Unresolved","","No lexical entry yet","true","1","Yekar Tiferet on Mishneh Torah, Slaves 6:4:1"
"yekar-tiferet-on-mishneh-torah-slaves","Yekar Tiferet on Mishneh Torah, Slaves","tok-d522bbaa10dd","וכותבת","וכותבת","Unresolved","","No lexical entry yet","true","1","Yekar Tiferet on Mishneh Torah, Slaves 9:6:3"
"yekar-tiferet-on-mishneh-torah-slaves","Yekar Tiferet on Mishneh Torah, Slaves","tok-73b902791be0","וכיצד","וכיצד","Unresolved","","No lexical entry yet","true","1","Yekar Tiferet on Mishneh Torah, Slaves 6:7:1"
"yekar-tiferet-on-mishneh-torah-slaves","Yekar Tiferet on Mishneh Torah, Slaves","tok-e1a7b4ac5bb7","וכפו","וכפו","Unresolved","","No lexical entry yet","true","2","Yekar Tiferet on Mishneh Torah, Slaves 4:14:1; Yekar Tiferet on Mishneh Torah, Slaves 9:6:3"
"yekar-tiferet-on-mishneh-torah-slaves","Yekar Tiferet on Mishneh Torah, Slaves","tok-c43c0944e1cb","וכרשב״ג","וכרשב״ג","Unresolved","","No lexical entry yet","true","1","Yekar Tiferet on Mishneh Torah, Slaves 8:15:3"
"yekar-tiferet-on-mishneh-torah-slaves","Yekar Tiferet on Mishneh Torah, Slaves","tok-d7088a47e994","וכתב","וכתב","Unresolved","","No lexical entry yet","true","10","Yekar Tiferet on Mishneh Torah, Slaves 3:1:3; Yekar Tiferet on Mishneh Torah, Slaves 3:14:2; Yekar Tiferet on Mishneh Torah, Slaves 4:7:5; Yekar Tiferet on Mishneh Torah, Slaves 5:3:2; Yekar Tiferet on Mishneh Torah, Slaves 5:10:2"
"yekar-tiferet-on-mishneh-torah-slaves","Yekar Tiferet on Mishneh Torah, Slaves","tok-379760d4f77b","וכתבו","וכתבו","Unresolved","","No lexical entry yet","true","1","Yekar Tiferet on Mishneh Torah, Slaves 6:3:1"
"yekar-tiferet-on-mishneh-torah-slaves","Yekar Tiferet on Mishneh Torah, Slaves","tok-441a7cd1c8a3","וכתוב","וכתוב","Unresolved","","No lexical entry yet","true","1","Yekar Tiferet on Mishneh Torah, Slaves 8:10:1"
"yekar-tiferet-on-mishneh-torah-slaves","Yekar Tiferet on Mishneh Torah, Slaves","tok-2bc8cdeec949","וכתובה","וכתובה","Unresolved","","No lexical entry yet","true","1","Yekar Tiferet on Mishneh Torah, Slaves 9:1:1"
"yekar-tiferet-on-mishneh-torah-slaves","Yekar Tiferet on Mishneh Torah, Slaves","tok-f1e4150c5b02","וכתות","וכתות","Unresolved","","No lexical entry yet","true","1","Yekar Tiferet on Mishneh Torah, Slaves 5:4:4"
"yekar-tiferet-on-mishneh-torah-slaves","Yekar Tiferet on Mishneh Torah, Slaves","tok-2859e2e540ba","וכתיב","וכתיב","Unresolved","","No lexical entry yet","true","4","Yekar Tiferet on Mishneh Torah, Slaves 3:12:2; Yekar Tiferet on Mishneh Torah, Slaves 4:1:3; Yekar Tiferet on Mishneh Torah, Slaves 4:10:2; Yekar Tiferet on Mishneh Torah, Slaves 8:18:1"
"yekar-tiferet-on-mishneh-torah-slaves","Yekar Tiferet on Mishneh Torah, Slaves","tok-20c12d69e393","ולאו","ולאו","Unresolved","","No lexical entry yet","true","1","Yekar Tiferet on Mishneh Torah, Slaves 7:1:2"
"yekar-tiferet-on-mishneh-torah-slaves","Yekar Tiferet on Mishneh Torah, Slaves","tok-ffa934433de8","ולאשתו","ולאשתו","Unresolved","","No lexical entry yet","true","1","Yekar Tiferet on Mishneh Torah, Slaves 8:17:2"
"yekar-tiferet-on-mishneh-torah-slaves","Yekar Tiferet on Mishneh Torah, Slaves","tok-a4dd25c47287","ולבן","ולבנ","Unresolved","","No lexical entry yet","true","1","Yekar Tiferet on Mishneh Torah, Slaves 5:4:4"
"yekar-tiferet-on-mishneh-torah-slaves","Yekar Tiferet on Mishneh Torah, Slaves","tok-9415c92f9e07","ולוה","ולוה","Unresolved","","No lexical entry yet","true","1","Yekar Tiferet on Mishneh Torah, Slaves 1:8:2"
"yekar-tiferet-on-mishneh-torah-slaves","Yekar Tiferet on Mishneh Torah, Slaves","tok-13fc0f2ea9e7","ולחבירו","ולחבירו","Unresolved","","No lexical entry yet","true","1","Yekar Tiferet on Mishneh Torah, Slaves 3:5:2"
"yekar-tiferet-on-mishneh-torah-slaves","Yekar Tiferet on Mishneh Torah, Slaves","tok-e806277426b3","ולחומרא","ולחומרא","Unresolved","","No lexical entry yet","true","1","Yekar Tiferet on Mishneh Torah, Slaves 2:10:1"
"yekar-tiferet-on-mishneh-torah-slaves","Yekar Tiferet on Mishneh Torah, Slaves","tok-88047776e06a","ולחסידותו","ולחסידותו","Unresolved","","No lexical entry yet","true","1","Yekar Tiferet on Mishneh Torah, Slaves 9:8:2"
"yekar-tiferet-on-mishneh-torah-slaves","Yekar Tiferet on Mishneh Torah, Slaves","tok-7ce4d333c35a","ולידתו","ולידתו","Unresolved","","No lexical entry yet","true","3","Yekar Tiferet on Mishneh Torah, Slaves 2:12:2"
"yekar-tiferet-on-mishneh-torah-slaves","Yekar Tiferet on Mishneh Torah, Slaves","tok-6b1d13b0aa6f","וליכא","וליכא","Unresolved","","No lexical entry yet","true","2","Yekar Tiferet on Mishneh Torah, Slaves 1:3:1"
"yekar-tiferet-on-mishneh-torah-slaves","Yekar Tiferet on Mishneh Torah, Slaves","tok-eaa580244491","ולישנא","ולישנא","Unresolved","","No lexical entry yet","true","1","Yekar Tiferet on Mishneh Torah, Slaves 4:13:2"
"yekar-tiferet-on-mishneh-torah-slaves","Yekar Tiferet on Mishneh Torah, Slaves","tok-d0657fc3213d","ולמ״ד","ולמ״ד","Unresolved","","No lexical entry yet","true","1","Yekar Tiferet on Mishneh Torah, Slaves 5:14:1"
"yekar-tiferet-on-mishneh-torah-slaves","Yekar Tiferet on Mishneh Torah, Slaves","tok-841e698926d1","ולמד","ולמד","Unresolved","","No lexical entry yet","true","1","Yekar Tiferet on Mishneh Torah, Slaves 9:6:3"
"yekar-tiferet-on-mishneh-torah-slaves","Yekar Tiferet on Mishneh Torah, Slaves","tok-f6b1ed93b0e9","ולמעוטי","ולמעוטי","Unresolved","","No lexical entry yet","true","1","Yekar Tiferet on Mishneh Torah, Slaves 5:4:5"
"yekar-tiferet-on-mishneh-torah-slaves","Yekar Tiferet on Mishneh Torah, Slaves","tok-8f2f00d3fa7a","ולענין","ולענינ","Unresolved","","No lexical entry yet","true","3","Yekar Tiferet on Mishneh Torah, Slaves 8:6:2; Yekar Tiferet on Mishneh Torah, Slaves 9:3:1"
"yekar-tiferet-on-mishneh-torah-slaves","Yekar Tiferet on Mishneh Torah, Slaves","tok-bc5f0b0484e4","ולפלוני","ולפלוני","Unresolved","","No lexical entry yet","true","1","Yekar Tiferet on Mishneh Torah, Slaves 7:3:2"
"yekar-tiferet-on-mishneh-torah-slaves","Yekar Tiferet on Mishneh Torah, Slaves","tok-294ad40cc332","ולקושיא","ולקושיא","Unresolved","","No lexical entry yet","true","1","Yekar Tiferet on Mishneh Torah, Slaves 1:6:2"
"yekar-tiferet-on-mishneh-torah-slaves","Yekar Tiferet on Mishneh Torah, Slaves","tok-5f377cab3d89","ולרבץ","ולרבצ","Unresolved","","No lexical entry yet","true","1","Yekar Tiferet on Mishneh Torah, Slaves 1:3:3"
"yekar-tiferet-on-mishneh-torah-slaves","Yekar Tiferet on Mishneh Torah, Slaves","tok-f6d14f343233","ולשאוב","ולשאוב","Unresolved","","No lexical entry yet","true","1","Yekar Tiferet on Mishneh Torah, Slaves 1:3:3"
"yekar-tiferet-on-mishneh-torah-slaves","Yekar Tiferet on Mishneh Torah, Slaves","tok-1f53e01cf4ef","ולשיגדילו","ולשיגדילו","Unresolved","","No lexical entry yet","true","1","Yekar Tiferet on Mishneh Torah, Slaves 9:6:1"
"yekar-tiferet-on-mishneh-torah-slaves","Yekar Tiferet on Mishneh Torah, Slaves","tok-7f55aadc48ce","ולתועלתו","ולתועלתו","Unresolved","","No lexical entry yet","true","1","Yekar Tiferet on Mishneh Torah, Slaves 5:13:2"
"yekar-tiferet-on-mishneh-torah-slaves","Yekar Tiferet on Mishneh Torah, Slaves","tok-cad36283eee3","ומאי","ומאי","Unresolved","","No lexical entry yet","true","4","Yekar Tiferet on Mishneh Torah, Slaves 3:10:1; Yekar Tiferet on Mishneh Torah, Slaves 3:13:1; Yekar Tiferet on Mishneh Torah, Slaves 4:13:4; Yekar Tiferet on Mishneh Torah, Slaves 9:5:1"
"yekar-tiferet-on-mishneh-torah-slaves","Yekar Tiferet on Mishneh Torah, Slaves","tok-6cece0c5a582","ומבטל","ומבטל","Unresolved","","No lexical entry yet","true","1","Yekar Tiferet on Mishneh Torah, Slaves 9:6:2"
"yekar-tiferet-on-mishneh-torah-slaves","Yekar Tiferet on Mishneh Torah, Slaves","tok-584dfa1f0820","ומבי״ת","ומבי״ת","Unresolved","","No lexical entry yet","true","1","Yekar Tiferet on Mishneh Torah, Slaves 2:9:1"
"yekar-tiferet-on-mishneh-torah-slaves","Yekar Tiferet on Mishneh Torah, Slaves","tok-2f2759838b89","ומגז״ש","ומגז״ש","Unresolved","","No lexical entry yet","true","1","Yekar Tiferet on Mishneh Torah, Slaves 6:6:4"
"yekar-tiferet-on-mishneh-torah-slaves","Yekar Tiferet on Mishneh Torah, Slaves","tok-66e689d9a7fb","ומגישו","ומגישו","Unresolved","","No lexical entry yet","true","1","Yekar Tiferet on Mishneh Torah, Slaves 3:9:1"
"yekar-tiferet-on-mishneh-torah-slaves","Yekar Tiferet on Mishneh Torah, Slaves","tok-84fe350a3bf3","ומגרע","ומגרע","Unresolved","","No lexical entry yet","true","2","Yekar Tiferet on Mishneh Torah, Slaves 2:8:2"
"yekar-tiferet-on-mishneh-torah-slaves","Yekar Tiferet on Mishneh Torah, Slaves","tok-6c2b0d0832ef","ומדסתם","ומדסתמ","Unresolved","","No lexical entry yet","true","1","Yekar Tiferet on Mishneh Torah, Slaves 2:11:1"
"yekar-tiferet-on-mishneh-torah-slaves","Yekar Tiferet on Mishneh Torah, Slaves","tok-4438b976eae6","ומדעתו","ומדעתו","Unresolved","","No lexical entry yet","true","1","Yekar Tiferet on Mishneh Torah, Slaves 1:7:2"
"yekar-tiferet-on-mishneh-torah-slaves","Yekar Tiferet on Mishneh Torah, Slaves","tok-626d1e15ee19","ומהברייתא","ומהברייתא","Unresolved","","No lexical entry yet","true","1","Yekar Tiferet on Mishneh Torah, Slaves 9:3:1"
"yekar-tiferet-on-mishneh-torah-slaves","Yekar Tiferet on Mishneh Torah, Slaves","tok-2235db0e378e","ומהו","ומהו","Unresolved","","No lexical entry yet","true","1","Yekar Tiferet on Mishneh Torah, Slaves 1:2:2"
"yekar-tiferet-on-mishneh-torah-slaves","Yekar Tiferet on Mishneh Torah, Slaves","tok-26852e42037a","ומהמשחרר","ומהמשחרר","Unresolved","","No lexical entry yet","true","1","Yekar Tiferet on Mishneh Torah, Slaves 8:16:1"
"yekar-tiferet-on-mishneh-torah-slaves","Yekar Tiferet on Mishneh Torah, Slaves","tok-10200bd271da","ומודו","ומודו","Unresolved","","No lexical entry yet","true","1","Yekar Tiferet on Mishneh Torah, Slaves 4:11:1"
"yekar-tiferet-on-mishneh-torah-slaves","Yekar Tiferet on Mishneh Torah, Slaves","tok-d4199397cc62","ומוכר","ומוכר","Unresolved","","No lexical entry yet","true","1","Yekar Tiferet on Mishneh Torah, Slaves 3:3:1"
"yekar-tiferet-on-mishneh-torah-slaves","Yekar Tiferet on Mishneh Torah, Slaves","tok-b485b4d82465","ומוקי","ומוקי","Unresolved","","No lexical entry yet","true","2","Yekar Tiferet on Mishneh Torah, Slaves 1:3:1; Yekar Tiferet on Mishneh Torah, Slaves 8:14:1"
"yekar-tiferet-on-mishneh-torah-slaves","Yekar Tiferet on Mishneh Torah, Slaves","tok-886eeb6535f8","ומוקמינן","ומוקמיננ","Unresolved","","No lexical entry yet","true","2","Yekar Tiferet on Mishneh Torah, Slaves 4:2:2; Yekar Tiferet on Mishneh Torah, Slaves 6:7:2"
"yekar-tiferet-on-mishneh-torah-slaves","Yekar Tiferet on Mishneh Torah, Slaves","tok-b7de87127162","ומותר","ומותר","Unresolved","","No lexical entry yet","true","4","Yekar Tiferet on Mishneh Torah, Slaves 2:2:1; Yekar Tiferet on Mishneh Torah, Slaves 7:2:1; Yekar Tiferet on Mishneh Torah, Slaves 8:11:1; Yekar Tiferet on Mishneh Torah, Slaves 9:6:2"
"yekar-tiferet-on-mishneh-torah-slaves","Yekar Tiferet on Mishneh Torah, Slaves","tok-5a7f0d51cc77","ומזונות","ומזונות","Unresolved","","No lexical entry yet","true","1","Yekar Tiferet on Mishneh Torah, Slaves 4:3:1"
"yekar-tiferet-on-mishneh-torah-slaves","Yekar Tiferet on Mishneh Torah, Slaves","tok-4c2125a0cff3","ומזיק","ומזיק","Unresolved","","No lexical entry yet","true","1","Yekar Tiferet on Mishneh Torah, Slaves 5:14:1"
"yekar-tiferet-on-mishneh-torah-slaves","Yekar Tiferet on Mishneh Torah, Slaves","tok-7b3e7ff46ae3","ומטעמא","ומטעמא","Unresolved","","No lexical entry yet","true","1","Yekar Tiferet on Mishneh Torah, Slaves 3:4:1"
"yekar-tiferet-on-mishneh-torah-slaves","Yekar Tiferet on Mishneh Torah, Slaves","tok-138c9208b26b","ומיהו","ומיהו","Unresolved","","No lexical entry yet","true","3","Yekar Tiferet on Mishneh Torah, Slaves 1:6:2; Yekar Tiferet on Mishneh Torah, Slaves 3:11:2; Yekar Tiferet on Mishneh Torah, Slaves 5:15:1"
"yekar-tiferet-on-mishneh-torah-slaves","Yekar Tiferet on Mishneh Torah, Slaves","tok-27ab15ab1e45","ומיכל","ומיכל","Unresolved","","No lexical entry yet","true","1","Yekar Tiferet on Mishneh Torah, Slaves 3:1:3"
"yekar-tiferet-on-mishneh-torah-slaves","Yekar Tiferet on Mishneh Torah, Slaves","tok-50c3146df8c3","ומינה","ומינה","Unresolved","","No lexical entry yet","true","2","Yekar Tiferet on Mishneh Torah, Slaves 3:13:2; Yekar Tiferet on Mishneh Torah, Slaves 5:3:2"
"yekar-tiferet-on-mishneh-torah-slaves","Yekar Tiferet on Mishneh Torah, Slaves","tok-1a7a9a466211","ומכי","ומכי","Unresolved","","No lexical entry yet","true","1","Yekar Tiferet on Mishneh Torah, Slaves 6:7:3"
"yekar-tiferet-on-mishneh-torah-slaves","Yekar Tiferet on Mishneh Torah, Slaves","tok-c0e65ea51351","ומכר","ומכר","Unresolved","","No lexical entry yet","true","2","Yekar Tiferet on Mishneh Torah, Slaves 2:6:1; Yekar Tiferet on Mishneh Torah, Slaves 4:14:1"
"yekar-tiferet-on-mishneh-torah-slaves","Yekar Tiferet on Mishneh Torah, Slaves","tok-8734a5958cfd","ומכרה","ומכרה","Unresolved","","No lexical entry yet","true","2","Yekar Tiferet on Mishneh Torah, Slaves 4:10:1; Yekar Tiferet on Mishneh Torah, Slaves 4:14:1"
"yekar-tiferet-on-mishneh-torah-slaves","Yekar Tiferet on Mishneh Torah, Slaves","tok-bfdef3f29c24","ומכרוהו","ומכרוהו","Unresolved","","No lexical entry yet","true","2","Yekar Tiferet on Mishneh Torah, Slaves 1:3:1; Yekar Tiferet on Mishneh Torah, Slaves 2:1:1"
"yekar-tiferet-on-mishneh-torah-slaves","Yekar Tiferet on Mishneh Torah, Slaves","tok-ef80f90c6268","ומלכא","ומלכא","Unresolved","","No lexical entry yet","true","1","Yekar Tiferet on Mishneh Torah, Slaves 1:8:2"
"yekar-tiferet-on-mishneh-torah-slaves","Yekar Tiferet on Mishneh Torah, Slaves","tok-c03a707a7110","ומנא","ומנא","Unresolved","","No lexical entry yet","true","1","Yekar Tiferet on Mishneh Torah, Slaves 3:1:3"
"yekar-tiferet-on-mishneh-torah-slaves","Yekar Tiferet on Mishneh Torah, Slaves","tok-1ef0961a4bb0","ומנו","ומנו","Unresolved","","No lexical entry yet","true","2","Yekar Tiferet on Mishneh Torah, Slaves 4:5:1; Yekar Tiferet on Mishneh Torah, Slaves 6:5:1"
"yekar-tiferet-on-mishneh-torah-slaves","Yekar Tiferet on Mishneh Torah, Slaves","tok-2198ac3d7c92","ומסיק","ומסיק","Unresolved","","No lexical entry yet","true","4","Yekar Tiferet on Mishneh Torah, Slaves 5:4:4; Yekar Tiferet on Mishneh Torah, Slaves 6:6:5; Yekar Tiferet on Mishneh Torah, Slaves 8:13:1"
"yekar-tiferet-on-mishneh-torah-slaves","Yekar Tiferet on Mishneh Torah, Slaves","tok-2ca4bb3660da","ומסתברא","ומסתברא","Unresolved","","No lexical entry yet","true","5","Yekar Tiferet on Mishneh Torah, Slaves 2:5:2; Yekar Tiferet on Mishneh Torah, Slaves 3:1:3; Yekar Tiferet on Mishneh Torah, Slaves 4:7:5; Yekar Tiferet on Mishneh Torah, Slaves 4:12:1; Yekar Tiferet on Mishneh Torah, Slaves 9:7:2"
"yekar-tiferet-on-mishneh-torah-slaves","Yekar Tiferet on Mishneh Torah, Slaves","tok-e2c10cc73110","ומסתמא","ומסתמא","Unresolved","","No lexical entry yet","true","1","Yekar Tiferet on Mishneh Torah, Slaves 9:1:1"
"yekar-tiferet-on-mishneh-torah-slaves","Yekar Tiferet on Mishneh Torah, Slaves","tok-4ae7f4528718","ומעוך","ומעוכ","Unresolved","","No lexical entry yet","true","1","Yekar Tiferet on Mishneh Torah, Slaves 5:4:4"
"yekar-tiferet-on-mishneh-torah-slaves","Yekar Tiferet on Mishneh Torah, Slaves","tok-88342b9b9f0a","ומפדין","ומפדינ","Unresolved","","No lexical entry yet","true","1","Yekar Tiferet on Mishneh Torah, Slaves 4:2:2"
"yekar-tiferet-on-mishneh-torah-slaves","Yekar Tiferet on Mishneh Torah, Slaves","tok-9902859d94a2","ומפרש","ומפרש","Unresolved","","No lexical entry yet","true","1","Yekar Tiferet on Mishneh Torah, Slaves 2:10:1"
"yekar-tiferet-on-mishneh-torah-slaves","Yekar Tiferet on Mishneh Torah, Slaves","tok-51f7a6264d64","ומקדשה","ומקדשה","Unresolved","","No lexical entry yet","true","1","Yekar Tiferet on Mishneh Torah, Slaves 4:13:2"
"yekar-tiferet-on-mishneh-torah-slaves","Yekar Tiferet on Mishneh Torah, Slaves","tok-d683e28d45f7","ומרבינן","ומרביננ","Unresolved","","No lexical entry yet","true","1","Yekar Tiferet on Mishneh Torah, Slaves 5:10:2"
"yekar-tiferet-on-mishneh-torah-slaves","Yekar Tiferet on Mishneh Torah, Slaves","tok-0d57bc68e812","ומשוה","ומשוה","Unresolved","","No lexical entry yet","true","1","Yekar Tiferet on Mishneh Torah, Slaves 6:5:1"
"yekar-tiferet-on-mishneh-torah-slaves","Yekar Tiferet on Mishneh Torah, Slaves","tok-c491ee9c6990","ומשחררין","ומשחררינ","Unresolved","","No lexical entry yet","true","1","Yekar Tiferet on Mishneh Torah, Slaves 7:3:3"
"yekar-tiferet-on-mishneh-torah-slaves","Yekar Tiferet on Mishneh Torah, Slaves","tok-6ed23e07c80b","ומשמע","ומשמע","Unresolved","","No lexical entry yet","true","9","Yekar Tiferet on Mishneh Torah, Slaves 1:3:3; Yekar Tiferet on Mishneh Torah, Slaves 1:7:2; Yekar Tiferet on Mishneh Torah, Slaves 2:8:2; Yekar Tiferet on Mishneh Torah, Slaves 3:1:2; Yekar Tiferet on Mishneh Torah, Slaves 4:3:1"
"yekar-tiferet-on-mishneh-torah-slaves","Yekar Tiferet on Mishneh Torah, Slaves","tok-fd12f7988b86","ומשנה","ומשנה","Unresolved","","No lexical entry yet","true","1","Yekar Tiferet on Mishneh Torah, Slaves 2:5:2"
"yekar-tiferet-on-mishneh-torah-slaves","Yekar Tiferet on Mishneh Torah, Slaves","tok-5f394518c667","ומשני","ומשני","Unresolved","","No lexical entry yet","true","5","Yekar Tiferet on Mishneh Torah, Slaves 3:8:1; Yekar Tiferet on Mishneh Torah, Slaves 4:4:2; Yekar Tiferet on Mishneh Torah, Slaves 5:1:1; Yekar Tiferet on Mishneh Torah, Slaves 5:10:2; Yekar Tiferet on Mishneh Torah, Slaves 6:7:1"
"yekar-tiferet-on-mishneh-torah-slaves","Yekar Tiferet on Mishneh Torah, Slaves","tok-e6362c473826","ומשתמש","ומשתמש","Unresolved","","No lexical entry yet","true","1","Yekar Tiferet on Mishneh Torah, Slaves 1:7:1"
"yekar-tiferet-on-mishneh-torah-slaves","Yekar Tiferet on Mishneh Torah, Slaves","tok-e9788ec3da2a","ומת","ומת","Unresolved","","No lexical entry yet","true","4","Yekar Tiferet on Mishneh Torah, Slaves 3:14:4; Yekar Tiferet on Mishneh Torah, Slaves 8:13:1"
"yekar-tiferet-on-mishneh-torah-slaves","Yekar Tiferet on Mishneh Torah, Slaves","tok-e729e2fba152","ומתרץ","ומתרצ","Unresolved","","No lexical entry yet","true","1","Yekar Tiferet on Mishneh Torah, Slaves 6:5:1"
"yekar-tiferet-on-mishneh-torah-slaves","Yekar Tiferet on Mishneh Torah, Slaves","tok-075245ad42f0","ומתרצינן","ומתרציננ","Unresolved","","No lexical entry yet","true","2","Yekar Tiferet on Mishneh Torah, Slaves 3:10:1; Yekar Tiferet on Mishneh Torah, Slaves 7:3:3"
"yekar-tiferet-on-mishneh-torah-slaves","Yekar Tiferet on Mishneh Torah, Slaves","tok-9a842fdf5615","ונ״ל","ונ״ל","Unresolved","","No lexical entry yet","true","2","Yekar Tiferet on Mishneh Torah, Slaves 3:3:1; Yekar Tiferet on Mishneh Torah, Slaves 3:5:1"
"yekar-tiferet-on-mishneh-torah-slaves","Yekar Tiferet on Mishneh Torah, Slaves","tok-6d1a10abc0f9","ונגאל","ונגאל","Unresolved","","No lexical entry yet","true","1","Yekar Tiferet on Mishneh Torah, Slaves 2:7:2"
"yekar-tiferet-on-mishneh-torah-slaves","Yekar Tiferet on Mishneh Torah, Slaves","tok-acd445c0f2d8","ונוקב","ונוקב","Unresolved","","No lexical entry yet","true","1","Yekar Tiferet on Mishneh Torah, Slaves 3:9:1"
"yekar-tiferet-on-mishneh-torah-slaves","Yekar Tiferet on Mishneh Torah, Slaves","tok-df011bf41c23","ונישנית","ונישנית","Unresolved","","No lexical entry yet","true","1","Yekar Tiferet on Mishneh Torah, Slaves 4:2:2"
"yekar-tiferet-on-mishneh-torah-slaves","Yekar Tiferet on Mishneh Torah, Slaves","tok-804d3321e1bb","ונמכר","ונמכר","Unresolved","","No lexical entry yet","true","6","Yekar Tiferet on Mishneh Torah, Slaves 1:1:2; Yekar Tiferet on Mishneh Torah, Slaves 1:1:4; Yekar Tiferet on Mishneh Torah, Slaves 3:7:2; Yekar Tiferet on Mishneh Torah, Slaves 3:12:1; Yekar Tiferet on Mishneh Torah, Slaves 4:1:3"
"yekar-tiferet-on-mishneh-torah-slaves","Yekar Tiferet on Mishneh Torah, Slaves","tok-cd10f6398487","ונסתלקה","ונסתלקה","Unresolved","","No lexical entry yet","true","1","Yekar Tiferet on Mishneh Torah, Slaves 1:8:2"
"yekar-tiferet-on-mishneh-torah-slaves","Yekar Tiferet on Mishneh Torah, Slaves","tok-ef9cc9b8242a","ונפשטה","ונפשטה","Unresolved","","No lexical entry yet","true","1","Yekar Tiferet on Mishneh Torah, Slaves 4:9:1"
"yekar-tiferet-on-mishneh-torah-slaves","Yekar Tiferet on Mishneh Torah, Slaves","tok-3d0d4f275e6b","ונקי","ונקי","Unresolved","","No lexical entry yet","true","2","Yekar Tiferet on Mishneh Torah, Slaves 3:4:1; Yekar Tiferet on Mishneh Torah, Slaves 5:4:4"
"yekar-tiferet-on-mishneh-torah-slaves","Yekar Tiferet on Mishneh Torah, Slaves","tok-8c6008c6f275","ונקנה","ונקנה","Unresolved","","No lexical entry yet","true","2","Yekar Tiferet on Mishneh Torah, Slaves 5:1:3"
"yekar-tiferet-on-mishneh-torah-slaves","Yekar Tiferet on Mishneh Torah, Slaves","tok-78f07f090bfb","ונתארמלה","ונתארמלה","Unresolved","","No lexical entry yet","true","1","Yekar Tiferet on Mishneh Torah, Slaves 4:13:2"
"yekar-tiferet-on-mishneh-torah-slaves","Yekar Tiferet on Mishneh Torah, Slaves","tok-73ec298e660f","ונתבאר","ונתבאר","Unresolved","","No lexical entry yet","true","1","Yekar Tiferet on Mishneh Torah, Slaves 9:4:1"
"yekar-tiferet-on-mishneh-torah-slaves","Yekar Tiferet on Mishneh Torah, Slaves","tok-4d9a7541eeff","ונתבארו","ונתבארו","Unresolved","","No lexical entry yet","true","1","Yekar Tiferet on Mishneh Torah, Slaves 4:11:1"
"yekar-tiferet-on-mishneh-torah-slaves","Yekar Tiferet on Mishneh Torah, Slaves","tok-6e49a440e626","ונתיחד","ונתיחד","Unresolved","","No lexical entry yet","true","1","Yekar Tiferet on Mishneh Torah, Slaves 9:1:1"
"yekar-tiferet-on-mishneh-torah-slaves","Yekar Tiferet on Mishneh Torah, Slaves","tok-5d6814fad195","וסופה","וסופה","Unresolved","","No lexical entry yet","true","1","Yekar Tiferet on Mishneh Torah, Slaves 5:4:5"
"yekar-tiferet-on-mishneh-torah-slaves","Yekar Tiferet on Mishneh Torah, Slaves","tok-319055b4f76e","וסימא","וסימא","Unresolved","","No lexical entry yet","true","2","Yekar Tiferet on Mishneh Torah, Slaves 5:14:1"
"yekar-tiferet-on-mishneh-torah-slaves","Yekar Tiferet on Mishneh Torah, Slaves","tok-44d59640da90","וסיפא","וסיפא","Unresolved","","No lexical entry yet","true","1","Yekar Tiferet on Mishneh Torah, Slaves 1:3:1"
"yekar-tiferet-on-mishneh-torah-slaves","Yekar Tiferet on Mishneh Torah, Slaves","tok-d4dc43e8e110","וסלקו","וסלקו","Unresolved","","No lexical entry yet","true","1","Yekar Tiferet on Mishneh Torah, Slaves 3:11:2"
"yekar-tiferet-on-mishneh-torah-slaves","Yekar Tiferet on Mishneh Torah, Slaves","tok-47382b588a64","וסמאה","וסמאה","Unresolved","","No lexical entry yet","true","1","Yekar Tiferet on Mishneh Torah, Slaves 5:6:2"
"yekar-tiferet-on-mishneh-torah-slaves","Yekar Tiferet on Mishneh Torah, Slaves","tok-8af779939af6","וסתם","וסתמ","Unresolved","","No lexical entry yet","true","1","Yekar Tiferet on Mishneh Torah, Slaves 2:5:2"
"yekar-tiferet-on-mishneh-torah-slaves","Yekar Tiferet on Mishneh Torah, Slaves","tok-fc7a70f6641d","ועבד","ועבד","Unresolved","","No lexical entry yet","true","5","Yekar Tiferet on Mishneh Torah, Slaves 2:8:2; Yekar Tiferet on Mishneh Torah, Slaves 3:7:1; Yekar Tiferet on Mishneh Torah, Slaves 4:4:2; Yekar Tiferet on Mishneh Torah, Slaves 5:1:1; Yekar Tiferet on Mishneh Torah, Slaves 5:1:3"
"yekar-tiferet-on-mishneh-torah-slaves","Yekar Tiferet on Mishneh Torah, Slaves","tok-98006e6695fb","ועבדו","ועבדו","Unresolved","","No lexical entry yet","true","2","Yekar Tiferet on Mishneh Torah, Slaves 3:7:1; Yekar Tiferet on Mishneh Torah, Slaves 4:4:2"
"yekar-tiferet-on-mishneh-torah-slaves","Yekar Tiferet on Mishneh Torah, Slaves","tok-45c58b30987b","ועבדי","ועבדי","Unresolved","","No lexical entry yet","true","1","Yekar Tiferet on Mishneh Torah, Slaves 5:16:2"
"yekar-tiferet-on-mishneh-torah-slaves","Yekar Tiferet on Mishneh Torah, Slaves","tok-3244a32df8dd","ועבדך","ועבדכ","Unresolved","","No lexical entry yet","true","4","Yekar Tiferet on Mishneh Torah, Slaves 2:2:1; Yekar Tiferet on Mishneh Torah, Slaves 2:12:1; Yekar Tiferet on Mishneh Torah, Slaves 2:12:2; Yekar Tiferet on Mishneh Torah, Slaves 4:10:2"
"yekar-tiferet-on-mishneh-torah-slaves","Yekar Tiferet on Mishneh Torah, Slaves","tok-7116fd2d70a9","ועדיין","ועדיינ","Unresolved","","No lexical entry yet","true","4","Yekar Tiferet on Mishneh Torah, Slaves 3:4:1; Yekar Tiferet on Mishneh Torah, Slaves 4:7:5; Yekar Tiferet on Mishneh Torah, Slaves 6:4:1; Yekar Tiferet on Mishneh Torah, Slaves 6:8:3"
"yekar-tiferet-on-mishneh-torah-slaves","Yekar Tiferet on Mishneh Torah, Slaves","tok-b0b5b0f0f639","ועדין","ועדינ","Unresolved","","No lexical entry yet","true","2","Yekar Tiferet on Mishneh Torah, Slaves 3:3:1; Yekar Tiferet on Mishneh Torah, Slaves 8:20:1"
"yekar-tiferet-on-mishneh-torah-slaves","Yekar Tiferet on Mishneh Torah, Slaves","tok-bcc0d5c46b83","ועובר","ועובר","Unresolved","","No lexical entry yet","true","1","Yekar Tiferet on Mishneh Torah, Slaves 1:6:3"
"yekar-tiferet-on-mishneh-torah-slaves","Yekar Tiferet on Mishneh Torah, Slaves","tok-202317fd91af","ועייל","ועייל","Unresolved","","No lexical entry yet","true","1","Yekar Tiferet on Mishneh Torah, Slaves 5:5:3"
"yekar-tiferet-on-mishneh-torah-slaves","Yekar Tiferet on Mishneh Torah, Slaves","tok-08017ca4b68d","ועין","ועינ","Unresolved","","No lexical entry yet","true","10","Yekar Tiferet on Mishneh Torah, Slaves 5:4:3; Yekar Tiferet on Mishneh Torah, Slaves 5:5:2; Yekar Tiferet on Mishneh Torah, Slaves 5:10:2; Yekar Tiferet on Mishneh Torah, Slaves 7:4:2"
"yekar-tiferet-on-mishneh-torah-slaves","Yekar Tiferet on Mishneh Torah, Slaves","tok-834a29a12e72","ועינו","ועינו","Unresolved","","No lexical entry yet","true","1","Yekar Tiferet on Mishneh Torah, Slaves 5:14:1"
"yekar-tiferet-on-mishneh-torah-slaves","Yekar Tiferet on Mishneh Torah, Slaves","tok-24adede9b3e9","ועלו","ועלו","Unresolved","","No lexical entry yet","true","1","Yekar Tiferet on Mishneh Torah, Slaves 8:17:2"
"yekar-tiferet-on-mishneh-torah-slaves","Yekar Tiferet on Mishneh Torah, Slaves","tok-95fa62588702","וערער","וערער","Unresolved","","No lexical entry yet","true","1","Yekar Tiferet on Mishneh Torah, Slaves 6:7:2"
"yekar-tiferet-on-mishneh-torah-slaves","Yekar Tiferet on Mishneh Torah, Slaves","tok-829e9165ed4f","ועשאה","ועשאה","Unresolved","","No lexical entry yet","true","1","Yekar Tiferet on Mishneh Torah, Slaves 9:6:3"
"yekar-tiferet-on-mishneh-torah-slaves","Yekar Tiferet on Mishneh Torah, Slaves","tok-cf18973cc520","ועשאום","ועשאומ","Unresolved","","No lexical entry yet","true","1","Yekar Tiferet on Mishneh Torah, Slaves 6:6:2"
"yekar-tiferet-on-mishneh-torah-slaves","Yekar Tiferet on Mishneh Torah, Slaves","tok-83e643c6a5d8","ועשה","ועשה","Unresolved","","No lexical entry yet","true","1","Yekar Tiferet on Mishneh Torah, Slaves 9:6:2"
"yekar-tiferet-on-mishneh-torah-slaves","Yekar Tiferet on Mishneh Torah, Slaves","tok-079b8bad4569","ועשרים","ועשרימ","Unresolved","","No lexical entry yet","true","1","Yekar Tiferet on Mishneh Torah, Slaves 5:5:2"
"yekar-tiferet-on-mishneh-torah-slaves","Yekar Tiferet on Mishneh Torah, Slaves","tok-1f10b6cea7b7","ופדאה","ופדאה","Unresolved","","No lexical entry yet","true","1","Yekar Tiferet on Mishneh Torah, Slaves 4:14:1"
"yekar-tiferet-on-mishneh-torah-slaves","Yekar Tiferet on Mishneh Torah, Slaves","tok-3ab37af248a1","ופדיונה","ופדיונה","Unresolved","","No lexical entry yet","true","1","Yekar Tiferet on Mishneh Torah, Slaves 3:2:2"
"yekar-tiferet-on-mishneh-torah-slaves","Yekar Tiferet on Mishneh Torah, Slaves","tok-2b4045fff99d","ופלגינן","ופלגיננ","Unresolved","","No lexical entry yet","true","1","Yekar Tiferet on Mishneh Torah, Slaves 7:2:2"
"yekar-tiferet-on-mishneh-torah-slaves","Yekar Tiferet on Mishneh Torah, Slaves","tok-97bc239f599f","ופלוגתא","ופלוגתא","Unresolved","","No lexical entry yet","true","2","Yekar Tiferet on Mishneh Torah, Slaves 4:3:2; Yekar Tiferet on Mishneh Torah, Slaves 8:15:1"
"yekar-tiferet-on-mishneh-torah-slaves","Yekar Tiferet on Mishneh Torah, Slaves","tok-0380a99afe2c","ופסק","ופסק","Unresolved","","No lexical entry yet","true","11","Yekar Tiferet on Mishneh Torah, Slaves 3:14:4; Yekar Tiferet on Mishneh Torah, Slaves 3:14:5; Yekar Tiferet on Mishneh Torah, Slaves 4:3:2; Yekar Tiferet on Mishneh Torah, Slaves 4:15:1; Yekar Tiferet on Mishneh Torah, Slaves 4:16:1"
"yekar-tiferet-on-mishneh-torah-slaves","Yekar Tiferet on Mishneh Torah, Slaves","tok-235819bec3df","ופקע","ופקע","Unresolved","","No lexical entry yet","true","1","Yekar Tiferet on Mishneh Torah, Slaves 8:14:1"
"yekar-tiferet-on-mishneh-torah-slaves","Yekar Tiferet on Mishneh Torah, Slaves","tok-8ef5a0b4a03f","ופריך","ופריכ","Unresolved","","No lexical entry yet","true","2","Yekar Tiferet on Mishneh Torah, Slaves 5:10:2; Yekar Tiferet on Mishneh Torah, Slaves 6:5:1"
"yekar-tiferet-on-mishneh-torah-slaves","Yekar Tiferet on Mishneh Torah, Slaves","tok-2ee09db6f3dc","ופרש״י","ופרש״י","Unresolved","","No lexical entry yet","true","1","Yekar Tiferet on Mishneh Torah, Slaves 5:6:1"
"yekar-tiferet-on-mishneh-torah-slaves","Yekar Tiferet on Mishneh Torah, Slaves","tok-227902edb093","ופשטא","ופשטא","Unresolved","","No lexical entry yet","true","1","Yekar Tiferet on Mishneh Torah, Slaves 7:2:2"
"yekar-tiferet-on-mishneh-torah-slaves","Yekar Tiferet on Mishneh Torah, Slaves","tok-dd3a2d7d71aa","ופשיט","ופשיט","Unresolved","","No lexical entry yet","true","1","Yekar Tiferet on Mishneh Torah, Slaves 4:7:5"
"yekar-tiferet-on-mishneh-torah-slaves","Yekar Tiferet on Mishneh Torah, Slaves","tok-5325c457e0f6","ופשיטא","ופשיטא","Unresolved","","No lexical entry yet","true","1","Yekar Tiferet on Mishneh Torah, Slaves 4:7:1"
"yekar-tiferet-on-mishneh-torah-slaves","Yekar Tiferet on Mishneh Torah, Slaves","tok-1d5f139b7c1f","וצבתה","וצבתה","Unresolved","","No lexical entry yet","true","1","Yekar Tiferet on Mishneh Torah, Slaves 5:4:5"
"yekar-tiferet-on-mishneh-torah-slaves","Yekar Tiferet on Mishneh Torah, Slaves","tok-e9a1e1472b57","וצידן","וצידנ","Unresolved","","No lexical entry yet","true","1","Yekar Tiferet on Mishneh Torah, Slaves 8:15:1"
"yekar-tiferet-on-mishneh-torah-slaves","Yekar Tiferet on Mishneh Torah, Slaves","tok-7cadb460ba3a","וציוותיה","וציוותיה","Unresolved","","No lexical entry yet","true","1","Yekar Tiferet on Mishneh Torah, Slaves 3:12:2"
"yekar-tiferet-on-mishneh-torah-slaves","Yekar Tiferet on Mishneh Torah, Slaves","tok-f53ab9e4f059","וצמתה","וצמתה","Unresolved","","No lexical entry yet","true","1","Yekar Tiferet on Mishneh Torah, Slaves 5:10:2"
"yekar-tiferet-on-mishneh-torah-slaves","Yekar Tiferet on Mishneh Torah, Slaves","tok-7dadec3460f8","וצריכי","וצריכי","Unresolved","","No lexical entry yet","true","2","Yekar Tiferet on Mishneh Torah, Slaves 1:8:2"
"yekar-tiferet-on-mishneh-torah-slaves","Yekar Tiferet on Mishneh Torah, Slaves","tok-3d6f873dd778","וק״ל","וק״ל","Unresolved","","No lexical entry yet","true","2","Yekar Tiferet on Mishneh Torah, Slaves 7:1:1; Yekar Tiferet on Mishneh Torah, Slaves 9:3:1"
"yekar-tiferet-on-mishneh-torah-slaves","Yekar Tiferet on Mishneh Torah, Slaves","tok-7d5de36cdbf3","וקא","וקא","Unresolved","","No lexical entry yet","true","1","Yekar Tiferet on Mishneh Torah, Slaves 4:7:5"
"yekar-tiferet-on-mishneh-torah-slaves","Yekar Tiferet on Mishneh Torah, Slaves","tok-22eb3486f4f6","וקאמר","וקאמר","Unresolved","","No lexical entry yet","true","1","Yekar Tiferet on Mishneh Torah, Slaves 8:14:1"
"yekar-tiferet-on-mishneh-torah-slaves","Yekar Tiferet on Mishneh Torah, Slaves","tok-23a65f3a1f52","וקדושין","וקדושינ","Unresolved","","No lexical entry yet","true","1","Yekar Tiferet on Mishneh Torah, Slaves 4:13:4"
"yekar-tiferet-on-mishneh-torah-slaves","Yekar Tiferet on Mishneh Torah, Slaves","tok-515fae75f981","וקדשה","וקדשה","Unresolved","","No lexical entry yet","true","1","Yekar Tiferet on Mishneh Torah, Slaves 4:15:1"
"yekar-tiferet-on-mishneh-torah-slaves","Yekar Tiferet on Mishneh Torah, Slaves","tok-aa46898bfca0","וקונה","וקונה","Unresolved","","No lexical entry yet","true","1","Yekar Tiferet on Mishneh Torah, Slaves 5:1:2"
"yekar-tiferet-on-mishneh-torah-slaves","Yekar Tiferet on Mishneh Torah, Slaves","tok-73dd82304997","וקי״ל","וקי״ל","Unresolved","","No lexical entry yet","true","2","Yekar Tiferet on Mishneh Torah, Slaves 8:13:1; Yekar Tiferet on Mishneh Torah, Slaves 8:15:1"
"yekar-tiferet-on-mishneh-torah-slaves","Yekar Tiferet on Mishneh Torah, Slaves","tok-85ef156f1f74","וקיימי","וקיימי","Unresolved","","No lexical entry yet","true","1","Yekar Tiferet on Mishneh Torah, Slaves 4:15:1"
"yekar-tiferet-on-mishneh-torah-slaves","Yekar Tiferet on Mishneh Torah, Slaves","tok-179cce8966f2","וקרא","וקרא","Unresolved","","No lexical entry yet","true","4","Yekar Tiferet on Mishneh Torah, Slaves 3:13:1; Yekar Tiferet on Mishneh Torah, Slaves 4:7:2; Yekar Tiferet on Mishneh Torah, Slaves 4:10:2; Yekar Tiferet on Mishneh Torah, Slaves 9:3:1"
"yekar-tiferet-on-mishneh-torah-slaves","Yekar Tiferet on Mishneh Torah, Slaves","tok-4e4de2226389","וקרי","וקרי","Unresolved","","No lexical entry yet","true","1","Yekar Tiferet on Mishneh Torah, Slaves 4:13:4"
"yekar-tiferet-on-mishneh-torah-slaves","Yekar Tiferet on Mishneh Torah, Slaves","tok-2dacaed8ac2c","וקשיא","וקשיא","Unresolved","","No lexical entry yet","true","1","Yekar Tiferet on Mishneh Torah, Slaves 9:6:1"
"yekar-tiferet-on-mishneh-torah-slaves","Yekar Tiferet on Mishneh Torah, Slaves","tok-badcdbd964d8","ור׳","ור׳","Unresolved","","No lexical entry yet","true","4","Yekar Tiferet on Mishneh Torah, Slaves 1:2:2; Yekar Tiferet on Mishneh Torah, Slaves 6:4:1; Yekar Tiferet on Mishneh Torah, Slaves 8:8:1; Yekar Tiferet on Mishneh Torah, Slaves 8:13:1"
"yekar-tiferet-on-mishneh-torah-slaves","Yekar Tiferet on Mishneh Torah, Slaves","tok-8fd140dc9e84","וראיה","וראיה","Unresolved","","No lexical entry yet","true","1","Yekar Tiferet on Mishneh Torah, Slaves 8:15:1"
"yekar-tiferet-on-mishneh-torah-slaves","Yekar Tiferet on Mishneh Torah, Slaves","tok-407ff4b4eebb","וראשי","וראשי","Unresolved","","No lexical entry yet","true","2","Yekar Tiferet on Mishneh Torah, Slaves 5:4:3; Yekar Tiferet on Mishneh Torah, Slaves 5:5:3"
"yekar-tiferet-on-mishneh-torah-slaves","Yekar Tiferet on Mishneh Torah, Slaves","tok-9203dbddafa2","ורבא","ורבא","Unresolved","","No lexical entry yet","true","2","Yekar Tiferet on Mishneh Torah, Slaves 8:15:1"
"yekar-tiferet-on-mishneh-torah-slaves","Yekar Tiferet on Mishneh Torah, Slaves","tok-7f99a5565321","ורבותא","ורבותא","Unresolved","","No lexical entry yet","true","1","Yekar Tiferet on Mishneh Torah, Slaves 8:8:1"
"yekar-tiferet-on-mishneh-torah-slaves","Yekar Tiferet on Mishneh Torah, Slaves","tok-3fb10181dedb","ורביה","ורביה","Unresolved","","No lexical entry yet","true","1","Yekar Tiferet on Mishneh Torah, Slaves 3:5:1"
"yekar-tiferet-on-mishneh-torah-slaves","Yekar Tiferet on Mishneh Torah, Slaves","tok-3a3f9a965e46","ורבנן","ורבננ","Unresolved","","No lexical entry yet","true","1","Yekar Tiferet on Mishneh Torah, Slaves 1:2:2"
"yekar-tiferet-on-mishneh-torah-slaves","Yekar Tiferet on Mishneh Torah, Slaves","tok-183068a7781a","ורואין","ורואינ","Unresolved","","No lexical entry yet","true","2","Yekar Tiferet on Mishneh Torah, Slaves 2:8:2"
"yekar-tiferet-on-mishneh-torah-slaves","Yekar Tiferet on Mishneh Torah, Slaves","tok-4642ae7a7dc5","וריבה","וריבה","Unresolved","","No lexical entry yet","true","1","Yekar Tiferet on Mishneh Torah, Slaves 2:12:1"
"yekar-tiferet-on-mishneh-torah-slaves","Yekar Tiferet on Mishneh Torah, Slaves","tok-50c2574ced3c","ורנר","ורנר","Unresolved","","No lexical entry yet","true","2","Yekar Tiferet on Mishneh Torah, Slaves 3:9:2; Yekar Tiferet on Mishneh Torah, Slaves 4:4:2"
"yekar-tiferet-on-mishneh-torah-slaves","Yekar Tiferet on Mishneh Torah, Slaves","tok-d2ac796ad9d5","ורצע","ורצע","Unresolved","","No lexical entry yet","true","2","Yekar Tiferet on Mishneh Torah, Slaves 3:6:1; Yekar Tiferet on Mishneh Torah, Slaves 3:9:4"
"yekar-tiferet-on-mishneh-torah-slaves","Yekar Tiferet on Mishneh Torah, Slaves","tok-958a8766a291","ורש״י","ורש״י","Unresolved","","No lexical entry yet","true","3","Yekar Tiferet on Mishneh Torah, Slaves 4:7:5; Yekar Tiferet on Mishneh Torah, Slaves 4:10:1; Yekar Tiferet on Mishneh Torah, Slaves 8:19:1"
"yekar-tiferet-on-mishneh-torah-slaves","Yekar Tiferet on Mishneh Torah, Slaves","tok-5477ccbccae6","ורשב״ג","ורשב״ג","Unresolved","","No lexical entry yet","true","1","Yekar Tiferet on Mishneh Torah, Slaves 8:15:1"
"yekar-tiferet-on-mishneh-torah-slaves","Yekar Tiferet on Mishneh Torah, Slaves","tok-8933c674d82c","וש״מ","וש״מ","Unresolved","","No lexical entry yet","true","3","Yekar Tiferet on Mishneh Torah, Slaves 5:2:1; Yekar Tiferet on Mishneh Torah, Slaves 7:4:2"
"yekar-tiferet-on-mishneh-torah-slaves","Yekar Tiferet on Mishneh Torah, Slaves","tok-e4ed51069d25","ושבתם","ושבתמ","Unresolved","","No lexical entry yet","true","2","Yekar Tiferet on Mishneh Torah, Slaves 3:7:2"
"yekar-tiferet-on-mishneh-torah-slaves","Yekar Tiferet on Mishneh Torah, Slaves","tok-ce1bec1380c3","ושונה","ושונה","Unresolved","","No lexical entry yet","true","8","Yekar Tiferet on Mishneh Torah, Slaves 4:10:1; Yekar Tiferet on Mishneh Torah, Slaves 4:13:2; Yekar Tiferet on Mishneh Torah, Slaves 4:14:1"
"yekar-tiferet-on-mishneh-torah-slaves","Yekar Tiferet on Mishneh Torah, Slaves","tok-aa07a432282f","ושחרור","ושחרור","Unresolved","","No lexical entry yet","true","1","Yekar Tiferet on Mishneh Torah, Slaves 8:16:1"
"yekar-tiferet-on-mishneh-torah-slaves","Yekar Tiferet on Mishneh Torah, Slaves","tok-2bd08b84fc82","ושחרורי","ושחרורי","Unresolved","","No lexical entry yet","true","2","Yekar Tiferet on Mishneh Torah, Slaves 6:5:2; Yekar Tiferet on Mishneh Torah, Slaves 6:6:6"
"yekar-tiferet-on-mishneh-torah-slaves","Yekar Tiferet on Mishneh Torah, Slaves","tok-84c31ba71c76","ושחתה","ושחתה","Unresolved","","No lexical entry yet","true","1","Yekar Tiferet on Mishneh Torah, Slaves 5:12:1"
"yekar-tiferet-on-mishneh-torah-slaves","Yekar Tiferet on Mishneh Torah, Slaves","tok-7a60657caaa4","ושטר","ושטר","Unresolved","","No lexical entry yet","true","4","Yekar Tiferet on Mishneh Torah, Slaves 4:3:2; Yekar Tiferet on Mishneh Torah, Slaves 4:9:2; Yekar Tiferet on Mishneh Torah, Slaves 6:7:1"
"yekar-tiferet-on-mishneh-torah-slaves","Yekar Tiferet on Mishneh Torah, Slaves","tok-0d9f3e8fca2f","ושיילינן","ושייליננ","Unresolved","","No lexical entry yet","true","1","Yekar Tiferet on Mishneh Torah, Slaves 8:6:1"
"yekar-tiferet-on-mishneh-torah-slaves","Yekar Tiferet on Mishneh Torah, Slaves","tok-5db3547548b4","ושכיב","ושכיב","Unresolved","","No lexical entry yet","true","1","Yekar Tiferet on Mishneh Torah, Slaves 5:14:1"
"yekar-tiferet-on-mishneh-torah-slaves","Yekar Tiferet on Mishneh Torah, Slaves","tok-4b7b79570f86","ושמואל","ושמואל","Unresolved","","No lexical entry yet","true","1","Yekar Tiferet on Mishneh Torah, Slaves 3:4:2"
"yekar-tiferet-on-mishneh-torah-slaves","Yekar Tiferet on Mishneh Torah, Slaves","tok-4ec487768981","ושמע","ושמע","Unresolved","","No lexical entry yet","true","1","Yekar Tiferet on Mishneh Torah, Slaves 5:2:1"
"yekar-tiferet-on-mishneh-torah-slaves","Yekar Tiferet on Mishneh Torah, Slaves","tok-1eae96793a28","ושן","ושנ","Unresolved","","No lexical entry yet","true","1","Yekar Tiferet on Mishneh Torah, Slaves 5:5:2"
"yekar-tiferet-on-mishneh-torah-slaves","Yekar Tiferet on Mishneh Torah, Slaves","tok-bfb92c68562f","ושקיל","ושקיל","Unresolved","","No lexical entry yet","true","1","Yekar Tiferet on Mishneh Torah, Slaves 6:6:5"
"yekar-tiferet-on-mishneh-torah-slaves","Yekar Tiferet on Mishneh Torah, Slaves","tok-39dc7404fc41","ותגדלנו","ותגדלנו","Unresolved","","No lexical entry yet","true","1","Yekar Tiferet on Mishneh Torah, Slaves 9:6:1"
"yekar-tiferet-on-mishneh-torah-slaves","Yekar Tiferet on Mishneh Torah, Slaves","tok-4e1f78db38a2","ותו","ותו","Unresolved","","No lexical entry yet","true","6","Yekar Tiferet on Mishneh Torah, Slaves 3:13:1; Yekar Tiferet on Mishneh Torah, Slaves 4:3:1; Yekar Tiferet on Mishneh Torah, Slaves 6:5:1; Yekar Tiferet on Mishneh Torah, Slaves 6:6:5; Yekar Tiferet on Mishneh Torah, Slaves 6:6:6"
"yekar-tiferet-on-mishneh-torah-slaves","Yekar Tiferet on Mishneh Torah, Slaves","tok-dfbe9ecec1c5","ותחזור","ותחזור","Unresolved","","No lexical entry yet","true","1","Yekar Tiferet on Mishneh Torah, Slaves 4:5:1"
"yekar-tiferet-on-mishneh-torah-slaves","Yekar Tiferet on Mishneh Torah, Slaves","tok-d0dd25d8669f","ותירץ","ותירצ","Unresolved","","No lexical entry yet","true","1","Yekar Tiferet on Mishneh Torah, Slaves 5:10:2"
"yekar-tiferet-on-mishneh-torah-slaves","Yekar Tiferet on Mishneh Torah, Slaves","tok-322a5523e150","ותיתו","ותיתו","Unresolved","","No lexical entry yet","true","1","Yekar Tiferet on Mishneh Torah, Slaves 7:2:1"
"yekar-tiferet-on-mishneh-torah-slaves","Yekar Tiferet on Mishneh Torah, Slaves","tok-a81e8ea2c91a","ותלמודא","ותלמודא","Unresolved","","No lexical entry yet","true","1","Yekar Tiferet on Mishneh Torah, Slaves 6:6:6"
"yekar-tiferet-on-mishneh-torah-slaves","Yekar Tiferet on Mishneh Torah, Slaves","tok-8c5275d445bb","ותמהני","ותמהני","Unresolved","","No lexical entry yet","true","1","Yekar Tiferet on Mishneh Torah, Slaves 8:17:2"
"yekar-tiferet-on-mishneh-torah-slaves","Yekar Tiferet on Mishneh Torah, Slaves","tok-7c7243750fa7","ותנא","ותנא","Unresolved","","No lexical entry yet","true","1","Yekar Tiferet on Mishneh Torah, Slaves 5:1:1"
"yekar-tiferet-on-mishneh-torah-slaves","Yekar Tiferet on Mishneh Torah, Slaves","tok-918a451a6d2b","ותני","ותני","Unresolved","","No lexical entry yet","true","3","Yekar Tiferet on Mishneh Torah, Slaves 2:12:2; Yekar Tiferet on Mishneh Torah, Slaves 4:11:1; Yekar Tiferet on Mishneh Torah, Slaves 5:4:4"
"yekar-tiferet-on-mishneh-torah-slaves","Yekar Tiferet on Mishneh Torah, Slaves","tok-5cd65f0c876d","ותניא","ותניא","Unresolved","","No lexical entry yet","true","4","Yekar Tiferet on Mishneh Torah, Slaves 3:1:3; Yekar Tiferet on Mishneh Torah, Slaves 4:11:1; Yekar Tiferet on Mishneh Torah, Slaves 5:6:2"
"yekar-tiferet-on-mishneh-torah-slaves","Yekar Tiferet on Mishneh Torah, Slaves","tok-a06caf1271fa","ותנשא","ותנשא","Unresolved","","No lexical entry yet","true","1","Yekar Tiferet on Mishneh Torah, Slaves 6:7:2"
"yekar-tiferet-on-mishneh-torah-slaves","Yekar Tiferet on Mishneh Torah, Slaves","tok-887545950c72","ותפס","ותפס","Unresolved","","No lexical entry yet","true","1","Yekar Tiferet on Mishneh Torah, Slaves 3:3:1"
"yekar-tiferet-on-mishneh-torah-slaves","Yekar Tiferet on Mishneh Torah, Slaves","tok-8fb535dac863","ותרתי","ותרתי","Unresolved","","No lexical entry yet","true","1","Yekar Tiferet on Mishneh Torah, Slaves 4:13:1"
"yekar-tiferet-on-mishneh-torah-slaves","Yekar Tiferet on Mishneh Torah, Slaves","tok-bf065e1624dd","ותשכח","ותשכח","Unresolved","","No lexical entry yet","true","1","Yekar Tiferet on Mishneh Torah, Slaves 7:5:1"
"yekar-tiferet-on-mishneh-torah-slaves","Yekar Tiferet on Mishneh Torah, Slaves","tok-23e4e2108f0b","ותתבטל","ותתבטל","Unresolved","","No lexical entry yet","true","1","Yekar Tiferet on Mishneh Torah, Slaves 2:7:5"
"yekar-tiferet-on-mishneh-torah-slaves","Yekar Tiferet on Mishneh Torah, Slaves","tok-5a91a4b75d47","זבוני","זבוני","Unresolved","","No lexical entry yet","true","1","Yekar Tiferet on Mishneh Torah, Slaves 4:10:1"
"yekar-tiferet-on-mishneh-torah-slaves","Yekar Tiferet on Mishneh Torah, Slaves","tok-6d64e0aad464","זיכה","זיכה","Unresolved","","No lexical entry yet","true","3","Yekar Tiferet on Mishneh Torah, Slaves 6:3:1"
"yekar-tiferet-on-mishneh-torah-slaves","Yekar Tiferet on Mishneh Torah, Slaves","tok-c4cebc90d925","זילו","זילו","Unresolved","","No lexical entry yet","true","1","Yekar Tiferet on Mishneh Torah, Slaves 8:14:1"
"yekar-tiferet-on-mishneh-torah-slaves","Yekar Tiferet on Mishneh Torah, Slaves","tok-7af035c3dc5f","זימנא","זימנא","Unresolved","","No lexical entry yet","true","1","Yekar Tiferet on Mishneh Torah, Slaves 4:14:1"
"yekar-tiferet-on-mishneh-torah-slaves","Yekar Tiferet on Mishneh Torah, Slaves","tok-49b0a2db8935","זכה","זכה","Unresolved","","No lexical entry yet","true","1","Yekar Tiferet on Mishneh Torah, Slaves 8:15:1"
"yekar-tiferet-on-mishneh-torah-slaves","Yekar Tiferet on Mishneh Torah, Slaves","tok-d2a10d252155","זכרם","זכרמ","Unresolved","","No lexical entry yet","true","2","Yekar Tiferet on Mishneh Torah, Slaves 9:2:1; Yekar Tiferet on Mishneh Torah, Slaves 9:3:1"
"yekar-tiferet-on-mishneh-torah-slaves","Yekar Tiferet on Mishneh Torah, Slaves","tok-cc1fd53014da","זנות","זנות","Unresolved","","No lexical entry yet","true","2","Yekar Tiferet on Mishneh Torah, Slaves 9:1:1"
"yekar-tiferet-on-mishneh-torah-slaves","Yekar Tiferet on Mishneh Torah, Slaves","tok-4253aa71c94e","זצ״ל","זצ״ל","Unresolved","","No lexical entry yet","true","2","Yekar Tiferet on Mishneh Torah, Slaves 3:9:2; Yekar Tiferet on Mishneh Torah, Slaves 4:4:2"
"yekar-tiferet-on-mishneh-torah-slaves","Yekar Tiferet on Mishneh Torah, Slaves","tok-9ce92b3419b7","ח׳","ח׳","Unresolved","","No lexical entry yet","true","1","Yekar Tiferet on Mishneh Torah, Slaves 2:8:1"
"yekar-tiferet-on-mishneh-torah-slaves","Yekar Tiferet on Mishneh Torah, Slaves","tok-4d56ba9bd482","חבילות","חבילות","Unresolved","","No lexical entry yet","true","6","Yekar Tiferet on Mishneh Torah, Slaves 3:9:4; Yekar Tiferet on Mishneh Torah, Slaves 4:7:5"
"yekar-tiferet-on-mishneh-torah-slaves","Yekar Tiferet on Mishneh Torah, Slaves","tok-37f6f9f1176b","חבירו","חבירו","Unresolved","","No lexical entry yet","true","1","Yekar Tiferet on Mishneh Torah, Slaves 8:16:1"
"yekar-tiferet-on-mishneh-torah-slaves","Yekar Tiferet on Mishneh Torah, Slaves","tok-7069575cf301","חבלה","חבלה","Unresolved","","No lexical entry yet","true","1","Yekar Tiferet on Mishneh Torah, Slaves 5:14:1"
"yekar-tiferet-on-mishneh-torah-slaves","Yekar Tiferet on Mishneh Torah, Slaves","tok-54eb4d0c6a91","חבלות","חבלות","Unresolved","","No lexical entry yet","true","1","Yekar Tiferet on Mishneh Torah, Slaves 5:14:1"
"yekar-tiferet-on-mishneh-torah-slaves","Yekar Tiferet on Mishneh Torah, Slaves","tok-e29d0b338c7a","חבר","חבר","Unresolved","","No lexical entry yet","true","4","Yekar Tiferet on Mishneh Torah, Slaves 6:6:1; Yekar Tiferet on Mishneh Torah, Slaves 6:6:3"
"yekar-tiferet-on-mishneh-torah-slaves","Yekar Tiferet on Mishneh Torah, Slaves","tok-b10a52c0de1c","חברות","חברות","Unresolved","","No lexical entry yet","true","2","Yekar Tiferet on Mishneh Torah, Slaves 6:6:3"
"yekar-tiferet-on-mishneh-torah-slaves","Yekar Tiferet on Mishneh Torah, Slaves","tok-eeae5c6b49c8","חדא","חדא","Unresolved","","No lexical entry yet","true","2","Yekar Tiferet on Mishneh Torah, Slaves 4:9:2; Yekar Tiferet on Mishneh Torah, Slaves 4:11:1"
"yekar-tiferet-on-mishneh-torah-slaves","Yekar Tiferet on Mishneh Torah, Slaves","tok-15c01826d3a8","חו״ל","חו״ל","Unresolved","","No lexical entry yet","true","1","Yekar Tiferet on Mishneh Torah, Slaves 8:12:1"
"yekar-tiferet-on-mishneh-torah-slaves","Yekar Tiferet on Mishneh Torah, Slaves","tok-6c74c9fd9af8","חוב","חוב","Unresolved","","No lexical entry yet","true","2","Yekar Tiferet on Mishneh Torah, Slaves 5:15:1; Yekar Tiferet on Mishneh Torah, Slaves 6:1:2"
"yekar-tiferet-on-mishneh-torah-slaves","Yekar Tiferet on Mishneh Torah, Slaves","tok-36b046dfe45f","חובו","חובו","Unresolved","","No lexical entry yet","true","1","Yekar Tiferet on Mishneh Torah, Slaves 3:15:1"
"yekar-tiferet-on-mishneh-torah-slaves","Yekar Tiferet on Mishneh Torah, Slaves","tok-4119be9cdb36","חולי","חולי","Unresolved","","No lexical entry yet","true","1","Yekar Tiferet on Mishneh Torah, Slaves 3:2:1"
"yekar-tiferet-on-mishneh-torah-slaves","Yekar Tiferet on Mishneh Torah, Slaves","tok-8637efc5af9d","חוליו","חוליו","Unresolved","","No lexical entry yet","true","1","Yekar Tiferet on Mishneh Torah, Slaves 2:5:2"
"yekar-tiferet-on-mishneh-torah-slaves","Yekar Tiferet on Mishneh Torah, Slaves","tok-41d8271e0d19","חולים","חולימ","Unresolved","","No lexical entry yet","true","1","Yekar Tiferet on Mishneh Torah, Slaves 3:11:2"
"yekar-tiferet-on-mishneh-torah-slaves","Yekar Tiferet on Mishneh Torah, Slaves","tok-1fc719558c2a","חופשה","חופשה","Unresolved","","No lexical entry yet","true","1","Yekar Tiferet on Mishneh Torah, Slaves 7:6:2"
"yekar-tiferet-on-mishneh-torah-slaves","Yekar Tiferet on Mishneh Torah, Slaves","tok-8d2cee2a2b5e","חורא","חורא","Unresolved","","No lexical entry yet","true","2","Yekar Tiferet on Mishneh Torah, Slaves 8:6:1"
"yekar-tiferet-on-mishneh-torah-slaves","Yekar Tiferet on Mishneh Torah, Slaves","tok-f4ebd6c0ab9a","חורין","חורינ","Unresolved","","No lexical entry yet","true","27","Yekar Tiferet on Mishneh Torah, Slaves 1:7:2; Yekar Tiferet on Mishneh Torah, Slaves 3:5:3; Yekar Tiferet on Mishneh Torah, Slaves 6:2:1; Yekar Tiferet on Mishneh Torah, Slaves 6:3:1; Yekar Tiferet on Mishneh Torah, Slaves 7:1:2"
"yekar-tiferet-on-mishneh-torah-slaves","Yekar Tiferet on Mishneh Torah, Slaves","tok-93df54e8157f","חותמין","חותמינ","Unresolved","","No lexical entry yet","true","3","Yekar Tiferet on Mishneh Torah, Slaves 6:6:1; Yekar Tiferet on Mishneh Torah, Slaves 6:6:6"
"yekar-tiferet-on-mishneh-torah-slaves","Yekar Tiferet on Mishneh Torah, Slaves","tok-ac394bc72e0f","חזית","חזית","Unresolved","","No lexical entry yet","true","1","Yekar Tiferet on Mishneh Torah, Slaves 8:6:1"
"yekar-tiferet-on-mishneh-torah-slaves","Yekar Tiferet on Mishneh Torah, Slaves","tok-0da60e537826","חזקיה","חזקיה","Unresolved","","No lexical entry yet","true","1","Yekar Tiferet on Mishneh Torah, Slaves 2:8:1"
"yekar-tiferet-on-mishneh-torah-slaves","Yekar Tiferet on Mishneh Torah, Slaves","tok-2d80bb33d1b5","חזר","חזר","Unresolved","","No lexical entry yet","true","3","Yekar Tiferet on Mishneh Torah, Slaves 2:10:2; Yekar Tiferet on Mishneh Torah, Slaves 8:8:1"
"yekar-tiferet-on-mishneh-torah-slaves","Yekar Tiferet on Mishneh Torah, Slaves","tok-ae1372d66abc","חטטו","חטטו","Unresolved","","No lexical entry yet","true","1","Yekar Tiferet on Mishneh Torah, Slaves 5:6:2"
"yekar-tiferet-on-mishneh-torah-slaves","Yekar Tiferet on Mishneh Torah, Slaves","tok-f57396137f1a","חייב","חייב","Unresolved","","No lexical entry yet","true","26","Yekar Tiferet on Mishneh Torah, Slaves 2:4:1; Yekar Tiferet on Mishneh Torah, Slaves 2:5:2; Yekar Tiferet on Mishneh Torah, Slaves 2:8:1; Yekar Tiferet on Mishneh Torah, Slaves 3:1:1; Yekar Tiferet on Mishneh Torah, Slaves 3:1:2"
"yekar-tiferet-on-mishneh-torah-slaves","Yekar Tiferet on Mishneh Torah, Slaves","tok-2e1074be07de","חייבי","חייבי","Unresolved","","No lexical entry yet","true","1","Yekar Tiferet on Mishneh Torah, Slaves 4:12:1"
"yekar-tiferet-on-mishneh-torah-slaves","Yekar Tiferet on Mishneh Torah, Slaves","tok-ab83babb6f28","חייבים","חייבימ","Unresolved","","No lexical entry yet","true","1","Yekar Tiferet on Mishneh Torah, Slaves 9:7:2"
"yekar-tiferet-on-mishneh-torah-slaves","Yekar Tiferet on Mishneh Torah, Slaves","tok-078b1d27c2f3","חייבת","חייבת","Unresolved","","No lexical entry yet","true","1","Yekar Tiferet on Mishneh Torah, Slaves 6:6:4"
"yekar-tiferet-on-mishneh-torah-slaves","Yekar Tiferet on Mishneh Torah, Slaves","tok-c7c3bc91a614","חייבתו","חייבתו","Unresolved","","No lexical entry yet","true","1","Yekar Tiferet on Mishneh Torah, Slaves 1:1:3"
"yekar-tiferet-on-mishneh-torah-slaves","Yekar Tiferet on Mishneh Torah, Slaves","tok-238c7737c4a8","חיישינן","חיישיננ","Unresolved","","No lexical entry yet","true","5","Yekar Tiferet on Mishneh Torah, Slaves 4:2:2; Yekar Tiferet on Mishneh Torah, Slaves 6:3:1"
"yekar-tiferet-on-mishneh-torah-slaves","Yekar Tiferet on Mishneh Torah, Slaves","tok-ee772a7884ce","חילוקים","חילוקימ","Unresolved","","No lexical entry yet","true","1","Yekar Tiferet on Mishneh Torah, Slaves 1:1:4"
"yekar-tiferet-on-mishneh-torah-slaves","Yekar Tiferet on Mishneh Torah, Slaves","tok-e6d116070b22","חילק","חילק","Unresolved","","No lexical entry yet","true","1","Yekar Tiferet on Mishneh Torah, Slaves 1:2:2"
"yekar-tiferet-on-mishneh-torah-slaves","Yekar Tiferet on Mishneh Torah, Slaves","tok-9b48fc8aeb90","חלה","חלה","Unresolved","","No lexical entry yet","true","6","Yekar Tiferet on Mishneh Torah, Slaves 2:5:1; Yekar Tiferet on Mishneh Torah, Slaves 2:5:2; Yekar Tiferet on Mishneh Torah, Slaves 3:2:1"
"yekar-tiferet-on-mishneh-torah-slaves","Yekar Tiferet on Mishneh Torah, Slaves","tok-b229385a74bf","חלו","חלו","Unresolved","","No lexical entry yet","true","1","Yekar Tiferet on Mishneh Torah, Slaves 4:15:1"
"yekar-tiferet-on-mishneh-torah-slaves","Yekar Tiferet on Mishneh Torah, Slaves","tok-6214cdcc30ef","חלוצה","חלוצה","Unresolved","","No lexical entry yet","true","1","Yekar Tiferet on Mishneh Torah, Slaves 4:13:4"
"yekar-tiferet-on-mishneh-torah-slaves","Yekar Tiferet on Mishneh Torah, Slaves","tok-f88e447794c0","חלוקה","חלוקה","Unresolved","","No lexical entry yet","true","1","Yekar Tiferet on Mishneh Torah, Slaves 4:14:1"
"yekar-tiferet-on-mishneh-torah-slaves","Yekar Tiferet on Mishneh Torah, Slaves","tok-03aec0dff4ef","חליפין","חליפינ","Unresolved","","No lexical entry yet","true","2","Yekar Tiferet on Mishneh Torah, Slaves 5:1:1"
"yekar-tiferet-on-mishneh-torah-slaves","Yekar Tiferet on Mishneh Torah, Slaves","tok-a079d247cf47","חלתה","חלתה","Unresolved","","No lexical entry yet","true","1","Yekar Tiferet on Mishneh Torah, Slaves 3:2:1"
"yekar-tiferet-on-mishneh-torah-slaves","Yekar Tiferet on Mishneh Torah, Slaves","tok-618f208e0742","חמישים","חמישימ","Unresolved","","No lexical entry yet","true","1","Yekar Tiferet on Mishneh Torah, Slaves 2:10:2"
"yekar-tiferet-on-mishneh-torah-slaves","Yekar Tiferet on Mishneh Torah, Slaves","tok-cf01cbb2234c","חמץ","חמצ","Unresolved","","No lexical entry yet","true","1","Yekar Tiferet on Mishneh Torah, Slaves 8:16:1"
"yekar-tiferet-on-mishneh-torah-slaves","Yekar Tiferet on Mishneh Torah, Slaves","tok-cc3b85c4376d","חמש","חמש","Unresolved","","No lexical entry yet","true","2","Yekar Tiferet on Mishneh Torah, Slaves 2:8:1; Yekar Tiferet on Mishneh Torah, Slaves 2:8:2"
"yekar-tiferet-on-mishneh-torah-slaves","Yekar Tiferet on Mishneh Torah, Slaves","tok-3eeae581a973","חמשה","חמשה","Unresolved","","No lexical entry yet","true","2","Yekar Tiferet on Mishneh Torah, Slaves 2:8:2; Yekar Tiferet on Mishneh Torah, Slaves 5:10:1"
"yekar-tiferet-on-mishneh-torah-slaves","Yekar Tiferet on Mishneh Torah, Slaves","tok-1849d9781133","חמשים","חמשימ","Unresolved","","No lexical entry yet","true","1","Yekar Tiferet on Mishneh Torah, Slaves 2:8:2"
"yekar-tiferet-on-mishneh-torah-slaves","Yekar Tiferet on Mishneh Torah, Slaves","tok-5cbb008bdb67","חסדא","חסדא","Unresolved","","No lexical entry yet","true","1","Yekar Tiferet on Mishneh Torah, Slaves 4:3:2"
"yekar-tiferet-on-mishneh-torah-slaves","Yekar Tiferet on Mishneh Torah, Slaves","tok-81462bdad5d2","חסה","חסה","Unresolved","","No lexical entry yet","true","3","Yekar Tiferet on Mishneh Torah, Slaves 1:5:1; Yekar Tiferet on Mishneh Torah, Slaves 3:3:1; Yekar Tiferet on Mishneh Torah, Slaves 5:5:1"
"yekar-tiferet-on-mishneh-torah-slaves","Yekar Tiferet on Mishneh Torah, Slaves","tok-8e02be01aa1f","חסרו","חסרו","Unresolved","","No lexical entry yet","true","2","Yekar Tiferet on Mishneh Torah, Slaves 5:6:2"
"yekar-tiferet-on-mishneh-torah-slaves","Yekar Tiferet on Mishneh Torah, Slaves","tok-d2b47d2cb219","חסריה","חסריה","Unresolved","","No lexical entry yet","true","2","Yekar Tiferet on Mishneh Torah, Slaves 5:6:2"
"yekar-tiferet-on-mishneh-torah-slaves","Yekar Tiferet on Mishneh Torah, Slaves","tok-34d72b3abed1","חצי","חצי","Unresolved","","No lexical entry yet","true","11","Yekar Tiferet on Mishneh Torah, Slaves 2:10:2; Yekar Tiferet on Mishneh Torah, Slaves 5:15:1; Yekar Tiferet on Mishneh Torah, Slaves 7:3:4; Yekar Tiferet on Mishneh Torah, Slaves 7:4:1; Yekar Tiferet on Mishneh Torah, Slaves 7:4:2"
"yekar-tiferet-on-mishneh-torah-slaves","Yekar Tiferet on Mishneh Torah, Slaves","tok-078e56adadcc","חציה","חציה","Unresolved","","No lexical entry yet","true","6","Yekar Tiferet on Mishneh Torah, Slaves 7:4:1; Yekar Tiferet on Mishneh Torah, Slaves 7:5:1; Yekar Tiferet on Mishneh Torah, Slaves 7:6:1; Yekar Tiferet on Mishneh Torah, Slaves 7:6:2; Yekar Tiferet on Mishneh Torah, Slaves 9:6:3"
"yekar-tiferet-on-mishneh-torah-slaves","Yekar Tiferet on Mishneh Torah, Slaves","tok-4692716ecee1","חציו","חציו","Unresolved","","No lexical entry yet","true","7","Yekar Tiferet on Mishneh Torah, Slaves 7:4:2; Yekar Tiferet on Mishneh Torah, Slaves 7:6:2"
"yekar-tiferet-on-mishneh-torah-slaves","Yekar Tiferet on Mishneh Torah, Slaves","tok-ba1535490907","חרופה","חרופה","Unresolved","","No lexical entry yet","true","2","Yekar Tiferet on Mishneh Torah, Slaves 7:4:1; Yekar Tiferet on Mishneh Torah, Slaves 7:6:1"
"yekar-tiferet-on-mishneh-torah-slaves","Yekar Tiferet on Mishneh Torah, Slaves","tok-79f54013e241","חשבינן","חשביננ","Unresolved","","No lexical entry yet","true","1","Yekar Tiferet on Mishneh Torah, Slaves 2:12:3"
"yekar-tiferet-on-mishneh-torah-slaves","Yekar Tiferet on Mishneh Torah, Slaves","tok-a2e42422876a","חשיד","חשיד","Unresolved","","No lexical entry yet","true","1","Yekar Tiferet on Mishneh Torah, Slaves 6:6:1"
"yekar-tiferet-on-mishneh-torah-slaves","Yekar Tiferet on Mishneh Torah, Slaves","tok-1a88299ecbba","חתם","חתמ","Unresolved","","No lexical entry yet","true","1","Yekar Tiferet on Mishneh Torah, Slaves 6:6:3"
"yekar-tiferet-on-mishneh-torah-slaves","Yekar Tiferet on Mishneh Torah, Slaves","tok-07725ebd8872","טובל","טובל","Unresolved","","No lexical entry yet","true","1","Yekar Tiferet on Mishneh Torah, Slaves 8:19:2"
"yekar-tiferet-on-mishneh-torah-slaves","Yekar Tiferet on Mishneh Torah, Slaves","tok-28e3066f5daf","טורח","טורח","Unresolved","","No lexical entry yet","true","1","Yekar Tiferet on Mishneh Torah, Slaves 1:6:2"
"yekar-tiferet-on-mishneh-torah-slaves","Yekar Tiferet on Mishneh Torah, Slaves","tok-e0f22893f5e8","טליתו","טליתו","Unresolved","","No lexical entry yet","true","5","Yekar Tiferet on Mishneh Torah, Slaves 4:10:1; Yekar Tiferet on Mishneh Torah, Slaves 4:13:1; Yekar Tiferet on Mishneh Torah, Slaves 4:13:2"
"yekar-tiferet-on-mishneh-torah-slaves","Yekar Tiferet on Mishneh Torah, Slaves","tok-1374ff43d92e","טעמא","טעמא","Unresolved","","No lexical entry yet","true","10","Yekar Tiferet on Mishneh Torah, Slaves 1:2:1; Yekar Tiferet on Mishneh Torah, Slaves 3:6:1; Yekar Tiferet on Mishneh Torah, Slaves 4:12:1; Yekar Tiferet on Mishneh Torah, Slaves 5:6:2; Yekar Tiferet on Mishneh Torah, Slaves 5:12:1"
"yekar-tiferet-on-mishneh-torah-slaves","Yekar Tiferet on Mishneh Torah, Slaves","tok-eff6bd840063","טעמיה","טעמיה","Unresolved","","No lexical entry yet","true","1","Yekar Tiferet on Mishneh Torah, Slaves 7:4:2"
"yekar-tiferet-on-mishneh-torah-slaves","Yekar Tiferet on Mishneh Torah, Slaves","tok-2cc835f2e324","טפי","טפי","Unresolved","","No lexical entry yet","true","1","Yekar Tiferet on Mishneh Torah, Slaves 8:10:1"
"yekar-tiferet-on-mishneh-torah-slaves","Yekar Tiferet on Mishneh Torah, Slaves","tok-ebd6d1278564","י״ל","י״ל","Unresolved","","No lexical entry yet","true","1","Yekar Tiferet on Mishneh Torah, Slaves 1:6:2"
"yekar-tiferet-on-mishneh-torah-slaves","Yekar Tiferet on Mishneh Torah, Slaves","tok-9146ee2df2c7","יאכל","יאכל","Unresolved","","No lexical entry yet","true","2","Yekar Tiferet on Mishneh Torah, Slaves 1:1:5; Yekar Tiferet on Mishneh Torah, Slaves 6:3:1"
"yekar-tiferet-on-mishneh-torah-slaves","Yekar Tiferet on Mishneh Torah, Slaves","tok-9ec87311b93a","יבם","יבמ","Unresolved","","No lexical entry yet","true","1","Yekar Tiferet on Mishneh Torah, Slaves 3:1:2"
"yekar-tiferet-on-mishneh-torah-slaves","Yekar Tiferet on Mishneh Torah, Slaves","tok-8c2502f490ef","יבמות","יבמות","Unresolved","","No lexical entry yet","true","1","Yekar Tiferet on Mishneh Torah, Slaves 1:8:2"
"yekar-tiferet-on-mishneh-torah-slaves","Yekar Tiferet on Mishneh Torah, Slaves","tok-5a961586b2a7","יגאל","יגאל","Unresolved","","No lexical entry yet","true","2","Yekar Tiferet on Mishneh Torah, Slaves 2:7:5"
"yekar-tiferet-on-mishneh-torah-slaves","Yekar Tiferet on Mishneh Torah, Slaves","tok-41a59dda2b2f","יגאלוהו","יגאלוהו","Unresolved","","No lexical entry yet","true","1","Yekar Tiferet on Mishneh Torah, Slaves 2:7:3"
"yekar-tiferet-on-mishneh-torah-slaves","Yekar Tiferet on Mishneh Torah, Slaves","tok-a8fa7e2e2c69","יגאלנו","יגאלנו","Unresolved","","No lexical entry yet","true","2","Yekar Tiferet on Mishneh Torah, Slaves 2:7:2"
"yekar-tiferet-on-mishneh-torah-slaves","Yekar Tiferet on Mishneh Torah, Slaves","tok-9b5c96d80b6e","ידחו","ידחו","Unresolved","","No lexical entry yet","true","1","Yekar Tiferet on Mishneh Torah, Slaves 2:7:2"
"yekar-tiferet-on-mishneh-torah-slaves","Yekar Tiferet on Mishneh Torah, Slaves","tok-072c253f5730","ידיה","ידיה","Unresolved","","No lexical entry yet","true","1","Yekar Tiferet on Mishneh Torah, Slaves 3:2:1"
"yekar-tiferet-on-mishneh-torah-slaves","Yekar Tiferet on Mishneh Torah, Slaves","tok-b32599b86155","ידעינן","ידעיננ","Unresolved","","No lexical entry yet","true","3","Yekar Tiferet on Mishneh Torah, Slaves 1:3:2; Yekar Tiferet on Mishneh Torah, Slaves 8:8:1"
"yekar-tiferet-on-mishneh-torah-slaves","Yekar Tiferet on Mishneh Torah, Slaves","tok-4ec7cc4f2191","ידענא","ידענא","Unresolved","","No lexical entry yet","true","1","Yekar Tiferet on Mishneh Torah, Slaves 6:6:3"
"yekar-tiferet-on-mishneh-torah-slaves","Yekar Tiferet on Mishneh Torah, Slaves","tok-054c01c7859e","יהא","יהא","Unresolved","","No lexical entry yet","true","2","Yekar Tiferet on Mishneh Torah, Slaves 6:3:1; Yekar Tiferet on Mishneh Torah, Slaves 8:16:1"
"yekar-tiferet-on-mishneh-torah-slaves","Yekar Tiferet on Mishneh Torah, Slaves","tok-4774cc0d605c","יהיב","יהיב","Unresolved","","No lexical entry yet","true","2","Yekar Tiferet on Mishneh Torah, Slaves 1:8:2; Yekar Tiferet on Mishneh Torah, Slaves 4:7:1"
"yekar-tiferet-on-mishneh-torah-slaves","Yekar Tiferet on Mishneh Torah, Slaves","tok-8fabd765920b","יובל","יובל","Unresolved","","No lexical entry yet","true","9","Yekar Tiferet on Mishneh Torah, Slaves 1:2:2; Yekar Tiferet on Mishneh Torah, Slaves 2:2:1; Yekar Tiferet on Mishneh Torah, Slaves 2:4:1; Yekar Tiferet on Mishneh Torah, Slaves 2:5:2; Yekar Tiferet on Mishneh Torah, Slaves 2:8:2"
"yekar-tiferet-on-mishneh-torah-slaves","Yekar Tiferet on Mishneh Torah, Slaves","tok-78221c154646","יוחנן","יוחננ","Unresolved","","No lexical entry yet","true","14","Yekar Tiferet on Mishneh Torah, Slaves 6:2:1; Yekar Tiferet on Mishneh Torah, Slaves 6:4:1; Yekar Tiferet on Mishneh Torah, Slaves 8:8:1; Yekar Tiferet on Mishneh Torah, Slaves 8:13:1; Yekar Tiferet on Mishneh Torah, Slaves 8:14:1"
"yekar-tiferet-on-mishneh-torah-slaves","Yekar Tiferet on Mishneh Torah, Slaves","tok-deaba4e3638b","יוחסין","יוחסינ","Unresolved","","No lexical entry yet","true","4","Yekar Tiferet on Mishneh Torah, Slaves 8:10:1; Yekar Tiferet on Mishneh Torah, Slaves 9:3:1"
"yekar-tiferet-on-mishneh-torah-slaves","Yekar Tiferet on Mishneh Torah, Slaves","tok-07e8c6f6b887","יונה","יונה","Unresolved","","No lexical entry yet","true","1","Yekar Tiferet on Mishneh Torah, Slaves 6:6:2"
"yekar-tiferet-on-mishneh-torah-slaves","Yekar Tiferet on Mishneh Torah, Slaves","tok-fa7db6d80a7f","יוסי","יוסי","Unresolved","","No lexical entry yet","true","1","Yekar Tiferet on Mishneh Torah, Slaves 7:5:1"
"yekar-tiferet-on-mishneh-torah-slaves","Yekar Tiferet on Mishneh Torah, Slaves","tok-5763794ffda7","יוצאה","יוצאה","Unresolved","","No lexical entry yet","true","8","Yekar Tiferet on Mishneh Torah, Slaves 4:1:1; Yekar Tiferet on Mishneh Torah, Slaves 4:4:3; Yekar Tiferet on Mishneh Torah, Slaves 4:7:1; Yekar Tiferet on Mishneh Torah, Slaves 4:9:2; Yekar Tiferet on Mishneh Torah, Slaves 8:12:2"
"yekar-tiferet-on-mishneh-torah-slaves","Yekar Tiferet on Mishneh Torah, Slaves","tok-9a687995ef23","יורש","יורש","Unresolved","","No lexical entry yet","true","1","Yekar Tiferet on Mishneh Torah, Slaves 2:12:2"
"yekar-tiferet-on-mishneh-torah-slaves","Yekar Tiferet on Mishneh Torah, Slaves","tok-913dc0116a8e","יורשי","יורשי","Unresolved","","No lexical entry yet","true","2","Yekar Tiferet on Mishneh Torah, Slaves 2:6:2; Yekar Tiferet on Mishneh Torah, Slaves 2:12:1"
"yekar-tiferet-on-mishneh-torah-slaves","Yekar Tiferet on Mishneh Torah, Slaves","tok-02211dd415ec","יורשת","יורשת","Unresolved","","No lexical entry yet","true","1","Yekar Tiferet on Mishneh Torah, Slaves 2:12:2"
"yekar-tiferet-on-mishneh-torah-slaves","Yekar Tiferet on Mishneh Torah, Slaves","tok-54b623795e23","יזון","יזונ","Unresolved","","No lexical entry yet","true","1","Yekar Tiferet on Mishneh Torah, Slaves 9:7:2"
"yekar-tiferet-on-mishneh-torah-slaves","Yekar Tiferet on Mishneh Torah, Slaves","tok-207d3e7a38c1","יחזור","יחזור","Unresolved","","No lexical entry yet","true","2","Yekar Tiferet on Mishneh Torah, Slaves 1:6:2; Yekar Tiferet on Mishneh Torah, Slaves 4:2:2"
"yekar-tiferet-on-mishneh-torah-slaves","Yekar Tiferet on Mishneh Torah, Slaves","tok-c7dc6589e47c","יחס","יחס","Unresolved","","No lexical entry yet","true","1","Yekar Tiferet on Mishneh Torah, Slaves 9:3:1"
"yekar-tiferet-on-mishneh-torah-slaves","Yekar Tiferet on Mishneh Torah, Slaves","tok-f7ffbc1b812f","יטמע","יטמע","Unresolved","","No lexical entry yet","true","3","Yekar Tiferet on Mishneh Torah, Slaves 2:7:2; Yekar Tiferet on Mishneh Torah, Slaves 2:7:4; Yekar Tiferet on Mishneh Torah, Slaves 2:7:5"
"yekar-tiferet-on-mishneh-torah-slaves","Yekar Tiferet on Mishneh Torah, Slaves","tok-43834c262298","יטריחוה","יטריחוה","Unresolved","","No lexical entry yet","true","1","Yekar Tiferet on Mishneh Torah, Slaves 6:4:1"
"yekar-tiferet-on-mishneh-torah-slaves","Yekar Tiferet on Mishneh Torah, Slaves","tok-beb1d9835275","ייעד","ייעד","Unresolved","","No lexical entry yet","true","2","Yekar Tiferet on Mishneh Torah, Slaves 4:13:2; Yekar Tiferet on Mishneh Torah, Slaves 4:15:1"
"yekar-tiferet-on-mishneh-torah-slaves","Yekar Tiferet on Mishneh Torah, Slaves","tok-25ad9b3dc775","ייעדה","ייעדה","Unresolved","","No lexical entry yet","true","3","Yekar Tiferet on Mishneh Torah, Slaves 4:10:1; Yekar Tiferet on Mishneh Torah, Slaves 4:13:1"
"yekar-tiferet-on-mishneh-torah-slaves","Yekar Tiferet on Mishneh Torah, Slaves","tok-d352eb3b17f0","ייעוד","ייעוד","Unresolved","","No lexical entry yet","true","17","Yekar Tiferet on Mishneh Torah, Slaves 1:10:1; Yekar Tiferet on Mishneh Torah, Slaves 4:7:2; Yekar Tiferet on Mishneh Torah, Slaves 4:7:3; Yekar Tiferet on Mishneh Torah, Slaves 4:11:1; Yekar Tiferet on Mishneh Torah, Slaves 4:12:1"
"yekar-tiferet-on-mishneh-torah-slaves","Yekar Tiferet on Mishneh Torah, Slaves","tok-591ba6d94f87","ייעודי","ייעודי","Unresolved","","No lexical entry yet","true","2","Yekar Tiferet on Mishneh Torah, Slaves 4:10:1"
"yekar-tiferet-on-mishneh-torah-slaves","Yekar Tiferet on Mishneh Torah, Slaves","tok-49a74e89d7ae","יכה","יכה","Unresolved","","No lexical entry yet","true","2","Yekar Tiferet on Mishneh Torah, Slaves 5:11:1; Yekar Tiferet on Mishneh Torah, Slaves 5:15:1"
"yekar-tiferet-on-mishneh-torah-slaves","Yekar Tiferet on Mishneh Torah, Slaves","tok-47f4c1b815b8","יכרת","יכרת","Unresolved","","No lexical entry yet","true","1","Yekar Tiferet on Mishneh Torah, Slaves 3:3:1"
"yekar-tiferet-on-mishneh-torah-slaves","Yekar Tiferet on Mishneh Torah, Slaves","tok-fb7dac6b3c48","יליף","יליפ","Unresolved","","No lexical entry yet","true","5","Yekar Tiferet on Mishneh Torah, Slaves 2:5:2; Yekar Tiferet on Mishneh Torah, Slaves 2:9:1; Yekar Tiferet on Mishneh Torah, Slaves 3:14:4; Yekar Tiferet on Mishneh Torah, Slaves 7:6:2"
"yekar-tiferet-on-mishneh-torah-slaves","Yekar Tiferet on Mishneh Torah, Slaves","tok-e42bd215e484","ילמדו","ילמדו","Unresolved","","No lexical entry yet","true","1","Yekar Tiferet on Mishneh Torah, Slaves 1:6:2"
"yekar-tiferet-on-mishneh-torah-slaves","Yekar Tiferet on Mishneh Torah, Slaves","tok-517e29eaaea3","ילפינן","ילפיננ","Unresolved","","No lexical entry yet","true","1","Yekar Tiferet on Mishneh Torah, Slaves 2:8:1"
"yekar-tiferet-on-mishneh-torah-slaves","Yekar Tiferet on Mishneh Torah, Slaves","tok-6169161137f8","ימהר","ימהר","Unresolved","","No lexical entry yet","true","1","Yekar Tiferet on Mishneh Torah, Slaves 1:6:2"
"yekar-tiferet-on-mishneh-torah-slaves","Yekar Tiferet on Mishneh Torah, Slaves","tok-37f370b29f06","ימותו","ימותו","Unresolved","","No lexical entry yet","true","2","Yekar Tiferet on Mishneh Torah, Slaves 9:7:2"
"yekar-tiferet-on-mishneh-torah-slaves","Yekar Tiferet on Mishneh Torah, Slaves","tok-7ca7c6277e1f","ימכר","ימכר","Unresolved","","No lexical entry yet","true","4","Yekar Tiferet on Mishneh Torah, Slaves 1:10:1; Yekar Tiferet on Mishneh Torah, Slaves 3:13:1; Yekar Tiferet on Mishneh Torah, Slaves 4:3:1; Yekar Tiferet on Mishneh Torah, Slaves 4:4:1"
"yekar-tiferet-on-mishneh-torah-slaves","Yekar Tiferet on Mishneh Torah, Slaves","tok-50407b718b5d","ינאי","ינאי","Unresolved","","No lexical entry yet","true","1","Yekar Tiferet on Mishneh Torah, Slaves 4:7:5"
"yekar-tiferet-on-mishneh-torah-slaves","Yekar Tiferet on Mishneh Torah, Slaves","tok-a118f99ad5ee","ינאף","ינאפ","Unresolved","","No lexical entry yet","true","1","Yekar Tiferet on Mishneh Torah, Slaves 4:7:5"
"yekar-tiferet-on-mishneh-torah-slaves","Yekar Tiferet on Mishneh Torah, Slaves","tok-0b927f3144b0","ינהיג","ינהיג","Unresolved","","No lexical entry yet","true","1","Yekar Tiferet on Mishneh Torah, Slaves 8:11:1"
"yekar-tiferet-on-mishneh-torah-slaves","Yekar Tiferet on Mishneh Torah, Slaves","tok-e9c87e7b37e4","יספיקו","יספיקו","Unresolved","","No lexical entry yet","true","1","Yekar Tiferet on Mishneh Torah, Slaves 3:2:1"
"yekar-tiferet-on-mishneh-torah-slaves","Yekar Tiferet on Mishneh Torah, Slaves","tok-456f9edbbb4c","יעבדך","יעבדכ","Unresolved","","No lexical entry yet","true","1","Yekar Tiferet on Mishneh Torah, Slaves 2:12:2"
"yekar-tiferet-on-mishneh-torah-slaves","Yekar Tiferet on Mishneh Torah, Slaves","tok-e0ee9576a4c1","יעבוד","יעבוד","Unresolved","","No lexical entry yet","true","7","Yekar Tiferet on Mishneh Torah, Slaves 1:10:1; Yekar Tiferet on Mishneh Torah, Slaves 2:4:1; Yekar Tiferet on Mishneh Torah, Slaves 2:8:2; Yekar Tiferet on Mishneh Torah, Slaves 2:12:1; Yekar Tiferet on Mishneh Torah, Slaves 2:12:2"
"yekar-tiferet-on-mishneh-torah-slaves","Yekar Tiferet on Mishneh Torah, Slaves","tok-6a4627288cac","יעד","יעד","Unresolved","","No lexical entry yet","true","2","Yekar Tiferet on Mishneh Torah, Slaves 4:7:1; Yekar Tiferet on Mishneh Torah, Slaves 4:7:5"
"yekar-tiferet-on-mishneh-torah-slaves","Yekar Tiferet on Mishneh Torah, Slaves","tok-0ef85d79577f","יעדה","יעדה","Unresolved","","No lexical entry yet","true","6","Yekar Tiferet on Mishneh Torah, Slaves 4:7:2; Yekar Tiferet on Mishneh Torah, Slaves 4:7:3; Yekar Tiferet on Mishneh Torah, Slaves 4:7:4; Yekar Tiferet on Mishneh Torah, Slaves 4:7:5"
"yekar-tiferet-on-mishneh-torah-slaves","Yekar Tiferet on Mishneh Torah, Slaves","tok-94e51ad8f25b","יעוד","יעוד","Unresolved","","No lexical entry yet","true","9","Yekar Tiferet on Mishneh Torah, Slaves 4:7:2; Yekar Tiferet on Mishneh Torah, Slaves 4:7:3; Yekar Tiferet on Mishneh Torah, Slaves 4:7:5; Yekar Tiferet on Mishneh Torah, Slaves 4:13:2; Yekar Tiferet on Mishneh Torah, Slaves 4:13:4"
"yekar-tiferet-on-mishneh-torah-slaves","Yekar Tiferet on Mishneh Torah, Slaves","tok-5b8e08a5bf62","יעיין","יעיינ","Unresolved","","No lexical entry yet","true","1","Yekar Tiferet on Mishneh Torah, Slaves 6:7:2"
"yekar-tiferet-on-mishneh-torah-slaves","Yekar Tiferet on Mishneh Torah, Slaves","tok-b31b0c295d90","יערער","יערער","Unresolved","","No lexical entry yet","true","1","Yekar Tiferet on Mishneh Torah, Slaves 6:7:2"
"yekar-tiferet-on-mishneh-torah-slaves","Yekar Tiferet on Mishneh Torah, Slaves","tok-a452c6b383e8","יעשנה","יעשנה","Unresolved","","No lexical entry yet","true","1","Yekar Tiferet on Mishneh Torah, Slaves 3:3:1"
"yekar-tiferet-on-mishneh-torah-slaves","Yekar Tiferet on Mishneh Torah, Slaves","tok-f5d708b4af87","יפיל","יפיל","Unresolved","","No lexical entry yet","true","2","Yekar Tiferet on Mishneh Torah, Slaves 5:6:2; Yekar Tiferet on Mishneh Torah, Slaves 5:11:1"
"yekar-tiferet-on-mishneh-torah-slaves","Yekar Tiferet on Mishneh Torah, Slaves","tok-b718b9e2b1f8","יפרעו","יפרעו","Unresolved","","No lexical entry yet","true","1","Yekar Tiferet on Mishneh Torah, Slaves 4:3:1"
"yekar-tiferet-on-mishneh-torah-slaves","Yekar Tiferet on Mishneh Torah, Slaves","tok-884d2ce52656","יצחק","יצחק","Unresolved","","No lexical entry yet","true","5","Yekar Tiferet on Mishneh Torah, Slaves 1:3:1; Yekar Tiferet on Mishneh Torah, Slaves 2:9:1; Yekar Tiferet on Mishneh Torah, Slaves 3:4:1; Yekar Tiferet on Mishneh Torah, Slaves 9:6:3"
"yekar-tiferet-on-mishneh-torah-slaves","Yekar Tiferet on Mishneh Torah, Slaves","tok-e423181b0314","יציאה","יציאה","Unresolved","","No lexical entry yet","true","1","Yekar Tiferet on Mishneh Torah, Slaves 2:8:2"
"yekar-tiferet-on-mishneh-torah-slaves","Yekar Tiferet on Mishneh Torah, Slaves","tok-e55006fe1e2f","יציאות","יציאות","Unresolved","","No lexical entry yet","true","1","Yekar Tiferet on Mishneh Torah, Slaves 2:12:3"
"yekar-tiferet-on-mishneh-torah-slaves","Yekar Tiferet on Mishneh Torah, Slaves","tok-e7a85b3f0050","יציאתו","יציאתו","Unresolved","","No lexical entry yet","true","2","Yekar Tiferet on Mishneh Torah, Slaves 2:8:1"
"yekar-tiferet-on-mishneh-torah-slaves","Yekar Tiferet on Mishneh Torah, Slaves","tok-b235320754bd","יצרה","יצרה","Unresolved","","No lexical entry yet","true","2","Yekar Tiferet on Mishneh Torah, Slaves 5:4:2; Yekar Tiferet on Mishneh Torah, Slaves 8:11:1"
"yekar-tiferet-on-mishneh-torah-slaves","Yekar Tiferet on Mishneh Torah, Slaves","tok-9951599f4943","ירדנו","ירדנו","Unresolved","","No lexical entry yet","true","1","Yekar Tiferet on Mishneh Torah, Slaves 1:6:1"
"yekar-tiferet-on-mishneh-torah-slaves","Yekar Tiferet on Mishneh Torah, Slaves","tok-5b48392235de","ירך","ירכ","Unresolved","","No lexical entry yet","true","2","Yekar Tiferet on Mishneh Torah, Slaves 7:5:1"
"yekar-tiferet-on-mishneh-torah-slaves","Yekar Tiferet on Mishneh Torah, Slaves","tok-1a6c0e843c64","ישחררוה","ישחררוה","Unresolved","","No lexical entry yet","true","1","Yekar Tiferet on Mishneh Torah, Slaves 6:4:1"
"yekar-tiferet-on-mishneh-torah-slaves","Yekar Tiferet on Mishneh Torah, Slaves","tok-1d4c14e55d23","ישיבה","ישיבה","Unresolved","","No lexical entry yet","true","1","Yekar Tiferet on Mishneh Torah, Slaves 8:10:1"
"yekar-tiferet-on-mishneh-torah-slaves","Yekar Tiferet on Mishneh Torah, Slaves","tok-18e70bd20a16","ישלחנו","ישלחנו","Unresolved","","No lexical entry yet","true","3","Yekar Tiferet on Mishneh Torah, Slaves 5:6:2; Yekar Tiferet on Mishneh Torah, Slaves 5:10:2; Yekar Tiferet on Mishneh Torah, Slaves 7:4:2"
"yekar-tiferet-on-mishneh-torah-slaves","Yekar Tiferet on Mishneh Torah, Slaves","tok-52b650eb96d3","ישמעאל","ישמעאל","Unresolved","","No lexical entry yet","true","2","Yekar Tiferet on Mishneh Torah, Slaves 1:2:2; Yekar Tiferet on Mishneh Torah, Slaves 2:6:1"
"yekar-tiferet-on-mishneh-torah-slaves","Yekar Tiferet on Mishneh Torah, Slaves","tok-bba6d22a9c1d","ישמרנה","ישמרנה","Unresolved","","No lexical entry yet","true","1","Yekar Tiferet on Mishneh Torah, Slaves 9:6:3"
"yekar-tiferet-on-mishneh-torah-slaves","Yekar Tiferet on Mishneh Torah, Slaves","tok-9349e108b8d6","ישתמש","ישתמש","Unresolved","","No lexical entry yet","true","1","Yekar Tiferet on Mishneh Torah, Slaves 1:7:2"
"yekar-tiferet-on-mishneh-torah-slaves","Yekar Tiferet on Mishneh Torah, Slaves","tok-3990af7f2ae7","ישתעבד","ישתעבד","Unresolved","","No lexical entry yet","true","4","Yekar Tiferet on Mishneh Torah, Slaves 8:15:1; Yekar Tiferet on Mishneh Torah, Slaves 8:15:3"
"yekar-tiferet-on-mishneh-torah-slaves","Yekar Tiferet on Mishneh Torah, Slaves","tok-1191b68652e0","ישתעבדו","ישתעבדו","Unresolved","","No lexical entry yet","true","3","Yekar Tiferet on Mishneh Torah, Slaves 6:4:1; Yekar Tiferet on Mishneh Torah, Slaves 8:14:1"
"yekar-tiferet-on-mishneh-torah-slaves","Yekar Tiferet on Mishneh Torah, Slaves","tok-366c1669ef20","יתחייב","יתחייב","Unresolved","","No lexical entry yet","true","1","Yekar Tiferet on Mishneh Torah, Slaves 3:1:4"
"yekar-tiferet-on-mishneh-torah-slaves","Yekar Tiferet on Mishneh Torah, Slaves","tok-da066b62efd4","יתירא","יתירא","Unresolved","","No lexical entry yet","true","1","Yekar Tiferet on Mishneh Torah, Slaves 2:9:1"
"yekar-tiferet-on-mishneh-torah-slaves","Yekar Tiferet on Mishneh Torah, Slaves","tok-e45d81cfceda","יתירה","יתירה","Unresolved","","No lexical entry yet","true","5","Yekar Tiferet on Mishneh Torah, Slaves 1:8:2; Yekar Tiferet on Mishneh Torah, Slaves 4:1:1; Yekar Tiferet on Mishneh Torah, Slaves 4:5:1; Yekar Tiferet on Mishneh Torah, Slaves 5:6:1; Yekar Tiferet on Mishneh Torah, Slaves 5:11:1"
"yekar-tiferet-on-mishneh-torah-slaves","Yekar Tiferet on Mishneh Torah, Slaves","tok-33d4c33a8c5b","יתירתא","יתירתא","Unresolved","","No lexical entry yet","true","2","Yekar Tiferet on Mishneh Torah, Slaves 1:8:2"
"yekar-tiferet-on-mishneh-torah-slaves","Yekar Tiferet on Mishneh Torah, Slaves","tok-ad7032e42340","יתנו","יתנו","Unresolved","","No lexical entry yet","true","2","Yekar Tiferet on Mishneh Torah, Slaves 6:1:2; Yekar Tiferet on Mishneh Torah, Slaves 6:7:1"
"yekar-tiferet-on-mishneh-torah-slaves","Yekar Tiferet on Mishneh Torah, Slaves","tok-1d1eda1a14f3","כ״ד","כ״ד","Unresolved","","No lexical entry yet","true","1","Yekar Tiferet on Mishneh Torah, Slaves 5:4:4"
"yekar-tiferet-on-mishneh-torah-slaves","Yekar Tiferet on Mishneh Torah, Slaves","tok-ed72a60a6f3c","כ״ה","כ״ה","Unresolved","","No lexical entry yet","true","1","Yekar Tiferet on Mishneh Torah, Slaves 5:5:3"
"yekar-tiferet-on-mishneh-torah-slaves","Yekar Tiferet on Mishneh Torah, Slaves","tok-248d64e3786c","כ״ו","כ״ו","Unresolved","","No lexical entry yet","true","1","Yekar Tiferet on Mishneh Torah, Slaves 5:5:3"
"yekar-tiferet-on-mishneh-torah-slaves","Yekar Tiferet on Mishneh Torah, Slaves","tok-c7ff8f2d491e","כ״ש","כ״ש","Unresolved","","No lexical entry yet","true","7","Yekar Tiferet on Mishneh Torah, Slaves 2:6:1; Yekar Tiferet on Mishneh Torah, Slaves 3:14:3; Yekar Tiferet on Mishneh Torah, Slaves 4:1:1; Yekar Tiferet on Mishneh Torah, Slaves 4:10:2; Yekar Tiferet on Mishneh Torah, Slaves 4:14:1"
"yekar-tiferet-on-mishneh-torah-slaves","Yekar Tiferet on Mishneh Torah, Slaves","tok-ebecee41bdd6","כאביי","כאביי","Unresolved","","No lexical entry yet","true","1","Yekar Tiferet on Mishneh Torah, Slaves 8:15:1"
"yekar-tiferet-on-mishneh-torah-slaves","Yekar Tiferet on Mishneh Torah, Slaves","tok-82f8a87242c6","כאירוסין","כאירוסינ","Unresolved","","No lexical entry yet","true","1","Yekar Tiferet on Mishneh Torah, Slaves 4:9:1"
"yekar-tiferet-on-mishneh-torah-slaves","Yekar Tiferet on Mishneh Torah, Slaves","tok-225ef7273e4d","כאמימר","כאמימר","Unresolved","","No lexical entry yet","true","1","Yekar Tiferet on Mishneh Torah, Slaves 8:13:1"
"yekar-tiferet-on-mishneh-torah-slaves","Yekar Tiferet on Mishneh Torah, Slaves","tok-6de313e86500","כאשה","כאשה","Unresolved","","No lexical entry yet","true","1","Yekar Tiferet on Mishneh Torah, Slaves 7:4:2"
"yekar-tiferet-on-mishneh-torah-slaves","Yekar Tiferet on Mishneh Torah, Slaves","tok-c80bd5379fe8","כבשר","כבשר","Unresolved","","No lexical entry yet","true","1","Yekar Tiferet on Mishneh Torah, Slaves 3:9:2"
"yekar-tiferet-on-mishneh-torah-slaves","Yekar Tiferet on Mishneh Torah, Slaves","tok-990ea3bde6fa","כגוי","כגוי","Unresolved","","No lexical entry yet","true","2","Yekar Tiferet on Mishneh Torah, Slaves 1:3:1; Yekar Tiferet on Mishneh Torah, Slaves 8:5:1"
"yekar-tiferet-on-mishneh-torah-slaves","Yekar Tiferet on Mishneh Torah, Slaves","tok-f6abcf65acb2","כגון","כגונ","Unresolved","","No lexical entry yet","true","9","Yekar Tiferet on Mishneh Torah, Slaves 2:7:1; Yekar Tiferet on Mishneh Torah, Slaves 3:2:2; Yekar Tiferet on Mishneh Torah, Slaves 3:14:2; Yekar Tiferet on Mishneh Torah, Slaves 4:12:1; Yekar Tiferet on Mishneh Torah, Slaves 4:13:2"
"yekar-tiferet-on-mishneh-torah-slaves","Yekar Tiferet on Mishneh Torah, Slaves","tok-b35c16412a4d","כגר","כגר","Unresolved","","No lexical entry yet","true","2","Yekar Tiferet on Mishneh Torah, Slaves 8:11:1; Yekar Tiferet on Mishneh Torah, Slaves 8:20:1"
"yekar-tiferet-on-mishneh-torah-slaves","Yekar Tiferet on Mishneh Torah, Slaves","tok-e26fa4a2b218","כדאיתא","כדאיתא","Unresolved","","No lexical entry yet","true","3","Yekar Tiferet on Mishneh Torah, Slaves 1:2:2; Yekar Tiferet on Mishneh Torah, Slaves 5:4:3; Yekar Tiferet on Mishneh Torah, Slaves 7:1:2"
"yekar-tiferet-on-mishneh-torah-slaves","Yekar Tiferet on Mishneh Torah, Slaves","tok-ea8f5d63e63c","כדאמרינן","כדאמריננ","Unresolved","","No lexical entry yet","true","1","Yekar Tiferet on Mishneh Torah, Slaves 3:2:1"
"yekar-tiferet-on-mishneh-torah-slaves","Yekar Tiferet on Mishneh Torah, Slaves","tok-dea2b93c6c73","כדחזי","כדחזי","Unresolved","","No lexical entry yet","true","1","Yekar Tiferet on Mishneh Torah, Slaves 1:9:1"
"yekar-tiferet-on-mishneh-torah-slaves","Yekar Tiferet on Mishneh Torah, Slaves","tok-bfbe6d0c4e2a","כדין","כדינ","Unresolved","","No lexical entry yet","true","1","Yekar Tiferet on Mishneh Torah, Slaves 2:8:2"
"yekar-tiferet-on-mishneh-torah-slaves","Yekar Tiferet on Mishneh Torah, Slaves","tok-664b6f0fb27b","כדכתב","כדכתב","Unresolved","","No lexical entry yet","true","2","Yekar Tiferet on Mishneh Torah, Slaves 2:8:2; Yekar Tiferet on Mishneh Torah, Slaves 6:5:1"
"yekar-tiferet-on-mishneh-torah-slaves","Yekar Tiferet on Mishneh Torah, Slaves","tok-1fb5e334b840","כדכתיבנא","כדכתיבנא","Unresolved","","No lexical entry yet","true","2","Yekar Tiferet on Mishneh Torah, Slaves 1:6:3; Yekar Tiferet on Mishneh Torah, Slaves 5:14:1"
"yekar-tiferet-on-mishneh-torah-slaves","Yekar Tiferet on Mishneh Torah, Slaves","tok-ea780617df95","כדלקמן","כדלקמנ","Unresolved","","No lexical entry yet","true","1","Yekar Tiferet on Mishneh Torah, Slaves 5:4:5"
"yekar-tiferet-on-mishneh-torah-slaves","Yekar Tiferet on Mishneh Torah, Slaves","tok-a5e906bcf002","כדפריש","כדפריש","Unresolved","","No lexical entry yet","true","1","Yekar Tiferet on Mishneh Torah, Slaves 7:3:4"
"yekar-tiferet-on-mishneh-torah-slaves","Yekar Tiferet on Mishneh Torah, Slaves","tok-fc82d1047171","כדפרש״י","כדפרש״י","Unresolved","","No lexical entry yet","true","1","Yekar Tiferet on Mishneh Torah, Slaves 1:3:3"
"yekar-tiferet-on-mishneh-torah-slaves","Yekar Tiferet on Mishneh Torah, Slaves","tok-9a74a311ed20","כדר״א","כדר״א","Unresolved","","No lexical entry yet","true","1","Yekar Tiferet on Mishneh Torah, Slaves 9:5:1"
"yekar-tiferet-on-mishneh-torah-slaves","Yekar Tiferet on Mishneh Torah, Slaves","tok-8fc5086a4332","כדתניא","כדתניא","Unresolved","","No lexical entry yet","true","1","Yekar Tiferet on Mishneh Torah, Slaves 8:8:1"
"yekar-tiferet-on-mishneh-torah-slaves","Yekar Tiferet on Mishneh Torah, Slaves","tok-fd2fcdb9c50f","כה״ג","כה״ג","Unresolved","","No lexical entry yet","true","1","Yekar Tiferet on Mishneh Torah, Slaves 4:13:4"
"yekar-tiferet-on-mishneh-torah-slaves","Yekar Tiferet on Mishneh Torah, Slaves","tok-5fa7f2be39aa","כו״ע","כו״ע","Unresolved","","No lexical entry yet","true","1","Yekar Tiferet on Mishneh Torah, Slaves 7:5:1"
"yekar-tiferet-on-mishneh-torah-slaves","Yekar Tiferet on Mishneh Torah, Slaves","tok-eeda0580a85c","כוותייהו","כוותייהו","Unresolved","","No lexical entry yet","true","1","Yekar Tiferet on Mishneh Torah, Slaves 5:3:2"
"yekar-tiferet-on-mishneh-torah-slaves","Yekar Tiferet on Mishneh Torah, Slaves","tok-ab8782772b69","כולהו","כולהו","Unresolved","","No lexical entry yet","true","1","Yekar Tiferet on Mishneh Torah, Slaves 3:12:1"
"yekar-tiferet-on-mishneh-torah-slaves","Yekar Tiferet on Mishneh Torah, Slaves","tok-6cfb069c6c5d","כוליה","כוליה","Unresolved","","No lexical entry yet","true","1","Yekar Tiferet on Mishneh Torah, Slaves 6:6:1"
"yekar-tiferet-on-mishneh-torah-slaves","Yekar Tiferet on Mishneh Torah, Slaves","tok-12ded004c81e","כופין","כופינ","Unresolved","","No lexical entry yet","true","15","Yekar Tiferet on Mishneh Torah, Slaves 2:7:2; Yekar Tiferet on Mishneh Torah, Slaves 4:2:2; Yekar Tiferet on Mishneh Torah, Slaves 6:4:1; Yekar Tiferet on Mishneh Torah, Slaves 8:10:1; Yekar Tiferet on Mishneh Torah, Slaves 8:11:1"
"yekar-tiferet-on-mishneh-torah-slaves","Yekar Tiferet on Mishneh Torah, Slaves","tok-dc2d5f74ce83","כופרים","כופרימ","Unresolved","","No lexical entry yet","true","1","Yekar Tiferet on Mishneh Torah, Slaves 6:6:3"
"yekar-tiferet-on-mishneh-torah-slaves","Yekar Tiferet on Mishneh Torah, Slaves","tok-8d130599984e","כורת","כורת","Unresolved","","No lexical entry yet","true","2","Yekar Tiferet on Mishneh Torah, Slaves 7:1:1"
"yekar-tiferet-on-mishneh-torah-slaves","Yekar Tiferet on Mishneh Torah, Slaves","tok-4c38ed98a558","כותב","כותב","Unresolved","","No lexical entry yet","true","6","Yekar Tiferet on Mishneh Torah, Slaves 3:2:1; Yekar Tiferet on Mishneh Torah, Slaves 4:3:2; Yekar Tiferet on Mishneh Torah, Slaves 4:9:2; Yekar Tiferet on Mishneh Torah, Slaves 5:3:1; Yekar Tiferet on Mishneh Torah, Slaves 8:14:1"
"yekar-tiferet-on-mishneh-torah-slaves","Yekar Tiferet on Mishneh Torah, Slaves","tok-2ad71dbcd3ea","כותבו","כותבו","Unresolved","","No lexical entry yet","true","2","Yekar Tiferet on Mishneh Torah, Slaves 4:3:2"
"yekar-tiferet-on-mishneh-torah-slaves","Yekar Tiferet on Mishneh Torah, Slaves","tok-208df2b0eb0d","כותבין","כותבינ","Unresolved","","No lexical entry yet","true","2","Yekar Tiferet on Mishneh Torah, Slaves 2:1:1; Yekar Tiferet on Mishneh Torah, Slaves 8:14:1"
"yekar-tiferet-on-mishneh-torah-slaves","Yekar Tiferet on Mishneh Torah, Slaves","tok-27b18f455796","כותי","כותי","Unresolved","","No lexical entry yet","true","4","Yekar Tiferet on Mishneh Torah, Slaves 6:6:1; Yekar Tiferet on Mishneh Torah, Slaves 6:6:6"
"yekar-tiferet-on-mishneh-torah-slaves","Yekar Tiferet on Mishneh Torah, Slaves","tok-9c6597636b7f","כותיה","כותיה","Unresolved","","No lexical entry yet","true","2","Yekar Tiferet on Mishneh Torah, Slaves 5:3:1; Yekar Tiferet on Mishneh Torah, Slaves 8:13:1"
"yekar-tiferet-on-mishneh-torah-slaves","Yekar Tiferet on Mishneh Torah, Slaves","tok-74e1fa00ffc0","כותיהו","כותיהו","Unresolved","","No lexical entry yet","true","2","Yekar Tiferet on Mishneh Torah, Slaves 4:10:1; Yekar Tiferet on Mishneh Torah, Slaves 5:4:4"
"yekar-tiferet-on-mishneh-torah-slaves","Yekar Tiferet on Mishneh Torah, Slaves","tok-e48d8a467eb4","כותיים","כותיימ","Unresolved","","No lexical entry yet","true","1","Yekar Tiferet on Mishneh Torah, Slaves 6:6:1"
"yekar-tiferet-on-mishneh-torah-slaves","Yekar Tiferet on Mishneh Torah, Slaves","tok-78175b4aed45","כזכי","כזכי","Unresolved","","No lexical entry yet","true","2","Yekar Tiferet on Mishneh Torah, Slaves 6:1:2"
"yekar-tiferet-on-mishneh-torah-slaves","Yekar Tiferet on Mishneh Torah, Slaves","tok-b042583367b9","כחו״ל","כחו״ל","Unresolved","","No lexical entry yet","true","1","Yekar Tiferet on Mishneh Torah, Slaves 8:6:2"
"yekar-tiferet-on-mishneh-torah-slaves","Yekar Tiferet on Mishneh Torah, Slaves","tok-da8d9ba910b1","כחולי","כחולי","Unresolved","","No lexical entry yet","true","1","Yekar Tiferet on Mishneh Torah, Slaves 3:2:1"
"yekar-tiferet-on-mishneh-torah-slaves","Yekar Tiferet on Mishneh Torah, Slaves","tok-cf500ba25fb3","כיד","כיד","Unresolved","","No lexical entry yet","true","1","Yekar Tiferet on Mishneh Torah, Slaves 6:8:3"
"yekar-tiferet-on-mishneh-torah-slaves","Yekar Tiferet on Mishneh Torah, Slaves","tok-55e9a8acaab9","כיוצא","כיוצא","Unresolved","","No lexical entry yet","true","1","Yekar Tiferet on Mishneh Torah, Slaves 4:11:1"
"yekar-tiferet-on-mishneh-torah-slaves","Yekar Tiferet on Mishneh Torah, Slaves","tok-85ea1dd8efbf","כיצד","כיצד","Unresolved","","No lexical entry yet","true","15","Yekar Tiferet on Mishneh Torah, Slaves 2:8:1; Yekar Tiferet on Mishneh Torah, Slaves 2:8:2; Yekar Tiferet on Mishneh Torah, Slaves 2:10:2; Yekar Tiferet on Mishneh Torah, Slaves 3:9:1; Yekar Tiferet on Mishneh Torah, Slaves 4:7:3"
"yekar-tiferet-on-mishneh-torah-slaves","Yekar Tiferet on Mishneh Torah, Slaves","tok-8b544fff2fb4","כלב","כלב","Unresolved","","No lexical entry yet","true","1","Yekar Tiferet on Mishneh Torah, Slaves 9:6:1"
"yekar-tiferet-on-mishneh-torah-slaves","Yekar Tiferet on Mishneh Torah, Slaves","tok-e8a0070b7685","כמ״ד","כמ״ד","Unresolved","","No lexical entry yet","true","1","Yekar Tiferet on Mishneh Torah, Slaves 5:14:1"
"yekar-tiferet-on-mishneh-torah-slaves","Yekar Tiferet on Mishneh Torah, Slaves","tok-0d025a139d6a","כמאה","כמאה","Unresolved","","No lexical entry yet","true","1","Yekar Tiferet on Mishneh Torah, Slaves 6:3:1"
"yekar-tiferet-on-mishneh-torah-slaves","Yekar Tiferet on Mishneh Torah, Slaves","tok-bde41ebb2d1d","כמאן","כמאנ","Unresolved","","No lexical entry yet","true","4","Yekar Tiferet on Mishneh Torah, Slaves 2:8:2; Yekar Tiferet on Mishneh Torah, Slaves 4:11:1; Yekar Tiferet on Mishneh Torah, Slaves 5:4:4; Yekar Tiferet on Mishneh Torah, Slaves 5:14:1"
"yekar-tiferet-on-mishneh-torah-slaves","Yekar Tiferet on Mishneh Torah, Slaves","tok-070eed5b2b86","כמבואר","כמבואר","Unresolved","","No lexical entry yet","true","1","Yekar Tiferet on Mishneh Torah, Slaves 7:5:1"
"yekar-tiferet-on-mishneh-torah-slaves","Yekar Tiferet on Mishneh Torah, Slaves","tok-ca118c496189","כמודה","כמודה","Unresolved","","No lexical entry yet","true","1","Yekar Tiferet on Mishneh Torah, Slaves 5:17:1"
"yekar-tiferet-on-mishneh-torah-slaves","Yekar Tiferet on Mishneh Torah, Slaves","tok-ba6fb5961db5","כמוכר","כמוכר","Unresolved","","No lexical entry yet","true","1","Yekar Tiferet on Mishneh Torah, Slaves 8:8:1"
"yekar-tiferet-on-mishneh-torah-slaves","Yekar Tiferet on Mishneh Torah, Slaves","tok-87139febec9d","כמותה","כמותה","Unresolved","","No lexical entry yet","true","1","Yekar Tiferet on Mishneh Torah, Slaves 7:5:1"
"yekar-tiferet-on-mishneh-torah-slaves","Yekar Tiferet on Mishneh Torah, Slaves","tok-a9b675e572d5","כמותו","כמותו","Unresolved","","No lexical entry yet","true","3","Yekar Tiferet on Mishneh Torah, Slaves 1:9:1; Yekar Tiferet on Mishneh Torah, Slaves 3:9:3; Yekar Tiferet on Mishneh Torah, Slaves 8:15:1"
"yekar-tiferet-on-mishneh-torah-slaves","Yekar Tiferet on Mishneh Torah, Slaves","tok-59be1ad6b408","כמי","כמי","Unresolved","","No lexical entry yet","true","1","Yekar Tiferet on Mishneh Torah, Slaves 7:5:1"
"yekar-tiferet-on-mishneh-torah-slaves","Yekar Tiferet on Mishneh Torah, Slaves","tok-eaf0ae6dd5b4","כנסה","כנסה","Unresolved","","No lexical entry yet","true","1","Yekar Tiferet on Mishneh Torah, Slaves 4:9:1"
"yekar-tiferet-on-mishneh-torah-slaves","Yekar Tiferet on Mishneh Torah, Slaves","tok-3264df4dd9ee","כנען","כנענ","Unresolved","","No lexical entry yet","true","1","Yekar Tiferet on Mishneh Torah, Slaves 9:2:1"
"yekar-tiferet-on-mishneh-torah-slaves","Yekar Tiferet on Mishneh Torah, Slaves","tok-9e2cd8c837aa","כנעני","כנעני","Unresolved","","No lexical entry yet","true","11","Yekar Tiferet on Mishneh Torah, Slaves 3:14:4; Yekar Tiferet on Mishneh Torah, Slaves 4:4:3; Yekar Tiferet on Mishneh Torah, Slaves 4:6:1; Yekar Tiferet on Mishneh Torah, Slaves 5:1:1; Yekar Tiferet on Mishneh Torah, Slaves 5:14:1"
"yekar-tiferet-on-mishneh-torah-slaves","Yekar Tiferet on Mishneh Torah, Slaves","tok-ce4ce4d61e1f","כנענית","כנענית","Unresolved","","No lexical entry yet","true","13","Yekar Tiferet on Mishneh Torah, Slaves 1:1:5; Yekar Tiferet on Mishneh Torah, Slaves 2:2:1; Yekar Tiferet on Mishneh Torah, Slaves 3:3:1; Yekar Tiferet on Mishneh Torah, Slaves 3:4:1; Yekar Tiferet on Mishneh Torah, Slaves 3:5:1"
"yekar-tiferet-on-mishneh-torah-slaves","Yekar Tiferet on Mishneh Torah, Slaves","tok-6b22423dd153","כסות","כסות","Unresolved","","No lexical entry yet","true","1","Yekar Tiferet on Mishneh Torah, Slaves 1:1:5"
"yekar-tiferet-on-mishneh-torah-slaves","Yekar Tiferet on Mishneh Torah, Slaves","tok-4fc860e661c4","כסף","כספ","Unresolved","","No lexical entry yet","true","15","Yekar Tiferet on Mishneh Torah, Slaves 2:1:1; Yekar Tiferet on Mishneh Torah, Slaves 2:8:1; Yekar Tiferet on Mishneh Torah, Slaves 3:14:2; Yekar Tiferet on Mishneh Torah, Slaves 3:14:4; Yekar Tiferet on Mishneh Torah, Slaves 4:4:1"
"yekar-tiferet-on-mishneh-torah-slaves","Yekar Tiferet on Mishneh Torah, Slaves","tok-04528fadc911","כספים","כספימ","Unresolved","","No lexical entry yet","true","2","Yekar Tiferet on Mishneh Torah, Slaves 3:14:3"
"yekar-tiferet-on-mishneh-torah-slaves","Yekar Tiferet on Mishneh Torah, Slaves","tok-65bdb5848d44","כעבד","כעבד","Unresolved","","No lexical entry yet","true","4","Yekar Tiferet on Mishneh Torah, Slaves 4:4:1; Yekar Tiferet on Mishneh Torah, Slaves 4:4:3; Yekar Tiferet on Mishneh Torah, Slaves 5:16:2; Yekar Tiferet on Mishneh Torah, Slaves 8:20:1"
"yekar-tiferet-on-mishneh-torah-slaves","Yekar Tiferet on Mishneh Torah, Slaves","tok-09747837014a","כפל","כפל","Unresolved","","No lexical entry yet","true","1","Yekar Tiferet on Mishneh Torah, Slaves 1:1:3"
"yekar-tiferet-on-mishneh-torah-slaves","Yekar Tiferet on Mishneh Torah, Slaves","tok-2d4e5d3dc9a1","כפשוטן","כפשוטנ","Unresolved","","No lexical entry yet","true","1","Yekar Tiferet on Mishneh Torah, Slaves 4:13:2"
"yekar-tiferet-on-mishneh-torah-slaves","Yekar Tiferet on Mishneh Torah, Slaves","tok-03f5883d1a76","כצאת","כצאת","Unresolved","","No lexical entry yet","true","1","Yekar Tiferet on Mishneh Torah, Slaves 4:6:1"
"yekar-tiferet-on-mishneh-torah-slaves","Yekar Tiferet on Mishneh Torah, Slaves","tok-fcc592085919","כר׳","כר׳","Unresolved","","No lexical entry yet","true","7","Yekar Tiferet on Mishneh Torah, Slaves 3:14:4; Yekar Tiferet on Mishneh Torah, Slaves 4:11:1; Yekar Tiferet on Mishneh Torah, Slaves 5:4:4; Yekar Tiferet on Mishneh Torah, Slaves 5:5:3; Yekar Tiferet on Mishneh Torah, Slaves 8:13:1"
"yekar-tiferet-on-mishneh-torah-slaves","Yekar Tiferet on Mishneh Torah, Slaves","tok-22633a24d464","כרבי","כרבי","Unresolved","","No lexical entry yet","true","2","Yekar Tiferet on Mishneh Torah, Slaves 3:9:2; Yekar Tiferet on Mishneh Torah, Slaves 7:5:1"
"yekar-tiferet-on-mishneh-torah-slaves","Yekar Tiferet on Mishneh Torah, Slaves","tok-e2b9a9fbc0a9","כרבנן","כרבננ","Unresolved","","No lexical entry yet","true","5","Yekar Tiferet on Mishneh Torah, Slaves 4:11:1; Yekar Tiferet on Mishneh Torah, Slaves 5:13:1; Yekar Tiferet on Mishneh Torah, Slaves 7:5:1; Yekar Tiferet on Mishneh Torah, Slaves 7:6:2"
"yekar-tiferet-on-mishneh-torah-slaves","Yekar Tiferet on Mishneh Torah, Slaves","tok-57de815430f0","כרגא","כרגא","Unresolved","","No lexical entry yet","true","2","Yekar Tiferet on Mishneh Torah, Slaves 1:8:2"
"yekar-tiferet-on-mishneh-torah-slaves","Yekar Tiferet on Mishneh Torah, Slaves","tok-be7341b7011f","כרחה","כרחה","Unresolved","","No lexical entry yet","true","1","Yekar Tiferet on Mishneh Torah, Slaves 4:14:1"
"yekar-tiferet-on-mishneh-torah-slaves","Yekar Tiferet on Mishneh Torah, Slaves","tok-3df43669cfee","כרחך","כרחכ","Unresolved","","No lexical entry yet","true","1","Yekar Tiferet on Mishneh Torah, Slaves 7:3:2"
"yekar-tiferet-on-mishneh-torah-slaves","Yekar Tiferet on Mishneh Torah, Slaves","tok-e65157bc98e0","כרשב״ג","כרשב״ג","Unresolved","","No lexical entry yet","true","1","Yekar Tiferet on Mishneh Torah, Slaves 8:15:1"
"yekar-tiferet-on-mishneh-torah-slaves","Yekar Tiferet on Mishneh Torah, Slaves","tok-f18ce38b0113","כשאומר","כשאומר","Unresolved","","No lexical entry yet","true","1","Yekar Tiferet on Mishneh Torah, Slaves 6:4:1"
"yekar-tiferet-on-mishneh-torah-slaves","Yekar Tiferet on Mishneh Torah, Slaves","tok-797c9a59dec5","כשאר","כשאר","Unresolved","","No lexical entry yet","true","4","Yekar Tiferet on Mishneh Torah, Slaves 3:2:2; Yekar Tiferet on Mishneh Torah, Slaves 4:7:5; Yekar Tiferet on Mishneh Torah, Slaves 7:2:1; Yekar Tiferet on Mishneh Torah, Slaves 9:3:1"
"yekar-tiferet-on-mishneh-torah-slaves","Yekar Tiferet on Mishneh Torah, Slaves","tok-c509789bb13c","כשורה","כשורה","Unresolved","","No lexical entry yet","true","1","Yekar Tiferet on Mishneh Torah, Slaves 1:8:1"
"yekar-tiferet-on-mishneh-torah-slaves","Yekar Tiferet on Mishneh Torah, Slaves","tok-309582f58504","כשיוצא","כשיוצא","Unresolved","","No lexical entry yet","true","1","Yekar Tiferet on Mishneh Torah, Slaves 3:12:2"
"yekar-tiferet-on-mishneh-torah-slaves","Yekar Tiferet on Mishneh Torah, Slaves","tok-7538554dbcfd","כשכיר","כשכיר","Unresolved","","No lexical entry yet","true","1","Yekar Tiferet on Mishneh Torah, Slaves 1:7:2"
"yekar-tiferet-on-mishneh-torah-slaves","Yekar Tiferet on Mishneh Torah, Slaves","tok-91d44b2c4c9d","כשלשים","כשלשימ","Unresolved","","No lexical entry yet","true","1","Yekar Tiferet on Mishneh Torah, Slaves 3:14:4"
"yekar-tiferet-on-mishneh-torah-slaves","Yekar Tiferet on Mishneh Torah, Slaves","tok-ba08dc656430","כשר","כשר","Unresolved","","No lexical entry yet","true","6","Yekar Tiferet on Mishneh Torah, Slaves 4:12:1; Yekar Tiferet on Mishneh Torah, Slaves 6:6:1; Yekar Tiferet on Mishneh Torah, Slaves 8:11:1; Yekar Tiferet on Mishneh Torah, Slaves 9:1:1"
"yekar-tiferet-on-mishneh-torah-slaves","Yekar Tiferet on Mishneh Torah, Slaves","tok-d1b898a48722","כשרים","כשרימ","Unresolved","","No lexical entry yet","true","2","Yekar Tiferet on Mishneh Torah, Slaves 6:5:2"
"yekar-tiferet-on-mishneh-torah-slaves","Yekar Tiferet on Mishneh Torah, Slaves","tok-2397d3eac73c","כשתפס","כשתפס","Unresolved","","No lexical entry yet","true","1","Yekar Tiferet on Mishneh Torah, Slaves 5:17:1"
"yekar-tiferet-on-mishneh-torah-slaves","Yekar Tiferet on Mishneh Torah, Slaves","tok-5641a35bde7d","כת״ק","כת״ק","Unresolved","","No lexical entry yet","true","5","Yekar Tiferet on Mishneh Torah, Slaves 3:4:1; Yekar Tiferet on Mishneh Torah, Slaves 3:14:5; Yekar Tiferet on Mishneh Torah, Slaves 5:4:4"
"yekar-tiferet-on-mishneh-torah-slaves","Yekar Tiferet on Mishneh Torah, Slaves","tok-32d1f2f04e48","כתב","כתב","Unresolved","","No lexical entry yet","true","31","Yekar Tiferet on Mishneh Torah, Slaves 1:2:1; Yekar Tiferet on Mishneh Torah, Slaves 1:2:2; Yekar Tiferet on Mishneh Torah, Slaves 1:6:2; Yekar Tiferet on Mishneh Torah, Slaves 2:1:1; Yekar Tiferet on Mishneh Torah, Slaves 2:6:2"
"yekar-tiferet-on-mishneh-torah-slaves","Yekar Tiferet on Mishneh Torah, Slaves","tok-b034181e4bd6","כתבו","כתבו","Unresolved","","No lexical entry yet","true","2","Yekar Tiferet on Mishneh Torah, Slaves 5:17:1; Yekar Tiferet on Mishneh Torah, Slaves 6:3:1"
"yekar-tiferet-on-mishneh-torah-slaves","Yekar Tiferet on Mishneh Torah, Slaves","tok-f15c6b61c0b9","כתבוהו","כתבוהו","Unresolved","","No lexical entry yet","true","1","Yekar Tiferet on Mishneh Torah, Slaves 6:5:2"
"yekar-tiferet-on-mishneh-torah-slaves","Yekar Tiferet on Mishneh Torah, Slaves","tok-7faae627dddd","כתבן","כתבנ","Unresolved","","No lexical entry yet","true","1","Yekar Tiferet on Mishneh Torah, Slaves 1:8:2"
"yekar-tiferet-on-mishneh-torah-slaves","Yekar Tiferet on Mishneh Torah, Slaves","tok-7a833182d7d9","כתבתי","כתבתי","Unresolved","","No lexical entry yet","true","3","Yekar Tiferet on Mishneh Torah, Slaves 3:6:1; Yekar Tiferet on Mishneh Torah, Slaves 8:17:3; Yekar Tiferet on Mishneh Torah, Slaves 8:21:1"
"yekar-tiferet-on-mishneh-torah-slaves","Yekar Tiferet on Mishneh Torah, Slaves","tok-aff191629315","כתוב","כתוב","Unresolved","","No lexical entry yet","true","4","Yekar Tiferet on Mishneh Torah, Slaves 1:1:4; Yekar Tiferet on Mishneh Torah, Slaves 2:7:5; Yekar Tiferet on Mishneh Torah, Slaves 2:12:2; Yekar Tiferet on Mishneh Torah, Slaves 7:2:2"
"yekar-tiferet-on-mishneh-torah-slaves","Yekar Tiferet on Mishneh Torah, Slaves","tok-6baff366c966","כתושב","כתושב","Unresolved","","No lexical entry yet","true","2","Yekar Tiferet on Mishneh Torah, Slaves 1:7:2; Yekar Tiferet on Mishneh Torah, Slaves 2:5:2"
"yekar-tiferet-on-mishneh-torah-slaves","Yekar Tiferet on Mishneh Torah, Slaves","tok-852b0113db24","כתיב","כתיב","Unresolved","","No lexical entry yet","true","23","Yekar Tiferet on Mishneh Torah, Slaves 1:2:2; Yekar Tiferet on Mishneh Torah, Slaves 1:9:2; Yekar Tiferet on Mishneh Torah, Slaves 1:10:1; Yekar Tiferet on Mishneh Torah, Slaves 2:2:1; Yekar Tiferet on Mishneh Torah, Slaves 2:12:1"
"yekar-tiferet-on-mishneh-torah-slaves","Yekar Tiferet on Mishneh Torah, Slaves","tok-61200505e0e1","כתיבי","כתיבי","Unresolved","","No lexical entry yet","true","3","Yekar Tiferet on Mishneh Torah, Slaves 1:9:2; Yekar Tiferet on Mishneh Torah, Slaves 3:7:2; Yekar Tiferet on Mishneh Torah, Slaves 5:4:3"
"yekar-tiferet-on-mishneh-torah-slaves","Yekar Tiferet on Mishneh Torah, Slaves","tok-35f832614e87","ל״ה","ל״ה","Unresolved","","No lexical entry yet","true","2","Yekar Tiferet on Mishneh Torah, Slaves 4:1:2; Yekar Tiferet on Mishneh Torah, Slaves 4:5:2"
"yekar-tiferet-on-mishneh-torah-slaves","Yekar Tiferet on Mishneh Torah, Slaves","tok-3e96d612454b","לאב","לאב","Unresolved","","No lexical entry yet","true","1","Yekar Tiferet on Mishneh Torah, Slaves 8:13:1"
"yekar-tiferet-on-mishneh-torah-slaves","Yekar Tiferet on Mishneh Torah, Slaves","tok-887464049047","לאביה","לאביה","Unresolved","","No lexical entry yet","true","1","Yekar Tiferet on Mishneh Torah, Slaves 3:15:2"
"yekar-tiferet-on-mishneh-torah-slaves","Yekar Tiferet on Mishneh Torah, Slaves","tok-ae30b384e0ac","לאביו","לאביו","Unresolved","","No lexical entry yet","true","7","Yekar Tiferet on Mishneh Torah, Slaves 4:7:5; Yekar Tiferet on Mishneh Torah, Slaves 4:10:1; Yekar Tiferet on Mishneh Torah, Slaves 4:11:1"
"yekar-tiferet-on-mishneh-torah-slaves","Yekar Tiferet on Mishneh Torah, Slaves","tok-a55a650be124","לאביי","לאביי","Unresolved","","No lexical entry yet","true","1","Yekar Tiferet on Mishneh Torah, Slaves 8:15:1"
"yekar-tiferet-on-mishneh-torah-slaves","Yekar Tiferet on Mishneh Torah, Slaves","tok-1e075933d8c5","לאדון","לאדונ","Unresolved","","No lexical entry yet","true","2","Yekar Tiferet on Mishneh Torah, Slaves 4:5:1"
"yekar-tiferet-on-mishneh-torah-slaves","Yekar Tiferet on Mishneh Torah, Slaves","tok-14ba98ac720c","לאדוניה","לאדוניה","Unresolved","","No lexical entry yet","true","2","Yekar Tiferet on Mishneh Torah, Slaves 3:5:1; Yekar Tiferet on Mishneh Torah, Slaves 9:3:1"
"yekar-tiferet-on-mishneh-torah-slaves","Yekar Tiferet on Mishneh Torah, Slaves","tok-f0f677154c6d","לאדוניו","לאדוניו","Unresolved","","No lexical entry yet","true","1","Yekar Tiferet on Mishneh Torah, Slaves 3:14:4"
"yekar-tiferet-on-mishneh-torah-slaves","Yekar Tiferet on Mishneh Torah, Slaves","tok-c5cb698ced51","לאו","לאו","Unresolved","","No lexical entry yet","true","14","Yekar Tiferet on Mishneh Torah, Slaves 1:3:1; Yekar Tiferet on Mishneh Torah, Slaves 1:3:2; Yekar Tiferet on Mishneh Torah, Slaves 1:6:2; Yekar Tiferet on Mishneh Torah, Slaves 3:1:4; Yekar Tiferet on Mishneh Torah, Slaves 3:4:1"
"yekar-tiferet-on-mishneh-torah-slaves","Yekar Tiferet on Mishneh Torah, Slaves","tok-96236d6058d5","לאוין","לאוינ","Unresolved","","No lexical entry yet","true","2","Yekar Tiferet on Mishneh Torah, Slaves 4:12:1"
"yekar-tiferet-on-mishneh-torah-slaves","Yekar Tiferet on Mishneh Torah, Slaves","tok-5b99bdb0d19d","לאוסופי","לאוסופי","Unresolved","","No lexical entry yet","true","1","Yekar Tiferet on Mishneh Torah, Slaves 5:4:4"
"yekar-tiferet-on-mishneh-torah-slaves","Yekar Tiferet on Mishneh Torah, Slaves","tok-0d8f2a960645","לאחוזתו","לאחוזתו","Unresolved","","No lexical entry yet","true","2","Yekar Tiferet on Mishneh Torah, Slaves 1:10:1; Yekar Tiferet on Mishneh Torah, Slaves 2:8:2"
"yekar-tiferet-on-mishneh-torah-slaves","Yekar Tiferet on Mishneh Torah, Slaves","tok-1d59f25a9282","לאחיו","לאחיו","Unresolved","","No lexical entry yet","true","2","Yekar Tiferet on Mishneh Torah, Slaves 4:10:1; Yekar Tiferet on Mishneh Torah, Slaves 9:2:1"
"yekar-tiferet-on-mishneh-torah-slaves","Yekar Tiferet on Mishneh Torah, Slaves","tok-ec48c0aa36a1","לאחרת","לאחרת","Unresolved","","No lexical entry yet","true","1","Yekar Tiferet on Mishneh Torah, Slaves 4:9:2"
"yekar-tiferet-on-mishneh-torah-slaves","Yekar Tiferet on Mishneh Torah, Slaves","tok-dc2cdb96680b","לאישות","לאישות","Unresolved","","No lexical entry yet","true","6","Yekar Tiferet on Mishneh Torah, Slaves 4:10:1; Yekar Tiferet on Mishneh Torah, Slaves 4:13:2"
"yekar-tiferet-on-mishneh-torah-slaves","Yekar Tiferet on Mishneh Torah, Slaves","tok-e81f82f86270","לאמתך","לאמתכ","Unresolved","","No lexical entry yet","true","7","Yekar Tiferet on Mishneh Torah, Slaves 3:13:1; Yekar Tiferet on Mishneh Torah, Slaves 4:4:2"
"yekar-tiferet-on-mishneh-torah-slaves","Yekar Tiferet on Mishneh Torah, Slaves","tok-981bc740921f","לאפוקי","לאפוקי","Unresolved","","No lexical entry yet","true","3","Yekar Tiferet on Mishneh Torah, Slaves 3:9:2; Yekar Tiferet on Mishneh Torah, Slaves 4:7:3; Yekar Tiferet on Mishneh Torah, Slaves 9:2:1"
"yekar-tiferet-on-mishneh-torah-slaves","Yekar Tiferet on Mishneh Torah, Slaves","tok-283feb3c761c","לאפקועי","לאפקועי","Unresolved","","No lexical entry yet","true","3","Yekar Tiferet on Mishneh Torah, Slaves 1:8:2; Yekar Tiferet on Mishneh Torah, Slaves 8:11:1"
"yekar-tiferet-on-mishneh-torah-slaves","Yekar Tiferet on Mishneh Torah, Slaves","tok-fe054187be95","לאשה","לאשה","Unresolved","","No lexical entry yet","true","3","Yekar Tiferet on Mishneh Torah, Slaves 5:3:3; Yekar Tiferet on Mishneh Torah, Slaves 7:4:2"
"yekar-tiferet-on-mishneh-torah-slaves","Yekar Tiferet on Mishneh Torah, Slaves","tok-ef0f5e62d461","לאשמועינן","לאשמועיננ","Unresolved","","No lexical entry yet","true","1","Yekar Tiferet on Mishneh Torah, Slaves 2:1:1"
"yekar-tiferet-on-mishneh-torah-slaves","Yekar Tiferet on Mishneh Torah, Slaves","tok-a7aa25283459","לאשתו","לאשתו","Unresolved","","No lexical entry yet","true","2","Yekar Tiferet on Mishneh Torah, Slaves 3:2:2; Yekar Tiferet on Mishneh Torah, Slaves 8:17:2"
"yekar-tiferet-on-mishneh-torah-slaves","Yekar Tiferet on Mishneh Torah, Slaves","tok-344a7ddc4922","לאתוי","לאתוי","Unresolved","","No lexical entry yet","true","1","Yekar Tiferet on Mishneh Torah, Slaves 8:9:1"
"yekar-tiferet-on-mishneh-torah-slaves","Yekar Tiferet on Mishneh Torah, Slaves","tok-8d71ef3ced40","לב״ש","לב״ש","Unresolved","","No lexical entry yet","true","2","Yekar Tiferet on Mishneh Torah, Slaves 5:15:1; Yekar Tiferet on Mishneh Torah, Slaves 7:7:1"
"yekar-tiferet-on-mishneh-torah-slaves","Yekar Tiferet on Mishneh Torah, Slaves","tok-cb0ad35fb879","לבטל","לבטל","Unresolved","","No lexical entry yet","true","1","Yekar Tiferet on Mishneh Torah, Slaves 6:1:2"
"yekar-tiferet-on-mishneh-torah-slaves","Yekar Tiferet on Mishneh Torah, Slaves","tok-7eaa254f48e5","לבטלה","לבטלה","Unresolved","","No lexical entry yet","true","1","Yekar Tiferet on Mishneh Torah, Slaves 4:7:1"
"yekar-tiferet-on-mishneh-torah-slaves","Yekar Tiferet on Mishneh Torah, Slaves","tok-effc807313c0","לבי״ד","לבי״ד","Unresolved","","No lexical entry yet","true","1","Yekar Tiferet on Mishneh Torah, Slaves 5:17:1"
"yekar-tiferet-on-mishneh-torah-slaves","Yekar Tiferet on Mishneh Torah, Slaves","tok-27aed4236bcf","לבנו","לבנו","Unresolved","","No lexical entry yet","true","13","Yekar Tiferet on Mishneh Torah, Slaves 3:7:1; Yekar Tiferet on Mishneh Torah, Slaves 4:7:5; Yekar Tiferet on Mishneh Torah, Slaves 4:8:2; Yekar Tiferet on Mishneh Torah, Slaves 4:10:1; Yekar Tiferet on Mishneh Torah, Slaves 4:11:1"
"yekar-tiferet-on-mishneh-torah-slaves","Yekar Tiferet on Mishneh Torah, Slaves","tok-cdc608ed6b6e","לבניו","לבניו","Unresolved","","No lexical entry yet","true","1","Yekar Tiferet on Mishneh Torah, Slaves 3:15:3"
"yekar-tiferet-on-mishneh-torah-slaves","Yekar Tiferet on Mishneh Torah, Slaves","tok-c900dfa58b34","לבניכם","לבניכמ","Unresolved","","No lexical entry yet","true","1","Yekar Tiferet on Mishneh Torah, Slaves 8:13:1"
"yekar-tiferet-on-mishneh-torah-slaves","Yekar Tiferet on Mishneh Torah, Slaves","tok-e4dee5843413","לבסוף","לבסופ","Unresolved","","No lexical entry yet","true","1","Yekar Tiferet on Mishneh Torah, Slaves 6:6:1"
"yekar-tiferet-on-mishneh-torah-slaves","Yekar Tiferet on Mishneh Torah, Slaves","tok-d5cdc34da308","לבעל","לבעל","Unresolved","","No lexical entry yet","true","1","Yekar Tiferet on Mishneh Torah, Slaves 3:15:1"
"yekar-tiferet-on-mishneh-torah-slaves","Yekar Tiferet on Mishneh Torah, Slaves","tok-61d93bad4e25","לברייתא","לברייתא","Unresolved","","No lexical entry yet","true","1","Yekar Tiferet on Mishneh Torah, Slaves 2:5:1"
"yekar-tiferet-on-mishneh-torah-slaves","Yekar Tiferet on Mishneh Torah, Slaves","tok-b758d5867e82","לבתו","לבתו","Unresolved","","No lexical entry yet","true","2","Yekar Tiferet on Mishneh Torah, Slaves 8:17:2; Yekar Tiferet on Mishneh Torah, Slaves 8:18:1"
"yekar-tiferet-on-mishneh-torah-slaves","Yekar Tiferet on Mishneh Torah, Slaves","tok-091f9fb17dfe","לגבות","לגבות","Unresolved","","No lexical entry yet","true","1","Yekar Tiferet on Mishneh Torah, Slaves 3:15:3"
"yekar-tiferet-on-mishneh-torah-slaves","Yekar Tiferet on Mishneh Torah, Slaves","tok-83b4a61108ea","לגט","לגט","Unresolved","","No lexical entry yet","true","1","Yekar Tiferet on Mishneh Torah, Slaves 6:8:2"
"yekar-tiferet-on-mishneh-torah-slaves","Yekar Tiferet on Mishneh Torah, Slaves","tok-ff6f54dfa365","לגיטי","לגיטי","Unresolved","","No lexical entry yet","true","3","Yekar Tiferet on Mishneh Torah, Slaves 6:5:1; Yekar Tiferet on Mishneh Torah, Slaves 7:3:1"
"yekar-tiferet-on-mishneh-torah-slaves","Yekar Tiferet on Mishneh Torah, Slaves","tok-598e0bb4651f","לגייסות","לגייסות","Unresolved","","No lexical entry yet","true","1","Yekar Tiferet on Mishneh Torah, Slaves 8:12:2"
"yekar-tiferet-on-mishneh-torah-slaves","Yekar Tiferet on Mishneh Torah, Slaves","tok-d854814c58f7","לגר","לגר","Unresolved","","No lexical entry yet","true","7","Yekar Tiferet on Mishneh Torah, Slaves 1:3:1; Yekar Tiferet on Mishneh Torah, Slaves 2:12:2"
"yekar-tiferet-on-mishneh-torah-slaves","Yekar Tiferet on Mishneh Torah, Slaves","tok-c15a7add13ef","לגרעון","לגרעונ","Unresolved","","No lexical entry yet","true","1","Yekar Tiferet on Mishneh Torah, Slaves 4:7:3"
"yekar-tiferet-on-mishneh-torah-slaves","Yekar Tiferet on Mishneh Torah, Slaves","tok-1ed49ebdbcbc","לדאמימר","לדאמימר","Unresolved","","No lexical entry yet","true","1","Yekar Tiferet on Mishneh Torah, Slaves 8:14:1"
"yekar-tiferet-on-mishneh-torah-slaves","Yekar Tiferet on Mishneh Torah, Slaves","tok-1ec3963d27da","לדחוק","לדחוק","Unresolved","","No lexical entry yet","true","1","Yekar Tiferet on Mishneh Torah, Slaves 3:13:1"
"yekar-tiferet-on-mishneh-torah-slaves","Yekar Tiferet on Mishneh Torah, Slaves","tok-a64d97ac4a70","לדינא","לדינא","Unresolved","","No lexical entry yet","true","1","Yekar Tiferet on Mishneh Torah, Slaves 7:2:1"
"yekar-tiferet-on-mishneh-torah-slaves","Yekar Tiferet on Mishneh Torah, Slaves","tok-ae47e290b2db","לדלת","לדלת","Unresolved","","No lexical entry yet","true","1","Yekar Tiferet on Mishneh Torah, Slaves 3:9:1"
"yekar-tiferet-on-mishneh-torah-slaves","Yekar Tiferet on Mishneh Torah, Slaves","tok-97dab5c7593c","להו","להו","Unresolved","","No lexical entry yet","true","15","Yekar Tiferet on Mishneh Torah, Slaves 3:1:3; Yekar Tiferet on Mishneh Torah, Slaves 4:7:5; Yekar Tiferet on Mishneh Torah, Slaves 4:10:1; Yekar Tiferet on Mishneh Torah, Slaves 4:12:1; Yekar Tiferet on Mishneh Torah, Slaves 5:5:2"
"yekar-tiferet-on-mishneh-torah-slaves","Yekar Tiferet on Mishneh Torah, Slaves","tok-44a2fe8a0f3e","להוו","להוו","Unresolved","","No lexical entry yet","true","1","Yekar Tiferet on Mishneh Torah, Slaves 4:15:1"
"yekar-tiferet-on-mishneh-torah-slaves","Yekar Tiferet on Mishneh Torah, Slaves","tok-df700f59d220","להוסיף","להוסיפ","Unresolved","","No lexical entry yet","true","1","Yekar Tiferet on Mishneh Torah, Slaves 6:4:1"
"yekar-tiferet-on-mishneh-torah-slaves","Yekar Tiferet on Mishneh Torah, Slaves","tok-f2e6be7fa045","להחזירה","להחזירה","Unresolved","","No lexical entry yet","true","1","Yekar Tiferet on Mishneh Torah, Slaves 7:1:1"
"yekar-tiferet-on-mishneh-torah-slaves","Yekar Tiferet on Mishneh Torah, Slaves","tok-b4dc48a2f269","להחיותם","להחיותמ","Unresolved","","No lexical entry yet","true","2","Yekar Tiferet on Mishneh Torah, Slaves 9:3:1"
"yekar-tiferet-on-mishneh-torah-slaves","Yekar Tiferet on Mishneh Torah, Slaves","tok-5d920ca3793a","להחמיר","להחמיר","Unresolved","","No lexical entry yet","true","1","Yekar Tiferet on Mishneh Torah, Slaves 2:10:2"
"yekar-tiferet-on-mishneh-torah-slaves","Yekar Tiferet on Mishneh Torah, Slaves","tok-c87f44bb8989","להחרים","להחרימ","Unresolved","","No lexical entry yet","true","1","Yekar Tiferet on Mishneh Torah, Slaves 9:2:1"
"yekar-tiferet-on-mishneh-torah-slaves","Yekar Tiferet on Mishneh Torah, Slaves","tok-89b3f4ec736d","להטבילו","להטבילו","Unresolved","","No lexical entry yet","true","1","Yekar Tiferet on Mishneh Torah, Slaves 8:20:1"
"yekar-tiferet-on-mishneh-torah-slaves","Yekar Tiferet on Mishneh Torah, Slaves","tok-e0edcf12f13f","להיזק","להיזק","Unresolved","","No lexical entry yet","true","1","Yekar Tiferet on Mishneh Torah, Slaves 5:13:1"
"yekar-tiferet-on-mishneh-torah-slaves","Yekar Tiferet on Mishneh Torah, Slaves","tok-9c225e5884f0","להיכא","להיכא","Unresolved","","No lexical entry yet","true","3","Yekar Tiferet on Mishneh Torah, Slaves 5:12:1"
"yekar-tiferet-on-mishneh-torah-slaves","Yekar Tiferet on Mishneh Torah, Slaves","tok-274c67e6238c","להך","להכ","Unresolved","","No lexical entry yet","true","1","Yekar Tiferet on Mishneh Torah, Slaves 9:3:1"
"yekar-tiferet-on-mishneh-torah-slaves","Yekar Tiferet on Mishneh Torah, Slaves","tok-fcad7ae574e7","להכי","להכי","Unresolved","","No lexical entry yet","true","5","Yekar Tiferet on Mishneh Torah, Slaves 1:9:2; Yekar Tiferet on Mishneh Torah, Slaves 4:4:2; Yekar Tiferet on Mishneh Torah, Slaves 4:15:1; Yekar Tiferet on Mishneh Torah, Slaves 5:4:4; Yekar Tiferet on Mishneh Torah, Slaves 5:4:5"
"yekar-tiferet-on-mishneh-torah-slaves","Yekar Tiferet on Mishneh Torah, Slaves","tok-ac62dbb70e1c","להכניסה","להכניסה","Unresolved","","No lexical entry yet","true","1","Yekar Tiferet on Mishneh Torah, Slaves 4:9:1"
"yekar-tiferet-on-mishneh-torah-slaves","Yekar Tiferet on Mishneh Torah, Slaves","tok-f774544988b3","להלביש","להלביש","Unresolved","","No lexical entry yet","true","2","Yekar Tiferet on Mishneh Torah, Slaves 1:9:1"
"yekar-tiferet-on-mishneh-torah-slaves","Yekar Tiferet on Mishneh Torah, Slaves","tok-5d7c4cd63058","להלכות","להלכות","Unresolved","","No lexical entry yet","true","1","Yekar Tiferet on Mishneh Torah, Slaves 1:1:1"
"yekar-tiferet-on-mishneh-torah-slaves","Yekar Tiferet on Mishneh Torah, Slaves","tok-57244732e277","להעניק","להעניק","Unresolved","","No lexical entry yet","true","1","Yekar Tiferet on Mishneh Torah, Slaves 3:13:2"
"yekar-tiferet-on-mishneh-torah-slaves","Yekar Tiferet on Mishneh Torah, Slaves","tok-c776750e0417","להענקה","להענקה","Unresolved","","No lexical entry yet","true","4","Yekar Tiferet on Mishneh Torah, Slaves 3:13:1; Yekar Tiferet on Mishneh Torah, Slaves 3:14:2; Yekar Tiferet on Mishneh Torah, Slaves 4:4:2"
"yekar-tiferet-on-mishneh-torah-slaves","Yekar Tiferet on Mishneh Torah, Slaves","tok-74149945f696","להפקיע","להפקיע","Unresolved","","No lexical entry yet","true","1","Yekar Tiferet on Mishneh Torah, Slaves 8:13:1"
"yekar-tiferet-on-mishneh-torah-slaves","Yekar Tiferet on Mishneh Torah, Slaves","tok-4d662bbf3329","להפרישו","להפרישו","Unresolved","","No lexical entry yet","true","2","Yekar Tiferet on Mishneh Torah, Slaves 3:5:1; Yekar Tiferet on Mishneh Torah, Slaves 3:5:3"
"yekar-tiferet-on-mishneh-torah-slaves","Yekar Tiferet on Mishneh Torah, Slaves","tok-a80832a2cc49","להשגת","להשגת","Unresolved","","No lexical entry yet","true","1","Yekar Tiferet on Mishneh Torah, Slaves 9:3:1"
"yekar-tiferet-on-mishneh-torah-slaves","Yekar Tiferet on Mishneh Torah, Slaves","tok-088aa13a5268","להשוותו","להשוותו","Unresolved","","No lexical entry yet","true","1","Yekar Tiferet on Mishneh Torah, Slaves 1:9:1"
"yekar-tiferet-on-mishneh-torah-slaves","Yekar Tiferet on Mishneh Torah, Slaves","tok-945812990a0a","להשוותם","להשוותמ","Unresolved","","No lexical entry yet","true","2","Yekar Tiferet on Mishneh Torah, Slaves 3:14:2"
"yekar-tiferet-on-mishneh-torah-slaves","Yekar Tiferet on Mishneh Torah, Slaves","tok-447b7359b3ec","להשכיר","להשכיר","Unresolved","","No lexical entry yet","true","1","Yekar Tiferet on Mishneh Torah, Slaves 1:1:5"
"yekar-tiferet-on-mishneh-torah-slaves","Yekar Tiferet on Mishneh Torah, Slaves","tok-7127f879eefd","להשמיענו","להשמיענו","Unresolved","","No lexical entry yet","true","1","Yekar Tiferet on Mishneh Torah, Slaves 1:2:2"
"yekar-tiferet-on-mishneh-torah-slaves","Yekar Tiferet on Mishneh Torah, Slaves","tok-e4bc64ec2ed2","להתירו","להתירו","Unresolved","","No lexical entry yet","true","1","Yekar Tiferet on Mishneh Torah, Slaves 5:4:2"
"yekar-tiferet-on-mishneh-torah-slaves","Yekar Tiferet on Mishneh Torah, Slaves","tok-8a2be2ebbbde","לובש","לובש","Unresolved","","No lexical entry yet","true","2","Yekar Tiferet on Mishneh Torah, Slaves 1:9:1"
"yekar-tiferet-on-mishneh-torah-slaves","Yekar Tiferet on Mishneh Torah, Slaves","tok-fc64d226b90f","לוה","לוה","Unresolved","","No lexical entry yet","true","1","Yekar Tiferet on Mishneh Torah, Slaves 8:17:3"
"yekar-tiferet-on-mishneh-torah-slaves","Yekar Tiferet on Mishneh Torah, Slaves","tok-e23bed976684","לוקה","לוקה","Unresolved","","No lexical entry yet","true","1","Yekar Tiferet on Mishneh Torah, Slaves 3:14:1"
"yekar-tiferet-on-mishneh-torah-slaves","Yekar Tiferet on Mishneh Torah, Slaves","tok-1671a3a52737","לוקח","לוקח","Unresolved","","No lexical entry yet","true","1","Yekar Tiferet on Mishneh Torah, Slaves 8:10:1"
"yekar-tiferet-on-mishneh-torah-slaves","Yekar Tiferet on Mishneh Torah, Slaves","tok-2318dd322ae3","לוקין","לוקינ","Unresolved","","No lexical entry yet","true","1","Yekar Tiferet on Mishneh Torah, Slaves 3:14:1"
"yekar-tiferet-on-mishneh-torah-slaves","Yekar Tiferet on Mishneh Torah, Slaves","tok-c74643934219","לזוז","לזוז","Unresolved","","No lexical entry yet","true","1","Yekar Tiferet on Mishneh Torah, Slaves 9:1:1"
"yekar-tiferet-on-mishneh-torah-slaves","Yekar Tiferet on Mishneh Torah, Slaves","tok-cefa9cf0a644","לזונם","לזונמ","Unresolved","","No lexical entry yet","true","3","Yekar Tiferet on Mishneh Torah, Slaves 3:1:3; Yekar Tiferet on Mishneh Torah, Slaves 9:7:2"
"yekar-tiferet-on-mishneh-torah-slaves","Yekar Tiferet on Mishneh Torah, Slaves","tok-f88a80ef8240","לחו״ל","לחו״ל","Unresolved","","No lexical entry yet","true","3","Yekar Tiferet on Mishneh Torah, Slaves 8:8:1; Yekar Tiferet on Mishneh Torah, Slaves 8:12:1"
"yekar-tiferet-on-mishneh-torah-slaves","Yekar Tiferet on Mishneh Torah, Slaves","tok-999d985a8d30","לחופה","לחופה","Unresolved","","No lexical entry yet","true","2","Yekar Tiferet on Mishneh Torah, Slaves 4:9:1"
"yekar-tiferet-on-mishneh-torah-slaves","Yekar Tiferet on Mishneh Torah, Slaves","tok-ae7f004c3351","לחזור","לחזור","Unresolved","","No lexical entry yet","true","13","Yekar Tiferet on Mishneh Torah, Slaves 1:6:2; Yekar Tiferet on Mishneh Torah, Slaves 4:13:1; Yekar Tiferet on Mishneh Torah, Slaves 5:4:5; Yekar Tiferet on Mishneh Torah, Slaves 5:10:1; Yekar Tiferet on Mishneh Torah, Slaves 5:10:2"
"yekar-tiferet-on-mishneh-torah-slaves","Yekar Tiferet on Mishneh Torah, Slaves","tok-853e21d852de","לחטוב","לחטוב","Unresolved","","No lexical entry yet","true","1","Yekar Tiferet on Mishneh Torah, Slaves 1:3:3"
"yekar-tiferet-on-mishneh-torah-slaves","Yekar Tiferet on Mishneh Torah, Slaves","tok-3aa4338f83e4","לחירות","לחירות","Unresolved","","No lexical entry yet","true","37","Yekar Tiferet on Mishneh Torah, Slaves 2:4:1; Yekar Tiferet on Mishneh Torah, Slaves 2:7:3; Yekar Tiferet on Mishneh Torah, Slaves 4:8:2; Yekar Tiferet on Mishneh Torah, Slaves 5:2:1; Yekar Tiferet on Mishneh Torah, Slaves 5:3:1"
"yekar-tiferet-on-mishneh-torah-slaves","Yekar Tiferet on Mishneh Torah, Slaves","tok-02d5fe6a6b98","לחמיו","לחמיו","Unresolved","","No lexical entry yet","true","1","Yekar Tiferet on Mishneh Torah, Slaves 4:11:1"
"yekar-tiferet-on-mishneh-torah-slaves","Yekar Tiferet on Mishneh Torah, Slaves","tok-929b9f9db742","לחפשי","לחפשי","Unresolved","","No lexical entry yet","true","3","Yekar Tiferet on Mishneh Torah, Slaves 5:6:2; Yekar Tiferet on Mishneh Torah, Slaves 5:10:2; Yekar Tiferet on Mishneh Torah, Slaves 7:4:2"
"yekar-tiferet-on-mishneh-torah-slaves","Yekar Tiferet on Mishneh Torah, Slaves","tok-bbcbd973a197","לחצאין","לחצאינ","Unresolved","","No lexical entry yet","true","2","Yekar Tiferet on Mishneh Torah, Slaves 2:10:1; Yekar Tiferet on Mishneh Torah, Slaves 2:10:2"
"yekar-tiferet-on-mishneh-torah-slaves","Yekar Tiferet on Mishneh Torah, Slaves","tok-e1e1b9bb5a23","לחרש","לחרש","Unresolved","","No lexical entry yet","true","2","Yekar Tiferet on Mishneh Torah, Slaves 4:7:5"
"yekar-tiferet-on-mishneh-torah-slaves","Yekar Tiferet on Mishneh Torah, Slaves","tok-01a199f00e40","לחשבון","לחשבונ","Unresolved","","No lexical entry yet","true","1","Yekar Tiferet on Mishneh Torah, Slaves 4:3:1"
"yekar-tiferet-on-mishneh-torah-slaves","Yekar Tiferet on Mishneh Torah, Slaves","tok-6d787e522183","לחשיבותו","לחשיבותו","Unresolved","","No lexical entry yet","true","1","Yekar Tiferet on Mishneh Torah, Slaves 1:1:1"
"yekar-tiferet-on-mishneh-torah-slaves","Yekar Tiferet on Mishneh Torah, Slaves","tok-e05d65a11fdd","לטובתו","לטובתו","Unresolved","","No lexical entry yet","true","1","Yekar Tiferet on Mishneh Torah, Slaves 1:6:2"
"yekar-tiferet-on-mishneh-torah-slaves","Yekar Tiferet on Mishneh Torah, Slaves","tok-8716d9429ad8","ליבעי","ליבעי","Unresolved","","No lexical entry yet","true","2","Yekar Tiferet on Mishneh Torah, Slaves 8:13:1"
"yekar-tiferet-on-mishneh-torah-slaves","Yekar Tiferet on Mishneh Torah, Slaves","tok-1346105e949c","לידו","לידו","Unresolved","","No lexical entry yet","true","3","Yekar Tiferet on Mishneh Torah, Slaves 4:2:1; Yekar Tiferet on Mishneh Torah, Slaves 6:1:2; Yekar Tiferet on Mishneh Torah, Slaves 7:2:1"
"yekar-tiferet-on-mishneh-torah-slaves","Yekar Tiferet on Mishneh Torah, Slaves","tok-3b51d6f9c831","ליובל","ליובל","Unresolved","","No lexical entry yet","true","3","Yekar Tiferet on Mishneh Torah, Slaves 2:8:1; Yekar Tiferet on Mishneh Torah, Slaves 2:8:2"
"yekar-tiferet-on-mishneh-torah-slaves","Yekar Tiferet on Mishneh Torah, Slaves","tok-acd53a085655","ליוצא","ליוצא","Unresolved","","No lexical entry yet","true","1","Yekar Tiferet on Mishneh Torah, Slaves 3:14:2"
"yekar-tiferet-on-mishneh-torah-slaves","Yekar Tiferet on Mishneh Torah, Slaves","tok-7853b47543fe","ליורש","ליורש","Unresolved","","No lexical entry yet","true","3","Yekar Tiferet on Mishneh Torah, Slaves 2:12:1; Yekar Tiferet on Mishneh Torah, Slaves 2:12:2; Yekar Tiferet on Mishneh Torah, Slaves 4:10:2"
"yekar-tiferet-on-mishneh-torah-slaves","Yekar Tiferet on Mishneh Torah, Slaves","tok-9e41f09951c3","ליותר","ליותר","Unresolved","","No lexical entry yet","true","1","Yekar Tiferet on Mishneh Torah, Slaves 2:2:1"
"yekar-tiferet-on-mishneh-torah-slaves","Yekar Tiferet on Mishneh Torah, Slaves","tok-fea6757bf9d4","לייעד","לייעד","Unresolved","","No lexical entry yet","true","6","Yekar Tiferet on Mishneh Torah, Slaves 4:10:1; Yekar Tiferet on Mishneh Torah, Slaves 4:13:4; Yekar Tiferet on Mishneh Torah, Slaves 4:15:1; Yekar Tiferet on Mishneh Torah, Slaves 4:16:1"
"yekar-tiferet-on-mishneh-torah-slaves","Yekar Tiferet on Mishneh Torah, Slaves","tok-50d90b0975bc","לייעדה","לייעדה","Unresolved","","No lexical entry yet","true","2","Yekar Tiferet on Mishneh Torah, Slaves 4:7:5; Yekar Tiferet on Mishneh Torah, Slaves 4:11:1"
"yekar-tiferet-on-mishneh-torah-slaves","Yekar Tiferet on Mishneh Torah, Slaves","tok-b1d282dd8cae","לייעוד","לייעוד","Unresolved","","No lexical entry yet","true","1","Yekar Tiferet on Mishneh Torah, Slaves 4:10:1"
"yekar-tiferet-on-mishneh-torah-slaves","Yekar Tiferet on Mishneh Torah, Slaves","tok-68f95944a867","ליכא","ליכא","Unresolved","","No lexical entry yet","true","6","Yekar Tiferet on Mishneh Torah, Slaves 5:17:1; Yekar Tiferet on Mishneh Torah, Slaves 6:5:1; Yekar Tiferet on Mishneh Torah, Slaves 6:6:5; Yekar Tiferet on Mishneh Torah, Slaves 6:6:6; Yekar Tiferet on Mishneh Torah, Slaves 6:7:1"
"yekar-tiferet-on-mishneh-torah-slaves","Yekar Tiferet on Mishneh Torah, Slaves","tok-96ed2121f867","ליעד","ליעד","Unresolved","","No lexical entry yet","true","1","Yekar Tiferet on Mishneh Torah, Slaves 4:8:2"
"yekar-tiferet-on-mishneh-torah-slaves","Yekar Tiferet on Mishneh Torah, Slaves","tok-c46ff17735ac","ליעדה","ליעדה","Unresolved","","No lexical entry yet","true","2","Yekar Tiferet on Mishneh Torah, Slaves 4:7:3; Yekar Tiferet on Mishneh Torah, Slaves 4:7:5"
"yekar-tiferet-on-mishneh-torah-slaves","Yekar Tiferet on Mishneh Torah, Slaves","tok-ad676f9e32af","ליעוד","ליעוד","Unresolved","","No lexical entry yet","true","3","Yekar Tiferet on Mishneh Torah, Slaves 4:7:5; Yekar Tiferet on Mishneh Torah, Slaves 4:12:1"
"yekar-tiferet-on-mishneh-torah-slaves","Yekar Tiferet on Mishneh Torah, Slaves","tok-66453b2a6ab8","ליציאתו","ליציאתו","Unresolved","","No lexical entry yet","true","1","Yekar Tiferet on Mishneh Torah, Slaves 3:10:1"
"yekar-tiferet-on-mishneh-torah-slaves","Yekar Tiferet on Mishneh Torah, Slaves","tok-2a2c857c5e5f","ליקני","ליקני","Unresolved","","No lexical entry yet","true","1","Yekar Tiferet on Mishneh Torah, Slaves 7:2:2"
"yekar-tiferet-on-mishneh-torah-slaves","Yekar Tiferet on Mishneh Torah, Slaves","tok-ea80887765ee","לירושלים","לירושלימ","Unresolved","","No lexical entry yet","true","5","Yekar Tiferet on Mishneh Torah, Slaves 8:10:1"
"yekar-tiferet-on-mishneh-torah-slaves","Yekar Tiferet on Mishneh Torah, Slaves","tok-ec8442d85f70","לישא","לישא","Unresolved","","No lexical entry yet","true","1","Yekar Tiferet on Mishneh Torah, Slaves 7:2:1"
"yekar-tiferet-on-mishneh-torah-slaves","Yekar Tiferet on Mishneh Torah, Slaves","tok-2b4c98b514a5","לישנא","לישנא","Unresolved","","No lexical entry yet","true","3","Yekar Tiferet on Mishneh Torah, Slaves 4:10:1; Yekar Tiferet on Mishneh Torah, Slaves 5:3:3"
"yekar-tiferet-on-mishneh-torah-slaves","Yekar Tiferet on Mishneh Torah, Slaves","tok-adb1895090d8","לית","לית","Unresolved","","No lexical entry yet","true","1","Yekar Tiferet on Mishneh Torah, Slaves 4:7:3"
"yekar-tiferet-on-mishneh-torah-slaves","Yekar Tiferet on Mishneh Torah, Slaves","tok-cab2fc1445dc","לכ׳","לכ׳","Unresolved","","No lexical entry yet","true","1","Yekar Tiferet on Mishneh Torah, Slaves 2:8:2"
"yekar-tiferet-on-mishneh-torah-slaves","Yekar Tiferet on Mishneh Torah, Slaves","tok-66e2b9e150cc","לכה״ג","לכה״ג","Unresolved","","No lexical entry yet","true","1","Yekar Tiferet on Mishneh Torah, Slaves 4:13:3"
"yekar-tiferet-on-mishneh-torah-slaves","Yekar Tiferet on Mishneh Torah, Slaves","tok-076007560fd2","לכוף","לכופ","Unresolved","","No lexical entry yet","true","2","Yekar Tiferet on Mishneh Torah, Slaves 8:17:2"
"yekar-tiferet-on-mishneh-torah-slaves","Yekar Tiferet on Mishneh Torah, Slaves","tok-0006edabbd3b","לכך","לככ","Unresolved","","No lexical entry yet","true","1","Yekar Tiferet on Mishneh Torah, Slaves 1:3:3"
"yekar-tiferet-on-mishneh-torah-slaves","Yekar Tiferet on Mishneh Torah, Slaves","tok-7295dac32e04","לכנענים","לכנענימ","Unresolved","","No lexical entry yet","true","1","Yekar Tiferet on Mishneh Torah, Slaves 1:7:2"
"yekar-tiferet-on-mishneh-torah-slaves","Yekar Tiferet on Mishneh Torah, Slaves","tok-d856ff0e377f","לכסף","לכספ","Unresolved","","No lexical entry yet","true","1","Yekar Tiferet on Mishneh Torah, Slaves 7:6:2"
"yekar-tiferet-on-mishneh-torah-slaves","Yekar Tiferet on Mishneh Torah, Slaves","tok-98d08b00a233","לכתוב","לכתוב","Unresolved","","No lexical entry yet","true","9","Yekar Tiferet on Mishneh Torah, Slaves 4:4:2; Yekar Tiferet on Mishneh Torah, Slaves 4:14:1; Yekar Tiferet on Mishneh Torah, Slaves 5:4:2; Yekar Tiferet on Mishneh Torah, Slaves 5:4:4; Yekar Tiferet on Mishneh Torah, Slaves 5:15:1"
"yekar-tiferet-on-mishneh-torah-slaves","Yekar Tiferet on Mishneh Torah, Slaves","tok-7ae110e7cd08","לכתחילה","לכתחילה","Unresolved","","No lexical entry yet","true","2","Yekar Tiferet on Mishneh Torah, Slaves 1:1:5; Yekar Tiferet on Mishneh Torah, Slaves 6:7:2"
"yekar-tiferet-on-mishneh-torah-slaves","Yekar Tiferet on Mishneh Torah, Slaves","tok-6ff89fe8adcd","לל״ה","לל״ה","Unresolved","","No lexical entry yet","true","1","Yekar Tiferet on Mishneh Torah, Slaves 4:1:2"
"yekar-tiferet-on-mishneh-torah-slaves","Yekar Tiferet on Mishneh Torah, Slaves","tok-dc3b41b50681","ללוות","ללוות","Unresolved","","No lexical entry yet","true","1","Yekar Tiferet on Mishneh Torah, Slaves 2:7:4"
"yekar-tiferet-on-mishneh-torah-slaves","Yekar Tiferet on Mishneh Torah, Slaves","tok-449f849d881b","ללוקח","ללוקח","Unresolved","","No lexical entry yet","true","1","Yekar Tiferet on Mishneh Torah, Slaves 8:6:1"
"yekar-tiferet-on-mishneh-torah-slaves","Yekar Tiferet on Mishneh Torah, Slaves","tok-7c668517fab8","למ״ד","למ״ד","Unresolved","","No lexical entry yet","true","1","Yekar Tiferet on Mishneh Torah, Slaves 5:14:1"
"yekar-tiferet-on-mishneh-torah-slaves","Yekar Tiferet on Mishneh Torah, Slaves","tok-31c96b36a75d","למאן","למאנ","Unresolved","","No lexical entry yet","true","1","Yekar Tiferet on Mishneh Torah, Slaves 1:8:2"
"yekar-tiferet-on-mishneh-torah-slaves","Yekar Tiferet on Mishneh Torah, Slaves","tok-5757f28eecfc","למדו","למדו","Unresolved","","No lexical entry yet","true","4","Yekar Tiferet on Mishneh Torah, Slaves 3:13:1; Yekar Tiferet on Mishneh Torah, Slaves 6:6:4"
"yekar-tiferet-on-mishneh-torah-slaves","Yekar Tiferet on Mishneh Torah, Slaves","tok-08e0990200a5","למדין","למדינ","Unresolved","","No lexical entry yet","true","1","Yekar Tiferet on Mishneh Torah, Slaves 6:6:3"
"yekar-tiferet-on-mishneh-torah-slaves","Yekar Tiferet on Mishneh Torah, Slaves","tok-be3dc6098bec","למדרשיה","למדרשיה","Unresolved","","No lexical entry yet","true","1","Yekar Tiferet on Mishneh Torah, Slaves 4:7:5"
"yekar-tiferet-on-mishneh-torah-slaves","Yekar Tiferet on Mishneh Torah, Slaves","tok-bdcc936c0fe1","למוחזק","למוחזק","Unresolved","","No lexical entry yet","true","1","Yekar Tiferet on Mishneh Torah, Slaves 3:8:1"
"yekar-tiferet-on-mishneh-torah-slaves","Yekar Tiferet on Mishneh Torah, Slaves","tok-3b30d25c7f9f","למוכר","למוכר","Unresolved","","No lexical entry yet","true","4","Yekar Tiferet on Mishneh Torah, Slaves 2:8:2; Yekar Tiferet on Mishneh Torah, Slaves 3:3:1; Yekar Tiferet on Mishneh Torah, Slaves 3:12:2; Yekar Tiferet on Mishneh Torah, Slaves 8:6:1"
"yekar-tiferet-on-mishneh-torah-slaves","Yekar Tiferet on Mishneh Torah, Slaves","tok-016fe945ef64","למוכרה","למוכרה","Unresolved","","No lexical entry yet","true","17","Yekar Tiferet on Mishneh Torah, Slaves 4:1:2; Yekar Tiferet on Mishneh Torah, Slaves 4:10:1; Yekar Tiferet on Mishneh Torah, Slaves 4:11:1; Yekar Tiferet on Mishneh Torah, Slaves 4:12:1; Yekar Tiferet on Mishneh Torah, Slaves 4:13:1"
"yekar-tiferet-on-mishneh-torah-slaves","Yekar Tiferet on Mishneh Torah, Slaves","tok-5b89504bb32f","למוכרו","למוכרו","Unresolved","","No lexical entry yet","true","2","Yekar Tiferet on Mishneh Torah, Slaves 8:10:1"
"yekar-tiferet-on-mishneh-torah-slaves","Yekar Tiferet on Mishneh Torah, Slaves","tok-49a70931ba7c","למונעו","למונעו","Unresolved","","No lexical entry yet","true","2","Yekar Tiferet on Mishneh Torah, Slaves 1:6:4; Yekar Tiferet on Mishneh Torah, Slaves 1:7:1"
"yekar-tiferet-on-mishneh-torah-slaves","Yekar Tiferet on Mishneh Torah, Slaves","tok-3888887d4bc7","למחצה","למחצה","Unresolved","","No lexical entry yet","true","1","Yekar Tiferet on Mishneh Torah, Slaves 4:4:1"
"yekar-tiferet-on-mishneh-torah-slaves","Yekar Tiferet on Mishneh Torah, Slaves","tok-6bc4089b644b","למידק","למידק","Unresolved","","No lexical entry yet","true","11","Yekar Tiferet on Mishneh Torah, Slaves 1:2:2; Yekar Tiferet on Mishneh Torah, Slaves 2:12:2; Yekar Tiferet on Mishneh Torah, Slaves 3:4:1; Yekar Tiferet on Mishneh Torah, Slaves 3:13:1; Yekar Tiferet on Mishneh Torah, Slaves 4:11:1"
"yekar-tiferet-on-mishneh-torah-slaves","Yekar Tiferet on Mishneh Torah, Slaves","tok-2ca5ef3662b0","למימר","למימר","Unresolved","","No lexical entry yet","true","3","Yekar Tiferet on Mishneh Torah, Slaves 9:7:2"
"yekar-tiferet-on-mishneh-torah-slaves","Yekar Tiferet on Mishneh Torah, Slaves","tok-13c3d3203f3a","למימרא","למימרא","Unresolved","","No lexical entry yet","true","1","Yekar Tiferet on Mishneh Torah, Slaves 8:17:3"
"yekar-tiferet-on-mishneh-torah-slaves","Yekar Tiferet on Mishneh Torah, Slaves","tok-ae388372db5e","למכור","למכור","Unresolved","","No lexical entry yet","true","15","Yekar Tiferet on Mishneh Torah, Slaves 1:1:5; Yekar Tiferet on Mishneh Torah, Slaves 1:2:2; Yekar Tiferet on Mishneh Torah, Slaves 1:3:1; Yekar Tiferet on Mishneh Torah, Slaves 2:2:1; Yekar Tiferet on Mishneh Torah, Slaves 2:7:1"
"yekar-tiferet-on-mishneh-torah-slaves","Yekar Tiferet on Mishneh Torah, Slaves","tok-cc21a6284cfe","למכר","למכר","Unresolved","","No lexical entry yet","true","1","Yekar Tiferet on Mishneh Torah, Slaves 1:1:4"
"yekar-tiferet-on-mishneh-torah-slaves","Yekar Tiferet on Mishneh Torah, Slaves","tok-e715b474397e","למכתב","למכתב","Unresolved","","No lexical entry yet","true","1","Yekar Tiferet on Mishneh Torah, Slaves 4:7:5"
"yekar-tiferet-on-mishneh-torah-slaves","Yekar Tiferet on Mishneh Torah, Slaves","tok-4c22efc0eee9","למניינא","למניינא","Unresolved","","No lexical entry yet","true","1","Yekar Tiferet on Mishneh Torah, Slaves 5:1:1"
"yekar-tiferet-on-mishneh-torah-slaves","Yekar Tiferet on Mishneh Torah, Slaves","tok-3021f90e84b8","למעוטי","למעוטי","Unresolved","","No lexical entry yet","true","2","Yekar Tiferet on Mishneh Torah, Slaves 3:13:1; Yekar Tiferet on Mishneh Torah, Slaves 5:4:5"
"yekar-tiferet-on-mishneh-torah-slaves","Yekar Tiferet on Mishneh Torah, Slaves","tok-80ba4aa3aba7","למעי","למעי","Unresolved","","No lexical entry yet","true","1","Yekar Tiferet on Mishneh Torah, Slaves 5:12:1"
"yekar-tiferet-on-mishneh-torah-slaves","Yekar Tiferet on Mishneh Torah, Slaves","tok-5116f57b9bcd","למעשה","למעשה","Unresolved","","No lexical entry yet","true","2","Yekar Tiferet on Mishneh Torah, Slaves 9:5:1"
"yekar-tiferet-on-mishneh-torah-slaves","Yekar Tiferet on Mishneh Torah, Slaves","tok-289ac3e39ede","למפרע","למפרע","Unresolved","","No lexical entry yet","true","2","Yekar Tiferet on Mishneh Torah, Slaves 4:7:3; Yekar Tiferet on Mishneh Torah, Slaves 4:15:1"
"yekar-tiferet-on-mishneh-torah-slaves","Yekar Tiferet on Mishneh Torah, Slaves","tok-9e8c23662212","למצות","למצות","Unresolved","","No lexical entry yet","true","1","Yekar Tiferet on Mishneh Torah, Slaves 4:7:2"
"yekar-tiferet-on-mishneh-torah-slaves","Yekar Tiferet on Mishneh Torah, Slaves","tok-fc5874e633ed","למתני","למתני","Unresolved","","No lexical entry yet","true","1","Yekar Tiferet on Mishneh Torah, Slaves 4:14:1"
"yekar-tiferet-on-mishneh-torah-slaves","Yekar Tiferet on Mishneh Torah, Slaves","tok-186b575689aa","למתנייה","למתנייה","Unresolved","","No lexical entry yet","true","1","Yekar Tiferet on Mishneh Torah, Slaves 5:1:1"
"yekar-tiferet-on-mishneh-torah-slaves","Yekar Tiferet on Mishneh Torah, Slaves","tok-6aa7d7d18bb8","לן","לנ","Unresolved","","No lexical entry yet","true","3","Yekar Tiferet on Mishneh Torah, Slaves 4:7:3; Yekar Tiferet on Mishneh Torah, Slaves 5:4:3; Yekar Tiferet on Mishneh Torah, Slaves 8:10:1"
"yekar-tiferet-on-mishneh-torah-slaves","Yekar Tiferet on Mishneh Torah, Slaves","tok-600693fbedd1","לנגוע","לנגוע","Unresolved","","No lexical entry yet","true","1","Yekar Tiferet on Mishneh Torah, Slaves 5:13:1"
"yekar-tiferet-on-mishneh-torah-slaves","Yekar Tiferet on Mishneh Torah, Slaves","tok-8052958bb4a0","לנוה","לנוה","Unresolved","","No lexical entry yet","true","1","Yekar Tiferet on Mishneh Torah, Slaves 8:9:2"
"yekar-tiferet-on-mishneh-torah-slaves","Yekar Tiferet on Mishneh Torah, Slaves","tok-bd89fd8c200d","לנרצע","לנרצע","Unresolved","","No lexical entry yet","true","1","Yekar Tiferet on Mishneh Torah, Slaves 4:4:1"
"yekar-tiferet-on-mishneh-torah-slaves","Yekar Tiferet on Mishneh Torah, Slaves","tok-27d353950e75","לסוריא","לסוריא","Unresolved","","No lexical entry yet","true","2","Yekar Tiferet on Mishneh Torah, Slaves 8:6:2; Yekar Tiferet on Mishneh Torah, Slaves 8:8:1"
"yekar-tiferet-on-mishneh-torah-slaves","Yekar Tiferet on Mishneh Torah, Slaves","tok-bcf97454b10b","לסיפא","לסיפא","Unresolved","","No lexical entry yet","true","1","Yekar Tiferet on Mishneh Torah, Slaves 7:5:1"
"yekar-tiferet-on-mishneh-torah-slaves","Yekar Tiferet on Mishneh Torah, Slaves","tok-51fc5e43d5c4","לע״ז","לע״ז","Unresolved","","No lexical entry yet","true","4","Yekar Tiferet on Mishneh Torah, Slaves 1:3:3; Yekar Tiferet on Mishneh Torah, Slaves 1:6:1; Yekar Tiferet on Mishneh Torah, Slaves 2:6:1"
"yekar-tiferet-on-mishneh-torah-slaves","Yekar Tiferet on Mishneh Torah, Slaves","tok-91d4cd42fa61","לעבדו","לעבדו","Unresolved","","No lexical entry yet","true","5","Yekar Tiferet on Mishneh Torah, Slaves 6:1:1; Yekar Tiferet on Mishneh Torah, Slaves 6:1:2; Yekar Tiferet on Mishneh Torah, Slaves 7:1:2; Yekar Tiferet on Mishneh Torah, Slaves 8:17:2"
"yekar-tiferet-on-mishneh-torah-slaves","Yekar Tiferet on Mishneh Torah, Slaves","tok-5e1096545422","לעבדי","לעבדי","Unresolved","","No lexical entry yet","true","2","Yekar Tiferet on Mishneh Torah, Slaves 6:1:2; Yekar Tiferet on Mishneh Torah, Slaves 6:7:1"
"yekar-tiferet-on-mishneh-torah-slaves","Yekar Tiferet on Mishneh Torah, Slaves","tok-ef13419ec07f","לעולמו","לעולמו","Unresolved","","No lexical entry yet","true","1","Yekar Tiferet on Mishneh Torah, Slaves 3:7:2"
"yekar-tiferet-on-mishneh-torah-slaves","Yekar Tiferet on Mishneh Torah, Slaves","tok-5830d91b6aef","לעיל","לעיל","Unresolved","","No lexical entry yet","true","13","Yekar Tiferet on Mishneh Torah, Slaves 1:6:3; Yekar Tiferet on Mishneh Torah, Slaves 3:2:1; Yekar Tiferet on Mishneh Torah, Slaves 4:3:2; Yekar Tiferet on Mishneh Torah, Slaves 4:7:3; Yekar Tiferet on Mishneh Torah, Slaves 4:8:1"
"yekar-tiferet-on-mishneh-torah-slaves","Yekar Tiferet on Mishneh Torah, Slaves","tok-80e5cc850cc9","לעצמה","לעצמה","Unresolved","","No lexical entry yet","true","1","Yekar Tiferet on Mishneh Torah, Slaves 3:15:3"
"yekar-tiferet-on-mishneh-torah-slaves","Yekar Tiferet on Mishneh Torah, Slaves","tok-6aa2538b1330","לעקר","לעקר","Unresolved","","No lexical entry yet","true","1","Yekar Tiferet on Mishneh Torah, Slaves 1:3:2"
"yekar-tiferet-on-mishneh-torah-slaves","Yekar Tiferet on Mishneh Torah, Slaves","tok-2389158e2cbb","לעשר","לעשר","Unresolved","","No lexical entry yet","true","1","Yekar Tiferet on Mishneh Torah, Slaves 2:8:1"
"yekar-tiferet-on-mishneh-torah-slaves","Yekar Tiferet on Mishneh Torah, Slaves","tok-6ac4b8717ee4","לפדות","לפדות","Unresolved","","No lexical entry yet","true","5","Yekar Tiferet on Mishneh Torah, Slaves 2:7:2; Yekar Tiferet on Mishneh Torah, Slaves 8:15:2; Yekar Tiferet on Mishneh Torah, Slaves 8:15:3"
"yekar-tiferet-on-mishneh-torah-slaves","Yekar Tiferet on Mishneh Torah, Slaves","tok-3b7560092fc6","לפדותה","לפדותה","Unresolved","","No lexical entry yet","true","1","Yekar Tiferet on Mishneh Torah, Slaves 4:2:2"
"yekar-tiferet-on-mishneh-torah-slaves","Yekar Tiferet on Mishneh Torah, Slaves","tok-3eb8f954aa9f","לפדותו","לפדותו","Unresolved","","No lexical entry yet","true","1","Yekar Tiferet on Mishneh Torah, Slaves 4:14:1"
"yekar-tiferet-on-mishneh-torah-slaves","Yekar Tiferet on Mishneh Torah, Slaves","tok-d8909b4eea0b","לפדיה","לפדיה","Unresolved","","No lexical entry yet","true","1","Yekar Tiferet on Mishneh Torah, Slaves 4:7:3"
"yekar-tiferet-on-mishneh-torah-slaves","Yekar Tiferet on Mishneh Torah, Slaves","tok-4cc4ab68f5d8","לפלוני","לפלוני","Unresolved","","No lexical entry yet","true","2","Yekar Tiferet on Mishneh Torah, Slaves 2:1:1; Yekar Tiferet on Mishneh Torah, Slaves 7:3:2"
"yekar-tiferet-on-mishneh-torah-slaves","Yekar Tiferet on Mishneh Torah, Slaves","tok-c7c0a13eb149","לפסולים","לפסולימ","Unresolved","","No lexical entry yet","true","1","Yekar Tiferet on Mishneh Torah, Slaves 4:12:1"
"yekar-tiferet-on-mishneh-torah-slaves","Yekar Tiferet on Mishneh Torah, Slaves","tok-888f2944b646","לפרושי","לפרושי","Unresolved","","No lexical entry yet","true","4","Yekar Tiferet on Mishneh Torah, Slaves 4:9:2; Yekar Tiferet on Mishneh Torah, Slaves 4:10:1; Yekar Tiferet on Mishneh Torah, Slaves 4:13:2; Yekar Tiferet on Mishneh Torah, Slaves 5:14:1"
"yekar-tiferet-on-mishneh-torah-slaves","Yekar Tiferet on Mishneh Torah, Slaves","tok-cd339e660b69","לצדדין","לצדדינ","Unresolved","","No lexical entry yet","true","1","Yekar Tiferet on Mishneh Torah, Slaves 1:3:1"
"yekar-tiferet-on-mishneh-torah-slaves","Yekar Tiferet on Mishneh Torah, Slaves","tok-83377f8b3f7b","לצדוקין","לצדוקינ","Unresolved","","No lexical entry yet","true","1","Yekar Tiferet on Mishneh Torah, Slaves 6:6:3"
"yekar-tiferet-on-mishneh-torah-slaves","Yekar Tiferet on Mishneh Torah, Slaves","tok-42c26e02c5e8","לקדושי","לקדושי","Unresolved","","No lexical entry yet","true","1","Yekar Tiferet on Mishneh Torah, Slaves 4:13:4"
"yekar-tiferet-on-mishneh-torah-slaves","Yekar Tiferet on Mishneh Torah, Slaves","tok-510f7022687d","לקדושין","לקדושינ","Unresolved","","No lexical entry yet","true","3","Yekar Tiferet on Mishneh Torah, Slaves 4:7:3; Yekar Tiferet on Mishneh Torah, Slaves 4:10:1"
"yekar-tiferet-on-mishneh-torah-slaves","Yekar Tiferet on Mishneh Torah, Slaves","tok-9aaf38d95981","לקדשה","לקדשה","Unresolved","","No lexical entry yet","true","4","Yekar Tiferet on Mishneh Torah, Slaves 4:5:1; Yekar Tiferet on Mishneh Torah, Slaves 4:13:2"
"yekar-tiferet-on-mishneh-torah-slaves","Yekar Tiferet on Mishneh Torah, Slaves","tok-0e74b2bb1d39","לקולא","לקולא","Unresolved","","No lexical entry yet","true","1","Yekar Tiferet on Mishneh Torah, Slaves 2:10:1"
"yekar-tiferet-on-mishneh-torah-slaves","Yekar Tiferet on Mishneh Torah, Slaves","tok-6d3be03cc0fb","לקטן","לקטנ","Unresolved","","No lexical entry yet","true","1","Yekar Tiferet on Mishneh Torah, Slaves 4:7:5"
"yekar-tiferet-on-mishneh-torah-slaves","Yekar Tiferet on Mishneh Torah, Slaves","tok-4ab9bd19d9d2","לקיים","לקיימ","Unresolved","","No lexical entry yet","true","1","Yekar Tiferet on Mishneh Torah, Slaves 1:1:5"
"yekar-tiferet-on-mishneh-torah-slaves","Yekar Tiferet on Mishneh Torah, Slaves","tok-883e8902840d","לקיימו","לקיימו","Unresolved","","No lexical entry yet","true","5","Yekar Tiferet on Mishneh Torah, Slaves 6:7:2; Yekar Tiferet on Mishneh Torah, Slaves 7:2:1"
"yekar-tiferet-on-mishneh-torah-slaves","Yekar Tiferet on Mishneh Torah, Slaves","tok-97bb2cef118f","לקמיה","לקמיה","Unresolved","","No lexical entry yet","true","3","Yekar Tiferet on Mishneh Torah, Slaves 3:9:1; Yekar Tiferet on Mishneh Torah, Slaves 8:10:1; Yekar Tiferet on Mishneh Torah, Slaves 8:14:1"
"yekar-tiferet-on-mishneh-torah-slaves","Yekar Tiferet on Mishneh Torah, Slaves","tok-fc37e29773f2","לקנותה","לקנותה","Unresolved","","No lexical entry yet","true","1","Yekar Tiferet on Mishneh Torah, Slaves 4:7:3"
"yekar-tiferet-on-mishneh-torah-slaves","Yekar Tiferet on Mishneh Torah, Slaves","tok-5d6020dc2e5c","לקנותו","לקנותו","Unresolved","","No lexical entry yet","true","2","Yekar Tiferet on Mishneh Torah, Slaves 9:3:1"
"yekar-tiferet-on-mishneh-torah-slaves","Yekar Tiferet on Mishneh Torah, Slaves","tok-2d07adae2437","לקרובים","לקרובימ","Unresolved","","No lexical entry yet","true","1","Yekar Tiferet on Mishneh Torah, Slaves 4:10:2"
"yekar-tiferet-on-mishneh-torah-slaves","Yekar Tiferet on Mishneh Torah, Slaves","tok-e23054bea657","לר׳","לר׳","Unresolved","","No lexical entry yet","true","2","Yekar Tiferet on Mishneh Torah, Slaves 5:3:1; Yekar Tiferet on Mishneh Torah, Slaves 6:5:2"
"yekar-tiferet-on-mishneh-torah-slaves","Yekar Tiferet on Mishneh Torah, Slaves","tok-969210a43a8f","לראובן","לראובנ","Unresolved","","No lexical entry yet","true","1","Yekar Tiferet on Mishneh Torah, Slaves 4:13:2"
"yekar-tiferet-on-mishneh-torah-slaves","Yekar Tiferet on Mishneh Torah, Slaves","tok-56734afb7cca","לראיה","לראיה","Unresolved","","No lexical entry yet","true","1","Yekar Tiferet on Mishneh Torah, Slaves 2:1:1"
"yekar-tiferet-on-mishneh-torah-slaves","Yekar Tiferet on Mishneh Torah, Slaves","tok-3429f39cb875","לרב","לרב","Unresolved","","No lexical entry yet","true","1","Yekar Tiferet on Mishneh Torah, Slaves 9:7:1"
"yekar-tiferet-on-mishneh-torah-slaves","Yekar Tiferet on Mishneh Torah, Slaves","tok-b929492c2e65","לרבא","לרבא","Unresolved","","No lexical entry yet","true","1","Yekar Tiferet on Mishneh Torah, Slaves 8:15:1"
"yekar-tiferet-on-mishneh-torah-slaves","Yekar Tiferet on Mishneh Torah, Slaves","tok-c7a6ecaf639e","לרבי","לרבי","Unresolved","","No lexical entry yet","true","2","Yekar Tiferet on Mishneh Torah, Slaves 5:4:4; Yekar Tiferet on Mishneh Torah, Slaves 9:7:1"
"yekar-tiferet-on-mishneh-torah-slaves","Yekar Tiferet on Mishneh Torah, Slaves","tok-5634b8f4e20f","לרבינו","לרבינו","Unresolved","","No lexical entry yet","true","2","Yekar Tiferet on Mishneh Torah, Slaves 2:8:2; Yekar Tiferet on Mishneh Torah, Slaves 9:7:2"
"yekar-tiferet-on-mishneh-torah-slaves","Yekar Tiferet on Mishneh Torah, Slaves","tok-5e72a2f99af4","לרבנן","לרבננ","Unresolved","","No lexical entry yet","true","1","Yekar Tiferet on Mishneh Torah, Slaves 9:6:2"
"yekar-tiferet-on-mishneh-torah-slaves","Yekar Tiferet on Mishneh Torah, Slaves","tok-54053ba9acca","לרחוקים","לרחוקימ","Unresolved","","No lexical entry yet","true","1","Yekar Tiferet on Mishneh Torah, Slaves 4:10:2"
"yekar-tiferet-on-mishneh-torah-slaves","Yekar Tiferet on Mishneh Torah, Slaves","tok-d8092c63407e","לריעותא","לריעותא","Unresolved","","No lexical entry yet","true","1","Yekar Tiferet on Mishneh Torah, Slaves 8:12:1"
"yekar-tiferet-on-mishneh-torah-slaves","Yekar Tiferet on Mishneh Torah, Slaves","tok-aaa0a920647c","לרפואתה","לרפואתה","Unresolved","","No lexical entry yet","true","2","Yekar Tiferet on Mishneh Torah, Slaves 3:2:1"
"yekar-tiferet-on-mishneh-torah-slaves","Yekar Tiferet on Mishneh Torah, Slaves","tok-750cabdabf60","לרפואתו","לרפואתו","Unresolved","","No lexical entry yet","true","1","Yekar Tiferet on Mishneh Torah, Slaves 3:2:1"
"yekar-tiferet-on-mishneh-torah-slaves","Yekar Tiferet on Mishneh Torah, Slaves","tok-e8d645380af1","לרציעה","לרציעה","Unresolved","","No lexical entry yet","true","1","Yekar Tiferet on Mishneh Torah, Slaves 3:13:1"
"yekar-tiferet-on-mishneh-torah-slaves","Yekar Tiferet on Mishneh Torah, Slaves","tok-7326bf1550f7","לרשות","לרשות","Unresolved","","No lexical entry yet","true","2","Yekar Tiferet on Mishneh Torah, Slaves 4:5:1; Yekar Tiferet on Mishneh Torah, Slaves 4:13:1"
"yekar-tiferet-on-mishneh-torah-slaves","Yekar Tiferet on Mishneh Torah, Slaves","tok-82ba8a877bdf","לרשותו","לרשותו","Unresolved","","No lexical entry yet","true","4","Yekar Tiferet on Mishneh Torah, Slaves 4:13:1; Yekar Tiferet on Mishneh Torah, Slaves 4:13:2"
"yekar-tiferet-on-mishneh-torah-slaves","Yekar Tiferet on Mishneh Torah, Slaves","tok-b23634ec277f","לשונו","לשונו","Unresolved","","No lexical entry yet","true","1","Yekar Tiferet on Mishneh Torah, Slaves 5:4:4"
"yekar-tiferet-on-mishneh-torah-slaves","Yekar Tiferet on Mishneh Torah, Slaves","tok-15ffd8217104","לשחרורי","לשחרורי","Unresolved","","No lexical entry yet","true","5","Yekar Tiferet on Mishneh Torah, Slaves 6:5:1; Yekar Tiferet on Mishneh Torah, Slaves 6:7:2; Yekar Tiferet on Mishneh Torah, Slaves 7:1:1"
"yekar-tiferet-on-mishneh-torah-slaves","Yekar Tiferet on Mishneh Torah, Slaves","tok-e994dd142c30","לשחרר","לשחרר","Unresolved","","No lexical entry yet","true","1","Yekar Tiferet on Mishneh Torah, Slaves 9:6:2"
"yekar-tiferet-on-mishneh-torah-slaves","Yekar Tiferet on Mishneh Torah, Slaves","tok-bc2a3fa40454","לשחררה","לשחררה","Unresolved","","No lexical entry yet","true","3","Yekar Tiferet on Mishneh Torah, Slaves 6:4:1"
"yekar-tiferet-on-mishneh-torah-slaves","Yekar Tiferet on Mishneh Torah, Slaves","tok-1fce73500b54","לשחתה","לשחתה","Unresolved","","No lexical entry yet","true","2","Yekar Tiferet on Mishneh Torah, Slaves 5:4:1; Yekar Tiferet on Mishneh Torah, Slaves 5:12:1"
"yekar-tiferet-on-mishneh-torah-slaves","Yekar Tiferet on Mishneh Torah, Slaves","tok-28fe68ed01b1","לשכיר","לשכיר","Unresolved","","No lexical entry yet","true","1","Yekar Tiferet on Mishneh Torah, Slaves 1:6:2"
"yekar-tiferet-on-mishneh-torah-slaves","Yekar Tiferet on Mishneh Torah, Slaves","tok-8fc54702cff0","לשליח","לשליח","Unresolved","","No lexical entry yet","true","1","Yekar Tiferet on Mishneh Torah, Slaves 1:1:1"
"yekar-tiferet-on-mishneh-torah-slaves","Yekar Tiferet on Mishneh Torah, Slaves","tok-6ba7fbb636a4","לשלם","לשלמ","Unresolved","","No lexical entry yet","true","2","Yekar Tiferet on Mishneh Torah, Slaves 1:1:2; Yekar Tiferet on Mishneh Torah, Slaves 3:5:3"
"yekar-tiferet-on-mishneh-torah-slaves","Yekar Tiferet on Mishneh Torah, Slaves","tok-3cf81f914c11","לשנים","לשנימ","Unresolved","","No lexical entry yet","true","9","Yekar Tiferet on Mishneh Torah, Slaves 2:2:1; Yekar Tiferet on Mishneh Torah, Slaves 2:8:2; Yekar Tiferet on Mishneh Torah, Slaves 3:12:2"
"yekar-tiferet-on-mishneh-torah-slaves","Yekar Tiferet on Mishneh Torah, Slaves","tok-b5de5e49d1a6","לשעבודיה","לשעבודיה","Unresolved","","No lexical entry yet","true","1","Yekar Tiferet on Mishneh Torah, Slaves 9:5:1"
"yekar-tiferet-on-mishneh-torah-slaves","Yekar Tiferet on Mishneh Torah, Slaves","tok-9e849e1664db","לשפחה","לשפחה","Unresolved","","No lexical entry yet","true","1","Yekar Tiferet on Mishneh Torah, Slaves 4:13:2"
"yekar-tiferet-on-mishneh-torah-slaves","Yekar Tiferet on Mishneh Torah, Slaves","tok-89470565a93d","לשפחות","לשפחות","Unresolved","","No lexical entry yet","true","9","Yekar Tiferet on Mishneh Torah, Slaves 4:10:1; Yekar Tiferet on Mishneh Torah, Slaves 4:13:1; Yekar Tiferet on Mishneh Torah, Slaves 4:13:2; Yekar Tiferet on Mishneh Torah, Slaves 4:13:3; Yekar Tiferet on Mishneh Torah, Slaves 4:14:1"
"yekar-tiferet-on-mishneh-torah-slaves","Yekar Tiferet on Mishneh Torah, Slaves","tok-578db16a3a11","לשפחתו","לשפחתו","Unresolved","","No lexical entry yet","true","3","Yekar Tiferet on Mishneh Torah, Slaves 5:3:3; Yekar Tiferet on Mishneh Torah, Slaves 7:5:1"
"yekar-tiferet-on-mishneh-torah-slaves","Yekar Tiferet on Mishneh Torah, Slaves","tok-0e0de0eff0e9","לשקיעת","לשקיעת","Unresolved","","No lexical entry yet","true","1","Yekar Tiferet on Mishneh Torah, Slaves 4:7:3"
"yekar-tiferet-on-mishneh-torah-slaves","Yekar Tiferet on Mishneh Torah, Slaves","tok-241f7f267909","לשררה","לשררה","Unresolved","","No lexical entry yet","true","2","Yekar Tiferet on Mishneh Torah, Slaves 3:8:2"
"yekar-tiferet-on-mishneh-torah-slaves","Yekar Tiferet on Mishneh Torah, Slaves","tok-80db7c02c41a","לשררתו","לשררתו","Unresolved","","No lexical entry yet","true","1","Yekar Tiferet on Mishneh Torah, Slaves 3:8:2"
"yekar-tiferet-on-mishneh-torah-slaves","Yekar Tiferet on Mishneh Torah, Slaves","tok-08a2e01133c2","לשש","לשש","Unresolved","","No lexical entry yet","true","2","Yekar Tiferet on Mishneh Torah, Slaves 2:2:1"
"yekar-tiferet-on-mishneh-torah-slaves","Yekar Tiferet on Mishneh Torah, Slaves","tok-42681847cf3a","לתלמודא","לתלמודא","Unresolved","","No lexical entry yet","true","1","Yekar Tiferet on Mishneh Torah, Slaves 8:13:1"
"yekar-tiferet-on-mishneh-torah-slaves","Yekar Tiferet on Mishneh Torah, Slaves","tok-0c96cf3172d4","לתקפו","לתקפו","Unresolved","","No lexical entry yet","true","3","Yekar Tiferet on Mishneh Torah, Slaves 8:19:2; Yekar Tiferet on Mishneh Torah, Slaves 9:5:1"
"yekar-tiferet-on-mishneh-torah-slaves","Yekar Tiferet on Mishneh Torah, Slaves","tok-eb2564d2f425","לתרוצי","לתרוצי","Unresolved","","No lexical entry yet","true","1","Yekar Tiferet on Mishneh Torah, Slaves 4:10:1"
"yekar-tiferet-on-mishneh-torah-slaves","Yekar Tiferet on Mishneh Torah, Slaves","tok-d4c667bcf0eb","לתרץ","לתרצ","Unresolved","","No lexical entry yet","true","2","Yekar Tiferet on Mishneh Torah, Slaves 1:6:3; Yekar Tiferet on Mishneh Torah, Slaves 5:13:1"
"yekar-tiferet-on-mishneh-torah-slaves","Yekar Tiferet on Mishneh Torah, Slaves","tok-16e943207056","מ","מ","Unresolved","","No lexical entry yet","true","1","Yekar Tiferet on Mishneh Torah, Slaves 8:10:1"
"yekar-tiferet-on-mishneh-torah-slaves","Yekar Tiferet on Mishneh Torah, Slaves","tok-f9e1434a9b04","מ״ו","מ״ו","Unresolved","","No lexical entry yet","true","1","Yekar Tiferet on Mishneh Torah, Slaves 1:8:2"
"yekar-tiferet-on-mishneh-torah-slaves","Yekar Tiferet on Mishneh Torah, Slaves","tok-5eb112de1006","מא״י","מא״י","Unresolved","","No lexical entry yet","true","4","Yekar Tiferet on Mishneh Torah, Slaves 8:10:1"
"yekar-tiferet-on-mishneh-torah-slaves","Yekar Tiferet on Mishneh Torah, Slaves","tok-9ec59d74f119","מאה","מאה","Unresolved","","No lexical entry yet","true","1","Yekar Tiferet on Mishneh Torah, Slaves 2:10:2"
"yekar-tiferet-on-mishneh-torah-slaves","Yekar Tiferet on Mishneh Torah, Slaves","tok-6f884fa944e8","מאי","מאי","Unresolved","","No lexical entry yet","true","18","Yekar Tiferet on Mishneh Torah, Slaves 2:7:5; Yekar Tiferet on Mishneh Torah, Slaves 3:4:1; Yekar Tiferet on Mishneh Torah, Slaves 3:10:1; Yekar Tiferet on Mishneh Torah, Slaves 4:4:2; Yekar Tiferet on Mishneh Torah, Slaves 4:7:5"
"yekar-tiferet-on-mishneh-torah-slaves","Yekar Tiferet on Mishneh Torah, Slaves","tok-b8be6f152d3a","מאיסורא","מאיסורא","Unresolved","","No lexical entry yet","true","2","Yekar Tiferet on Mishneh Torah, Slaves 3:5:3"
"yekar-tiferet-on-mishneh-torah-slaves","Yekar Tiferet on Mishneh Torah, Slaves","tok-bd90ec2444bf","מאירוסין","מאירוסינ","Unresolved","","No lexical entry yet","true","1","Yekar Tiferet on Mishneh Torah, Slaves 4:13:4"
"yekar-tiferet-on-mishneh-torah-slaves","Yekar Tiferet on Mishneh Torah, Slaves","tok-fd5ef413140c","מאלהיו","מאלהיו","Unresolved","","No lexical entry yet","true","1","Yekar Tiferet on Mishneh Torah, Slaves 1:6:2"
"yekar-tiferet-on-mishneh-torah-slaves","Yekar Tiferet on Mishneh Torah, Slaves","tok-69ab4dea9ad1","מאן","מאנ","Unresolved","","No lexical entry yet","true","2","Yekar Tiferet on Mishneh Torah, Slaves 1:8:2; Yekar Tiferet on Mishneh Torah, Slaves 5:4:4"
"yekar-tiferet-on-mishneh-torah-slaves","Yekar Tiferet on Mishneh Torah, Slaves","tok-8e8d54ede58b","מאריה","מאריה","Unresolved","","No lexical entry yet","true","1","Yekar Tiferet on Mishneh Torah, Slaves 8:10:1"
"yekar-tiferet-on-mishneh-torah-slaves","Yekar Tiferet on Mishneh Torah, Slaves","tok-ba138a50645c","מאשתו","מאשתו","Unresolved","","No lexical entry yet","true","1","Yekar Tiferet on Mishneh Torah, Slaves 3:5:1"
"yekar-tiferet-on-mishneh-torah-slaves","Yekar Tiferet on Mishneh Torah, Slaves","tok-5d4c003d2ae4","מאתים","מאתימ","Unresolved","","No lexical entry yet","true","1","Yekar Tiferet on Mishneh Torah, Slaves 2:10:2"
"yekar-tiferet-on-mishneh-torah-slaves","Yekar Tiferet on Mishneh Torah, Slaves","tok-c6bbf6d6a361","מבואר","מבואר","Unresolved","","No lexical entry yet","true","4","Yekar Tiferet on Mishneh Torah, Slaves 9:2:1; Yekar Tiferet on Mishneh Torah, Slaves 9:6:1; Yekar Tiferet on Mishneh Torah, Slaves 9:7:2; Yekar Tiferet on Mishneh Torah, Slaves 9:8:1"
"yekar-tiferet-on-mishneh-torah-slaves","Yekar Tiferet on Mishneh Torah, Slaves","tok-ba9d72461ff0","מבעי","מבעי","Unresolved","","No lexical entry yet","true","1","Yekar Tiferet on Mishneh Torah, Slaves 5:4:4"
"yekar-tiferet-on-mishneh-torah-slaves","Yekar Tiferet on Mishneh Torah, Slaves","tok-84925b318564","מבעיא","מבעיא","Unresolved","","No lexical entry yet","true","5","Yekar Tiferet on Mishneh Torah, Slaves 3:1:3; Yekar Tiferet on Mishneh Torah, Slaves 4:9:1; Yekar Tiferet on Mishneh Torah, Slaves 6:7:2; Yekar Tiferet on Mishneh Torah, Slaves 7:6:2"
"yekar-tiferet-on-mishneh-torah-slaves","Yekar Tiferet on Mishneh Torah, Slaves","tok-881682c30b22","מגדל","מגדל","Unresolved","","No lexical entry yet","true","1","Yekar Tiferet on Mishneh Torah, Slaves 5:14:1"
"yekar-tiferet-on-mishneh-torah-slaves","Yekar Tiferet on Mishneh Torah, Slaves","tok-0f87016b1f18","מגיד","מגיד","Unresolved","","No lexical entry yet","true","1","Yekar Tiferet on Mishneh Torah, Slaves 6:7:2"
"yekar-tiferet-on-mishneh-torah-slaves","Yekar Tiferet on Mishneh Torah, Slaves","tok-e7923289ae34","מגיטי","מגיטי","Unresolved","","No lexical entry yet","true","2","Yekar Tiferet on Mishneh Torah, Slaves 6:5:2; Yekar Tiferet on Mishneh Torah, Slaves 6:6:6"
"yekar-tiferet-on-mishneh-torah-slaves","Yekar Tiferet on Mishneh Torah, Slaves","tok-d09de5d2e2cb","מדאורייתא","מדאורייתא","Unresolved","","No lexical entry yet","true","1","Yekar Tiferet on Mishneh Torah, Slaves 6:6:1"
"yekar-tiferet-on-mishneh-torah-slaves","Yekar Tiferet on Mishneh Torah, Slaves","tok-fba289999350","מדאי","מדאי","Unresolved","","No lexical entry yet","true","1","Yekar Tiferet on Mishneh Torah, Slaves 1:8:2"
"yekar-tiferet-on-mishneh-torah-slaves","Yekar Tiferet on Mishneh Torah, Slaves","tok-7c2e2eacec70","מדד","מדד","Unresolved","","No lexical entry yet","true","1","Yekar Tiferet on Mishneh Torah, Slaves 3:3:1"
"yekar-tiferet-on-mishneh-torah-slaves","Yekar Tiferet on Mishneh Torah, Slaves","tok-353848ee31f8","מדין","מדינ","Unresolved","","No lexical entry yet","true","1","Yekar Tiferet on Mishneh Torah, Slaves 8:16:1"
"yekar-tiferet-on-mishneh-torah-slaves","Yekar Tiferet on Mishneh Torah, Slaves","tok-857b0ef53f76","מדכתיב","מדכתיב","Unresolved","","No lexical entry yet","true","5","Yekar Tiferet on Mishneh Torah, Slaves 2:9:1; Yekar Tiferet on Mishneh Torah, Slaves 2:12:4; Yekar Tiferet on Mishneh Torah, Slaves 3:13:1; Yekar Tiferet on Mishneh Torah, Slaves 4:9:2; Yekar Tiferet on Mishneh Torah, Slaves 5:10:2"
"yekar-tiferet-on-mishneh-torah-slaves","Yekar Tiferet on Mishneh Torah, Slaves","tok-d6bf6b8ee7ac","מדלענין","מדלענינ","Unresolved","","No lexical entry yet","true","1","Yekar Tiferet on Mishneh Torah, Slaves 5:4:4"
"yekar-tiferet-on-mishneh-torah-slaves","Yekar Tiferet on Mishneh Torah, Slaves","tok-e2097b42c7b5","מדמיעט","מדמיעט","Unresolved","","No lexical entry yet","true","1","Yekar Tiferet on Mishneh Torah, Slaves 3:6:1"
"yekar-tiferet-on-mishneh-torah-slaves","Yekar Tiferet on Mishneh Torah, Slaves","tok-f920c44ba688","מדעתה","מדעתה","Unresolved","","No lexical entry yet","true","2","Yekar Tiferet on Mishneh Torah, Slaves 4:7:5"
"yekar-tiferet-on-mishneh-torah-slaves","Yekar Tiferet on Mishneh Torah, Slaves","tok-22d38d770bbb","מדעתו","מדעתו","Unresolved","","No lexical entry yet","true","4","Yekar Tiferet on Mishneh Torah, Slaves 2:2:1; Yekar Tiferet on Mishneh Torah, Slaves 2:12:3; Yekar Tiferet on Mishneh Torah, Slaves 3:1:4; Yekar Tiferet on Mishneh Torah, Slaves 4:9:2"
"yekar-tiferet-on-mishneh-torah-slaves","Yekar Tiferet on Mishneh Torah, Slaves","tok-e0457587ac68","מדפריך","מדפריכ","Unresolved","","No lexical entry yet","true","1","Yekar Tiferet on Mishneh Torah, Slaves 8:13:1"
"yekar-tiferet-on-mishneh-torah-slaves","Yekar Tiferet on Mishneh Torah, Slaves","tok-4d9e3fd9da9d","מדקאמר","מדקאמר","Unresolved","","No lexical entry yet","true","1","Yekar Tiferet on Mishneh Torah, Slaves 2:5:2"
"yekar-tiferet-on-mishneh-torah-slaves","Yekar Tiferet on Mishneh Torah, Slaves","tok-2272f8ad196d","מדר׳","מדר׳","Unresolved","","No lexical entry yet","true","1","Yekar Tiferet on Mishneh Torah, Slaves 3:4:1"
"yekar-tiferet-on-mishneh-torah-slaves","Yekar Tiferet on Mishneh Torah, Slaves","tok-e3f2b565ccd3","מדרבנן","מדרבננ","Unresolved","","No lexical entry yet","true","2","Yekar Tiferet on Mishneh Torah, Slaves 4:13:4; Yekar Tiferet on Mishneh Torah, Slaves 7:2:1"
"yekar-tiferet-on-mishneh-torah-slaves","Yekar Tiferet on Mishneh Torah, Slaves","tok-c461c2bcc878","מדתלי","מדתלי","Unresolved","","No lexical entry yet","true","1","Yekar Tiferet on Mishneh Torah, Slaves 7:5:1"
"yekar-tiferet-on-mishneh-torah-slaves","Yekar Tiferet on Mishneh Torah, Slaves","tok-5ec6b277ce4a","מדתני","מדתני","Unresolved","","No lexical entry yet","true","2","Yekar Tiferet on Mishneh Torah, Slaves 2:8:1; Yekar Tiferet on Mishneh Torah, Slaves 9:3:1"
"yekar-tiferet-on-mishneh-torah-slaves","Yekar Tiferet on Mishneh Torah, Slaves","tok-b3f8e8a9683a","מהוא","מהוא","Unresolved","","No lexical entry yet","true","1","Yekar Tiferet on Mishneh Torah, Slaves 2:7:5"
"yekar-tiferet-on-mishneh-torah-slaves","Yekar Tiferet on Mishneh Torah, Slaves","tok-7088156c79fa","מהך","מהכ","Unresolved","","No lexical entry yet","true","1","Yekar Tiferet on Mishneh Torah, Slaves 6:4:1"
"yekar-tiferet-on-mishneh-torah-slaves","Yekar Tiferet on Mishneh Torah, Slaves","tok-f9f3a0a9a412","מהכא","מהכא","Unresolved","","No lexical entry yet","true","1","Yekar Tiferet on Mishneh Torah, Slaves 2:8:2"
"yekar-tiferet-on-mishneh-torah-slaves","Yekar Tiferet on Mishneh Torah, Slaves","tok-84dff7a00c8d","מהל׳","מהל׳","Unresolved","","No lexical entry yet","true","3","Yekar Tiferet on Mishneh Torah, Slaves 5:17:1; Yekar Tiferet on Mishneh Torah, Slaves 6:7:2; Yekar Tiferet on Mishneh Torah, Slaves 9:3:1"
"yekar-tiferet-on-mishneh-torah-slaves","Yekar Tiferet on Mishneh Torah, Slaves","tok-324e0de88d08","מהלכות","מהלכות","Unresolved","","No lexical entry yet","true","4","Yekar Tiferet on Mishneh Torah, Slaves 1:2:1; Yekar Tiferet on Mishneh Torah, Slaves 5:14:1; Yekar Tiferet on Mishneh Torah, Slaves 7:6:1; Yekar Tiferet on Mishneh Torah, Slaves 9:2:1"
"yekar-tiferet-on-mishneh-torah-slaves","Yekar Tiferet on Mishneh Torah, Slaves","tok-e36f6d635a16","מהמדקדקים","מהמדקדקימ","Unresolved","","No lexical entry yet","true","1","Yekar Tiferet on Mishneh Torah, Slaves 9:1:1"
"yekar-tiferet-on-mishneh-torah-slaves","Yekar Tiferet on Mishneh Torah, Slaves","tok-8538106d573e","מהני","מהני","Unresolved","","No lexical entry yet","true","4","Yekar Tiferet on Mishneh Torah, Slaves 1:2:1; Yekar Tiferet on Mishneh Torah, Slaves 5:3:3; Yekar Tiferet on Mishneh Torah, Slaves 5:17:1"
"yekar-tiferet-on-mishneh-torah-slaves","Yekar Tiferet on Mishneh Torah, Slaves","tok-6e727bfc40c1","מהעובר","מהעובר","Unresolved","","No lexical entry yet","true","1","Yekar Tiferet on Mishneh Torah, Slaves 7:5:1"
"yekar-tiferet-on-mishneh-torah-slaves","Yekar Tiferet on Mishneh Torah, Slaves","tok-44e3e9e27836","מהענקה","מהענקה","Unresolved","","No lexical entry yet","true","1","Yekar Tiferet on Mishneh Torah, Slaves 4:4:2"
"yekar-tiferet-on-mishneh-torah-slaves","Yekar Tiferet on Mishneh Torah, Slaves","tok-87ccd10b1776","מהקור","מהקור","Unresolved","","No lexical entry yet","true","1","Yekar Tiferet on Mishneh Torah, Slaves 1:9:1"
"yekar-tiferet-on-mishneh-torah-slaves","Yekar Tiferet on Mishneh Torah, Slaves","tok-7b925e7abc5d","מהשנים","מהשנימ","Unresolved","","No lexical entry yet","true","1","Yekar Tiferet on Mishneh Torah, Slaves 2:8:2"
"yekar-tiferet-on-mishneh-torah-slaves","Yekar Tiferet on Mishneh Torah, Slaves","tok-cfbdfdca12d2","מוחזק","מוחזק","Unresolved","","No lexical entry yet","true","1","Yekar Tiferet on Mishneh Torah, Slaves 7:2:1"
"yekar-tiferet-on-mishneh-torah-slaves","Yekar Tiferet on Mishneh Torah, Slaves","tok-2eac7d74d476","מוחזקת","מוחזקת","Unresolved","","No lexical entry yet","true","1","Yekar Tiferet on Mishneh Torah, Slaves 7:2:1"
"yekar-tiferet-on-mishneh-torah-slaves","Yekar Tiferet on Mishneh Torah, Slaves","tok-3e6d8dcb6f6d","מוטב","מוטב","Unresolved","","No lexical entry yet","true","1","Yekar Tiferet on Mishneh Torah, Slaves 1:6:2"
"yekar-tiferet-on-mishneh-torah-slaves","Yekar Tiferet on Mishneh Torah, Slaves","tok-5ced61a8c285","מוטל","מוטל","Unresolved","","No lexical entry yet","true","2","Yekar Tiferet on Mishneh Torah, Slaves 3:2:1; Yekar Tiferet on Mishneh Torah, Slaves 3:2:2"
"yekar-tiferet-on-mishneh-torah-slaves","Yekar Tiferet on Mishneh Torah, Slaves","tok-28216e0f3d92","מוטלת","מוטלת","Unresolved","","No lexical entry yet","true","2","Yekar Tiferet on Mishneh Torah, Slaves 3:2:1"
"yekar-tiferet-on-mishneh-torah-slaves","Yekar Tiferet on Mishneh Torah, Slaves","tok-51504df20d93","מוכרה","מוכרה","Unresolved","","No lexical entry yet","true","10","Yekar Tiferet on Mishneh Torah, Slaves 4:11:1; Yekar Tiferet on Mishneh Torah, Slaves 4:13:2; Yekar Tiferet on Mishneh Torah, Slaves 4:13:3"
"yekar-tiferet-on-mishneh-torah-slaves","Yekar Tiferet on Mishneh Torah, Slaves","tok-9350995231a5","מוכרו","מוכרו","Unresolved","","No lexical entry yet","true","1","Yekar Tiferet on Mishneh Torah, Slaves 4:10:2"
"yekar-tiferet-on-mishneh-torah-slaves","Yekar Tiferet on Mishneh Torah, Slaves","tok-d8f8ca696846","מוכרין","מוכרינ","Unresolved","","No lexical entry yet","true","1","Yekar Tiferet on Mishneh Torah, Slaves 2:12:2"
"yekar-tiferet-on-mishneh-torah-slaves","Yekar Tiferet on Mishneh Torah, Slaves","tok-8fe835d2f8ef","מומחין","מומחינ","Unresolved","","No lexical entry yet","true","1","Yekar Tiferet on Mishneh Torah, Slaves 5:17:1"
"yekar-tiferet-on-mishneh-torah-slaves","Yekar Tiferet on Mishneh Torah, Slaves","tok-bb13d3391d8d","מומין","מומינ","Unresolved","","No lexical entry yet","true","1","Yekar Tiferet on Mishneh Torah, Slaves 5:4:3"
"yekar-tiferet-on-mishneh-torah-slaves","Yekar Tiferet on Mishneh Torah, Slaves","tok-b167b6c54023","מוסיפין","מוסיפינ","Unresolved","","No lexical entry yet","true","1","Yekar Tiferet on Mishneh Torah, Slaves 6:4:1"
"yekar-tiferet-on-mishneh-torah-slaves","Yekar Tiferet on Mishneh Torah, Slaves","tok-b9ad6678ecc6","מועט","מועט","Unresolved","","No lexical entry yet","true","1","Yekar Tiferet on Mishneh Torah, Slaves 2:4:1"
"yekar-tiferet-on-mishneh-torah-slaves","Yekar Tiferet on Mishneh Torah, Slaves","tok-cdb809c10088","מועטות","מועטות","Unresolved","","No lexical entry yet","true","2","Yekar Tiferet on Mishneh Torah, Slaves 2:8:2"
"yekar-tiferet-on-mishneh-torah-slaves","Yekar Tiferet on Mishneh Torah, Slaves","tok-d6b87d982465","מועטים","מועטימ","Unresolved","","No lexical entry yet","true","1","Yekar Tiferet on Mishneh Torah, Slaves 4:6:1"
"yekar-tiferet-on-mishneh-torah-slaves","Yekar Tiferet on Mishneh Torah, Slaves","tok-806e25592212","מופלגים","מופלגימ","Unresolved","","No lexical entry yet","true","1","Yekar Tiferet on Mishneh Torah, Slaves 1:6:2"
"yekar-tiferet-on-mishneh-torah-slaves","Yekar Tiferet on Mishneh Torah, Slaves","tok-611b2df3b4b4","מופקדים","מופקדימ","Unresolved","","No lexical entry yet","true","1","Yekar Tiferet on Mishneh Torah, Slaves 5:2:1"
"yekar-tiferet-on-mishneh-torah-slaves","Yekar Tiferet on Mishneh Torah, Slaves","tok-a2e238817579","מוציאו","מוציאו","Unresolved","","No lexical entry yet","true","1","Yekar Tiferet on Mishneh Torah, Slaves 2:8:2"
"yekar-tiferet-on-mishneh-torah-slaves","Yekar Tiferet on Mishneh Torah, Slaves","tok-488aea2fc262","מוציאין","מוציאינ","Unresolved","","No lexical entry yet","true","3","Yekar Tiferet on Mishneh Torah, Slaves 5:14:1; Yekar Tiferet on Mishneh Torah, Slaves 8:10:1"
"yekar-tiferet-on-mishneh-torah-slaves","Yekar Tiferet on Mishneh Torah, Slaves","tok-c2ab1bdf4796","מוקי","מוקי","Unresolved","","No lexical entry yet","true","2","Yekar Tiferet on Mishneh Torah, Slaves 1:3:1; Yekar Tiferet on Mishneh Torah, Slaves 8:15:1"
"yekar-tiferet-on-mishneh-torah-slaves","Yekar Tiferet on Mishneh Torah, Slaves","tok-d7f362a0f03f","מוקמינן","מוקמיננ","Unresolved","","No lexical entry yet","true","5","Yekar Tiferet on Mishneh Torah, Slaves 5:12:1; Yekar Tiferet on Mishneh Torah, Slaves 5:14:1; Yekar Tiferet on Mishneh Torah, Slaves 7:2:1; Yekar Tiferet on Mishneh Torah, Slaves 7:5:1"
"yekar-tiferet-on-mishneh-torah-slaves","Yekar Tiferet on Mishneh Torah, Slaves","tok-3552fce47f2b","מוריש","מוריש","Unresolved","","No lexical entry yet","true","2","Yekar Tiferet on Mishneh Torah, Slaves 3:15:3; Yekar Tiferet on Mishneh Torah, Slaves 8:13:1"
"yekar-tiferet-on-mishneh-torah-slaves","Yekar Tiferet on Mishneh Torah, Slaves","tok-6bf3ea2873f5","מזבין","מזבינ","Unresolved","","No lexical entry yet","true","2","Yekar Tiferet on Mishneh Torah, Slaves 4:10:1; Yekar Tiferet on Mishneh Torah, Slaves 4:14:1"
"yekar-tiferet-on-mishneh-torah-slaves","Yekar Tiferet on Mishneh Torah, Slaves","tok-d5ca1a840d8e","מזוזה","מזוזה","Unresolved","","No lexical entry yet","true","1","Yekar Tiferet on Mishneh Torah, Slaves 3:9:2"
"yekar-tiferet-on-mishneh-torah-slaves","Yekar Tiferet on Mishneh Torah, Slaves","tok-6090c7c35444","מזוייף","מזוייפ","Unresolved","","No lexical entry yet","true","1","Yekar Tiferet on Mishneh Torah, Slaves 6:5:2"
"yekar-tiferet-on-mishneh-torah-slaves","Yekar Tiferet on Mishneh Torah, Slaves","tok-897b4805df10","מזונות","מזונות","Unresolved","","No lexical entry yet","true","2","Yekar Tiferet on Mishneh Torah, Slaves 3:1:3; Yekar Tiferet on Mishneh Torah, Slaves 3:2:1"
"yekar-tiferet-on-mishneh-torah-slaves","Yekar Tiferet on Mishneh Torah, Slaves","tok-1fc50a3a4052","מחו״ל","מחו״ל","Unresolved","","No lexical entry yet","true","3","Yekar Tiferet on Mishneh Torah, Slaves 8:9:2; Yekar Tiferet on Mishneh Torah, Slaves 8:10:1"
"yekar-tiferet-on-mishneh-torah-slaves","Yekar Tiferet on Mishneh Torah, Slaves","tok-84c683d1f5cb","מחול","מחול","Unresolved","","No lexical entry yet","true","3","Yekar Tiferet on Mishneh Torah, Slaves 2:11:1; Yekar Tiferet on Mishneh Torah, Slaves 4:4:3"
"yekar-tiferet-on-mishneh-torah-slaves","Yekar Tiferet on Mishneh Torah, Slaves","tok-d0c6a3de5f01","מחייבי","מחייבי","Unresolved","","No lexical entry yet","true","1","Yekar Tiferet on Mishneh Torah, Slaves 4:12:1"
"yekar-tiferet-on-mishneh-torah-slaves","Yekar Tiferet on Mishneh Torah, Slaves","tok-0f4541bb7ea8","מחל","מחל","Unresolved","","No lexical entry yet","true","1","Yekar Tiferet on Mishneh Torah, Slaves 2:11:1"
"yekar-tiferet-on-mishneh-torah-slaves","Yekar Tiferet on Mishneh Torah, Slaves","tok-4c39b8ebbcc1","מחלקו","מחלקו","Unresolved","","No lexical entry yet","true","1","Yekar Tiferet on Mishneh Torah, Slaves 7:4:2"
"yekar-tiferet-on-mishneh-torah-slaves","Yekar Tiferet on Mishneh Torah, Slaves","tok-4fd491cd7148","מחשבין","מחשבינ","Unresolved","","No lexical entry yet","true","5","Yekar Tiferet on Mishneh Torah, Slaves 2:8:1; Yekar Tiferet on Mishneh Torah, Slaves 2:8:2"
"yekar-tiferet-on-mishneh-torah-slaves","Yekar Tiferet on Mishneh Torah, Slaves","tok-62a1477359bb","מחתים","מחתימ","Unresolved","","No lexical entry yet","true","3","Yekar Tiferet on Mishneh Torah, Slaves 6:6:1; Yekar Tiferet on Mishneh Torah, Slaves 6:6:3"
"yekar-tiferet-on-mishneh-torah-slaves","Yekar Tiferet on Mishneh Torah, Slaves","tok-370f7a19536d","מט׳","מט׳","Unresolved","","No lexical entry yet","true","1","Yekar Tiferet on Mishneh Torah, Slaves 9:6:1"
"yekar-tiferet-on-mishneh-torah-slaves","Yekar Tiferet on Mishneh Torah, Slaves","tok-538fa11caef9","מטי","מטי","Unresolved","","No lexical entry yet","true","1","Yekar Tiferet on Mishneh Torah, Slaves 6:7:3"
"yekar-tiferet-on-mishneh-torah-slaves","Yekar Tiferet on Mishneh Torah, Slaves","tok-041e612ce143","מטלטלין","מטלטלינ","Unresolved","","No lexical entry yet","true","1","Yekar Tiferet on Mishneh Torah, Slaves 7:1:2"
"yekar-tiferet-on-mishneh-torah-slaves","Yekar Tiferet on Mishneh Torah, Slaves","tok-fcda419ddcc0","מטמאים","מטמאימ","Unresolved","","No lexical entry yet","true","1","Yekar Tiferet on Mishneh Torah, Slaves 5:4:4"
"yekar-tiferet-on-mishneh-torah-slaves","Yekar Tiferet on Mishneh Torah, Slaves","tok-72f147961834","מיבעיא","מיבעיא","Unresolved","","No lexical entry yet","true","1","Yekar Tiferet on Mishneh Torah, Slaves 1:8:2"
"yekar-tiferet-on-mishneh-torah-slaves","Yekar Tiferet on Mishneh Torah, Slaves","tok-5c5755607a2b","מידו","מידו","Unresolved","","No lexical entry yet","true","1","Yekar Tiferet on Mishneh Torah, Slaves 5:14:1"
"yekar-tiferet-on-mishneh-torah-slaves","Yekar Tiferet on Mishneh Torah, Slaves","tok-8bf5ed1ba9cb","מיוחסים","מיוחסימ","Unresolved","","No lexical entry yet","true","1","Yekar Tiferet on Mishneh Torah, Slaves 9:8:2"
"yekar-tiferet-on-mishneh-torah-slaves","Yekar Tiferet on Mishneh Torah, Slaves","tok-6ae5bf4556db","מיחה","מיחה","Unresolved","","No lexical entry yet","true","2","Yekar Tiferet on Mishneh Torah, Slaves 8:17:3"
"yekar-tiferet-on-mishneh-torah-slaves","Yekar Tiferet on Mishneh Torah, Slaves","tok-95d541f90ebf","מייעד","מייעד","Unresolved","","No lexical entry yet","true","5","Yekar Tiferet on Mishneh Torah, Slaves 4:10:1; Yekar Tiferet on Mishneh Torah, Slaves 4:13:4; Yekar Tiferet on Mishneh Torah, Slaves 4:15:1; Yekar Tiferet on Mishneh Torah, Slaves 4:16:1"
"yekar-tiferet-on-mishneh-torah-slaves","Yekar Tiferet on Mishneh Torah, Slaves","tok-baad10bc9ea4","מיירי","מיירי","Unresolved","","No lexical entry yet","true","3","Yekar Tiferet on Mishneh Torah, Slaves 2:8:2; Yekar Tiferet on Mishneh Torah, Slaves 4:13:2; Yekar Tiferet on Mishneh Torah, Slaves 9:3:1"
"yekar-tiferet-on-mishneh-torah-slaves","Yekar Tiferet on Mishneh Torah, Slaves","tok-92958a80f0d6","מילין","מילינ","Unresolved","","No lexical entry yet","true","1","Yekar Tiferet on Mishneh Torah, Slaves 6:3:1"
"yekar-tiferet-on-mishneh-torah-slaves","Yekar Tiferet on Mishneh Torah, Slaves","tok-b698988e0e4f","מילת","מילת","Unresolved","","No lexical entry yet","true","1","Yekar Tiferet on Mishneh Torah, Slaves 1:9:1"
"yekar-tiferet-on-mishneh-torah-slaves","Yekar Tiferet on Mishneh Torah, Slaves","tok-addc88f3726d","מילתא","מילתא","Unresolved","","No lexical entry yet","true","8","Yekar Tiferet on Mishneh Torah, Slaves 2:5:2; Yekar Tiferet on Mishneh Torah, Slaves 2:12:2; Yekar Tiferet on Mishneh Torah, Slaves 3:4:1; Yekar Tiferet on Mishneh Torah, Slaves 5:1:1; Yekar Tiferet on Mishneh Torah, Slaves 6:6:5"
"yekar-tiferet-on-mishneh-torah-slaves","Yekar Tiferet on Mishneh Torah, Slaves","tok-2f1918ce0bc1","מימרא","מימרא","Unresolved","","No lexical entry yet","true","6","Yekar Tiferet on Mishneh Torah, Slaves 1:8:2; Yekar Tiferet on Mishneh Torah, Slaves 5:6:1; Yekar Tiferet on Mishneh Torah, Slaves 6:4:1; Yekar Tiferet on Mishneh Torah, Slaves 7:4:2; Yekar Tiferet on Mishneh Torah, Slaves 8:14:1"
"yekar-tiferet-on-mishneh-torah-slaves","Yekar Tiferet on Mishneh Torah, Slaves","tok-0368572622b0","מינה","מינה","Unresolved","","No lexical entry yet","true","9","Yekar Tiferet on Mishneh Torah, Slaves 2:12:2; Yekar Tiferet on Mishneh Torah, Slaves 4:4:2; Yekar Tiferet on Mishneh Torah, Slaves 4:7:1; Yekar Tiferet on Mishneh Torah, Slaves 4:7:5; Yekar Tiferet on Mishneh Torah, Slaves 4:13:2"
"yekar-tiferet-on-mishneh-torah-slaves","Yekar Tiferet on Mishneh Torah, Slaves","tok-a1944899e243","מיניה","מיניה","Unresolved","","No lexical entry yet","true","2","Yekar Tiferet on Mishneh Torah, Slaves 8:5:1; Yekar Tiferet on Mishneh Torah, Slaves 9:5:1"
"yekar-tiferet-on-mishneh-torah-slaves","Yekar Tiferet on Mishneh Torah, Slaves","tok-17baadee9e5e","מינך","מינכ","Unresolved","","No lexical entry yet","true","1","Yekar Tiferet on Mishneh Torah, Slaves 8:10:1"
"yekar-tiferet-on-mishneh-torah-slaves","Yekar Tiferet on Mishneh Torah, Slaves","tok-849906c04b6f","מיעד","מיעד","Unresolved","","No lexical entry yet","true","5","Yekar Tiferet on Mishneh Torah, Slaves 4:7:4; Yekar Tiferet on Mishneh Torah, Slaves 4:7:5; Yekar Tiferet on Mishneh Torah, Slaves 4:8:1"
"yekar-tiferet-on-mishneh-torah-slaves","Yekar Tiferet on Mishneh Torah, Slaves","tok-190dabf37545","מיעדה","מיעדה","Unresolved","","No lexical entry yet","true","2","Yekar Tiferet on Mishneh Torah, Slaves 4:7:5"
"yekar-tiferet-on-mishneh-torah-slaves","Yekar Tiferet on Mishneh Torah, Slaves","tok-1a42a0b83b9e","מיעוטא","מיעוטא","Unresolved","","No lexical entry yet","true","1","Yekar Tiferet on Mishneh Torah, Slaves 5:10:2"
"yekar-tiferet-on-mishneh-torah-slaves","Yekar Tiferet on Mishneh Torah, Slaves","tok-cfb2663832e9","מירושלים","מירושלימ","Unresolved","","No lexical entry yet","true","1","Yekar Tiferet on Mishneh Torah, Slaves 8:10:1"
"yekar-tiferet-on-mishneh-torah-slaves","Yekar Tiferet on Mishneh Torah, Slaves","tok-fd12f1e95bbb","מיתתו","מיתתו","Unresolved","","No lexical entry yet","true","1","Yekar Tiferet on Mishneh Torah, Slaves 6:4:1"
"yekar-tiferet-on-mishneh-torah-slaves","Yekar Tiferet on Mishneh Torah, Slaves","tok-493f831e1266","מכוין","מכוינ","Unresolved","","No lexical entry yet","true","1","Yekar Tiferet on Mishneh Torah, Slaves 1:6:2"
"yekar-tiferet-on-mishneh-torah-slaves","Yekar Tiferet on Mishneh Torah, Slaves","tok-9330948df4a1","מכור","מכור","Unresolved","","No lexical entry yet","true","4","Yekar Tiferet on Mishneh Torah, Slaves 1:1:5; Yekar Tiferet on Mishneh Torah, Slaves 1:3:1; Yekar Tiferet on Mishneh Torah, Slaves 1:3:3; Yekar Tiferet on Mishneh Torah, Slaves 3:12:1"
"yekar-tiferet-on-mishneh-torah-slaves","Yekar Tiferet on Mishneh Torah, Slaves","tok-0c0df555674b","מכורה","מכורה","Unresolved","","No lexical entry yet","true","3","Yekar Tiferet on Mishneh Torah, Slaves 4:1:1; Yekar Tiferet on Mishneh Torah, Slaves 4:3:2"
"yekar-tiferet-on-mishneh-torah-slaves","Yekar Tiferet on Mishneh Torah, Slaves","tok-c0da800969f7","מכחיש","מכחיש","Unresolved","","No lexical entry yet","true","1","Yekar Tiferet on Mishneh Torah, Slaves 6:3:1"
"yekar-tiferet-on-mishneh-torah-slaves","Yekar Tiferet on Mishneh Torah, Slaves","tok-3b92a38227f9","מכירה","מכירה","Unresolved","","No lexical entry yet","true","3","Yekar Tiferet on Mishneh Torah, Slaves 3:7:2; Yekar Tiferet on Mishneh Torah, Slaves 4:7:3; Yekar Tiferet on Mishneh Torah, Slaves 4:15:1"
"yekar-tiferet-on-mishneh-torah-slaves","Yekar Tiferet on Mishneh Torah, Slaves","tok-ed32d39f94ed","מכירת","מכירת","Unresolved","","No lexical entry yet","true","2","Yekar Tiferet on Mishneh Torah, Slaves 4:3:2; Yekar Tiferet on Mishneh Torah, Slaves 4:10:1"
"yekar-tiferet-on-mishneh-torah-slaves","Yekar Tiferet on Mishneh Torah, Slaves","tok-4e2d63db608b","מכירתו","מכירתו","Unresolved","","No lexical entry yet","true","1","Yekar Tiferet on Mishneh Torah, Slaves 2:8:2"
"yekar-tiferet-on-mishneh-torah-slaves","Yekar Tiferet on Mishneh Torah, Slaves","tok-eee1cc3b2168","מכלב","מכלב","Unresolved","","No lexical entry yet","true","1","Yekar Tiferet on Mishneh Torah, Slaves 9:6:1"
"yekar-tiferet-on-mishneh-torah-slaves","Yekar Tiferet on Mishneh Torah, Slaves","tok-bfd7f5a279d9","מכר","מכר","Unresolved","","No lexical entry yet","true","14","Yekar Tiferet on Mishneh Torah, Slaves 1:1:5; Yekar Tiferet on Mishneh Torah, Slaves 1:3:1; Yekar Tiferet on Mishneh Torah, Slaves 2:1:1; Yekar Tiferet on Mishneh Torah, Slaves 2:8:1; Yekar Tiferet on Mishneh Torah, Slaves 2:8:2"
"yekar-tiferet-on-mishneh-torah-slaves","Yekar Tiferet on Mishneh Torah, Slaves","tok-b9c2b878ca1d","מכרה","מכרה","Unresolved","","No lexical entry yet","true","4","Yekar Tiferet on Mishneh Torah, Slaves 4:10:1; Yekar Tiferet on Mishneh Torah, Slaves 4:13:2"
"yekar-tiferet-on-mishneh-torah-slaves","Yekar Tiferet on Mishneh Torah, Slaves","tok-5a40bb878447","מכרו","מכרו","Unresolved","","No lexical entry yet","true","3","Yekar Tiferet on Mishneh Torah, Slaves 1:3:1; Yekar Tiferet on Mishneh Torah, Slaves 8:5:1; Yekar Tiferet on Mishneh Torah, Slaves 8:15:3"
"yekar-tiferet-on-mishneh-torah-slaves","Yekar Tiferet on Mishneh Torah, Slaves","tok-a6420dbb3019","מכרוהו","מכרוהו","Unresolved","","No lexical entry yet","true","10","Yekar Tiferet on Mishneh Torah, Slaves 1:1:4; Yekar Tiferet on Mishneh Torah, Slaves 1:2:2; Yekar Tiferet on Mishneh Torah, Slaves 1:3:1; Yekar Tiferet on Mishneh Torah, Slaves 2:1:1; Yekar Tiferet on Mishneh Torah, Slaves 2:2:1"
"yekar-tiferet-on-mishneh-torah-slaves","Yekar Tiferet on Mishneh Torah, Slaves","tok-992785bbcf4b","מלהרבות","מלהרבות","Unresolved","","No lexical entry yet","true","1","Yekar Tiferet on Mishneh Torah, Slaves 8:10:1"
"yekar-tiferet-on-mishneh-torah-slaves","Yekar Tiferet on Mishneh Torah, Slaves","tok-d67ab99dc8a5","מלוג","מלוג","Unresolved","","No lexical entry yet","true","1","Yekar Tiferet on Mishneh Torah, Slaves 5:16:2"
"yekar-tiferet-on-mishneh-torah-slaves","Yekar Tiferet on Mishneh Torah, Slaves","tok-64d35877ea17","מלוה","מלוה","Unresolved","","No lexical entry yet","true","2","Yekar Tiferet on Mishneh Torah, Slaves 1:8:2"
"yekar-tiferet-on-mishneh-torah-slaves","Yekar Tiferet on Mishneh Torah, Slaves","tok-f5235cfab668","מלמד","מלמד","Unresolved","","No lexical entry yet","true","2","Yekar Tiferet on Mishneh Torah, Slaves 4:4:1; Yekar Tiferet on Mishneh Torah, Slaves 4:12:1"
"yekar-tiferet-on-mishneh-torah-slaves","Yekar Tiferet on Mishneh Torah, Slaves","tok-0214f53e0e1f","מלמדה","מלמדה","Unresolved","","No lexical entry yet","true","1","Yekar Tiferet on Mishneh Torah, Slaves 8:18:1"
"yekar-tiferet-on-mishneh-torah-slaves","Yekar Tiferet on Mishneh Torah, Slaves","tok-cbadf1a11015","מלתא","מלתא","Unresolved","","No lexical entry yet","true","2","Yekar Tiferet on Mishneh Torah, Slaves 5:1:1; Yekar Tiferet on Mishneh Torah, Slaves 6:6:5"
"yekar-tiferet-on-mishneh-torah-slaves","Yekar Tiferet on Mishneh Torah, Slaves","tok-88f18b8cae34","ממה","ממה","Unresolved","","No lexical entry yet","true","5","Yekar Tiferet on Mishneh Torah, Slaves 1:3:1; Yekar Tiferet on Mishneh Torah, Slaves 2:8:2; Yekar Tiferet on Mishneh Torah, Slaves 3:2:1; Yekar Tiferet on Mishneh Torah, Slaves 4:4:2; Yekar Tiferet on Mishneh Torah, Slaves 5:14:1"
"yekar-tiferet-on-mishneh-torah-slaves","Yekar Tiferet on Mishneh Torah, Slaves","tok-a8d47b160b46","ממוכר","ממוכר","Unresolved","","No lexical entry yet","true","2","Yekar Tiferet on Mishneh Torah, Slaves 2:8:2; Yekar Tiferet on Mishneh Torah, Slaves 3:1:3"
"yekar-tiferet-on-mishneh-torah-slaves","Yekar Tiferet on Mishneh Torah, Slaves","tok-d5168d52a3f9","ממון","ממונ","Unresolved","","No lexical entry yet","true","1","Yekar Tiferet on Mishneh Torah, Slaves 8:13:1"
"yekar-tiferet-on-mishneh-torah-slaves","Yekar Tiferet on Mishneh Torah, Slaves","tok-47ffc31343db","ממונא","ממונא","Unresolved","","No lexical entry yet","true","2","Yekar Tiferet on Mishneh Torah, Slaves 8:11:1; Yekar Tiferet on Mishneh Torah, Slaves 8:14:1"
"yekar-tiferet-on-mishneh-torah-slaves","Yekar Tiferet on Mishneh Torah, Slaves","tok-d22f829786fe","ממילת","ממילת","Unresolved","","No lexical entry yet","true","1","Yekar Tiferet on Mishneh Torah, Slaves 8:10:1"
"yekar-tiferet-on-mishneh-torah-slaves","Yekar Tiferet on Mishneh Torah, Slaves","tok-beb018d20b2e","ממכרו","ממכרו","Unresolved","","No lexical entry yet","true","1","Yekar Tiferet on Mishneh Torah, Slaves 2:8:2"
"yekar-tiferet-on-mishneh-torah-slaves","Yekar Tiferet on Mishneh Torah, Slaves","tok-37022a43bd63","ממכרוהו","ממכרוהו","Unresolved","","No lexical entry yet","true","1","Yekar Tiferet on Mishneh Torah, Slaves 3:1:3"
"yekar-tiferet-on-mishneh-torah-slaves","Yekar Tiferet on Mishneh Torah, Slaves","tok-0f7db37ac571","ממלת","ממלת","Unresolved","","No lexical entry yet","true","1","Yekar Tiferet on Mishneh Torah, Slaves 3:14:4"
"yekar-tiferet-on-mishneh-torah-slaves","Yekar Tiferet on Mishneh Torah, Slaves","tok-75216e07fc49","ממנין","ממנינ","Unresolved","","No lexical entry yet","true","1","Yekar Tiferet on Mishneh Torah, Slaves 3:9:4"
"yekar-tiferet-on-mishneh-torah-slaves","Yekar Tiferet on Mishneh Torah, Slaves","tok-806377190850","ממעשה","ממעשה","Unresolved","","No lexical entry yet","true","1","Yekar Tiferet on Mishneh Torah, Slaves 3:2:1"
"yekar-tiferet-on-mishneh-torah-slaves","Yekar Tiferet on Mishneh Torah, Slaves","tok-3f356cb04fe2","ממקצת","ממקצת","Unresolved","","No lexical entry yet","true","1","Yekar Tiferet on Mishneh Torah, Slaves 1:1:5"
"yekar-tiferet-on-mishneh-torah-slaves","Yekar Tiferet on Mishneh Torah, Slaves","tok-39f3afe65107","ממשפחתו","ממשפחתו","Unresolved","","No lexical entry yet","true","1","Yekar Tiferet on Mishneh Torah, Slaves 2:7:2"
"yekar-tiferet-on-mishneh-torah-slaves","Yekar Tiferet on Mishneh Torah, Slaves","tok-ba6550d67922","מנ״ל","מנ״ל","Unresolved","","No lexical entry yet","true","1","Yekar Tiferet on Mishneh Torah, Slaves 4:9:2"
"yekar-tiferet-on-mishneh-torah-slaves","Yekar Tiferet on Mishneh Torah, Slaves","tok-afa2c1da4bc1","מנא","מנא","Unresolved","","No lexical entry yet","true","3","Yekar Tiferet on Mishneh Torah, Slaves 2:12:2; Yekar Tiferet on Mishneh Torah, Slaves 5:4:3; Yekar Tiferet on Mishneh Torah, Slaves 8:6:1"
"yekar-tiferet-on-mishneh-torah-slaves","Yekar Tiferet on Mishneh Torah, Slaves","tok-d5752aae8ebf","מנה","מנה","Unresolved","","No lexical entry yet","true","2","Yekar Tiferet on Mishneh Torah, Slaves 5:1:1; Yekar Tiferet on Mishneh Torah, Slaves 5:4:4"
"yekar-tiferet-on-mishneh-torah-slaves","Yekar Tiferet on Mishneh Torah, Slaves","tok-250281ef14bc","מנהג","מנהג","Unresolved","","No lexical entry yet","true","3","Yekar Tiferet on Mishneh Torah, Slaves 8:11:1; Yekar Tiferet on Mishneh Torah, Slaves 9:6:3"
"yekar-tiferet-on-mishneh-torah-slaves","Yekar Tiferet on Mishneh Torah, Slaves","tok-638db870449e","מנוה","מנוה","Unresolved","","No lexical entry yet","true","1","Yekar Tiferet on Mishneh Torah, Slaves 8:9:2"
"yekar-tiferet-on-mishneh-torah-slaves","Yekar Tiferet on Mishneh Torah, Slaves","tok-10c5eb043443","מנין","מנינ","Unresolved","","No lexical entry yet","true","5","Yekar Tiferet on Mishneh Torah, Slaves 3:14:2; Yekar Tiferet on Mishneh Torah, Slaves 5:6:2; Yekar Tiferet on Mishneh Torah, Slaves 7:6:2; Yekar Tiferet on Mishneh Torah, Slaves 9:3:1"
"yekar-tiferet-on-mishneh-torah-slaves","Yekar Tiferet on Mishneh Torah, Slaves","tok-f5b610195040","מנמכר","מנמכר","Unresolved","","No lexical entry yet","true","1","Yekar Tiferet on Mishneh Torah, Slaves 3:12:1"
"yekar-tiferet-on-mishneh-torah-slaves","Yekar Tiferet on Mishneh Torah, Slaves","tok-42a09eb32bb8","מסירה","מסירה","Unresolved","","No lexical entry yet","true","1","Yekar Tiferet on Mishneh Torah, Slaves 6:5:2"
"yekar-tiferet-on-mishneh-torah-slaves","Yekar Tiferet on Mishneh Torah, Slaves","tok-a9987d57bd03","מספקא","מספקא","Unresolved","","No lexical entry yet","true","1","Yekar Tiferet on Mishneh Torah, Slaves 4:7:5"
"yekar-tiferet-on-mishneh-torah-slaves","Yekar Tiferet on Mishneh Torah, Slaves","tok-ae174414b630","מסתבר","מסתבר","Unresolved","","No lexical entry yet","true","2","Yekar Tiferet on Mishneh Torah, Slaves 2:8:2; Yekar Tiferet on Mishneh Torah, Slaves 8:15:3"
"yekar-tiferet-on-mishneh-torah-slaves","Yekar Tiferet on Mishneh Torah, Slaves","tok-38f933e624a1","מסתברא","מסתברא","Unresolved","","No lexical entry yet","true","3","Yekar Tiferet on Mishneh Torah, Slaves 1:6:4; Yekar Tiferet on Mishneh Torah, Slaves 5:14:1; Yekar Tiferet on Mishneh Torah, Slaves 8:6:1"
"yekar-tiferet-on-mishneh-torah-slaves","Yekar Tiferet on Mishneh Torah, Slaves","tok-bbc605048a4b","מעבד","מעבד","Unresolved","","No lexical entry yet","true","4","Yekar Tiferet on Mishneh Torah, Slaves 3:1:3; Yekar Tiferet on Mishneh Torah, Slaves 3:14:4; Yekar Tiferet on Mishneh Torah, Slaves 4:6:1; Yekar Tiferet on Mishneh Torah, Slaves 4:10:1"
"yekar-tiferet-on-mishneh-torah-slaves","Yekar Tiferet on Mishneh Torah, Slaves","tok-39a14d7cc160","מעבדו","מעבדו","Unresolved","","No lexical entry yet","true","1","Yekar Tiferet on Mishneh Torah, Slaves 8:17:3"
"yekar-tiferet-on-mishneh-torah-slaves","Yekar Tiferet on Mishneh Torah, Slaves","tok-86363d96e010","מעומד","מעומד","Unresolved","","No lexical entry yet","true","2","Yekar Tiferet on Mishneh Torah, Slaves 3:9:2"
"yekar-tiferet-on-mishneh-torah-slaves","Yekar Tiferet on Mishneh Torah, Slaves","tok-c5f1d0d084f3","מעות","מעות","Unresolved","","No lexical entry yet","true","2","Yekar Tiferet on Mishneh Torah, Slaves 4:9:1; Yekar Tiferet on Mishneh Torah, Slaves 5:2:1"
"yekar-tiferet-on-mishneh-torah-slaves","Yekar Tiferet on Mishneh Torah, Slaves","tok-b5e8a54e5f8a","מעיינת","מעיינת","Unresolved","","No lexical entry yet","true","1","Yekar Tiferet on Mishneh Torah, Slaves 5:14:1"
"yekar-tiferet-on-mishneh-torah-slaves","Yekar Tiferet on Mishneh Torah, Slaves","tok-4667b93569c3","מעכשיו","מעכשיו","Unresolved","","No lexical entry yet","true","1","Yekar Tiferet on Mishneh Torah, Slaves 4:15:1"
"yekar-tiferet-on-mishneh-torah-slaves","Yekar Tiferet on Mishneh Torah, Slaves","tok-103104bef1a2","מעלי","מעלי","Unresolved","","No lexical entry yet","true","2","Yekar Tiferet on Mishneh Torah, Slaves 1:8:1"
"yekar-tiferet-on-mishneh-torah-slaves","Yekar Tiferet on Mishneh Torah, Slaves","tok-9a756ee55533","מעלין","מעלינ","Unresolved","","No lexical entry yet","true","6","Yekar Tiferet on Mishneh Torah, Slaves 8:9:1; Yekar Tiferet on Mishneh Torah, Slaves 8:9:2; Yekar Tiferet on Mishneh Torah, Slaves 8:10:1"
"yekar-tiferet-on-mishneh-torah-slaves","Yekar Tiferet on Mishneh Torah, Slaves","tok-9b8911be6b5a","מעמך","מעמכ","Unresolved","","No lexical entry yet","true","9","Yekar Tiferet on Mishneh Torah, Slaves 1:9:2; Yekar Tiferet on Mishneh Torah, Slaves 3:1:1; Yekar Tiferet on Mishneh Torah, Slaves 3:1:3; Yekar Tiferet on Mishneh Torah, Slaves 3:14:2; Yekar Tiferet on Mishneh Torah, Slaves 4:10:2"
"yekar-tiferet-on-mishneh-torah-slaves","Yekar Tiferet on Mishneh Torah, Slaves","tok-fd4f467598c1","מעניקים","מעניקימ","Unresolved","","No lexical entry yet","true","2","Yekar Tiferet on Mishneh Torah, Slaves 3:14:2"
"yekar-tiferet-on-mishneh-torah-slaves","Yekar Tiferet on Mishneh Torah, Slaves","tok-fceb449b8623","מעניקין","מעניקינ","Unresolved","","No lexical entry yet","true","4","Yekar Tiferet on Mishneh Torah, Slaves 3:12:2; Yekar Tiferet on Mishneh Torah, Slaves 3:14:2; Yekar Tiferet on Mishneh Torah, Slaves 3:14:5"
"yekar-tiferet-on-mishneh-torah-slaves","Yekar Tiferet on Mishneh Torah, Slaves","tok-71f8b66a9ac1","מערב","מערב","Unresolved","","No lexical entry yet","true","1","Yekar Tiferet on Mishneh Torah, Slaves 8:15:1"
"yekar-tiferet-on-mishneh-torah-slaves","Yekar Tiferet on Mishneh Torah, Slaves","tok-1de75a5171d2","מפדיונה","מפדיונה","Unresolved","","No lexical entry yet","true","1","Yekar Tiferet on Mishneh Torah, Slaves 4:4:1"
"yekar-tiferet-on-mishneh-torah-slaves","Yekar Tiferet on Mishneh Torah, Slaves","tok-06fc77527009","מפורש","מפורש","Unresolved","","No lexical entry yet","true","2","Yekar Tiferet on Mishneh Torah, Slaves 3:9:1; Yekar Tiferet on Mishneh Torah, Slaves 8:16:1"
"yekar-tiferet-on-mishneh-torah-slaves","Yekar Tiferet on Mishneh Torah, Slaves","tok-0cca3cc40dfb","מפיקנא","מפיקנא","Unresolved","","No lexical entry yet","true","1","Yekar Tiferet on Mishneh Torah, Slaves 8:10:1"
"yekar-tiferet-on-mishneh-torah-slaves","Yekar Tiferet on Mishneh Torah, Slaves","tok-a04400835d34","מפסיד","מפסיד","Unresolved","","No lexical entry yet","true","1","Yekar Tiferet on Mishneh Torah, Slaves 9:7:2"
"yekar-tiferet-on-mishneh-torah-slaves","Yekar Tiferet on Mishneh Torah, Slaves","tok-4e23e566ad08","מפקינן","מפקיננ","Unresolved","","No lexical entry yet","true","1","Yekar Tiferet on Mishneh Torah, Slaves 8:5:1"
"yekar-tiferet-on-mishneh-torah-slaves","Yekar Tiferet on Mishneh Torah, Slaves","tok-eacd3ca34159","מפקיע","מפקיע","Unresolved","","No lexical entry yet","true","6","Yekar Tiferet on Mishneh Torah, Slaves 1:1:5; Yekar Tiferet on Mishneh Torah, Slaves 2:5:2; Yekar Tiferet on Mishneh Torah, Slaves 2:8:1; Yekar Tiferet on Mishneh Torah, Slaves 2:8:2; Yekar Tiferet on Mishneh Torah, Slaves 8:16:1"
"yekar-tiferet-on-mishneh-torah-slaves","Yekar Tiferet on Mishneh Torah, Slaves","tok-f4f86a02be94","מפקיעין","מפקיעינ","Unresolved","","No lexical entry yet","true","1","Yekar Tiferet on Mishneh Torah, Slaves 8:16:1"
"yekar-tiferet-on-mishneh-torah-slaves","Yekar Tiferet on Mishneh Torah, Slaves","tok-94c7a6a15a01","מפרש","מפרש","Unresolved","","No lexical entry yet","true","6","Yekar Tiferet on Mishneh Torah, Slaves 4:10:1; Yekar Tiferet on Mishneh Torah, Slaves 8:19:1; Yekar Tiferet on Mishneh Torah, Slaves 9:3:1"
"yekar-tiferet-on-mishneh-torah-slaves","Yekar Tiferet on Mishneh Torah, Slaves","tok-fec2f93858eb","מצאו","מצאו","Unresolved","","No lexical entry yet","true","1","Yekar Tiferet on Mishneh Torah, Slaves 6:6:2"
"yekar-tiferet-on-mishneh-torah-slaves","Yekar Tiferet on Mishneh Torah, Slaves","tok-ed046f330d03","מצאתיה","מצאתיה","Unresolved","","No lexical entry yet","true","1","Yekar Tiferet on Mishneh Torah, Slaves 2:12:4"
"yekar-tiferet-on-mishneh-torah-slaves","Yekar Tiferet on Mishneh Torah, Slaves","tok-65a6d385dcdd","מצווין","מצווינ","Unresolved","","No lexical entry yet","true","3","Yekar Tiferet on Mishneh Torah, Slaves 1:6:4; Yekar Tiferet on Mishneh Torah, Slaves 1:7:1; Yekar Tiferet on Mishneh Torah, Slaves 9:7:1"
"yekar-tiferet-on-mishneh-torah-slaves","Yekar Tiferet on Mishneh Torah, Slaves","tok-13d5e26b0177","מצוות","מצוות","Unresolved","","No lexical entry yet","true","6","Yekar Tiferet on Mishneh Torah, Slaves 1:1:5; Yekar Tiferet on Mishneh Torah, Slaves 3:9:4; Yekar Tiferet on Mishneh Torah, Slaves 4:7:5; Yekar Tiferet on Mishneh Torah, Slaves 5:5:1; Yekar Tiferet on Mishneh Torah, Slaves 6:6:4"
"yekar-tiferet-on-mishneh-torah-slaves","Yekar Tiferet on Mishneh Torah, Slaves","tok-c44d0c2173da","מצי","מצי","Unresolved","","No lexical entry yet","true","11","Yekar Tiferet on Mishneh Torah, Slaves 4:7:5; Yekar Tiferet on Mishneh Torah, Slaves 4:10:1; Yekar Tiferet on Mishneh Torah, Slaves 4:13:4; Yekar Tiferet on Mishneh Torah, Slaves 4:14:1; Yekar Tiferet on Mishneh Torah, Slaves 8:11:1"
"yekar-tiferet-on-mishneh-torah-slaves","Yekar Tiferet on Mishneh Torah, Slaves","tok-1f0b885e339b","מציאה","מציאה","Unresolved","","No lexical entry yet","true","1","Yekar Tiferet on Mishneh Torah, Slaves 2:7:1"
"yekar-tiferet-on-mishneh-torah-slaves","Yekar Tiferet on Mishneh Torah, Slaves","tok-207d0f8570fa","מצינו","מצינו","Unresolved","","No lexical entry yet","true","2","Yekar Tiferet on Mishneh Torah, Slaves 2:8:1; Yekar Tiferet on Mishneh Torah, Slaves 4:7:5"
"yekar-tiferet-on-mishneh-torah-slaves","Yekar Tiferet on Mishneh Torah, Slaves","tok-4054a82926df","מצריך","מצריכ","Unresolved","","No lexical entry yet","true","2","Yekar Tiferet on Mishneh Torah, Slaves 3:1:3; Yekar Tiferet on Mishneh Torah, Slaves 5:9:1"
"yekar-tiferet-on-mishneh-torah-slaves","Yekar Tiferet on Mishneh Torah, Slaves","tok-db27af96cd75","מצרית","מצרית","Unresolved","","No lexical entry yet","true","1","Yekar Tiferet on Mishneh Torah, Slaves 9:3:1"
"yekar-tiferet-on-mishneh-torah-slaves","Yekar Tiferet on Mishneh Torah, Slaves","tok-3f59f17d0542","מקובץ","מקובצ","Unresolved","","No lexical entry yet","true","1","Yekar Tiferet on Mishneh Torah, Slaves 9:8:2"
"yekar-tiferet-on-mishneh-torah-slaves","Yekar Tiferet on Mishneh Torah, Slaves","tok-365975945169","מקודשת","מקודשת","Unresolved","","No lexical entry yet","true","3","Yekar Tiferet on Mishneh Torah, Slaves 4:15:1; Yekar Tiferet on Mishneh Torah, Slaves 6:8:4"
"yekar-tiferet-on-mishneh-torah-slaves","Yekar Tiferet on Mishneh Torah, Slaves","tok-21694eab689f","מקמיה","מקמיה","Unresolved","","No lexical entry yet","true","3","Yekar Tiferet on Mishneh Torah, Slaves 6:6:1; Yekar Tiferet on Mishneh Torah, Slaves 6:6:3"
"yekar-tiferet-on-mishneh-torah-slaves","Yekar Tiferet on Mishneh Torah, Slaves","tok-a14981e3ecaf","מקני","מקני","Unresolved","","No lexical entry yet","true","6","Yekar Tiferet on Mishneh Torah, Slaves 1:3:1; Yekar Tiferet on Mishneh Torah, Slaves 9:5:1"
"yekar-tiferet-on-mishneh-torah-slaves","Yekar Tiferet on Mishneh Torah, Slaves","tok-71ce4e0aa101","מקנס","מקנס","Unresolved","","No lexical entry yet","true","1","Yekar Tiferet on Mishneh Torah, Slaves 5:17:1"
"yekar-tiferet-on-mishneh-torah-slaves","Yekar Tiferet on Mishneh Torah, Slaves","tok-cf367042bcbd","מקנתו","מקנתו","Unresolved","","No lexical entry yet","true","2","Yekar Tiferet on Mishneh Torah, Slaves 2:9:1"
"yekar-tiferet-on-mishneh-torah-slaves","Yekar Tiferet on Mishneh Torah, Slaves","tok-c91f612bf001","מקרא","מקרא","Unresolved","","No lexical entry yet","true","2","Yekar Tiferet on Mishneh Torah, Slaves 3:4:1; Yekar Tiferet on Mishneh Torah, Slaves 3:5:2"
"yekar-tiferet-on-mishneh-torah-slaves","Yekar Tiferet on Mishneh Torah, Slaves","tok-311c9e19331e","מרבויא","מרבויא","Unresolved","","No lexical entry yet","true","1","Yekar Tiferet on Mishneh Torah, Slaves 2:12:2"
"yekar-tiferet-on-mishneh-torah-slaves","Yekar Tiferet on Mishneh Torah, Slaves","tok-d668f41eb962","מרבינן","מרביננ","Unresolved","","No lexical entry yet","true","2","Yekar Tiferet on Mishneh Torah, Slaves 5:10:2; Yekar Tiferet on Mishneh Torah, Slaves 8:10:1"
"yekar-tiferet-on-mishneh-torah-slaves","Yekar Tiferet on Mishneh Torah, Slaves","tok-13617cbbd51d","מרובות","מרובות","Unresolved","","No lexical entry yet","true","3","Yekar Tiferet on Mishneh Torah, Slaves 2:8:2; Yekar Tiferet on Mishneh Torah, Slaves 3:12:2"
"yekar-tiferet-on-mishneh-torah-slaves","Yekar Tiferet on Mishneh Torah, Slaves","tok-99ee3a967eb5","מרוותא","מרוותא","Unresolved","","No lexical entry yet","true","2","Yekar Tiferet on Mishneh Torah, Slaves 8:14:1"
"yekar-tiferet-on-mishneh-torah-slaves","Yekar Tiferet on Mishneh Torah, Slaves","tok-4992448a5f05","מרע","מרע","Unresolved","","No lexical entry yet","true","2","Yekar Tiferet on Mishneh Torah, Slaves 6:4:1"
"yekar-tiferet-on-mishneh-torah-slaves","Yekar Tiferet on Mishneh Torah, Slaves","tok-ce4b0cea23f8","מרצע","מרצע","Unresolved","","No lexical entry yet","true","1","Yekar Tiferet on Mishneh Torah, Slaves 3:9:2"
"yekar-tiferet-on-mishneh-torah-slaves","Yekar Tiferet on Mishneh Torah, Slaves","tok-a3c8be91962e","משגיחין","משגיחינ","Unresolved","","No lexical entry yet","true","3","Yekar Tiferet on Mishneh Torah, Slaves 2:8:1; Yekar Tiferet on Mishneh Torah, Slaves 6:7:3"
"yekar-tiferet-on-mishneh-torah-slaves","Yekar Tiferet on Mishneh Torah, Slaves","tok-dc14c2687e54","משדה","משדה","Unresolved","","No lexical entry yet","true","1","Yekar Tiferet on Mishneh Torah, Slaves 2:7:5"
"yekar-tiferet-on-mishneh-torah-slaves","Yekar Tiferet on Mishneh Torah, Slaves","tok-2c9bfa24d1dd","משוה","משוה","Unresolved","","No lexical entry yet","true","4","Yekar Tiferet on Mishneh Torah, Slaves 4:7:5; Yekar Tiferet on Mishneh Torah, Slaves 6:5:1"
"yekar-tiferet-on-mishneh-torah-slaves","Yekar Tiferet on Mishneh Torah, Slaves","tok-f2c6ca15c27a","משוחררת","משוחררת","Unresolved","","No lexical entry yet","true","1","Yekar Tiferet on Mishneh Torah, Slaves 6:8:4"
"yekar-tiferet-on-mishneh-torah-slaves","Yekar Tiferet on Mishneh Torah, Slaves","tok-10eb569edee7","משומד","משומד","Unresolved","","No lexical entry yet","true","1","Yekar Tiferet on Mishneh Torah, Slaves 8:5:1"
"yekar-tiferet-on-mishneh-torah-slaves","Yekar Tiferet on Mishneh Torah, Slaves","tok-afd21468fb3a","משטר","משטר","Unresolved","","No lexical entry yet","true","1","Yekar Tiferet on Mishneh Torah, Slaves 4:3:2"
"yekar-tiferet-on-mishneh-torah-slaves","Yekar Tiferet on Mishneh Torah, Slaves","tok-90bdfe2d580e","משיב","משיב","Unresolved","","No lexical entry yet","true","1","Yekar Tiferet on Mishneh Torah, Slaves 2:12:4"
"yekar-tiferet-on-mishneh-torah-slaves","Yekar Tiferet on Mishneh Torah, Slaves","tok-e41bc2c18a2c","משיכה","משיכה","Unresolved","","No lexical entry yet","true","4","Yekar Tiferet on Mishneh Torah, Slaves 5:1:1"
"yekar-tiferet-on-mishneh-torah-slaves","Yekar Tiferet on Mishneh Torah, Slaves","tok-80cbfe19bf75","משכחת","משכחת","Unresolved","","No lexical entry yet","true","5","Yekar Tiferet on Mishneh Torah, Slaves 2:10:1; Yekar Tiferet on Mishneh Torah, Slaves 4:11:1; Yekar Tiferet on Mishneh Torah, Slaves 4:13:3; Yekar Tiferet on Mishneh Torah, Slaves 5:15:1; Yekar Tiferet on Mishneh Torah, Slaves 6:6:3"
"yekar-tiferet-on-mishneh-torah-slaves","Yekar Tiferet on Mishneh Torah, Slaves","tok-a2cd6e7c873b","משליח","משליח","Unresolved","","No lexical entry yet","true","2","Yekar Tiferet on Mishneh Torah, Slaves 6:7:3"
"yekar-tiferet-on-mishneh-torah-slaves","Yekar Tiferet on Mishneh Torah, Slaves","tok-60abf0aee44f","משלים","משלימ","Unresolved","","No lexical entry yet","true","1","Yekar Tiferet on Mishneh Torah, Slaves 2:5:2"
"yekar-tiferet-on-mishneh-torah-slaves","Yekar Tiferet on Mishneh Torah, Slaves","tok-2da923c3be8e","משמע","משמע","Unresolved","","No lexical entry yet","true","36","Yekar Tiferet on Mishneh Torah, Slaves 1:1:4; Yekar Tiferet on Mishneh Torah, Slaves 1:3:1; Yekar Tiferet on Mishneh Torah, Slaves 1:7:1; Yekar Tiferet on Mishneh Torah, Slaves 2:2:1; Yekar Tiferet on Mishneh Torah, Slaves 2:4:1"
"yekar-tiferet-on-mishneh-torah-slaves","Yekar Tiferet on Mishneh Torah, Slaves","tok-e8f695c32834","משנה","משנה","Unresolved","","No lexical entry yet","true","5","Yekar Tiferet on Mishneh Torah, Slaves 2:5:2; Yekar Tiferet on Mishneh Torah, Slaves 6:7:2; Yekar Tiferet on Mishneh Torah, Slaves 8:9:1"
"yekar-tiferet-on-mishneh-torah-slaves","Yekar Tiferet on Mishneh Torah, Slaves","tok-13cbedaab5ee","משנת","משנת","Unresolved","","No lexical entry yet","true","4","Yekar Tiferet on Mishneh Torah, Slaves 2:8:2; Yekar Tiferet on Mishneh Torah, Slaves 3:4:1; Yekar Tiferet on Mishneh Torah, Slaves 5:4:4"
"yekar-tiferet-on-mishneh-torah-slaves","Yekar Tiferet on Mishneh Torah, Slaves","tok-241760982253","משעת","משעת","Unresolved","","No lexical entry yet","true","1","Yekar Tiferet on Mishneh Torah, Slaves 4:15:1"
"yekar-tiferet-on-mishneh-torah-slaves","Yekar Tiferet on Mishneh Torah, Slaves","tok-992166a0b912","משפחה","משפחה","Unresolved","","No lexical entry yet","true","3","Yekar Tiferet on Mishneh Torah, Slaves 1:2:2; Yekar Tiferet on Mishneh Torah, Slaves 4:2:2; Yekar Tiferet on Mishneh Torah, Slaves 4:14:1"
"yekar-tiferet-on-mishneh-torah-slaves","Yekar Tiferet on Mishneh Torah, Slaves","tok-95e8ca258130","משפחתו","משפחתו","Unresolved","","No lexical entry yet","true","4","Yekar Tiferet on Mishneh Torah, Slaves 1:2:2; Yekar Tiferet on Mishneh Torah, Slaves 1:3:1; Yekar Tiferet on Mishneh Torah, Slaves 3:8:1"
"yekar-tiferet-on-mishneh-torah-slaves","Yekar Tiferet on Mishneh Torah, Slaves","tok-5b86b2820b0a","משש","משש","Unresolved","","No lexical entry yet","true","3","Yekar Tiferet on Mishneh Torah, Slaves 2:2:1; Yekar Tiferet on Mishneh Torah, Slaves 4:3:1"
"yekar-tiferet-on-mishneh-torah-slaves","Yekar Tiferet on Mishneh Torah, Slaves","tok-c8d7bbaa916e","משתחרר","משתחרר","Unresolved","","No lexical entry yet","true","1","Yekar Tiferet on Mishneh Torah, Slaves 7:1:2"
"yekar-tiferet-on-mishneh-torah-slaves","Yekar Tiferet on Mishneh Torah, Slaves","tok-58748c2819de","משתי","משתי","Unresolved","","No lexical entry yet","true","1","Yekar Tiferet on Mishneh Torah, Slaves 2:7:5"
"yekar-tiferet-on-mishneh-torah-slaves","Yekar Tiferet on Mishneh Torah, Slaves","tok-6710143443e8","משתמע","משתמע","Unresolved","","No lexical entry yet","true","2","Yekar Tiferet on Mishneh Torah, Slaves 4:13:2"
"yekar-tiferet-on-mishneh-torah-slaves","Yekar Tiferet on Mishneh Torah, Slaves","tok-925b57d9c9e0","משתעבד","משתעבד","Unresolved","","No lexical entry yet","true","1","Yekar Tiferet on Mishneh Torah, Slaves 1:8:2"
"yekar-tiferet-on-mishneh-torah-slaves","Yekar Tiferet on Mishneh Torah, Slaves","tok-112ce88cce9f","מתבאר","מתבאר","Unresolved","","No lexical entry yet","true","1","Yekar Tiferet on Mishneh Torah, Slaves 5:4:1"
"yekar-tiferet-on-mishneh-torah-slaves","Yekar Tiferet on Mishneh Torah, Slaves","tok-4bfbcf12e81e","מתגרשת","מתגרשת","Unresolved","","No lexical entry yet","true","1","Yekar Tiferet on Mishneh Torah, Slaves 5:3:2"
"yekar-tiferet-on-mishneh-torah-slaves","Yekar Tiferet on Mishneh Torah, Slaves","tok-9ee979bdba06","מתחלה","מתחלה","Unresolved","","No lexical entry yet","true","2","Yekar Tiferet on Mishneh Torah, Slaves 4:7:3; Yekar Tiferet on Mishneh Torah, Slaves 4:9:1"
"yekar-tiferet-on-mishneh-torah-slaves","Yekar Tiferet on Mishneh Torah, Slaves","tok-9385e25e0d1f","מתירה","מתירה","Unresolved","","No lexical entry yet","true","1","Yekar Tiferet on Mishneh Torah, Slaves 5:3:3"
"yekar-tiferet-on-mishneh-torah-slaves","Yekar Tiferet on Mishneh Torah, Slaves","tok-9906e9761d1d","מתירין","מתירינ","Unresolved","","No lexical entry yet","true","1","Yekar Tiferet on Mishneh Torah, Slaves 3:11:2"
"yekar-tiferet-on-mishneh-torah-slaves","Yekar Tiferet on Mishneh Torah, Slaves","tok-f2dd9f61bbf8","מתכת","מתכת","Unresolved","","No lexical entry yet","true","3","Yekar Tiferet on Mishneh Torah, Slaves 3:9:2"
"yekar-tiferet-on-mishneh-torah-slaves","Yekar Tiferet on Mishneh Torah, Slaves","tok-aa5eaa39876b","מתלה","מתלה","Unresolved","","No lexical entry yet","true","1","Yekar Tiferet on Mishneh Torah, Slaves 4:15:1"
"yekar-tiferet-on-mishneh-torah-slaves","Yekar Tiferet on Mishneh Torah, Slaves","tok-e4c1959ee574","מתנה","מתנה","Unresolved","","No lexical entry yet","true","1","Yekar Tiferet on Mishneh Torah, Slaves 2:7:1"
"yekar-tiferet-on-mishneh-torah-slaves","Yekar Tiferet on Mishneh Torah, Slaves","tok-2453e00f75c2","מתניא","מתניא","Unresolved","","No lexical entry yet","true","1","Yekar Tiferet on Mishneh Torah, Slaves 6:6:4"
"yekar-tiferet-on-mishneh-torah-slaves","Yekar Tiferet on Mishneh Torah, Slaves","tok-b3d9eda7589d","מתפרש","מתפרש","Unresolved","","No lexical entry yet","true","1","Yekar Tiferet on Mishneh Torah, Slaves 4:7:3"
"yekar-tiferet-on-mishneh-torah-slaves","Yekar Tiferet on Mishneh Torah, Slaves","tok-22897e773ab9","מתפרשת","מתפרשת","Unresolved","","No lexical entry yet","true","1","Yekar Tiferet on Mishneh Torah, Slaves 2:10:2"
"yekar-tiferet-on-mishneh-torah-slaves","Yekar Tiferet on Mishneh Torah, Slaves","tok-aecbc1bf30de","מתקיים","מתקיימ","Unresolved","","No lexical entry yet","true","3","Yekar Tiferet on Mishneh Torah, Slaves 3:5:1; Yekar Tiferet on Mishneh Torah, Slaves 6:6:1; Yekar Tiferet on Mishneh Torah, Slaves 7:1:2"
"yekar-tiferet-on-mishneh-torah-slaves","Yekar Tiferet on Mishneh Torah, Slaves","tok-0a22b24244c1","מתרוצי","מתרוצי","Unresolved","","No lexical entry yet","true","1","Yekar Tiferet on Mishneh Torah, Slaves 8:6:1"
"yekar-tiferet-on-mishneh-torah-slaves","Yekar Tiferet on Mishneh Torah, Slaves","tok-c213f523f678","מתרץ","מתרצ","Unresolved","","No lexical entry yet","true","1","Yekar Tiferet on Mishneh Torah, Slaves 4:7:1"
"yekar-tiferet-on-mishneh-torah-slaves","Yekar Tiferet on Mishneh Torah, Slaves","tok-6ccdd3a7d34b","מתרצינן","מתרציננ","Unresolved","","No lexical entry yet","true","2","Yekar Tiferet on Mishneh Torah, Slaves 2:5:1; Yekar Tiferet on Mishneh Torah, Slaves 4:13:4"
"yekar-tiferet-on-mishneh-torah-slaves","Yekar Tiferet on Mishneh Torah, Slaves","tok-8abd028ad53a","נ׳ש׳ג׳ז׳","נ׳ש׳ג׳ז׳","Unresolved","","No lexical entry yet","true","1","Yekar Tiferet on Mishneh Torah, Slaves 3:3:1"
"yekar-tiferet-on-mishneh-torah-slaves","Yekar Tiferet on Mishneh Torah, Slaves","tok-d28fd8238852","נאמרה","נאמרה","Unresolved","","No lexical entry yet","true","3","Yekar Tiferet on Mishneh Torah, Slaves 1:8:2; Yekar Tiferet on Mishneh Torah, Slaves 3:13:1; Yekar Tiferet on Mishneh Torah, Slaves 9:6:2"
"yekar-tiferet-on-mishneh-torah-slaves","Yekar Tiferet on Mishneh Torah, Slaves","tok-f0b0c872f869","נגאל","נגאל","Unresolved","","No lexical entry yet","true","3","Yekar Tiferet on Mishneh Torah, Slaves 2:10:1; Yekar Tiferet on Mishneh Torah, Slaves 2:10:2; Yekar Tiferet on Mishneh Torah, Slaves 4:10:2"
"yekar-tiferet-on-mishneh-torah-slaves","Yekar Tiferet on Mishneh Torah, Slaves","tok-6c83073f2c1c","נגמר","נגמר","Unresolved","","No lexical entry yet","true","1","Yekar Tiferet on Mishneh Torah, Slaves 5:14:1"
"yekar-tiferet-on-mishneh-torah-slaves","Yekar Tiferet on Mishneh Torah, Slaves","tok-cb352261cbf6","נגרר","נגרר","Unresolved","","No lexical entry yet","true","3","Yekar Tiferet on Mishneh Torah, Slaves 3:4:1; Yekar Tiferet on Mishneh Torah, Slaves 7:5:1"
"yekar-tiferet-on-mishneh-torah-slaves","Yekar Tiferet on Mishneh Torah, Slaves","tok-90c5d38dab20","נגררים","נגררימ","Unresolved","","No lexical entry yet","true","1","Yekar Tiferet on Mishneh Torah, Slaves 3:1:3"
"yekar-tiferet-on-mishneh-torah-slaves","Yekar Tiferet on Mishneh Torah, Slaves","tok-ae50b433ecca","נדודה","נדודה","Unresolved","","No lexical entry yet","true","2","Yekar Tiferet on Mishneh Torah, Slaves 5:6:2"
"yekar-tiferet-on-mishneh-torah-slaves","Yekar Tiferet on Mishneh Torah, Slaves","tok-67a703d76a25","נדר","נדר","Unresolved","","No lexical entry yet","true","2","Yekar Tiferet on Mishneh Torah, Slaves 8:17:2"
"yekar-tiferet-on-mishneh-torah-slaves","Yekar Tiferet on Mishneh Torah, Slaves","tok-08d99d570560","נדרו","נדרו","Unresolved","","No lexical entry yet","true","2","Yekar Tiferet on Mishneh Torah, Slaves 8:17:2"
"yekar-tiferet-on-mishneh-torah-slaves","Yekar Tiferet on Mishneh Torah, Slaves","tok-4524ba87a663","נדרים","נדרימ","Unresolved","","No lexical entry yet","true","1","Yekar Tiferet on Mishneh Torah, Slaves 8:17:2"
"yekar-tiferet-on-mishneh-torah-slaves","Yekar Tiferet on Mishneh Torah, Slaves","tok-c8b67471ad54","נהגו","נהגו","Unresolved","","No lexical entry yet","true","1","Yekar Tiferet on Mishneh Torah, Slaves 9:6:3"
"yekar-tiferet-on-mishneh-torah-slaves","Yekar Tiferet on Mishneh Torah, Slaves","tok-18395dcd6e93","נוהגין","נוהגינ","Unresolved","","No lexical entry yet","true","1","Yekar Tiferet on Mishneh Torah, Slaves 1:8:1"
"yekar-tiferet-on-mishneh-torah-slaves","Yekar Tiferet on Mishneh Torah, Slaves","tok-49dde478e4ff","נוח","נוח","Unresolved","","No lexical entry yet","true","1","Yekar Tiferet on Mishneh Torah, Slaves 1:9:2"
"yekar-tiferet-on-mishneh-torah-slaves","Yekar Tiferet on Mishneh Torah, Slaves","tok-bad3a3288228","נזירות","נזירות","Unresolved","","No lexical entry yet","true","1","Yekar Tiferet on Mishneh Torah, Slaves 8:17:2"
"yekar-tiferet-on-mishneh-torah-slaves","Yekar Tiferet on Mishneh Torah, Slaves","tok-c95986ce4cda","נזכרה","נזכרה","Unresolved","","No lexical entry yet","true","1","Yekar Tiferet on Mishneh Torah, Slaves 3:1:3"
"yekar-tiferet-on-mishneh-torah-slaves","Yekar Tiferet on Mishneh Torah, Slaves","tok-2b5be1d783a3","נזכרו","נזכרו","Unresolved","","No lexical entry yet","true","1","Yekar Tiferet on Mishneh Torah, Slaves 3:1:3"
"yekar-tiferet-on-mishneh-torah-slaves","Yekar Tiferet on Mishneh Torah, Slaves","tok-c79945a18ecb","נחית","נחית","Unresolved","","No lexical entry yet","true","1","Yekar Tiferet on Mishneh Torah, Slaves 5:14:1"
"yekar-tiferet-on-mishneh-torah-slaves","Yekar Tiferet on Mishneh Torah, Slaves","tok-ce0e301da4f8","נחמן","נחמנ","Unresolved","","No lexical entry yet","true","5","Yekar Tiferet on Mishneh Torah, Slaves 1:3:1; Yekar Tiferet on Mishneh Torah, Slaves 2:9:1; Yekar Tiferet on Mishneh Torah, Slaves 3:4:1; Yekar Tiferet on Mishneh Torah, Slaves 7:2:1; Yekar Tiferet on Mishneh Torah, Slaves 9:6:3"
"yekar-tiferet-on-mishneh-torah-slaves","Yekar Tiferet on Mishneh Torah, Slaves","tok-4cf0f7f9779f","ניחא","ניחא","Unresolved","","No lexical entry yet","true","2","Yekar Tiferet on Mishneh Torah, Slaves 4:11:1; Yekar Tiferet on Mishneh Torah, Slaves 8:10:1"
"yekar-tiferet-on-mishneh-torah-slaves","Yekar Tiferet on Mishneh Torah, Slaves","tok-008d4eaf5b80","ניים","ניימ","Unresolved","","No lexical entry yet","true","1","Yekar Tiferet on Mishneh Torah, Slaves 5:14:1"
"yekar-tiferet-on-mishneh-torah-slaves","Yekar Tiferet on Mishneh Torah, Slaves","tok-781f56710bdd","נילף","נילפ","Unresolved","","No lexical entry yet","true","1","Yekar Tiferet on Mishneh Torah, Slaves 4:6:1"
"yekar-tiferet-on-mishneh-torah-slaves","Yekar Tiferet on Mishneh Torah, Slaves","tok-051db3ddf599","נימא","נימא","Unresolved","","No lexical entry yet","true","4","Yekar Tiferet on Mishneh Torah, Slaves 4:9:2; Yekar Tiferet on Mishneh Torah, Slaves 4:13:2; Yekar Tiferet on Mishneh Torah, Slaves 7:4:2"
"yekar-tiferet-on-mishneh-torah-slaves","Yekar Tiferet on Mishneh Torah, Slaves","tok-ff3b59a4b88d","נינהו","נינהו","Unresolved","","No lexical entry yet","true","2","Yekar Tiferet on Mishneh Torah, Slaves 3:1:3"
"yekar-tiferet-on-mishneh-torah-slaves","Yekar Tiferet on Mishneh Torah, Slaves","tok-0537d1d2dcba","נישא","נישא","Unresolved","","No lexical entry yet","true","1","Yekar Tiferet on Mishneh Torah, Slaves 4:1:3"
"yekar-tiferet-on-mishneh-torah-slaves","Yekar Tiferet on Mishneh Torah, Slaves","tok-fbc8b43c3edd","ניתנו","ניתנו","Unresolved","","No lexical entry yet","true","1","Yekar Tiferet on Mishneh Torah, Slaves 4:15:1"
"yekar-tiferet-on-mishneh-torah-slaves","Yekar Tiferet on Mishneh Torah, Slaves","tok-ca63816117a2","נכסי","נכסי","Unresolved","","No lexical entry yet","true","2","Yekar Tiferet on Mishneh Torah, Slaves 7:1:2; Yekar Tiferet on Mishneh Torah, Slaves 7:3:2"
"yekar-tiferet-on-mishneh-torah-slaves","Yekar Tiferet on Mishneh Torah, Slaves","tok-097998dc7b5a","נכסיו","נכסיו","Unresolved","","No lexical entry yet","true","4","Yekar Tiferet on Mishneh Torah, Slaves 7:1:2; Yekar Tiferet on Mishneh Torah, Slaves 7:3:2; Yekar Tiferet on Mishneh Torah, Slaves 7:3:3; Yekar Tiferet on Mishneh Torah, Slaves 7:3:4"
"yekar-tiferet-on-mishneh-torah-slaves","Yekar Tiferet on Mishneh Torah, Slaves","tok-e84525b25c17","נכסים","נכסימ","Unresolved","","No lexical entry yet","true","2","Yekar Tiferet on Mishneh Torah, Slaves 7:2:1; Yekar Tiferet on Mishneh Torah, Slaves 7:2:2"
"yekar-tiferet-on-mishneh-torah-slaves","Yekar Tiferet on Mishneh Torah, Slaves","tok-7304df8d0457","נכתב","נכתב","Unresolved","","No lexical entry yet","true","4","Yekar Tiferet on Mishneh Torah, Slaves 2:7:5; Yekar Tiferet on Mishneh Torah, Slaves 2:8:2; Yekar Tiferet on Mishneh Torah, Slaves 6:7:3"
"yekar-tiferet-on-mishneh-torah-slaves","Yekar Tiferet on Mishneh Torah, Slaves","tok-cb70dd4f8018","נכתוב","נכתוב","Unresolved","","No lexical entry yet","true","1","Yekar Tiferet on Mishneh Torah, Slaves 8:10:1"
"yekar-tiferet-on-mishneh-torah-slaves","Yekar Tiferet on Mishneh Torah, Slaves","tok-fbf488e5805b","נמי","נמי","Unresolved","","No lexical entry yet","true","25","Yekar Tiferet on Mishneh Torah, Slaves 1:3:1; Yekar Tiferet on Mishneh Torah, Slaves 1:6:3; Yekar Tiferet on Mishneh Torah, Slaves 2:7:2; Yekar Tiferet on Mishneh Torah, Slaves 2:12:2; Yekar Tiferet on Mishneh Torah, Slaves 3:1:3"
"yekar-tiferet-on-mishneh-torah-slaves","Yekar Tiferet on Mishneh Torah, Slaves","tok-3b9b7b096237","נמכר","נמכר","Unresolved","","No lexical entry yet","true","15","Yekar Tiferet on Mishneh Torah, Slaves 1:1:2; Yekar Tiferet on Mishneh Torah, Slaves 1:2:2; Yekar Tiferet on Mishneh Torah, Slaves 1:3:3; Yekar Tiferet on Mishneh Torah, Slaves 1:7:1; Yekar Tiferet on Mishneh Torah, Slaves 2:1:1"
"yekar-tiferet-on-mishneh-torah-slaves","Yekar Tiferet on Mishneh Torah, Slaves","tok-853ee9aee17a","נמכרה","נמכרה","Unresolved","","No lexical entry yet","true","1","Yekar Tiferet on Mishneh Torah, Slaves 4:7:3"
"yekar-tiferet-on-mishneh-torah-slaves","Yekar Tiferet on Mishneh Torah, Slaves","tok-0985980332e3","נמכרו","נמכרו","Unresolved","","No lexical entry yet","true","1","Yekar Tiferet on Mishneh Torah, Slaves 3:1:3"
"yekar-tiferet-on-mishneh-torah-slaves","Yekar Tiferet on Mishneh Torah, Slaves","tok-237b302f61a3","נמכרת","נמכרת","Unresolved","","No lexical entry yet","true","2","Yekar Tiferet on Mishneh Torah, Slaves 4:2:2; Yekar Tiferet on Mishneh Torah, Slaves 4:3:1"
"yekar-tiferet-on-mishneh-torah-slaves","Yekar Tiferet on Mishneh Torah, Slaves","tok-9c055d2e229a","נמנע","נמנע","Unresolved","","No lexical entry yet","true","1","Yekar Tiferet on Mishneh Torah, Slaves 2:7:5"
"yekar-tiferet-on-mishneh-torah-slaves","Yekar Tiferet on Mishneh Torah, Slaves","tok-23e36dba3692","נעבד","נעבד","Unresolved","","No lexical entry yet","true","1","Yekar Tiferet on Mishneh Torah, Slaves 9:7:2"
"yekar-tiferet-on-mishneh-torah-slaves","Yekar Tiferet on Mishneh Torah, Slaves","tok-9833136c44f0","נעורים","נעורימ","Unresolved","","No lexical entry yet","true","1","Yekar Tiferet on Mishneh Torah, Slaves 3:15:2"
"yekar-tiferet-on-mishneh-torah-slaves","Yekar Tiferet on Mishneh Torah, Slaves","tok-09b412936ef6","נערה","נערה","Unresolved","","No lexical entry yet","true","1","Yekar Tiferet on Mishneh Torah, Slaves 4:5:1"
"yekar-tiferet-on-mishneh-torah-slaves","Yekar Tiferet on Mishneh Torah, Slaves","tok-197d52c0b92f","נפדה","נפדה","Unresolved","","No lexical entry yet","true","1","Yekar Tiferet on Mishneh Torah, Slaves 2:8:2"
"yekar-tiferet-on-mishneh-torah-slaves","Yekar Tiferet on Mishneh Torah, Slaves","tok-4bc786760329","נפדתה","נפדתה","Unresolved","","No lexical entry yet","true","1","Yekar Tiferet on Mishneh Torah, Slaves 7:6:2"
"yekar-tiferet-on-mishneh-torah-slaves","Yekar Tiferet on Mishneh Torah, Slaves","tok-6dd4027cfa2f","נפל","נפל","Unresolved","","No lexical entry yet","true","1","Yekar Tiferet on Mishneh Torah, Slaves 8:5:1"
"yekar-tiferet-on-mishneh-torah-slaves","Yekar Tiferet on Mishneh Torah, Slaves","tok-74f6fb970f6d","נפקא","נפקא","Unresolved","","No lexical entry yet","true","1","Yekar Tiferet on Mishneh Torah, Slaves 4:13:2"
"yekar-tiferet-on-mishneh-torah-slaves","Yekar Tiferet on Mishneh Torah, Slaves","tok-bac3085f1d7d","נפקע","נפקע","Unresolved","","No lexical entry yet","true","1","Yekar Tiferet on Mishneh Torah, Slaves 1:8:2"
"yekar-tiferet-on-mishneh-torah-slaves","Yekar Tiferet on Mishneh Torah, Slaves","tok-1baff2bc85d7","נפרש","נפרש","Unresolved","","No lexical entry yet","true","1","Yekar Tiferet on Mishneh Torah, Slaves 6:3:1"
"yekar-tiferet-on-mishneh-torah-slaves","Yekar Tiferet on Mishneh Torah, Slaves","tok-6256d49fa929","נפשטה","נפשטה","Unresolved","","No lexical entry yet","true","1","Yekar Tiferet on Mishneh Torah, Slaves 8:5:1"
"yekar-tiferet-on-mishneh-torah-slaves","Yekar Tiferet on Mishneh Torah, Slaves","tok-dc5c0e24beb9","נקבה","נקבה","Unresolved","","No lexical entry yet","true","3","Yekar Tiferet on Mishneh Torah, Slaves 4:1:3"
"yekar-tiferet-on-mishneh-torah-slaves","Yekar Tiferet on Mishneh Torah, Slaves","tok-59198cc2806d","נקבעה","נקבעה","Unresolved","","No lexical entry yet","true","1","Yekar Tiferet on Mishneh Torah, Slaves 1:8:2"
"yekar-tiferet-on-mishneh-torah-slaves","Yekar Tiferet on Mishneh Torah, Slaves","tok-37766118b3d8","נקט","נקט","Unresolved","","No lexical entry yet","true","1","Yekar Tiferet on Mishneh Torah, Slaves 7:6:1"
"yekar-tiferet-on-mishneh-torah-slaves","Yekar Tiferet on Mishneh Torah, Slaves","tok-868033cd91f8","נקנה","נקנה","Unresolved","","No lexical entry yet","true","10","Yekar Tiferet on Mishneh Torah, Slaves 1:2:2; Yekar Tiferet on Mishneh Torah, Slaves 1:3:1; Yekar Tiferet on Mishneh Torah, Slaves 5:1:1; Yekar Tiferet on Mishneh Torah, Slaves 5:1:3"
"yekar-tiferet-on-mishneh-torah-slaves","Yekar Tiferet on Mishneh Torah, Slaves","tok-c0c2001bc740","נקנין","נקנינ","Unresolved","","No lexical entry yet","true","1","Yekar Tiferet on Mishneh Torah, Slaves 5:1:1"
"yekar-tiferet-on-mishneh-torah-slaves","Yekar Tiferet on Mishneh Torah, Slaves","tok-50f924883583","נקנית","נקנית","Unresolved","","No lexical entry yet","true","2","Yekar Tiferet on Mishneh Torah, Slaves 4:3:1; Yekar Tiferet on Mishneh Torah, Slaves 4:7:3"
"yekar-tiferet-on-mishneh-torah-slaves","Yekar Tiferet on Mishneh Torah, Slaves","tok-55d9f0837a8a","נקנסיה","נקנסיה","Unresolved","","No lexical entry yet","true","1","Yekar Tiferet on Mishneh Torah, Slaves 8:6:1"
"yekar-tiferet-on-mishneh-torah-slaves","Yekar Tiferet on Mishneh Torah, Slaves","tok-e9504b66ac4a","נקראו","נקראו","Unresolved","","No lexical entry yet","true","1","Yekar Tiferet on Mishneh Torah, Slaves 5:5:3"
"yekar-tiferet-on-mishneh-torah-slaves","Yekar Tiferet on Mishneh Torah, Slaves","tok-b86cebdb02ea","נראין","נראינ","Unresolved","","No lexical entry yet","true","1","Yekar Tiferet on Mishneh Torah, Slaves 9:6:3"
"yekar-tiferet-on-mishneh-torah-slaves","Yekar Tiferet on Mishneh Torah, Slaves","tok-3c45da2db256","נרצע","נרצע","Unresolved","","No lexical entry yet","true","6","Yekar Tiferet on Mishneh Torah, Slaves 3:5:3; Yekar Tiferet on Mishneh Torah, Slaves 3:6:1; Yekar Tiferet on Mishneh Torah, Slaves 3:7:2; Yekar Tiferet on Mishneh Torah, Slaves 3:11:2"
"yekar-tiferet-on-mishneh-torah-slaves","Yekar Tiferet on Mishneh Torah, Slaves","tok-bb5d0860e5d4","נרצעת","נרצעת","Unresolved","","No lexical entry yet","true","1","Yekar Tiferet on Mishneh Torah, Slaves 3:13:1"
"yekar-tiferet-on-mishneh-torah-slaves","Yekar Tiferet on Mishneh Torah, Slaves","tok-99b7bb1394bf","נשואה","נשואה","Unresolved","","No lexical entry yet","true","1","Yekar Tiferet on Mishneh Torah, Slaves 9:6:3"
"yekar-tiferet-on-mishneh-torah-slaves","Yekar Tiferet on Mishneh Torah, Slaves","tok-73eaf40fcb6e","נשואין","נשואינ","Unresolved","","No lexical entry yet","true","2","Yekar Tiferet on Mishneh Torah, Slaves 4:9:1; Yekar Tiferet on Mishneh Torah, Slaves 4:10:1"
"yekar-tiferet-on-mishneh-torah-slaves","Yekar Tiferet on Mishneh Torah, Slaves","tok-f2f9a87a7dfa","נשך","נשכ","Unresolved","","No lexical entry yet","true","3","Yekar Tiferet on Mishneh Torah, Slaves 1:2:2; Yekar Tiferet on Mishneh Torah, Slaves 1:8:2"
"yekar-tiferet-on-mishneh-torah-slaves","Yekar Tiferet on Mishneh Torah, Slaves","tok-7ed802b0c35a","נשנית","נשנית","Unresolved","","No lexical entry yet","true","1","Yekar Tiferet on Mishneh Torah, Slaves 6:6:6"
"yekar-tiferet-on-mishneh-torah-slaves","Yekar Tiferet on Mishneh Torah, Slaves","tok-920eb2354100","נשתחרר","נשתחרר","Unresolved","","No lexical entry yet","true","1","Yekar Tiferet on Mishneh Torah, Slaves 7:4:2"
"yekar-tiferet-on-mishneh-torah-slaves","Yekar Tiferet on Mishneh Torah, Slaves","tok-174518ff75f3","נתארסה","נתארסה","Unresolved","","No lexical entry yet","true","1","Yekar Tiferet on Mishneh Torah, Slaves 7:6:1"
"yekar-tiferet-on-mishneh-torah-slaves","Yekar Tiferet on Mishneh Torah, Slaves","tok-8036d90f1918","נתבאר","נתבאר","Unresolved","","No lexical entry yet","true","5","Yekar Tiferet on Mishneh Torah, Slaves 2:5:2; Yekar Tiferet on Mishneh Torah, Slaves 3:2:1; Yekar Tiferet on Mishneh Torah, Slaves 4:7:5; Yekar Tiferet on Mishneh Torah, Slaves 5:3:1"
"yekar-tiferet-on-mishneh-torah-slaves","Yekar Tiferet on Mishneh Torah, Slaves","tok-684143d9c36d","נתבטל","נתבטל","Unresolved","","No lexical entry yet","true","1","Yekar Tiferet on Mishneh Torah, Slaves 4:7:1"
"yekar-tiferet-on-mishneh-torah-slaves","Yekar Tiferet on Mishneh Torah, Slaves","tok-9a8e3f687a4b","נתבטלו","נתבטלו","Unresolved","","No lexical entry yet","true","1","Yekar Tiferet on Mishneh Torah, Slaves 5:10:1"
"yekar-tiferet-on-mishneh-torah-slaves","Yekar Tiferet on Mishneh Torah, Slaves","tok-983afffc679a","נתברך","נתברכ","Unresolved","","No lexical entry yet","true","2","Yekar Tiferet on Mishneh Torah, Slaves 3:14:5"
"yekar-tiferet-on-mishneh-torah-slaves","Yekar Tiferet on Mishneh Torah, Slaves","tok-d7488cc665e5","נתברר","נתברר","Unresolved","","No lexical entry yet","true","1","Yekar Tiferet on Mishneh Torah, Slaves 9:7:2"
"yekar-tiferet-on-mishneh-torah-slaves","Yekar Tiferet on Mishneh Torah, Slaves","tok-08eb2a57fa38","נתגיירו","נתגיירו","Unresolved","","No lexical entry yet","true","1","Yekar Tiferet on Mishneh Torah, Slaves 9:3:1"
"yekar-tiferet-on-mishneh-torah-slaves","Yekar Tiferet on Mishneh Torah, Slaves","tok-61a1ad213710","נתגרשה","נתגרשה","Unresolved","","No lexical entry yet","true","1","Yekar Tiferet on Mishneh Torah, Slaves 4:13:2"
"yekar-tiferet-on-mishneh-torah-slaves","Yekar Tiferet on Mishneh Torah, Slaves","tok-e367290c524d","נתיאש","נתיאש","Unresolved","","No lexical entry yet","true","4","Yekar Tiferet on Mishneh Torah, Slaves 8:15:1; Yekar Tiferet on Mishneh Torah, Slaves 8:15:3; Yekar Tiferet on Mishneh Torah, Slaves 8:15:4"
"yekar-tiferet-on-mishneh-torah-slaves","Yekar Tiferet on Mishneh Torah, Slaves","tok-044605bc54b1","נתינה","נתינה","Unresolved","","No lexical entry yet","true","2","Yekar Tiferet on Mishneh Torah, Slaves 3:14:4"
"yekar-tiferet-on-mishneh-torah-slaves","Yekar Tiferet on Mishneh Torah, Slaves","tok-8164a703f3f3","נתינת","נתינת","Unresolved","","No lexical entry yet","true","2","Yekar Tiferet on Mishneh Torah, Slaves 1:1:5; Yekar Tiferet on Mishneh Torah, Slaves 4:9:1"
"yekar-tiferet-on-mishneh-torah-slaves","Yekar Tiferet on Mishneh Torah, Slaves","tok-ae2d3a6cc9a8","נתיר","נתיר","Unresolved","","No lexical entry yet","true","1","Yekar Tiferet on Mishneh Torah, Slaves 6:7:2"
"yekar-tiferet-on-mishneh-torah-slaves","Yekar Tiferet on Mishneh Torah, Slaves","tok-e33b6dcf37a0","נתכוון","נתכוונ","Unresolved","","No lexical entry yet","true","6","Yekar Tiferet on Mishneh Torah, Slaves 5:12:1; Yekar Tiferet on Mishneh Torah, Slaves 5:13:1; Yekar Tiferet on Mishneh Torah, Slaves 5:13:2"
"yekar-tiferet-on-mishneh-torah-slaves","Yekar Tiferet on Mishneh Torah, Slaves","tok-6e4ed69834d4","נתכוין","נתכוינ","Unresolved","","No lexical entry yet","true","2","Yekar Tiferet on Mishneh Torah, Slaves 5:4:1; Yekar Tiferet on Mishneh Torah, Slaves 5:13:1"
"yekar-tiferet-on-mishneh-torah-slaves","Yekar Tiferet on Mishneh Torah, Slaves","tok-f750da4f960c","נתמעטה","נתמעטה","Unresolved","","No lexical entry yet","true","1","Yekar Tiferet on Mishneh Torah, Slaves 2:9:1"
"yekar-tiferet-on-mishneh-torah-slaves","Yekar Tiferet on Mishneh Torah, Slaves","tok-c31371753c9d","נתנו","נתנו","Unresolved","","No lexical entry yet","true","2","Yekar Tiferet on Mishneh Torah, Slaves 4:7:3"
"yekar-tiferet-on-mishneh-torah-slaves","Yekar Tiferet on Mishneh Torah, Slaves","tok-973d42780ec7","נתפרש","נתפרש","Unresolved","","No lexical entry yet","true","1","Yekar Tiferet on Mishneh Torah, Slaves 1:8:1"
"yekar-tiferet-on-mishneh-torah-slaves","Yekar Tiferet on Mishneh Torah, Slaves","tok-8c2488469ba0","נתקררה","נתקררה","Unresolved","","No lexical entry yet","true","2","Yekar Tiferet on Mishneh Torah, Slaves 6:4:1"
"yekar-tiferet-on-mishneh-torah-slaves","Yekar Tiferet on Mishneh Torah, Slaves","tok-b3cd7f5fdd78","ס״ד","ס״ד","Unresolved","","No lexical entry yet","true","1","Yekar Tiferet on Mishneh Torah, Slaves 4:6:1"
"yekar-tiferet-on-mishneh-torah-slaves","Yekar Tiferet on Mishneh Torah, Slaves","tok-9ba2c7c59a57","סבר","סבר","Unresolved","","No lexical entry yet","true","1","Yekar Tiferet on Mishneh Torah, Slaves 6:1:2"
"yekar-tiferet-on-mishneh-torah-slaves","Yekar Tiferet on Mishneh Torah, Slaves","tok-10871713e716","סברא","סברא","Unresolved","","No lexical entry yet","true","1","Yekar Tiferet on Mishneh Torah, Slaves 1:9:1"
"yekar-tiferet-on-mishneh-torah-slaves","Yekar Tiferet on Mishneh Torah, Slaves","tok-546da1b3aa5d","סגי","סגי","Unresolved","","No lexical entry yet","true","1","Yekar Tiferet on Mishneh Torah, Slaves 4:11:1"
"yekar-tiferet-on-mishneh-torah-slaves","Yekar Tiferet on Mishneh Torah, Slaves","tok-6878074f6240","סובר","סובר","Unresolved","","No lexical entry yet","true","3","Yekar Tiferet on Mishneh Torah, Slaves 4:10:1; Yekar Tiferet on Mishneh Torah, Slaves 5:17:1; Yekar Tiferet on Mishneh Torah, Slaves 7:5:1"
"yekar-tiferet-on-mishneh-torah-slaves","Yekar Tiferet on Mishneh Torah, Slaves","tok-352be69a6f7e","סודר","סודר","Unresolved","","No lexical entry yet","true","1","Yekar Tiferet on Mishneh Torah, Slaves 5:1:1"
"yekar-tiferet-on-mishneh-torah-slaves","Yekar Tiferet on Mishneh Torah, Slaves","tok-1bec3d91b9de","סומכין","סומכינ","Unresolved","","No lexical entry yet","true","1","Yekar Tiferet on Mishneh Torah, Slaves 3:1:3"
"yekar-tiferet-on-mishneh-torah-slaves","Yekar Tiferet on Mishneh Torah, Slaves","tok-dafa3ffc5383","סוריא","סוריא","Unresolved","","No lexical entry yet","true","1","Yekar Tiferet on Mishneh Torah, Slaves 8:8:1"
"yekar-tiferet-on-mishneh-torah-slaves","Yekar Tiferet on Mishneh Torah, Slaves","tok-2c032a1c26ca","סימא","סימא","Unresolved","","No lexical entry yet","true","3","Yekar Tiferet on Mishneh Torah, Slaves 5:14:1"
"yekar-tiferet-on-mishneh-torah-slaves","Yekar Tiferet on Mishneh Torah, Slaves","tok-103264f8c9cc","סימנים","סימנימ","Unresolved","","No lexical entry yet","true","2","Yekar Tiferet on Mishneh Torah, Slaves 4:1:1; Yekar Tiferet on Mishneh Torah, Slaves 4:1:2"
"yekar-tiferet-on-mishneh-torah-slaves","Yekar Tiferet on Mishneh Torah, Slaves","tok-9522bf5322f2","סירוס","סירוס","Unresolved","","No lexical entry yet","true","1","Yekar Tiferet on Mishneh Torah, Slaves 5:4:4"
"yekar-tiferet-on-mishneh-torah-slaves","Yekar Tiferet on Mishneh Torah, Slaves","tok-b86d29eb8e83","סמויה","סמויה","Unresolved","","No lexical entry yet","true","4","Yekar Tiferet on Mishneh Torah, Slaves 5:6:2; Yekar Tiferet on Mishneh Torah, Slaves 5:13:2"
"yekar-tiferet-on-mishneh-torah-slaves","Yekar Tiferet on Mishneh Torah, Slaves","tok-9f2794add015","סמוכות","סמוכות","Unresolved","","No lexical entry yet","true","2","Yekar Tiferet on Mishneh Torah, Slaves 5:14:1"
"yekar-tiferet-on-mishneh-torah-slaves","Yekar Tiferet on Mishneh Torah, Slaves","tok-2f7e41d3640b","סמכינן","סמכיננ","Unresolved","","No lexical entry yet","true","1","Yekar Tiferet on Mishneh Torah, Slaves 8:15:1"
"yekar-tiferet-on-mishneh-torah-slaves","Yekar Tiferet on Mishneh Torah, Slaves","tok-9e3cca28fea2","סנהדרין","סנהדרינ","Unresolved","","No lexical entry yet","true","1","Yekar Tiferet on Mishneh Torah, Slaves 5:17:1"
"yekar-tiferet-on-mishneh-torah-slaves","Yekar Tiferet on Mishneh Torah, Slaves","tok-85a0e371ec6d","סעורם","סעורמ","Unresolved","","No lexical entry yet","true","1","Yekar Tiferet on Mishneh Torah, Slaves 1:8:1"
"yekar-tiferet-on-mishneh-torah-slaves","Yekar Tiferet on Mishneh Torah, Slaves","tok-9403d056aaa3","סרוס","סרוס","Unresolved","","No lexical entry yet","true","2","Yekar Tiferet on Mishneh Torah, Slaves 5:4:4"
"yekar-tiferet-on-mishneh-torah-slaves","Yekar Tiferet on Mishneh Torah, Slaves","tok-729bf7c9cc90","סרך","סרכ","Unresolved","","No lexical entry yet","true","1","Yekar Tiferet on Mishneh Torah, Slaves 9:6:2"
"yekar-tiferet-on-mishneh-torah-slaves","Yekar Tiferet on Mishneh Torah, Slaves","tok-86e20962bc43","סתם","סתמ","Unresolved","","No lexical entry yet","true","5","Yekar Tiferet on Mishneh Torah, Slaves 2:8:2; Yekar Tiferet on Mishneh Torah, Slaves 8:8:1"
"yekar-tiferet-on-mishneh-torah-slaves","Yekar Tiferet on Mishneh Torah, Slaves","tok-5c8345abf3a3","סתמא","סתמא","Unresolved","","No lexical entry yet","true","1","Yekar Tiferet on Mishneh Torah, Slaves 9:1:1"
"yekar-tiferet-on-mishneh-torah-slaves","Yekar Tiferet on Mishneh Torah, Slaves","tok-ed13d4b76b94","ע״ה","ע״ה","Unresolved","","No lexical entry yet","true","1","Yekar Tiferet on Mishneh Torah, Slaves 2:8:2"
"yekar-tiferet-on-mishneh-torah-slaves","Yekar Tiferet on Mishneh Torah, Slaves","tok-a109fa69e757","ע״ז","ע״ז","Unresolved","","No lexical entry yet","true","3","Yekar Tiferet on Mishneh Torah, Slaves 1:3:2"
"yekar-tiferet-on-mishneh-torah-slaves","Yekar Tiferet on Mishneh Torah, Slaves","tok-f77368bde146","ע״מ","ע״מ","Unresolved","","No lexical entry yet","true","3","Yekar Tiferet on Mishneh Torah, Slaves 2:7:3; Yekar Tiferet on Mishneh Torah, Slaves 3:5:3; Yekar Tiferet on Mishneh Torah, Slaves 8:20:1"
"yekar-tiferet-on-mishneh-torah-slaves","Yekar Tiferet on Mishneh Torah, Slaves","tok-bbf4e60e2df1","עבדא","עבדא","Unresolved","","No lexical entry yet","true","1","Yekar Tiferet on Mishneh Torah, Slaves 8:10:1"
"yekar-tiferet-on-mishneh-torah-slaves","Yekar Tiferet on Mishneh Torah, Slaves","tok-09777580c762","עבדו","עבדו","Unresolved","","No lexical entry yet","true","24","Yekar Tiferet on Mishneh Torah, Slaves 5:4:4; Yekar Tiferet on Mishneh Torah, Slaves 5:6:2; Yekar Tiferet on Mishneh Torah, Slaves 5:11:1; Yekar Tiferet on Mishneh Torah, Slaves 5:14:1; Yekar Tiferet on Mishneh Torah, Slaves 5:15:1"
"yekar-tiferet-on-mishneh-torah-slaves","Yekar Tiferet on Mishneh Torah, Slaves","tok-452e3cbd0440","עבדיה","עבדיה","Unresolved","","No lexical entry yet","true","1","Yekar Tiferet on Mishneh Torah, Slaves 8:19:1"
"yekar-tiferet-on-mishneh-torah-slaves","Yekar Tiferet on Mishneh Torah, Slaves","tok-515f8cf3d478","עבוד","עבוד","Unresolved","","No lexical entry yet","true","1","Yekar Tiferet on Mishneh Torah, Slaves 1:6:2"
"yekar-tiferet-on-mishneh-torah-slaves","Yekar Tiferet on Mishneh Torah, Slaves","tok-770455487009","עבודתה","עבודתה","Unresolved","","No lexical entry yet","true","1","Yekar Tiferet on Mishneh Torah, Slaves 1:3:3"
"yekar-tiferet-on-mishneh-torah-slaves","Yekar Tiferet on Mishneh Torah, Slaves","tok-56cab6b9dd6a","עביד","עביד","Unresolved","","No lexical entry yet","true","1","Yekar Tiferet on Mishneh Torah, Slaves 3:5:3"
"yekar-tiferet-on-mishneh-torah-slaves","Yekar Tiferet on Mishneh Torah, Slaves","tok-d8ec7e40e4b1","עבידתא","עבידתא","Unresolved","","No lexical entry yet","true","3","Yekar Tiferet on Mishneh Torah, Slaves 1:8:2"
"yekar-tiferet-on-mishneh-torah-slaves","Yekar Tiferet on Mishneh Torah, Slaves","tok-c3d2d1025e71","עבירה","עבירה","Unresolved","","No lexical entry yet","true","5","Yekar Tiferet on Mishneh Torah, Slaves 1:5:1; Yekar Tiferet on Mishneh Torah, Slaves 3:3:1; Yekar Tiferet on Mishneh Torah, Slaves 3:8:2; Yekar Tiferet on Mishneh Torah, Slaves 9:6:1"
"yekar-tiferet-on-mishneh-torah-slaves","Yekar Tiferet on Mishneh Torah, Slaves","tok-ff7fb2ac095c","עבירות","עבירות","Unresolved","","No lexical entry yet","true","1","Yekar Tiferet on Mishneh Torah, Slaves 1:1:3"
"yekar-tiferet-on-mishneh-torah-slaves","Yekar Tiferet on Mishneh Torah, Slaves","tok-4dac95c7d232","עברות","עברות","Unresolved","","No lexical entry yet","true","1","Yekar Tiferet on Mishneh Torah, Slaves 3:3:1"
"yekar-tiferet-on-mishneh-torah-slaves","Yekar Tiferet on Mishneh Torah, Slaves","tok-c7c008b18a17","עברי","עברי","Unresolved","","No lexical entry yet","true","33","Yekar Tiferet on Mishneh Torah, Slaves 1:1:1; Yekar Tiferet on Mishneh Torah, Slaves 1:2:2; Yekar Tiferet on Mishneh Torah, Slaves 1:3:1; Yekar Tiferet on Mishneh Torah, Slaves 1:6:1; Yekar Tiferet on Mishneh Torah, Slaves 1:7:2"
"yekar-tiferet-on-mishneh-torah-slaves","Yekar Tiferet on Mishneh Torah, Slaves","tok-bead8e987f3c","עבריה","עבריה","Unresolved","","No lexical entry yet","true","8","Yekar Tiferet on Mishneh Torah, Slaves 1:10:1; Yekar Tiferet on Mishneh Torah, Slaves 2:9:1; Yekar Tiferet on Mishneh Torah, Slaves 4:3:2; Yekar Tiferet on Mishneh Torah, Slaves 4:4:2; Yekar Tiferet on Mishneh Torah, Slaves 4:5:1"
"yekar-tiferet-on-mishneh-torah-slaves","Yekar Tiferet on Mishneh Torah, Slaves","tok-50c4b65a734a","עדיפא","עדיפא","Unresolved","","No lexical entry yet","true","1","Yekar Tiferet on Mishneh Torah, Slaves 6:7:3"
"yekar-tiferet-on-mishneh-torah-slaves","Yekar Tiferet on Mishneh Torah, Slaves","tok-4d579315b7a3","עובדא","עובדא","Unresolved","","No lexical entry yet","true","2","Yekar Tiferet on Mishneh Torah, Slaves 8:14:1; Yekar Tiferet on Mishneh Torah, Slaves 8:21:1"
"yekar-tiferet-on-mishneh-torah-slaves","Yekar Tiferet on Mishneh Torah, Slaves","tok-035729d8e849","עוברי","עוברי","Unresolved","","No lexical entry yet","true","1","Yekar Tiferet on Mishneh Torah, Slaves 1:5:1"
"yekar-tiferet-on-mishneh-torah-slaves","Yekar Tiferet on Mishneh Torah, Slaves","tok-4ed57a95dd06","עוברין","עוברינ","Unresolved","","No lexical entry yet","true","1","Yekar Tiferet on Mishneh Torah, Slaves 1:6:4"
"yekar-tiferet-on-mishneh-torah-slaves","Yekar Tiferet on Mishneh Torah, Slaves","tok-a48b8232da16","עונשו","עונשו","Unresolved","","No lexical entry yet","true","1","Yekar Tiferet on Mishneh Torah, Slaves 3:3:1"
"yekar-tiferet-on-mishneh-torah-slaves","Yekar Tiferet on Mishneh Torah, Slaves","tok-e5176a58e7ef","עושין","עושינ","Unresolved","","No lexical entry yet","true","3","Yekar Tiferet on Mishneh Torah, Slaves 3:9:4; Yekar Tiferet on Mishneh Torah, Slaves 4:7:5"
"yekar-tiferet-on-mishneh-torah-slaves","Yekar Tiferet on Mishneh Torah, Slaves","tok-428314a89553","עזאי","עזאי","Unresolved","","No lexical entry yet","true","4","Yekar Tiferet on Mishneh Torah, Slaves 5:4:4"
"yekar-tiferet-on-mishneh-torah-slaves","Yekar Tiferet on Mishneh Torah, Slaves","tok-2613c6bb3603","עי׳","עי׳","Unresolved","","No lexical entry yet","true","2","Yekar Tiferet on Mishneh Torah, Slaves 3:9:2; Yekar Tiferet on Mishneh Torah, Slaves 4:4:2"
"yekar-tiferet-on-mishneh-torah-slaves","Yekar Tiferet on Mishneh Torah, Slaves","tok-9b7fd3409461","עידי","עידי","Unresolved","","No lexical entry yet","true","2","Yekar Tiferet on Mishneh Torah, Slaves 6:6:1; Yekar Tiferet on Mishneh Torah, Slaves 6:6:6"
"yekar-tiferet-on-mishneh-torah-slaves","Yekar Tiferet on Mishneh Torah, Slaves","tok-747d0097a587","עכ״ל","עכ״ל","Unresolved","","No lexical entry yet","true","1","Yekar Tiferet on Mishneh Torah, Slaves 1:6:2"
"yekar-tiferet-on-mishneh-torah-slaves","Yekar Tiferet on Mishneh Torah, Slaves","tok-71238e2bbb85","עכברא","עכברא","Unresolved","","No lexical entry yet","true","1","Yekar Tiferet on Mishneh Torah, Slaves 8:6:1"
"yekar-tiferet-on-mishneh-torah-slaves","Yekar Tiferet on Mishneh Torah, Slaves","tok-dbf6d375e762","עכו","עכו","Unresolved","","No lexical entry yet","true","1","Yekar Tiferet on Mishneh Torah, Slaves 8:6:2"
"yekar-tiferet-on-mishneh-torah-slaves","Yekar Tiferet on Mishneh Torah, Slaves","tok-b2e41a098a8d","עמד","עמד","Unresolved","","No lexical entry yet","true","1","Yekar Tiferet on Mishneh Torah, Slaves 3:15:3"
"yekar-tiferet-on-mishneh-torah-slaves","Yekar Tiferet on Mishneh Torah, Slaves","tok-ebe11ef6dd7b","עמוני","עמוני","Unresolved","","No lexical entry yet","true","1","Yekar Tiferet on Mishneh Torah, Slaves 9:3:1"
"yekar-tiferet-on-mishneh-torah-slaves","Yekar Tiferet on Mishneh Torah, Slaves","tok-ee56df243502","עניי","עניי","Unresolved","","No lexical entry yet","true","1","Yekar Tiferet on Mishneh Torah, Slaves 3:2:2"
"yekar-tiferet-on-mishneh-torah-slaves","Yekar Tiferet on Mishneh Torah, Slaves","tok-66cfd05a0218","עניים","עניימ","Unresolved","","No lexical entry yet","true","1","Yekar Tiferet on Mishneh Torah, Slaves 4:3:1"
"yekar-tiferet-on-mishneh-torah-slaves","Yekar Tiferet on Mishneh Torah, Slaves","tok-b3cf16744725","ענק","ענק","Unresolved","","No lexical entry yet","true","2","Yekar Tiferet on Mishneh Torah, Slaves 3:15:1; Yekar Tiferet on Mishneh Torah, Slaves 3:15:2"
"yekar-tiferet-on-mishneh-torah-slaves","Yekar Tiferet on Mishneh Torah, Slaves","tok-35db649fcbf3","עסקא","עסקא","Unresolved","","No lexical entry yet","true","1","Yekar Tiferet on Mishneh Torah, Slaves 3:14:3"
"yekar-tiferet-on-mishneh-torah-slaves","Yekar Tiferet on Mishneh Torah, Slaves","tok-173438aeb79b","עקר","עקר","Unresolved","","No lexical entry yet","true","1","Yekar Tiferet on Mishneh Torah, Slaves 1:3:2"
"yekar-tiferet-on-mishneh-torah-slaves","Yekar Tiferet on Mishneh Torah, Slaves","tok-26975cbbf44f","עקרן","עקרנ","Unresolved","","No lexical entry yet","true","1","Yekar Tiferet on Mishneh Torah, Slaves 6:7:2"
"yekar-tiferet-on-mishneh-torah-slaves","Yekar Tiferet on Mishneh Torah, Slaves","tok-fb14744872df","ערער","ערער","Unresolved","","No lexical entry yet","true","1","Yekar Tiferet on Mishneh Torah, Slaves 7:2:1"
"yekar-tiferet-on-mishneh-torah-slaves","Yekar Tiferet on Mishneh Torah, Slaves","tok-3c169049499a","עשאו","עשאו","Unresolved","","No lexical entry yet","true","1","Yekar Tiferet on Mishneh Torah, Slaves 6:1:2"
"yekar-tiferet-on-mishneh-torah-slaves","Yekar Tiferet on Mishneh Torah, Slaves","tok-51d4fdbc37a9","עשאן","עשאנ","Unresolved","","No lexical entry yet","true","1","Yekar Tiferet on Mishneh Torah, Slaves 4:13:4"
"yekar-tiferet-on-mishneh-torah-slaves","Yekar Tiferet on Mishneh Torah, Slaves","tok-fafb0c990c41","עשרים","עשרימ","Unresolved","","No lexical entry yet","true","3","Yekar Tiferet on Mishneh Torah, Slaves 2:8:1"
"yekar-tiferet-on-mishneh-torah-slaves","Yekar Tiferet on Mishneh Torah, Slaves","tok-6853e019a0f6","פ׳","פ׳","Unresolved","","No lexical entry yet","true","3","Yekar Tiferet on Mishneh Torah, Slaves 1:2:2; Yekar Tiferet on Mishneh Torah, Slaves 5:17:1; Yekar Tiferet on Mishneh Torah, Slaves 7:1:2"
"yekar-tiferet-on-mishneh-torah-slaves","Yekar Tiferet on Mishneh Torah, Slaves","tok-114675b134b5","פ״ב","פ״ב","Unresolved","","No lexical entry yet","true","1","Yekar Tiferet on Mishneh Torah, Slaves 3:2:1"
"yekar-tiferet-on-mishneh-torah-slaves","Yekar Tiferet on Mishneh Torah, Slaves","tok-492a68ab0b4a","פ״ג","פ״ג","Unresolved","","No lexical entry yet","true","2","Yekar Tiferet on Mishneh Torah, Slaves 1:2:1; Yekar Tiferet on Mishneh Torah, Slaves 7:6:1"
"yekar-tiferet-on-mishneh-torah-slaves","Yekar Tiferet on Mishneh Torah, Slaves","tok-827a05d7954c","פ״ד","פ״ד","Unresolved","","No lexical entry yet","true","1","Yekar Tiferet on Mishneh Torah, Slaves 5:14:1"
"yekar-tiferet-on-mishneh-torah-slaves","Yekar Tiferet on Mishneh Torah, Slaves","tok-52a484e65474","פ״ה","פ״ה","Unresolved","","No lexical entry yet","true","1","Yekar Tiferet on Mishneh Torah, Slaves 9:2:1"
"yekar-tiferet-on-mishneh-torah-slaves","Yekar Tiferet on Mishneh Torah, Slaves","tok-a3ccf1b5c386","פ״ז","פ״ז","Unresolved","","No lexical entry yet","true","1","Yekar Tiferet on Mishneh Torah, Slaves 6:7:2"
"yekar-tiferet-on-mishneh-torah-slaves","Yekar Tiferet on Mishneh Torah, Slaves","tok-fc9b89399d16","פ״ק","פ״ק","Unresolved","","No lexical entry yet","true","24","Yekar Tiferet on Mishneh Torah, Slaves 2:9:1; Yekar Tiferet on Mishneh Torah, Slaves 2:11:1; Yekar Tiferet on Mishneh Torah, Slaves 2:12:1; Yekar Tiferet on Mishneh Torah, Slaves 3:6:1; Yekar Tiferet on Mishneh Torah, Slaves 3:9:1"
"yekar-tiferet-on-mishneh-torah-slaves","Yekar Tiferet on Mishneh Torah, Slaves","tok-707f3374a017","פגע","פגע","Unresolved","","No lexical entry yet","true","4","Yekar Tiferet on Mishneh Torah, Slaves 1:2:2; Yekar Tiferet on Mishneh Torah, Slaves 2:4:1; Yekar Tiferet on Mishneh Torah, Slaves 2:5:2"
"yekar-tiferet-on-mishneh-torah-slaves","Yekar Tiferet on Mishneh Torah, Slaves","tok-9ce630356d0e","פדאו","פדאו","Unresolved","","No lexical entry yet","true","2","Yekar Tiferet on Mishneh Torah, Slaves 8:15:2; Yekar Tiferet on Mishneh Torah, Slaves 8:15:4"
"yekar-tiferet-on-mishneh-torah-slaves","Yekar Tiferet on Mishneh Torah, Slaves","tok-02b6d6c2009f","פדוי","פדוי","Unresolved","","No lexical entry yet","true","1","Yekar Tiferet on Mishneh Torah, Slaves 8:15:3"
"yekar-tiferet-on-mishneh-torah-slaves","Yekar Tiferet on Mishneh Torah, Slaves","tok-6573d4bf626e","פדיה","פדיה","Unresolved","","No lexical entry yet","true","5","Yekar Tiferet on Mishneh Torah, Slaves 4:7:2; Yekar Tiferet on Mishneh Torah, Slaves 4:7:3"
"yekar-tiferet-on-mishneh-torah-slaves","Yekar Tiferet on Mishneh Torah, Slaves","tok-b3c905c975d9","פדיון","פדיונ","Unresolved","","No lexical entry yet","true","1","Yekar Tiferet on Mishneh Torah, Slaves 7:4:1"
"yekar-tiferet-on-mishneh-torah-slaves","Yekar Tiferet on Mishneh Torah, Slaves","tok-125a72c6e7f3","פדיונה","פדיונה","Unresolved","","No lexical entry yet","true","2","Yekar Tiferet on Mishneh Torah, Slaves 2:8:1; Yekar Tiferet on Mishneh Torah, Slaves 4:7:3"
"yekar-tiferet-on-mishneh-torah-slaves","Yekar Tiferet on Mishneh Torah, Slaves","tok-b4cefeedf4d7","פדיונו","פדיונו","Unresolved","","No lexical entry yet","true","2","Yekar Tiferet on Mishneh Torah, Slaves 2:8:2"
"yekar-tiferet-on-mishneh-torah-slaves","Yekar Tiferet on Mishneh Torah, Slaves","tok-a5657cad9df4","פדיונן","פדיוננ","Unresolved","","No lexical entry yet","true","1","Yekar Tiferet on Mishneh Torah, Slaves 8:15:3"
"yekar-tiferet-on-mishneh-torah-slaves","Yekar Tiferet on Mishneh Torah, Slaves","tok-aef0a785728d","פוגע","פוגע","Unresolved","","No lexical entry yet","true","1","Yekar Tiferet on Mishneh Torah, Slaves 2:8:2"
"yekar-tiferet-on-mishneh-torah-slaves","Yekar Tiferet on Mishneh Torah, Slaves","tok-83f10cd51bfc","פוטר","פוטר","Unresolved","","No lexical entry yet","true","1","Yekar Tiferet on Mishneh Torah, Slaves 5:17:1"
"yekar-tiferet-on-mishneh-torah-slaves","Yekar Tiferet on Mishneh Torah, Slaves","tok-af3b0ff372c3","פוטרתו","פוטרתו","Unresolved","","No lexical entry yet","true","1","Yekar Tiferet on Mishneh Torah, Slaves 5:17:1"
"yekar-tiferet-on-mishneh-torah-slaves","Yekar Tiferet on Mishneh Torah, Slaves","tok-57b94f028dea","פוסלת","פוסלת","Unresolved","","No lexical entry yet","true","1","Yekar Tiferet on Mishneh Torah, Slaves 4:13:4"
"yekar-tiferet-on-mishneh-torah-slaves","Yekar Tiferet on Mishneh Torah, Slaves","tok-5cab4c0317e6","פטור","פטור","Unresolved","","No lexical entry yet","true","2","Yekar Tiferet on Mishneh Torah, Slaves 3:1:2; Yekar Tiferet on Mishneh Torah, Slaves 3:5:3"
"yekar-tiferet-on-mishneh-torah-slaves","Yekar Tiferet on Mishneh Torah, Slaves","tok-939a7e5f4216","פי״ב","פי״ב","Unresolved","","No lexical entry yet","true","1","Yekar Tiferet on Mishneh Torah, Slaves 9:3:1"
"yekar-tiferet-on-mishneh-torah-slaves","Yekar Tiferet on Mishneh Torah, Slaves","tok-4defb8334544","פירש","פירש","Unresolved","","No lexical entry yet","true","3","Yekar Tiferet on Mishneh Torah, Slaves 4:10:1; Yekar Tiferet on Mishneh Torah, Slaves 4:15:1"
"yekar-tiferet-on-mishneh-torah-slaves","Yekar Tiferet on Mishneh Torah, Slaves","tok-e811ebf264d7","פירשתיו","פירשתיו","Unresolved","","No lexical entry yet","true","1","Yekar Tiferet on Mishneh Torah, Slaves 4:8:1"
"yekar-tiferet-on-mishneh-torah-slaves","Yekar Tiferet on Mishneh Torah, Slaves","tok-44c0648e2182","פלוני","פלוני","Unresolved","","No lexical entry yet","true","3","Yekar Tiferet on Mishneh Torah, Slaves 2:1:1; Yekar Tiferet on Mishneh Torah, Slaves 6:2:1; Yekar Tiferet on Mishneh Torah, Slaves 6:3:1"
"yekar-tiferet-on-mishneh-torah-slaves","Yekar Tiferet on Mishneh Torah, Slaves","tok-dbd362fef4f6","פלונית","פלונית","Unresolved","","No lexical entry yet","true","1","Yekar Tiferet on Mishneh Torah, Slaves 6:4:1"
"yekar-tiferet-on-mishneh-torah-slaves","Yekar Tiferet on Mishneh Torah, Slaves","tok-56120f47f138","פליגי","פליגי","Unresolved","","No lexical entry yet","true","3","Yekar Tiferet on Mishneh Torah, Slaves 1:2:2; Yekar Tiferet on Mishneh Torah, Slaves 7:5:1"
"yekar-tiferet-on-mishneh-torah-slaves","Yekar Tiferet on Mishneh Torah, Slaves","tok-5cd75af4a361","פסולי","פסולי","Unresolved","","No lexical entry yet","true","1","Yekar Tiferet on Mishneh Torah, Slaves 6:6:3"
"yekar-tiferet-on-mishneh-torah-slaves","Yekar Tiferet on Mishneh Torah, Slaves","tok-68338460e380","פסולים","פסולימ","Unresolved","","No lexical entry yet","true","1","Yekar Tiferet on Mishneh Torah, Slaves 6:5:2"
"yekar-tiferet-on-mishneh-torah-slaves","Yekar Tiferet on Mishneh Torah, Slaves","tok-801cc925d7f0","פסיק","פסיק","Unresolved","","No lexical entry yet","true","2","Yekar Tiferet on Mishneh Torah, Slaves 2:12:2; Yekar Tiferet on Mishneh Torah, Slaves 4:11:1"
"yekar-tiferet-on-mishneh-torah-slaves","Yekar Tiferet on Mishneh Torah, Slaves","tok-e7272df9bbb9","פסק","פסק","Unresolved","","No lexical entry yet","true","3","Yekar Tiferet on Mishneh Torah, Slaves 5:4:4; Yekar Tiferet on Mishneh Torah, Slaves 5:14:1"
"yekar-tiferet-on-mishneh-torah-slaves","Yekar Tiferet on Mishneh Torah, Slaves","tok-205287700f60","פפא","פפא","Unresolved","","No lexical entry yet","true","1","Yekar Tiferet on Mishneh Torah, Slaves 6:6:6"
"yekar-tiferet-on-mishneh-torah-slaves","Yekar Tiferet on Mishneh Torah, Slaves","tok-f44f4111c4d9","פקדון","פקדונ","Unresolved","","No lexical entry yet","true","1","Yekar Tiferet on Mishneh Torah, Slaves 2:10:2"
"yekar-tiferet-on-mishneh-torah-slaves","Yekar Tiferet on Mishneh Torah, Slaves","tok-2be5ecae2873","פרו","פרו","Unresolved","","No lexical entry yet","true","1","Yekar Tiferet on Mishneh Torah, Slaves 4:7:2"
"yekar-tiferet-on-mishneh-torah-slaves","Yekar Tiferet on Mishneh Torah, Slaves","tok-77084d1f19ab","פרוטה","פרוטה","Unresolved","","No lexical entry yet","true","7","Yekar Tiferet on Mishneh Torah, Slaves 3:10:1; Yekar Tiferet on Mishneh Torah, Slaves 4:3:1; Yekar Tiferet on Mishneh Torah, Slaves 4:7:3"
"yekar-tiferet-on-mishneh-torah-slaves","Yekar Tiferet on Mishneh Torah, Slaves","tok-02ed05d1b426","פריך","פריכ","Unresolved","","No lexical entry yet","true","3","Yekar Tiferet on Mishneh Torah, Slaves 4:4:2; Yekar Tiferet on Mishneh Torah, Slaves 6:6:6; Yekar Tiferet on Mishneh Torah, Slaves 8:15:1"
"yekar-tiferet-on-mishneh-torah-slaves","Yekar Tiferet on Mishneh Torah, Slaves","tok-299e724eb314","פריק","פריק","Unresolved","","No lexical entry yet","true","1","Yekar Tiferet on Mishneh Torah, Slaves 4:14:1"
"yekar-tiferet-on-mishneh-torah-slaves","Yekar Tiferet on Mishneh Torah, Slaves","tok-bce7da67c107","פרך","פרכ","Unresolved","","No lexical entry yet","true","1","Yekar Tiferet on Mishneh Torah, Slaves 1:7:1"
"yekar-tiferet-on-mishneh-torah-slaves","Yekar Tiferet on Mishneh Torah, Slaves","tok-ed3e6b9ed3c5","פרעון","פרעונ","Unresolved","","No lexical entry yet","true","1","Yekar Tiferet on Mishneh Torah, Slaves 8:16:1"
"yekar-tiferet-on-mishneh-torah-slaves","Yekar Tiferet on Mishneh Torah, Slaves","tok-f09255b531e7","פרש״י","פרש״י","Unresolved","","No lexical entry yet","true","1","Yekar Tiferet on Mishneh Torah, Slaves 9:3:1"
"yekar-tiferet-on-mishneh-torah-slaves","Yekar Tiferet on Mishneh Torah, Slaves","tok-9929c884269c","פשיטותא","פשיטותא","Unresolved","","No lexical entry yet","true","1","Yekar Tiferet on Mishneh Torah, Slaves 4:7:5"
"yekar-tiferet-on-mishneh-torah-slaves","Yekar Tiferet on Mishneh Torah, Slaves","tok-26264e4bedfd","צ״ע","צ״ע","Unresolved","","No lexical entry yet","true","2","Yekar Tiferet on Mishneh Torah, Slaves 3:4:1; Yekar Tiferet on Mishneh Torah, Slaves 4:7:5"
"yekar-tiferet-on-mishneh-torah-slaves","Yekar Tiferet on Mishneh Torah, Slaves","tok-625a0962d29d","צא","צא","Unresolved","","No lexical entry yet","true","1","Yekar Tiferet on Mishneh Torah, Slaves 2:12:4"
"yekar-tiferet-on-mishneh-torah-slaves","Yekar Tiferet on Mishneh Torah, Slaves","tok-c5109452f6d1","צאן","צאנ","Unresolved","","No lexical entry yet","true","1","Yekar Tiferet on Mishneh Torah, Slaves 5:16:1"
"yekar-tiferet-on-mishneh-torah-slaves","Yekar Tiferet on Mishneh Torah, Slaves","tok-520db06399f2","צדדין","צדדינ","Unresolved","","No lexical entry yet","true","1","Yekar Tiferet on Mishneh Torah, Slaves 4:11:1"
"yekar-tiferet-on-mishneh-torah-slaves","Yekar Tiferet on Mishneh Torah, Slaves","tok-6f826def0c15","צריכנא","צריכנא","Unresolved","","No lexical entry yet","true","1","Yekar Tiferet on Mishneh Torah, Slaves 5:4:4"
"yekar-tiferet-on-mishneh-torah-slaves","Yekar Tiferet on Mishneh Torah, Slaves","tok-4b1e6e506f8e","קא","קא","Unresolved","","No lexical entry yet","true","5","Yekar Tiferet on Mishneh Torah, Slaves 3:1:3; Yekar Tiferet on Mishneh Torah, Slaves 3:5:3; Yekar Tiferet on Mishneh Torah, Slaves 4:9:1; Yekar Tiferet on Mishneh Torah, Slaves 4:9:2; Yekar Tiferet on Mishneh Torah, Slaves 8:15:4"
"yekar-tiferet-on-mishneh-torah-slaves","Yekar Tiferet on Mishneh Torah, Slaves","tok-317e20d514d3","קאי","קאי","Unresolved","","No lexical entry yet","true","1","Yekar Tiferet on Mishneh Torah, Slaves 9:7:1"
"yekar-tiferet-on-mishneh-torah-slaves","Yekar Tiferet on Mishneh Torah, Slaves","tok-61753af59c10","קאמר","קאמר","Unresolved","","No lexical entry yet","true","7","Yekar Tiferet on Mishneh Torah, Slaves 1:1:4; Yekar Tiferet on Mishneh Torah, Slaves 3:4:1; Yekar Tiferet on Mishneh Torah, Slaves 4:13:4; Yekar Tiferet on Mishneh Torah, Slaves 5:1:3; Yekar Tiferet on Mishneh Torah, Slaves 5:2:1"
"yekar-tiferet-on-mishneh-torah-slaves","Yekar Tiferet on Mishneh Torah, Slaves","tok-29da1502a187","קב","קב","Unresolved","","No lexical entry yet","true","2","Yekar Tiferet on Mishneh Torah, Slaves 3:4:1; Yekar Tiferet on Mishneh Torah, Slaves 5:4:4"
"yekar-tiferet-on-mishneh-torah-slaves","Yekar Tiferet on Mishneh Torah, Slaves","tok-07805b73c4db","קבורתה","קבורתה","Unresolved","","No lexical entry yet","true","1","Yekar Tiferet on Mishneh Torah, Slaves 3:2:2"
"yekar-tiferet-on-mishneh-torah-slaves","Yekar Tiferet on Mishneh Torah, Slaves","tok-c96bc76a64a3","קדושיה","קדושיה","Unresolved","","No lexical entry yet","true","1","Yekar Tiferet on Mishneh Torah, Slaves 4:5:1"
"yekar-tiferet-on-mishneh-torah-slaves","Yekar Tiferet on Mishneh Torah, Slaves","tok-2baaf0df81ed","קדושיו","קדושיו","Unresolved","","No lexical entry yet","true","2","Yekar Tiferet on Mishneh Torah, Slaves 4:7:5; Yekar Tiferet on Mishneh Torah, Slaves 4:15:1"
"yekar-tiferet-on-mishneh-torah-slaves","Yekar Tiferet on Mishneh Torah, Slaves","tok-e3f2a935e798","קדושין","קדושינ","Unresolved","","No lexical entry yet","true","10","Yekar Tiferet on Mishneh Torah, Slaves 1:10:1; Yekar Tiferet on Mishneh Torah, Slaves 4:7:2; Yekar Tiferet on Mishneh Torah, Slaves 4:7:5; Yekar Tiferet on Mishneh Torah, Slaves 4:13:2; Yekar Tiferet on Mishneh Torah, Slaves 4:15:1"
"yekar-tiferet-on-mishneh-torah-slaves","Yekar Tiferet on Mishneh Torah, Slaves","tok-2ff92a4d4f68","קונהו","קונהו","Unresolved","","No lexical entry yet","true","4","Yekar Tiferet on Mishneh Torah, Slaves 2:6:2; Yekar Tiferet on Mishneh Torah, Slaves 2:12:1"
"yekar-tiferet-on-mishneh-torah-slaves","Yekar Tiferet on Mishneh Torah, Slaves","tok-a37f9a2cc3a7","קונין","קונינ","Unresolved","","No lexical entry yet","true","2","Yekar Tiferet on Mishneh Torah, Slaves 1:3:1"
"yekar-tiferet-on-mishneh-torah-slaves","Yekar Tiferet on Mishneh Torah, Slaves","tok-59d113d59f8d","קורת","קורת","Unresolved","","No lexical entry yet","true","1","Yekar Tiferet on Mishneh Torah, Slaves 6:4:1"
"yekar-tiferet-on-mishneh-torah-slaves","Yekar Tiferet on Mishneh Torah, Slaves","tok-b572949ca724","קושיא","קושיא","Unresolved","","No lexical entry yet","true","4","Yekar Tiferet on Mishneh Torah, Slaves 4:3:1; Yekar Tiferet on Mishneh Torah, Slaves 4:10:1; Yekar Tiferet on Mishneh Torah, Slaves 5:10:2; Yekar Tiferet on Mishneh Torah, Slaves 8:17:2"
"yekar-tiferet-on-mishneh-torah-slaves","Yekar Tiferet on Mishneh Torah, Slaves","tok-5f680eb489bd","קי״ל","קי״ל","Unresolved","","No lexical entry yet","true","12","Yekar Tiferet on Mishneh Torah, Slaves 3:4:1; Yekar Tiferet on Mishneh Torah, Slaves 3:5:3; Yekar Tiferet on Mishneh Torah, Slaves 5:3:1; Yekar Tiferet on Mishneh Torah, Slaves 5:4:4; Yekar Tiferet on Mishneh Torah, Slaves 5:5:3"
"yekar-tiferet-on-mishneh-torah-slaves","Yekar Tiferet on Mishneh Torah, Slaves","tok-c7756d732f2a","קידושין","קידושינ","Unresolved","","No lexical entry yet","true","1","Yekar Tiferet on Mishneh Torah, Slaves 3:3:1"
"yekar-tiferet-on-mishneh-torah-slaves","Yekar Tiferet on Mishneh Torah, Slaves","tok-58fddb85d3b8","קיימו","קיימו","Unresolved","","No lexical entry yet","true","2","Yekar Tiferet on Mishneh Torah, Slaves 7:2:1"
"yekar-tiferet-on-mishneh-torah-slaves","Yekar Tiferet on Mishneh Torah, Slaves","tok-10e47d71b240","קיימין","קיימינ","Unresolved","","No lexical entry yet","true","4","Yekar Tiferet on Mishneh Torah, Slaves 7:5:1"
"yekar-tiferet-on-mishneh-torah-slaves","Yekar Tiferet on Mishneh Torah, Slaves","tok-6ad2fa900ed5","קיצר","קיצר","Unresolved","","No lexical entry yet","true","1","Yekar Tiferet on Mishneh Torah, Slaves 6:7:2"
"yekar-tiferet-on-mishneh-torah-slaves","Yekar Tiferet on Mishneh Torah, Slaves","tok-2eef7a5cd193","קמ״ל","קמ״ל","Unresolved","","No lexical entry yet","true","12","Yekar Tiferet on Mishneh Torah, Slaves 1:8:2; Yekar Tiferet on Mishneh Torah, Slaves 1:10:1; Yekar Tiferet on Mishneh Torah, Slaves 4:3:2; Yekar Tiferet on Mishneh Torah, Slaves 4:7:1; Yekar Tiferet on Mishneh Torah, Slaves 4:9:1"
"yekar-tiferet-on-mishneh-torah-slaves","Yekar Tiferet on Mishneh Torah, Slaves","tok-8bb42cf59a6f","קמא","קמא","Unresolved","","No lexical entry yet","true","1","Yekar Tiferet on Mishneh Torah, Slaves 8:6:1"
"yekar-tiferet-on-mishneh-torah-slaves","Yekar Tiferet on Mishneh Torah, Slaves","tok-068a39c01077","קמאי","קמאי","Unresolved","","No lexical entry yet","true","1","Yekar Tiferet on Mishneh Torah, Slaves 8:14:1"
"yekar-tiferet-on-mishneh-torah-slaves","Yekar Tiferet on Mishneh Torah, Slaves","tok-c3fa0add4477","קנאו","קנאו","Unresolved","","No lexical entry yet","true","3","Yekar Tiferet on Mishneh Torah, Slaves 8:15:1; Yekar Tiferet on Mishneh Torah, Slaves 8:20:1"
"yekar-tiferet-on-mishneh-torah-slaves","Yekar Tiferet on Mishneh Torah, Slaves","tok-7987c9a48601","קנו","קנו","Unresolved","","No lexical entry yet","true","4","Yekar Tiferet on Mishneh Torah, Slaves 7:3:2; Yekar Tiferet on Mishneh Torah, Slaves 7:3:3; Yekar Tiferet on Mishneh Torah, Slaves 7:3:4; Yekar Tiferet on Mishneh Torah, Slaves 8:19:1"
"yekar-tiferet-on-mishneh-torah-slaves","Yekar Tiferet on Mishneh Torah, Slaves","tok-efaa5f47919e","קנוי","קנוי","Unresolved","","No lexical entry yet","true","4","Yekar Tiferet on Mishneh Torah, Slaves 2:11:1; Yekar Tiferet on Mishneh Torah, Slaves 4:4:3; Yekar Tiferet on Mishneh Torah, Slaves 9:5:1"
"yekar-tiferet-on-mishneh-torah-slaves","Yekar Tiferet on Mishneh Torah, Slaves","tok-735ea24331da","קנויה","קנויה","Unresolved","","No lexical entry yet","true","3","Yekar Tiferet on Mishneh Torah, Slaves 4:3:2"
"yekar-tiferet-on-mishneh-torah-slaves","Yekar Tiferet on Mishneh Torah, Slaves","tok-d10f303d1283","קני","קני","Unresolved","","No lexical entry yet","true","10","Yekar Tiferet on Mishneh Torah, Slaves 1:3:1; Yekar Tiferet on Mishneh Torah, Slaves 9:5:1"
"yekar-tiferet-on-mishneh-torah-slaves","Yekar Tiferet on Mishneh Torah, Slaves","tok-0be62cf99c08","קניה","קניה","Unresolved","","No lexical entry yet","true","1","Yekar Tiferet on Mishneh Torah, Slaves 5:1:2"
"yekar-tiferet-on-mishneh-torah-slaves","Yekar Tiferet on Mishneh Torah, Slaves","tok-c3bff9713afa","קנסינן","קנסיננ","Unresolved","","No lexical entry yet","true","1","Yekar Tiferet on Mishneh Torah, Slaves 8:6:1"
"yekar-tiferet-on-mishneh-torah-slaves","Yekar Tiferet on Mishneh Torah, Slaves","tok-4303932a1245","קפיד","קפיד","Unresolved","","No lexical entry yet","true","2","Yekar Tiferet on Mishneh Torah, Slaves 9:1:1; Yekar Tiferet on Mishneh Torah, Slaves 9:6:3"
"yekar-tiferet-on-mishneh-torah-slaves","Yekar Tiferet on Mishneh Torah, Slaves","tok-ac332ab3e403","קצובות","קצובות","Unresolved","","No lexical entry yet","true","2","Yekar Tiferet on Mishneh Torah, Slaves 2:8:2"
"yekar-tiferet-on-mishneh-torah-slaves","Yekar Tiferet on Mishneh Torah, Slaves","tok-977d04b43afc","קראו","קראו","Unresolved","","No lexical entry yet","true","1","Yekar Tiferet on Mishneh Torah, Slaves 3:14:4"
"yekar-tiferet-on-mishneh-torah-slaves","Yekar Tiferet on Mishneh Torah, Slaves","tok-798eec2f8d9b","קראי","קראי","Unresolved","","No lexical entry yet","true","1","Yekar Tiferet on Mishneh Torah, Slaves 5:12:1"
"yekar-tiferet-on-mishneh-torah-slaves","Yekar Tiferet on Mishneh Torah, Slaves","tok-64a9ea18f02e","קרוביו","קרוביו","Unresolved","","No lexical entry yet","true","1","Yekar Tiferet on Mishneh Torah, Slaves 2:7:2"
"yekar-tiferet-on-mishneh-torah-slaves","Yekar Tiferet on Mishneh Torah, Slaves","tok-b1dbd932029b","קרויה","קרויה","Unresolved","","No lexical entry yet","true","1","Yekar Tiferet on Mishneh Torah, Slaves 1:2:2"
"yekar-tiferet-on-mishneh-torah-slaves","Yekar Tiferet on Mishneh Torah, Slaves","tok-45a2b30d992e","קרי","קרי","Unresolved","","No lexical entry yet","true","2","Yekar Tiferet on Mishneh Torah, Slaves 3:3:1; Yekar Tiferet on Mishneh Torah, Slaves 4:10:1"
"yekar-tiferet-on-mishneh-torah-slaves","Yekar Tiferet on Mishneh Torah, Slaves","tok-20a19bba0d48","קרינן","קריננ","Unresolved","","No lexical entry yet","true","1","Yekar Tiferet on Mishneh Torah, Slaves 5:16:1"
"yekar-tiferet-on-mishneh-torah-slaves","Yekar Tiferet on Mishneh Torah, Slaves","tok-3b0d469d6445","קרקע","קרקע","Unresolved","","No lexical entry yet","true","2","Yekar Tiferet on Mishneh Torah, Slaves 7:1:2"
"yekar-tiferet-on-mishneh-torah-slaves","Yekar Tiferet on Mishneh Torah, Slaves","tok-47c2a7f023d6","קרקעות","קרקעות","Unresolved","","No lexical entry yet","true","1","Yekar Tiferet on Mishneh Torah, Slaves 4:3:2"
"yekar-tiferet-on-mishneh-torah-slaves","Yekar Tiferet on Mishneh Torah, Slaves","tok-3b0891311059","קשיא","קשיא","Unresolved","","No lexical entry yet","true","6","Yekar Tiferet on Mishneh Torah, Slaves 1:6:2; Yekar Tiferet on Mishneh Torah, Slaves 5:14:1; Yekar Tiferet on Mishneh Torah, Slaves 7:3:3; Yekar Tiferet on Mishneh Torah, Slaves 8:8:1; Yekar Tiferet on Mishneh Torah, Slaves 8:13:1"
"yekar-tiferet-on-mishneh-torah-slaves","Yekar Tiferet on Mishneh Torah, Slaves","tok-2e727d300e67","קתני","קתני","Unresolved","","No lexical entry yet","true","9","Yekar Tiferet on Mishneh Torah, Slaves 1:3:1; Yekar Tiferet on Mishneh Torah, Slaves 5:1:1; Yekar Tiferet on Mishneh Torah, Slaves 6:6:5; Yekar Tiferet on Mishneh Torah, Slaves 6:7:1"
"yekar-tiferet-on-mishneh-torah-slaves","Yekar Tiferet on Mishneh Torah, Slaves","tok-f5b40b6c5978","ר״ש","ר״ש","Unresolved","","No lexical entry yet","true","1","Yekar Tiferet on Mishneh Torah, Slaves 5:3:1"
"yekar-tiferet-on-mishneh-torah-slaves","Yekar Tiferet on Mishneh Torah, Slaves","tok-d3e6975a74ff","ראית","ראית","Unresolved","","No lexical entry yet","true","1","Yekar Tiferet on Mishneh Torah, Slaves 5:10:2"
"yekar-tiferet-on-mishneh-torah-slaves","Yekar Tiferet on Mishneh Torah, Slaves","tok-3ea09e952bdb","ראשונה","ראשונה","Unresolved","","No lexical entry yet","true","2","Yekar Tiferet on Mishneh Torah, Slaves 2:2:1; Yekar Tiferet on Mishneh Torah, Slaves 2:5:2"
"yekar-tiferet-on-mishneh-torah-slaves","Yekar Tiferet on Mishneh Torah, Slaves","tok-09ddbe9e32f8","ראשי","ראשי","Unresolved","","No lexical entry yet","true","11","Yekar Tiferet on Mishneh Torah, Slaves 5:1:2; Yekar Tiferet on Mishneh Torah, Slaves 5:4:3; Yekar Tiferet on Mishneh Torah, Slaves 5:4:4; Yekar Tiferet on Mishneh Torah, Slaves 5:4:5; Yekar Tiferet on Mishneh Torah, Slaves 5:5:2"
"yekar-tiferet-on-mishneh-torah-slaves","Yekar Tiferet on Mishneh Torah, Slaves","tok-da01979628b6","רבא","רבא","Unresolved","","No lexical entry yet","true","4","Yekar Tiferet on Mishneh Torah, Slaves 3:10:1; Yekar Tiferet on Mishneh Torah, Slaves 4:4:3; Yekar Tiferet on Mishneh Torah, Slaves 7:2:2; Yekar Tiferet on Mishneh Torah, Slaves 8:19:1"
"yekar-tiferet-on-mishneh-torah-slaves","Yekar Tiferet on Mishneh Torah, Slaves","tok-ef2cb0a8ee49","רבויא","רבויא","Unresolved","","No lexical entry yet","true","1","Yekar Tiferet on Mishneh Torah, Slaves 5:10:2"
"yekar-tiferet-on-mishneh-torah-slaves","Yekar Tiferet on Mishneh Torah, Slaves","tok-c1593ef394f3","רבי","רבי","Unresolved","","No lexical entry yet","true","6","Yekar Tiferet on Mishneh Torah, Slaves 5:4:4; Yekar Tiferet on Mishneh Torah, Slaves 6:2:1; Yekar Tiferet on Mishneh Torah, Slaves 6:4:1; Yekar Tiferet on Mishneh Torah, Slaves 7:6:2"
"yekar-tiferet-on-mishneh-torah-slaves","Yekar Tiferet on Mishneh Torah, Slaves","tok-f3b0624e6c6e","רבינא","רבינא","Unresolved","","No lexical entry yet","true","1","Yekar Tiferet on Mishneh Torah, Slaves 8:14:1"
"yekar-tiferet-on-mishneh-torah-slaves","Yekar Tiferet on Mishneh Torah, Slaves","tok-02582a90dcb5","רבינו","רבינו","Unresolved","","No lexical entry yet","true","82","Yekar Tiferet on Mishneh Torah, Slaves 1:1:1; Yekar Tiferet on Mishneh Torah, Slaves 1:2:1; Yekar Tiferet on Mishneh Torah, Slaves 1:2:2; Yekar Tiferet on Mishneh Torah, Slaves 1:3:1; Yekar Tiferet on Mishneh Torah, Slaves 1:6:2"
"yekar-tiferet-on-mishneh-torah-slaves","Yekar Tiferet on Mishneh Torah, Slaves","tok-e9d7d2145ae4","רבית","רבית","Unresolved","","No lexical entry yet","true","7","Yekar Tiferet on Mishneh Torah, Slaves 1:8:2"
"yekar-tiferet-on-mishneh-torah-slaves","Yekar Tiferet on Mishneh Torah, Slaves","tok-4b2445ebf646","רבנן","רבננ","Unresolved","","No lexical entry yet","true","3","Yekar Tiferet on Mishneh Torah, Slaves 4:7:5; Yekar Tiferet on Mishneh Torah, Slaves 4:11:1"
"yekar-tiferet-on-mishneh-torah-slaves","Yekar Tiferet on Mishneh Torah, Slaves","tok-9e22980cabe4","רודה","רודה","Unresolved","","No lexical entry yet","true","2","Yekar Tiferet on Mishneh Torah, Slaves 1:7:2"
"yekar-tiferet-on-mishneh-torah-slaves","Yekar Tiferet on Mishneh Torah, Slaves","tok-09f190d8d83b","רופא","רופא","Unresolved","","No lexical entry yet","true","1","Yekar Tiferet on Mishneh Torah, Slaves 5:13:1"
"yekar-tiferet-on-mishneh-torah-slaves","Yekar Tiferet on Mishneh Torah, Slaves","tok-6bca9d0f1a76","רוצעין","רוצעינ","Unresolved","","No lexical entry yet","true","1","Yekar Tiferet on Mishneh Torah, Slaves 3:9:1"
"yekar-tiferet-on-mishneh-torah-slaves","Yekar Tiferet on Mishneh Torah, Slaves","tok-613fd6ce5b12","רחמנא","רחמנא","Unresolved","","No lexical entry yet","true","2","Yekar Tiferet on Mishneh Torah, Slaves 2:5:2; Yekar Tiferet on Mishneh Torah, Slaves 3:6:1"
"yekar-tiferet-on-mishneh-torah-slaves","Yekar Tiferet on Mishneh Torah, Slaves","tok-1f7ea49c03d6","ריקנות","ריקנות","Unresolved","","No lexical entry yet","true","1","Yekar Tiferet on Mishneh Torah, Slaves 3:12:2"
"yekar-tiferet-on-mishneh-torah-slaves","Yekar Tiferet on Mishneh Torah, Slaves","tok-a71e78253735","רישא","רישא","Unresolved","","No lexical entry yet","true","3","Yekar Tiferet on Mishneh Torah, Slaves 4:13:2; Yekar Tiferet on Mishneh Torah, Slaves 5:4:3; Yekar Tiferet on Mishneh Torah, Slaves 7:5:1"
"yekar-tiferet-on-mishneh-torah-slaves","Yekar Tiferet on Mishneh Torah, Slaves","tok-7315909c5863","רמינן","רמיננ","Unresolved","","No lexical entry yet","true","1","Yekar Tiferet on Mishneh Torah, Slaves 7:3:3"
"yekar-tiferet-on-mishneh-torah-slaves","Yekar Tiferet on Mishneh Torah, Slaves","tok-a6447a5035b0","רפואת","רפואת","Unresolved","","No lexical entry yet","true","1","Yekar Tiferet on Mishneh Torah, Slaves 3:2:1"
"yekar-tiferet-on-mishneh-torah-slaves","Yekar Tiferet on Mishneh Torah, Slaves","tok-faea4b031027","רצה","רצה","Unresolved","","No lexical entry yet","true","9","Yekar Tiferet on Mishneh Torah, Slaves 1:2:2; Yekar Tiferet on Mishneh Torah, Slaves 4:10:1; Yekar Tiferet on Mishneh Torah, Slaves 4:13:4; Yekar Tiferet on Mishneh Torah, Slaves 4:15:1; Yekar Tiferet on Mishneh Torah, Slaves 4:16:1"
"yekar-tiferet-on-mishneh-torah-slaves","Yekar Tiferet on Mishneh Torah, Slaves","tok-426810a071c4","רציעה","רציעה","Unresolved","","No lexical entry yet","true","3","Yekar Tiferet on Mishneh Torah, Slaves 3:7:2; Yekar Tiferet on Mishneh Torah, Slaves 3:9:4"
"yekar-tiferet-on-mishneh-torah-slaves","Yekar Tiferet on Mishneh Torah, Slaves","tok-78cc36b8afab","רצת","רצת","Unresolved","","No lexical entry yet","true","1","Yekar Tiferet on Mishneh Torah, Slaves 4:7:1"
"yekar-tiferet-on-mishneh-torah-slaves","Yekar Tiferet on Mishneh Torah, Slaves","tok-fdbe85c54ea7","רשאי","רשאי","Unresolved","","No lexical entry yet","true","19","Yekar Tiferet on Mishneh Torah, Slaves 1:3:1; Yekar Tiferet on Mishneh Torah, Slaves 2:7:1; Yekar Tiferet on Mishneh Torah, Slaves 3:5:1; Yekar Tiferet on Mishneh Torah, Slaves 3:12:1; Yekar Tiferet on Mishneh Torah, Slaves 4:2:1"
"yekar-tiferet-on-mishneh-torah-slaves","Yekar Tiferet on Mishneh Torah, Slaves","tok-3b4bd4b5757f","רשב״ג","רשב״ג","Unresolved","","No lexical entry yet","true","1","Yekar Tiferet on Mishneh Torah, Slaves 8:15:1"
"yekar-tiferet-on-mishneh-torah-slaves","Yekar Tiferet on Mishneh Torah, Slaves","tok-102084fa7a04","ש״מ","ש״מ","Unresolved","","No lexical entry yet","true","1","Yekar Tiferet on Mishneh Torah, Slaves 5:2:1"
"yekar-tiferet-on-mishneh-torah-slaves","Yekar Tiferet on Mishneh Torah, Slaves","tok-de64ed367059","שאבוא","שאבוא","Unresolved","","No lexical entry yet","true","1","Yekar Tiferet on Mishneh Torah, Slaves 1:6:2"
"yekar-tiferet-on-mishneh-torah-slaves","Yekar Tiferet on Mishneh Torah, Slaves","tok-338c12f43789","שאוכל","שאוכל","Unresolved","","No lexical entry yet","true","1","Yekar Tiferet on Mishneh Torah, Slaves 2:7:5"
"yekar-tiferet-on-mishneh-torah-slaves","Yekar Tiferet on Mishneh Torah, Slaves","tok-7c0b5de718c1","שאילו","שאילו","Unresolved","","No lexical entry yet","true","1","Yekar Tiferet on Mishneh Torah, Slaves 8:6:1"
"yekar-tiferet-on-mishneh-torah-slaves","Yekar Tiferet on Mishneh Torah, Slaves","tok-5c2b62a09804","שאלני","שאלני","Unresolved","","No lexical entry yet","true","1","Yekar Tiferet on Mishneh Torah, Slaves 3:3:1"
"yekar-tiferet-on-mishneh-torah-slaves","Yekar Tiferet on Mishneh Torah, Slaves","tok-060ea58249dc","שאמרו","שאמרו","Unresolved","","No lexical entry yet","true","6","Yekar Tiferet on Mishneh Torah, Slaves 4:15:1; Yekar Tiferet on Mishneh Torah, Slaves 4:16:1; Yekar Tiferet on Mishneh Torah, Slaves 6:8:4; Yekar Tiferet on Mishneh Torah, Slaves 7:1:2; Yekar Tiferet on Mishneh Torah, Slaves 7:4:1"
"yekar-tiferet-on-mishneh-torah-slaves","Yekar Tiferet on Mishneh Torah, Slaves","tok-24d784a8bfbd","שאמרת","שאמרת","Unresolved","","No lexical entry yet","true","1","Yekar Tiferet on Mishneh Torah, Slaves 5:3:1"
"yekar-tiferet-on-mishneh-torah-slaves","Yekar Tiferet on Mishneh Torah, Slaves","tok-e7e2eea9ee0a","שאסור","שאסור","Unresolved","","No lexical entry yet","true","1","Yekar Tiferet on Mishneh Torah, Slaves 9:3:1"
"yekar-tiferet-on-mishneh-torah-slaves","Yekar Tiferet on Mishneh Torah, Slaves","tok-7c3f55d53f82","שאסורו","שאסורו","Unresolved","","No lexical entry yet","true","1","Yekar Tiferet on Mishneh Torah, Slaves 3:3:1"
"yekar-tiferet-on-mishneh-torah-slaves","Yekar Tiferet on Mishneh Torah, Slaves","tok-fdef55ec205e","שאתה","שאתה","Unresolved","","No lexical entry yet","true","3","Yekar Tiferet on Mishneh Torah, Slaves 1:9:2; Yekar Tiferet on Mishneh Torah, Slaves 9:3:1"
"yekar-tiferet-on-mishneh-torah-slaves","Yekar Tiferet on Mishneh Torah, Slaves","tok-99f602e8d063","שבאשה","שבאשה","Unresolved","","No lexical entry yet","true","1","Yekar Tiferet on Mishneh Torah, Slaves 5:5:3"
"yekar-tiferet-on-mishneh-torah-slaves","Yekar Tiferet on Mishneh Torah, Slaves","tok-75867fd65b65","שבגד","שבגד","Unresolved","","No lexical entry yet","true","2","Yekar Tiferet on Mishneh Torah, Slaves 4:10:1"
"yekar-tiferet-on-mishneh-torah-slaves","Yekar Tiferet on Mishneh Torah, Slaves","tok-87e44576bc11","שבגלוי","שבגלוי","Unresolved","","No lexical entry yet","true","2","Yekar Tiferet on Mishneh Torah, Slaves 5:4:3; Yekar Tiferet on Mishneh Torah, Slaves 5:4:4"
"yekar-tiferet-on-mishneh-torah-slaves","Yekar Tiferet on Mishneh Torah, Slaves","tok-25deec8e298c","שבוי","שבוי","Unresolved","","No lexical entry yet","true","1","Yekar Tiferet on Mishneh Torah, Slaves 8:15:1"
"yekar-tiferet-on-mishneh-torah-slaves","Yekar Tiferet on Mishneh Torah, Slaves","tok-13adbce3a803","שבח","שבח","Unresolved","","No lexical entry yet","true","1","Yekar Tiferet on Mishneh Torah, Slaves 3:15:2"
"yekar-tiferet-on-mishneh-torah-slaves","Yekar Tiferet on Mishneh Torah, Slaves","tok-7470eb035325","שבי״ד","שבי״ד","Unresolved","","No lexical entry yet","true","1","Yekar Tiferet on Mishneh Torah, Slaves 2:1:1"
"yekar-tiferet-on-mishneh-torah-slaves","Yekar Tiferet on Mishneh Torah, Slaves","tok-027c11e45881","שביארנו","שביארנו","Unresolved","","No lexical entry yet","true","1","Yekar Tiferet on Mishneh Torah, Slaves 2:8:1"
"yekar-tiferet-on-mishneh-torah-slaves","Yekar Tiferet on Mishneh Torah, Slaves","tok-18112a68fea8","שבמשפחתו","שבמשפחתו","Unresolved","","No lexical entry yet","true","1","Yekar Tiferet on Mishneh Torah, Slaves 3:8:1"
"yekar-tiferet-on-mishneh-torah-slaves","Yekar Tiferet on Mishneh Torah, Slaves","tok-77a533b60930","שבניה","שבניה","Unresolved","","No lexical entry yet","true","2","Yekar Tiferet on Mishneh Torah, Slaves 6:4:1"
"yekar-tiferet-on-mishneh-torah-slaves","Yekar Tiferet on Mishneh Torah, Slaves","tok-69b86685d9fd","שבעה","שבעה","Unresolved","","No lexical entry yet","true","2","Yekar Tiferet on Mishneh Torah, Slaves 9:2:1; Yekar Tiferet on Mishneh Torah, Slaves 9:3:1"
"yekar-tiferet-on-mishneh-torah-slaves","Yekar Tiferet on Mishneh Torah, Slaves","tok-7a5a41a03f86","שבקינן","שבקיננ","Unresolved","","No lexical entry yet","true","1","Yekar Tiferet on Mishneh Torah, Slaves 1:2:2"
"yekar-tiferet-on-mishneh-torah-slaves","Yekar Tiferet on Mishneh Torah, Slaves","tok-56552af91b2d","שברח","שברח","Unresolved","","No lexical entry yet","true","6","Yekar Tiferet on Mishneh Torah, Slaves 2:4:1; Yekar Tiferet on Mishneh Torah, Slaves 8:10:1; Yekar Tiferet on Mishneh Torah, Slaves 8:11:1; Yekar Tiferet on Mishneh Torah, Slaves 8:14:1"
"yekar-tiferet-on-mishneh-torah-slaves","Yekar Tiferet on Mishneh Torah, Slaves","tok-b984db0a4e13","שברחה","שברחה","Unresolved","","No lexical entry yet","true","1","Yekar Tiferet on Mishneh Torah, Slaves 8:11:1"
"yekar-tiferet-on-mishneh-torah-slaves","Yekar Tiferet on Mishneh Torah, Slaves","tok-cd01e8fa842c","שבש","שבש","Unresolved","","No lexical entry yet","true","1","Yekar Tiferet on Mishneh Torah, Slaves 8:17:2"
"yekar-tiferet-on-mishneh-torah-slaves","Yekar Tiferet on Mishneh Torah, Slaves","tok-11249ec7c911","שגזר","שגזר","Unresolved","","No lexical entry yet","true","1","Yekar Tiferet on Mishneh Torah, Slaves 1:8:2"
"yekar-tiferet-on-mishneh-torah-slaves","Yekar Tiferet on Mishneh Torah, Slaves","tok-dbc283bbf197","שגנב","שגנב","Unresolved","","No lexical entry yet","true","1","Yekar Tiferet on Mishneh Torah, Slaves 3:8:2"
"yekar-tiferet-on-mishneh-torah-slaves","Yekar Tiferet on Mishneh Torah, Slaves","tok-408d8b018cb5","שדהו","שדהו","Unresolved","","No lexical entry yet","true","2","Yekar Tiferet on Mishneh Torah, Slaves 1:6:4; Yekar Tiferet on Mishneh Torah, Slaves 4:2:1"
"yekar-tiferet-on-mishneh-torah-slaves","Yekar Tiferet on Mishneh Torah, Slaves","tok-7d2f4c51dbd7","שדין","שדינ","Unresolved","","No lexical entry yet","true","2","Yekar Tiferet on Mishneh Torah, Slaves 8:9:2; Yekar Tiferet on Mishneh Torah, Slaves 8:10:1"
"yekar-tiferet-on-mishneh-torah-slaves","Yekar Tiferet on Mishneh Torah, Slaves","tok-4743bafceed5","שדעת","שדעת","Unresolved","","No lexical entry yet","true","1","Yekar Tiferet on Mishneh Torah, Slaves 8:8:1"
"yekar-tiferet-on-mishneh-torah-slaves","Yekar Tiferet on Mishneh Torah, Slaves","tok-d63f94f3fd98","שהאב","שהאב","Unresolved","","No lexical entry yet","true","1","Yekar Tiferet on Mishneh Torah, Slaves 4:13:4"
"yekar-tiferet-on-mishneh-torah-slaves","Yekar Tiferet on Mishneh Torah, Slaves","tok-5ae89406ffab","שהאריך","שהאריכ","Unresolved","","No lexical entry yet","true","1","Yekar Tiferet on Mishneh Torah, Slaves 3:9:2"
"yekar-tiferet-on-mishneh-torah-slaves","Yekar Tiferet on Mishneh Torah, Slaves","tok-0b9b73bcee45","שהאשה","שהאשה","Unresolved","","No lexical entry yet","true","3","Yekar Tiferet on Mishneh Torah, Slaves 6:6:4; Yekar Tiferet on Mishneh Torah, Slaves 6:7:2; Yekar Tiferet on Mishneh Torah, Slaves 6:7:3"
"yekar-tiferet-on-mishneh-torah-slaves","Yekar Tiferet on Mishneh Torah, Slaves","tok-4f3347049975","שהבאתי","שהבאתי","Unresolved","","No lexical entry yet","true","1","Yekar Tiferet on Mishneh Torah, Slaves 9:3:1"
"yekar-tiferet-on-mishneh-torah-slaves","Yekar Tiferet on Mishneh Torah, Slaves","tok-f661a7c5a6a3","שהביא","שהביא","Unresolved","","No lexical entry yet","true","1","Yekar Tiferet on Mishneh Torah, Slaves 7:2:1"
"yekar-tiferet-on-mishneh-torah-slaves","Yekar Tiferet on Mishneh Torah, Slaves","tok-3bd13d330216","שהבעל","שהבעל","Unresolved","","No lexical entry yet","true","2","Yekar Tiferet on Mishneh Torah, Slaves 3:2:2; Yekar Tiferet on Mishneh Torah, Slaves 4:3:2"
"yekar-tiferet-on-mishneh-torah-slaves","Yekar Tiferet on Mishneh Torah, Slaves","tok-756617e03148","שהגט","שהגט","Unresolved","","No lexical entry yet","true","2","Yekar Tiferet on Mishneh Torah, Slaves 6:7:2; Yekar Tiferet on Mishneh Torah, Slaves 6:7:3"
"yekar-tiferet-on-mishneh-torah-slaves","Yekar Tiferet on Mishneh Torah, Slaves","tok-d415fbeae6de","שהגניבה","שהגניבה","Unresolved","","No lexical entry yet","true","1","Yekar Tiferet on Mishneh Torah, Slaves 2:2:1"
"yekar-tiferet-on-mishneh-torah-slaves","Yekar Tiferet on Mishneh Torah, Slaves","tok-4fc8de231311","שהדין","שהדינ","Unresolved","","No lexical entry yet","true","1","Yekar Tiferet on Mishneh Torah, Slaves 9:8:2"
"yekar-tiferet-on-mishneh-torah-slaves","Yekar Tiferet on Mishneh Torah, Slaves","tok-fc84f0326db5","שהודה","שהודה","Unresolved","","No lexical entry yet","true","1","Yekar Tiferet on Mishneh Torah, Slaves 6:3:1"
"yekar-tiferet-on-mishneh-torah-slaves","Yekar Tiferet on Mishneh Torah, Slaves","tok-813bba29429d","שהודו","שהודו","Unresolved","","No lexical entry yet","true","1","Yekar Tiferet on Mishneh Torah, Slaves 5:15:1"
"yekar-tiferet-on-mishneh-torah-slaves","Yekar Tiferet on Mishneh Torah, Slaves","tok-bbe9ec94d811","שהולד","שהולד","Unresolved","","No lexical entry yet","true","1","Yekar Tiferet on Mishneh Torah, Slaves 9:1:1"
"yekar-tiferet-on-mishneh-torah-slaves","Yekar Tiferet on Mishneh Torah, Slaves","tok-83171740fc02","שהוקשו","שהוקשו","Unresolved","","No lexical entry yet","true","1","Yekar Tiferet on Mishneh Torah, Slaves 3:13:1"
"yekar-tiferet-on-mishneh-torah-slaves","Yekar Tiferet on Mishneh Torah, Slaves","tok-ab5a1b308dd5","שהות","שהות","Unresolved","","No lexical entry yet","true","1","Yekar Tiferet on Mishneh Torah, Slaves 4:7:3"
"yekar-tiferet-on-mishneh-torah-slaves","Yekar Tiferet on Mishneh Torah, Slaves","tok-4c0d2eb6c6ab","שהזכיר","שהזכיר","Unresolved","","No lexical entry yet","true","1","Yekar Tiferet on Mishneh Torah, Slaves 4:9:2"
"yekar-tiferet-on-mishneh-torah-slaves","Yekar Tiferet on Mishneh Torah, Slaves","tok-f10f1e4ecf3d","שהזכרתי","שהזכרתי","Unresolved","","No lexical entry yet","true","1","Yekar Tiferet on Mishneh Torah, Slaves 4:13:1"
"yekar-tiferet-on-mishneh-torah-slaves","Yekar Tiferet on Mishneh Torah, Slaves","tok-b289eec057aa","שהחמיר","שהחמיר","Unresolved","","No lexical entry yet","true","1","Yekar Tiferet on Mishneh Torah, Slaves 2:7:5"
"yekar-tiferet-on-mishneh-torah-slaves","Yekar Tiferet on Mishneh Torah, Slaves","tok-1026dc62d2db","שהיובל","שהיובל","Unresolved","","No lexical entry yet","true","3","Yekar Tiferet on Mishneh Torah, Slaves 1:10:1; Yekar Tiferet on Mishneh Torah, Slaves 2:5:2; Yekar Tiferet on Mishneh Torah, Slaves 4:3:1"
"yekar-tiferet-on-mishneh-torah-slaves","Yekar Tiferet on Mishneh Torah, Slaves","tok-cf5ec2cd0a03","שהכניס","שהכניס","Unresolved","","No lexical entry yet","true","1","Yekar Tiferet on Mishneh Torah, Slaves 3:1:4"
"yekar-tiferet-on-mishneh-torah-slaves","Yekar Tiferet on Mishneh Torah, Slaves","tok-a16c387a575b","שהכניסה","שהכניסה","Unresolved","","No lexical entry yet","true","1","Yekar Tiferet on Mishneh Torah, Slaves 9:7:2"
"yekar-tiferet-on-mishneh-torah-slaves","Yekar Tiferet on Mishneh Torah, Slaves","tok-09eec3bd7be6","שהכפיה","שהכפיה","Unresolved","","No lexical entry yet","true","1","Yekar Tiferet on Mishneh Torah, Slaves 8:17:2"
"yekar-tiferet-on-mishneh-torah-slaves","Yekar Tiferet on Mishneh Torah, Slaves","tok-daea1f122626","שהניח","שהניח","Unresolved","","No lexical entry yet","true","2","Yekar Tiferet on Mishneh Torah, Slaves 8:17:1"
"yekar-tiferet-on-mishneh-torah-slaves","Yekar Tiferet on Mishneh Torah, Slaves","tok-9b1322dfb2a9","שהנמכר","שהנמכר","Unresolved","","No lexical entry yet","true","1","Yekar Tiferet on Mishneh Torah, Slaves 2:8:2"
"yekar-tiferet-on-mishneh-torah-slaves","Yekar Tiferet on Mishneh Torah, Slaves","tok-288454d52f3e","שהעבד","שהעבד","Unresolved","","No lexical entry yet","true","2","Yekar Tiferet on Mishneh Torah, Slaves 1:1:1; Yekar Tiferet on Mishneh Torah, Slaves 6:6:4"
"yekar-tiferet-on-mishneh-torah-slaves","Yekar Tiferet on Mishneh Torah, Slaves","tok-4f374c6cdaf1","שהעני","שהעני","Unresolved","","No lexical entry yet","true","1","Yekar Tiferet on Mishneh Torah, Slaves 4:14:1"
"yekar-tiferet-on-mishneh-torah-slaves","Yekar Tiferet on Mishneh Torah, Slaves","tok-0161e02cdfc1","שהפיל","שהפיל","Unresolved","","No lexical entry yet","true","3","Yekar Tiferet on Mishneh Torah, Slaves 5:14:1; Yekar Tiferet on Mishneh Torah, Slaves 5:15:1; Yekar Tiferet on Mishneh Torah, Slaves 8:12:2"
"yekar-tiferet-on-mishneh-torah-slaves","Yekar Tiferet on Mishneh Torah, Slaves","tok-a41a131c5cc6","שהקרוב","שהקרוב","Unresolved","","No lexical entry yet","true","1","Yekar Tiferet on Mishneh Torah, Slaves 2:7:5"
"yekar-tiferet-on-mishneh-torah-slaves","Yekar Tiferet on Mishneh Torah, Slaves","tok-dc0eb3323593","שהקשה","שהקשה","Unresolved","","No lexical entry yet","true","1","Yekar Tiferet on Mishneh Torah, Slaves 8:17:2"
"yekar-tiferet-on-mishneh-torah-slaves","Yekar Tiferet on Mishneh Torah, Slaves","tok-5c16736e70fe","שהרב","שהרב","Unresolved","","No lexical entry yet","true","1","Yekar Tiferet on Mishneh Torah, Slaves 3:1:4"
"yekar-tiferet-on-mishneh-torah-slaves","Yekar Tiferet on Mishneh Torah, Slaves","tok-5c25ae4ccc74","שהרג","שהרג","Unresolved","","No lexical entry yet","true","1","Yekar Tiferet on Mishneh Torah, Slaves 3:8:2"
"yekar-tiferet-on-mishneh-torah-slaves","Yekar Tiferet on Mishneh Torah, Slaves","tok-a934df0b6260","שהשוה","שהשוה","Unresolved","","No lexical entry yet","true","1","Yekar Tiferet on Mishneh Torah, Slaves 1:1:3"
"yekar-tiferet-on-mishneh-torah-slaves","Yekar Tiferet on Mishneh Torah, Slaves","tok-87c68f7df856","שהשיאו","שהשיאו","Unresolved","","No lexical entry yet","true","1","Yekar Tiferet on Mishneh Torah, Slaves 8:17:1"
"yekar-tiferet-on-mishneh-torah-slaves","Yekar Tiferet on Mishneh Torah, Slaves","tok-8749f72f5c81","שהשיגה","שהשיגה","Unresolved","","No lexical entry yet","true","1","Yekar Tiferet on Mishneh Torah, Slaves 2:7:1"
"yekar-tiferet-on-mishneh-torah-slaves","Yekar Tiferet on Mishneh Torah, Slaves","tok-2fcc221d3ec4","שהתנה","שהתנה","Unresolved","","No lexical entry yet","true","1","Yekar Tiferet on Mishneh Torah, Slaves 4:16:1"
"yekar-tiferet-on-mishneh-torah-slaves","Yekar Tiferet on Mishneh Torah, Slaves","tok-b8b49ddd8491","שוו","שוו","Unresolved","","No lexical entry yet","true","3","Yekar Tiferet on Mishneh Torah, Slaves 6:5:1; Yekar Tiferet on Mishneh Torah, Slaves 7:1:1"
"yekar-tiferet-on-mishneh-torah-slaves","Yekar Tiferet on Mishneh Torah, Slaves","tok-dabc5dc34e0e","שוין","שוינ","Unresolved","","No lexical entry yet","true","5","Yekar Tiferet on Mishneh Torah, Slaves 2:1:1; Yekar Tiferet on Mishneh Torah, Slaves 2:6:2; Yekar Tiferet on Mishneh Torah, Slaves 6:7:1; Yekar Tiferet on Mishneh Torah, Slaves 8:10:1"
"yekar-tiferet-on-mishneh-torah-slaves","Yekar Tiferet on Mishneh Torah, Slaves","tok-9aac89bd81a2","שומרת","שומרת","Unresolved","","No lexical entry yet","true","1","Yekar Tiferet on Mishneh Torah, Slaves 3:1:2"
"yekar-tiferet-on-mishneh-torah-slaves","Yekar Tiferet on Mishneh Torah, Slaves","tok-b89ba3e67365","שופכה","שופכה","Unresolved","","No lexical entry yet","true","1","Yekar Tiferet on Mishneh Torah, Slaves 3:5:1"
"yekar-tiferet-on-mishneh-torah-slaves","Yekar Tiferet on Mishneh Torah, Slaves","tok-b0d00076af43","שותפין","שותפינ","Unresolved","","No lexical entry yet","true","3","Yekar Tiferet on Mishneh Torah, Slaves 5:16:2; Yekar Tiferet on Mishneh Torah, Slaves 7:4:2"
"yekar-tiferet-on-mishneh-torah-slaves","Yekar Tiferet on Mishneh Torah, Slaves","tok-9d3a4ecbab66","שזה","שזה","Unresolved","","No lexical entry yet","true","4","Yekar Tiferet on Mishneh Torah, Slaves 1:2:1; Yekar Tiferet on Mishneh Torah, Slaves 5:10:2; Yekar Tiferet on Mishneh Torah, Slaves 7:5:1; Yekar Tiferet on Mishneh Torah, Slaves 9:1:1"
"yekar-tiferet-on-mishneh-torah-slaves","Yekar Tiferet on Mishneh Torah, Slaves","tok-461c6f92a25d","שזכין","שזכינ","Unresolved","","No lexical entry yet","true","1","Yekar Tiferet on Mishneh Torah, Slaves 6:1:2"
"yekar-tiferet-on-mishneh-torah-slaves","Yekar Tiferet on Mishneh Torah, Slaves","tok-d7c78ff17c52","שחוליו","שחוליו","Unresolved","","No lexical entry yet","true","1","Yekar Tiferet on Mishneh Torah, Slaves 3:2:1"
"yekar-tiferet-on-mishneh-torah-slaves","Yekar Tiferet on Mishneh Torah, Slaves","tok-bd99fb4e0ceb","שחותמיהן","שחותמיהנ","Unresolved","","No lexical entry yet","true","1","Yekar Tiferet on Mishneh Torah, Slaves 6:5:2"
"yekar-tiferet-on-mishneh-torah-slaves","Yekar Tiferet on Mishneh Torah, Slaves","tok-b719724df360","שחייב","שחייב","Unresolved","","No lexical entry yet","true","2","Yekar Tiferet on Mishneh Torah, Slaves 2:5:2; Yekar Tiferet on Mishneh Torah, Slaves 3:1:3"
"yekar-tiferet-on-mishneh-torah-slaves","Yekar Tiferet on Mishneh Torah, Slaves","tok-83073fe8205d","שחלה","שחלה","Unresolved","","No lexical entry yet","true","3","Yekar Tiferet on Mishneh Torah, Slaves 2:5:1; Yekar Tiferet on Mishneh Torah, Slaves 2:5:2"
"yekar-tiferet-on-mishneh-torah-slaves","Yekar Tiferet on Mishneh Torah, Slaves","tok-10eb58b1110c","שחציה","שחציה","Unresolved","","No lexical entry yet","true","1","Yekar Tiferet on Mishneh Torah, Slaves 9:6:3"
"yekar-tiferet-on-mishneh-torah-slaves","Yekar Tiferet on Mishneh Torah, Slaves","tok-3a671e36d10f","שחציו","שחציו","Unresolved","","No lexical entry yet","true","2","Yekar Tiferet on Mishneh Torah, Slaves 5:15:1; Yekar Tiferet on Mishneh Torah, Slaves 7:7:1"
"yekar-tiferet-on-mishneh-torah-slaves","Yekar Tiferet on Mishneh Torah, Slaves","tok-ab1653523b8e","שחרור","שחרור","Unresolved","","No lexical entry yet","true","41","Yekar Tiferet on Mishneh Torah, Slaves 3:2:1; Yekar Tiferet on Mishneh Torah, Slaves 4:4:3; Yekar Tiferet on Mishneh Torah, Slaves 4:9:2; Yekar Tiferet on Mishneh Torah, Slaves 5:1:2; Yekar Tiferet on Mishneh Torah, Slaves 5:4:2"
"yekar-tiferet-on-mishneh-torah-slaves","Yekar Tiferet on Mishneh Torah, Slaves","tok-5447961c986f","שחרורה","שחרורה","Unresolved","","No lexical entry yet","true","2","Yekar Tiferet on Mishneh Torah, Slaves 7:6:2"
"yekar-tiferet-on-mishneh-torah-slaves","Yekar Tiferet on Mishneh Torah, Slaves","tok-a79ac6daa04b","שחרורי","שחרורי","Unresolved","","No lexical entry yet","true","4","Yekar Tiferet on Mishneh Torah, Slaves 6:5:1; Yekar Tiferet on Mishneh Torah, Slaves 7:3:1"
"yekar-tiferet-on-mishneh-torah-slaves","Yekar Tiferet on Mishneh Torah, Slaves","tok-95f10e6c5a8a","שחרר","שחרר","Unresolved","","No lexical entry yet","true","1","Yekar Tiferet on Mishneh Torah, Slaves 7:6:2"
"yekar-tiferet-on-mishneh-torah-slaves","Yekar Tiferet on Mishneh Torah, Slaves","tok-0c678fb64eae","שחררה","שחררה","Unresolved","","No lexical entry yet","true","1","Yekar Tiferet on Mishneh Torah, Slaves 9:1:1"
"yekar-tiferet-on-mishneh-torah-slaves","Yekar Tiferet on Mishneh Torah, Slaves","tok-d7e8e3ec320c","שחררוה","שחררוה","Unresolved","","No lexical entry yet","true","2","Yekar Tiferet on Mishneh Torah, Slaves 6:4:1"
"yekar-tiferet-on-mishneh-torah-slaves","Yekar Tiferet on Mishneh Torah, Slaves","tok-ba2bf04ef910","שטבלה","שטבלה","Unresolved","","No lexical entry yet","true","1","Yekar Tiferet on Mishneh Torah, Slaves 8:19:1"
"yekar-tiferet-on-mishneh-torah-slaves","Yekar Tiferet on Mishneh Torah, Slaves","tok-c0ed8c72e36f","שטבלו","שטבלו","Unresolved","","No lexical entry yet","true","1","Yekar Tiferet on Mishneh Torah, Slaves 8:19:1"
"yekar-tiferet-on-mishneh-torah-slaves","Yekar Tiferet on Mishneh Torah, Slaves","tok-fc518a73d4e7","שטר","שטר","Unresolved","","No lexical entry yet","true","17","Yekar Tiferet on Mishneh Torah, Slaves 2:1:1; Yekar Tiferet on Mishneh Torah, Slaves 2:12:3; Yekar Tiferet on Mishneh Torah, Slaves 4:4:3; Yekar Tiferet on Mishneh Torah, Slaves 4:9:2; Yekar Tiferet on Mishneh Torah, Slaves 5:15:1"
"yekar-tiferet-on-mishneh-torah-slaves","Yekar Tiferet on Mishneh Torah, Slaves","tok-56c508b0ec10","שטרא","שטרא","Unresolved","","No lexical entry yet","true","4","Yekar Tiferet on Mishneh Torah, Slaves 5:1:2; Yekar Tiferet on Mishneh Torah, Slaves 6:6:1; Yekar Tiferet on Mishneh Torah, Slaves 8:10:1"
"yekar-tiferet-on-mishneh-torah-slaves","Yekar Tiferet on Mishneh Torah, Slaves","tok-c0fd5b93fd86","שטרות","שטרות","Unresolved","","No lexical entry yet","true","10","Yekar Tiferet on Mishneh Torah, Slaves 6:5:2; Yekar Tiferet on Mishneh Torah, Slaves 6:7:1; Yekar Tiferet on Mishneh Torah, Slaves 7:2:1; Yekar Tiferet on Mishneh Torah, Slaves 7:2:2; Yekar Tiferet on Mishneh Torah, Slaves 7:3:3"
"yekar-tiferet-on-mishneh-torah-slaves","Yekar Tiferet on Mishneh Torah, Slaves","tok-e7ba25a1f007","שטרייכו","שטרייכו","Unresolved","","No lexical entry yet","true","1","Yekar Tiferet on Mishneh Torah, Slaves 7:2:1"
"yekar-tiferet-on-mishneh-torah-slaves","Yekar Tiferet on Mishneh Torah, Slaves","tok-06b9e3d88a3d","שיהא","שיהא","Unresolved","","No lexical entry yet","true","5","Yekar Tiferet on Mishneh Torah, Slaves 3:5:3; Yekar Tiferet on Mishneh Torah, Slaves 4:11:1; Yekar Tiferet on Mishneh Torah, Slaves 5:1:2; Yekar Tiferet on Mishneh Torah, Slaves 5:2:1; Yekar Tiferet on Mishneh Torah, Slaves 5:3:1"
"yekar-tiferet-on-mishneh-torah-slaves","Yekar Tiferet on Mishneh Torah, Slaves","tok-881ec1d8b1f9","שיודע","שיודע","Unresolved","","No lexical entry yet","true","2","Yekar Tiferet on Mishneh Torah, Slaves 2:7:5"
"yekar-tiferet-on-mishneh-torah-slaves","Yekar Tiferet on Mishneh Torah, Slaves","tok-3cfa2fe8396b","שיוצאה","שיוצאה","Unresolved","","No lexical entry yet","true","1","Yekar Tiferet on Mishneh Torah, Slaves 4:4:1"
"yekar-tiferet-on-mishneh-torah-slaves","Yekar Tiferet on Mishneh Torah, Slaves","tok-b7809781f464","שיחק","שיחק","Unresolved","","No lexical entry yet","true","1","Yekar Tiferet on Mishneh Torah, Slaves 5:13:1"
"yekar-tiferet-on-mishneh-torah-slaves","Yekar Tiferet on Mishneh Torah, Slaves","tok-51c099cf0d72","שייעד","שייעד","Unresolved","","No lexical entry yet","true","1","Yekar Tiferet on Mishneh Torah, Slaves 4:13:2"
"yekar-tiferet-on-mishneh-torah-slaves","Yekar Tiferet on Mishneh Torah, Slaves","tok-c45b158e9b58","שייר","שייר","Unresolved","","No lexical entry yet","true","3","Yekar Tiferet on Mishneh Torah, Slaves 7:1:2; Yekar Tiferet on Mishneh Torah, Slaves 7:4:2"
"yekar-tiferet-on-mishneh-torah-slaves","Yekar Tiferet on Mishneh Torah, Slaves","tok-0576de93880e","שיכול","שיכול","Unresolved","","No lexical entry yet","true","3","Yekar Tiferet on Mishneh Torah, Slaves 3:12:2; Yekar Tiferet on Mishneh Torah, Slaves 4:13:2"
"yekar-tiferet-on-mishneh-torah-slaves","Yekar Tiferet on Mishneh Torah, Slaves","tok-1566b99dab4e","שיכופו","שיכופו","Unresolved","","No lexical entry yet","true","1","Yekar Tiferet on Mishneh Torah, Slaves 8:15:3"
"yekar-tiferet-on-mishneh-torah-slaves","Yekar Tiferet on Mishneh Torah, Slaves","tok-8295941e1696","שיכתוב","שיכתוב","Unresolved","","No lexical entry yet","true","3","Yekar Tiferet on Mishneh Torah, Slaves 2:11:1; Yekar Tiferet on Mishneh Torah, Slaves 4:3:2; Yekar Tiferet on Mishneh Torah, Slaves 8:11:1"
"yekar-tiferet-on-mishneh-torah-slaves","Yekar Tiferet on Mishneh Torah, Slaves","tok-79748a76fcba","שימכר","שימכר","Unresolved","","No lexical entry yet","true","1","Yekar Tiferet on Mishneh Torah, Slaves 4:3:1"
"yekar-tiferet-on-mishneh-torah-slaves","Yekar Tiferet on Mishneh Torah, Slaves","tok-9f268fde12d2","שינו","שינו","Unresolved","","No lexical entry yet","true","7","Yekar Tiferet on Mishneh Torah, Slaves 4:6:1; Yekar Tiferet on Mishneh Torah, Slaves 5:6:2; Yekar Tiferet on Mishneh Torah, Slaves 5:14:1; Yekar Tiferet on Mishneh Torah, Slaves 5:15:1; Yekar Tiferet on Mishneh Torah, Slaves 7:4:2"
"yekar-tiferet-on-mishneh-torah-slaves","Yekar Tiferet on Mishneh Torah, Slaves","tok-207f54a6a51f","שיעבוד","שיעבוד","Unresolved","","No lexical entry yet","true","4","Yekar Tiferet on Mishneh Torah, Slaves 2:12:2; Yekar Tiferet on Mishneh Torah, Slaves 3:3:1; Yekar Tiferet on Mishneh Torah, Slaves 9:5:1"
"yekar-tiferet-on-mishneh-torah-slaves","Yekar Tiferet on Mishneh Torah, Slaves","tok-904e8f284a7e","שיעד","שיעד","Unresolved","","No lexical entry yet","true","1","Yekar Tiferet on Mishneh Torah, Slaves 4:13:2"
"yekar-tiferet-on-mishneh-torah-slaves","Yekar Tiferet on Mishneh Torah, Slaves","tok-6040a15478b0","שיעדה","שיעדה","Unresolved","","No lexical entry yet","true","1","Yekar Tiferet on Mishneh Torah, Slaves 4:7:1"
"yekar-tiferet-on-mishneh-torah-slaves","Yekar Tiferet on Mishneh Torah, Slaves","tok-dee214c68167","שיעשה","שיעשה","Unresolved","","No lexical entry yet","true","2","Yekar Tiferet on Mishneh Torah, Slaves 1:6:2; Yekar Tiferet on Mishneh Torah, Slaves 9:1:1"
"yekar-tiferet-on-mishneh-torah-slaves","Yekar Tiferet on Mishneh Torah, Slaves","tok-dd56043ae52f","שיעשנו","שיעשנו","Unresolved","","No lexical entry yet","true","1","Yekar Tiferet on Mishneh Torah, Slaves 6:2:1"
"yekar-tiferet-on-mishneh-torah-slaves","Yekar Tiferet on Mishneh Torah, Slaves","tok-678108274ec5","שיפיל","שיפיל","Unresolved","","No lexical entry yet","true","1","Yekar Tiferet on Mishneh Torah, Slaves 5:11:1"
"yekar-tiferet-on-mishneh-torah-slaves","Yekar Tiferet on Mishneh Torah, Slaves","tok-d03f6af24987","שיצרו","שיצרו","Unresolved","","No lexical entry yet","true","1","Yekar Tiferet on Mishneh Torah, Slaves 9:1:1"
"yekar-tiferet-on-mishneh-torah-slaves","Yekar Tiferet on Mishneh Torah, Slaves","tok-efbcf56628ed","שישארו","שישארו","Unresolved","","No lexical entry yet","true","1","Yekar Tiferet on Mishneh Torah, Slaves 3:3:1"
"yekar-tiferet-on-mishneh-torah-slaves","Yekar Tiferet on Mishneh Torah, Slaves","tok-cea7cc983f77","שיתברר","שיתברר","Unresolved","","No lexical entry yet","true","1","Yekar Tiferet on Mishneh Torah, Slaves 6:3:1"
"yekar-tiferet-on-mishneh-torah-slaves","Yekar Tiferet on Mishneh Torah, Slaves","tok-c3dfc1a411a2","שיתכוין","שיתכוינ","Unresolved","","No lexical entry yet","true","2","Yekar Tiferet on Mishneh Torah, Slaves 5:12:1; Yekar Tiferet on Mishneh Torah, Slaves 5:13:1"
"yekar-tiferet-on-mishneh-torah-slaves","Yekar Tiferet on Mishneh Torah, Slaves","tok-c67e5bfaa1c2","שיתקיים","שיתקיימ","Unresolved","","No lexical entry yet","true","1","Yekar Tiferet on Mishneh Torah, Slaves 7:2:1"
"yekar-tiferet-on-mishneh-torah-slaves","Yekar Tiferet on Mishneh Torah, Slaves","tok-d140976b1e85","שיתרצה","שיתרצה","Unresolved","","No lexical entry yet","true","1","Yekar Tiferet on Mishneh Torah, Slaves 5:2:1"
"yekar-tiferet-on-mishneh-torah-slaves","Yekar Tiferet on Mishneh Torah, Slaves","tok-1cab32c7f632","שכוונתו","שכוונתו","Unresolved","","No lexical entry yet","true","2","Yekar Tiferet on Mishneh Torah, Slaves 1:6:2"
"yekar-tiferet-on-mishneh-torah-slaves","Yekar Tiferet on Mishneh Torah, Slaves","tok-f391eebd32ad","שכופין","שכופינ","Unresolved","","No lexical entry yet","true","4","Yekar Tiferet on Mishneh Torah, Slaves 2:7:2; Yekar Tiferet on Mishneh Torah, Slaves 5:4:2; Yekar Tiferet on Mishneh Torah, Slaves 5:15:1"
"yekar-tiferet-on-mishneh-torah-slaves","Yekar Tiferet on Mishneh Torah, Slaves","tok-58dd59c21bb3","שכיב","שכיב","Unresolved","","No lexical entry yet","true","2","Yekar Tiferet on Mishneh Torah, Slaves 6:4:1"
"yekar-tiferet-on-mishneh-torah-slaves","Yekar Tiferet on Mishneh Torah, Slaves","tok-cbaa6f973207","שכירותו","שכירותו","Unresolved","","No lexical entry yet","true","1","Yekar Tiferet on Mishneh Torah, Slaves 2:5:2"
"yekar-tiferet-on-mishneh-torah-slaves","Yekar Tiferet on Mishneh Torah, Slaves","tok-c830a48620c2","שכשם","שכשמ","Unresolved","","No lexical entry yet","true","1","Yekar Tiferet on Mishneh Torah, Slaves 3:13:2"
"yekar-tiferet-on-mishneh-torah-slaves","Yekar Tiferet on Mishneh Torah, Slaves","tok-c14c53be4194","שכתב","שכתב","Unresolved","","No lexical entry yet","true","31","Yekar Tiferet on Mishneh Torah, Slaves 1:2:2; Yekar Tiferet on Mishneh Torah, Slaves 1:3:1; Yekar Tiferet on Mishneh Torah, Slaves 1:6:1; Yekar Tiferet on Mishneh Torah, Slaves 1:6:2; Yekar Tiferet on Mishneh Torah, Slaves 2:8:2"
"yekar-tiferet-on-mishneh-torah-slaves","Yekar Tiferet on Mishneh Torah, Slaves","tok-8fd50300e9ab","שכתבתי","שכתבתי","Unresolved","","No lexical entry yet","true","1","Yekar Tiferet on Mishneh Torah, Slaves 3:1:4"
"yekar-tiferet-on-mishneh-torah-slaves","Yekar Tiferet on Mishneh Torah, Slaves","tok-dac78db4b84a","שכתוב","שכתוב","Unresolved","","No lexical entry yet","true","2","Yekar Tiferet on Mishneh Torah, Slaves 4:16:1"
"yekar-tiferet-on-mishneh-torah-slaves","Yekar Tiferet on Mishneh Torah, Slaves","tok-c0c426615cf8","שלוחו","שלוחו","Unresolved","","No lexical entry yet","true","3","Yekar Tiferet on Mishneh Torah, Slaves 3:9:3; Yekar Tiferet on Mishneh Torah, Slaves 3:14:2; Yekar Tiferet on Mishneh Torah, Slaves 4:7:5"
"yekar-tiferet-on-mishneh-torah-slaves","Yekar Tiferet on Mishneh Torah, Slaves","tok-44280291532c","שלוחין","שלוחינ","Unresolved","","No lexical entry yet","true","1","Yekar Tiferet on Mishneh Torah, Slaves 1:1:1"
"yekar-tiferet-on-mishneh-torah-slaves","Yekar Tiferet on Mishneh Torah, Slaves","tok-5e7da6d60ef8","שלחה","שלחה","Unresolved","","No lexical entry yet","true","1","Yekar Tiferet on Mishneh Torah, Slaves 3:13:2"
"yekar-tiferet-on-mishneh-torah-slaves","Yekar Tiferet on Mishneh Torah, Slaves","tok-f625f6168bfb","שלחן","שלחנ","Unresolved","","No lexical entry yet","true","1","Yekar Tiferet on Mishneh Torah, Slaves 3:1:3"
"yekar-tiferet-on-mishneh-torah-slaves","Yekar Tiferet on Mishneh Torah, Slaves","tok-60e1f77ad897","שליח","שליח","Unresolved","","No lexical entry yet","true","3","Yekar Tiferet on Mishneh Torah, Slaves 4:7:5; Yekar Tiferet on Mishneh Torah, Slaves 6:1:2; Yekar Tiferet on Mishneh Torah, Slaves 6:8:2"
"yekar-tiferet-on-mishneh-torah-slaves","Yekar Tiferet on Mishneh Torah, Slaves","tok-7b9fcc333464","שליחות","שליחות","Unresolved","","No lexical entry yet","true","1","Yekar Tiferet on Mishneh Torah, Slaves 4:7:5"
"yekar-tiferet-on-mishneh-torah-slaves","Yekar Tiferet on Mishneh Torah, Slaves","tok-5ece714e22b0","שלימות","שלימות","Unresolved","","No lexical entry yet","true","1","Yekar Tiferet on Mishneh Torah, Slaves 2:5:2"
"yekar-tiferet-on-mishneh-torah-slaves","Yekar Tiferet on Mishneh Torah, Slaves","tok-fa02b222c9d5","שלמד","שלמד","Unresolved","","No lexical entry yet","true","2","Yekar Tiferet on Mishneh Torah, Slaves 3:1:3"
"yekar-tiferet-on-mishneh-torah-slaves","Yekar Tiferet on Mishneh Torah, Slaves","tok-f40182821263","שלמטה","שלמטה","Unresolved","","No lexical entry yet","true","1","Yekar Tiferet on Mishneh Torah, Slaves 1:1:3"
"yekar-tiferet-on-mishneh-torah-slaves","Yekar Tiferet on Mishneh Torah, Slaves","tok-29d1d4db155c","שלש","שלש","Unresolved","","No lexical entry yet","true","1","Yekar Tiferet on Mishneh Torah, Slaves 4:9:2"
"yekar-tiferet-on-mishneh-torah-slaves","Yekar Tiferet on Mishneh Torah, Slaves","tok-d299baf850bf","שלשים","שלשימ","Unresolved","","No lexical entry yet","true","2","Yekar Tiferet on Mishneh Torah, Slaves 3:14:4"
"yekar-tiferet-on-mishneh-torah-slaves","Yekar Tiferet on Mishneh Torah, Slaves","tok-49d02b4412ba","שמגיע","שמגיע","Unresolved","","No lexical entry yet","true","1","Yekar Tiferet on Mishneh Torah, Slaves 3:9:1"
"yekar-tiferet-on-mishneh-torah-slaves","Yekar Tiferet on Mishneh Torah, Slaves","tok-ad03616ef711","שמגרעת","שמגרעת","Unresolved","","No lexical entry yet","true","2","Yekar Tiferet on Mishneh Torah, Slaves 2:8:1; Yekar Tiferet on Mishneh Torah, Slaves 4:4:1"
"yekar-tiferet-on-mishneh-torah-slaves","Yekar Tiferet on Mishneh Torah, Slaves","tok-8f7a38abacf7","שמודה","שמודה","Unresolved","","No lexical entry yet","true","1","Yekar Tiferet on Mishneh Torah, Slaves 5:17:1"
"yekar-tiferet-on-mishneh-torah-slaves","Yekar Tiferet on Mishneh Torah, Slaves","tok-b889424ee9cc","שמוכר","שמוכר","Unresolved","","No lexical entry yet","true","3","Yekar Tiferet on Mishneh Torah, Slaves 1:1:4; Yekar Tiferet on Mishneh Torah, Slaves 1:1:5; Yekar Tiferet on Mishneh Torah, Slaves 4:2:1"
"yekar-tiferet-on-mishneh-torah-slaves","Yekar Tiferet on Mishneh Torah, Slaves","tok-acab85bc21ca","שמוכרה","שמוכרה","Unresolved","","No lexical entry yet","true","2","Yekar Tiferet on Mishneh Torah, Slaves 4:11:1; Yekar Tiferet on Mishneh Torah, Slaves 4:12:1"
"yekar-tiferet-on-mishneh-torah-slaves","Yekar Tiferet on Mishneh Torah, Slaves","tok-61dc3fc3adbd","שמותר","שמותר","Unresolved","","No lexical entry yet","true","1","Yekar Tiferet on Mishneh Torah, Slaves 9:6:1"
"yekar-tiferet-on-mishneh-torah-slaves","Yekar Tiferet on Mishneh Torah, Slaves","tok-ffce3fa74cb2","שמחל","שמחל","Unresolved","","No lexical entry yet","true","3","Yekar Tiferet on Mishneh Torah, Slaves 2:11:1; Yekar Tiferet on Mishneh Torah, Slaves 4:4:3"
"yekar-tiferet-on-mishneh-torah-slaves","Yekar Tiferet on Mishneh Torah, Slaves","tok-4798e3e2a4c7","שמיעט","שמיעט","Unresolved","","No lexical entry yet","true","1","Yekar Tiferet on Mishneh Torah, Slaves 3:9:3"
"yekar-tiferet-on-mishneh-torah-slaves","Yekar Tiferet on Mishneh Torah, Slaves","tok-9ac92ffe3ef5","שמכר","שמכר","Unresolved","","No lexical entry yet","true","2","Yekar Tiferet on Mishneh Torah, Slaves 2:8:2; Yekar Tiferet on Mishneh Torah, Slaves 4:2:1"
"yekar-tiferet-on-mishneh-torah-slaves","Yekar Tiferet on Mishneh Torah, Slaves","tok-32000925f996","שמכרה","שמכרה","Unresolved","","No lexical entry yet","true","1","Yekar Tiferet on Mishneh Torah, Slaves 4:13:2"
"yekar-tiferet-on-mishneh-torah-slaves","Yekar Tiferet on Mishneh Torah, Slaves","tok-37e5f2b06081","שמכרוהו","שמכרוהו","Unresolved","","No lexical entry yet","true","8","Yekar Tiferet on Mishneh Torah, Slaves 1:1:4; Yekar Tiferet on Mishneh Torah, Slaves 1:3:1; Yekar Tiferet on Mishneh Torah, Slaves 2:1:1; Yekar Tiferet on Mishneh Torah, Slaves 2:8:2; Yekar Tiferet on Mishneh Torah, Slaves 2:12:2"
"yekar-tiferet-on-mishneh-torah-slaves","Yekar Tiferet on Mishneh Torah, Slaves","tok-9d74375c78d3","שמל","שמל","Unresolved","","No lexical entry yet","true","2","Yekar Tiferet on Mishneh Torah, Slaves 5:5:1; Yekar Tiferet on Mishneh Torah, Slaves 8:12:2"
"yekar-tiferet-on-mishneh-torah-slaves","Yekar Tiferet on Mishneh Torah, Slaves","tok-de6a8197b86b","שמסר","שמסר","Unresolved","","No lexical entry yet","true","2","Yekar Tiferet on Mishneh Torah, Slaves 3:5:1; Yekar Tiferet on Mishneh Torah, Slaves 3:5:3"
"yekar-tiferet-on-mishneh-torah-slaves","Yekar Tiferet on Mishneh Torah, Slaves","tok-93dbf3d7d154","שמעון","שמעונ","Unresolved","","No lexical entry yet","true","2","Yekar Tiferet on Mishneh Torah, Slaves 3:1:3; Yekar Tiferet on Mishneh Torah, Slaves 5:3:1"
"yekar-tiferet-on-mishneh-torah-slaves","Yekar Tiferet on Mishneh Torah, Slaves","tok-966f954e22bc","שמעת","שמעת","Unresolved","","No lexical entry yet","true","3","Yekar Tiferet on Mishneh Torah, Slaves 4:4:2; Yekar Tiferet on Mishneh Torah, Slaves 4:7:5; Yekar Tiferet on Mishneh Torah, Slaves 4:13:1"
"yekar-tiferet-on-mishneh-torah-slaves","Yekar Tiferet on Mishneh Torah, Slaves","tok-d2d231d9fd75","שמפר","שמפר","Unresolved","","No lexical entry yet","true","1","Yekar Tiferet on Mishneh Torah, Slaves 8:17:2"
"yekar-tiferet-on-mishneh-torah-slaves","Yekar Tiferet on Mishneh Torah, Slaves","tok-eb1e50cefac2","שמרצע","שמרצע","Unresolved","","No lexical entry yet","true","1","Yekar Tiferet on Mishneh Torah, Slaves 3:9:3"
"yekar-tiferet-on-mishneh-torah-slaves","Yekar Tiferet on Mishneh Torah, Slaves","tok-42602731ba9a","שמשחרר","שמשחרר","Unresolved","","No lexical entry yet","true","1","Yekar Tiferet on Mishneh Torah, Slaves 7:5:1"
"yekar-tiferet-on-mishneh-torah-slaves","Yekar Tiferet on Mishneh Torah, Slaves","tok-02b5b7fe1b83","שמת","שמת","Unresolved","","No lexical entry yet","true","5","Yekar Tiferet on Mishneh Torah, Slaves 2:12:1; Yekar Tiferet on Mishneh Torah, Slaves 3:14:2; Yekar Tiferet on Mishneh Torah, Slaves 3:15:3; Yekar Tiferet on Mishneh Torah, Slaves 4:8:2; Yekar Tiferet on Mishneh Torah, Slaves 7:1:2"
"yekar-tiferet-on-mishneh-torah-slaves","Yekar Tiferet on Mishneh Torah, Slaves","tok-cf1f8c458b73","שמתחלה","שמתחלה","Unresolved","","No lexical entry yet","true","1","Yekar Tiferet on Mishneh Torah, Slaves 4:7:3"
"yekar-tiferet-on-mishneh-torah-slaves","Yekar Tiferet on Mishneh Torah, Slaves","tok-960f731546ea","שן","שנ","Unresolved","","No lexical entry yet","true","12","Yekar Tiferet on Mishneh Torah, Slaves 5:4:3; Yekar Tiferet on Mishneh Torah, Slaves 5:4:5; Yekar Tiferet on Mishneh Torah, Slaves 5:5:2; Yekar Tiferet on Mishneh Torah, Slaves 5:6:2; Yekar Tiferet on Mishneh Torah, Slaves 5:10:2"
"yekar-tiferet-on-mishneh-torah-slaves","Yekar Tiferet on Mishneh Torah, Slaves","tok-609ab1037ece","שנא","שנא","Unresolved","","No lexical entry yet","true","9","Yekar Tiferet on Mishneh Torah, Slaves 1:2:2; Yekar Tiferet on Mishneh Torah, Slaves 2:7:5; Yekar Tiferet on Mishneh Torah, Slaves 3:4:2; Yekar Tiferet on Mishneh Torah, Slaves 4:13:4; Yekar Tiferet on Mishneh Torah, Slaves 7:4:2"
"yekar-tiferet-on-mishneh-torah-slaves","Yekar Tiferet on Mishneh Torah, Slaves","tok-2cf9744f2043","שנא׳","שנא׳","Unresolved","","No lexical entry yet","true","7","Yekar Tiferet on Mishneh Torah, Slaves 1:1:2; Yekar Tiferet on Mishneh Torah, Slaves 1:10:1; Yekar Tiferet on Mishneh Torah, Slaves 2:4:1; Yekar Tiferet on Mishneh Torah, Slaves 2:6:2; Yekar Tiferet on Mishneh Torah, Slaves 3:10:1"
"yekar-tiferet-on-mishneh-torah-slaves","Yekar Tiferet on Mishneh Torah, Slaves","tok-ec2fbe382205","שנא׳כשכיר","שנא׳כשכיר","Unresolved","","No lexical entry yet","true","1","Yekar Tiferet on Mishneh Torah, Slaves 2:5:2"
"yekar-tiferet-on-mishneh-torah-slaves","Yekar Tiferet on Mishneh Torah, Slaves","tok-5970e5174282","שנגאלת","שנגאלת","Unresolved","","No lexical entry yet","true","1","Yekar Tiferet on Mishneh Torah, Slaves 2:7:5"
"yekar-tiferet-on-mishneh-torah-slaves","Yekar Tiferet on Mishneh Torah, Slaves","tok-9af97d1b0e5c","שנגחו","שנגחו","Unresolved","","No lexical entry yet","true","1","Yekar Tiferet on Mishneh Torah, Slaves 3:14:4"
"yekar-tiferet-on-mishneh-torah-slaves","Yekar Tiferet on Mishneh Torah, Slaves","tok-a3e1425e6bf3","שנהגו","שנהגו","Unresolved","","No lexical entry yet","true","1","Yekar Tiferet on Mishneh Torah, Slaves 9:6:3"
"yekar-tiferet-on-mishneh-torah-slaves","Yekar Tiferet on Mishneh Torah, Slaves","tok-5eb1e3e6d3f7","שנו","שנו","Unresolved","","No lexical entry yet","true","6","Yekar Tiferet on Mishneh Torah, Slaves 5:11:1; Yekar Tiferet on Mishneh Torah, Slaves 5:14:1; Yekar Tiferet on Mishneh Torah, Slaves 7:4:2"
"yekar-tiferet-on-mishneh-torah-slaves","Yekar Tiferet on Mishneh Torah, Slaves","tok-c698c4470d10","שנוהג","שנוהג","Unresolved","","No lexical entry yet","true","2","Yekar Tiferet on Mishneh Torah, Slaves 3:7:2"
"yekar-tiferet-on-mishneh-torah-slaves","Yekar Tiferet on Mishneh Torah, Slaves","tok-1de954be8f99","שנויה","שנויה","Unresolved","","No lexical entry yet","true","1","Yekar Tiferet on Mishneh Torah, Slaves 6:7:1"
"yekar-tiferet-on-mishneh-torah-slaves","Yekar Tiferet on Mishneh Torah, Slaves","tok-d6c647204854","שנויים","שנויימ","Unresolved","","No lexical entry yet","true","1","Yekar Tiferet on Mishneh Torah, Slaves 3:12:1"
"yekar-tiferet-on-mishneh-torah-slaves","Yekar Tiferet on Mishneh Torah, Slaves","tok-44fb4b5ca25e","שנולד","שנולד","Unresolved","","No lexical entry yet","true","1","Yekar Tiferet on Mishneh Torah, Slaves 9:3:1"
"yekar-tiferet-on-mishneh-torah-slaves","Yekar Tiferet on Mishneh Torah, Slaves","tok-1c19fd0c66c9","שנותיה","שנותיה","Unresolved","","No lexical entry yet","true","1","Yekar Tiferet on Mishneh Torah, Slaves 4:5:2"
"yekar-tiferet-on-mishneh-torah-slaves","Yekar Tiferet on Mishneh Torah, Slaves","tok-0c23851a7dad","שנמכר","שנמכר","Unresolved","","No lexical entry yet","true","2","Yekar Tiferet on Mishneh Torah, Slaves 1:6:4; Yekar Tiferet on Mishneh Torah, Slaves 2:7:5"
"yekar-tiferet-on-mishneh-torah-slaves","Yekar Tiferet on Mishneh Torah, Slaves","tok-00ab83ba4b2a","שנספרת","שנספרת","Unresolved","","No lexical entry yet","true","1","Yekar Tiferet on Mishneh Torah, Slaves 5:6:1"
"yekar-tiferet-on-mishneh-torah-slaves","Yekar Tiferet on Mishneh Torah, Slaves","tok-a081697b87dc","שנפקע","שנפקע","Unresolved","","No lexical entry yet","true","1","Yekar Tiferet on Mishneh Torah, Slaves 1:8:2"
"yekar-tiferet-on-mishneh-torah-slaves","Yekar Tiferet on Mishneh Torah, Slaves","tok-56525fe94804","שנשא","שנשא","Unresolved","","No lexical entry yet","true","1","Yekar Tiferet on Mishneh Torah, Slaves 9:3:1"
"yekar-tiferet-on-mishneh-torah-slaves","Yekar Tiferet on Mishneh Torah, Slaves","tok-c94ec7ff89ca","שנשאת","שנשאת","Unresolved","","No lexical entry yet","true","1","Yekar Tiferet on Mishneh Torah, Slaves 7:1:1"
"yekar-tiferet-on-mishneh-torah-slaves","Yekar Tiferet on Mishneh Torah, Slaves","tok-e6e3f86a0519","שנשבה","שנשבה","Unresolved","","No lexical entry yet","true","1","Yekar Tiferet on Mishneh Torah, Slaves 8:15:1"
"yekar-tiferet-on-mishneh-torah-slaves","Yekar Tiferet on Mishneh Torah, Slaves","tok-1195b3fd502a","שנתבטלה","שנתבטלה","Unresolved","","No lexical entry yet","true","1","Yekar Tiferet on Mishneh Torah, Slaves 5:10:1"
"yekar-tiferet-on-mishneh-torah-slaves","Yekar Tiferet on Mishneh Torah, Slaves","tok-dae695fd0c14","שנתברך","שנתברכ","Unresolved","","No lexical entry yet","true","1","Yekar Tiferet on Mishneh Torah, Slaves 3:14:5"
"yekar-tiferet-on-mishneh-torah-slaves","Yekar Tiferet on Mishneh Torah, Slaves","tok-e97a2d0fbfa1","שנתו","שנתו","Unresolved","","No lexical entry yet","true","1","Yekar Tiferet on Mishneh Torah, Slaves 2:7:5"
"yekar-tiferet-on-mishneh-torah-slaves","Yekar Tiferet on Mishneh Torah, Slaves","tok-9b73cbd15aa9","שנתיאש","שנתיאש","Unresolved","","No lexical entry yet","true","2","Yekar Tiferet on Mishneh Torah, Slaves 8:15:1"
"yekar-tiferet-on-mishneh-torah-slaves","Yekar Tiferet on Mishneh Torah, Slaves","tok-ada63866f035","שנתנה","שנתנה","Unresolved","","No lexical entry yet","true","1","Yekar Tiferet on Mishneh Torah, Slaves 1:1:5"
"yekar-tiferet-on-mishneh-torah-slaves","Yekar Tiferet on Mishneh Torah, Slaves","tok-a78222df8645","שנתנו","שנתנו","Unresolved","","No lexical entry yet","true","1","Yekar Tiferet on Mishneh Torah, Slaves 2:7:1"
"yekar-tiferet-on-mishneh-torah-slaves","Yekar Tiferet on Mishneh Torah, Slaves","tok-4db4ee771138","שנתנם","שנתנמ","Unresolved","","No lexical entry yet","true","1","Yekar Tiferet on Mishneh Torah, Slaves 5:2:1"
"yekar-tiferet-on-mishneh-torah-slaves","Yekar Tiferet on Mishneh Torah, Slaves","tok-94d2a04827b3","שעבד","שעבד","Unresolved","","No lexical entry yet","true","1","Yekar Tiferet on Mishneh Torah, Slaves 2:8:1"
"yekar-tiferet-on-mishneh-torah-slaves","Yekar Tiferet on Mishneh Torah, Slaves","tok-7dc4abcb5935","שעבודו","שעבודו","Unresolved","","No lexical entry yet","true","3","Yekar Tiferet on Mishneh Torah, Slaves 8:11:1; Yekar Tiferet on Mishneh Torah, Slaves 8:16:1; Yekar Tiferet on Mishneh Torah, Slaves 8:17:2"
"yekar-tiferet-on-mishneh-torah-slaves","Yekar Tiferet on Mishneh Torah, Slaves","tok-f47f334ec6e0","שעבר","שעבר","Unresolved","","No lexical entry yet","true","2","Yekar Tiferet on Mishneh Torah, Slaves 3:3:1; Yekar Tiferet on Mishneh Torah, Slaves 3:8:2"
"yekar-tiferet-on-mishneh-torah-slaves","Yekar Tiferet on Mishneh Torah, Slaves","tok-5822b9cae32e","שעדיין","שעדיינ","Unresolved","","No lexical entry yet","true","2","Yekar Tiferet on Mishneh Torah, Slaves 4:5:1"
"yekar-tiferet-on-mishneh-torah-slaves","Yekar Tiferet on Mishneh Torah, Slaves","tok-31bece6ddef8","שעדין","שעדינ","Unresolved","","No lexical entry yet","true","1","Yekar Tiferet on Mishneh Torah, Slaves 4:13:1"
"yekar-tiferet-on-mishneh-torah-slaves","Yekar Tiferet on Mishneh Torah, Slaves","tok-dbe79341529a","שעובד","שעובד","Unresolved","","No lexical entry yet","true","1","Yekar Tiferet on Mishneh Torah, Slaves 2:12:2"
"yekar-tiferet-on-mishneh-torah-slaves","Yekar Tiferet on Mishneh Torah, Slaves","tok-cce4755c8bd2","שעובר","שעובר","Unresolved","","No lexical entry yet","true","1","Yekar Tiferet on Mishneh Torah, Slaves 3:13:2"
"yekar-tiferet-on-mishneh-torah-slaves","Yekar Tiferet on Mishneh Torah, Slaves","tok-16dfa3e33326","שעשאו","שעשאו","Unresolved","","No lexical entry yet","true","2","Yekar Tiferet on Mishneh Torah, Slaves 6:3:1; Yekar Tiferet on Mishneh Torah, Slaves 8:16:1"
"yekar-tiferet-on-mishneh-torah-slaves","Yekar Tiferet on Mishneh Torah, Slaves","tok-f12cbb542a81","שפגע","שפגע","Unresolved","","No lexical entry yet","true","1","Yekar Tiferet on Mishneh Torah, Slaves 3:14:2"
"yekar-tiferet-on-mishneh-torah-slaves","Yekar Tiferet on Mishneh Torah, Slaves","tok-6f782c425230","שפדאו","שפדאו","Unresolved","","No lexical entry yet","true","2","Yekar Tiferet on Mishneh Torah, Slaves 8:15:1; Yekar Tiferet on Mishneh Torah, Slaves 8:15:3"
"yekar-tiferet-on-mishneh-torah-slaves","Yekar Tiferet on Mishneh Torah, Slaves","tok-c03e16554b32","שפחה","שפחה","Unresolved","","No lexical entry yet","true","24","Yekar Tiferet on Mishneh Torah, Slaves 1:1:5; Yekar Tiferet on Mishneh Torah, Slaves 3:3:1; Yekar Tiferet on Mishneh Torah, Slaves 3:4:1; Yekar Tiferet on Mishneh Torah, Slaves 3:5:1; Yekar Tiferet on Mishneh Torah, Slaves 3:6:1"
"yekar-tiferet-on-mishneh-torah-slaves","Yekar Tiferet on Mishneh Torah, Slaves","tok-3173395ca11e","שפחות","שפחות","Unresolved","","No lexical entry yet","true","6","Yekar Tiferet on Mishneh Torah, Slaves 4:10:1; Yekar Tiferet on Mishneh Torah, Slaves 4:13:2; Yekar Tiferet on Mishneh Torah, Slaves 9:6:1"
"yekar-tiferet-on-mishneh-torah-slaves","Yekar Tiferet on Mishneh Torah, Slaves","tok-f1dd8697643a","שפחתו","שפחתו","Unresolved","","No lexical entry yet","true","2","Yekar Tiferet on Mishneh Torah, Slaves 5:12:1; Yekar Tiferet on Mishneh Torah, Slaves 9:1:1"
"yekar-tiferet-on-mishneh-torah-slaves","Yekar Tiferet on Mishneh Torah, Slaves","tok-8550cdc2ccff","שפחתי","שפחתי","Unresolved","","No lexical entry yet","true","1","Yekar Tiferet on Mishneh Torah, Slaves 6:4:1"
"yekar-tiferet-on-mishneh-torah-slaves","Yekar Tiferet on Mishneh Torah, Slaves","tok-f49cdb0727d2","שפיר","שפיר","Unresolved","","No lexical entry yet","true","2","Yekar Tiferet on Mishneh Torah, Slaves 5:5:3; Yekar Tiferet on Mishneh Torah, Slaves 8:11:1"
"yekar-tiferet-on-mishneh-torah-slaves","Yekar Tiferet on Mishneh Torah, Slaves","tok-3c07c5982573","שפירש","שפירש","Unresolved","","No lexical entry yet","true","5","Yekar Tiferet on Mishneh Torah, Slaves 4:10:1; Yekar Tiferet on Mishneh Torah, Slaves 4:13:1; Yekar Tiferet on Mishneh Torah, Slaves 4:13:2; Yekar Tiferet on Mishneh Torah, Slaves 7:1:2"
"yekar-tiferet-on-mishneh-torah-slaves","Yekar Tiferet on Mishneh Torah, Slaves","tok-a71d751c1c55","שצוה","שצוה","Unresolved","","No lexical entry yet","true","1","Yekar Tiferet on Mishneh Torah, Slaves 6:4:1"
"yekar-tiferet-on-mishneh-torah-slaves","Yekar Tiferet on Mishneh Torah, Slaves","tok-d9cc1bf3e719","שקבל","שקבל","Unresolved","","No lexical entry yet","true","3","Yekar Tiferet on Mishneh Torah, Slaves 5:16:1; Yekar Tiferet on Mishneh Torah, Slaves 6:6:3; Yekar Tiferet on Mishneh Torah, Slaves 9:7:2"
"yekar-tiferet-on-mishneh-torah-slaves","Yekar Tiferet on Mishneh Torah, Slaves","tok-cb87507b8a2b","שקדשה","שקדשה","Unresolved","","No lexical entry yet","true","1","Yekar Tiferet on Mishneh Torah, Slaves 4:13:2"
"yekar-tiferet-on-mishneh-torah-slaves","Yekar Tiferet on Mishneh Torah, Slaves","tok-545934f39557","שקונה","שקונה","Unresolved","","No lexical entry yet","true","2","Yekar Tiferet on Mishneh Torah, Slaves 2:12:3; Yekar Tiferet on Mishneh Torah, Slaves 4:1:1"
"yekar-tiferet-on-mishneh-torah-slaves","Yekar Tiferet on Mishneh Torah, Slaves","tok-b7e4c5229a8a","שקיים","שקיימ","Unresolved","","No lexical entry yet","true","1","Yekar Tiferet on Mishneh Torah, Slaves 3:5:1"
"yekar-tiferet-on-mishneh-torah-slaves","Yekar Tiferet on Mishneh Torah, Slaves","tok-50247d4a3d2c","שקלים","שקלימ","Unresolved","","No lexical entry yet","true","1","Yekar Tiferet on Mishneh Torah, Slaves 3:14:4"
"yekar-tiferet-on-mishneh-torah-slaves","Yekar Tiferet on Mishneh Torah, Slaves","tok-c7a769278075","שקנאה","שקנאה","Unresolved","","No lexical entry yet","true","1","Yekar Tiferet on Mishneh Torah, Slaves 4:7:3"
"yekar-tiferet-on-mishneh-torah-slaves","Yekar Tiferet on Mishneh Torah, Slaves","tok-51ca071d160f","שקנה","שקנה","Unresolved","","No lexical entry yet","true","2","Yekar Tiferet on Mishneh Torah, Slaves 5:3:1; Yekar Tiferet on Mishneh Torah, Slaves 9:5:1"
"yekar-tiferet-on-mishneh-torah-slaves","Yekar Tiferet on Mishneh Torah, Slaves","tok-3ec2a05185db","שקרובה","שקרובה","Unresolved","","No lexical entry yet","true","1","Yekar Tiferet on Mishneh Torah, Slaves 8:8:1"
"yekar-tiferet-on-mishneh-torah-slaves","Yekar Tiferet on Mishneh Torah, Slaves","tok-f7963140f0df","שראויין","שראויינ","Unresolved","","No lexical entry yet","true","1","Yekar Tiferet on Mishneh Torah, Slaves 4:7:3"
"yekar-tiferet-on-mishneh-torah-slaves","Yekar Tiferet on Mishneh Torah, Slaves","tok-dd4bfbefc166","שרבינו","שרבינו","Unresolved","","No lexical entry yet","true","2","Yekar Tiferet on Mishneh Torah, Slaves 5:1:1; Yekar Tiferet on Mishneh Torah, Slaves 5:14:1"
"yekar-tiferet-on-mishneh-torah-slaves","Yekar Tiferet on Mishneh Torah, Slaves","tok-a3e3a1619f6b","שרובו","שרובו","Unresolved","","No lexical entry yet","true","2","Yekar Tiferet on Mishneh Torah, Slaves 8:9:2"
"yekar-tiferet-on-mishneh-torah-slaves","Yekar Tiferet on Mishneh Torah, Slaves","tok-d460f7a75bb2","שרודה","שרודה","Unresolved","","No lexical entry yet","true","2","Yekar Tiferet on Mishneh Torah, Slaves 1:6:4"
"yekar-tiferet-on-mishneh-torah-slaves","Yekar Tiferet on Mishneh Torah, Slaves","tok-179cdb3dd32d","שש","שש","Unresolved","","No lexical entry yet","true","21","Yekar Tiferet on Mishneh Torah, Slaves 2:2:1; Yekar Tiferet on Mishneh Torah, Slaves 2:4:1; Yekar Tiferet on Mishneh Torah, Slaves 2:5:1; Yekar Tiferet on Mishneh Torah, Slaves 2:5:2; Yekar Tiferet on Mishneh Torah, Slaves 2:12:1"
"yekar-tiferet-on-mishneh-torah-slaves","Yekar Tiferet on Mishneh Torah, Slaves","tok-778827b8e3a7","ששה","ששה","Unresolved","","No lexical entry yet","true","4","Yekar Tiferet on Mishneh Torah, Slaves 3:4:1; Yekar Tiferet on Mishneh Torah, Slaves 5:5:2; Yekar Tiferet on Mishneh Torah, Slaves 6:5:1; Yekar Tiferet on Mishneh Torah, Slaves 6:8:1"
"yekar-tiferet-on-mishneh-torah-slaves","Yekar Tiferet on Mishneh Torah, Slaves","tok-244835094715","ששוו","ששוו","Unresolved","","No lexical entry yet","true","1","Yekar Tiferet on Mishneh Torah, Slaves 7:1:1"
"yekar-tiferet-on-mishneh-torah-slaves","Yekar Tiferet on Mishneh Torah, Slaves","tok-8b3a641f063c","ששחרר","ששחרר","Unresolved","","No lexical entry yet","true","1","Yekar Tiferet on Mishneh Torah, Slaves 7:4:2"
"yekar-tiferet-on-mishneh-torah-slaves","Yekar Tiferet on Mishneh Torah, Slaves","tok-7033f688b930","ששייר","ששייר","Unresolved","","No lexical entry yet","true","1","Yekar Tiferet on Mishneh Torah, Slaves 7:1:2"
"yekar-tiferet-on-mishneh-torah-slaves","Yekar Tiferet on Mishneh Torah, Slaves","tok-8713e07e63c4","ששלוחו","ששלוחו","Unresolved","","No lexical entry yet","true","1","Yekar Tiferet on Mishneh Torah, Slaves 3:14:2"
"yekar-tiferet-on-mishneh-torah-slaves","Yekar Tiferet on Mishneh Torah, Slaves","tok-2d33876fd44e","ששנה","ששנה","Unresolved","","No lexical entry yet","true","1","Yekar Tiferet on Mishneh Torah, Slaves 8:15:1"
"yekar-tiferet-on-mishneh-torah-slaves","Yekar Tiferet on Mishneh Torah, Slaves","tok-c7f037940442","ששת","ששת","Unresolved","","No lexical entry yet","true","1","Yekar Tiferet on Mishneh Torah, Slaves 5:6:2"
"yekar-tiferet-on-mishneh-torah-slaves","Yekar Tiferet on Mishneh Torah, Slaves","tok-d6e88d86e2ce","שתגאל","שתגאל","Unresolved","","No lexical entry yet","true","1","Yekar Tiferet on Mishneh Torah, Slaves 2:7:5"
"yekar-tiferet-on-mishneh-torah-slaves","Yekar Tiferet on Mishneh Torah, Slaves","tok-ad8dc4259ec8","שתגיע","שתגיע","Unresolved","","No lexical entry yet","true","1","Yekar Tiferet on Mishneh Torah, Slaves 4:1:2"
"yekar-tiferet-on-mishneh-torah-slaves","Yekar Tiferet on Mishneh Torah, Slaves","tok-826a2f52924b","שתגרע","שתגרע","Unresolved","","No lexical entry yet","true","1","Yekar Tiferet on Mishneh Torah, Slaves 4:7:3"
"yekar-tiferet-on-mishneh-torah-slaves","Yekar Tiferet on Mishneh Torah, Slaves","tok-6727ed601906","שתכוין","שתכוינ","Unresolved","","No lexical entry yet","true","1","Yekar Tiferet on Mishneh Torah, Slaves 5:4:1"
"yekar-tiferet-on-mishneh-torah-slaves","Yekar Tiferet on Mishneh Torah, Slaves","tok-c5c540a26a2b","שתלה","שתלה","Unresolved","","No lexical entry yet","true","2","Yekar Tiferet on Mishneh Torah, Slaves 2:8:1"
"yekar-tiferet-on-mishneh-torah-slaves","Yekar Tiferet on Mishneh Torah, Slaves","tok-f58e847d11ef","שתקף","שתקפ","Unresolved","","No lexical entry yet","true","1","Yekar Tiferet on Mishneh Torah, Slaves 8:20:1"
"yekar-tiferet-on-mishneh-torah-slaves","Yekar Tiferet on Mishneh Torah, Slaves","tok-073cde21a5c2","שתשיג","שתשיג","Unresolved","","No lexical entry yet","true","1","Yekar Tiferet on Mishneh Torah, Slaves 2:7:2"
"yekar-tiferet-on-mishneh-torah-slaves","Yekar Tiferet on Mishneh Torah, Slaves","tok-c5c59f59fd51","שתתרצה","שתתרצה","Unresolved","","No lexical entry yet","true","1","Yekar Tiferet on Mishneh Torah, Slaves 4:7:5"
"yekar-tiferet-on-mishneh-torah-slaves","Yekar Tiferet on Mishneh Torah, Slaves","tok-ba8b1b943e0f","ת״ל","ת״ל","Unresolved","","No lexical entry yet","true","7","Yekar Tiferet on Mishneh Torah, Slaves 2:6:1; Yekar Tiferet on Mishneh Torah, Slaves 3:1:1; Yekar Tiferet on Mishneh Torah, Slaves 3:14:2; Yekar Tiferet on Mishneh Torah, Slaves 4:6:1; Yekar Tiferet on Mishneh Torah, Slaves 7:6:2"
"yekar-tiferet-on-mishneh-torah-slaves","Yekar Tiferet on Mishneh Torah, Slaves","tok-70b5673be419","ת״ר","ת״ר","Unresolved","","No lexical entry yet","true","2","Yekar Tiferet on Mishneh Torah, Slaves 6:2:1; Yekar Tiferet on Mishneh Torah, Slaves 6:5:1"
"yekar-tiferet-on-mishneh-torah-slaves","Yekar Tiferet on Mishneh Torah, Slaves","tok-e9e4c537a043","תגאל","תגאל","Unresolved","","No lexical entry yet","true","1","Yekar Tiferet on Mishneh Torah, Slaves 2:7:5"
"yekar-tiferet-on-mishneh-torah-slaves","Yekar Tiferet on Mishneh Torah, Slaves","tok-8fa4f541ad51","תגרע","תגרע","Unresolved","","No lexical entry yet","true","1","Yekar Tiferet on Mishneh Torah, Slaves 2:8:1"
"yekar-tiferet-on-mishneh-torah-slaves","Yekar Tiferet on Mishneh Torah, Slaves","tok-3392e1b7c716","תוהו","תוהו","Unresolved","","No lexical entry yet","true","2","Yekar Tiferet on Mishneh Torah, Slaves 5:4:2; Yekar Tiferet on Mishneh Torah, Slaves 8:11:1"
"yekar-tiferet-on-mishneh-torah-slaves","Yekar Tiferet on Mishneh Torah, Slaves","tok-264bc90f520f","תוספאה","תוספאה","Unresolved","","No lexical entry yet","true","1","Yekar Tiferet on Mishneh Torah, Slaves 5:1:1"
"yekar-tiferet-on-mishneh-torah-slaves","Yekar Tiferet on Mishneh Torah, Slaves","tok-9fe6d0cecc06","תועיל","תועיל","Unresolved","","No lexical entry yet","true","1","Yekar Tiferet on Mishneh Torah, Slaves 8:11:1"
"yekar-tiferet-on-mishneh-torah-slaves","Yekar Tiferet on Mishneh Torah, Slaves","tok-36363d430aea","תועלת","תועלת","Unresolved","","No lexical entry yet","true","1","Yekar Tiferet on Mishneh Torah, Slaves 4:14:1"
"yekar-tiferet-on-mishneh-torah-slaves","Yekar Tiferet on Mishneh Torah, Slaves","tok-a89042c12285","תופסין","תופסינ","Unresolved","","No lexical entry yet","true","4","Yekar Tiferet on Mishneh Torah, Slaves 3:3:1; Yekar Tiferet on Mishneh Torah, Slaves 4:12:1; Yekar Tiferet on Mishneh Torah, Slaves 4:13:4; Yekar Tiferet on Mishneh Torah, Slaves 6:8:4"
"yekar-tiferet-on-mishneh-torah-slaves","Yekar Tiferet on Mishneh Torah, Slaves","tok-ab4ec8f42f01","תושב","תושב","Unresolved","","No lexical entry yet","true","1","Yekar Tiferet on Mishneh Torah, Slaves 1:3:1"
"yekar-tiferet-on-mishneh-torah-slaves","Yekar Tiferet on Mishneh Torah, Slaves","tok-90c027cd9ea0","תחלה","תחלה","Unresolved","","No lexical entry yet","true","1","Yekar Tiferet on Mishneh Torah, Slaves 4:13:2"
"yekar-tiferet-on-mishneh-torah-slaves","Yekar Tiferet on Mishneh Torah, Slaves","tok-1055a34b1820","תחלתו","תחלתו","Unresolved","","No lexical entry yet","true","1","Yekar Tiferet on Mishneh Torah, Slaves 8:8:1"
"yekar-tiferet-on-mishneh-torah-slaves","Yekar Tiferet on Mishneh Torah, Slaves","tok-b6a311f97ebd","תימא","תימא","Unresolved","","No lexical entry yet","true","7","Yekar Tiferet on Mishneh Torah, Slaves 1:6:4; Yekar Tiferet on Mishneh Torah, Slaves 4:3:1; Yekar Tiferet on Mishneh Torah, Slaves 8:11:1; Yekar Tiferet on Mishneh Torah, Slaves 8:13:1; Yekar Tiferet on Mishneh Torah, Slaves 9:3:1"
"yekar-tiferet-on-mishneh-torah-slaves","Yekar Tiferet on Mishneh Torah, Slaves","tok-d1a87c4b78bf","תימה","תימה","Unresolved","","No lexical entry yet","true","2","Yekar Tiferet on Mishneh Torah, Slaves 2:7:5; Yekar Tiferet on Mishneh Torah, Slaves 4:3:1"
"yekar-tiferet-on-mishneh-torah-slaves","Yekar Tiferet on Mishneh Torah, Slaves","tok-8009cf9d30d5","תירוצו","תירוצו","Unresolved","","No lexical entry yet","true","1","Yekar Tiferet on Mishneh Torah, Slaves 5:14:1"
"yekar-tiferet-on-mishneh-torah-slaves","Yekar Tiferet on Mishneh Torah, Slaves","tok-5d87e41fcedd","תירץ","תירצ","Unresolved","","No lexical entry yet","true","1","Yekar Tiferet on Mishneh Torah, Slaves 4:10:1"
"yekar-tiferet-on-mishneh-torah-slaves","Yekar Tiferet on Mishneh Torah, Slaves","tok-174c79154716","תירצו","תירצו","Unresolved","","No lexical entry yet","true","4","Yekar Tiferet on Mishneh Torah, Slaves 3:7:2; Yekar Tiferet on Mishneh Torah, Slaves 5:1:2; Yekar Tiferet on Mishneh Torah, Slaves 5:4:3; Yekar Tiferet on Mishneh Torah, Slaves 6:6:1"
"yekar-tiferet-on-mishneh-torah-slaves","Yekar Tiferet on Mishneh Torah, Slaves","tok-6d8dc2b99cb3","תיתי","תיתי","Unresolved","","No lexical entry yet","true","1","Yekar Tiferet on Mishneh Torah, Slaves 2:12:2"
"yekar-tiferet-on-mishneh-torah-slaves","Yekar Tiferet on Mishneh Torah, Slaves","tok-5b75a8cb8d6e","תלי","תלי","Unresolved","","No lexical entry yet","true","2","Yekar Tiferet on Mishneh Torah, Slaves 3:4:1; Yekar Tiferet on Mishneh Torah, Slaves 4:15:1"
"yekar-tiferet-on-mishneh-torah-slaves","Yekar Tiferet on Mishneh Torah, Slaves","tok-9d404fb4308c","תליא","תליא","Unresolved","","No lexical entry yet","true","1","Yekar Tiferet on Mishneh Torah, Slaves 2:12:2"
"yekar-tiferet-on-mishneh-torah-slaves","Yekar Tiferet on Mishneh Torah, Slaves","tok-47676960bf39","תלקח","תלקח","Unresolved","","No lexical entry yet","true","1","Yekar Tiferet on Mishneh Torah, Slaves 4:3:2"
"yekar-tiferet-on-mishneh-torah-slaves","Yekar Tiferet on Mishneh Torah, Slaves","tok-994df3c619d9","תלש","תלש","Unresolved","","No lexical entry yet","true","2","Yekar Tiferet on Mishneh Torah, Slaves 5:10:2"
"yekar-tiferet-on-mishneh-torah-slaves","Yekar Tiferet on Mishneh Torah, Slaves","tok-6f92d6a289f1","תלת","תלת","Unresolved","","No lexical entry yet","true","1","Yekar Tiferet on Mishneh Torah, Slaves 5:2:1"
"yekar-tiferet-on-mishneh-torah-slaves","Yekar Tiferet on Mishneh Torah, Slaves","tok-b4786abd9aa5","תמיה","תמיה","Unresolved","","No lexical entry yet","true","1","Yekar Tiferet on Mishneh Torah, Slaves 3:4:1"
"yekar-tiferet-on-mishneh-torah-slaves","Yekar Tiferet on Mishneh Torah, Slaves","tok-0244623aab84","תמירהו","תמירהו","Unresolved","","No lexical entry yet","true","1","Yekar Tiferet on Mishneh Torah, Slaves 1:8:2"
"yekar-tiferet-on-mishneh-torah-slaves","Yekar Tiferet on Mishneh Torah, Slaves","tok-7da7491add3a","תמכר","תמכר","Unresolved","","No lexical entry yet","true","1","Yekar Tiferet on Mishneh Torah, Slaves 4:1:1"
"yekar-tiferet-on-mishneh-torah-slaves","Yekar Tiferet on Mishneh Torah, Slaves","tok-24c96ffab589","תמכרם","תמכרמ","Unresolved","","No lexical entry yet","true","1","Yekar Tiferet on Mishneh Torah, Slaves 9:6:1"
"yekar-tiferet-on-mishneh-torah-slaves","Yekar Tiferet on Mishneh Torah, Slaves","tok-b2d8a17b4ea6","תן","תנ","Unresolved","","No lexical entry yet","true","1","Yekar Tiferet on Mishneh Torah, Slaves 6:1:2"
"yekar-tiferet-on-mishneh-torah-slaves","Yekar Tiferet on Mishneh Torah, Slaves","tok-f262571a11d9","תנא","תנא","Unresolved","","No lexical entry yet","true","8","Yekar Tiferet on Mishneh Torah, Slaves 4:10:1; Yekar Tiferet on Mishneh Torah, Slaves 4:14:1; Yekar Tiferet on Mishneh Torah, Slaves 5:1:1; Yekar Tiferet on Mishneh Torah, Slaves 5:1:2; Yekar Tiferet on Mishneh Torah, Slaves 5:4:3"
"yekar-tiferet-on-mishneh-torah-slaves","Yekar Tiferet on Mishneh Torah, Slaves","tok-278436f9c0a7","תנאו","תנאו","Unresolved","","No lexical entry yet","true","1","Yekar Tiferet on Mishneh Torah, Slaves 4:16:1"
"yekar-tiferet-on-mishneh-torah-slaves","Yekar Tiferet on Mishneh Torah, Slaves","tok-302ade4de084","תנוך","תנוכ","Unresolved","","No lexical entry yet","true","1","Yekar Tiferet on Mishneh Torah, Slaves 3:9:2"
"yekar-tiferet-on-mishneh-torah-slaves","Yekar Tiferet on Mishneh Torah, Slaves","tok-c42988c6c634","תני","תני","Unresolved","","No lexical entry yet","true","12","Yekar Tiferet on Mishneh Torah, Slaves 4:11:1; Yekar Tiferet on Mishneh Torah, Slaves 5:1:1; Yekar Tiferet on Mishneh Torah, Slaves 5:1:2; Yekar Tiferet on Mishneh Torah, Slaves 5:4:3; Yekar Tiferet on Mishneh Torah, Slaves 5:4:5"
"yekar-tiferet-on-mishneh-torah-slaves","Yekar Tiferet on Mishneh Torah, Slaves","tok-5d41a813367d","תניא","תניא","Unresolved","","No lexical entry yet","true","13","Yekar Tiferet on Mishneh Torah, Slaves 1:3:1; Yekar Tiferet on Mishneh Torah, Slaves 1:7:2; Yekar Tiferet on Mishneh Torah, Slaves 1:10:1; Yekar Tiferet on Mishneh Torah, Slaves 2:2:1; Yekar Tiferet on Mishneh Torah, Slaves 3:14:2"
"yekar-tiferet-on-mishneh-torah-slaves","Yekar Tiferet on Mishneh Torah, Slaves","tok-6d34058ff17a","תנן","תננ","Unresolved","","No lexical entry yet","true","4","Yekar Tiferet on Mishneh Torah, Slaves 2:12:3; Yekar Tiferet on Mishneh Torah, Slaves 4:1:1; Yekar Tiferet on Mishneh Torah, Slaves 5:1:1; Yekar Tiferet on Mishneh Torah, Slaves 5:2:1"
"yekar-tiferet-on-mishneh-torah-slaves","Yekar Tiferet on Mishneh Torah, Slaves","tok-82941498fcbf","תעבוד","תעבוד","Unresolved","","No lexical entry yet","true","1","Yekar Tiferet on Mishneh Torah, Slaves 4:4:1"
"yekar-tiferet-on-mishneh-torah-slaves","Yekar Tiferet on Mishneh Torah, Slaves","tok-81b8aa386b37","תעבודו","תעבודו","Unresolved","","No lexical entry yet","true","1","Yekar Tiferet on Mishneh Torah, Slaves 9:8:1"
"yekar-tiferet-on-mishneh-torah-slaves","Yekar Tiferet on Mishneh Torah, Slaves","tok-6b2fc68425f9","תעניק","תעניק","Unresolved","","No lexical entry yet","true","4","Yekar Tiferet on Mishneh Torah, Slaves 3:12:2; Yekar Tiferet on Mishneh Torah, Slaves 3:14:3; Yekar Tiferet on Mishneh Torah, Slaves 4:4:2"
"yekar-tiferet-on-mishneh-torah-slaves","Yekar Tiferet on Mishneh Torah, Slaves","tok-853ef4534efb","תעשה","תעשה","Unresolved","","No lexical entry yet","true","10","Yekar Tiferet on Mishneh Torah, Slaves 1:6:3; Yekar Tiferet on Mishneh Torah, Slaves 3:13:1; Yekar Tiferet on Mishneh Torah, Slaves 3:13:2; Yekar Tiferet on Mishneh Torah, Slaves 4:4:2; Yekar Tiferet on Mishneh Torah, Slaves 9:6:1"
"yekar-tiferet-on-mishneh-torah-slaves","Yekar Tiferet on Mishneh Torah, Slaves","tok-8c01f81a2d31","תפילין","תפילינ","Unresolved","","No lexical entry yet","true","1","Yekar Tiferet on Mishneh Torah, Slaves 8:17:1"
"yekar-tiferet-on-mishneh-torah-slaves","Yekar Tiferet on Mishneh Torah, Slaves","tok-23a31baf8ba5","תפיס","תפיס","Unresolved","","No lexical entry yet","true","1","Yekar Tiferet on Mishneh Torah, Slaves 1:8:1"
"yekar-tiferet-on-mishneh-torah-slaves","Yekar Tiferet on Mishneh Torah, Slaves","tok-5c313d2dd613","תפלות","תפלות","Unresolved","","No lexical entry yet","true","1","Yekar Tiferet on Mishneh Torah, Slaves 8:18:1"
"yekar-tiferet-on-mishneh-torah-slaves","Yekar Tiferet on Mishneh Torah, Slaves","tok-02483c442824","תפס","תפס","Unresolved","","No lexical entry yet","true","5","Yekar Tiferet on Mishneh Torah, Slaves 5:5:2; Yekar Tiferet on Mishneh Torah, Slaves 5:14:1; Yekar Tiferet on Mishneh Torah, Slaves 8:5:1; Yekar Tiferet on Mishneh Torah, Slaves 8:6:2"
"yekar-tiferet-on-mishneh-torah-slaves","Yekar Tiferet on Mishneh Torah, Slaves","tok-b1caae63869e","תקינו","תקינו","Unresolved","","No lexical entry yet","true","1","Yekar Tiferet on Mishneh Torah, Slaves 4:7:5"
"yekar-tiferet-on-mishneh-torah-slaves","Yekar Tiferet on Mishneh Torah, Slaves","tok-89bbaf729ae3","תקלה","תקלה","Unresolved","","No lexical entry yet","true","1","Yekar Tiferet on Mishneh Torah, Slaves 3:8:2"
"yekar-tiferet-on-mishneh-torah-slaves","Yekar Tiferet on Mishneh Torah, Slaves","tok-757271ad3860","תקשי","תקשי","Unresolved","","No lexical entry yet","true","1","Yekar Tiferet on Mishneh Torah, Slaves 5:13:1"
"yekar-tiferet-on-mishneh-torah-slaves","Yekar Tiferet on Mishneh Torah, Slaves","tok-a2365ba38558","תרויהו","תרויהו","Unresolved","","No lexical entry yet","true","1","Yekar Tiferet on Mishneh Torah, Slaves 1:8:2"
"yekar-tiferet-on-mishneh-torah-slaves","Yekar Tiferet on Mishneh Torah, Slaves","tok-e3a00de8f7ad","תרי","תרי","Unresolved","","No lexical entry yet","true","3","Yekar Tiferet on Mishneh Torah, Slaves 1:9:2; Yekar Tiferet on Mishneh Torah, Slaves 3:7:2; Yekar Tiferet on Mishneh Torah, Slaves 5:12:1"
"yekar-tiferet-on-mishneh-torah-slaves","Yekar Tiferet on Mishneh Torah, Slaves","tok-16e89ff81b80","תרצו","תרצו","Unresolved","","No lexical entry yet","true","1","Yekar Tiferet on Mishneh Torah, Slaves 2:12:3"
"yekar-tiferet-on-mishneh-torah-slaves","Yekar Tiferet on Mishneh Torah, Slaves","tok-7f99ce2df0c1","תרצתי","תרצתי","Unresolved","","No lexical entry yet","true","1","Yekar Tiferet on Mishneh Torah, Slaves 5:9:2"
"yekar-tiferet-on-mishneh-torah-slaves","Yekar Tiferet on Mishneh Torah, Slaves","tok-43be5e8b4edc","תרתי","תרתי","Unresolved","","No lexical entry yet","true","6","Yekar Tiferet on Mishneh Torah, Slaves 4:4:2; Yekar Tiferet on Mishneh Torah, Slaves 4:7:5; Yekar Tiferet on Mishneh Torah, Slaves 4:13:4; Yekar Tiferet on Mishneh Torah, Slaves 6:6:5; Yekar Tiferet on Mishneh Torah, Slaves 7:4:2"
"yekar-tiferet-on-mishneh-torah-slaves","Yekar Tiferet on Mishneh Torah, Slaves","tok-26d9b9767fb2","תשהה","תשהה","Unresolved","","No lexical entry yet","true","1","Yekar Tiferet on Mishneh Torah, Slaves 9:6:1"
"yekar-tiferet-on-mishneh-torah-slaves","Yekar Tiferet on Mishneh Torah, Slaves","tok-d6412f369c04","תשובתי","תשובתי","Unresolved","","No lexical entry yet","true","1","Yekar Tiferet on Mishneh Torah, Slaves 3:3:1"
"yekar-tiferet-on-mishneh-torah-slaves","Yekar Tiferet on Mishneh Torah, Slaves","tok-9e25d5addb1c","תשיג","תשיג","Unresolved","","No lexical entry yet","true","1","Yekar Tiferet on Mishneh Torah, Slaves 2:7:2"
"yekar-tiferet-on-mishneh-torah-slaves","Yekar Tiferet on Mishneh Torah, Slaves","tok-da8900cb4f5c","תשלחנו","תשלחנו","Unresolved","","No lexical entry yet","true","3","Yekar Tiferet on Mishneh Torah, Slaves 3:14:2"
