"work_id","work_title","source_ref","anchor_id","translation","translator_notes","done_status","updated_at"
"shaar-maamarei-rashbi","Sha'ar Ma'amarei Rashbi","Sha'ar Ma'amarei Rashbi, Introduction:1","shaar-maamarei-rashbi-introduction-introduction-1","","","not_done",""
"shaar-maamarei-rashbi","Sha'ar Ma'amarei Rashbi","Sha'ar Ma'amarei Rashbi, Introduction:2","shaar-maamarei-rashbi-introduction-introduction-2","","","not_done",""
"shaar-maamarei-rashbi","Sha'ar Ma'amarei Rashbi","Sha'ar Ma'amarei Rashbi, Introduction:3","shaar-maamarei-rashbi-introduction-introduction-3","","","not_done",""
"shaar-maamarei-rashbi","Sha'ar Ma'amarei Rashbi","Sha'ar Ma'amarei Rashbi, Introduction:4","shaar-maamarei-rashbi-introduction-introduction-4","","","not_done",""
"shaar-maamarei-rashbi","Sha'ar Ma'amarei Rashbi","Sha'ar Ma'amarei Rashbi, Introduction:5","shaar-maamarei-rashbi-introduction-introduction-5","","","not_done",""
"shaar-maamarei-rashbi","Sha'ar Ma'amarei Rashbi","Sha'ar Ma'amarei Rashbi, Introduction:6","shaar-maamarei-rashbi-introduction-introduction-6","","","not_done",""
"shaar-maamarei-rashbi","Sha'ar Ma'amarei Rashbi","Sha'ar Ma'amarei Rashbi, Introduction:7","shaar-maamarei-rashbi-introduction-introduction-7","","","not_done",""
"shaar-maamarei-rashbi","Sha'ar Ma'amarei Rashbi","Sha'ar Ma'amarei Rashbi, Introduction:8","shaar-maamarei-rashbi-introduction-introduction-8","","","not_done",""
"shaar-maamarei-rashbi","Sha'ar Ma'amarei Rashbi","Sha'ar Ma'amarei Rashbi, Introduction:9","shaar-maamarei-rashbi-introduction-introduction-9","","","not_done",""
"shaar-maamarei-rashbi","Sha'ar Ma'amarei Rashbi","Sha'ar Ma'amarei Rashbi, Introduction:10","shaar-maamarei-rashbi-introduction-introduction-10","","","not_done",""
"shaar-maamarei-rashbi","Sha'ar Ma'amarei Rashbi","Sha'ar Ma'amarei Rashbi, Introduction:11","shaar-maamarei-rashbi-introduction-introduction-11","","","not_done",""
"shaar-maamarei-rashbi","Sha'ar Ma'amarei Rashbi","Sha'ar Ma'amarei Rashbi, Introduction:12","shaar-maamarei-rashbi-introduction-introduction-12","","","not_done",""
"shaar-maamarei-rashbi","Sha'ar Ma'amarei Rashbi","Sha'ar Ma'amarei Rashbi, Introduction:13","shaar-maamarei-rashbi-introduction-introduction-13","","","not_done",""
"shaar-maamarei-rashbi","Sha'ar Ma'amarei Rashbi","Sha'ar Ma'amarei Rashbi, Introduction:14","shaar-maamarei-rashbi-introduction-introduction-14","","","not_done",""
"shaar-maamarei-rashbi","Sha'ar Ma'amarei Rashbi","Sha'ar Ma'amarei Rashbi, Introduction:15","shaar-maamarei-rashbi-introduction-introduction-15","","","not_done",""
"shaar-maamarei-rashbi","Sha'ar Ma'amarei Rashbi","Sha'ar Ma'amarei Rashbi, Introduction:16","shaar-maamarei-rashbi-introduction-introduction-16","","","not_done",""
"shaar-maamarei-rashbi","Sha'ar Ma'amarei Rashbi","Sha'ar Ma'amarei Rashbi, Introduction:17","shaar-maamarei-rashbi-introduction-introduction-17","","","not_done",""
"shaar-maamarei-rashbi","Sha'ar Ma'amarei Rashbi","Sha'ar Ma'amarei Rashbi, Introduction:18","shaar-maamarei-rashbi-introduction-introduction-18","","","not_done",""
"shaar-maamarei-rashbi","Sha'ar Ma'amarei Rashbi","Sha'ar Ma'amarei Rashbi, Introduction:19","shaar-maamarei-rashbi-introduction-introduction-19","","","not_done",""
"shaar-maamarei-rashbi","Sha'ar Ma'amarei Rashbi","Sha'ar Ma'amarei Rashbi, Introduction:20","shaar-maamarei-rashbi-introduction-introduction-20","","","not_done",""
"shaar-maamarei-rashbi","Sha'ar Ma'amarei Rashbi","Sha'ar Ma'amarei Rashbi, Introduction:21","shaar-maamarei-rashbi-introduction-introduction-21","","","not_done",""
"shaar-maamarei-rashbi","Sha'ar Ma'amarei Rashbi","Sha'ar Ma'amarei Rashbi, Introduction:22","shaar-maamarei-rashbi-introduction-introduction-22","","","not_done",""
"shaar-maamarei-rashbi","Sha'ar Ma'amarei Rashbi","Sha'ar Ma'amarei Rashbi, Introduction:23","shaar-maamarei-rashbi-introduction-introduction-23","","","not_done",""
"shaar-maamarei-rashbi","Sha'ar Ma'amarei Rashbi","Sha'ar Ma'amarei Rashbi, Introduction:24","shaar-maamarei-rashbi-introduction-introduction-24","","","not_done",""
"shaar-maamarei-rashbi","Sha'ar Ma'amarei Rashbi","Sha'ar Ma'amarei Rashbi, Introduction:25","shaar-maamarei-rashbi-introduction-introduction-25","","","not_done",""
"shaar-maamarei-rashbi","Sha'ar Ma'amarei Rashbi","Sha'ar Ma'amarei Rashbi, Introduction:26","shaar-maamarei-rashbi-introduction-introduction-26","","","not_done",""
"shaar-maamarei-rashbi","Sha'ar Ma'amarei Rashbi","Sha'ar Ma'amarei Rashbi, Introduction:27","shaar-maamarei-rashbi-introduction-introduction-27","","","not_done",""
"shaar-maamarei-rashbi","Sha'ar Ma'amarei Rashbi","Sha'ar Ma'amarei Rashbi, Introduction:28","shaar-maamarei-rashbi-introduction-introduction-28","","","not_done",""
"shaar-maamarei-rashbi","Sha'ar Ma'amarei Rashbi","Sha'ar Ma'amarei Rashbi, Introduction:29","shaar-maamarei-rashbi-introduction-introduction-29","","","not_done",""
"shaar-maamarei-rashbi","Sha'ar Ma'amarei Rashbi","Sha'ar Ma'amarei Rashbi, Introduction:30","shaar-maamarei-rashbi-introduction-introduction-30","","","not_done",""
"shaar-maamarei-rashbi","Sha'ar Ma'amarei Rashbi","Sha'ar Ma'amarei Rashbi, Introduction:31","shaar-maamarei-rashbi-introduction-introduction-31","","","not_done",""
"shaar-maamarei-rashbi","Sha'ar Ma'amarei Rashbi","Sha'ar Ma'amarei Rashbi, Introduction:32","shaar-maamarei-rashbi-introduction-introduction-32","","","not_done",""
"shaar-maamarei-rashbi","Sha'ar Ma'amarei Rashbi","Sha'ar Ma'amarei Rashbi, Introduction:33","shaar-maamarei-rashbi-introduction-introduction-33","","","not_done",""
"shaar-maamarei-rashbi","Sha'ar Ma'amarei Rashbi","Sha'ar Ma'amarei Rashbi, Introduction:34","shaar-maamarei-rashbi-introduction-introduction-34","","","not_done",""
"shaar-maamarei-rashbi","Sha'ar Ma'amarei Rashbi","Sha'ar Ma'amarei Rashbi, Introduction:35","shaar-maamarei-rashbi-introduction-introduction-35","","","not_done",""
"shaar-maamarei-rashbi","Sha'ar Ma'amarei Rashbi","Sha'ar Ma'amarei Rashbi, Introduction:36","shaar-maamarei-rashbi-introduction-introduction-36","","","not_done",""
"shaar-maamarei-rashbi","Sha'ar Ma'amarei Rashbi","Sha'ar Ma'amarei Rashbi, Introduction:37","shaar-maamarei-rashbi-introduction-introduction-37","","","not_done",""
"shaar-maamarei-rashbi","Sha'ar Ma'amarei Rashbi","Sha'ar Ma'amarei Rashbi, Introduction:38","shaar-maamarei-rashbi-introduction-introduction-38","","","not_done",""
"shaar-maamarei-rashbi","Sha'ar Ma'amarei Rashbi","Sha'ar Ma'amarei Rashbi, Introduction:39","shaar-maamarei-rashbi-introduction-introduction-39","","","not_done",""
"shaar-maamarei-rashbi","Sha'ar Ma'amarei Rashbi","Sha'ar Ma'amarei Rashbi, Introduction:40","shaar-maamarei-rashbi-introduction-introduction-40","","","not_done",""
"shaar-maamarei-rashbi","Sha'ar Ma'amarei Rashbi","Sha'ar Ma'amarei Rashbi, Introduction:41","shaar-maamarei-rashbi-introduction-introduction-41","","","not_done",""
"shaar-maamarei-rashbi","Sha'ar Ma'amarei Rashbi","Sha'ar Ma'amarei Rashbi, Introduction:42","shaar-maamarei-rashbi-introduction-introduction-42","","","not_done",""
"shaar-maamarei-rashbi","Sha'ar Ma'amarei Rashbi","Sha'ar Ma'amarei Rashbi, Introduction:43","shaar-maamarei-rashbi-introduction-introduction-43","","","not_done",""
"shaar-maamarei-rashbi","Sha'ar Ma'amarei Rashbi","Sha'ar Ma'amarei Rashbi, Introduction:44","shaar-maamarei-rashbi-introduction-introduction-44","","","not_done",""
"shaar-maamarei-rashbi","Sha'ar Ma'amarei Rashbi","Sha'ar Ma'amarei Rashbi, Introduction:45","shaar-maamarei-rashbi-introduction-introduction-45","","","not_done",""
"shaar-maamarei-rashbi","Sha'ar Ma'amarei Rashbi","Sha'ar Ma'amarei Rashbi, Introduction:46","shaar-maamarei-rashbi-introduction-introduction-46","","","not_done",""
"shaar-maamarei-rashbi","Sha'ar Ma'amarei Rashbi","Sha'ar Ma'amarei Rashbi, Introduction:47","shaar-maamarei-rashbi-introduction-introduction-47","","","not_done",""
"shaar-maamarei-rashbi","Sha'ar Ma'amarei Rashbi","Sha'ar Ma'amarei Rashbi, Introduction:48","shaar-maamarei-rashbi-introduction-introduction-48","","","not_done",""
"shaar-maamarei-rashbi","Sha'ar Ma'amarei Rashbi","Sha'ar Ma'amarei Rashbi, Introduction:49","shaar-maamarei-rashbi-introduction-introduction-49","","","not_done",""
"shaar-maamarei-rashbi","Sha'ar Ma'amarei Rashbi","Sha'ar Ma'amarei Rashbi, Introduction:50","shaar-maamarei-rashbi-introduction-introduction-50","","","not_done",""
"shaar-maamarei-rashbi","Sha'ar Ma'amarei Rashbi","Sha'ar Ma'amarei Rashbi, Introduction:51","shaar-maamarei-rashbi-introduction-introduction-51","","","not_done",""
"shaar-maamarei-rashbi","Sha'ar Ma'amarei Rashbi","Sha'ar Ma'amarei Rashbi, Introduction:52","shaar-maamarei-rashbi-introduction-introduction-52","","","not_done",""
"shaar-maamarei-rashbi","Sha'ar Ma'amarei Rashbi","Sha'ar Ma'amarei Rashbi, Introduction:53","shaar-maamarei-rashbi-introduction-introduction-53","","","not_done",""
"shaar-maamarei-rashbi","Sha'ar Ma'amarei Rashbi","Sha'ar Ma'amarei Rashbi, Introduction:54","shaar-maamarei-rashbi-introduction-introduction-54","","","not_done",""
"shaar-maamarei-rashbi","Sha'ar Ma'amarei Rashbi","Sha'ar Ma'amarei Rashbi, Introduction:55","shaar-maamarei-rashbi-introduction-introduction-55","","","not_done",""
"shaar-maamarei-rashbi","Sha'ar Ma'amarei Rashbi","Sha'ar Ma'amarei Rashbi, Introduction:56","shaar-maamarei-rashbi-introduction-introduction-56","","","not_done",""
"shaar-maamarei-rashbi","Sha'ar Ma'amarei Rashbi","Sha'ar Ma'amarei Rashbi, Introduction:57","shaar-maamarei-rashbi-introduction-introduction-57","","","not_done",""
"shaar-maamarei-rashbi","Sha'ar Ma'amarei Rashbi","Sha'ar Ma'amarei Rashbi, Introduction:58","shaar-maamarei-rashbi-introduction-introduction-58","","","not_done",""
"shaar-maamarei-rashbi","Sha'ar Ma'amarei Rashbi","Sha'ar Ma'amarei Rashbi, Introduction:59","shaar-maamarei-rashbi-introduction-introduction-59","","","not_done",""
"shaar-maamarei-rashbi","Sha'ar Ma'amarei Rashbi","Sha'ar Ma'amarei Rashbi, Introduction:60","shaar-maamarei-rashbi-introduction-introduction-60","","","not_done",""
"shaar-maamarei-rashbi","Sha'ar Ma'amarei Rashbi","Sha'ar Ma'amarei Rashbi, Introduction:61","shaar-maamarei-rashbi-introduction-introduction-61","","","not_done",""
"shaar-maamarei-rashbi","Sha'ar Ma'amarei Rashbi","Sha'ar Ma'amarei Rashbi, Introduction:62","shaar-maamarei-rashbi-introduction-introduction-62","","","not_done",""
"shaar-maamarei-rashbi","Sha'ar Ma'amarei Rashbi","Sha'ar Ma'amarei Rashbi, Introduction:63","shaar-maamarei-rashbi-introduction-introduction-63","","","not_done",""
"shaar-maamarei-rashbi","Sha'ar Ma'amarei Rashbi","Sha'ar Ma'amarei Rashbi, Introduction:64","shaar-maamarei-rashbi-introduction-introduction-64","","","not_done",""
"shaar-maamarei-rashbi","Sha'ar Ma'amarei Rashbi","Sha'ar Ma'amarei Rashbi, Introduction:65","shaar-maamarei-rashbi-introduction-introduction-65","","","not_done",""
"shaar-maamarei-rashbi","Sha'ar Ma'amarei Rashbi","Sha'ar Ma'amarei Rashbi, Introduction:66","shaar-maamarei-rashbi-introduction-introduction-66","","","not_done",""
"shaar-maamarei-rashbi","Sha'ar Ma'amarei Rashbi","Sha'ar Ma'amarei Rashbi, Introduction:67","shaar-maamarei-rashbi-introduction-introduction-67","","","not_done",""
"shaar-maamarei-rashbi","Sha'ar Ma'amarei Rashbi","Sha'ar Ma'amarei Rashbi, Introduction:68","shaar-maamarei-rashbi-introduction-introduction-68","","","not_done",""
"shaar-maamarei-rashbi","Sha'ar Ma'amarei Rashbi","Sha'ar Ma'amarei Rashbi, Introduction:69","shaar-maamarei-rashbi-introduction-introduction-69","","","not_done",""
"shaar-maamarei-rashbi","Sha'ar Ma'amarei Rashbi","Sha'ar Ma'amarei Rashbi, Introduction:70","shaar-maamarei-rashbi-introduction-introduction-70","","","not_done",""
"shaar-maamarei-rashbi","Sha'ar Ma'amarei Rashbi","Sha'ar Ma'amarei Rashbi, Introduction:71","shaar-maamarei-rashbi-introduction-introduction-71","","","not_done",""
"shaar-maamarei-rashbi","Sha'ar Ma'amarei Rashbi","Sha'ar Ma'amarei Rashbi, Introduction:72","shaar-maamarei-rashbi-introduction-introduction-72","","","not_done",""
"shaar-maamarei-rashbi","Sha'ar Ma'amarei Rashbi","Sha'ar Ma'amarei Rashbi, Introduction:73","shaar-maamarei-rashbi-introduction-introduction-73","","","not_done",""
"shaar-maamarei-rashbi","Sha'ar Ma'amarei Rashbi","Sha'ar Ma'amarei Rashbi, Introduction:74","shaar-maamarei-rashbi-introduction-introduction-74","","","not_done",""
"shaar-maamarei-rashbi","Sha'ar Ma'amarei Rashbi","Sha'ar Ma'amarei Rashbi, Introduction:75","shaar-maamarei-rashbi-introduction-introduction-75","","","not_done",""
"shaar-maamarei-rashbi","Sha'ar Ma'amarei Rashbi","Sha'ar Ma'amarei Rashbi, Introduction:76","shaar-maamarei-rashbi-introduction-introduction-76","","","not_done",""
"shaar-maamarei-rashbi","Sha'ar Ma'amarei Rashbi","Sha'ar Ma'amarei Rashbi, Introduction:77","shaar-maamarei-rashbi-introduction-introduction-77","","","not_done",""
"shaar-maamarei-rashbi","Sha'ar Ma'amarei Rashbi","Sha'ar Ma'amarei Rashbi, Introduction:78","shaar-maamarei-rashbi-introduction-introduction-78","","","not_done",""
"shaar-maamarei-rashbi","Sha'ar Ma'amarei Rashbi","Sha'ar Ma'amarei Rashbi, Introduction:79","shaar-maamarei-rashbi-introduction-introduction-79","","","not_done",""
"shaar-maamarei-rashbi","Sha'ar Ma'amarei Rashbi","Sha'ar Ma'amarei Rashbi, Introduction:80","shaar-maamarei-rashbi-introduction-introduction-80","","","not_done",""
"shaar-maamarei-rashbi","Sha'ar Ma'amarei Rashbi","Sha'ar Ma'amarei Rashbi, Introduction:81","shaar-maamarei-rashbi-introduction-introduction-81","","","not_done",""
"shaar-maamarei-rashbi","Sha'ar Ma'amarei Rashbi","Sha'ar Ma'amarei Rashbi, Introduction:82","shaar-maamarei-rashbi-introduction-introduction-82","","","not_done",""
"shaar-maamarei-rashbi","Sha'ar Ma'amarei Rashbi","Sha'ar Ma'amarei Rashbi, Introduction:83","shaar-maamarei-rashbi-introduction-introduction-83","","","not_done",""
"shaar-maamarei-rashbi","Sha'ar Ma'amarei Rashbi","Sha'ar Ma'amarei Rashbi, Introduction:84","shaar-maamarei-rashbi-introduction-introduction-84","","","not_done",""
"shaar-maamarei-rashbi","Sha'ar Ma'amarei Rashbi","Sha'ar Ma'amarei Rashbi, Introduction:85","shaar-maamarei-rashbi-introduction-introduction-85","","","not_done",""
"shaar-maamarei-rashbi","Sha'ar Ma'amarei Rashbi","Sha'ar Ma'amarei Rashbi, Introduction:86","shaar-maamarei-rashbi-introduction-introduction-86","","","not_done",""
"shaar-maamarei-rashbi","Sha'ar Ma'amarei Rashbi","Sha'ar Ma'amarei Rashbi, Introduction:87","shaar-maamarei-rashbi-introduction-introduction-87","","","not_done",""
"shaar-maamarei-rashbi","Sha'ar Ma'amarei Rashbi","Sha'ar Ma'amarei Rashbi, Introduction:88","shaar-maamarei-rashbi-introduction-introduction-88","","","not_done",""
"shaar-maamarei-rashbi","Sha'ar Ma'amarei Rashbi","Sha'ar Ma'amarei Rashbi, Introduction:89","shaar-maamarei-rashbi-introduction-introduction-89","","","not_done",""
"shaar-maamarei-rashbi","Sha'ar Ma'amarei Rashbi","Sha'ar Ma'amarei Rashbi, Introduction:90","shaar-maamarei-rashbi-introduction-introduction-90","","","not_done",""
"shaar-maamarei-rashbi","Sha'ar Ma'amarei Rashbi","Sha'ar Ma'amarei Rashbi, Introduction:91","shaar-maamarei-rashbi-introduction-introduction-91","","","not_done",""
"shaar-maamarei-rashbi","Sha'ar Ma'amarei Rashbi","Sha'ar Ma'amarei Rashbi, Introduction:92","shaar-maamarei-rashbi-introduction-introduction-92","","","not_done",""
"shaar-maamarei-rashbi","Sha'ar Ma'amarei Rashbi","Sha'ar Ma'amarei Rashbi, Introduction:93","shaar-maamarei-rashbi-introduction-introduction-93","","","not_done",""
"shaar-maamarei-rashbi","Sha'ar Ma'amarei Rashbi","Sha'ar Ma'amarei Rashbi, Introduction:94","shaar-maamarei-rashbi-introduction-introduction-94","","","not_done",""
"shaar-maamarei-rashbi","Sha'ar Ma'amarei Rashbi","Sha'ar Ma'amarei Rashbi, Introduction:95","shaar-maamarei-rashbi-introduction-introduction-95","","","not_done",""
"shaar-maamarei-rashbi","Sha'ar Ma'amarei Rashbi","Sha'ar Ma'amarei Rashbi, Introduction:96","shaar-maamarei-rashbi-introduction-introduction-96","","","not_done",""
"shaar-maamarei-rashbi","Sha'ar Ma'amarei Rashbi","Sha'ar Ma'amarei Rashbi, Introduction:97","shaar-maamarei-rashbi-introduction-introduction-97","","","not_done",""
"shaar-maamarei-rashbi","Sha'ar Ma'amarei Rashbi","Sha'ar Ma'amarei Rashbi, Introduction:98","shaar-maamarei-rashbi-introduction-introduction-98","","","not_done",""
"shaar-maamarei-rashbi","Sha'ar Ma'amarei Rashbi","Sha'ar Ma'amarei Rashbi, Introduction:99","shaar-maamarei-rashbi-introduction-introduction-99","","","not_done",""
"shaar-maamarei-rashbi","Sha'ar Ma'amarei Rashbi","Sha'ar Ma'amarei Rashbi, Introduction:100","shaar-maamarei-rashbi-introduction-introduction-100","","","not_done",""
"shaar-maamarei-rashbi","Sha'ar Ma'amarei Rashbi","Sha'ar Ma'amarei Rashbi, Introduction:101","shaar-maamarei-rashbi-introduction-introduction-101","","","not_done",""
"shaar-maamarei-rashbi","Sha'ar Ma'amarei Rashbi","Sha'ar Ma'amarei Rashbi, Introduction:102","shaar-maamarei-rashbi-introduction-introduction-102","","","not_done",""
"shaar-maamarei-rashbi","Sha'ar Ma'amarei Rashbi","Sha'ar Ma'amarei Rashbi, Introduction:103","shaar-maamarei-rashbi-introduction-introduction-103","","","not_done",""
"shaar-maamarei-rashbi","Sha'ar Ma'amarei Rashbi","Sha'ar Ma'amarei Rashbi, Introduction:104","shaar-maamarei-rashbi-introduction-introduction-104","","","not_done",""
"shaar-maamarei-rashbi","Sha'ar Ma'amarei Rashbi","Sha'ar Ma'amarei Rashbi, Introduction:105","shaar-maamarei-rashbi-introduction-introduction-105","","","not_done",""
"shaar-maamarei-rashbi","Sha'ar Ma'amarei Rashbi","Sha'ar Ma'amarei Rashbi, Introduction:106","shaar-maamarei-rashbi-introduction-introduction-106","","","not_done",""
"shaar-maamarei-rashbi","Sha'ar Ma'amarei Rashbi","Sha'ar Ma'amarei Rashbi, Introduction:107","shaar-maamarei-rashbi-introduction-introduction-107","","","not_done",""
"shaar-maamarei-rashbi","Sha'ar Ma'amarei Rashbi","Sha'ar Ma'amarei Rashbi, Introduction:108","shaar-maamarei-rashbi-introduction-introduction-108","","","not_done",""
"shaar-maamarei-rashbi","Sha'ar Ma'amarei Rashbi","Sha'ar Ma'amarei Rashbi, Introduction:109","shaar-maamarei-rashbi-introduction-introduction-109","","","not_done",""
"shaar-maamarei-rashbi","Sha'ar Ma'amarei Rashbi","Sha'ar Ma'amarei Rashbi, Introduction:110","shaar-maamarei-rashbi-introduction-introduction-110","","","not_done",""
"shaar-maamarei-rashbi","Sha'ar Ma'amarei Rashbi","Sha'ar Ma'amarei Rashbi, Introduction:111","shaar-maamarei-rashbi-introduction-introduction-111","","","not_done",""
"shaar-maamarei-rashbi","Sha'ar Ma'amarei Rashbi","Sha'ar Ma'amarei Rashbi, Introduction:112","shaar-maamarei-rashbi-introduction-introduction-112","","","not_done",""
"shaar-maamarei-rashbi","Sha'ar Ma'amarei Rashbi","Sha'ar Ma'amarei Rashbi, Introduction:113","shaar-maamarei-rashbi-introduction-introduction-113","","","not_done",""
"shaar-maamarei-rashbi","Sha'ar Ma'amarei Rashbi","Sha'ar Ma'amarei Rashbi, Introduction:114","shaar-maamarei-rashbi-introduction-introduction-114","","","not_done",""
"shaar-maamarei-rashbi","Sha'ar Ma'amarei Rashbi","Sha'ar Ma'amarei Rashbi, Introduction:115","shaar-maamarei-rashbi-introduction-introduction-115","","","not_done",""
"shaar-maamarei-rashbi","Sha'ar Ma'amarei Rashbi","Sha'ar Ma'amarei Rashbi, Introduction:116","shaar-maamarei-rashbi-introduction-introduction-116","","","not_done",""
"shaar-maamarei-rashbi","Sha'ar Ma'amarei Rashbi","Sha'ar Ma'amarei Rashbi, Introduction:117","shaar-maamarei-rashbi-introduction-introduction-117","","","not_done",""
"shaar-maamarei-rashbi","Sha'ar Ma'amarei Rashbi","Sha'ar Ma'amarei Rashbi, Introduction:118","shaar-maamarei-rashbi-introduction-introduction-118","","","not_done",""
"shaar-maamarei-rashbi","Sha'ar Ma'amarei Rashbi","Sha'ar Ma'amarei Rashbi, Introduction:119","shaar-maamarei-rashbi-introduction-introduction-119","","","not_done",""
"shaar-maamarei-rashbi","Sha'ar Ma'amarei Rashbi","Sha'ar Ma'amarei Rashbi, Introduction:120","shaar-maamarei-rashbi-introduction-introduction-120","","","not_done",""
"shaar-maamarei-rashbi","Sha'ar Ma'amarei Rashbi","Sha'ar Ma'amarei Rashbi, Introduction:121","shaar-maamarei-rashbi-introduction-introduction-121","","","not_done",""
"shaar-maamarei-rashbi","Sha'ar Ma'amarei Rashbi","Sha'ar Ma'amarei Rashbi, Introduction:122","shaar-maamarei-rashbi-introduction-introduction-122","","","not_done",""
"shaar-maamarei-rashbi","Sha'ar Ma'amarei Rashbi","Sha'ar Ma'amarei Rashbi, Introduction:123","shaar-maamarei-rashbi-introduction-introduction-123","","","not_done",""
"shaar-maamarei-rashbi","Sha'ar Ma'amarei Rashbi","Sha'ar Ma'amarei Rashbi, Introduction:124","shaar-maamarei-rashbi-introduction-introduction-124","","","not_done",""
"shaar-maamarei-rashbi","Sha'ar Ma'amarei Rashbi","Sha'ar Ma'amarei Rashbi, Introduction:125","shaar-maamarei-rashbi-introduction-introduction-125","","","not_done",""
"shaar-maamarei-rashbi","Sha'ar Ma'amarei Rashbi","Sha'ar Ma'amarei Rashbi, Introduction:126","shaar-maamarei-rashbi-introduction-introduction-126","","","not_done",""
"shaar-maamarei-rashbi","Sha'ar Ma'amarei Rashbi","Sha'ar Ma'amarei Rashbi, Introduction:127","shaar-maamarei-rashbi-introduction-introduction-127","","","not_done",""
"shaar-maamarei-rashbi","Sha'ar Ma'amarei Rashbi","Sha'ar Ma'amarei Rashbi, Introduction:128","shaar-maamarei-rashbi-introduction-introduction-128","","","not_done",""
"shaar-maamarei-rashbi","Sha'ar Ma'amarei Rashbi","Sha'ar Ma'amarei Rashbi, Introduction:129","shaar-maamarei-rashbi-introduction-introduction-129","","","not_done",""
"shaar-maamarei-rashbi","Sha'ar Ma'amarei Rashbi","Sha'ar Ma'amarei Rashbi, Introduction:130","shaar-maamarei-rashbi-introduction-introduction-130","","","not_done",""
"shaar-maamarei-rashbi","Sha'ar Ma'amarei Rashbi","Sha'ar Ma'amarei Rashbi, Introduction:131","shaar-maamarei-rashbi-introduction-introduction-131","","","not_done",""
"shaar-maamarei-rashbi","Sha'ar Ma'amarei Rashbi","Sha'ar Ma'amarei Rashbi, Introduction:132","shaar-maamarei-rashbi-introduction-introduction-132","","","not_done",""
"shaar-maamarei-rashbi","Sha'ar Ma'amarei Rashbi","Sha'ar Ma'amarei Rashbi, Introduction:133","shaar-maamarei-rashbi-introduction-introduction-133","","","not_done",""
"shaar-maamarei-rashbi","Sha'ar Ma'amarei Rashbi","Sha'ar Ma'amarei Rashbi, Introduction:134","shaar-maamarei-rashbi-introduction-introduction-134","","","not_done",""
"shaar-maamarei-rashbi","Sha'ar Ma'amarei Rashbi","Sha'ar Ma'amarei Rashbi, Introduction:135","shaar-maamarei-rashbi-introduction-introduction-135","","","not_done",""
"shaar-maamarei-rashbi","Sha'ar Ma'amarei Rashbi","Sha'ar Ma'amarei Rashbi, Introduction:136","shaar-maamarei-rashbi-introduction-introduction-136","","","not_done",""
"shaar-maamarei-rashbi","Sha'ar Ma'amarei Rashbi","Sha'ar Ma'amarei Rashbi, Introduction:137","shaar-maamarei-rashbi-introduction-introduction-137","","","not_done",""
"shaar-maamarei-rashbi","Sha'ar Ma'amarei Rashbi","Sha'ar Ma'amarei Rashbi, Introduction:138","shaar-maamarei-rashbi-introduction-introduction-138","","","not_done",""
"shaar-maamarei-rashbi","Sha'ar Ma'amarei Rashbi","Sha'ar Ma'amarei Rashbi, Parashat Bereshit:1","shaar-maamarei-rashbi-parashat-bereshit-parashat-bereshit-1","","","not_done",""
"shaar-maamarei-rashbi","Sha'ar Ma'amarei Rashbi","Sha'ar Ma'amarei Rashbi, Parashat Bereshit:2","shaar-maamarei-rashbi-parashat-bereshit-parashat-bereshit-2","","","not_done",""
"shaar-maamarei-rashbi","Sha'ar Ma'amarei Rashbi","Sha'ar Ma'amarei Rashbi, Parashat Bereshit:3","shaar-maamarei-rashbi-parashat-bereshit-parashat-bereshit-3","","","not_done",""
"shaar-maamarei-rashbi","Sha'ar Ma'amarei Rashbi","Sha'ar Ma'amarei Rashbi, Parashat Bereshit:4","shaar-maamarei-rashbi-parashat-bereshit-parashat-bereshit-4","","","not_done",""
"shaar-maamarei-rashbi","Sha'ar Ma'amarei Rashbi","Sha'ar Ma'amarei Rashbi, Parashat Bereshit:5","shaar-maamarei-rashbi-parashat-bereshit-parashat-bereshit-5","","","not_done",""
"shaar-maamarei-rashbi","Sha'ar Ma'amarei Rashbi","Sha'ar Ma'amarei Rashbi, Parashat Bereshit:6","shaar-maamarei-rashbi-parashat-bereshit-parashat-bereshit-6","","","not_done",""
"shaar-maamarei-rashbi","Sha'ar Ma'amarei Rashbi","Sha'ar Ma'amarei Rashbi, Parashat Bereshit:7","shaar-maamarei-rashbi-parashat-bereshit-parashat-bereshit-7","","","not_done",""
"shaar-maamarei-rashbi","Sha'ar Ma'amarei Rashbi","Sha'ar Ma'amarei Rashbi, Parashat Bereshit:8","shaar-maamarei-rashbi-parashat-bereshit-parashat-bereshit-8","","","not_done",""
"shaar-maamarei-rashbi","Sha'ar Ma'amarei Rashbi","Sha'ar Ma'amarei Rashbi, Parashat Bereshit:9","shaar-maamarei-rashbi-parashat-bereshit-parashat-bereshit-9","","","not_done",""
"shaar-maamarei-rashbi","Sha'ar Ma'amarei Rashbi","Sha'ar Ma'amarei Rashbi, Parashat Bereshit:10","shaar-maamarei-rashbi-parashat-bereshit-parashat-bereshit-10","","","not_done",""
"shaar-maamarei-rashbi","Sha'ar Ma'amarei Rashbi","Sha'ar Ma'amarei Rashbi, Parashat Bereshit:11","shaar-maamarei-rashbi-parashat-bereshit-parashat-bereshit-11","","","not_done",""
"shaar-maamarei-rashbi","Sha'ar Ma'amarei Rashbi","Sha'ar Ma'amarei Rashbi, Parashat Bereshit:12","shaar-maamarei-rashbi-parashat-bereshit-parashat-bereshit-12","","","not_done",""
"shaar-maamarei-rashbi","Sha'ar Ma'amarei Rashbi","Sha'ar Ma'amarei Rashbi, Parashat Bereshit:13","shaar-maamarei-rashbi-parashat-bereshit-parashat-bereshit-13","","","not_done",""
"shaar-maamarei-rashbi","Sha'ar Ma'amarei Rashbi","Sha'ar Ma'amarei Rashbi, Parashat Bereshit:14","shaar-maamarei-rashbi-parashat-bereshit-parashat-bereshit-14","","","not_done",""
"shaar-maamarei-rashbi","Sha'ar Ma'amarei Rashbi","Sha'ar Ma'amarei Rashbi, Parashat Bereshit:15","shaar-maamarei-rashbi-parashat-bereshit-parashat-bereshit-15","","","not_done",""
"shaar-maamarei-rashbi","Sha'ar Ma'amarei Rashbi","Sha'ar Ma'amarei Rashbi, Parashat Bereshit:16","shaar-maamarei-rashbi-parashat-bereshit-parashat-bereshit-16","","","not_done",""
"shaar-maamarei-rashbi","Sha'ar Ma'amarei Rashbi","Sha'ar Ma'amarei Rashbi, Parashat Bereshit:17","shaar-maamarei-rashbi-parashat-bereshit-parashat-bereshit-17","","","not_done",""
"shaar-maamarei-rashbi","Sha'ar Ma'amarei Rashbi","Sha'ar Ma'amarei Rashbi, Parashat Bereshit:18","shaar-maamarei-rashbi-parashat-bereshit-parashat-bereshit-18","","","not_done",""
"shaar-maamarei-rashbi","Sha'ar Ma'amarei Rashbi","Sha'ar Ma'amarei Rashbi, Parashat Bereshit:19","shaar-maamarei-rashbi-parashat-bereshit-parashat-bereshit-19","","","not_done",""
"shaar-maamarei-rashbi","Sha'ar Ma'amarei Rashbi","Sha'ar Ma'amarei Rashbi, Parashat Bereshit:20","shaar-maamarei-rashbi-parashat-bereshit-parashat-bereshit-20","","","not_done",""
"shaar-maamarei-rashbi","Sha'ar Ma'amarei Rashbi","Sha'ar Ma'amarei Rashbi, Parashat Bereshit:21","shaar-maamarei-rashbi-parashat-bereshit-parashat-bereshit-21","","","not_done",""
"shaar-maamarei-rashbi","Sha'ar Ma'amarei Rashbi","Sha'ar Ma'amarei Rashbi, Parashat Bereshit:22","shaar-maamarei-rashbi-parashat-bereshit-parashat-bereshit-22","","","not_done",""
"shaar-maamarei-rashbi","Sha'ar Ma'amarei Rashbi","Sha'ar Ma'amarei Rashbi, Parashat Noach:1","shaar-maamarei-rashbi-parashat-noach-parashat-noach-1","","","not_done",""
"shaar-maamarei-rashbi","Sha'ar Ma'amarei Rashbi","Sha'ar Ma'amarei Rashbi, Parashat Noach:2","shaar-maamarei-rashbi-parashat-noach-parashat-noach-2","","","not_done",""
"shaar-maamarei-rashbi","Sha'ar Ma'amarei Rashbi","Sha'ar Ma'amarei Rashbi, Parashat Noach:3","shaar-maamarei-rashbi-parashat-noach-parashat-noach-3","","","not_done",""
"shaar-maamarei-rashbi","Sha'ar Ma'amarei Rashbi","Sha'ar Ma'amarei Rashbi, Parashat Noach:4","shaar-maamarei-rashbi-parashat-noach-parashat-noach-4","","","not_done",""
"shaar-maamarei-rashbi","Sha'ar Ma'amarei Rashbi","Sha'ar Ma'amarei Rashbi, Parashat Noach:5","shaar-maamarei-rashbi-parashat-noach-parashat-noach-5","","","not_done",""
"shaar-maamarei-rashbi","Sha'ar Ma'amarei Rashbi","Sha'ar Ma'amarei Rashbi, Parashat Noach:6","shaar-maamarei-rashbi-parashat-noach-parashat-noach-6","","","not_done",""
"shaar-maamarei-rashbi","Sha'ar Ma'amarei Rashbi","Sha'ar Ma'amarei Rashbi, Parashat Noach:7","shaar-maamarei-rashbi-parashat-noach-parashat-noach-7","","","not_done",""
"shaar-maamarei-rashbi","Sha'ar Ma'amarei Rashbi","Sha'ar Ma'amarei Rashbi, Parashat Lech Lecha:1","shaar-maamarei-rashbi-parashat-lech-lecha-parashat-lech-lecha-1","","","not_done",""
"shaar-maamarei-rashbi","Sha'ar Ma'amarei Rashbi","Sha'ar Ma'amarei Rashbi, Parashat Lech Lecha:2","shaar-maamarei-rashbi-parashat-lech-lecha-parashat-lech-lecha-2","","","not_done",""
"shaar-maamarei-rashbi","Sha'ar Ma'amarei Rashbi","Sha'ar Ma'amarei Rashbi, Parashat Lech Lecha:3","shaar-maamarei-rashbi-parashat-lech-lecha-parashat-lech-lecha-3","","","not_done",""
"shaar-maamarei-rashbi","Sha'ar Ma'amarei Rashbi","Sha'ar Ma'amarei Rashbi, Parashat Lech Lecha:4","shaar-maamarei-rashbi-parashat-lech-lecha-parashat-lech-lecha-4","","","not_done",""
"shaar-maamarei-rashbi","Sha'ar Ma'amarei Rashbi","Sha'ar Ma'amarei Rashbi, Parashat Lech Lecha:5","shaar-maamarei-rashbi-parashat-lech-lecha-parashat-lech-lecha-5","","","not_done",""
"shaar-maamarei-rashbi","Sha'ar Ma'amarei Rashbi","Sha'ar Ma'amarei Rashbi, Parashat Lech Lecha:6","shaar-maamarei-rashbi-parashat-lech-lecha-parashat-lech-lecha-6","","","not_done",""
"shaar-maamarei-rashbi","Sha'ar Ma'amarei Rashbi","Sha'ar Ma'amarei Rashbi, Parashat Vayera:1","shaar-maamarei-rashbi-parashat-vayera-parashat-vayera-1","","","not_done",""
"shaar-maamarei-rashbi","Sha'ar Ma'amarei Rashbi","Sha'ar Ma'amarei Rashbi, Parashat Vayera:2","shaar-maamarei-rashbi-parashat-vayera-parashat-vayera-2","","","not_done",""
"shaar-maamarei-rashbi","Sha'ar Ma'amarei Rashbi","Sha'ar Ma'amarei Rashbi, Parashat Vayera:3","shaar-maamarei-rashbi-parashat-vayera-parashat-vayera-3","","","not_done",""
"shaar-maamarei-rashbi","Sha'ar Ma'amarei Rashbi","Sha'ar Ma'amarei Rashbi, Parashat Vayera:4","shaar-maamarei-rashbi-parashat-vayera-parashat-vayera-4","","","not_done",""
"shaar-maamarei-rashbi","Sha'ar Ma'amarei Rashbi","Sha'ar Ma'amarei Rashbi, Parashat Vayera:5","shaar-maamarei-rashbi-parashat-vayera-parashat-vayera-5","","","not_done",""
"shaar-maamarei-rashbi","Sha'ar Ma'amarei Rashbi","Sha'ar Ma'amarei Rashbi, Parashat Chayei Sarah:1","shaar-maamarei-rashbi-parashat-chayei-sarah-parashat-chayei-sarah-1","","","not_done",""
"shaar-maamarei-rashbi","Sha'ar Ma'amarei Rashbi","Sha'ar Ma'amarei Rashbi, Parashat Chayei Sarah:2","shaar-maamarei-rashbi-parashat-chayei-sarah-parashat-chayei-sarah-2","","","not_done",""
"shaar-maamarei-rashbi","Sha'ar Ma'amarei Rashbi","Sha'ar Ma'amarei Rashbi, Parashat Chayei Sarah:3","shaar-maamarei-rashbi-parashat-chayei-sarah-parashat-chayei-sarah-3","","","not_done",""
"shaar-maamarei-rashbi","Sha'ar Ma'amarei Rashbi","Sha'ar Ma'amarei Rashbi, Parashat Vayetze:1","shaar-maamarei-rashbi-parashat-vayetze-parashat-vayetze-1","","","not_done",""
"shaar-maamarei-rashbi","Sha'ar Ma'amarei Rashbi","Sha'ar Ma'amarei Rashbi, Parashat Vayetze:2","shaar-maamarei-rashbi-parashat-vayetze-parashat-vayetze-2","","","not_done",""
"shaar-maamarei-rashbi","Sha'ar Ma'amarei Rashbi","Sha'ar Ma'amarei Rashbi, Parashat Vayetze:3","shaar-maamarei-rashbi-parashat-vayetze-parashat-vayetze-3","","","not_done",""
"shaar-maamarei-rashbi","Sha'ar Ma'amarei Rashbi","Sha'ar Ma'amarei Rashbi, Parashat Vayetze:4","shaar-maamarei-rashbi-parashat-vayetze-parashat-vayetze-4","","","not_done",""
"shaar-maamarei-rashbi","Sha'ar Ma'amarei Rashbi","Sha'ar Ma'amarei Rashbi, Parashat Vayishlach:1","shaar-maamarei-rashbi-parashat-vayishlach-parashat-vayishlach-1","","","not_done",""
"shaar-maamarei-rashbi","Sha'ar Ma'amarei Rashbi","Sha'ar Ma'amarei Rashbi, Parashat Miketz:1","shaar-maamarei-rashbi-parashat-miketz-parashat-miketz-1","","","not_done",""
"shaar-maamarei-rashbi","Sha'ar Ma'amarei Rashbi","Sha'ar Ma'amarei Rashbi, Parashat Miketz:2","shaar-maamarei-rashbi-parashat-miketz-parashat-miketz-2","","","not_done",""
"shaar-maamarei-rashbi","Sha'ar Ma'amarei Rashbi","Sha'ar Ma'amarei Rashbi, Parashat Vayechi:1","shaar-maamarei-rashbi-parashat-vayechi-parashat-vayechi-1","","","not_done",""
"shaar-maamarei-rashbi","Sha'ar Ma'amarei Rashbi","Sha'ar Ma'amarei Rashbi, Parashat Vayechi:2","shaar-maamarei-rashbi-parashat-vayechi-parashat-vayechi-2","","","not_done",""
"shaar-maamarei-rashbi","Sha'ar Ma'amarei Rashbi","Sha'ar Ma'amarei Rashbi, Parashat Vayechi:3","shaar-maamarei-rashbi-parashat-vayechi-parashat-vayechi-3","","","not_done",""
"shaar-maamarei-rashbi","Sha'ar Ma'amarei Rashbi","Sha'ar Ma'amarei Rashbi, Parashat Vayechi:4","shaar-maamarei-rashbi-parashat-vayechi-parashat-vayechi-4","","","not_done",""
"shaar-maamarei-rashbi","Sha'ar Ma'amarei Rashbi","Sha'ar Ma'amarei Rashbi, Parashat Vayechi:5","shaar-maamarei-rashbi-parashat-vayechi-parashat-vayechi-5","","","not_done",""
"shaar-maamarei-rashbi","Sha'ar Ma'amarei Rashbi","Sha'ar Ma'amarei Rashbi, Parashat Vayechi:6","shaar-maamarei-rashbi-parashat-vayechi-parashat-vayechi-6","","","not_done",""
"shaar-maamarei-rashbi","Sha'ar Ma'amarei Rashbi","Sha'ar Ma'amarei Rashbi, Parashat Vayechi:7","shaar-maamarei-rashbi-parashat-vayechi-parashat-vayechi-7","","","not_done",""
"shaar-maamarei-rashbi","Sha'ar Ma'amarei Rashbi","Sha'ar Ma'amarei Rashbi, Parashat Vayechi:8","shaar-maamarei-rashbi-parashat-vayechi-parashat-vayechi-8","","","not_done",""
"shaar-maamarei-rashbi","Sha'ar Ma'amarei Rashbi","Sha'ar Ma'amarei Rashbi, Parashat Shemot:1","shaar-maamarei-rashbi-parashat-shemot-parashat-shemot-1","","","not_done",""
"shaar-maamarei-rashbi","Sha'ar Ma'amarei Rashbi","Sha'ar Ma'amarei Rashbi, Parashat Shemot:2","shaar-maamarei-rashbi-parashat-shemot-parashat-shemot-2","","","not_done",""
"shaar-maamarei-rashbi","Sha'ar Ma'amarei Rashbi","Sha'ar Ma'amarei Rashbi, Parashat Shemot:3","shaar-maamarei-rashbi-parashat-shemot-parashat-shemot-3","","","not_done",""
"shaar-maamarei-rashbi","Sha'ar Ma'amarei Rashbi","Sha'ar Ma'amarei Rashbi, Parashat Shemot:4","shaar-maamarei-rashbi-parashat-shemot-parashat-shemot-4","","","not_done",""
"shaar-maamarei-rashbi","Sha'ar Ma'amarei Rashbi","Sha'ar Ma'amarei Rashbi, Parashat Shemot:5","shaar-maamarei-rashbi-parashat-shemot-parashat-shemot-5","","","not_done",""
"shaar-maamarei-rashbi","Sha'ar Ma'amarei Rashbi","Sha'ar Ma'amarei Rashbi, Parashat Shemot:6","shaar-maamarei-rashbi-parashat-shemot-parashat-shemot-6","","","not_done",""
"shaar-maamarei-rashbi","Sha'ar Ma'amarei Rashbi","Sha'ar Ma'amarei Rashbi, Parashat Vaera:1","shaar-maamarei-rashbi-parashat-vaera-parashat-vaera-1","","","not_done",""
"shaar-maamarei-rashbi","Sha'ar Ma'amarei Rashbi","Sha'ar Ma'amarei Rashbi, Parashat Vaera:2","shaar-maamarei-rashbi-parashat-vaera-parashat-vaera-2","","","not_done",""
"shaar-maamarei-rashbi","Sha'ar Ma'amarei Rashbi","Sha'ar Ma'amarei Rashbi, Parashat Vaera:3","shaar-maamarei-rashbi-parashat-vaera-parashat-vaera-3","","","not_done",""
"shaar-maamarei-rashbi","Sha'ar Ma'amarei Rashbi","Sha'ar Ma'amarei Rashbi, Parashat Vaera:4","shaar-maamarei-rashbi-parashat-vaera-parashat-vaera-4","","","not_done",""
"shaar-maamarei-rashbi","Sha'ar Ma'amarei Rashbi","Sha'ar Ma'amarei Rashbi, Parashat Bo:1","shaar-maamarei-rashbi-parashat-bo-parashat-bo-1","","","not_done",""
"shaar-maamarei-rashbi","Sha'ar Ma'amarei Rashbi","Sha'ar Ma'amarei Rashbi, Parashat Bo:2","shaar-maamarei-rashbi-parashat-bo-parashat-bo-2","","","not_done",""
"shaar-maamarei-rashbi","Sha'ar Ma'amarei Rashbi","Sha'ar Ma'amarei Rashbi, Parashat Bo:3","shaar-maamarei-rashbi-parashat-bo-parashat-bo-3","","","not_done",""
"shaar-maamarei-rashbi","Sha'ar Ma'amarei Rashbi","Sha'ar Ma'amarei Rashbi, Parashat Bo:4","shaar-maamarei-rashbi-parashat-bo-parashat-bo-4","","","not_done",""
"shaar-maamarei-rashbi","Sha'ar Ma'amarei Rashbi","Sha'ar Ma'amarei Rashbi, Parashat Bo:5","shaar-maamarei-rashbi-parashat-bo-parashat-bo-5","","","not_done",""
"shaar-maamarei-rashbi","Sha'ar Ma'amarei Rashbi","Sha'ar Ma'amarei Rashbi, Parashat Beshalach:1","shaar-maamarei-rashbi-parashat-beshalach-parashat-beshalach-1","","","not_done",""
"shaar-maamarei-rashbi","Sha'ar Ma'amarei Rashbi","Sha'ar Ma'amarei Rashbi, Parashat Beshalach:2","shaar-maamarei-rashbi-parashat-beshalach-parashat-beshalach-2","","","not_done",""
"shaar-maamarei-rashbi","Sha'ar Ma'amarei Rashbi","Sha'ar Ma'amarei Rashbi, Parashat Beshalach:3","shaar-maamarei-rashbi-parashat-beshalach-parashat-beshalach-3","","","not_done",""
"shaar-maamarei-rashbi","Sha'ar Ma'amarei Rashbi","Sha'ar Ma'amarei Rashbi, Parashat Beshalach:4","shaar-maamarei-rashbi-parashat-beshalach-parashat-beshalach-4","","","not_done",""
"shaar-maamarei-rashbi","Sha'ar Ma'amarei Rashbi","Sha'ar Ma'amarei Rashbi, Parashat Yitro:1","shaar-maamarei-rashbi-parashat-yitro-parashat-yitro-1","","","not_done",""
"shaar-maamarei-rashbi","Sha'ar Ma'amarei Rashbi","Sha'ar Ma'amarei Rashbi, Parashat Yitro:2","shaar-maamarei-rashbi-parashat-yitro-parashat-yitro-2","","","not_done",""
"shaar-maamarei-rashbi","Sha'ar Ma'amarei Rashbi","Sha'ar Ma'amarei Rashbi, Parashat Yitro:3","shaar-maamarei-rashbi-parashat-yitro-parashat-yitro-3","","","not_done",""
"shaar-maamarei-rashbi","Sha'ar Ma'amarei Rashbi","Sha'ar Ma'amarei Rashbi, Parashat Yitro:4","shaar-maamarei-rashbi-parashat-yitro-parashat-yitro-4","","","not_done",""
"shaar-maamarei-rashbi","Sha'ar Ma'amarei Rashbi","Sha'ar Ma'amarei Rashbi, Parashat Mishpatim:1","shaar-maamarei-rashbi-parashat-mishpatim-parashat-mishpatim-1","","","not_done",""
"shaar-maamarei-rashbi","Sha'ar Ma'amarei Rashbi","Sha'ar Ma'amarei Rashbi, Parashat Mishpatim:2","shaar-maamarei-rashbi-parashat-mishpatim-parashat-mishpatim-2","","","not_done",""
"shaar-maamarei-rashbi","Sha'ar Ma'amarei Rashbi","Sha'ar Ma'amarei Rashbi, Parashat Mishpatim:3","shaar-maamarei-rashbi-parashat-mishpatim-parashat-mishpatim-3","","","not_done",""
"shaar-maamarei-rashbi","Sha'ar Ma'amarei Rashbi","Sha'ar Ma'amarei Rashbi, Parashat Mishpatim:4","shaar-maamarei-rashbi-parashat-mishpatim-parashat-mishpatim-4","","","not_done",""
"shaar-maamarei-rashbi","Sha'ar Ma'amarei Rashbi","Sha'ar Ma'amarei Rashbi, Parashat Mishpatim:5","shaar-maamarei-rashbi-parashat-mishpatim-parashat-mishpatim-5","","","not_done",""
"shaar-maamarei-rashbi","Sha'ar Ma'amarei Rashbi","Sha'ar Ma'amarei Rashbi, Parashat Mishpatim:6","shaar-maamarei-rashbi-parashat-mishpatim-parashat-mishpatim-6","","","not_done",""
"shaar-maamarei-rashbi","Sha'ar Ma'amarei Rashbi","Sha'ar Ma'amarei Rashbi, Parashat Mishpatim:7","shaar-maamarei-rashbi-parashat-mishpatim-parashat-mishpatim-7","","","not_done",""
"shaar-maamarei-rashbi","Sha'ar Ma'amarei Rashbi","Sha'ar Ma'amarei Rashbi, Parashat Mishpatim:8","shaar-maamarei-rashbi-parashat-mishpatim-parashat-mishpatim-8","","","not_done",""
"shaar-maamarei-rashbi","Sha'ar Ma'amarei Rashbi","Sha'ar Ma'amarei Rashbi, Parashat Mishpatim:9","shaar-maamarei-rashbi-parashat-mishpatim-parashat-mishpatim-9","","","not_done",""
"shaar-maamarei-rashbi","Sha'ar Ma'amarei Rashbi","Sha'ar Ma'amarei Rashbi, Parashat Mishpatim:10","shaar-maamarei-rashbi-parashat-mishpatim-parashat-mishpatim-10","","","not_done",""
"shaar-maamarei-rashbi","Sha'ar Ma'amarei Rashbi","Sha'ar Ma'amarei Rashbi, Parashat Mishpatim:11","shaar-maamarei-rashbi-parashat-mishpatim-parashat-mishpatim-11","","","not_done",""
"shaar-maamarei-rashbi","Sha'ar Ma'amarei Rashbi","Sha'ar Ma'amarei Rashbi, Parashat Mishpatim:12","shaar-maamarei-rashbi-parashat-mishpatim-parashat-mishpatim-12","","","not_done",""
"shaar-maamarei-rashbi","Sha'ar Ma'amarei Rashbi","Sha'ar Ma'amarei Rashbi, Parashat Mishpatim:13","shaar-maamarei-rashbi-parashat-mishpatim-parashat-mishpatim-13","","","not_done",""
"shaar-maamarei-rashbi","Sha'ar Ma'amarei Rashbi","Sha'ar Ma'amarei Rashbi, Parashat Mishpatim:14","shaar-maamarei-rashbi-parashat-mishpatim-parashat-mishpatim-14","","","not_done",""
"shaar-maamarei-rashbi","Sha'ar Ma'amarei Rashbi","Sha'ar Ma'amarei Rashbi, Parashat Mishpatim:15","shaar-maamarei-rashbi-parashat-mishpatim-parashat-mishpatim-15","","","not_done",""
"shaar-maamarei-rashbi","Sha'ar Ma'amarei Rashbi","Sha'ar Ma'amarei Rashbi, Parashat Mishpatim:16","shaar-maamarei-rashbi-parashat-mishpatim-parashat-mishpatim-16","","","not_done",""
"shaar-maamarei-rashbi","Sha'ar Ma'amarei Rashbi","Sha'ar Ma'amarei Rashbi, Parashat Mishpatim:17","shaar-maamarei-rashbi-parashat-mishpatim-parashat-mishpatim-17","","","not_done",""
"shaar-maamarei-rashbi","Sha'ar Ma'amarei Rashbi","Sha'ar Ma'amarei Rashbi, Parashat Mishpatim:18","shaar-maamarei-rashbi-parashat-mishpatim-parashat-mishpatim-18","","","not_done",""
"shaar-maamarei-rashbi","Sha'ar Ma'amarei Rashbi","Sha'ar Ma'amarei Rashbi, Parashat Terumah:1","shaar-maamarei-rashbi-parashat-terumah-parashat-terumah-1","","","not_done",""
"shaar-maamarei-rashbi","Sha'ar Ma'amarei Rashbi","Sha'ar Ma'amarei Rashbi, Parashat Terumah:2","shaar-maamarei-rashbi-parashat-terumah-parashat-terumah-2","","","not_done",""
"shaar-maamarei-rashbi","Sha'ar Ma'amarei Rashbi","Sha'ar Ma'amarei Rashbi, Parashat Terumah:3","shaar-maamarei-rashbi-parashat-terumah-parashat-terumah-3","","","not_done",""
"shaar-maamarei-rashbi","Sha'ar Ma'amarei Rashbi","Sha'ar Ma'amarei Rashbi, Parashat Terumah:4","shaar-maamarei-rashbi-parashat-terumah-parashat-terumah-4","","","not_done",""
"shaar-maamarei-rashbi","Sha'ar Ma'amarei Rashbi","Sha'ar Ma'amarei Rashbi, Parashat Terumah:5","shaar-maamarei-rashbi-parashat-terumah-parashat-terumah-5","","","not_done",""
"shaar-maamarei-rashbi","Sha'ar Ma'amarei Rashbi","Sha'ar Ma'amarei Rashbi, Parashat Terumah:6","shaar-maamarei-rashbi-parashat-terumah-parashat-terumah-6","","","not_done",""
"shaar-maamarei-rashbi","Sha'ar Ma'amarei Rashbi","Sha'ar Ma'amarei Rashbi, Parashat Terumah:7","shaar-maamarei-rashbi-parashat-terumah-parashat-terumah-7","","","not_done",""
"shaar-maamarei-rashbi","Sha'ar Ma'amarei Rashbi","Sha'ar Ma'amarei Rashbi, Parashat Terumah:8","shaar-maamarei-rashbi-parashat-terumah-parashat-terumah-8","","","not_done",""
"shaar-maamarei-rashbi","Sha'ar Ma'amarei Rashbi","Sha'ar Ma'amarei Rashbi, Parashat Terumah:9","shaar-maamarei-rashbi-parashat-terumah-parashat-terumah-9","","","not_done",""
"shaar-maamarei-rashbi","Sha'ar Ma'amarei Rashbi","Sha'ar Ma'amarei Rashbi, Parashat Terumah:10","shaar-maamarei-rashbi-parashat-terumah-parashat-terumah-10","","","not_done",""
"shaar-maamarei-rashbi","Sha'ar Ma'amarei Rashbi","Sha'ar Ma'amarei Rashbi, Parashat Terumah:11","shaar-maamarei-rashbi-parashat-terumah-parashat-terumah-11","","","not_done",""
"shaar-maamarei-rashbi","Sha'ar Ma'amarei Rashbi","Sha'ar Ma'amarei Rashbi, Parashat Terumah:12","shaar-maamarei-rashbi-parashat-terumah-parashat-terumah-12","","","not_done",""
"shaar-maamarei-rashbi","Sha'ar Ma'amarei Rashbi","Sha'ar Ma'amarei Rashbi, Parashat Terumah:13","shaar-maamarei-rashbi-parashat-terumah-parashat-terumah-13","","","not_done",""
"shaar-maamarei-rashbi","Sha'ar Ma'amarei Rashbi","Sha'ar Ma'amarei Rashbi, Parashat Terumah:14","shaar-maamarei-rashbi-parashat-terumah-parashat-terumah-14","","","not_done",""
"shaar-maamarei-rashbi","Sha'ar Ma'amarei Rashbi","Sha'ar Ma'amarei Rashbi, Parashat Terumah:15","shaar-maamarei-rashbi-parashat-terumah-parashat-terumah-15","","","not_done",""
"shaar-maamarei-rashbi","Sha'ar Ma'amarei Rashbi","Sha'ar Ma'amarei Rashbi, Parashat Terumah:16","shaar-maamarei-rashbi-parashat-terumah-parashat-terumah-16","","","not_done",""
"shaar-maamarei-rashbi","Sha'ar Ma'amarei Rashbi","Sha'ar Ma'amarei Rashbi, Parashat Terumah:17","shaar-maamarei-rashbi-parashat-terumah-parashat-terumah-17","","","not_done",""
"shaar-maamarei-rashbi","Sha'ar Ma'amarei Rashbi","Sha'ar Ma'amarei Rashbi, Parashat Terumah:18","shaar-maamarei-rashbi-parashat-terumah-parashat-terumah-18","","","not_done",""
"shaar-maamarei-rashbi","Sha'ar Ma'amarei Rashbi","Sha'ar Ma'amarei Rashbi, Parashat Terumah:19","shaar-maamarei-rashbi-parashat-terumah-parashat-terumah-19","","","not_done",""
"shaar-maamarei-rashbi","Sha'ar Ma'amarei Rashbi","Sha'ar Ma'amarei Rashbi, Parashat Terumah:20","shaar-maamarei-rashbi-parashat-terumah-parashat-terumah-20","","","not_done",""
"shaar-maamarei-rashbi","Sha'ar Ma'amarei Rashbi","Sha'ar Ma'amarei Rashbi, Parashat Terumah:21","shaar-maamarei-rashbi-parashat-terumah-parashat-terumah-21","","","not_done",""
"shaar-maamarei-rashbi","Sha'ar Ma'amarei Rashbi","Sha'ar Ma'amarei Rashbi, Parashat Terumah:22","shaar-maamarei-rashbi-parashat-terumah-parashat-terumah-22","","","not_done",""
"shaar-maamarei-rashbi","Sha'ar Ma'amarei Rashbi","Sha'ar Ma'amarei Rashbi, Parashat Terumah:23","shaar-maamarei-rashbi-parashat-terumah-parashat-terumah-23","","","not_done",""
"shaar-maamarei-rashbi","Sha'ar Ma'amarei Rashbi","Sha'ar Ma'amarei Rashbi, Parashat Terumah:24","shaar-maamarei-rashbi-parashat-terumah-parashat-terumah-24","","","not_done",""
"shaar-maamarei-rashbi","Sha'ar Ma'amarei Rashbi","Sha'ar Ma'amarei Rashbi, Commentary on Sifra DeTzeniuta 1:1","shaar-maamarei-rashbi-commentary-on-sifra-detzeniuta-commentary-on-sifra-detzeniuta-1-1","","","not_done",""
"shaar-maamarei-rashbi","Sha'ar Ma'amarei Rashbi","Sha'ar Ma'amarei Rashbi, Commentary on Sifra DeTzeniuta 1:2","shaar-maamarei-rashbi-commentary-on-sifra-detzeniuta-commentary-on-sifra-detzeniuta-1-2","","","not_done",""
"shaar-maamarei-rashbi","Sha'ar Ma'amarei Rashbi","Sha'ar Ma'amarei Rashbi, Commentary on Sifra DeTzeniuta 1:3","shaar-maamarei-rashbi-commentary-on-sifra-detzeniuta-commentary-on-sifra-detzeniuta-1-3","","","not_done",""
"shaar-maamarei-rashbi","Sha'ar Ma'amarei Rashbi","Sha'ar Ma'amarei Rashbi, Commentary on Sifra DeTzeniuta 1:4","shaar-maamarei-rashbi-commentary-on-sifra-detzeniuta-commentary-on-sifra-detzeniuta-1-4","","","not_done",""
"shaar-maamarei-rashbi","Sha'ar Ma'amarei Rashbi","Sha'ar Ma'amarei Rashbi, Commentary on Sifra DeTzeniuta 1:5","shaar-maamarei-rashbi-commentary-on-sifra-detzeniuta-commentary-on-sifra-detzeniuta-1-5","","","not_done",""
"shaar-maamarei-rashbi","Sha'ar Ma'amarei Rashbi","Sha'ar Ma'amarei Rashbi, Commentary on Sifra DeTzeniuta 1:6","shaar-maamarei-rashbi-commentary-on-sifra-detzeniuta-commentary-on-sifra-detzeniuta-1-6","","","not_done",""
"shaar-maamarei-rashbi","Sha'ar Ma'amarei Rashbi","Sha'ar Ma'amarei Rashbi, Commentary on Sifra DeTzeniuta 1:7","shaar-maamarei-rashbi-commentary-on-sifra-detzeniuta-commentary-on-sifra-detzeniuta-1-7","","","not_done",""
"shaar-maamarei-rashbi","Sha'ar Ma'amarei Rashbi","Sha'ar Ma'amarei Rashbi, Commentary on Sifra DeTzeniuta 1:8","shaar-maamarei-rashbi-commentary-on-sifra-detzeniuta-commentary-on-sifra-detzeniuta-1-8","","","not_done",""
"shaar-maamarei-rashbi","Sha'ar Ma'amarei Rashbi","Sha'ar Ma'amarei Rashbi, Commentary on Sifra DeTzeniuta 1:9","shaar-maamarei-rashbi-commentary-on-sifra-detzeniuta-commentary-on-sifra-detzeniuta-1-9","","","not_done",""
"shaar-maamarei-rashbi","Sha'ar Ma'amarei Rashbi","Sha'ar Ma'amarei Rashbi, Commentary on Sifra DeTzeniuta 1:10","shaar-maamarei-rashbi-commentary-on-sifra-detzeniuta-commentary-on-sifra-detzeniuta-1-10","","","not_done",""
"shaar-maamarei-rashbi","Sha'ar Ma'amarei Rashbi","Sha'ar Ma'amarei Rashbi, Commentary on Sifra DeTzeniuta 1:11","shaar-maamarei-rashbi-commentary-on-sifra-detzeniuta-commentary-on-sifra-detzeniuta-1-11","","","not_done",""
"shaar-maamarei-rashbi","Sha'ar Ma'amarei Rashbi","Sha'ar Ma'amarei Rashbi, Commentary on Sifra DeTzeniuta 1:12","shaar-maamarei-rashbi-commentary-on-sifra-detzeniuta-commentary-on-sifra-detzeniuta-1-12","","","not_done",""
"shaar-maamarei-rashbi","Sha'ar Ma'amarei Rashbi","Sha'ar Ma'amarei Rashbi, Commentary on Sifra DeTzeniuta 1:13","shaar-maamarei-rashbi-commentary-on-sifra-detzeniuta-commentary-on-sifra-detzeniuta-1-13","","","not_done",""
"shaar-maamarei-rashbi","Sha'ar Ma'amarei Rashbi","Sha'ar Ma'amarei Rashbi, Commentary on Sifra DeTzeniuta 1:14","shaar-maamarei-rashbi-commentary-on-sifra-detzeniuta-commentary-on-sifra-detzeniuta-1-14","","","not_done",""
"shaar-maamarei-rashbi","Sha'ar Ma'amarei Rashbi","Sha'ar Ma'amarei Rashbi, Commentary on Sifra DeTzeniuta 1:15","shaar-maamarei-rashbi-commentary-on-sifra-detzeniuta-commentary-on-sifra-detzeniuta-1-15","","","not_done",""
"shaar-maamarei-rashbi","Sha'ar Ma'amarei Rashbi","Sha'ar Ma'amarei Rashbi, Commentary on Sifra DeTzeniuta 1:16","shaar-maamarei-rashbi-commentary-on-sifra-detzeniuta-commentary-on-sifra-detzeniuta-1-16","","","not_done",""
"shaar-maamarei-rashbi","Sha'ar Ma'amarei Rashbi","Sha'ar Ma'amarei Rashbi, Commentary on Sifra DeTzeniuta 1:17","shaar-maamarei-rashbi-commentary-on-sifra-detzeniuta-commentary-on-sifra-detzeniuta-1-17","","","not_done",""
"shaar-maamarei-rashbi","Sha'ar Ma'amarei Rashbi","Sha'ar Ma'amarei Rashbi, Commentary on Sifra DeTzeniuta 1:18","shaar-maamarei-rashbi-commentary-on-sifra-detzeniuta-commentary-on-sifra-detzeniuta-1-18","","","not_done",""
"shaar-maamarei-rashbi","Sha'ar Ma'amarei Rashbi","Sha'ar Ma'amarei Rashbi, Commentary on Sifra DeTzeniuta 1:19","shaar-maamarei-rashbi-commentary-on-sifra-detzeniuta-commentary-on-sifra-detzeniuta-1-19","","","not_done",""
"shaar-maamarei-rashbi","Sha'ar Ma'amarei Rashbi","Sha'ar Ma'amarei Rashbi, Commentary on Sifra DeTzeniuta 1:20","shaar-maamarei-rashbi-commentary-on-sifra-detzeniuta-commentary-on-sifra-detzeniuta-1-20","","","not_done",""
"shaar-maamarei-rashbi","Sha'ar Ma'amarei Rashbi","Sha'ar Ma'amarei Rashbi, Commentary on Sifra DeTzeniuta 1:21","shaar-maamarei-rashbi-commentary-on-sifra-detzeniuta-commentary-on-sifra-detzeniuta-1-21","","","not_done",""
"shaar-maamarei-rashbi","Sha'ar Ma'amarei Rashbi","Sha'ar Ma'amarei Rashbi, Commentary on Sifra DeTzeniuta 1:22","shaar-maamarei-rashbi-commentary-on-sifra-detzeniuta-commentary-on-sifra-detzeniuta-1-22","","","not_done",""
"shaar-maamarei-rashbi","Sha'ar Ma'amarei Rashbi","Sha'ar Ma'amarei Rashbi, Commentary on Sifra DeTzeniuta 1:23","shaar-maamarei-rashbi-commentary-on-sifra-detzeniuta-commentary-on-sifra-detzeniuta-1-23","","","not_done",""
"shaar-maamarei-rashbi","Sha'ar Ma'amarei Rashbi","Sha'ar Ma'amarei Rashbi, Commentary on Sifra DeTzeniuta 1:24","shaar-maamarei-rashbi-commentary-on-sifra-detzeniuta-commentary-on-sifra-detzeniuta-1-24","","","not_done",""
"shaar-maamarei-rashbi","Sha'ar Ma'amarei Rashbi","Sha'ar Ma'amarei Rashbi, Commentary on Sifra DeTzeniuta 1:25","shaar-maamarei-rashbi-commentary-on-sifra-detzeniuta-commentary-on-sifra-detzeniuta-1-25","","","not_done",""
"shaar-maamarei-rashbi","Sha'ar Ma'amarei Rashbi","Sha'ar Ma'amarei Rashbi, Commentary on Sifra DeTzeniuta 1:26","shaar-maamarei-rashbi-commentary-on-sifra-detzeniuta-commentary-on-sifra-detzeniuta-1-26","","","not_done",""
"shaar-maamarei-rashbi","Sha'ar Ma'amarei Rashbi","Sha'ar Ma'amarei Rashbi, Commentary on Sifra DeTzeniuta 1:27","shaar-maamarei-rashbi-commentary-on-sifra-detzeniuta-commentary-on-sifra-detzeniuta-1-27","","","not_done",""
"shaar-maamarei-rashbi","Sha'ar Ma'amarei Rashbi","Sha'ar Ma'amarei Rashbi, Commentary on Sifra DeTzeniuta 1:28","shaar-maamarei-rashbi-commentary-on-sifra-detzeniuta-commentary-on-sifra-detzeniuta-1-28","","","not_done",""
"shaar-maamarei-rashbi","Sha'ar Ma'amarei Rashbi","Sha'ar Ma'amarei Rashbi, Commentary on Sifra DeTzeniuta 1:29","shaar-maamarei-rashbi-commentary-on-sifra-detzeniuta-commentary-on-sifra-detzeniuta-1-29","","","not_done",""
"shaar-maamarei-rashbi","Sha'ar Ma'amarei Rashbi","Sha'ar Ma'amarei Rashbi, Commentary on Sifra DeTzeniuta 1:30","shaar-maamarei-rashbi-commentary-on-sifra-detzeniuta-commentary-on-sifra-detzeniuta-1-30","","","not_done",""
"shaar-maamarei-rashbi","Sha'ar Ma'amarei Rashbi","Sha'ar Ma'amarei Rashbi, Commentary on Sifra DeTzeniuta 1:31","shaar-maamarei-rashbi-commentary-on-sifra-detzeniuta-commentary-on-sifra-detzeniuta-1-31","","","not_done",""
"shaar-maamarei-rashbi","Sha'ar Ma'amarei Rashbi","Sha'ar Ma'amarei Rashbi, Commentary on Sifra DeTzeniuta 1:32","shaar-maamarei-rashbi-commentary-on-sifra-detzeniuta-commentary-on-sifra-detzeniuta-1-32","","","not_done",""
"shaar-maamarei-rashbi","Sha'ar Ma'amarei Rashbi","Sha'ar Ma'amarei Rashbi, Commentary on Sifra DeTzeniuta 1:33","shaar-maamarei-rashbi-commentary-on-sifra-detzeniuta-commentary-on-sifra-detzeniuta-1-33","","","not_done",""
"shaar-maamarei-rashbi","Sha'ar Ma'amarei Rashbi","Sha'ar Ma'amarei Rashbi, Commentary on Sifra DeTzeniuta 1:34","shaar-maamarei-rashbi-commentary-on-sifra-detzeniuta-commentary-on-sifra-detzeniuta-1-34","","","not_done",""
"shaar-maamarei-rashbi","Sha'ar Ma'amarei Rashbi","Sha'ar Ma'amarei Rashbi, Commentary on Sifra DeTzeniuta 1:35","shaar-maamarei-rashbi-commentary-on-sifra-detzeniuta-commentary-on-sifra-detzeniuta-1-35","","","not_done",""
"shaar-maamarei-rashbi","Sha'ar Ma'amarei Rashbi","Sha'ar Ma'amarei Rashbi, Commentary on Sifra DeTzeniuta 1:36","shaar-maamarei-rashbi-commentary-on-sifra-detzeniuta-commentary-on-sifra-detzeniuta-1-36","","","not_done",""
"shaar-maamarei-rashbi","Sha'ar Ma'amarei Rashbi","Sha'ar Ma'amarei Rashbi, Commentary on Sifra DeTzeniuta 1:37","shaar-maamarei-rashbi-commentary-on-sifra-detzeniuta-commentary-on-sifra-detzeniuta-1-37","","","not_done",""
"shaar-maamarei-rashbi","Sha'ar Ma'amarei Rashbi","Sha'ar Ma'amarei Rashbi, Commentary on Sifra DeTzeniuta 1:38","shaar-maamarei-rashbi-commentary-on-sifra-detzeniuta-commentary-on-sifra-detzeniuta-1-38","","","not_done",""
"shaar-maamarei-rashbi","Sha'ar Ma'amarei Rashbi","Sha'ar Ma'amarei Rashbi, Commentary on Sifra DeTzeniuta 1:39","shaar-maamarei-rashbi-commentary-on-sifra-detzeniuta-commentary-on-sifra-detzeniuta-1-39","","","not_done",""
"shaar-maamarei-rashbi","Sha'ar Ma'amarei Rashbi","Sha'ar Ma'amarei Rashbi, Commentary on Sifra DeTzeniuta 1:40","shaar-maamarei-rashbi-commentary-on-sifra-detzeniuta-commentary-on-sifra-detzeniuta-1-40","","","not_done",""
"shaar-maamarei-rashbi","Sha'ar Ma'amarei Rashbi","Sha'ar Ma'amarei Rashbi, Commentary on Sifra DeTzeniuta 1:41","shaar-maamarei-rashbi-commentary-on-sifra-detzeniuta-commentary-on-sifra-detzeniuta-1-41","","","not_done",""
"shaar-maamarei-rashbi","Sha'ar Ma'amarei Rashbi","Sha'ar Ma'amarei Rashbi, Commentary on Sifra DeTzeniuta 1:42","shaar-maamarei-rashbi-commentary-on-sifra-detzeniuta-commentary-on-sifra-detzeniuta-1-42","","","not_done",""
"shaar-maamarei-rashbi","Sha'ar Ma'amarei Rashbi","Sha'ar Ma'amarei Rashbi, Commentary on Sifra DeTzeniuta 1:43","shaar-maamarei-rashbi-commentary-on-sifra-detzeniuta-commentary-on-sifra-detzeniuta-1-43","","","not_done",""
"shaar-maamarei-rashbi","Sha'ar Ma'amarei Rashbi","Sha'ar Ma'amarei Rashbi, Commentary on Sifra DeTzeniuta 1:44","shaar-maamarei-rashbi-commentary-on-sifra-detzeniuta-commentary-on-sifra-detzeniuta-1-44","","","not_done",""
"shaar-maamarei-rashbi","Sha'ar Ma'amarei Rashbi","Sha'ar Ma'amarei Rashbi, Commentary on Sifra DeTzeniuta 1:45","shaar-maamarei-rashbi-commentary-on-sifra-detzeniuta-commentary-on-sifra-detzeniuta-1-45","","","not_done",""
"shaar-maamarei-rashbi","Sha'ar Ma'amarei Rashbi","Sha'ar Ma'amarei Rashbi, Commentary on Sifra DeTzeniuta 1:46","shaar-maamarei-rashbi-commentary-on-sifra-detzeniuta-commentary-on-sifra-detzeniuta-1-46","","","not_done",""
"shaar-maamarei-rashbi","Sha'ar Ma'amarei Rashbi","Sha'ar Ma'amarei Rashbi, Commentary on Sifra DeTzeniuta 1:47","shaar-maamarei-rashbi-commentary-on-sifra-detzeniuta-commentary-on-sifra-detzeniuta-1-47","","","not_done",""
"shaar-maamarei-rashbi","Sha'ar Ma'amarei Rashbi","Sha'ar Ma'amarei Rashbi, Commentary on Sifra DeTzeniuta 1:48","shaar-maamarei-rashbi-commentary-on-sifra-detzeniuta-commentary-on-sifra-detzeniuta-1-48","","","not_done",""
"shaar-maamarei-rashbi","Sha'ar Ma'amarei Rashbi","Sha'ar Ma'amarei Rashbi, Commentary on Sifra DeTzeniuta 1:49","shaar-maamarei-rashbi-commentary-on-sifra-detzeniuta-commentary-on-sifra-detzeniuta-1-49","","","not_done",""
"shaar-maamarei-rashbi","Sha'ar Ma'amarei Rashbi","Sha'ar Ma'amarei Rashbi, Commentary on Sifra DeTzeniuta 1:50","shaar-maamarei-rashbi-commentary-on-sifra-detzeniuta-commentary-on-sifra-detzeniuta-1-50","","","not_done",""
"shaar-maamarei-rashbi","Sha'ar Ma'amarei Rashbi","Sha'ar Ma'amarei Rashbi, Commentary on Sifra DeTzeniuta 1:51","shaar-maamarei-rashbi-commentary-on-sifra-detzeniuta-commentary-on-sifra-detzeniuta-1-51","","","not_done",""
"shaar-maamarei-rashbi","Sha'ar Ma'amarei Rashbi","Sha'ar Ma'amarei Rashbi, Commentary on Sifra DeTzeniuta 1:52","shaar-maamarei-rashbi-commentary-on-sifra-detzeniuta-commentary-on-sifra-detzeniuta-1-52","","","not_done",""
"shaar-maamarei-rashbi","Sha'ar Ma'amarei Rashbi","Sha'ar Ma'amarei Rashbi, Commentary on Sifra DeTzeniuta 1:53","shaar-maamarei-rashbi-commentary-on-sifra-detzeniuta-commentary-on-sifra-detzeniuta-1-53","","","not_done",""
"shaar-maamarei-rashbi","Sha'ar Ma'amarei Rashbi","Sha'ar Ma'amarei Rashbi, Commentary on Sifra DeTzeniuta 1:54","shaar-maamarei-rashbi-commentary-on-sifra-detzeniuta-commentary-on-sifra-detzeniuta-1-54","","","not_done",""
"shaar-maamarei-rashbi","Sha'ar Ma'amarei Rashbi","Sha'ar Ma'amarei Rashbi, Commentary on Sifra DeTzeniuta 1:55","shaar-maamarei-rashbi-commentary-on-sifra-detzeniuta-commentary-on-sifra-detzeniuta-1-55","","","not_done",""
"shaar-maamarei-rashbi","Sha'ar Ma'amarei Rashbi","Sha'ar Ma'amarei Rashbi, Commentary on Sifra DeTzeniuta 1:56","shaar-maamarei-rashbi-commentary-on-sifra-detzeniuta-commentary-on-sifra-detzeniuta-1-56","","","not_done",""
"shaar-maamarei-rashbi","Sha'ar Ma'amarei Rashbi","Sha'ar Ma'amarei Rashbi, Commentary on Sifra DeTzeniuta 1:57","shaar-maamarei-rashbi-commentary-on-sifra-detzeniuta-commentary-on-sifra-detzeniuta-1-57","","","not_done",""
"shaar-maamarei-rashbi","Sha'ar Ma'amarei Rashbi","Sha'ar Ma'amarei Rashbi, Commentary on Sifra DeTzeniuta 1:58","shaar-maamarei-rashbi-commentary-on-sifra-detzeniuta-commentary-on-sifra-detzeniuta-1-58","","","not_done",""
"shaar-maamarei-rashbi","Sha'ar Ma'amarei Rashbi","Sha'ar Ma'amarei Rashbi, Commentary on Sifra DeTzeniuta 1:59","shaar-maamarei-rashbi-commentary-on-sifra-detzeniuta-commentary-on-sifra-detzeniuta-1-59","","","not_done",""
"shaar-maamarei-rashbi","Sha'ar Ma'amarei Rashbi","Sha'ar Ma'amarei Rashbi, Commentary on Sifra DeTzeniuta 1:60","shaar-maamarei-rashbi-commentary-on-sifra-detzeniuta-commentary-on-sifra-detzeniuta-1-60","","","not_done",""
"shaar-maamarei-rashbi","Sha'ar Ma'amarei Rashbi","Sha'ar Ma'amarei Rashbi, Commentary on Sifra DeTzeniuta 1:61","shaar-maamarei-rashbi-commentary-on-sifra-detzeniuta-commentary-on-sifra-detzeniuta-1-61","","","not_done",""
"shaar-maamarei-rashbi","Sha'ar Ma'amarei Rashbi","Sha'ar Ma'amarei Rashbi, Commentary on Sifra DeTzeniuta 1:62","shaar-maamarei-rashbi-commentary-on-sifra-detzeniuta-commentary-on-sifra-detzeniuta-1-62","","","not_done",""
"shaar-maamarei-rashbi","Sha'ar Ma'amarei Rashbi","Sha'ar Ma'amarei Rashbi, Commentary on Sifra DeTzeniuta 1:63","shaar-maamarei-rashbi-commentary-on-sifra-detzeniuta-commentary-on-sifra-detzeniuta-1-63","","","not_done",""
"shaar-maamarei-rashbi","Sha'ar Ma'amarei Rashbi","Sha'ar Ma'amarei Rashbi, Commentary on Sifra DeTzeniuta 1:64","shaar-maamarei-rashbi-commentary-on-sifra-detzeniuta-commentary-on-sifra-detzeniuta-1-64","","","not_done",""
"shaar-maamarei-rashbi","Sha'ar Ma'amarei Rashbi","Sha'ar Ma'amarei Rashbi, Parashat Tetzaveh:1","shaar-maamarei-rashbi-parashat-tetzaveh-parashat-tetzaveh-1","","","not_done",""
"shaar-maamarei-rashbi","Sha'ar Ma'amarei Rashbi","Sha'ar Ma'amarei Rashbi, Parashat Tetzaveh:2","shaar-maamarei-rashbi-parashat-tetzaveh-parashat-tetzaveh-2","","","not_done",""
"shaar-maamarei-rashbi","Sha'ar Ma'amarei Rashbi","Sha'ar Ma'amarei Rashbi, Parashat Tetzaveh:3","shaar-maamarei-rashbi-parashat-tetzaveh-parashat-tetzaveh-3","","","not_done",""
"shaar-maamarei-rashbi","Sha'ar Ma'amarei Rashbi","Sha'ar Ma'amarei Rashbi, Parashat Tetzaveh:4","shaar-maamarei-rashbi-parashat-tetzaveh-parashat-tetzaveh-4","","","not_done",""
"shaar-maamarei-rashbi","Sha'ar Ma'amarei Rashbi","Sha'ar Ma'amarei Rashbi, Parashat Tetzaveh:5","shaar-maamarei-rashbi-parashat-tetzaveh-parashat-tetzaveh-5","","","not_done",""
"shaar-maamarei-rashbi","Sha'ar Ma'amarei Rashbi","Sha'ar Ma'amarei Rashbi, Parashat Tetzaveh:6","shaar-maamarei-rashbi-parashat-tetzaveh-parashat-tetzaveh-6","","","not_done",""
"shaar-maamarei-rashbi","Sha'ar Ma'amarei Rashbi","Sha'ar Ma'amarei Rashbi, Parashat Tetzaveh:7","shaar-maamarei-rashbi-parashat-tetzaveh-parashat-tetzaveh-7","","","not_done",""
"shaar-maamarei-rashbi","Sha'ar Ma'amarei Rashbi","Sha'ar Ma'amarei Rashbi, Parashat Ki Tissa:1","shaar-maamarei-rashbi-parashat-ki-tissa-parashat-ki-tissa-1","","","not_done",""
"shaar-maamarei-rashbi","Sha'ar Ma'amarei Rashbi","Sha'ar Ma'amarei Rashbi, Parashat Ki Tissa:2","shaar-maamarei-rashbi-parashat-ki-tissa-parashat-ki-tissa-2","","","not_done",""
"shaar-maamarei-rashbi","Sha'ar Ma'amarei Rashbi","Sha'ar Ma'amarei Rashbi, Parashat Ki Tissa:3","shaar-maamarei-rashbi-parashat-ki-tissa-parashat-ki-tissa-3","","","not_done",""
"shaar-maamarei-rashbi","Sha'ar Ma'amarei Rashbi","Sha'ar Ma'amarei Rashbi, Parashat Ki Tissa:4","shaar-maamarei-rashbi-parashat-ki-tissa-parashat-ki-tissa-4","","","not_done",""
"shaar-maamarei-rashbi","Sha'ar Ma'amarei Rashbi","Sha'ar Ma'amarei Rashbi, Parashat Vayakhel:1","shaar-maamarei-rashbi-parashat-vayakhel-parashat-vayakhel-1","","","not_done",""
"shaar-maamarei-rashbi","Sha'ar Ma'amarei Rashbi","Sha'ar Ma'amarei Rashbi, Parashat Vayakhel:2","shaar-maamarei-rashbi-parashat-vayakhel-parashat-vayakhel-2","","","not_done",""
"shaar-maamarei-rashbi","Sha'ar Ma'amarei Rashbi","Sha'ar Ma'amarei Rashbi, Parashat Vayakhel:3","shaar-maamarei-rashbi-parashat-vayakhel-parashat-vayakhel-3","","","not_done",""
"shaar-maamarei-rashbi","Sha'ar Ma'amarei Rashbi","Sha'ar Ma'amarei Rashbi, Parashat Vayakhel:4","shaar-maamarei-rashbi-parashat-vayakhel-parashat-vayakhel-4","","","not_done",""
"shaar-maamarei-rashbi","Sha'ar Ma'amarei Rashbi","Sha'ar Ma'amarei Rashbi, Parashat Vayakhel:5","shaar-maamarei-rashbi-parashat-vayakhel-parashat-vayakhel-5","","","not_done",""
"shaar-maamarei-rashbi","Sha'ar Ma'amarei Rashbi","Sha'ar Ma'amarei Rashbi, Parashat Vayakhel:6","shaar-maamarei-rashbi-parashat-vayakhel-parashat-vayakhel-6","","","not_done",""
"shaar-maamarei-rashbi","Sha'ar Ma'amarei Rashbi","Sha'ar Ma'amarei Rashbi, Parashat Vayakhel:7","shaar-maamarei-rashbi-parashat-vayakhel-parashat-vayakhel-7","","","not_done",""
"shaar-maamarei-rashbi","Sha'ar Ma'amarei Rashbi","Sha'ar Ma'amarei Rashbi, Parashat Pekudei:1","shaar-maamarei-rashbi-parashat-pekudei-parashat-pekudei-1","","","not_done",""
"shaar-maamarei-rashbi","Sha'ar Ma'amarei Rashbi","Sha'ar Ma'amarei Rashbi, Parashat Pekudei:2","shaar-maamarei-rashbi-parashat-pekudei-parashat-pekudei-2","","","not_done",""
"shaar-maamarei-rashbi","Sha'ar Ma'amarei Rashbi","Sha'ar Ma'amarei Rashbi, Parashat Pekudei:3","shaar-maamarei-rashbi-parashat-pekudei-parashat-pekudei-3","","","not_done",""
"shaar-maamarei-rashbi","Sha'ar Ma'amarei Rashbi","Sha'ar Ma'amarei Rashbi, Parashat Pekudei:4","shaar-maamarei-rashbi-parashat-pekudei-parashat-pekudei-4","","","not_done",""
"shaar-maamarei-rashbi","Sha'ar Ma'amarei Rashbi","Sha'ar Ma'amarei Rashbi, Parashat Pekudei:5","shaar-maamarei-rashbi-parashat-pekudei-parashat-pekudei-5","","","not_done",""
"shaar-maamarei-rashbi","Sha'ar Ma'amarei Rashbi","Sha'ar Ma'amarei Rashbi, Parashat Pekudei:6","shaar-maamarei-rashbi-parashat-pekudei-parashat-pekudei-6","","","not_done",""
"shaar-maamarei-rashbi","Sha'ar Ma'amarei Rashbi","Sha'ar Ma'amarei Rashbi, Parashat Pekudei:7","shaar-maamarei-rashbi-parashat-pekudei-parashat-pekudei-7","","","not_done",""
"shaar-maamarei-rashbi","Sha'ar Ma'amarei Rashbi","Sha'ar Ma'amarei Rashbi, Parashat Pekudei:8","shaar-maamarei-rashbi-parashat-pekudei-parashat-pekudei-8","","","not_done",""
"shaar-maamarei-rashbi","Sha'ar Ma'amarei Rashbi","Sha'ar Ma'amarei Rashbi, Parashat Pekudei:9","shaar-maamarei-rashbi-parashat-pekudei-parashat-pekudei-9","","","not_done",""
"shaar-maamarei-rashbi","Sha'ar Ma'amarei Rashbi","Sha'ar Ma'amarei Rashbi, Parashat Pekudei:10","shaar-maamarei-rashbi-parashat-pekudei-parashat-pekudei-10","","","not_done",""
"shaar-maamarei-rashbi","Sha'ar Ma'amarei Rashbi","Sha'ar Ma'amarei Rashbi, Parashat Pekudei:11","shaar-maamarei-rashbi-parashat-pekudei-parashat-pekudei-11","","","not_done",""
"shaar-maamarei-rashbi","Sha'ar Ma'amarei Rashbi","Sha'ar Ma'amarei Rashbi, Parashat Pekudei:12","shaar-maamarei-rashbi-parashat-pekudei-parashat-pekudei-12","","","not_done",""
"shaar-maamarei-rashbi","Sha'ar Ma'amarei Rashbi","Sha'ar Ma'amarei Rashbi, Parashat Pekudei:13","shaar-maamarei-rashbi-parashat-pekudei-parashat-pekudei-13","","","not_done",""
"shaar-maamarei-rashbi","Sha'ar Ma'amarei Rashbi","Sha'ar Ma'amarei Rashbi, Parashat Pekudei:14","shaar-maamarei-rashbi-parashat-pekudei-parashat-pekudei-14","","","not_done",""
"shaar-maamarei-rashbi","Sha'ar Ma'amarei Rashbi","Sha'ar Ma'amarei Rashbi, Parashat Pekudei:15","shaar-maamarei-rashbi-parashat-pekudei-parashat-pekudei-15","","","not_done",""
"shaar-maamarei-rashbi","Sha'ar Ma'amarei Rashbi","Sha'ar Ma'amarei Rashbi, Parashat Pekudei:16","shaar-maamarei-rashbi-parashat-pekudei-parashat-pekudei-16","","","not_done",""
"shaar-maamarei-rashbi","Sha'ar Ma'amarei Rashbi","Sha'ar Ma'amarei Rashbi, Parashat Pekudei:17","shaar-maamarei-rashbi-parashat-pekudei-parashat-pekudei-17","","","not_done",""
"shaar-maamarei-rashbi","Sha'ar Ma'amarei Rashbi","Sha'ar Ma'amarei Rashbi, Parashat Pekudei:18","shaar-maamarei-rashbi-parashat-pekudei-parashat-pekudei-18","","","not_done",""
"shaar-maamarei-rashbi","Sha'ar Ma'amarei Rashbi","Sha'ar Ma'amarei Rashbi, Parashat Pekudei:19","shaar-maamarei-rashbi-parashat-pekudei-parashat-pekudei-19","","","not_done",""
"shaar-maamarei-rashbi","Sha'ar Ma'amarei Rashbi","Sha'ar Ma'amarei Rashbi, Parashat Pekudei:20","shaar-maamarei-rashbi-parashat-pekudei-parashat-pekudei-20","","","not_done",""
"shaar-maamarei-rashbi","Sha'ar Ma'amarei Rashbi","Sha'ar Ma'amarei Rashbi, Parashat Pekudei:21","shaar-maamarei-rashbi-parashat-pekudei-parashat-pekudei-21","","","not_done",""
"shaar-maamarei-rashbi","Sha'ar Ma'amarei Rashbi","Sha'ar Ma'amarei Rashbi, Parashat Pekudei:22","shaar-maamarei-rashbi-parashat-pekudei-parashat-pekudei-22","","","not_done",""
"shaar-maamarei-rashbi","Sha'ar Ma'amarei Rashbi","Sha'ar Ma'amarei Rashbi, Parashat Pekudei:23","shaar-maamarei-rashbi-parashat-pekudei-parashat-pekudei-23","","","not_done",""
"shaar-maamarei-rashbi","Sha'ar Ma'amarei Rashbi","Sha'ar Ma'amarei Rashbi, Parashat Vayikra:1","shaar-maamarei-rashbi-parashat-vayikra-parashat-vayikra-1","","","not_done",""
"shaar-maamarei-rashbi","Sha'ar Ma'amarei Rashbi","Sha'ar Ma'amarei Rashbi, Parashat Vayikra:2","shaar-maamarei-rashbi-parashat-vayikra-parashat-vayikra-2","","","not_done",""
"shaar-maamarei-rashbi","Sha'ar Ma'amarei Rashbi","Sha'ar Ma'amarei Rashbi, Parashat Vayikra:3","shaar-maamarei-rashbi-parashat-vayikra-parashat-vayikra-3","","","not_done",""
"shaar-maamarei-rashbi","Sha'ar Ma'amarei Rashbi","Sha'ar Ma'amarei Rashbi, Parashat Vayikra:4","shaar-maamarei-rashbi-parashat-vayikra-parashat-vayikra-4","","","not_done",""
"shaar-maamarei-rashbi","Sha'ar Ma'amarei Rashbi","Sha'ar Ma'amarei Rashbi, Parashat Tzav:1","shaar-maamarei-rashbi-parashat-tzav-parashat-tzav-1","","","not_done",""
"shaar-maamarei-rashbi","Sha'ar Ma'amarei Rashbi","Sha'ar Ma'amarei Rashbi, Parashat Tazria:1","shaar-maamarei-rashbi-parashat-tazria-parashat-tazria-1","","","not_done",""
"shaar-maamarei-rashbi","Sha'ar Ma'amarei Rashbi","Sha'ar Ma'amarei Rashbi, Parashat Acharei Mot:1","shaar-maamarei-rashbi-parashat-acharei-mot-parashat-acharei-mot-1","","","not_done",""
"shaar-maamarei-rashbi","Sha'ar Ma'amarei Rashbi","Sha'ar Ma'amarei Rashbi, Parashat Acharei Mot:2","shaar-maamarei-rashbi-parashat-acharei-mot-parashat-acharei-mot-2","","","not_done",""
"shaar-maamarei-rashbi","Sha'ar Ma'amarei Rashbi","Sha'ar Ma'amarei Rashbi, Parashat Acharei Mot:3","shaar-maamarei-rashbi-parashat-acharei-mot-parashat-acharei-mot-3","","","not_done",""
"shaar-maamarei-rashbi","Sha'ar Ma'amarei Rashbi","Sha'ar Ma'amarei Rashbi, Parashat Acharei Mot:4","shaar-maamarei-rashbi-parashat-acharei-mot-parashat-acharei-mot-4","","","not_done",""
"shaar-maamarei-rashbi","Sha'ar Ma'amarei Rashbi","Sha'ar Ma'amarei Rashbi, Parashat Kedoshim:1","shaar-maamarei-rashbi-parashat-kedoshim-parashat-kedoshim-1","","","not_done",""
"shaar-maamarei-rashbi","Sha'ar Ma'amarei Rashbi","Sha'ar Ma'amarei Rashbi, Parashat Kedoshim:2","shaar-maamarei-rashbi-parashat-kedoshim-parashat-kedoshim-2","","","not_done",""
"shaar-maamarei-rashbi","Sha'ar Ma'amarei Rashbi","Sha'ar Ma'amarei Rashbi, Parashat Kedoshim:3","shaar-maamarei-rashbi-parashat-kedoshim-parashat-kedoshim-3","","","not_done",""
"shaar-maamarei-rashbi","Sha'ar Ma'amarei Rashbi","Sha'ar Ma'amarei Rashbi, Parashat Kedoshim:4","shaar-maamarei-rashbi-parashat-kedoshim-parashat-kedoshim-4","","","not_done",""
"shaar-maamarei-rashbi","Sha'ar Ma'amarei Rashbi","Sha'ar Ma'amarei Rashbi, Parashat Kedoshim:5","shaar-maamarei-rashbi-parashat-kedoshim-parashat-kedoshim-5","","","not_done",""
"shaar-maamarei-rashbi","Sha'ar Ma'amarei Rashbi","Sha'ar Ma'amarei Rashbi, Parashat Kedoshim:6","shaar-maamarei-rashbi-parashat-kedoshim-parashat-kedoshim-6","","","not_done",""
"shaar-maamarei-rashbi","Sha'ar Ma'amarei Rashbi","Sha'ar Ma'amarei Rashbi, Parashat Kedoshim:7","shaar-maamarei-rashbi-parashat-kedoshim-parashat-kedoshim-7","","","not_done",""
"shaar-maamarei-rashbi","Sha'ar Ma'amarei Rashbi","Sha'ar Ma'amarei Rashbi, Parashat Kedoshim:8","shaar-maamarei-rashbi-parashat-kedoshim-parashat-kedoshim-8","","","not_done",""
"shaar-maamarei-rashbi","Sha'ar Ma'amarei Rashbi","Sha'ar Ma'amarei Rashbi, Parashat Kedoshim:9","shaar-maamarei-rashbi-parashat-kedoshim-parashat-kedoshim-9","","","not_done",""
"shaar-maamarei-rashbi","Sha'ar Ma'amarei Rashbi","Sha'ar Ma'amarei Rashbi, Parashat Kedoshim:10","shaar-maamarei-rashbi-parashat-kedoshim-parashat-kedoshim-10","","","not_done",""
"shaar-maamarei-rashbi","Sha'ar Ma'amarei Rashbi","Sha'ar Ma'amarei Rashbi, Parashat Kedoshim:11","shaar-maamarei-rashbi-parashat-kedoshim-parashat-kedoshim-11","","","not_done",""
"shaar-maamarei-rashbi","Sha'ar Ma'amarei Rashbi","Sha'ar Ma'amarei Rashbi, Parashat Kedoshim:12","shaar-maamarei-rashbi-parashat-kedoshim-parashat-kedoshim-12","","","not_done",""
"shaar-maamarei-rashbi","Sha'ar Ma'amarei Rashbi","Sha'ar Ma'amarei Rashbi, Parashat Kedoshim:13","shaar-maamarei-rashbi-parashat-kedoshim-parashat-kedoshim-13","","","not_done",""
"shaar-maamarei-rashbi","Sha'ar Ma'amarei Rashbi","Sha'ar Ma'amarei Rashbi, Parashat Emor:1","shaar-maamarei-rashbi-parashat-emor-parashat-emor-1","","","not_done",""
"shaar-maamarei-rashbi","Sha'ar Ma'amarei Rashbi","Sha'ar Ma'amarei Rashbi, Parashat Behar:1","shaar-maamarei-rashbi-parashat-behar-parashat-behar-1","","","not_done",""
"shaar-maamarei-rashbi","Sha'ar Ma'amarei Rashbi","Sha'ar Ma'amarei Rashbi, Parashat Bamidbar:1","shaar-maamarei-rashbi-parashat-bamidbar-parashat-bamidbar-1","","","not_done",""
"shaar-maamarei-rashbi","Sha'ar Ma'amarei Rashbi","Sha'ar Ma'amarei Rashbi, Parashat Naso:1","shaar-maamarei-rashbi-parashat-naso-parashat-naso-1","","","not_done",""
"shaar-maamarei-rashbi","Sha'ar Ma'amarei Rashbi","Sha'ar Ma'amarei Rashbi, Parashat Naso:2","shaar-maamarei-rashbi-parashat-naso-parashat-naso-2","","","not_done",""
"shaar-maamarei-rashbi","Sha'ar Ma'amarei Rashbi","Sha'ar Ma'amarei Rashbi, Parashat Naso:3","shaar-maamarei-rashbi-parashat-naso-parashat-naso-3","","","not_done",""
"shaar-maamarei-rashbi","Sha'ar Ma'amarei Rashbi","Sha'ar Ma'amarei Rashbi, Parashat Naso:4","shaar-maamarei-rashbi-parashat-naso-parashat-naso-4","","","not_done",""
"shaar-maamarei-rashbi","Sha'ar Ma'amarei Rashbi","Sha'ar Ma'amarei Rashbi, Parashat Naso:5","shaar-maamarei-rashbi-parashat-naso-parashat-naso-5","","","not_done",""
"shaar-maamarei-rashbi","Sha'ar Ma'amarei Rashbi","Sha'ar Ma'amarei Rashbi, Parashat Naso:6","shaar-maamarei-rashbi-parashat-naso-parashat-naso-6","","","not_done",""
"shaar-maamarei-rashbi","Sha'ar Ma'amarei Rashbi","Sha'ar Ma'amarei Rashbi, Parashat Naso:7","shaar-maamarei-rashbi-parashat-naso-parashat-naso-7","","","not_done",""
"shaar-maamarei-rashbi","Sha'ar Ma'amarei Rashbi","Sha'ar Ma'amarei Rashbi, Parashat Naso:8","shaar-maamarei-rashbi-parashat-naso-parashat-naso-8","","","not_done",""
"shaar-maamarei-rashbi","Sha'ar Ma'amarei Rashbi","Sha'ar Ma'amarei Rashbi, Commentary on the Holy Idra Rabba:1","shaar-maamarei-rashbi-commentary-on-the-holy-idra-rabba-commentary-on-the-holy-idra-rabba-1","","","not_done",""
"shaar-maamarei-rashbi","Sha'ar Ma'amarei Rashbi","Sha'ar Ma'amarei Rashbi, Commentary on the Holy Idra Rabba:2","shaar-maamarei-rashbi-commentary-on-the-holy-idra-rabba-commentary-on-the-holy-idra-rabba-2","","","not_done",""
"shaar-maamarei-rashbi","Sha'ar Ma'amarei Rashbi","Sha'ar Ma'amarei Rashbi, Commentary on the Holy Idra Rabba:3","shaar-maamarei-rashbi-commentary-on-the-holy-idra-rabba-commentary-on-the-holy-idra-rabba-3","","","not_done",""
"shaar-maamarei-rashbi","Sha'ar Ma'amarei Rashbi","Sha'ar Ma'amarei Rashbi, Commentary on the Holy Idra Rabba:4","shaar-maamarei-rashbi-commentary-on-the-holy-idra-rabba-commentary-on-the-holy-idra-rabba-4","","","not_done",""
"shaar-maamarei-rashbi","Sha'ar Ma'amarei Rashbi","Sha'ar Ma'amarei Rashbi, Commentary on the Holy Idra Rabba:5","shaar-maamarei-rashbi-commentary-on-the-holy-idra-rabba-commentary-on-the-holy-idra-rabba-5","","","not_done",""
"shaar-maamarei-rashbi","Sha'ar Ma'amarei Rashbi","Sha'ar Ma'amarei Rashbi, Commentary on the Holy Idra Rabba:6","shaar-maamarei-rashbi-commentary-on-the-holy-idra-rabba-commentary-on-the-holy-idra-rabba-6","","","not_done",""
"shaar-maamarei-rashbi","Sha'ar Ma'amarei Rashbi","Sha'ar Ma'amarei Rashbi, Commentary on the Holy Idra Rabba:7","shaar-maamarei-rashbi-commentary-on-the-holy-idra-rabba-commentary-on-the-holy-idra-rabba-7","","","not_done",""
"shaar-maamarei-rashbi","Sha'ar Ma'amarei Rashbi","Sha'ar Ma'amarei Rashbi, Commentary on the Holy Idra Rabba:8","shaar-maamarei-rashbi-commentary-on-the-holy-idra-rabba-commentary-on-the-holy-idra-rabba-8","","","not_done",""
"shaar-maamarei-rashbi","Sha'ar Ma'amarei Rashbi","Sha'ar Ma'amarei Rashbi, Commentary on the Holy Idra Rabba:9","shaar-maamarei-rashbi-commentary-on-the-holy-idra-rabba-commentary-on-the-holy-idra-rabba-9","","","not_done",""
"shaar-maamarei-rashbi","Sha'ar Ma'amarei Rashbi","Sha'ar Ma'amarei Rashbi, Commentary on the Holy Idra Rabba:10","shaar-maamarei-rashbi-commentary-on-the-holy-idra-rabba-commentary-on-the-holy-idra-rabba-10","","","not_done",""
"shaar-maamarei-rashbi","Sha'ar Ma'amarei Rashbi","Sha'ar Ma'amarei Rashbi, Commentary on the Holy Idra Rabba:11","shaar-maamarei-rashbi-commentary-on-the-holy-idra-rabba-commentary-on-the-holy-idra-rabba-11","","","not_done",""
"shaar-maamarei-rashbi","Sha'ar Ma'amarei Rashbi","Sha'ar Ma'amarei Rashbi, Commentary on the Holy Idra Rabba:12","shaar-maamarei-rashbi-commentary-on-the-holy-idra-rabba-commentary-on-the-holy-idra-rabba-12","","","not_done",""
"shaar-maamarei-rashbi","Sha'ar Ma'amarei Rashbi","Sha'ar Ma'amarei Rashbi, Commentary on the Holy Idra Rabba:13","shaar-maamarei-rashbi-commentary-on-the-holy-idra-rabba-commentary-on-the-holy-idra-rabba-13","","","not_done",""
"shaar-maamarei-rashbi","Sha'ar Ma'amarei Rashbi","Sha'ar Ma'amarei Rashbi, Commentary on the Holy Idra Rabba:14","shaar-maamarei-rashbi-commentary-on-the-holy-idra-rabba-commentary-on-the-holy-idra-rabba-14","","","not_done",""
"shaar-maamarei-rashbi","Sha'ar Ma'amarei Rashbi","Sha'ar Ma'amarei Rashbi, Commentary on the Holy Idra Rabba:15","shaar-maamarei-rashbi-commentary-on-the-holy-idra-rabba-commentary-on-the-holy-idra-rabba-15","","","not_done",""
"shaar-maamarei-rashbi","Sha'ar Ma'amarei Rashbi","Sha'ar Ma'amarei Rashbi, Commentary on the Holy Idra Rabba:16","shaar-maamarei-rashbi-commentary-on-the-holy-idra-rabba-commentary-on-the-holy-idra-rabba-16","","","not_done",""
"shaar-maamarei-rashbi","Sha'ar Ma'amarei Rashbi","Sha'ar Ma'amarei Rashbi, Commentary on the Holy Idra Rabba:17","shaar-maamarei-rashbi-commentary-on-the-holy-idra-rabba-commentary-on-the-holy-idra-rabba-17","","","not_done",""
"shaar-maamarei-rashbi","Sha'ar Ma'amarei Rashbi","Sha'ar Ma'amarei Rashbi, Commentary on the Holy Idra Rabba:18","shaar-maamarei-rashbi-commentary-on-the-holy-idra-rabba-commentary-on-the-holy-idra-rabba-18","","","not_done",""
"shaar-maamarei-rashbi","Sha'ar Ma'amarei Rashbi","Sha'ar Ma'amarei Rashbi, Commentary on the Holy Idra Rabba:19","shaar-maamarei-rashbi-commentary-on-the-holy-idra-rabba-commentary-on-the-holy-idra-rabba-19","","","not_done",""
"shaar-maamarei-rashbi","Sha'ar Ma'amarei Rashbi","Sha'ar Ma'amarei Rashbi, Commentary on the Holy Idra Rabba:20","shaar-maamarei-rashbi-commentary-on-the-holy-idra-rabba-commentary-on-the-holy-idra-rabba-20","","","not_done",""
"shaar-maamarei-rashbi","Sha'ar Ma'amarei Rashbi","Sha'ar Ma'amarei Rashbi, Commentary on the Holy Idra Rabba:21","shaar-maamarei-rashbi-commentary-on-the-holy-idra-rabba-commentary-on-the-holy-idra-rabba-21","","","not_done",""
"shaar-maamarei-rashbi","Sha'ar Ma'amarei Rashbi","Sha'ar Ma'amarei Rashbi, Commentary on the Holy Idra Rabba:22","shaar-maamarei-rashbi-commentary-on-the-holy-idra-rabba-commentary-on-the-holy-idra-rabba-22","","","not_done",""
"shaar-maamarei-rashbi","Sha'ar Ma'amarei Rashbi","Sha'ar Ma'amarei Rashbi, Commentary on the Holy Idra Rabba:23","shaar-maamarei-rashbi-commentary-on-the-holy-idra-rabba-commentary-on-the-holy-idra-rabba-23","","","not_done",""
"shaar-maamarei-rashbi","Sha'ar Ma'amarei Rashbi","Sha'ar Ma'amarei Rashbi, Commentary on the Holy Idra Rabba:24","shaar-maamarei-rashbi-commentary-on-the-holy-idra-rabba-commentary-on-the-holy-idra-rabba-24","","","not_done",""
"shaar-maamarei-rashbi","Sha'ar Ma'amarei Rashbi","Sha'ar Ma'amarei Rashbi, Commentary on the Holy Idra Rabba:25","shaar-maamarei-rashbi-commentary-on-the-holy-idra-rabba-commentary-on-the-holy-idra-rabba-25","","","not_done",""
"shaar-maamarei-rashbi","Sha'ar Ma'amarei Rashbi","Sha'ar Ma'amarei Rashbi, Commentary on the Holy Idra Rabba:26","shaar-maamarei-rashbi-commentary-on-the-holy-idra-rabba-commentary-on-the-holy-idra-rabba-26","","","not_done",""
"shaar-maamarei-rashbi","Sha'ar Ma'amarei Rashbi","Sha'ar Ma'amarei Rashbi, Commentary on the Holy Idra Rabba:27","shaar-maamarei-rashbi-commentary-on-the-holy-idra-rabba-commentary-on-the-holy-idra-rabba-27","","","not_done",""
"shaar-maamarei-rashbi","Sha'ar Ma'amarei Rashbi","Sha'ar Ma'amarei Rashbi, Commentary on the Holy Idra Rabba:28","shaar-maamarei-rashbi-commentary-on-the-holy-idra-rabba-commentary-on-the-holy-idra-rabba-28","","","not_done",""
"shaar-maamarei-rashbi","Sha'ar Ma'amarei Rashbi","Sha'ar Ma'amarei Rashbi, Commentary on the Holy Idra Rabba:29","shaar-maamarei-rashbi-commentary-on-the-holy-idra-rabba-commentary-on-the-holy-idra-rabba-29","","","not_done",""
"shaar-maamarei-rashbi","Sha'ar Ma'amarei Rashbi","Sha'ar Ma'amarei Rashbi, Commentary on the Holy Idra Rabba:30","shaar-maamarei-rashbi-commentary-on-the-holy-idra-rabba-commentary-on-the-holy-idra-rabba-30","","","not_done",""
"shaar-maamarei-rashbi","Sha'ar Ma'amarei Rashbi","Sha'ar Ma'amarei Rashbi, Commentary on the Holy Idra Rabba:31","shaar-maamarei-rashbi-commentary-on-the-holy-idra-rabba-commentary-on-the-holy-idra-rabba-31","","","not_done",""
"shaar-maamarei-rashbi","Sha'ar Ma'amarei Rashbi","Sha'ar Ma'amarei Rashbi, Commentary on the Holy Idra Rabba:32","shaar-maamarei-rashbi-commentary-on-the-holy-idra-rabba-commentary-on-the-holy-idra-rabba-32","","","not_done",""
"shaar-maamarei-rashbi","Sha'ar Ma'amarei Rashbi","Sha'ar Ma'amarei Rashbi, Commentary on the Holy Idra Rabba:33","shaar-maamarei-rashbi-commentary-on-the-holy-idra-rabba-commentary-on-the-holy-idra-rabba-33","","","not_done",""
"shaar-maamarei-rashbi","Sha'ar Ma'amarei Rashbi","Sha'ar Ma'amarei Rashbi, Commentary on the Holy Idra Rabba:34","shaar-maamarei-rashbi-commentary-on-the-holy-idra-rabba-commentary-on-the-holy-idra-rabba-34","","","not_done",""
"shaar-maamarei-rashbi","Sha'ar Ma'amarei Rashbi","Sha'ar Ma'amarei Rashbi, Commentary on the Holy Idra Rabba:35","shaar-maamarei-rashbi-commentary-on-the-holy-idra-rabba-commentary-on-the-holy-idra-rabba-35","","","not_done",""
"shaar-maamarei-rashbi","Sha'ar Ma'amarei Rashbi","Sha'ar Ma'amarei Rashbi, Commentary on the Holy Idra Rabba:36","shaar-maamarei-rashbi-commentary-on-the-holy-idra-rabba-commentary-on-the-holy-idra-rabba-36","","","not_done",""
"shaar-maamarei-rashbi","Sha'ar Ma'amarei Rashbi","Sha'ar Ma'amarei Rashbi, Commentary on the Holy Idra Rabba:37","shaar-maamarei-rashbi-commentary-on-the-holy-idra-rabba-commentary-on-the-holy-idra-rabba-37","","","not_done",""
"shaar-maamarei-rashbi","Sha'ar Ma'amarei Rashbi","Sha'ar Ma'amarei Rashbi, Commentary on the Holy Idra Rabba:38","shaar-maamarei-rashbi-commentary-on-the-holy-idra-rabba-commentary-on-the-holy-idra-rabba-38","","","not_done",""
"shaar-maamarei-rashbi","Sha'ar Ma'amarei Rashbi","Sha'ar Ma'amarei Rashbi, Commentary on the Holy Idra Rabba:39","shaar-maamarei-rashbi-commentary-on-the-holy-idra-rabba-commentary-on-the-holy-idra-rabba-39","","","not_done",""
"shaar-maamarei-rashbi","Sha'ar Ma'amarei Rashbi","Sha'ar Ma'amarei Rashbi, Commentary on the Holy Idra Rabba:40","shaar-maamarei-rashbi-commentary-on-the-holy-idra-rabba-commentary-on-the-holy-idra-rabba-40","","","not_done",""
"shaar-maamarei-rashbi","Sha'ar Ma'amarei Rashbi","Sha'ar Ma'amarei Rashbi, Commentary on the Holy Idra Rabba:41","shaar-maamarei-rashbi-commentary-on-the-holy-idra-rabba-commentary-on-the-holy-idra-rabba-41","","","not_done",""
"shaar-maamarei-rashbi","Sha'ar Ma'amarei Rashbi","Sha'ar Ma'amarei Rashbi, Commentary on the Holy Idra Rabba:42","shaar-maamarei-rashbi-commentary-on-the-holy-idra-rabba-commentary-on-the-holy-idra-rabba-42","","","not_done",""
"shaar-maamarei-rashbi","Sha'ar Ma'amarei Rashbi","Sha'ar Ma'amarei Rashbi, Commentary on the Holy Idra Rabba:43","shaar-maamarei-rashbi-commentary-on-the-holy-idra-rabba-commentary-on-the-holy-idra-rabba-43","","","not_done",""
"shaar-maamarei-rashbi","Sha'ar Ma'amarei Rashbi","Sha'ar Ma'amarei Rashbi, Commentary on the Holy Idra Rabba:44","shaar-maamarei-rashbi-commentary-on-the-holy-idra-rabba-commentary-on-the-holy-idra-rabba-44","","","not_done",""
"shaar-maamarei-rashbi","Sha'ar Ma'amarei Rashbi","Sha'ar Ma'amarei Rashbi, Commentary on the Holy Idra Rabba:45","shaar-maamarei-rashbi-commentary-on-the-holy-idra-rabba-commentary-on-the-holy-idra-rabba-45","","","not_done",""
"shaar-maamarei-rashbi","Sha'ar Ma'amarei Rashbi","Sha'ar Ma'amarei Rashbi, Commentary on the Holy Idra Rabba:46","shaar-maamarei-rashbi-commentary-on-the-holy-idra-rabba-commentary-on-the-holy-idra-rabba-46","","","not_done",""
"shaar-maamarei-rashbi","Sha'ar Ma'amarei Rashbi","Sha'ar Ma'amarei Rashbi, Commentary on the Holy Idra Rabba:47","shaar-maamarei-rashbi-commentary-on-the-holy-idra-rabba-commentary-on-the-holy-idra-rabba-47","","","not_done",""
"shaar-maamarei-rashbi","Sha'ar Ma'amarei Rashbi","Sha'ar Ma'amarei Rashbi, Commentary on the Holy Idra Rabba:48","shaar-maamarei-rashbi-commentary-on-the-holy-idra-rabba-commentary-on-the-holy-idra-rabba-48","","","not_done",""
"shaar-maamarei-rashbi","Sha'ar Ma'amarei Rashbi","Sha'ar Ma'amarei Rashbi, Commentary on the Holy Idra Rabba:49","shaar-maamarei-rashbi-commentary-on-the-holy-idra-rabba-commentary-on-the-holy-idra-rabba-49","","","not_done",""
"shaar-maamarei-rashbi","Sha'ar Ma'amarei Rashbi","Sha'ar Ma'amarei Rashbi, Commentary on the Holy Idra Rabba:50","shaar-maamarei-rashbi-commentary-on-the-holy-idra-rabba-commentary-on-the-holy-idra-rabba-50","","","not_done",""
"shaar-maamarei-rashbi","Sha'ar Ma'amarei Rashbi","Sha'ar Ma'amarei Rashbi, Commentary on the Holy Idra Rabba:51","shaar-maamarei-rashbi-commentary-on-the-holy-idra-rabba-commentary-on-the-holy-idra-rabba-51","","","not_done",""
"shaar-maamarei-rashbi","Sha'ar Ma'amarei Rashbi","Sha'ar Ma'amarei Rashbi, Commentary on the Holy Idra Rabba:52","shaar-maamarei-rashbi-commentary-on-the-holy-idra-rabba-commentary-on-the-holy-idra-rabba-52","","","not_done",""
"shaar-maamarei-rashbi","Sha'ar Ma'amarei Rashbi","Sha'ar Ma'amarei Rashbi, Commentary on the Holy Idra Rabba:53","shaar-maamarei-rashbi-commentary-on-the-holy-idra-rabba-commentary-on-the-holy-idra-rabba-53","","","not_done",""
"shaar-maamarei-rashbi","Sha'ar Ma'amarei Rashbi","Sha'ar Ma'amarei Rashbi, Commentary on the Holy Idra Rabba:54","shaar-maamarei-rashbi-commentary-on-the-holy-idra-rabba-commentary-on-the-holy-idra-rabba-54","","","not_done",""
"shaar-maamarei-rashbi","Sha'ar Ma'amarei Rashbi","Sha'ar Ma'amarei Rashbi, Commentary on the Holy Idra Rabba:55","shaar-maamarei-rashbi-commentary-on-the-holy-idra-rabba-commentary-on-the-holy-idra-rabba-55","","","not_done",""
"shaar-maamarei-rashbi","Sha'ar Ma'amarei Rashbi","Sha'ar Ma'amarei Rashbi, Commentary on the Holy Idra Rabba:56","shaar-maamarei-rashbi-commentary-on-the-holy-idra-rabba-commentary-on-the-holy-idra-rabba-56","","","not_done",""
"shaar-maamarei-rashbi","Sha'ar Ma'amarei Rashbi","Sha'ar Ma'amarei Rashbi, Commentary on the Holy Idra Rabba:57","shaar-maamarei-rashbi-commentary-on-the-holy-idra-rabba-commentary-on-the-holy-idra-rabba-57","","","not_done",""
"shaar-maamarei-rashbi","Sha'ar Ma'amarei Rashbi","Sha'ar Ma'amarei Rashbi, Commentary on the Holy Idra Rabba:58","shaar-maamarei-rashbi-commentary-on-the-holy-idra-rabba-commentary-on-the-holy-idra-rabba-58","","","not_done",""
"shaar-maamarei-rashbi","Sha'ar Ma'amarei Rashbi","Sha'ar Ma'amarei Rashbi, Commentary on the Holy Idra Rabba:59","shaar-maamarei-rashbi-commentary-on-the-holy-idra-rabba-commentary-on-the-holy-idra-rabba-59","","","not_done",""
"shaar-maamarei-rashbi","Sha'ar Ma'amarei Rashbi","Sha'ar Ma'amarei Rashbi, Commentary on the Holy Idra Rabba:60","shaar-maamarei-rashbi-commentary-on-the-holy-idra-rabba-commentary-on-the-holy-idra-rabba-60","","","not_done",""
"shaar-maamarei-rashbi","Sha'ar Ma'amarei Rashbi","Sha'ar Ma'amarei Rashbi, Commentary on the Holy Idra Rabba:61","shaar-maamarei-rashbi-commentary-on-the-holy-idra-rabba-commentary-on-the-holy-idra-rabba-61","","","not_done",""
"shaar-maamarei-rashbi","Sha'ar Ma'amarei Rashbi","Sha'ar Ma'amarei Rashbi, Commentary on the Holy Idra Rabba:62","shaar-maamarei-rashbi-commentary-on-the-holy-idra-rabba-commentary-on-the-holy-idra-rabba-62","","","not_done",""
"shaar-maamarei-rashbi","Sha'ar Ma'amarei Rashbi","Sha'ar Ma'amarei Rashbi, Commentary on the Holy Idra Rabba:63","shaar-maamarei-rashbi-commentary-on-the-holy-idra-rabba-commentary-on-the-holy-idra-rabba-63","","","not_done",""
"shaar-maamarei-rashbi","Sha'ar Ma'amarei Rashbi","Sha'ar Ma'amarei Rashbi, Commentary on the Holy Idra Rabba:64","shaar-maamarei-rashbi-commentary-on-the-holy-idra-rabba-commentary-on-the-holy-idra-rabba-64","","","not_done",""
"shaar-maamarei-rashbi","Sha'ar Ma'amarei Rashbi","Sha'ar Ma'amarei Rashbi, Commentary on the Holy Idra Rabba:65","shaar-maamarei-rashbi-commentary-on-the-holy-idra-rabba-commentary-on-the-holy-idra-rabba-65","","","not_done",""
"shaar-maamarei-rashbi","Sha'ar Ma'amarei Rashbi","Sha'ar Ma'amarei Rashbi, Commentary on the Holy Idra Rabba:66","shaar-maamarei-rashbi-commentary-on-the-holy-idra-rabba-commentary-on-the-holy-idra-rabba-66","","","not_done",""
"shaar-maamarei-rashbi","Sha'ar Ma'amarei Rashbi","Sha'ar Ma'amarei Rashbi, Commentary on the Holy Idra Rabba:67","shaar-maamarei-rashbi-commentary-on-the-holy-idra-rabba-commentary-on-the-holy-idra-rabba-67","","","not_done",""
"shaar-maamarei-rashbi","Sha'ar Ma'amarei Rashbi","Sha'ar Ma'amarei Rashbi, Commentary on the Holy Idra Rabba:68","shaar-maamarei-rashbi-commentary-on-the-holy-idra-rabba-commentary-on-the-holy-idra-rabba-68","","","not_done",""
"shaar-maamarei-rashbi","Sha'ar Ma'amarei Rashbi","Sha'ar Ma'amarei Rashbi, Commentary on the Holy Idra Rabba:69","shaar-maamarei-rashbi-commentary-on-the-holy-idra-rabba-commentary-on-the-holy-idra-rabba-69","","","not_done",""
"shaar-maamarei-rashbi","Sha'ar Ma'amarei Rashbi","Sha'ar Ma'amarei Rashbi, Commentary on the Holy Idra Rabba:70","shaar-maamarei-rashbi-commentary-on-the-holy-idra-rabba-commentary-on-the-holy-idra-rabba-70","","","not_done",""
"shaar-maamarei-rashbi","Sha'ar Ma'amarei Rashbi","Sha'ar Ma'amarei Rashbi, Commentary on the Holy Idra Rabba:71","shaar-maamarei-rashbi-commentary-on-the-holy-idra-rabba-commentary-on-the-holy-idra-rabba-71","","","not_done",""
"shaar-maamarei-rashbi","Sha'ar Ma'amarei Rashbi","Sha'ar Ma'amarei Rashbi, Commentary on the Holy Idra Rabba:72","shaar-maamarei-rashbi-commentary-on-the-holy-idra-rabba-commentary-on-the-holy-idra-rabba-72","","","not_done",""
"shaar-maamarei-rashbi","Sha'ar Ma'amarei Rashbi","Sha'ar Ma'amarei Rashbi, Parashat Beha'alotecha:1","shaar-maamarei-rashbi-parashat-behaalotecha-parashat-behaalotecha-1","","","not_done",""
"shaar-maamarei-rashbi","Sha'ar Ma'amarei Rashbi","Sha'ar Ma'amarei Rashbi, Parashat Shelach Lecha:1","shaar-maamarei-rashbi-parashat-shelach-lecha-parashat-shelach-lecha-1","","","not_done",""
"shaar-maamarei-rashbi","Sha'ar Ma'amarei Rashbi","Sha'ar Ma'amarei Rashbi, Parashat Shelach Lecha:2","shaar-maamarei-rashbi-parashat-shelach-lecha-parashat-shelach-lecha-2","","","not_done",""
"shaar-maamarei-rashbi","Sha'ar Ma'amarei Rashbi","Sha'ar Ma'amarei Rashbi, Parashat Shelach Lecha:3","shaar-maamarei-rashbi-parashat-shelach-lecha-parashat-shelach-lecha-3","","","not_done",""
"shaar-maamarei-rashbi","Sha'ar Ma'amarei Rashbi","Sha'ar Ma'amarei Rashbi, Parashat Balak:1","shaar-maamarei-rashbi-parashat-balak-parashat-balak-1","","","not_done",""
"shaar-maamarei-rashbi","Sha'ar Ma'amarei Rashbi","Sha'ar Ma'amarei Rashbi, Parashat Balak:2","shaar-maamarei-rashbi-parashat-balak-parashat-balak-2","","","not_done",""
"shaar-maamarei-rashbi","Sha'ar Ma'amarei Rashbi","Sha'ar Ma'amarei Rashbi, Parashat Balak:3","shaar-maamarei-rashbi-parashat-balak-parashat-balak-3","","","not_done",""
"shaar-maamarei-rashbi","Sha'ar Ma'amarei Rashbi","Sha'ar Ma'amarei Rashbi, Parashat Balak:4","shaar-maamarei-rashbi-parashat-balak-parashat-balak-4","","","not_done",""
"shaar-maamarei-rashbi","Sha'ar Ma'amarei Rashbi","Sha'ar Ma'amarei Rashbi, Parashat Balak:5","shaar-maamarei-rashbi-parashat-balak-parashat-balak-5","","","not_done",""
"shaar-maamarei-rashbi","Sha'ar Ma'amarei Rashbi","Sha'ar Ma'amarei Rashbi, Parashat Balak:6","shaar-maamarei-rashbi-parashat-balak-parashat-balak-6","","","not_done",""
"shaar-maamarei-rashbi","Sha'ar Ma'amarei Rashbi","Sha'ar Ma'amarei Rashbi, Parashat Balak:7","shaar-maamarei-rashbi-parashat-balak-parashat-balak-7","","","not_done",""
"shaar-maamarei-rashbi","Sha'ar Ma'amarei Rashbi","Sha'ar Ma'amarei Rashbi, Parashat Balak:8","shaar-maamarei-rashbi-parashat-balak-parashat-balak-8","","","not_done",""
"shaar-maamarei-rashbi","Sha'ar Ma'amarei Rashbi","Sha'ar Ma'amarei Rashbi, Parashat Pinchas:1","shaar-maamarei-rashbi-parashat-pinchas-parashat-pinchas-1","","","not_done",""
"shaar-maamarei-rashbi","Sha'ar Ma'amarei Rashbi","Sha'ar Ma'amarei Rashbi, Parashat Pinchas:2","shaar-maamarei-rashbi-parashat-pinchas-parashat-pinchas-2","","","not_done",""
"shaar-maamarei-rashbi","Sha'ar Ma'amarei Rashbi","Sha'ar Ma'amarei Rashbi, Parashat Pinchas:3","shaar-maamarei-rashbi-parashat-pinchas-parashat-pinchas-3","","","not_done",""
"shaar-maamarei-rashbi","Sha'ar Ma'amarei Rashbi","Sha'ar Ma'amarei Rashbi, Parashat Pinchas:4","shaar-maamarei-rashbi-parashat-pinchas-parashat-pinchas-4","","","not_done",""
"shaar-maamarei-rashbi","Sha'ar Ma'amarei Rashbi","Sha'ar Ma'amarei Rashbi, Parashat Vaetchanan:1","shaar-maamarei-rashbi-parashat-vaetchanan-parashat-vaetchanan-1","","","not_done",""
"shaar-maamarei-rashbi","Sha'ar Ma'amarei Rashbi","Sha'ar Ma'amarei Rashbi, Parashat Vaetchanan:2","shaar-maamarei-rashbi-parashat-vaetchanan-parashat-vaetchanan-2","","","not_done",""
"shaar-maamarei-rashbi","Sha'ar Ma'amarei Rashbi","Sha'ar Ma'amarei Rashbi, Parashat Vaetchanan:3","shaar-maamarei-rashbi-parashat-vaetchanan-parashat-vaetchanan-3","","","not_done",""
"shaar-maamarei-rashbi","Sha'ar Ma'amarei Rashbi","Sha'ar Ma'amarei Rashbi, Parashat Vaetchanan:4","shaar-maamarei-rashbi-parashat-vaetchanan-parashat-vaetchanan-4","","","not_done",""
"shaar-maamarei-rashbi","Sha'ar Ma'amarei Rashbi","Sha'ar Ma'amarei Rashbi, Parashat Vaetchanan:5","shaar-maamarei-rashbi-parashat-vaetchanan-parashat-vaetchanan-5","","","not_done",""
"shaar-maamarei-rashbi","Sha'ar Ma'amarei Rashbi","Sha'ar Ma'amarei Rashbi, Parashat Vaetchanan:6","shaar-maamarei-rashbi-parashat-vaetchanan-parashat-vaetchanan-6","","","not_done",""
"shaar-maamarei-rashbi","Sha'ar Ma'amarei Rashbi","Sha'ar Ma'amarei Rashbi, Parashat Eikev:1","shaar-maamarei-rashbi-parashat-eikev-parashat-eikev-1","","","not_done",""
"shaar-maamarei-rashbi","Sha'ar Ma'amarei Rashbi","Sha'ar Ma'amarei Rashbi, Parashat Tetzei:1","shaar-maamarei-rashbi-parashat-tetzei-parashat-tetzei-1","","","not_done",""
"shaar-maamarei-rashbi","Sha'ar Ma'amarei Rashbi","Sha'ar Ma'amarei Rashbi, Parashat Tetzei:2","shaar-maamarei-rashbi-parashat-tetzei-parashat-tetzei-2","","","not_done",""
"shaar-maamarei-rashbi","Sha'ar Ma'amarei Rashbi","Sha'ar Ma'amarei Rashbi, Parashat Vayelech:1","shaar-maamarei-rashbi-parashat-vayelech-parashat-vayelech-1","","","not_done",""
"shaar-maamarei-rashbi","Sha'ar Ma'amarei Rashbi","Sha'ar Ma'amarei Rashbi, Parashat Vayelech:2","shaar-maamarei-rashbi-parashat-vayelech-parashat-vayelech-2","","","not_done",""
"shaar-maamarei-rashbi","Sha'ar Ma'amarei Rashbi","Sha'ar Ma'amarei Rashbi, Parashat Ha'azinu:1","shaar-maamarei-rashbi-parashat-haazinu-parashat-haazinu-1","","","not_done",""
"shaar-maamarei-rashbi","Sha'ar Ma'amarei Rashbi","Sha'ar Ma'amarei Rashbi, Commentary on the Idra Zuta Kaddisha:1","shaar-maamarei-rashbi-commentary-on-the-idra-zuta-kaddisha-commentary-on-the-idra-zuta-kaddisha-1","","","not_done",""
"shaar-maamarei-rashbi","Sha'ar Ma'amarei Rashbi","Sha'ar Ma'amarei Rashbi, Commentary on the Idra Zuta Kaddisha:2","shaar-maamarei-rashbi-commentary-on-the-idra-zuta-kaddisha-commentary-on-the-idra-zuta-kaddisha-2","","","not_done",""
"shaar-maamarei-rashbi","Sha'ar Ma'amarei Rashbi","Sha'ar Ma'amarei Rashbi, Commentary on the Idra Zuta Kaddisha:3","shaar-maamarei-rashbi-commentary-on-the-idra-zuta-kaddisha-commentary-on-the-idra-zuta-kaddisha-3","","","not_done",""
"shaar-maamarei-rashbi","Sha'ar Ma'amarei Rashbi","Sha'ar Ma'amarei Rashbi, Commentary on the Idra Zuta Kaddisha:4","shaar-maamarei-rashbi-commentary-on-the-idra-zuta-kaddisha-commentary-on-the-idra-zuta-kaddisha-4","","","not_done",""
"shaar-maamarei-rashbi","Sha'ar Ma'amarei Rashbi","Sha'ar Ma'amarei Rashbi, Commentary on the Idra Zuta Kaddisha:5","shaar-maamarei-rashbi-commentary-on-the-idra-zuta-kaddisha-commentary-on-the-idra-zuta-kaddisha-5","","","not_done",""
"shaar-maamarei-rashbi","Sha'ar Ma'amarei Rashbi","Sha'ar Ma'amarei Rashbi, Commentary on the Idra Zuta Kaddisha:6","shaar-maamarei-rashbi-commentary-on-the-idra-zuta-kaddisha-commentary-on-the-idra-zuta-kaddisha-6","","","not_done",""
"shaar-maamarei-rashbi","Sha'ar Ma'amarei Rashbi","Sha'ar Ma'amarei Rashbi, Commentary on the Idra Zuta Kaddisha:7","shaar-maamarei-rashbi-commentary-on-the-idra-zuta-kaddisha-commentary-on-the-idra-zuta-kaddisha-7","","","not_done",""
"shaar-maamarei-rashbi","Sha'ar Ma'amarei Rashbi","Sha'ar Ma'amarei Rashbi, Commentary on the Idra Zuta Kaddisha:8","shaar-maamarei-rashbi-commentary-on-the-idra-zuta-kaddisha-commentary-on-the-idra-zuta-kaddisha-8","","","not_done",""
"shaar-maamarei-rashbi","Sha'ar Ma'amarei Rashbi","Sha'ar Ma'amarei Rashbi, Commentary on the Idra Zuta Kaddisha:9","shaar-maamarei-rashbi-commentary-on-the-idra-zuta-kaddisha-commentary-on-the-idra-zuta-kaddisha-9","","","not_done",""
"shaar-maamarei-rashbi","Sha'ar Ma'amarei Rashbi","Sha'ar Ma'amarei Rashbi, Commentary on the Idra Zuta Kaddisha:10","shaar-maamarei-rashbi-commentary-on-the-idra-zuta-kaddisha-commentary-on-the-idra-zuta-kaddisha-10","","","not_done",""
"shaar-maamarei-rashbi","Sha'ar Ma'amarei Rashbi","Sha'ar Ma'amarei Rashbi, Commentary on the Idra Zuta Kaddisha:11","shaar-maamarei-rashbi-commentary-on-the-idra-zuta-kaddisha-commentary-on-the-idra-zuta-kaddisha-11","","","not_done",""
"shaar-maamarei-rashbi","Sha'ar Ma'amarei Rashbi","Sha'ar Ma'amarei Rashbi, Commentary on the Idra Zuta Kaddisha:12","shaar-maamarei-rashbi-commentary-on-the-idra-zuta-kaddisha-commentary-on-the-idra-zuta-kaddisha-12","","","not_done",""
"shaar-maamarei-rashbi","Sha'ar Ma'amarei Rashbi","Sha'ar Ma'amarei Rashbi, Commentary on the Idra Zuta Kaddisha:13","shaar-maamarei-rashbi-commentary-on-the-idra-zuta-kaddisha-commentary-on-the-idra-zuta-kaddisha-13","","","not_done",""
"shaar-maamarei-rashbi","Sha'ar Ma'amarei Rashbi","Sha'ar Ma'amarei Rashbi, Commentary on the Idra Zuta Kaddisha:14","shaar-maamarei-rashbi-commentary-on-the-idra-zuta-kaddisha-commentary-on-the-idra-zuta-kaddisha-14","","","not_done",""
"shaar-maamarei-rashbi","Sha'ar Ma'amarei Rashbi","Sha'ar Ma'amarei Rashbi, Commentary on the Idra Zuta Kaddisha:15","shaar-maamarei-rashbi-commentary-on-the-idra-zuta-kaddisha-commentary-on-the-idra-zuta-kaddisha-15","","","not_done",""
"shaar-maamarei-rashbi","Sha'ar Ma'amarei Rashbi","Sha'ar Ma'amarei Rashbi, Commentary on the Idra Zuta Kaddisha:16","shaar-maamarei-rashbi-commentary-on-the-idra-zuta-kaddisha-commentary-on-the-idra-zuta-kaddisha-16","","","not_done",""
"shaar-maamarei-rashbi","Sha'ar Ma'amarei Rashbi","Sha'ar Ma'amarei Rashbi, Commentary on the Idra Zuta Kaddisha:17","shaar-maamarei-rashbi-commentary-on-the-idra-zuta-kaddisha-commentary-on-the-idra-zuta-kaddisha-17","","","not_done",""
"shaar-maamarei-rashbi","Sha'ar Ma'amarei Rashbi","Sha'ar Ma'amarei Rashbi, Commentary on the Idra Zuta Kaddisha:18","shaar-maamarei-rashbi-commentary-on-the-idra-zuta-kaddisha-commentary-on-the-idra-zuta-kaddisha-18","","","not_done",""
"shaar-maamarei-rashbi","Sha'ar Ma'amarei Rashbi","Sha'ar Ma'amarei Rashbi, Commentary on the Idra Zuta Kaddisha:19","shaar-maamarei-rashbi-commentary-on-the-idra-zuta-kaddisha-commentary-on-the-idra-zuta-kaddisha-19","","","not_done",""
"shaar-maamarei-rashbi","Sha'ar Ma'amarei Rashbi","Sha'ar Ma'amarei Rashbi, Commentary on the Idra Zuta Kaddisha:20","shaar-maamarei-rashbi-commentary-on-the-idra-zuta-kaddisha-commentary-on-the-idra-zuta-kaddisha-20","","","not_done",""
"shaar-maamarei-rashbi","Sha'ar Ma'amarei Rashbi","Sha'ar Ma'amarei Rashbi, Commentary on the Idra Zuta Kaddisha:21","shaar-maamarei-rashbi-commentary-on-the-idra-zuta-kaddisha-commentary-on-the-idra-zuta-kaddisha-21","","","not_done",""
"shaar-maamarei-rashbi","Sha'ar Ma'amarei Rashbi","Sha'ar Ma'amarei Rashbi, Commentary on the Idra Zuta Kaddisha:22","shaar-maamarei-rashbi-commentary-on-the-idra-zuta-kaddisha-commentary-on-the-idra-zuta-kaddisha-22","","","not_done",""
"shaar-maamarei-rashbi","Sha'ar Ma'amarei Rashbi","Sha'ar Ma'amarei Rashbi, Commentary on the Idra Zuta Kaddisha:23","shaar-maamarei-rashbi-commentary-on-the-idra-zuta-kaddisha-commentary-on-the-idra-zuta-kaddisha-23","","","not_done",""
"shaar-maamarei-rashbi","Sha'ar Ma'amarei Rashbi","Sha'ar Ma'amarei Rashbi, Commentary on the Idra Zuta Kaddisha:24","shaar-maamarei-rashbi-commentary-on-the-idra-zuta-kaddisha-commentary-on-the-idra-zuta-kaddisha-24","","","not_done",""
"shaar-maamarei-rashbi","Sha'ar Ma'amarei Rashbi","Sha'ar Ma'amarei Rashbi, Commentary on the Idra Zuta Kaddisha:25","shaar-maamarei-rashbi-commentary-on-the-idra-zuta-kaddisha-commentary-on-the-idra-zuta-kaddisha-25","","","not_done",""
"shaar-maamarei-rashbi","Sha'ar Ma'amarei Rashbi","Sha'ar Ma'amarei Rashbi, Commentary on the Idra Zuta Kaddisha:26","shaar-maamarei-rashbi-commentary-on-the-idra-zuta-kaddisha-commentary-on-the-idra-zuta-kaddisha-26","","","not_done",""
"shaar-maamarei-rashbi","Sha'ar Ma'amarei Rashbi","Sha'ar Ma'amarei Rashbi, Commentary on the Idra Zuta Kaddisha:27","shaar-maamarei-rashbi-commentary-on-the-idra-zuta-kaddisha-commentary-on-the-idra-zuta-kaddisha-27","","","not_done",""
"shaar-maamarei-rashbi","Sha'ar Ma'amarei Rashbi","Sha'ar Ma'amarei Rashbi, Commentary on the Idra Zuta Kaddisha:28","shaar-maamarei-rashbi-commentary-on-the-idra-zuta-kaddisha-commentary-on-the-idra-zuta-kaddisha-28","","","not_done",""
"shaar-maamarei-rashbi","Sha'ar Ma'amarei Rashbi","Sha'ar Ma'amarei Rashbi, Commentary on the Idra Zuta Kaddisha:29","shaar-maamarei-rashbi-commentary-on-the-idra-zuta-kaddisha-commentary-on-the-idra-zuta-kaddisha-29","","","not_done",""
"shaar-maamarei-rashbi","Sha'ar Ma'amarei Rashbi","Sha'ar Ma'amarei Rashbi, Commentary on the Idra Zuta Kaddisha:30","shaar-maamarei-rashbi-commentary-on-the-idra-zuta-kaddisha-commentary-on-the-idra-zuta-kaddisha-30","","","not_done",""
"shaar-maamarei-rashbi","Sha'ar Ma'amarei Rashbi","Sha'ar Ma'amarei Rashbi, Commentary on the Idra Zuta Kaddisha:31","shaar-maamarei-rashbi-commentary-on-the-idra-zuta-kaddisha-commentary-on-the-idra-zuta-kaddisha-31","","","not_done",""
"shaar-maamarei-rashbi","Sha'ar Ma'amarei Rashbi","Sha'ar Ma'amarei Rashbi, Commentary on the Idra Zuta Kaddisha:32","shaar-maamarei-rashbi-commentary-on-the-idra-zuta-kaddisha-commentary-on-the-idra-zuta-kaddisha-32","","","not_done",""
"shaar-maamarei-rashbi","Sha'ar Ma'amarei Rashbi","Sha'ar Ma'amarei Rashbi, Commentary on the Idra Zuta Kaddisha:33","shaar-maamarei-rashbi-commentary-on-the-idra-zuta-kaddisha-commentary-on-the-idra-zuta-kaddisha-33","","","not_done",""
"shaar-maamarei-rashbi","Sha'ar Ma'amarei Rashbi","Sha'ar Ma'amarei Rashbi, Commentary on the Idra Zuta Kaddisha:34","shaar-maamarei-rashbi-commentary-on-the-idra-zuta-kaddisha-commentary-on-the-idra-zuta-kaddisha-34","","","not_done",""
"shaar-maamarei-rashbi","Sha'ar Ma'amarei Rashbi","Sha'ar Ma'amarei Rashbi, Commentary on the Idra Zuta Kaddisha:35","shaar-maamarei-rashbi-commentary-on-the-idra-zuta-kaddisha-commentary-on-the-idra-zuta-kaddisha-35","","","not_done",""
"shaar-maamarei-rashbi","Sha'ar Ma'amarei Rashbi","Sha'ar Ma'amarei Rashbi, Commentary on the Idra Zuta Kaddisha:36","shaar-maamarei-rashbi-commentary-on-the-idra-zuta-kaddisha-commentary-on-the-idra-zuta-kaddisha-36","","","not_done",""
"shaar-maamarei-rashbi","Sha'ar Ma'amarei Rashbi","Sha'ar Ma'amarei Rashbi, Commentary on the Idra Zuta Kaddisha:37","shaar-maamarei-rashbi-commentary-on-the-idra-zuta-kaddisha-commentary-on-the-idra-zuta-kaddisha-37","","","not_done",""
"shaar-maamarei-rashbi","Sha'ar Ma'amarei Rashbi","Sha'ar Ma'amarei Rashbi, Commentary on the Idra Zuta Kaddisha:38","shaar-maamarei-rashbi-commentary-on-the-idra-zuta-kaddisha-commentary-on-the-idra-zuta-kaddisha-38","","","not_done",""
"shaar-maamarei-rashbi","Sha'ar Ma'amarei Rashbi","Sha'ar Ma'amarei Rashbi, Commentary on the Idra Zuta Kaddisha:39","shaar-maamarei-rashbi-commentary-on-the-idra-zuta-kaddisha-commentary-on-the-idra-zuta-kaddisha-39","","","not_done",""
"shaar-maamarei-rashbi","Sha'ar Ma'amarei Rashbi","Sha'ar Ma'amarei Rashbi, Commentary on the Idra Zuta Kaddisha:40","shaar-maamarei-rashbi-commentary-on-the-idra-zuta-kaddisha-commentary-on-the-idra-zuta-kaddisha-40","","","not_done",""
"shaar-maamarei-rashbi","Sha'ar Ma'amarei Rashbi","Sha'ar Ma'amarei Rashbi, Commentary on the Idra Zuta Kaddisha:41","shaar-maamarei-rashbi-commentary-on-the-idra-zuta-kaddisha-commentary-on-the-idra-zuta-kaddisha-41","","","not_done",""
"shaar-maamarei-rashbi","Sha'ar Ma'amarei Rashbi","Sha'ar Ma'amarei Rashbi, Commentary on the Idra Zuta Kaddisha:42","shaar-maamarei-rashbi-commentary-on-the-idra-zuta-kaddisha-commentary-on-the-idra-zuta-kaddisha-42","","","not_done",""
"shaar-maamarei-rashbi","Sha'ar Ma'amarei Rashbi","Sha'ar Ma'amarei Rashbi, Commentary on the Idra Zuta Kaddisha:43","shaar-maamarei-rashbi-commentary-on-the-idra-zuta-kaddisha-commentary-on-the-idra-zuta-kaddisha-43","","","not_done",""
"shaar-maamarei-rashbi","Sha'ar Ma'amarei Rashbi","Sha'ar Ma'amarei Rashbi, Commentary on the Idra Zuta Kaddisha:44","shaar-maamarei-rashbi-commentary-on-the-idra-zuta-kaddisha-commentary-on-the-idra-zuta-kaddisha-44","","","not_done",""
"shaar-maamarei-rashbi","Sha'ar Ma'amarei Rashbi","Sha'ar Ma'amarei Rashbi, Commentary on the Idra Zuta Kaddisha:45","shaar-maamarei-rashbi-commentary-on-the-idra-zuta-kaddisha-commentary-on-the-idra-zuta-kaddisha-45","","","not_done",""
"shaar-maamarei-rashbi","Sha'ar Ma'amarei Rashbi","Sha'ar Ma'amarei Rashbi, Commentary on the Idra Zuta Kaddisha:46","shaar-maamarei-rashbi-commentary-on-the-idra-zuta-kaddisha-commentary-on-the-idra-zuta-kaddisha-46","","","not_done",""
"shaar-maamarei-rashbi","Sha'ar Ma'amarei Rashbi","Sha'ar Ma'amarei Rashbi, Commentary on the Idra Zuta Kaddisha:47","shaar-maamarei-rashbi-commentary-on-the-idra-zuta-kaddisha-commentary-on-the-idra-zuta-kaddisha-47","","","not_done",""
"shaar-maamarei-rashbi","Sha'ar Ma'amarei Rashbi","Sha'ar Ma'amarei Rashbi, Commentary on the Idra Zuta Kaddisha:48","shaar-maamarei-rashbi-commentary-on-the-idra-zuta-kaddisha-commentary-on-the-idra-zuta-kaddisha-48","","","not_done",""
"shaar-maamarei-rashbi","Sha'ar Ma'amarei Rashbi","Sha'ar Ma'amarei Rashbi, Commentary on the Idra Zuta Kaddisha:49","shaar-maamarei-rashbi-commentary-on-the-idra-zuta-kaddisha-commentary-on-the-idra-zuta-kaddisha-49","","","not_done",""
"shaar-maamarei-rashbi","Sha'ar Ma'amarei Rashbi","Sha'ar Ma'amarei Rashbi, Commentary on the Idra Zuta Kaddisha:50","shaar-maamarei-rashbi-commentary-on-the-idra-zuta-kaddisha-commentary-on-the-idra-zuta-kaddisha-50","","","not_done",""
"shaar-maamarei-rashbi","Sha'ar Ma'amarei Rashbi","Sha'ar Ma'amarei Rashbi, Commentary on the Idra Zuta Kaddisha:51","shaar-maamarei-rashbi-commentary-on-the-idra-zuta-kaddisha-commentary-on-the-idra-zuta-kaddisha-51","","","not_done",""
"shaar-maamarei-rashbi","Sha'ar Ma'amarei Rashbi","Sha'ar Ma'amarei Rashbi, Commentary on the Idra Zuta Kaddisha:52","shaar-maamarei-rashbi-commentary-on-the-idra-zuta-kaddisha-commentary-on-the-idra-zuta-kaddisha-52","","","not_done",""
"shaar-maamarei-rashbi","Sha'ar Ma'amarei Rashbi","Sha'ar Ma'amarei Rashbi, Commentary on the Idra Zuta Kaddisha:53","shaar-maamarei-rashbi-commentary-on-the-idra-zuta-kaddisha-commentary-on-the-idra-zuta-kaddisha-53","","","not_done",""
"shaar-maamarei-rashbi","Sha'ar Ma'amarei Rashbi","Sha'ar Ma'amarei Rashbi, Commentary on the Idra Zuta Kaddisha:54","shaar-maamarei-rashbi-commentary-on-the-idra-zuta-kaddisha-commentary-on-the-idra-zuta-kaddisha-54","","","not_done",""
"shaar-maamarei-rashbi","Sha'ar Ma'amarei Rashbi","Sha'ar Ma'amarei Rashbi, Commentary on the Idra Zuta Kaddisha:55","shaar-maamarei-rashbi-commentary-on-the-idra-zuta-kaddisha-commentary-on-the-idra-zuta-kaddisha-55","","","not_done",""
"shaar-maamarei-rashbi","Sha'ar Ma'amarei Rashbi","Sha'ar Ma'amarei Rashbi, Commentary on the Idra Zuta Kaddisha:56","shaar-maamarei-rashbi-commentary-on-the-idra-zuta-kaddisha-commentary-on-the-idra-zuta-kaddisha-56","","","not_done",""
"shaar-maamarei-rashbi","Sha'ar Ma'amarei Rashbi","Sha'ar Ma'amarei Rashbi, Commentary on the Idra Zuta Kaddisha:57","shaar-maamarei-rashbi-commentary-on-the-idra-zuta-kaddisha-commentary-on-the-idra-zuta-kaddisha-57","","","not_done",""
"shaar-maamarei-rashbi","Sha'ar Ma'amarei Rashbi","Sha'ar Ma'amarei Rashbi, Commentary on the Idra Zuta Kaddisha:58","shaar-maamarei-rashbi-commentary-on-the-idra-zuta-kaddisha-commentary-on-the-idra-zuta-kaddisha-58","","","not_done",""
"shaar-maamarei-rashbi","Sha'ar Ma'amarei Rashbi","Sha'ar Ma'amarei Rashbi, Commentary on the Idra Zuta Kaddisha:59","shaar-maamarei-rashbi-commentary-on-the-idra-zuta-kaddisha-commentary-on-the-idra-zuta-kaddisha-59","","","not_done",""
"shaar-maamarei-rashbi","Sha'ar Ma'amarei Rashbi","Sha'ar Ma'amarei Rashbi, Commentary on the Book of Yetzirah:1","shaar-maamarei-rashbi-commentary-on-the-book-of-yetzirah-commentary-on-the-book-of-yetzirah-1","","","not_done",""
"shaar-maamarei-rashbi","Sha'ar Ma'amarei Rashbi","Sha'ar Ma'amarei Rashbi, Commentary on the Book of Yetzirah:2","shaar-maamarei-rashbi-commentary-on-the-book-of-yetzirah-commentary-on-the-book-of-yetzirah-2","","","not_done",""
"shaar-maamarei-rashbi","Sha'ar Ma'amarei Rashbi","Sha'ar Ma'amarei Rashbi, Commentary on the Book of Yetzirah:3","shaar-maamarei-rashbi-commentary-on-the-book-of-yetzirah-commentary-on-the-book-of-yetzirah-3","","","not_done",""
"shaar-maamarei-rashbi","Sha'ar Ma'amarei Rashbi","Sha'ar Ma'amarei Rashbi, Commentary on the Chapter of Song:1","shaar-maamarei-rashbi-commentary-on-the-chapter-of-song-commentary-on-the-chapter-of-song-1","","","not_done",""
"shaar-maamarei-rashbi","Sha'ar Ma'amarei Rashbi","Sha'ar Ma'amarei Rashbi, Commentary on the Chapter of Song:2","shaar-maamarei-rashbi-commentary-on-the-chapter-of-song-commentary-on-the-chapter-of-song-2","","","not_done",""
"shaar-maamarei-rashbi","Sha'ar Ma'amarei Rashbi","Sha'ar Ma'amarei Rashbi, Commentary on the Chapter of Song:3","shaar-maamarei-rashbi-commentary-on-the-chapter-of-song-commentary-on-the-chapter-of-song-3","","","not_done",""
"shaar-maamarei-rashbi","Sha'ar Ma'amarei Rashbi","Sha'ar Ma'amarei Rashbi, Commentary on the Chapter of Song:4","shaar-maamarei-rashbi-commentary-on-the-chapter-of-song-commentary-on-the-chapter-of-song-4","","","not_done",""
"shaar-maamarei-rashbi","Sha'ar Ma'amarei Rashbi","Sha'ar Ma'amarei Rashbi, Commentary on the Zohar Song of Songs:1","shaar-maamarei-rashbi-commentary-on-the-zohar-song-of-songs-commentary-on-the-zohar-song-of-songs-1","","","not_done",""
"shaar-maamarei-rashbi","Sha'ar Ma'amarei Rashbi","Sha'ar Ma'amarei Rashbi, Commentary on the Zohar Song of Songs:2","shaar-maamarei-rashbi-commentary-on-the-zohar-song-of-songs-commentary-on-the-zohar-song-of-songs-2","","","not_done",""
"shaar-maamarei-rashbi","Sha'ar Ma'amarei Rashbi","Sha'ar Ma'amarei Rashbi, Commentary on the Zohar Song of Songs:3","shaar-maamarei-rashbi-commentary-on-the-zohar-song-of-songs-commentary-on-the-zohar-song-of-songs-3","","","not_done",""
"shaar-maamarei-rashbi","Sha'ar Ma'amarei Rashbi","Sha'ar Ma'amarei Rashbi, Commentary on the Zohar Song of Songs:4","shaar-maamarei-rashbi-commentary-on-the-zohar-song-of-songs-commentary-on-the-zohar-song-of-songs-4","","","not_done",""
"shaar-maamarei-rashbi","Sha'ar Ma'amarei Rashbi","Sha'ar Ma'amarei Rashbi, Commentary on the Zohar Song of Songs:5","shaar-maamarei-rashbi-commentary-on-the-zohar-song-of-songs-commentary-on-the-zohar-song-of-songs-5","","","not_done",""
"shaar-maamarei-rashbi","Sha'ar Ma'amarei Rashbi","Sha'ar Ma'amarei Rashbi, Commentary on the Zohar Song of Songs:6","shaar-maamarei-rashbi-commentary-on-the-zohar-song-of-songs-commentary-on-the-zohar-song-of-songs-6","","","not_done",""
"shaar-maamarei-rashbi","Sha'ar Ma'amarei Rashbi","Sha'ar Ma'amarei Rashbi, Commentary on the Zohar Song of Songs:7","shaar-maamarei-rashbi-commentary-on-the-zohar-song-of-songs-commentary-on-the-zohar-song-of-songs-7","","","not_done",""
"shaar-maamarei-rashbi","Sha'ar Ma'amarei Rashbi","Sha'ar Ma'amarei Rashbi, Commentary on the Zohar Song of Songs:8","shaar-maamarei-rashbi-commentary-on-the-zohar-song-of-songs-commentary-on-the-zohar-song-of-songs-8","","","not_done",""
"shaar-maamarei-rashbi","Sha'ar Ma'amarei Rashbi","Sha'ar Ma'amarei Rashbi, Commentary on the Zohar Song of Songs:9","shaar-maamarei-rashbi-commentary-on-the-zohar-song-of-songs-commentary-on-the-zohar-song-of-songs-9","","","not_done",""
"shaar-maamarei-rashbi","Sha'ar Ma'amarei Rashbi","Sha'ar Ma'amarei Rashbi, Commentary on the Zohar Song of Songs:10","shaar-maamarei-rashbi-commentary-on-the-zohar-song-of-songs-commentary-on-the-zohar-song-of-songs-10","","","not_done",""
"shaar-maamarei-rashbi","Sha'ar Ma'amarei Rashbi","Sha'ar Ma'amarei Rashbi, Commentary on the Zohar Song of Songs:11","shaar-maamarei-rashbi-commentary-on-the-zohar-song-of-songs-commentary-on-the-zohar-song-of-songs-11","","","not_done",""
"shaar-maamarei-rashbi","Sha'ar Ma'amarei Rashbi","Sha'ar Ma'amarei Rashbi, Commentary on the Zohar Song of Songs:12","shaar-maamarei-rashbi-commentary-on-the-zohar-song-of-songs-commentary-on-the-zohar-song-of-songs-12","","","not_done",""
"shaar-maamarei-rashbi","Sha'ar Ma'amarei Rashbi","Sha'ar Ma'amarei Rashbi, Commentary on the Zohar Song of Songs:13","shaar-maamarei-rashbi-commentary-on-the-zohar-song-of-songs-commentary-on-the-zohar-song-of-songs-13","","","not_done",""
"shaar-maamarei-rashbi","Sha'ar Ma'amarei Rashbi","Sha'ar Ma'amarei Rashbi, Omission:1","shaar-maamarei-rashbi-omission-omission-1","","","not_done",""
"shaar-maamarei-rashbi","Sha'ar Ma'amarei Rashbi","Sha'ar Ma'amarei Rashbi, Omission:2","shaar-maamarei-rashbi-omission-omission-2","","","not_done",""
"shaar-maamarei-rashbi","Sha'ar Ma'amarei Rashbi","Sha'ar Ma'amarei Rashbi, Omission:3","shaar-maamarei-rashbi-omission-omission-3","","","not_done",""
"shaar-maamarei-rashbi","Sha'ar Ma'amarei Rashbi","Sha'ar Ma'amarei Rashbi, Omission:4","shaar-maamarei-rashbi-omission-omission-4","","","not_done",""
"shaar-maamarei-rashbi","Sha'ar Ma'amarei Rashbi","Sha'ar Ma'amarei Rashbi, Omission:5","shaar-maamarei-rashbi-omission-omission-5","","","not_done",""
"shaar-maamarei-rashbi","Sha'ar Ma'amarei Rashbi","Sha'ar Ma'amarei Rashbi, Omission:6","shaar-maamarei-rashbi-omission-omission-6","","","not_done",""
